Num_Acc,jour,mois,an,hrmn,lum,dep,com,agg,int,atm,col,adr,lat,long,Num_Acc,id_vehicule,num_veh,senc,catv,obs,obsm,choc,manv,motor,occutc,Num_Acc,id_vehicule,num_veh,place,catu,grav,sexe,an_nais,trajet,secu1,secu2,secu3,locp,actp,etatp,Num_Acc,catr,voie,v1,v2,circ,nbv,vosp,prof,pr,pr1,plan,lartpc,larrout,surf,infra,situ,vma
201900000735,20,9,2019,22:40:00,5,59,59512,2,6,1,1,"AVELGHEM (RUE D')","50,6946874","3,1949066",201900000735,138 305 193,B01,3,1,0,0,0,0,5,NULL,201900000735,138 305 194,A01,1,1,4,1,1996,0,1,0,-1,-1," -1",-1,201900000735,4,NULL,0,NULL,-1,1,1,1,0,0,1,NULL,NULL,1,0,1,50
201900000740,19,9,2019,17:15:00,1,56,56121,2,2,1,3,"Rue Louis Guiguen","47,7557400"," -3,3548100",201900000740,138 305 185,B01,2,1,0,2,8,1,5,NULL,201900000740,138 305 184,A01,1,1,1,2,1987,5,1,8,-1,-1,0,-1,201900000740,4,"Rue de Melun",0,NULL,2,2,2,1,(1),(1),1,NULL,NULL,1,0,1,30
201900000740,19,9,2019,17:15:00,1,56,56121,2,2,1,3,"Rue Louis Guiguen","47,7557400"," -3,3548100",201900000740,138 305 185,B01,2,1,0,2,8,1,5,NULL,201900000740,138 305 185,B01,1,1,4,1,1963,0,2,0,-1,-1,0,-1,201900000740,4,"Rue de Melun",0,NULL,2,2,2,1,(1),(1),1,NULL,NULL,1,0,1,30
201900000750,18,9,2019,18:50:00,1,41,41018,2,1,1,3,"D 766","47,5827000","1,2976000",201900000750,138 305 165,B01,1,1,0,2,1,19,5,NULL,201900000750,138 305 164,A01,1,1,1,1,1963,1,1,8,-1,0," -1",-1,201900000750,3,766,0,NULL,2,2,0,1,2,788,1,NULL,NULL,1,5,1,50
201900000750,18,9,2019,18:50:00,1,41,41018,2,1,1,3,"D 766","47,5827000","1,2976000",201900000750,138 305 165,B01,1,1,0,2,1,19,5,NULL,201900000750,138 305 165,B01,1,1,4,1,1988,1,8,0,-1,-1," -1",-1,201900000750,3,766,0,NULL,2,2,0,1,2,788,1,NULL,NULL,1,5,1,50
201900000764,20,9,2019,14:20:00,1,33,33550,2,1,1,3,"CHEM DE LEYSOTTE","44,7993100"," -0,5769100",201900000764,138 305 141,A01,1,1,0,2,8,1,5,NULL,201900000764,138 305 141,A01,1,1,4,2,1969,0,8,0,-1,-1," -1",-1,201900000764,4,"CHEM DE LEYSOTTE",0,NULL,2,2,0,1,0,0,1,NULL,NULL,1,0,1,50
201900000765,20,9,2019,12:15:00,1,33,33063,2,1,1,6,"79 COURS DE QUEBEC","44,8821200"," -0,5699800",201900000765,138 305 140,A01,1,1,1,0,1,1,5,NULL,201900000765,138 305 140,A01,1,1,4,1,1998,0,8,0,-1,-1," -1",-1,201900000765,4,"COURS DE QUEBEC",0,NULL,3,4,2,1,0,0,1,NULL,NULL,1,0,1,50
201900000771,19,9,2019,16:15:00,1,31,31555,2,1,1,3,"FAUBOURG BONNEFOY (RUE DU) DU 1AU 231","43,6160000","1,4531700",201900000771,138 305 131,A01,1,1,0,2,1,1,5,NULL,201900000771,138 305 130,B01,1,1,1,1,1949,5,1,8,-1,-1,0,-1,201900000771,3,188,0,NULL,2,3,0,1,0,0,1,NULL,NULL,1,0,1,50
201900000771,19,9,2019,16:15:00,1,31,31555,2,1,1,3,"FAUBOURG BONNEFOY (RUE DU) DU 1AU 231","43,6160000","1,4531700",201900000771,138 305 131,A01,1,1,0,2,1,1,5,NULL,201900000771,138 305 131,A01,1,1,3,2,1965,9,2,8,-1,-1,0,-1,201900000771,3,188,0,NULL,2,3,0,1,0,0,1,NULL,NULL,1,0,1,50
201900000774,15,9,2019,11:00:00,1,22,22278,2,2,1,3,"Bd de l'Atlantique","48,5194100"," -2,7882680",201900000774,138 305 125,B01,2,1,0,2,1,15,0,NULL,201900000774,138 305 124,A01,1,1,4,1,1943,5,2,0,-1,0,0,-1,201900000774,4,"Bd de L'Atlantique",0,NULL,-1,2,0,1,(1),(1),1,NULL,NULL,1,0,1,50
201900000774,15,9,2019,11:00:00,1,22,22278,2,2,1,3,"Bd de l'Atlantique","48,5194100"," -2,7882680",201900000774,138 305 124,A01,1,1,0,2,0,1,5,NULL,201900000774,138 305 124,A01,1,1,4,1,1943,5,2,0,-1,0,0,-1,201900000774,4,"Bd de L'Atlantique",0,NULL,-1,2,0,1,(1),(1),1,NULL,NULL,1,0,1,50
201900000774,15,9,2019,11:00:00,1,22,22278,2,2,1,3,"Bd de l'Atlantique","48,5194100"," -2,7882680",201900000774,138 305 125,B01,2,1,0,2,1,15,0,NULL,201900000774,138 305 125,B01,1,1,1,1,2008,5,2,8,-1,0,0,-1,201900000774,4,"Bd de L'Atlantique",0,NULL,-1,2,0,1,(1),(1),1,NULL,NULL,1,0,1,50
201900000774,15,9,2019,11:00:00,1,22,22278,2,2,1,3,"Bd de l'Atlantique","48,5194100"," -2,7882680",201900000774,138 305 124,A01,1,1,0,2,0,1,5,NULL,201900000774,138 305 125,B01,1,1,1,1,2008,5,2,8,-1,0,0,-1,201900000774,4,"Bd de L'Atlantique",0,NULL,-1,2,0,1,(1),(1),1,NULL,NULL,1,0,1,50
201900000779,20,9,2019,17:30:00,1,13,13216,2,1,1,3,"HENRI BARNIER (BOULEVARD)","43,3700548","5,3460178",201900000779,138 305 113,B01,1,1,0,2,8,1,5,NULL,201900000779,138 305 113,B01,1,1,3,1,2005,3,8,0,-1,-1," -1",-1,201900000779,3,5,0,A,-1,0,0,2,0,0,2,NULL,NULL,1,0,1,50
201900000793,19,9,2019,09:00:00,1,5,05061,2,6,1,3,"TORRENT ( ALLEE DU )","44,5672300","6,0971900",201900000793,138 305 084,B01,3,1,0,2,7,19,5,NULL,201900000793,138 305 083,A01,1,1,1,1,1980,0,1,0,-1,0,0,-1,201900000793,2,94,0,NULL,2,2,0,1,71,390,1,NULL,NULL,1,0,1,50
201900000793,19,9,2019,09:00:00,1,5,05061,2,6,1,3,"TORRENT ( ALLEE DU )","44,5672300","6,0971900",201900000793,138 305 084,B01,3,1,0,2,7,19,5,NULL,201900000793,138 305 084,B01,1,1,4,2,1969,1,2,0,-1,0,0,-1,201900000793,2,94,0,NULL,2,2,0,1,71,390,1,NULL,NULL,1,0,1,50
201900000807,20,9,2019,19:25:00,2,75,75113,2,1,1,6,"RUE DE TOLBIAC","48,8259651","2,3531906",201900000807,138 305 054,A01,1,1,0,2,4,7,5,NULL,201900000807,138 305 054,A01,1,1,4,1,2001,2,8,2,-1,0,0,-1,201900000807,4,"RUE DE TOLBIAC",0,NULL,2,4,3,1,175,0,1,NULL,NULL,1,0,6,50
201900000810,20,9,2019,15:35:00,1,75,75112,2,1,1,6,"ROUTE ROYALE DE BEAUTE","48,8341140","2,4435680",201900000810,138 305 049,B01,1,1,1,0,1,1,5,NULL,201900000810,138 305 049,B01,1,1,4,1,1945,5,2,8,-1,0,0,-1,201900000810,4,"ROUTE ROYALE DE BEAUTE",0,NULL,2,2,1,1,0,0,1,NULL,NULL,1,0,5,50
201900000812,20,9,2019,15:45:00,1,75,75108,2,3,1,6,"RUE DE ROME","48,8771953","2,3230354",201900000812,138 305 046,A01,2,1,0,2,1,1,5,NULL,201900000812,138 305 046,A01,1,1,4,2,1992,5,8,2,-1,0,0,-1,201900000812,4,"RUE DE ROME",0,NULL,2,4,3,2,0,0,1,NULL,NULL,1,0,6,50
201900000815,20,9,2019,17:20:00,1,75,75104,2,1,1,6,"BOULEVARD DU PALAIS","48,8552101","2,3458059",201900000815,138 305 042,A01,1,1,0,1,1,7,5,NULL,201900000815,138 305 042,A01,10,3,4,2,1964,1,0,-1,-1,4,3,1,201900000815,4,"BOULEVARD DU PALAIS",0,NULL,1,4,3,1,6,0,1,NULL,NULL,1,0,6,50
201900000815,20,9,2019,17:20:00,1,75,75104,2,1,1,6,"BOULEVARD DU PALAIS","48,8552101","2,3458059",201900000815,138 305 042,A01,1,1,0,1,1,7,5,NULL,201900000815,138 305 042,A01,1,1,1,1,1995,9,8,2,-1,0,0,-1,201900000815,4,"BOULEVARD DU PALAIS",0,NULL,1,4,3,1,6,0,1,NULL,NULL,1,0,6,50
201900000824,20,9,2019,12:15:00,1,94,94033,2,1,1,1,"PIERRE BROSSOLETTE (R)","48,8400000","2,4700000",201900000824,138 305 028,B01,2,1,0,2,1,1,5,NULL,201900000824,138 305 027,A01,1,1,1,2,1982,5,1,0,-1,-1,0,-1,201900000824,4,"PIERRE BROSSOLETTE (R)",0,NULL,2,1,0,2,0,0,1,NULL,NULL,1,0,1,30
201900000824,20,9,2019,12:15:00,1,94,94033,2,1,1,1,"PIERRE BROSSOLETTE (R)","48,8400000","2,4700000",201900000824,138 305 028,B01,2,1,0,2,1,1,5,NULL,201900000824,138 305 028,B01,1,1,4,1,2004,2,8,0,-1,-1,0,-1,201900000824,4,"PIERRE BROSSOLETTE (R)",0,NULL,2,1,0,2,0,0,1,NULL,NULL,1,0,1,30
201900000841,20,9,2019,14:30:00,1,92,92073,2,1,1,3,"SELLIER (BOULEVARD HENRI)","48,8679800","2,2249400",201900000841,138 305 002,B01,1,1,0,2,3,1,5,NULL,201900000841,138 305 001,A01,1,1,1,1,1981,1,1,0,-1,-1," -1",-1,201900000841,3,985,0,NULL,1,8,0,2,0,0,1,NULL,NULL,1,0,1,50
201900000841,20,9,2019,14:30:00,1,92,92073,2,1,1,3,"SELLIER (BOULEVARD HENRI)","48,8679800","2,2249400",201900000841,138 305 002,B01,1,1,0,2,3,1,5,NULL,201900000841,138 305 002,B01,1,1,4,1,1965,1,2,0,-1,-1,0,-1,201900000841,3,985,0,NULL,1,8,0,2,0,0,1,NULL,NULL,1,0,1,50
201900000846,8,9,2019,10:35:00,1,92,92040,2,1,1,1,"STALINGRAD (QUAI DE)","48,8236412","2,2554331",201900000846,138 304 993,A01,3,1,0,1,1,1,5,NULL,201900000846,138 304 993,A01,10,3,4,1,1959,0,8,0,-1,5,2,1,201900000846,3,7,0,NULL,2,2,1,1,0,0,1,NULL,NULL,1,0,1,30
201900000846,8,9,2019,10:35:00,1,92,92040,2,1,1,1,"STALINGRAD (QUAI DE)","48,8236412","2,2554331",201900000846,138 304 993,A01,3,1,0,1,1,1,5,NULL,201900000846,138 304 993,A01,1,1,4,1,1972,0,8,0,-1,-1,0,-1,201900000846,3,7,0,NULL,2,2,1,1,0,0,1,NULL,NULL,1,0,1,30
201900000857,20,9,2019,09:00:00,1,62,62473,2,7,1,2,"3 Rue Emile Basly","50,6184900","2,4705790",201900000857,138 304 972,A01,0,1,0,2,4,23,5,NULL,201900000857,138 304 971,B01,1,1,1,2,1937,5,1,-1,-1,0,0,-1,201900000857,9,NULL,NULL,NULL,2,2,0,1,(1),(1),1,NULL,NULL,1,0,1,50
201900000857,20,9,2019,09:00:00,1,62,62473,2,7,1,2,"3 Rue Emile Basly","50,6184900","2,4705790",201900000857,138 304 972,A01,0,1,0,2,4,23,5,NULL,201900000857,138 304 972,A01,1,1,3,1,1934,5,0,-1,-1,0,0,-1,201900000857,9,NULL,NULL,NULL,2,2,0,1,(1),(1),1,NULL,NULL,1,0,1,50
201900000858,20,9,2019,19:45:00,3,41,41149,2,1,1,6,"Avenue des reclusages","47,7467890","0,8643610",201900000858,138 304 970,A01,3,1,0,9,0,2,5,NULL,201900000858,138 304 969,B01,1,1,1,1,1994,5,2,-1,-1,0,0,-1,201900000858,4,NULL,NULL,NULL,2,2,0,1,(1),(1),1,NULL,NULL,1,0,1,-1
201900000858,20,9,2019,19:45:00,3,41,41149,2,1,1,6,"Avenue des reclusages","47,7467890","0,8643610",201900000858,138 304 969,B01,0,1,0,2,5,2,5,NULL,201900000858,138 304 969,B01,1,1,1,1,1994,5,2,-1,-1,0,0,-1,201900000858,4,NULL,NULL,NULL,2,2,0,1,(1),(1),1,NULL,NULL,1,0,1,-1
201900000858,20,9,2019,19:45:00,3,41,41149,2,1,1,6,"Avenue des reclusages","47,7467890","0,8643610",201900000858,138 304 970,A01,3,1,0,9,0,2,5,NULL,201900000858,138 304 970,A01,1,1,2,1,1958,5,2,-1,-1,0,0,-1,201900000858,4,NULL,NULL,NULL,2,2,0,1,(1),(1),1,NULL,NULL,1,0,1,-1
201900000858,20,9,2019,19:45:00,3,41,41149,2,1,1,6,"Avenue des reclusages","47,7467890","0,8643610",201900000858,138 304 969,B01,0,1,0,2,5,2,5,NULL,201900000858,138 304 970,A01,1,1,2,1,1958,5,2,-1,-1,0,0,-1,201900000858,4,NULL,NULL,NULL,2,2,0,1,(1),(1),1,NULL,NULL,1,0,1,-1
201900000866,20,9,2019,15:20:00,1,65,65036,1,1,1,6,"Rd 100 Pk 5+800","42,9876438"," -0,0565356",201900000866,138 304 958,A01,2,1,10,0,1,1,5,NULL,201900000866,138 304 958,A01,1,1,3,1,1953,5,2,-1,-1,0,0,-1,201900000866,3,100,0,NULL,2,2,0,2,5,800,3,NULL,NULL,1,0,1,80
201900000879,21,9,2019,15:35:00,1,50,50507,1,1,1,2,"RD 421","49,4950110"," -1,2656440",201900000879,138 304 936,B01,0,1,0,2,4,2,5,NULL,201900000879,138 304 936,B01,1,1,4,1,1960,5,2,-1,-1,0,0,-1,201900000879,3,421,0,A,2,2,0,1,(1),(1),1,NULL,NULL,1,0,1,80
201900000879,21,9,2019,15:35:00,1,50,50507,1,1,1,2,"RD 421","49,4950110"," -1,2656440",201900000879,138 304 936,B01,0,1,0,2,4,2,5,NULL,201900000879,138 304 937,A01,1,1,1,1,1939,5,1,-1,-1,0,0,-1,201900000879,3,421,0,A,2,2,0,1,(1),(1),1,NULL,NULL,1,0,1,80
201900000887,20,9,2019,07:45:00,1,49,49132,2,3,1,6,"Rue de la Garenne","47,6493570"," -0,4418740",201900000887,138 304 924,B01,2,1,0,2,8,5,5,NULL,201900000887,138 304 923,A01,1,1,1,1,1956,4,1,-1,-1,0,0,-1,201900000887,4,NULL,0,NULL,2,2,0,1,(1),(1),1,NULL,NULL,1,0,1,50
201900000887,20,9,2019,07:45:00,1,49,49132,2,3,1,6,"Rue de la Garenne","47,6493570"," -0,4418740",201900000887,138 304 924,B01,2,1,0,2,8,5,5,NULL,201900000887,138 304 924,B01,1,1,3,1,1939,5,0,-1,-1,0,0,-1,201900000887,4,NULL,0,NULL,2,2,0,1,(1),(1),1,NULL,NULL,1,0,1,50
201900000888,14,9,2019,16:10:00,1,35,35131,2,2,1,3,"Rue Ernest Renan","48,1293510"," -1,8095160",201900000888,138 304 921,B01,3,1,0,9,2,19,5,NULL,201900000888,138 304 921,B01,1,1,1,1,1948,5,0,-1,-1,0,0,-1,201900000888,4,NULL,NULL,NULL,2,2,0,1,(1),(1),1,NULL,NULL,1,0,1,50
201900000888,14,9,2019,16:10:00,1,35,35131,2,2,1,3,"Rue Ernest Renan","48,1293510"," -1,8095160",201900000888,138 304 921,B01,3,1,0,9,2,19,5,NULL,201900000888,138 304 922,A01,1,1,3,1,1966,3,0,-1,-1,0,0,-1,201900000888,4,NULL,NULL,NULL,2,2,0,1,(1),(1),1,NULL,NULL,1,0,1,50
201900000889,21,9,2019,10:30:00,1,38,38289,1,1,1,6,"D44 C","45,1263300","6,0432400",201900000889,138 304 920,B01,1,1,0,0,4,2,5,NULL,201900000889,138 304 919,A01,1,1,3,1,1984,5,2,-1,-1,0,0,-1,201900000889,3,44,0,C,2,1,0,2,0,250,2,NULL,NULL,2,0,1,80
201900000889,21,9,2019,10:30:00,1,38,38289,1,1,1,6,"D44 C","45,1263300","6,0432400",201900000889,138 304 919,A01,1,1,0,2,1,2,5,NULL,201900000889,138 304 919,A01,1,1,3,1,1984,5,2,-1,-1,0,0,-1,201900000889,3,44,0,C,2,1,0,2,0,250,2,NULL,NULL,2,0,1,80
201900000889,21,9,2019,10:30:00,1,38,38289,1,1,1,6,"D44 C","45,1263300","6,0432400",201900000889,138 304 920,B01,1,1,0,0,4,2,5,NULL,201900000889,138 304 920,B01,1,1,3,1,1978,5,2,-1,-1,0,0,-1,201900000889,3,44,0,C,2,1,0,2,0,250,2,NULL,NULL,2,0,1,80
201900000889,21,9,2019,10:30:00,1,38,38289,1,1,1,6,"D44 C","45,1263300","6,0432400",201900000889,138 304 919,A01,1,1,0,2,1,2,5,NULL,201900000889,138 304 920,B01,1,1,3,1,1978,5,2,-1,-1,0,0,-1,201900000889,3,44,0,C,2,1,0,2,0,250,2,NULL,NULL,2,0,1,80
201900000907,20,9,2019,11:15:00,1,27,27016,2,1,1,1,"Clos du Gambon","49,2493350","1,4390520",201900000907,138 304 892,B01,0,1,0,2,7,19,5,NULL,201900000907,138 304 892,B01,1,1,4,1,2001,2,0,-1,-1,0,0,-1,201900000907,4,NULL,NULL,NULL,2,2,0,1,(1),(1),1,NULL,NULL,1,0,1,50
201900000907,20,9,2019,11:15:00,1,27,27016,2,1,1,1,"Clos du Gambon","49,2493350","1,4390520",201900000907,138 304 892,B01,0,1,0,2,7,19,5,NULL,201900000907,138 304 893,A01,1,1,1,1,1958,5,1,-1,-1,0,0,-1,201900000907,4,NULL,NULL,NULL,2,2,0,1,(1),(1),1,NULL,NULL,1,0,1,50
201900000965,20,12,2019,20:50:00,5,94,94041,2,1,2,6,"PIERRE SEMARD (AV)","48,8191000","2,3806000",201900000965,138 304 784,A01,2,1,0,2,8,1,5,NULL,201900000965,138 304 784,A01,1,1,4,1,2002,0,8,0,-1,-1," -1",-1,201900000965,3,224,0,NULL,2,2,0,1,0,0,1,NULL,NULL,2,0,1,50
201900000991,13,10,2019,12:10:00,1,63,63113,2,3,1,5,"AURIOL (BOULEVARD VINCENT)","45,7928399","3,1198883",201900000991,138 304 735,B01,1,1,0,2,1,1,5,NULL,201900000991,138 304 734,A01,1,1,1,2,1948,0,1,0,-1,0,0,-1,201900000991,7,210,0,NULL,2,2,0,1,0,300,1,NULL,NULL,1,0,3,50
201900000991,13,10,2019,12:10:00,1,63,63113,2,3,1,5,"AURIOL (BOULEVARD VINCENT)","45,7928399","3,1198883",201900000991,138 304 735,B01,1,1,0,2,1,1,5,NULL,201900000991,138 304 735,B01,1,1,1,1,1993,0,8,0,-1,0,0,-1,201900000991,7,210,0,NULL,2,2,0,1,0,300,1,NULL,NULL,1,0,3,50
201900000991,13,10,2019,12:10:00,1,63,63113,2,3,1,5,"AURIOL (BOULEVARD VINCENT)","45,7928399","3,1198883",201900000991,138 304 735,B01,1,1,0,2,1,1,5,NULL,201900000991,138 304 736,C01,1,1,4,1,1995,0,2,0,-1,0,0,-1,201900000991,7,210,0,NULL,2,2,0,1,0,300,1,NULL,NULL,1,0,3,50
201900001003,14,2,2019,13:36:00,1,67,67433,1,4,7,3,"croisement D282 et D124","48,3772780","7,6191370",201900001003,138 304 716,B01,1,1,0,2,7,1,5,NULL,201900001003,138 304 716,B01,1,1,3,1,1957,5,2,6,-1,0,0,-1,201900001003,3,282,0,D,2,2,0,1,1,500,2,NULL,NULL,1,5,1,-1
201900001003,14,2,2019,13:36:00,1,67,67433,1,4,7,3,"croisement D282 et D124","48,3772780","7,6191370",201900001003,138 304 716,B01,1,1,0,2,7,1,5,NULL,201900001003,138 304 717,A01,1,1,1,2,1950,5,1,-1,-1,0,0,-1,201900001003,3,282,0,D,2,2,0,1,1,500,2,NULL,NULL,1,5,1,-1
201900001022,30,1,2019,18:10:00,5,69,69191,2,1,1,6,"route de lyon","45,8124880","4,8183480",201900001022,138 304 686,B01,2,1,0,2,1,1,5,NULL,201900001022,138 304 685,A01,1,1,1,1,1933,5,1,-1,-1,0,0,-1,201900001022,3,21,0,D,2,2,0,2,(1),(1),1,NULL,NULL,1,0,1,50
201900001022,30,1,2019,18:10:00,5,69,69191,2,1,1,6,"route de lyon","45,8124880","4,8183480",201900001022,138 304 686,B01,2,1,0,2,1,1,5,NULL,201900001022,138 304 686,B01,1,1,3,1,1991,9,2,-1,-1,0,0,-1,201900001022,3,21,0,D,2,2,0,2,(1),(1),1,NULL,NULL,1,0,1,50
201900001041,17,2,2019,12:48:00,1,76,76024,1,1,6,2,"route de dieppe","49,7503050","1,2846030",201900001041,138 304 661,A01,1,1,0,2,1,2,5,NULL,201900001041,138 304 660,B01,2,2,1,2,1973,0,1,-1,-1,0,0,-1,201900001041,3,915,NULL,NULL,2,2,0,1,56,50,1,NULL,NULL,1,0,1,80
201900001041,17,2,2019,12:48:00,1,76,76024,1,1,6,2,"route de dieppe","49,7503050","1,2846030",201900001041,138 304 661,A01,1,1,0,2,1,2,5,NULL,201900001041,138 304 660,B01,1,1,1,2,1931,5,1,-1,-1,0,0,-1,201900001041,3,915,NULL,NULL,2,2,0,1,56,50,1,NULL,NULL,1,0,1,80
201900001041,17,2,2019,12:48:00,1,76,76024,1,1,6,2,"route de dieppe","49,7503050","1,2846030",201900001041,138 304 661,A01,1,1,0,2,1,2,5,NULL,201900001041,138 304 661,A01,1,1,3,1,1986,5,2,-1,-1,0,0,-1,201900001041,3,915,NULL,NULL,2,2,0,1,56,50,1,NULL,NULL,1,0,1,80
201900001049,14,2,2019,17:35:00,1,59,59571,1,1,7,3,cd113,"50,1777520","3,4714876",201900001049,138 304 645,B01,2,1,0,2,8,2,6,NULL,201900001049,138 304 645,B01,1,1,3,1,1984,5,2,-1,-1,0,0,-1,201900001049,3,113,NULL,NULL,2,2,0,2,(1),(1),1,NULL,NULL,1,0,1,80
201900001049,14,2,2019,17:35:00,1,59,59571,1,1,7,3,cd113,"50,1777520","3,4714876",201900001049,138 304 645,B01,2,1,0,2,8,2,6,NULL,201900001049,138 304 646,A01,1,1,1,1,1971,1,1,-1,-1,0,0,-1,201900001049,3,113,NULL,NULL,2,2,0,2,(1),(1),1,NULL,NULL,1,0,1,80
201900001131,13,2,2019,14:00:00,1,974,97409,2,9,1,2,"DE LA GARE(RUE)"," -20,9625800","55,6580400",201900001131,138 304 476,A01,3,1,0,2,1,2,6,NULL,201900001131,138 304 475,B01,1,1,1,1,1962,4,1,8,-1,-1," -1",-1,201900001131,4,"DE LA GARE(RUE)",0,NULL,2,1,0,1,0,0,1,NULL,NULL,1,0,1,50
201900001131,13,2,2019,14:00:00,1,974,97409,2,9,1,2,"DE LA GARE(RUE)"," -20,9625800","55,6580400",201900001131,138 304 476,A01,3,1,0,2,1,2,6,NULL,201900001131,138 304 476,A01,1,1,4,1,2001,0,8,0,-1,-1," -1",-1,201900001131,4,"DE LA GARE(RUE)",0,NULL,2,1,0,1,0,0,1,NULL,NULL,1,0,1,50
201900001142,12,2,2019,08:45:00,1,69,69389,2,1,1,3,"BOURBONNAIS (DU)                    (R )","45,7742200","4,8029000",201900001142,138 304 453,B01,2,1,0,2,1,1,0,NULL,201900001142,138 304 453,B01,1,1,4,1,1969,1,2,8,-1,0,0,-1,201900001142,4,"BOURBONNAIS (DU)                    (R )",0,NULL,2,2,1,1,0,0,1,NULL,NULL,1,0,1,50
201900001142,12,2,2019,08:45:00,1,69,69389,2,1,1,3,"BOURBONNAIS (DU)                    (R )","45,7742200","4,8029000",201900001142,138 304 453,B01,2,1,0,2,1,1,0,NULL,201900001142,138 304 454,A01,1,1,1,1,1986,1,1,0,-1,0,0,-1,201900001142,4,"BOURBONNAIS (DU)                    (R )",0,NULL,2,2,1,1,0,0,1,NULL,NULL,1,0,1,50
201900001156,12,2,2019,16:40:00,1,83,83069,1,9,1,3,"SALINS ( ROUTE DES VIEUX)","43,1244700","6,1887500",201900001156,138 304 421,A01,2,1,0,2,1,19,5,NULL,201900001156,138 304 421,A01,1,1,3,1,1943,5,8,0,-1,0,0,-1,201900001156,4,"SALINS ( ROUTE DES VIEUX)",0,NULL,3,2,2,2,0,0,1,NULL,NULL,1,0,1,50
201900001156,12,2,2019,16:40:00,1,83,83069,1,9,1,3,"SALINS ( ROUTE DES VIEUX)","43,1244700","6,1887500",201900001156,138 304 421,A01,2,1,0,2,1,19,5,NULL,201900001156,138 304 422,B01,1,1,1,1,1964,5,2,8,-1,0,0,-1,201900001156,4,"SALINS ( ROUTE DES VIEUX)",0,NULL,3,2,2,2,0,0,1,NULL,NULL,1,0,1,50
201900001164,11,2,2019,14:45:00,1,67,67482,2,1,1,6,"HALLEBARDES (RUE DES)","48,5827300","7,7509700",201900001164,138 304 396,Z01,1,1,0,1,1,2,5,NULL,201900001164,138 304 396,Z01,10,3,3,2,1947,5,8,0,-1,8,1,3,201900001164,4,"HALLEBARDES (RUE DES)",0,NULL,-1,1,3,2,0,0,1,NULL,NULL,1,9,1,5
201900001166,8,2,2019,13:45:00,1,67,67482,2,3,1,3,"SCHIRMECK (ROUTE DE)","48,5661800","7,7080000",201900001166,138 304 394,B01,1,1,0,2,8,1,5,NULL,201900001166,138 304 393,A01,1,1,1,2,1983,0,1,8,-1,-1,0,-1,201900001166,4,"SCHIRMECK (ROUTE DE)",0,NULL,2,3,1,1,0,0,1,NULL,NULL,1,0,1,50
201900001166,8,2,2019,13:45:00,1,67,67482,2,3,1,3,"SCHIRMECK (ROUTE DE)","48,5661800","7,7080000",201900001166,138 304 394,B01,1,1,0,2,8,1,5,NULL,201900001166,138 304 394,B01,1,1,4,1,1976,1,8,0,-1,-1,0,-1,201900001166,4,"SCHIRMECK (ROUTE DE)",0,NULL,2,3,1,1,0,0,1,NULL,NULL,1,0,1,50
201900001174,11,2,2019,15:25:00,1,64,64024,2,1,2,7,"BIARRITZ (AVENUE DE)","43,4803700"," -1,5222600",201900001174,138 304 380,A01,2,1,12,0,2,26,5,NULL,201900001174,138 304 380,A01,1,1,3,2,1955,5,8,0,-1,0,0,-1,201900001174,4,"BIARRITZ (AVENUE DE)",0,NULL,2,2,0,1,0,0,1,NULL,NULL,2,0,1,50
201900001190,23,5,2019,08:30:00,1,59,59400,2,1,1,3,"6 rue thiers","50,6436200","2,6401080",201900001190,138 304 355,A01,2,1,0,2,8,1,5,NULL,201900001190,138 304 354,B01,1,1,1,1,1985,1,8,-1,-1,0,0,-1,201900001190,3,946,0,D,2,2,0,1,(1),(1),1,NULL,NULL,1,0,1,50
201900001190,23,5,2019,08:30:00,1,59,59400,2,1,1,3,"6 rue thiers","50,6436200","2,6401080",201900001190,138 304 355,A01,2,1,0,2,8,1,5,NULL,201900001190,138 304 355,A01,1,1,3,1,1938,5,0,-1,-1,0,0,-1,201900001190,3,946,0,D,2,2,0,1,(1),(1),1,NULL,NULL,1,0,1,50
201900001388,9,6,2019,19:45:00,1,92,92073,2,2,1,3,"ROOSVELT (AVENUE FRANKLIN)","48,8743449","2,2206545",201900001388,138 303 936,B01,3,1,0,2,1,26,0,NULL,201900001388,138 303 935,A01,1,1,1,1,1968,0,1,0,-1,-1,0,-1,201900001388,3,3,0,NULL,2,4,0,2,0,0,1,NULL,NULL,1,9,1,50
201900001388,9,6,2019,19:45:00,1,92,92073,2,2,1,3,"ROOSVELT (AVENUE FRANKLIN)","48,8743449","2,2206545",201900001388,138 303 936,B01,3,1,0,2,1,26,0,NULL,201900001388,138 303 936,B01,1,1,4,1,1986,0,2,0,-1,-1," -1",-1,201900001388,3,3,0,NULL,2,4,0,2,0,0,1,NULL,NULL,1,9,1,50
201900001402,14,8,2019,18:43:00,1,31,31555,2,1,1,3,"AV JEAN ZAY","43,6488900","1,4330900",201900001402,138 303 907,B01,0,1,0,2,8,1,5,NULL,201900001402,138 303 907,B01,1,1,3,1,1939,5,2,0,-1,-1,0,-1,201900001402,4,NULL,0,NULL,2,2,0,1,0,0,1,NULL,NULL,1,0,1,50
201900001402,14,8,2019,18:43:00,1,31,31555,2,1,1,3,"AV JEAN ZAY","43,6488900","1,4330900",201900001402,138 303 907,B01,0,1,0,2,8,1,5,NULL,201900001402,138 303 908,A01,2,2,1,2,1989,5,1,8,-1,-1,0,-1,201900001402,4,NULL,0,NULL,2,2,0,1,0,0,1,NULL,NULL,1,0,1,50