Num_Acc,jour,mois,an,hrmn,lum,dep,com,agg,int,atm,col,adr,lat,long,Num_Acc,id_vehicule,num_veh,senc,catv,obs,obsm,choc,manv,motor,occutc,Num_Acc,id_vehicule,num_veh,place,catu,grav,sexe,an_nais,trajet,secu1,secu2,secu3,locp,actp,etatp,Num_Acc,catr,voie,v1,v2,circ,nbv,vosp,prof,pr,pr1,plan,lartpc,larrout,surf,infra,situ,vma
201900001402,14,8,2019,18:43:00,1,31,31555,2,1,1,3,"AV JEAN ZAY","43,6488900","1,4330900",201900001402,138 303 907,B01,0,1,0,2,8,1,5,NULL,201900001402,138 303 908,A01,1,1,1,1,1985,5,1,7,-1,-1,0,-1,201900001402,4,NULL,0,NULL,2,2,0,1,0,0,1,NULL,NULL,1,0,1,50
201900001414,11,6,2019,19:44:00,1,92,92064,2,1,1,6,DAILLY,"48,8428000","2,2211000",201900001414,138 303 890,A01,2,1,9,0,1,13,5,NULL,201900001414,138 303 890,A01,1,1,4,2,1964,5,8,0,-1,-1,0,-1,201900001414,3,907,0,NULL,3,3,1,2,0,0,1,NULL,NULL,2,0,1,50
201900001426,31,5,2019,12:40:00,1,92,92063,2,1,1,3,"SUE (RUE EUGENE)","48,8765700","2,2012400",201900001426,138 303 872,A01,2,1,0,2,8,19,5,NULL,201900001426,138 303 872,A01,1,1,4,1,2006,5,8,8,-1,-1,0,-1,201900001426,4,"SUE (RUE EUGENE)",0,NULL,2,2,0,1,0,0,1,NULL,NULL,1,0,1,50
201900001426,31,5,2019,12:40:00,1,92,92063,2,1,1,3,"SUE (RUE EUGENE)","48,8765700","2,2012400",201900001426,138 303 872,A01,2,1,0,2,8,19,5,NULL,201900001426,138 303 873,B01,1,1,1,2,1963,5,1,8,-1,-1,0,-1,201900001426,4,"SUE (RUE EUGENE)",0,NULL,2,2,0,1,0,0,1,NULL,NULL,1,0,1,50
201900001447,14,6,2019,14:25:00,1,92,92050,2,2,1,3,"QUENTIN JULES AVENUE","48,8949800","2,1918900",201900001447,138 303 832,A01,3,1,0,2,3,13,5,NULL,201900001447,138 303 829,B01,1,1,1,1,1996,4,1,0,-1,-1,0,-1,201900001447,3,986,NULL,NULL,1,1,1,1,(1),(1),1,NULL,NULL,1,5,1,-1
201900001447,14,6,2019,14:25:00,1,92,92050,2,2,1,3,"QUENTIN JULES AVENUE","48,8949800","2,1918900",201900001447,138 303 832,A01,3,1,0,2,3,13,5,NULL,201900001447,138 303 832,A01,1,1,2,1,1987,0,8,0,-1,-1,0,-1,201900001447,3,986,NULL,NULL,1,1,1,1,(1),(1),1,NULL,NULL,1,5,1,-1
201900001454,6,6,2019,17:00:00,1,92,92050,2,1,1,2,"JOILIOT CURIE F. ET IRENE AVENUE N°IMPAI","48,8923050","2,2094080",201900001454,138 303 817,B01,2,1,1,0,1,17,6,NULL,201900001454,138 303 817,B01,1,1,4,1,1969,0,0,0,0,0,0,-1,201900001454,3,131,0,NULL,3,2,1,1,0,0,1,NULL,NULL,1,0,1,50
201900001454,6,6,2019,17:00:00,1,92,92050,2,1,1,2,"JOILIOT CURIE F. ET IRENE AVENUE N°IMPAI","48,8923050","2,2094080",201900001454,138 303 817,B01,2,1,1,0,1,17,6,NULL,201900001454,138 303 818,A01,1,1,1,1,1983,0,1,0,-1,-1,0,-1,201900001454,3,131,0,NULL,3,2,1,1,0,0,1,NULL,NULL,1,0,1,50
201900001459,13,8,2019,19:05:00,2,16,16102,2,2,1,1,"Bd de JAVREZAC","45,6921600"," -0,3448800",201900001459,138 303 809,B01,1,1,0,2,1,1,5,NULL,201900001459,138 303 809,B01,1,1,3,1,1953,5,2,0,-1,-1,0,-1,201900001459,3,945,0,NULL,2,2,0,1,52,650,1,0,7,1,0,1,50
201900001459,13,8,2019,19:05:00,2,16,16102,2,2,1,1,"Bd de JAVREZAC","45,6921600"," -0,3448800",201900001459,138 303 809,B01,1,1,0,2,1,1,5,NULL,201900001459,138 303 810,A01,1,1,1,1,1963,5,8,0,-1,-1,0,-1,201900001459,3,945,0,NULL,2,2,0,1,52,650,1,0,7,1,0,1,50
201900001471,8,8,2019,09:10:00,1,14,14118,2,3,1,3,"FALAISE (RUE DE  - 90 PAIR 95 IMPAIR)","49,1725600"," -0,3545300",201900001471,138 303 785,B01,1,1,0,0,0,1,5,NULL,201900001471,138 303 783,A01,1,1,1,1,1970,-1,0,-1,-1,0,0,-1,201900001471,4,"FALAISE (RUE DE  - 90 PAIR 95 IMPAIR)",NULL,NULL,2,-1,-1,2,(1),(1),1,NULL,NULL,1,0,1,-1
201900001471,8,8,2019,09:10:00,1,14,14118,2,3,1,3,"FALAISE (RUE DE  - 90 PAIR 95 IMPAIR)","49,1725600"," -0,3545300",201900001471,138 303 785,B01,1,1,0,0,0,1,5,NULL,201900001471,138 303 785,B01,1,1,4,1,1978,-1,0,-1,-1,0,0,-1,201900001471,4,"FALAISE (RUE DE  - 90 PAIR 95 IMPAIR)",NULL,NULL,2,-1,-1,2,(1),(1),1,NULL,NULL,1,0,1,-1
201900001476,19,6,2019,14:40:00,1,92,92044,2,2,1,3,"KLEBER (RUE)","48,8925282","2,2794899",201900001476,138 303 779,A01,2,1,0,2,7,1,5,NULL,201900001476,138 303 776,B01,1,1,1,1,1973,4,1,8,-1,-1," -1",-1,201900001476,4,"CHAPTAL(RUE) 81+ ET 66+",0,NULL,1,1,0,1,0,0,1,NULL,NULL,1,5,1,50
201900001476,19,6,2019,14:40:00,1,92,92044,2,2,1,3,"KLEBER (RUE)","48,8925282","2,2794899",201900001476,138 303 779,A01,2,1,0,2,7,1,5,NULL,201900001476,138 303 779,A01,1,1,4,1,1992,5,2,0,-1,-1," -1",-1,201900001476,4,"CHAPTAL(RUE) 81+ ET 66+",0,NULL,1,1,0,1,0,0,1,NULL,NULL,1,5,1,50
201900001498,17,6,2019,17:39:00,1,92,92036,2,1,1,3,"MARCEL PAUL (AVENUE) (52/102)","48,9396133","2,3039875",201900001498,138 303 742,A01,1,1,0,1,1,9,5,NULL,201900001498,138 303 741,B01,1,1,4,1,1961,9,2,8,-1,-1,0,-1,201900001498,3,911,0,NULL,3,6,1,1,0,0,1,NULL,NULL,1,0,1,50
201900001498,17,6,2019,17:39:00,1,92,92036,2,1,1,3,"MARCEL PAUL (AVENUE) (52/102)","48,9396133","2,3039875",201900001498,138 303 741,B01,1,1,0,1,3,1,5,NULL,201900001498,138 303 741,B01,1,1,4,1,1961,9,2,8,-1,-1,0,-1,201900001498,3,911,0,NULL,3,6,1,1,0,0,1,NULL,NULL,1,0,1,50
201900001498,17,6,2019,17:39:00,1,92,92036,2,1,1,3,"MARCEL PAUL (AVENUE) (52/102)","48,9396133","2,3039875",201900001498,138 303 742,A01,1,1,0,1,1,9,5,NULL,201900001498,138 303 742,A01,1,1,1,1,1959,9,2,8,-1,-1,0,-1,201900001498,3,911,0,NULL,3,6,1,1,0,0,1,NULL,NULL,1,0,1,50
201900001498,17,6,2019,17:39:00,1,92,92036,2,1,1,3,"MARCEL PAUL (AVENUE) (52/102)","48,9396133","2,3039875",201900001498,138 303 741,B01,1,1,0,1,3,1,5,NULL,201900001498,138 303 742,A01,1,1,1,1,1959,9,2,8,-1,-1,0,-1,201900001498,3,911,0,NULL,3,6,1,1,0,0,1,NULL,NULL,1,0,1,50
201900001499,13,8,2019,09:00:00,1,13,13209,2,1,1,1,"LÉON LACHAMP (ROUTE)","43,2487840","5,4417060",201900001499,138 303 739,B01,2,1,0,2,1,1,0,NULL,201900001499,138 303 739,B01,1,1,4,1,1965,5,2,0,-1,0,0,-1,201900001499,3,559,0,NULL,2,2,0,1,0,0,1,NULL,NULL,1,0,1,50
201900001499,13,8,2019,09:00:00,1,13,13209,2,1,1,1,"LÉON LACHAMP (ROUTE)","43,2487840","5,4417060",201900001499,138 303 739,B01,2,1,0,2,1,1,0,NULL,201900001499,138 303 740,A01,1,1,1,1,1960,4,1,0,-1,0,0,-1,201900001499,3,559,0,NULL,2,2,0,1,0,0,1,NULL,NULL,1,0,1,50
201900001507,17,8,2019,10:47:00,1,10,10357,2,1,2,7,"GENERAL DE GAULLE (RUE DU)","48,2970000","4,1200000",201900001507,138 303 723,A01,1,1,0,0,0,1,5,NULL,201900001507,138 303 723,A01,1,1,4,2,1984,4,2,8,-1,-1," -1",-1,201900001507,4,"GENERAL DE GAULLE (RUE DU)",0,NULL,2,2,0,1,0,0,1,NULL,NULL,2,0,1,50
201900001509,14,8,2019,18:02:00,1,10,10387,2,1,1,3,"MAROTS (RUE DES)","48,3063000","4,0491000",201900001509,138 303 719,A01,2,1,0,1,7,1,5,NULL,201900001509,138 303 719,A01,10,3,4,2,1970,9,8,0,-1,5,1,2,201900001509,4,"MAROTS (RUE DES)",0,NULL,2,2,0,1,0,0,1,NULL,NULL,1,0,1,50
201900001511,11,6,2019,18:55:00,1,92,92036,2,3,3,7,"FELICIE (RUE)","48,9145500","2,2939300",201900001511,138 303 713,A01,1,1,0,0,0,0,5,NULL,201900001511,138 303 713,A01,1,1,3,2,1960,0,2,0,-1,-1,0,-1,201900001511,4,"FELICIE (RUE)",0,NULL,1,1,0,1,0,0,1,NULL,NULL,2,0,1,50
201900001523,10,6,2019,16:18:00,1,92,92026,2,1,1,2,"VERDUN (DE 62 A FIN)","48,9003040","2,2609210",201900001523,138 303 691,A01,2,1,0,2,1,26,5,NULL,201900001523,138 303 689,B01,1,1,1,1,1990,0,1,0,-1,0,0,-1,201900001523,3,908,0,NULL,2,2,0,1,0,0,1,NULL,NULL,1,0,1,50
201900001523,10,6,2019,16:18:00,1,92,92026,2,1,1,2,"VERDUN (DE 62 A FIN)","48,9003040","2,2609210",201900001523,138 303 691,A01,2,1,0,2,1,26,5,NULL,201900001523,138 303 691,A01,1,1,4,1,1985,9,8,0,-1,-1,0,-1,201900001523,3,908,0,NULL,2,2,0,1,0,0,1,NULL,NULL,1,0,1,50
201900001544,14,8,2019,09:10:00,1,5,05061,2,1,1,7,"GEORGES POUGET ( RUE)","44,5588200","6,0680700",201900001544,138 303 651,A01,2,1,0,0,0,1,5,NULL,201900001544,138 303 651,A01,1,1,4,1,2004,5,8,0,-1,-1,0,-1,201900001544,4,"GEORGES POUGET ( RUE)",0,NULL,-1,2,0,2,0,1,1,NULL,NULL,1,0,1,50
201900001545,14,8,2019,08:25:00,1,5,05023,2,1,1,6,"FORGUES (AVENUE DU PROF.)","44,9056000","6,6302000",201900001545,138 303 649,A01,2,1,0,1,1,1,5,NULL,201900001545,138 303 649,A01,10,3,4,2,1957,9,8,0,-1,3,3,1,201900001545,2,94,0,NULL,2,2,0,2,160,712,1,NULL,NULL,1,0,1,50
201900001545,14,8,2019,08:25:00,1,5,05023,2,1,1,6,"FORGUES (AVENUE DU PROF.)","44,9056000","6,6302000",201900001545,138 303 649,A01,2,1,0,1,1,1,5,NULL,201900001545,138 303 649,A01,1,1,1,1,1991,1,8,0,-1,0,0,-1,201900001545,2,94,0,NULL,2,2,0,2,160,712,1,NULL,NULL,1,0,1,50
201900001547,10,6,2019,16:40:00,1,92,92025,2,1,1,2,"BOURNARD (RUE DU)","48,9230345","2,2544218",201900001547,138 303 650,A01,3,1,0,6,1,2,5,NULL,201900001547,138 303 650,A01,1,1,4,1,1999,0,8,0,-1,-1,0,-1,201900001547,3,986,0,NULL,2,4,0,1,0,0,1,NULL,NULL,1,0,1,50
201900001547,10,6,2019,16:40:00,1,92,92025,2,1,1,2,"BOURNARD (RUE DU)","48,9230345","2,2544218",201900001547,138 303 650,A01,3,1,0,6,1,2,5,NULL,201900001547,138 303 652,B01,1,1,1,2,1981,0,1,0,-1,-1,0,-1,201900001547,3,986,0,NULL,2,4,0,1,0,0,1,NULL,NULL,1,0,1,50
201900001553,3,6,2019,18:00:00,1,92,92023,2,1,1,6,"PORTE DE TRIVAUX (RUE DE) N°57 A 197 ET","48,7851000","2,2394300",201900001553,138 303 638,A01,2,1,0,1,1,25,5,NULL,201900001553,138 303 638,A01,10,3,4,2,2014,5,8,0,-1,5,9,1,201900001553,3,80,0,NULL,2,2,0,1,0,0,1,NULL,NULL,1,0,1,50
201900001553,3,6,2019,18:00:00,1,92,92023,2,1,1,6,"PORTE DE TRIVAUX (RUE DE) N°57 A 197 ET","48,7851000","2,2394300",201900001553,138 303 638,A01,2,1,0,1,1,25,5,NULL,201900001553,138 303 638,A01,1,1,4,1,1972,1,8,0,-1,-1,0,-1,201900001553,3,80,0,NULL,2,2,0,1,0,0,1,NULL,NULL,1,0,1,50
201900001554,1,6,2019,13:20:00,1,92,92023,2,1,1,3,"GENERAL DE GAULLE (AV DU) N°130 A 340 ET","48,7872646","2,2561842",201900001554,138 303 636,B01,2,1,0,2,1,2,5,NULL,201900001554,138 303 636,B01,1,1,4,1,1979,5,2,8,-1,-1,0,-1,201900001554,3,906,0,NULL,2,3,0,1,0,0,1,NULL,NULL,1,0,1,50
201900001554,1,6,2019,13:20:00,1,92,92023,2,1,1,3,"GENERAL DE GAULLE (AV DU) N°130 A 340 ET","48,7872646","2,2561842",201900001554,138 303 636,B01,2,1,0,2,1,2,5,NULL,201900001554,138 303 637,A01,1,1,1,1,1990,5,1,8,-1,-1,0,-1,201900001554,3,906,0,NULL,2,3,0,1,0,0,1,NULL,NULL,1,0,1,50
201900001590,15,8,2019,22:00:00,5,75,75118,2,4,2,6,"AVENUE DE LA PORTE DE LA CHAPELLE","48,8989116","2,3590122",201900001590,138 303 574,A01,1,1,0,2,4,1,5,NULL,201900001590,138 303 574,A01,1,1,4,1,1996,0,2,0,-1,0,0,-1,201900001590,4,"AVENUE DE LA PORTE DE LA CHAPELLE",0,NULL,1,2,0,1,0,0,1,NULL,NULL,2,0,1,50
201900001618,11,6,2019,10:45:00,1,87,87157,1,1,2,2,Bussin,"45,9386110","1,4586490",201900001618,138 303 527,A01,0,1,0,2,1,2,0,NULL,201900001618,138 303 527,A01,1,1,3,1,1957,5,0,-1,-1,0,0,-1,201900001618,4,3,NULL,C,-1,1,0,3,(1),(1),2,NULL,NULL,2,0,1,-1
201900001618,11,6,2019,10:45:00,1,87,87157,1,1,2,2,Bussin,"45,9386110","1,4586490",201900001618,138 303 527,A01,0,1,0,2,1,2,0,NULL,201900001618,138 303 528,B01,1,1,1,1,1975,4,1,-1,-1,0,0,-1,201900001618,4,3,NULL,C,-1,1,0,3,(1),(1),2,NULL,NULL,2,0,1,-1
201900001625,13,8,2019,15:30:00,1,75,75109,2,3,1,3,"RUE LA FAYETTE","48,8765705","2,3465735",201900001625,138 303 518,B01,1,1,0,2,1,1,5,NULL,201900001625,138 303 517,A01,1,1,1,1,1967,1,1,0,-1,0,0,-1,201900001625,4,"RUE LA FAYETTE",0,NULL,2,3,0,1,0,0,1,NULL,NULL,1,0,1,50
201900001625,13,8,2019,15:30:00,1,75,75109,2,3,1,3,"RUE LA FAYETTE","48,8765705","2,3465735",201900001625,138 303 518,B01,1,1,0,2,1,1,5,NULL,201900001625,138 303 518,B01,1,1,4,1,1978,5,2,0,-1,0,0,-1,201900001625,4,"RUE LA FAYETTE",0,NULL,2,3,0,1,0,0,1,NULL,NULL,1,0,1,50
201900001633,16,8,2019,00:01:00,5,75,75102,2,3,1,3,"BOULEVARD POISSONNIERE","48,8708792","2,3467142",201900001633,138 303 504,A01,1,1,0,2,8,15,5,NULL,201900001633,138 303 503,B01,1,1,1,2,1998,0,1,0,-1,0,0,-1,201900001633,4,"BOULEVARD POISSONNIERE",0,NULL,2,3,0,1,0,0,1,NULL,NULL,1,0,1,50
201900001633,16,8,2019,00:01:00,5,75,75102,2,3,1,3,"BOULEVARD POISSONNIERE","48,8708792","2,3467142",201900001633,138 303 504,A01,1,1,0,2,8,15,5,NULL,201900001633,138 303 504,A01,1,1,4,2,1989,0,2,0,-1,0,0,-1,201900001633,4,"BOULEVARD POISSONNIERE",0,NULL,2,3,0,1,0,0,1,NULL,NULL,1,0,1,50
201900001636,15,8,2019,15:45:00,1,75,75103,2,2,8,3,"RUE DES FRANCS BOURGEOIS","48,8586818","2,3587801",201900001636,138 303 500,B01,1,1,0,2,0,18,5,NULL,201900001636,138 303 498,A01,1,1,1,2,1985,3,1,0,-1,0,0,-1,201900001636,4,"RUE DES FRANCS BOURGEOIS",0,NULL,1,0,0,1,0,0,1,NULL,NULL,1,0,1,50
201900001636,15,8,2019,15:45:00,1,75,75103,2,2,8,3,"RUE DES FRANCS BOURGEOIS","48,8586818","2,3587801",201900001636,138 303 500,B01,1,1,0,2,0,18,5,NULL,201900001636,138 303 500,B01,1,1,4,1,2001,5,2,0,-1,0,0,-1,201900001636,4,"RUE DES FRANCS BOURGEOIS",0,NULL,1,0,0,1,0,0,1,NULL,NULL,1,0,1,50
201900001657,13,8,2019,12:00:00,1,94,94028,2,1,1,3,SEBASTIEN(VILLA),"48,7892500","2,4652200",201900001657,138 303 457,B01,3,1,0,2,0,1,5,NULL,201900001657,138 303 457,B01,1,1,4,2,2004,5,8,0,-1,-1," -1",-1,201900001657,4,SEBASTIEN(VILLA),0,NULL,1,1,1,1,0,0,1,NULL,NULL,1,0,1,50
201900001657,13,8,2019,12:00:00,1,94,94028,2,1,1,3,SEBASTIEN(VILLA),"48,7892500","2,4652200",201900001657,138 303 457,B01,3,1,0,2,0,1,5,NULL,201900001657,138 303 458,A01,1,1,1,1,1968,4,1,8,-1,-1," -1",-1,201900001657,4,SEBASTIEN(VILLA),0,NULL,1,1,1,1,0,0,1,NULL,NULL,1,0,1,50
201900001736,17,8,2019,14:15:00,1,84,84069,1,1,1,3,RD974,"44,1607480","5,1468650",201900001736,138 303 324,B01,2,1,0,2,3,13,5,NULL,201900001736,138 303 324,B01,1,1,3,1,1964,5,2,-1,-1,0,0,-1,201900001736,3,974,NULL,D,2,2,0,2,55,30,3,NULL,NULL,1,0,1,80
201900001736,17,8,2019,14:15:00,1,84,84069,1,1,1,3,RD974,"44,1607480","5,1468650",201900001736,138 303 324,B01,2,1,0,2,3,13,5,NULL,201900001736,138 303 325,A01,4,2,1,2,2010,5,1,-1,-1,0,0,-1,201900001736,3,974,NULL,D,2,2,0,2,55,30,3,NULL,NULL,1,0,1,80
201900001736,17,8,2019,14:15:00,1,84,84069,1,1,1,3,RD974,"44,1607480","5,1468650",201900001736,138 303 324,B01,2,1,0,2,3,13,5,NULL,201900001736,138 303 325,A01,1,1,1,2,1975,5,1,-1,-1,0,0,-1,201900001736,3,974,NULL,D,2,2,0,2,55,30,3,NULL,NULL,1,0,1,80
201900001736,17,8,2019,14:15:00,1,84,84069,1,1,1,3,RD974,"44,1607480","5,1468650",201900001736,138 303 324,B01,2,1,0,2,3,13,5,NULL,201900001736,138 303 325,A01,2,2,1,1,2003,5,1,-1,-1,0,0,-1,201900001736,3,974,NULL,D,2,2,0,2,55,30,3,NULL,NULL,1,0,1,80
201900001737,25,7,2019,12:50:00,1,84,84126,1,6,1,3,RD977,"44,2051860","5,0223070",201900001737,138 303 322,B01,2,1,0,2,2,26,0,NULL,201900001737,138 303 322,B01,1,1,3,1,1958,5,2,-1,-1,0,0,-1,201900001737,3,977,0,NULL,3,1,2,1,(1),(1),3,NULL,NULL,1,5,1,80
201900001737,25,7,2019,12:50:00,1,84,84126,1,6,1,3,RD977,"44,2051860","5,0223070",201900001737,138 303 322,B01,2,1,0,2,2,26,0,NULL,201900001737,138 303 323,A01,1,1,1,2,1979,1,1,-1,-1,0,0,-1,201900001737,3,977,0,NULL,3,1,2,1,(1),(1),3,NULL,NULL,1,5,1,80
201900001738,16,8,2019,11:45:00,1,31,31547,1,2,1,3,"D12 - D50","43,5040470","1,2483680",201900001738,138 303 321,B01,1,1,0,2,1,1,5,NULL,201900001738,138 303 320,A01,1,1,1,2,1960,5,1,-1,-1,0,0,-1,201900001738,3,50,NULL,NULL,2,2,0,1,19,972,1,NULL,NULL,1,5,1,70
201900001738,16,8,2019,11:45:00,1,31,31547,1,2,1,3,"D12 - D50","43,5040470","1,2483680",201900001738,138 303 321,B01,1,1,0,2,1,1,5,NULL,201900001738,138 303 321,B01,1,1,4,1,1960,5,2,-1,-1,0,0,-1,201900001738,3,50,NULL,NULL,2,2,0,1,19,972,1,NULL,NULL,1,5,1,70
201900001740,14,8,2019,15:55:00,1,68,68162,1,1,1,7,"RD 1 Bis - Sigolsheim","48,1373590","7,3227250",201900001740,138 303 318,A01,1,1,16,0,8,14,5,NULL,201900001740,138 303 318,A01,1,1,3,1,1932,5,2,-1,-1,0,0,-1,201900001740,3,1,2,NULL,2,2,0,2,15,500,2,NULL,NULL,1,0,3,80
201900001754,24,10,2019,17:45:00,1,57,57433,2,1,1,3,"Rue de MARANGE","49,2083540","6,1542470",201900001754,138 303 292,B01,3,1,0,2,1,19,5,NULL,201900001754,138 303 292,B01,1,1,4,2,2007,5,0,-1,-1,0,0,-1,201900001754,3,52,NULL,NULL,3,2,0,1,(1),(1),1,NULL,NULL,1,9,1,50
201900001754,24,10,2019,17:45:00,1,57,57433,2,1,1,3,"Rue de MARANGE","49,2083540","6,1542470",201900001754,138 303 292,B01,3,1,0,2,1,19,5,NULL,201900001754,138 303 293,A01,1,1,1,1,1960,1,1,-1,-1,0,0,-1,201900001754,3,52,NULL,NULL,3,2,0,1,(1),(1),1,NULL,NULL,1,9,1,50
201900001792,21,10,2019,17:45:00,1,71,71153,2,7,1,1,"VILAR (RUE JEAN)","46,7849000","4,4347200",201900001792,138 303 217,B01,1,1,0,2,1,1,5,NULL,201900001792,138 303 216,A01,1,1,1,1,1928,5,1,0,-1,0,0,-1,201900001792,4,"VILAR (RUE JEAN)",0,NULL,2,2,0,2,0,0,1,NULL,NULL,1,0,1,50
201900001792,21,10,2019,17:45:00,1,71,71153,2,7,1,1,"VILAR (RUE JEAN)","46,7849000","4,4347200",201900001792,138 303 217,B01,1,1,0,2,1,1,5,NULL,201900001792,138 303 217,B01,1,1,3,1,1964,5,8,0,-1,-1," -1",-1,201900001792,4,"VILAR (RUE JEAN)",0,NULL,2,2,0,2,0,0,1,NULL,NULL,1,0,1,50
201900001814,23,10,2019,08:10:00,1,63,63113,2,1,1,2,"CHATEAUDUN (RUE DE)","45,7825000","3,0982500",201900001814,138 303 166,B01,1,1,0,2,1,1,5,NULL,201900001814,138 303 165,A01,1,1,1,2,2001,0,1,0,-1,0,0,-1,201900001814,4,"CHATEAUDUN (RUE DE)",0,NULL,2,2,0,1,(1),(1),1,NULL,NULL,1,0,1,50
201900001814,23,10,2019,08:10:00,1,63,63113,2,1,1,2,"CHATEAUDUN (RUE DE)","45,7825000","3,0982500",201900001814,138 303 166,B01,1,1,0,2,1,1,5,NULL,201900001814,138 303 166,B01,1,1,4,2,1992,0,8,0,-1,-1," -1",-1,201900001814,4,"CHATEAUDUN (RUE DE)",0,NULL,2,2,0,1,(1),(1),1,NULL,NULL,1,0,1,50
201900001818,23,10,2019,08:25:00,1,59,59009,2,6,1,3,"MONS BOULEVARD DE","50,6460000","3,1290000",201900001818,138 303 158,Y01,3,1,0,2,7,1,5,NULL,201900001818,138 303 157,A01,1,1,1,1,1979,1,1,0,-1,-1,0,-1,201900001818,4,"MONS BOULEVARD DE",0,NULL,1,10,0,1,0,9,2,NULL,NULL,1,5,1,50
201900001818,23,10,2019,08:25:00,1,59,59009,2,6,1,3,"MONS BOULEVARD DE","50,6460000","3,1290000",201900001818,138 303 158,Y01,3,1,0,2,7,1,5,NULL,201900001818,138 303 158,Y01,1,1,4,1,1965,1,8,4,-1,-1,0,-1,201900001818,4,"MONS BOULEVARD DE",0,NULL,1,10,0,1,0,9,2,NULL,NULL,1,5,1,50
201900001857,23,10,2019,17:10:00,1,75,75118,2,1,8,3,"BOULEVARD NEY","48,8986751","2,3670130",201900001857,138 303 078,B01,1,1,0,2,1,1,5,NULL,201900001857,138 303 078,B01,1,1,4,1,1972,5,2,8,-1,0,0,-1,201900001857,4,"BOULEVARD NEY",0,NULL,3,2,0,1,1,0,1,NULL,NULL,2,9,1,50
201900001857,23,10,2019,17:10:00,1,75,75118,2,1,8,3,"BOULEVARD NEY","48,8986751","2,3670130",201900001857,138 303 078,B01,1,1,0,2,1,1,5,NULL,201900001857,138 303 079,A01,1,1,1,1,1959,4,1,0,-1,0,0,-1,201900001857,4,"BOULEVARD NEY",0,NULL,3,2,0,1,1,0,1,NULL,NULL,2,9,1,50
201900001858,23,10,2019,16:00:00,1,75,75118,2,5,2,3,"RUE MARCADET","48,8912100","2,3396426",201900001858,138 303 077,B01,1,1,0,2,1,1,5,NULL,201900001858,138 303 076,A01,1,1,1,2,1963,5,1,0,-1,0,0,-1,201900001858,4,"RUE MARCADET",0,NULL,1,1,0,2,0,0,1,NULL,NULL,2,0,1,30
201900001858,23,10,2019,16:00:00,1,75,75118,2,5,2,3,"RUE MARCADET","48,8912100","2,3396426",201900001858,138 303 077,B01,1,1,0,2,1,1,5,NULL,201900001858,138 303 077,B01,1,1,4,2,1968,5,2,8,-1,0,0,-1,201900001858,4,"RUE MARCADET",0,NULL,1,1,0,2,0,0,1,NULL,NULL,2,0,1,30
201900001859,23,10,2019,14:30:00,1,75,75110,2,2,8,6,"QUAI DE JEMMAPES","48,8732275","2,3642030",201900001859,138 303 075,A01,2,1,0,1,1,5,5,NULL,201900001859,138 303 075,A01,10,3,4,1,1966,5,0,-1,-1,4,3,1,201900001859,4,"QUAI DE JEMMAPES",0,NULL,1,2,1,1,0,0,1,NULL,NULL,1,0,5,50
201900001859,23,10,2019,14:30:00,1,75,75110,2,2,8,6,"QUAI DE JEMMAPES","48,8732275","2,3642030",201900001859,138 303 075,A01,2,1,0,1,1,5,5,NULL,201900001859,138 303 075,A01,1,1,4,1,1985,4,2,-1,-1,0,0,-1,201900001859,4,"QUAI DE JEMMAPES",0,NULL,1,2,1,1,0,0,1,NULL,NULL,1,0,5,50
201900001860,23,10,2019,10:38:00,1,75,75118,2,3,8,3,"RUE MARX DORMOY","48,8868300","2,3596900",201900001860,138 303 074,A01,1,1,0,2,1,1,5,NULL,201900001860,138 303 073,B01,1,1,1,1,1996,4,1,0,-1,0,0,-1,201900001860,4,"RUE MARX DORMOY",0,NULL,3,4,0,1,0,0,1,NULL,NULL,1,0,1,50
201900001860,23,10,2019,10:38:00,1,75,75118,2,3,8,3,"RUE MARX DORMOY","48,8868300","2,3596900",201900001860,138 303 074,A01,1,1,0,2,1,1,5,NULL,201900001860,138 303 074,A01,1,1,3,1,1995,0,2,8,-1,0,0,-1,201900001860,4,"RUE MARX DORMOY",0,NULL,3,4,0,1,0,0,1,NULL,NULL,1,0,1,50
201900001862,23,10,2019,17:00:00,1,75,75117,2,3,1,6,"BOULEVARD DE COURCELLES","48,8786745","2,3008495",201900001862,138 303 070,Z01,1,1,0,1,1,1,5,NULL,201900001862,138 303 070,Z01,10,3,4,1,1931,5,0,-1,-1,3,3,1,201900001862,4,"BOULEVARD DE COURCELLES",0,NULL,2,4,0,1,0,0,1,NULL,NULL,2,0,1,30
201900001869,23,10,2019,11:50:00,1,75,75112,2,7,1,3,"AVENUE DU TRONE","48,8481109","2,3974879",201900001869,138 303 059,B01,1,1,0,2,4,11,5,NULL,201900001869,138 303 058,A01,1,1,1,1,1950,0,1,0,-1,0,0,-1,201900001869,4,"AVENUE DU TRONE",0,NULL,4,4,0,1,0,0,1,NULL,NULL,1,0,1,50
201900001869,23,10,2019,11:50:00,1,75,75112,2,7,1,3,"AVENUE DU TRONE","48,8481109","2,3974879",201900001869,138 303 059,B01,1,1,0,2,4,11,5,NULL,201900001869,138 303 059,B01,1,1,4,1,2005,0,2,0,-1,0,0,-1,201900001869,4,"AVENUE DU TRONE",0,NULL,4,4,0,1,0,0,1,NULL,NULL,1,0,1,50
201900001870,23,10,2019,18:30:00,5,75,75110,2,2,1,3,"RUE DE LANCRY","48,8698630","2,3607300",201900001870,138 303 057,B01,2,1,0,2,8,1,5,NULL,201900001870,138 303 056,A01,1,1,1,1,1969,0,1,0,-1,0,0,-1,201900001870,4,"RUE DE LANCRY",0,NULL,4,1,1,1,18,0,1,NULL,NULL,1,0,5,30