Num_Acc,jour,mois,an,hrmn,lum,dep,com,agg,int,atm,col,adr,lat,long,Num_Acc,id_vehicule,num_veh,senc,catv,obs,obsm,choc,manv,motor,occutc,Num_Acc,id_vehicule,num_veh,place,catu,grav,sexe,an_nais,trajet,secu1,secu2,secu3,locp,actp,etatp,Num_Acc,catr,voie,v1,v2,circ,nbv,vosp,prof,pr,pr1,plan,lartpc,larrout,surf,infra,situ,vma
201900001870,23,10,2019,18:30:00,5,75,75110,2,2,1,3,"RUE DE LANCRY","48,8698630","2,3607300",201900001870,138 303 057,B01,2,1,0,2,8,1,5,NULL,201900001870,138 303 057,B01,1,1,4,2,1992,0,8,2,-1,0,0,-1,201900001870,4,"RUE DE LANCRY",0,NULL,4,1,1,1,18,0,1,NULL,NULL,1,0,5,30
201900001907,23,10,2019,16:00:00,1,64,64371,2,1,8,6,"36 rue Victor Hugo","43,2208915"," -0,8878753",201900001907,138 302 986,A01,1,1,0,1,1,25,5,NULL,201900001907,138 302 986,A01,10,3,3,1,1930,0,0,-1,-1,5,A,1,201900001907,3,2,0,D,1,1,2,1,0,200,1,NULL,NULL,1,0,4,30
201900001907,23,10,2019,16:00:00,1,64,64371,2,1,8,6,"36 rue Victor Hugo","43,2208915"," -0,8878753",201900001907,138 302 986,A01,1,1,0,1,1,25,5,NULL,201900001907,138 302 986,A01,1,1,1,1,2006,5,0,-1,-1,0,0,-1,201900001907,3,2,0,D,1,1,2,1,0,200,1,NULL,NULL,1,0,4,30
201900001927,28,11,2019,17:20:00,2,44,44052,2,1,1,6,"La Lande des 3 Pointes","47,3449961"," -2,0706043",201900001927,138 302 946,A01,1,1,0,1,1,1,5,NULL,201900001927,138 302 946,A01,10,3,4,2,2013,2,0,-1,-1,3,3,2,201900001927,4,NULL,NULL,NULL,2,2,0,1,(1),(1),1,NULL,NULL,1,9,8,50
201900001927,28,11,2019,17:20:00,2,44,44052,2,1,1,6,"La Lande des 3 Pointes","47,3449961"," -2,0706043",201900001927,138 302 946,A01,1,1,0,1,1,1,5,NULL,201900001927,138 302 946,A01,1,1,1,1,2006,2,0,-1,-1,0,0,-1,201900001927,4,NULL,NULL,NULL,2,2,0,1,(1),(1),1,NULL,NULL,1,9,8,50
201900001967,26,11,2019,16:45:00,1,76,76498,2,1,1,2,"KENNEDY. RUE DU PRESIDENT","49,4317400","1,0702000",201900001967,138 302 865,A01,0,1,0,2,4,2,5,NULL,201900001967,138 302 865,A01,1,1,4,1,1994,5,8,0,-1,0,0,-1,201900001967,4,"KENNEDY. RUE DU PRESIDENT",0,NULL,1,1,0,1,0,0,1,NULL,NULL,1,0,1,30
201900001969,25,11,2019,17:30:00,5,76,76351,2,6,1,3,"IRENE JOLIOT CURIE (RUE)","49,5318400","0,1031600",201900001969,138 302 861,B01,0,1,0,2,7,1,5,NULL,201900001969,138 302 861,B01,1,1,4,1,1971,0,2,0,-1,0,0,-1,201900001969,3,147,0,NULL,1,2,0,1,5,270,2,NULL,NULL,1,0,1,50
201900001969,25,11,2019,17:30:00,5,76,76351,2,6,1,3,"IRENE JOLIOT CURIE (RUE)","49,5318400","0,1031600",201900001969,138 302 861,B01,0,1,0,2,7,1,5,NULL,201900001969,138 302 862,A01,1,1,1,1,1998,0,1,0,-1,0,0,-1,201900001969,3,147,0,NULL,1,2,0,1,5,270,2,NULL,NULL,1,0,1,50
201900001973,27,11,2019,06:50:00,5,69,69275,2,2,1,3,"CARNOT                              (R )","45,7632400","4,9705900",201900001973,138 302 855,B01,2,1,0,2,1,1,5,NULL,201900001973,138 302 854,A01,1,1,1,1,1975,1,1,8,-1,-1," -1",-1,201900001973,4,"CARNOT                              (R )",0,NULL,2,2,0,3,0,0,2,NULL,NULL,2,5,1,30
201900001973,27,11,2019,06:50:00,5,69,69275,2,2,1,3,"CARNOT                              (R )","45,7632400","4,9705900",201900001973,138 302 855,B01,2,1,0,2,1,1,5,NULL,201900001973,138 302 855,B01,1,1,4,1,1965,1,2,8,-1,-1," -1",-1,201900001973,4,"CARNOT                              (R )",0,NULL,2,2,0,3,0,0,2,NULL,NULL,2,5,1,30
201900001981,25,11,2019,13:05:00,1,54,54395,2,2,1,1,"LEOPOLD (COURS)","48,6970500","6,1756440",201900001981,138 302 839,A01,2,1,0,2,1,1,5,NULL,201900001981,138 302 838,B01,1,1,1,1,1965,0,1,0,-1,-1,0,-1,201900001981,4,"LEOPOLD (COURS)",0,NULL,1,2,2,1,0,0,1,NULL,NULL,1,0,1,50
201900001981,25,11,2019,13:05:00,1,54,54395,2,2,1,1,"LEOPOLD (COURS)","48,6970500","6,1756440",201900001981,138 302 839,A01,2,1,0,2,1,1,5,NULL,201900001981,138 302 839,A01,1,1,4,1,1986,1,2,0,-1,-1,0,-1,201900001981,4,"LEOPOLD (COURS)",0,NULL,1,2,2,1,0,0,1,NULL,NULL,1,0,1,50
201900001987,27,11,2019,19:15:00,5,37,37214,2,1,1,6,"DE GAULLE (BD CHARLES)","47,4177118","0,6655841",201900001987,138 302 824,B01,3,1,0,2,7,19,5,NULL,201900001987,138 302 823,A01,1,1,1,1,1939,5,1,8,-1,-1,0,-1,201900001987,4,"DE GAULLE (BD CHARLES)",0,NULL,2,2,0,1,0,0,1,NULL,NULL,1,0,1,50
201900001987,27,11,2019,19:15:00,5,37,37214,2,1,1,6,"DE GAULLE (BD CHARLES)","47,4177118","0,6655841",201900001987,138 302 824,B01,3,1,0,2,7,19,5,NULL,201900001987,138 302 824,B01,1,1,4,2,1955,5,2,8,-1,-1,0,-1,201900001987,4,"DE GAULLE (BD CHARLES)",0,NULL,2,2,0,1,0,0,1,NULL,NULL,1,0,1,50
201900001988,27,11,2019,08:00:00,5,37,37261,2,1,2,7,"GILLES (RUE CHARLES)","47,3884900","0,6904100",201900001988,138 302 822,A01,1,1,0,0,0,17,5,NULL,201900001988,138 302 822,A01,1,1,4,1,1975,1,8,8,-1,-1,0,-1,201900001988,4,"GILLES (RUE CHARLES)",0,NULL,1,1,0,1,0,0,1,NULL,NULL,2,0,1,50
201900001997,27,11,2019,05:30:00,5,31,31555,2,1,1,3,"BD DE LA MARQUETTE","43,6154800","1,4353800",201900001997,138 302 809,A01,2,1,0,2,1,19,5,NULL,201900001997,138 302 809,A01,1,1,4,1,1995,2,2,0,-1,-1," -1",-1,201900001997,4,NULL,0,NULL,1,2,0,2,0,0,1,NULL,NULL,2,0,1,50
201900001997,27,11,2019,05:30:00,5,31,31555,2,1,1,3,"BD DE LA MARQUETTE","43,6154800","1,4353800",201900001997,138 302 809,A01,2,1,0,2,1,19,5,NULL,201900001997,138 302 810,B01,1,1,1,1,1985,9,1,8,-1,-1," -1",-1,201900001997,4,NULL,0,NULL,1,2,0,2,0,0,1,NULL,NULL,2,0,1,50
201900002028,27,11,2019,20:32:00,5,75,75120,2,1,1,1,"RUE DE BELLEVILLE","48,8745444","2,3866577",201900002028,138 302 751,B01,2,1,0,2,1,17,5,NULL,201900002028,138 302 750,A01,1,1,4,1,1988,4,1,0,-1,0,0,-1,201900002028,4,"RUE DE BELLEVILLE",0,NULL,2,2,3,2,105,0,1,NULL,NULL,1,-1,6,50
201900002028,27,11,2019,20:32:00,5,75,75120,2,1,1,1,"RUE DE BELLEVILLE","48,8745444","2,3866577",201900002028,138 302 751,B01,2,1,0,2,1,17,5,NULL,201900002028,138 302 751,B01,1,1,4,2,1969,9,2,8,-1,0,0,-1,201900002028,4,"RUE DE BELLEVILLE",0,NULL,2,2,3,2,105,0,1,NULL,NULL,1,-1,6,50
201900002071,27,11,2019,12:00:00,1,68,68075,1,1,1,7,"Rue des Coteaux","47,5324190","7,3332350",201900002071,138 302 677,A01,0,1,0,0,9,0,5,NULL,201900002071,138 302 677,A01,1,1,3,2,1972,5,2,6,9,0,0,-1,201900002071,9,NULL,NULL,NULL,2,1,0,1,(1),(1),1,NULL,NULL,1,0,5,-1
201900002073,23,11,2019,17:25:00,2,29,29298,1,1,8,2,"1076 Moulin de Bondivy","47,9133560"," -4,3162860",201900002073,138 302 674,B01,1,1,0,2,4,1,5,NULL,201900002073,138 302 674,B01,1,1,4,1,1966,5,2,-1,-1,0,0,-1,201900002073,3,2,0,R,2,2,0,2,17,300,4,NULL,NULL,2,0,1,80
201900002073,23,11,2019,17:25:00,2,29,29298,1,1,8,2,"1076 Moulin de Bondivy","47,9133560"," -4,3162860",201900002073,138 302 674,B01,1,1,0,2,4,1,5,NULL,201900002073,138 302 675,A01,1,1,1,1,1944,5,1,-1,-1,0,0,-1,201900002073,3,2,0,R,2,2,0,2,17,300,4,NULL,NULL,2,0,1,80
201900002083,28,11,2019,05:45:00,1,974,97422,2,1,1,3,"Chemin Notre Dame de la Paix"," -21,2217070","55,5604410",201900002083,138 302 659,A01,2,1,0,2,1,13,5,NULL,201900002083,138 302 658,B01,1,1,1,1,1970,4,1,-1,-1,0,0,-1,201900002083,2,36,0,NULL,2,2,0,2,0,110,3,NULL,NULL,1,0,1,50
201900002083,28,11,2019,05:45:00,1,974,97422,2,1,1,3,"Chemin Notre Dame de la Paix"," -21,2217070","55,5604410",201900002083,138 302 659,A01,2,1,0,2,1,13,5,NULL,201900002083,138 302 659,A01,1,1,2,1,2005,2,0,-1,-1,0,0,-1,201900002083,2,36,0,NULL,2,2,0,2,0,110,3,NULL,NULL,1,0,1,50
201900002105,16,12,2019,07:30:00,5,38,38421,2,3,1,3,"RUE DE LA PASSERELLE","45,1940600","5,7674900",201900002105,138 302 611,B01,3,1,0,2,1,1,5,NULL,201900002105,138 302 611,B01,1,1,3,2,1997,0,8,6,-1,-1," -1",-1,201900002105,7,"RUE DE LA PASSERELLE",0,NULL,2,2,0,1,499,0,1,NULL,NULL,1,0,1,30
201900002105,16,12,2019,07:30:00,5,38,38421,2,3,1,3,"RUE DE LA PASSERELLE","45,1940600","5,7674900",201900002105,138 302 611,B01,3,1,0,2,1,1,5,NULL,201900002105,138 302 612,A01,1,1,1,1,1948,0,1,0,-1,-1," -1",-1,201900002105,7,"RUE DE LA PASSERELLE",0,NULL,2,2,0,1,499,0,1,NULL,NULL,1,0,1,30
201900002109,20,12,2019,15:15:00,1,974,97411,2,1,1,1,"DEBASSYNS (AVENUE)"," -20,8894413","55,4799324",201900002109,138 302 605,B01,2,1,0,2,1,16,0,NULL,201900002109,138 302 605,B01,1,1,4,1,1993,5,0,-1,-1,0,0,-1,201900002109,4,"DEBASSYNS (AVENUE)",0,NULL,2,2,0,2,0,0,1,NULL,NULL,1,0,1,50
201900002109,20,12,2019,15:15:00,1,974,97411,2,1,1,1,"DEBASSYNS (AVENUE)"," -20,8894413","55,4799324",201900002109,138 302 605,B01,2,1,0,2,1,16,0,NULL,201900002109,138 302 606,A01,1,1,1,1,1998,5,1,8,-1,-1," -1",-1,201900002109,4,"DEBASSYNS (AVENUE)",0,NULL,2,2,0,2,0,0,1,NULL,NULL,1,0,1,50
201900002137,2,12,2019,09:55:00,1,6,06088,2,3,1,3,"BESSET (AV.) (A PARTIR DU N° 47)","43,7169600","7,2555230",201900002137,138 302 560,A01,2,1,0,2,1,1,0,NULL,201900002137,138 302 559,B01,1,1,1,2,1980,0,1,0,-1,0,0,-1,201900002137,4,"BESSET (AV.) (A PARTIR DU N° 47)",0,NULL,2,2,0,2,0,0,1,NULL,NULL,2,0,1,50
201900002137,2,12,2019,09:55:00,1,6,06088,2,3,1,3,"BESSET (AV.) (A PARTIR DU N° 47)","43,7169600","7,2555230",201900002137,138 302 560,A01,2,1,0,2,1,1,0,NULL,201900002137,138 302 560,A01,1,1,4,1,1995,0,8,0,-1,0,0,-1,201900002137,4,"BESSET (AV.) (A PARTIR DU N° 47)",0,NULL,2,2,0,2,0,0,1,NULL,NULL,2,0,1,50
201900002143,10,12,2019,05:30:00,3,62,62244,1,1,8,3,"DEPARTEMENTALE 943","50,9263700","1,9038530",201900002143,138 302 550,Y01,3,1,0,2,4,2,0,NULL,201900002143,138 302 550,Y01,1,1,4,1,1994,1,8,0,-1,-1," -1",-1,201900002143,3,943,0,NULL,2,2,0,1,1,0,1,NULL,NULL,1,9,1,70
201900002151,16,12,2019,13:25:00,1,76,76575,2,6,1,3,"OREE DU ROUVRAY. RUE DE L'","49,3920800","1,0870400",201900002151,138 302 540,A01,3,1,0,2,0,9,5,NULL,201900002151,138 302 540,A01,1,1,4,2,1984,1,2,4,-1,0,0,-1,201900002151,4,"OREE DU ROUVRAY. RUE DE L'",0,NULL,-1,1,0,1,1,0,1,NULL,NULL,1,0,1,50
201900002172,11,9,2019,08:25:00,1,29,29019,2,1,8,3,"41 KERVERN AUGUSTE","48,4023988"," -4,4885748",201900002172,138 302 504,B01,1,1,0,0,8,2,5,NULL,201900002172,138 302 503,A01,1,1,1,2,1994,0,1,0,-1,0," -1",-1,201900002172,4,"KERVERN AUGUSTE",0,NULL,2,0,0,1,0,0,2,NULL,NULL,2,0,1,50
201900002172,11,9,2019,08:25:00,1,29,29019,2,1,8,3,"41 KERVERN AUGUSTE","48,4023988"," -4,4885748",201900002172,138 302 504,B01,1,1,0,0,8,2,5,NULL,201900002172,138 302 504,B01,1,1,4,1,2000,0,2,0,-1,0,0,-1,201900002172,4,"KERVERN AUGUSTE",0,NULL,2,0,0,1,0,0,2,NULL,NULL,2,0,1,50
201900002187,15,9,2019,10:30:00,1,6,06088,2,4,1,3,"CORNIGLION MOLINIER (BD)","43,6652260","7,2029889",201900002187,138 302 482,A01,3,1,0,2,8,19,5,NULL,201900002187,138 302 481,B01,1,1,1,1,1959,5,1,0,-1,0,0,-1,201900002187,7,6098,0,NULL,1,1,1,2,0,0,3,NULL,NULL,1,9,1,30
201900002187,15,9,2019,10:30:00,1,6,06088,2,4,1,3,"CORNIGLION MOLINIER (BD)","43,6652260","7,2029889",201900002187,138 302 482,A01,3,1,0,2,8,19,5,NULL,201900002187,138 302 482,A01,1,1,3,1,1957,5,2,8,-1,0,0,-1,201900002187,7,6098,0,NULL,1,1,1,2,0,0,3,NULL,NULL,1,9,1,30
201900002191,6,7,2019,11:25:00,1,10,10245,2,1,1,7,"grande rue","48,2560330","4,2075810",201900002191,138 302 473,A01,1,1,0,0,0,1,-1,NULL,201900002191,138 302 473,A01,1,1,2,1,1957,5,2,-1,-1,0,0,-1,201900002191,3,123,NULL,NULL,2,2,0,2,(1),(1),1,NULL,NULL,1,0,3,50
201900002192,29,9,2019,18:05:00,1,38,38012,2,3,1,3,"396 Route de Saint-Genix","45,5906930","5,6135070",201900002192,138 302 472,B01,3,1,0,2,4,1,5,NULL,201900002192,138 302 471,A01,1,1,1,2,1984,5,1,-1,-1,0,0,-1,201900002192,3,1516,NULL,NULL,2,2,0,1,(1),(1),2,NULL,NULL,1,5,1,50
201900002192,29,9,2019,18:05:00,1,38,38012,2,3,1,3,"396 Route de Saint-Genix","45,5906930","5,6135070",201900002192,138 302 472,B01,3,1,0,2,4,1,5,NULL,201900002192,138 302 472,B01,1,1,4,2,1963,5,2,6,-1,0,0,-1,201900002192,3,1516,NULL,NULL,2,2,0,1,(1),(1),2,NULL,NULL,1,5,1,50
201900002200,5,8,2019,12:00:00,1,61,61215,1,1,1,3,"Bon Amour","48,5187790","0,3707250",201900002200,138 302 455,B01,3,1,13,2,8,1,5,NULL,201900002200,138 302 455,B01,1,1,4,1,2002,5,6,9,-1,0,0,-1,201900002200,4,NULL,NULL,NULL,2,2,0,2,(1),(1),1,NULL,NULL,1,0,1,80
201900002255,1,7,2019,11:40:00,1,6,06077,1,1,7,6,"164 Route de l'Authion","43,8820810","7,3594460",201900002255,138 302 357,A01,2,1,8,0,1,1,6,NULL,201900002255,138 302 357,A01,1,1,3,1,1965,5,2,-1,-1,0,0,-1,201900002255,3,2566,0,D,2,2,0,1,17,400,1,NULL,NULL,1,0,1,80
201900002273,19,9,2019,12:05:00,1,38,38185,2,1,1,6,"PLACE VAUCANSON","45,1881000","5,7284000",201900002273,138 302 287,A01,3,1,0,1,0,21,5,NULL,201900002273,138 302 287,A01,1,1,1,1,1993,0,8,0,-1,-1," -1",-1,201900002273,4,"PLACE VAUCANSON",0,NULL,2,2,0,1,0,0,1,NULL,NULL,1,0,1,30
201900002273,19,9,2019,12:05:00,1,38,38185,2,1,1,6,"PLACE VAUCANSON","45,1881000","5,7284000",201900002273,138 302 287,A01,3,1,0,1,0,21,5,NULL,201900002273,138 302 287,A01,10,3,4,2,1937,0,8,0,-1,3,3,1,201900002273,4,"PLACE VAUCANSON",0,NULL,2,2,0,1,0,0,1,NULL,NULL,1,0,1,30
201900002288,19,9,2019,18:25:00,1,69,69034,2,1,1,6,"SOLDATS (DES)                       (MO)","45,7916400","4,8605300",201900002288,138 302 257,B01,3,1,0,2,7,18,5,NULL,201900002288,138 302 257,B01,1,1,3,1,1986,0,2,8,-1,-1,0,-1,201900002288,4,"SOLDATS (DES)                       (MO)",0,NULL,1,2,0,2,0,1,1,NULL,NULL,1,0,1,50
201900002288,19,9,2019,18:25:00,1,69,69034,2,1,1,6,"SOLDATS (DES)                       (MO)","45,7916400","4,8605300",201900002288,138 302 257,B01,3,1,0,2,7,18,5,NULL,201900002288,138 302 258,A01,1,1,1,1,2000,0,1,0,-1,-1,0,-1,201900002288,4,"SOLDATS (DES)                       (MO)",0,NULL,1,2,0,2,0,1,1,NULL,NULL,1,0,1,50
201900002288,19,9,2019,18:25:00,1,69,69034,2,1,1,6,"SOLDATS (DES)                       (MO)","45,7916400","4,8605300",201900002288,138 302 257,B01,3,1,0,2,7,18,5,NULL,201900002288,138 302 258,A01,2,2,1,1,1992,0,1,0,-1,-1," -1",-1,201900002288,4,"SOLDATS (DES)                       (MO)",0,NULL,1,2,0,2,0,1,1,NULL,NULL,1,0,1,50
201900002318,17,9,2019,11:40:00,1,64,64122,2,1,1,6,"MADRID (RUE DE)","43,4703700"," -1,5688600",201900002318,138 302 188,B01,1,1,0,0,0,1,5,NULL,201900002318,138 302 188,B01,1,1,4,2,1979,5,8,0,-1,0,0,-1,201900002318,4,"MADRID (RUE DE)",0,NULL,1,2,1,2,0,0,1,NULL,NULL,1,0,1,50
201900002318,17,9,2019,11:40:00,1,64,64122,2,1,1,6,"MADRID (RUE DE)","43,4703700"," -1,5688600",201900002318,138 302 188,B01,1,1,0,0,0,1,5,NULL,201900002318,138 302 189,A01,1,1,1,1,1948,4,1,0,-1,0,0,-1,201900002318,4,"MADRID (RUE DE)",0,NULL,1,2,1,2,0,0,1,NULL,NULL,1,0,1,50
201900002342,18,9,2019,17:40:00,1,13,13207,2,1,1,1,"VALLON (TRAVERSE DU)","43,2856680","5,3530210",201900002342,138 302 142,B01,2,1,0,2,1,0,5,NULL,201900002342,138 302 141,A01,1,1,4,1,1996,1,2,0,-1,-1,0,-1,201900002342,4,"VALLON (TRAVERSE DU)",0,NULL,2,1,0,2,0,0,1,NULL,NULL,1,0,1,50
201900002342,18,9,2019,17:40:00,1,13,13207,2,1,1,1,"VALLON (TRAVERSE DU)","43,2856680","5,3530210",201900002342,138 302 142,B01,2,1,0,2,1,0,5,NULL,201900002342,138 302 141,A01,2,2,1,1,2000,1,8,0,-1,-1," -1",-1,201900002342,4,"VALLON (TRAVERSE DU)",0,NULL,2,1,0,2,0,0,1,NULL,NULL,1,0,1,50
201900002342,18,9,2019,17:40:00,1,13,13207,2,1,1,1,"VALLON (TRAVERSE DU)","43,2856680","5,3530210",201900002342,138 302 142,B01,2,1,0,2,1,0,5,NULL,201900002342,138 302 142,B01,1,1,4,1,2005,5,8,0,-1,-1," -1",-1,201900002342,4,"VALLON (TRAVERSE DU)",0,NULL,2,1,0,2,0,0,1,NULL,NULL,1,0,1,50
201900002352,19,9,2019,18:50:00,1,75,75120,2,3,1,6,"AVENUE GAMBETTA","48,8641600","2,3922300",201900002352,138 302 119,A01,2,1,0,2,1,1,5,NULL,201900002352,138 302 119,A01,1,1,4,1,1971,1,8,2,-1,0,0,-1,201900002352,4,"AVENUE GAMBETTA",0,NULL,2,2,0,2,0,0,1,NULL,NULL,1,0,1,50
201900002363,18,9,2019,09:20:00,1,75,75116,2,7,1,3,"PLACE DE LA PORTE DE SAINT CLOUD","48,8375241","2,2567195",201900002363,138 302 103,B01,2,1,0,2,8,1,5,NULL,201900002363,138 302 102,A01,1,1,1,1,1966,1,1,0,-1,0,0,-1,201900002363,4,"PLACE DE LA PORTE DE SAINT CLOUD",0,NULL,4,3,0,1,0,0,3,NULL,NULL,1,0,1,50
201900002363,18,9,2019,09:20:00,1,75,75116,2,7,1,3,"PLACE DE LA PORTE DE SAINT CLOUD","48,8375241","2,2567195",201900002363,138 302 103,B01,2,1,0,2,8,1,5,NULL,201900002363,138 302 103,B01,1,1,4,2,1977,1,8,2,-1,0,0,-1,201900002363,4,"PLACE DE LA PORTE DE SAINT CLOUD",0,NULL,4,3,0,1,0,0,3,NULL,NULL,1,0,1,50
201900002365,19,9,2019,20:00:00,2,75,75120,2,7,1,3,"AVENUE DE LA PORTE DE VINCENNES","48,8470311","2,4114947",201900002365,138 302 098,A01,1,1,0,2,8,16,5,NULL,201900002365,138 302 098,A01,1,1,4,2,2005,5,2,8,-1,0,0,-1,201900002365,4,"AVENUE DE LA PORTE DE VINCENNES",0,NULL,2,6,0,1,0,0,1,NULL,NULL,1,0,1,50
201900002365,19,9,2019,20:00:00,2,75,75120,2,7,1,3,"AVENUE DE LA PORTE DE VINCENNES","48,8470311","2,4114947",201900002365,138 302 098,A01,1,1,0,2,8,16,5,NULL,201900002365,138 302 099,B01,1,1,1,2,1957,1,1,0,-1,0,0,-1,201900002365,4,"AVENUE DE LA PORTE DE VINCENNES",0,NULL,2,6,0,1,0,0,1,NULL,NULL,1,0,1,50
201900002369,19,9,2019,18:41:00,1,75,75110,2,1,1,6,"BOULEVARD DE LA VILLETTE","48,8748100","2,3736260",201900002369,138 302 090,Z01,2,1,0,1,7,1,5,NULL,201900002369,138 302 090,Z01,10,3,4,1,1942,3,0,-1,-1,5,2,1,201900002369,4,"BOULEVARD DE LA VILLETTE",0,NULL,3,2,-1,1,41,0,1,NULL,NULL,1,0,4,50
201900002371,19,9,2019,10:30:00,1,75,75104,2,2,1,3,"BOULEVARD DU PALAIS","48,8543470","2,3449290",201900002371,138 302 087,B01,1,1,0,2,0,13,5,NULL,201900002371,138 302 086,A01,1,1,1,1,1988,4,1,0,-1,0,0,-1,201900002371,4,"BOULEVARD DU PALAIS",0,NULL,2,4,3,1,0,0,1,NULL,NULL,1,0,6,50
201900002371,19,9,2019,10:30:00,1,75,75104,2,2,1,3,"BOULEVARD DU PALAIS","48,8543470","2,3449290",201900002371,138 302 087,B01,1,1,0,2,0,13,5,NULL,201900002371,138 302 087,B01,1,1,4,2,2002,0,8,2,-1,0,0,-1,201900002371,4,"BOULEVARD DU PALAIS",0,NULL,2,4,3,1,0,0,1,NULL,NULL,1,0,6,50
201900002393,19,9,2019,17:10:00,1,93,93010,2,1,1,2,"VERDUN (AV. DE) 1 A 33","48,9052330","2,4903640",201900002393,138 302 046,B01,1,1,0,2,4,2,5,NULL,201900002393,138 302 045,A01,1,1,1,1,1975,4,2,6,-1,-1," -1",-1,201900002393,4,"VERDUN (AV. DE) 1 A 33",0,NULL,2,1,0,1,0,0,1,NULL,NULL,1,0,1,30
201900002393,19,9,2019,17:10:00,1,93,93010,2,1,1,2,"VERDUN (AV. DE) 1 A 33","48,9052330","2,4903640",201900002393,138 302 046,B01,1,1,0,2,4,2,5,NULL,201900002393,138 302 046,B01,1,1,4,1,2007,2,8,0,-1,-1," -1",-1,201900002393,4,"VERDUN (AV. DE) 1 A 33",0,NULL,2,1,0,1,0,0,1,NULL,NULL,1,0,1,30
201900002423,20,9,2019,10:25:00,1,34,34096,1,4,1,6,D909,"43,5624760","3,1806360",201900002423,138 301 991,A01,1,1,0,2,8,19,6,NULL,201900002423,138 301 990,B01,1,1,1,2,1964,4,1,-1,-1,0,0,-1,201900002423,3,909,NULL,NULL,2,3,0,2,27,0,2,NULL,NULL,1,0,1,90
201900002423,20,9,2019,10:25:00,1,34,34096,1,4,1,6,D909,"43,5624760","3,1806360",201900002423,138 301 991,A01,1,1,0,2,8,19,6,NULL,201900002423,138 301 991,A01,1,1,2,1,1936,5,2,-1,-1,0,0,-1,201900002423,3,909,NULL,NULL,2,3,0,2,27,0,2,NULL,NULL,1,0,1,90
201900002432,20,9,2019,10:05:00,1,18,18015,1,1,7,2,"Route de Clémont, LES CHAMPS DES PRES","47,5158280","2,4022350",201900002432,138 301 975,B01,1,1,0,2,4,1,5,NULL,201900002432,138 301 975,B01,1,1,3,1,1947,5,2,9,-1,0,0,-1,201900002432,3,923,NULL,NULL,2,2,0,1,23,200,1,NULL,NULL,1,0,1,80
201900002432,20,9,2019,10:05:00,1,18,18015,1,1,7,2,"Route de Clémont, LES CHAMPS DES PRES","47,5158280","2,4022350",201900002432,138 301 975,B01,1,1,0,2,4,1,5,NULL,201900002432,138 301 976,A01,1,1,1,1,1973,4,1,-1,-1,0,0,-1,201900002432,3,923,NULL,NULL,2,2,0,1,23,200,1,NULL,NULL,1,0,1,80
201900002452,11,2,2019,17:55:00,1,49,49007,2,1,1,6,"DUPETIT THOUARS","47,4634320"," -0,5526160",201900002452,138 301 938,A01,1,1,15,0,1,2,5,NULL,201900002452,138 301 938,A01,1,1,4,2,1984,5,2,8,-1,-1,0,-1,201900002452,4,"DUPETIT THOUARS",0,NULL,2,2,0,1,0,0,2,NULL,NULL,1,0,1,30
201900002452,11,2,2019,17:55:00,1,49,49007,2,1,1,6,"DUPETIT THOUARS","47,4634320"," -0,5526160",201900002452,138 301 938,A01,1,1,15,0,1,2,5,NULL,201900002452,138 301 938,A01,3,2,4,1,2017,5,3,8,-1,-1,0,-1,201900002452,4,"DUPETIT THOUARS",0,NULL,2,2,0,1,0,0,2,NULL,NULL,1,0,1,30
201900002452,11,2,2019,17:55:00,1,49,49007,2,1,1,6,"DUPETIT THOUARS","47,4634320"," -0,5526160",201900002452,138 301 938,A01,1,1,15,0,1,2,5,NULL,201900002452,138 301 938,A01,2,2,4,2,2014,5,3,8,-1,-1,0,-1,201900002452,4,"DUPETIT THOUARS",0,NULL,2,2,0,1,0,0,2,NULL,NULL,1,0,1,30
201900002455,11,2,2019,15:07:00,1,47,47001,2,4,1,3,"08 PUITS DU SAUMON (RUE DU)","44,2056200","0,6165000",201900002455,138 301 933,A01,2,1,0,2,1,1,5,NULL,201900002455,138 301 933,A01,1,1,3,1,1981,9,8,0,-1,0,0,-1,201900002455,4,"PUITS DU SAUMON (RUE DU)",0,NULL,1,1,0,1,(1),0,3,NULL,NULL,1,0,1,30
201900002455,11,2,2019,15:07:00,1,47,47001,2,4,1,3,"08 PUITS DU SAUMON (RUE DU)","44,2056200","0,6165000",201900002455,138 301 933,A01,2,1,0,2,1,1,5,NULL,201900002455,138 301 934,B01,1,1,1,1,1975,4,1,0,-1,-1," -1",-1,201900002455,4,"PUITS DU SAUMON (RUE DU)",0,NULL,1,1,0,1,(1),0,3,NULL,NULL,1,0,1,30
201900002479,12,2,2019,15:45:00,1,29,29019,2,6,1,3,KERGOAT,"48,4018237"," -4,5024778",201900002479,138 301 882,B01,3,1,0,2,8,19,5,NULL,201900002479,138 301 881,A01,1,1,1,2,2000,0,1,0,-1,0,0,-1,201900002479,4,KERGOAT,0,NULL,-1,0,0,1,0,0,1,NULL,NULL,1,0,1,50