Num_Acc,jour,mois,an,hrmn,lum,dep,com,agg,int,atm,col,adr,lat,long,Num_Acc,id_vehicule,num_veh,senc,catv,obs,obsm,choc,manv,motor,occutc,Num_Acc,id_vehicule,num_veh,place,catu,grav,sexe,an_nais,trajet,secu1,secu2,secu3,locp,actp,etatp,Num_Acc,catr,voie,v1,v2,circ,nbv,vosp,prof,pr,pr1,plan,lartpc,larrout,surf,infra,situ,vma
201900002479,12,2,2019,15:45:00,1,29,29019,2,6,1,3,KERGOAT,"48,4018237"," -4,5024778",201900002479,138 301 882,B01,3,1,0,2,8,19,5,NULL,201900002479,138 301 881,A01,10,3,1,2,1997,2,8,8,-1,3,3,1,201900002479,4,KERGOAT,0,NULL,-1,0,0,1,0,0,1,NULL,NULL,1,0,1,50
201900002479,12,2,2019,15:45:00,1,29,29019,2,6,1,3,KERGOAT,"48,4018237"," -4,5024778",201900002479,138 301 882,B01,3,1,0,2,8,19,5,NULL,201900002479,138 301 882,B01,1,1,4,1,1997,-1,2,8,-1,0," -1",-1,201900002479,4,KERGOAT,0,NULL,-1,0,0,1,0,0,1,NULL,NULL,1,0,1,50
201900002518,11,2,2019,11:43:00,1,75,75103,2,3,1,3,"RUE SAINT CLAUDE","48,8601140","2,3664630",201900002518,138 301 815,A01,2,1,0,2,2,1,5,NULL,201900002518,138 301 814,B01,1,1,1,1,1987,9,1,0,-1,0,0,-1,201900002518,4,"RUE SAINT CLAUDE",0,NULL,-1,2,0,2,0,0,1,NULL,NULL,1,0,1,30
201900002518,11,2,2019,11:43:00,1,75,75103,2,3,1,3,"RUE SAINT CLAUDE","48,8601140","2,3664630",201900002518,138 301 815,A01,2,1,0,2,2,1,5,NULL,201900002518,138 301 815,A01,1,1,3,1,1962,0,8,0,-1,0,0,-1,201900002518,4,"RUE SAINT CLAUDE",0,NULL,-1,2,0,2,0,0,1,NULL,NULL,1,0,1,30
201900002542,12,2,2019,15:10:00,1,44,44010,1,6,1,3,"ROND POINT DE LA GOVELLE - CD 45","47,2675270"," -2,4542160",201900002542,138 301 778,B01,2,1,0,0,7,1,0,NULL,201900002542,138 301 777,A01,1,1,1,2,1950,5,1,-1,-1,0,0,-1,201900002542,3,45,0,NULL,2,2,0,1,4,622,3,NULL,NULL,1,5,1,70
201900002542,12,2,2019,15:10:00,1,44,44010,1,6,1,3,"ROND POINT DE LA GOVELLE - CD 45","47,2675270"," -2,4542160",201900002542,138 301 778,B01,2,1,0,0,7,1,0,NULL,201900002542,138 301 778,B01,1,1,3,2,1955,5,0,-1,-1,0,0,-1,201900002542,3,45,0,NULL,2,2,0,1,4,622,3,NULL,NULL,1,5,1,70
201900002563,13,2,2019,14:50:00,1,26,26146,1,1,1,3,"RD 541 PR 15.100","44,4208698","4,8708923",201900002563,138 301 742,A01,1,1,0,2,1,19,6,NULL,201900002563,138 301 741,B01,1,1,1,1,1965,5,1,-1,-1,0,0,-1,201900002563,3,541,NULL,NULL,2,2,0,2,15,100,1,NULL,NULL,1,0,1,80
201900002563,13,2,2019,14:50:00,1,26,26146,1,1,1,3,"RD 541 PR 15.100","44,4208698","4,8708923",201900002563,138 301 742,A01,1,1,0,2,1,19,6,NULL,201900002563,138 301 742,A01,1,1,3,1,1989,5,2,9,-1,0,0,-1,201900002563,3,541,NULL,NULL,2,2,0,2,15,100,1,NULL,NULL,1,0,1,80
201900002566,14,2,2019,16:25:00,1,64,64230,1,1,1,2,"RD 217 ROUTE DE LAS HIES","43,2391060"," -0,4222360",201900002566,138 301 736,A01,2,1,1,0,1,1,5,NULL,201900002566,138 301 736,A01,1,1,4,1,1972,5,2,-1,-1,0,0,-1,201900002566,3,217,NULL,NULL,2,2,0,1,8,50,1,NULL,NULL,1,0,1,70
201900002566,14,2,2019,16:25:00,1,64,64230,1,1,1,2,"RD 217 ROUTE DE LAS HIES","43,2391060"," -0,4222360",201900002566,138 301 736,A01,2,1,1,0,1,1,5,NULL,201900002566,138 301 737,B01,1,1,1,1,1976,4,1,-1,-1,0,0,-1,201900002566,3,217,NULL,NULL,2,2,0,1,8,50,1,NULL,NULL,1,0,1,70
201900002567,14,2,2019,13:50:00,1,24,24347,1,3,1,1,"LA CROIX","44,7169650","0,7994390",201900002567,138 301 734,A01,3,1,0,2,8,16,5,NULL,201900002567,138 301 734,A01,1,1,2,1,1947,5,2,-1,-1,0,0,-1,201900002567,3,660,NULL,NULL,2,2,0,2,35,(1),2,NULL,NULL,1,0,1,80
201900002567,14,2,2019,13:50:00,1,24,24347,1,3,1,1,"LA CROIX","44,7169650","0,7994390",201900002567,138 301 734,A01,3,1,0,2,8,16,5,NULL,201900002567,138 301 735,B01,1,1,1,2,1957,4,1,-1,-1,0,0,-1,201900002567,3,660,NULL,NULL,2,2,0,2,35,(1),2,NULL,NULL,1,0,1,80
201900002579,5,2,2019,19:10:00,5,42,42187,2,1,1,1,"FUYANT (RUE DU)","46,0430420","4,0535410",201900002579,138 301 695,B01,3,1,0,2,2,19,0,NULL,201900002579,138 301 695,B01,2,2,4,2,2012,0,2,0,-1,0,0,-1,201900002579,4,"FUYANT (RUE DU)",0,NULL,1,2,1,1,0,0,1,NULL,NULL,1,0,1,50
201900002579,5,2,2019,19:10:00,5,42,42187,2,1,1,1,"FUYANT (RUE DU)","46,0430420","4,0535410",201900002579,138 301 695,B01,3,1,0,2,2,19,0,NULL,201900002579,138 301 695,B01,1,1,4,1,1986,0,8,0,-1,0,0,-1,201900002579,4,"FUYANT (RUE DU)",0,NULL,1,2,1,1,0,0,1,NULL,NULL,1,0,1,50
201900002579,5,2,2019,19:10:00,5,42,42187,2,1,1,1,"FUYANT (RUE DU)","46,0430420","4,0535410",201900002579,138 301 695,B01,3,1,0,2,2,19,0,NULL,201900002579,138 301 696,A01,1,1,1,2,1966,3,1,0,-1,0,0,-1,201900002579,4,"FUYANT (RUE DU)",0,NULL,1,2,1,1,0,0,1,NULL,NULL,1,0,1,50
201900002618,9,2,2019,15:50:00,1,972,97213,1,1,1,3,"PELLETIER (ROUTE DE)","14,6566850"," -60,9785100",201900002618,138 301 623,B01,2,1,0,2,0,0,5,NULL,201900002618,138 301 622,A01,1,1,4,1,1970,0,1,0,0,-1,0,-1,201900002618,3,3,2,NULL,2,2,0,2,2,750,3,NULL,NULL,1,0,1,50
201900002618,9,2,2019,15:50:00,1,972,97213,1,1,1,3,"PELLETIER (ROUTE DE)","14,6566850"," -60,9785100",201900002618,138 301 623,B01,2,1,0,2,0,0,5,NULL,201900002618,138 301 623,B01,1,1,3,1,2001,0,2,8,-1,-1,0,-1,201900002618,3,3,2,NULL,2,2,0,2,2,750,3,NULL,NULL,1,0,1,50
201900002628,9,7,2019,16:50:00,1,973,97302,2,1,1,2,"MANGO (CITE)","4,9325935"," -52,3185575",201900002628,138 301 602,B01,1,1,0,2,4,1,5,NULL,201900002628,138 301 602,B01,1,1,4,1,1955,5,8,0,-1,-1,0,-1,201900002628,4,"MANGO (CITE)",0,NULL,2,2,0,1,(1),(1),1,NULL,NULL,1,0,1,50
201900002628,9,7,2019,16:50:00,1,973,97302,2,1,1,2,"MANGO (CITE)","4,9325935"," -52,3185575",201900002628,138 301 602,B01,1,1,0,2,4,1,5,NULL,201900002628,138 301 603,A01,1,1,1,1,1978,5,1,0,-1,-1,0,-1,201900002628,4,"MANGO (CITE)",0,NULL,2,2,0,1,(1),(1),1,NULL,NULL,1,0,1,50
201900002642,8,7,2019,17:25:00,1,88,88413,2,1,1,2,"Avenue de l'egalité","48,2927070","6,9357530",201900002642,138 301 570,A01,1,1,0,2,1,2,6,NULL,201900002642,138 301 570,A01,1,1,4,1,1999,0,8,0,-1,0,0,-1,201900002642,4,"Avenue de l'egalité",0,NULL,3,2,0,1,0,0,1,NULL,NULL,1,0,1,50
201900002642,8,7,2019,17:25:00,1,88,88413,2,1,1,2,"Avenue de l'egalité","48,2927070","6,9357530",201900002642,138 301 570,A01,1,1,0,2,1,2,6,NULL,201900002642,138 301 571,B01,1,1,1,2,1988,0,1,8,-1,0,0,-1,201900002642,4,"Avenue de l'egalité",0,NULL,3,2,0,1,0,0,1,NULL,NULL,1,0,1,50
201900002671,27,5,2019,17:45:00,1,50,50647,2,6,1,7,"CONILLOT (RUE DU)","48,8403800"," -1,5591900",201900002671,138 301 521,A01,0,1,0,0,1,15,6,NULL,201900002671,138 301 521,A01,1,1,4,1,1998,1,2,0,-1,0,0,-1,201900002671,3,135,0,NULL,2,2,0,1,3,710,1,NULL,NULL,1,0,3,50
201900002676,9,7,2019,17:30:00,1,37,37208,2,2,1,3,"BELLERIE (RUE DE LA)","47,3502651","0,7404631",201900002676,138 301 512,A01,3,1,0,2,1,16,5,NULL,201900002676,138 301 511,B01,1,1,1,1,1961,9,1,8,-1,-1,0,-1,201900002676,4,"BELLERIE (RUE DE LA)",0,NULL,2,2,0,2,0,0,1,NULL,NULL,1,0,1,50
201900002676,9,7,2019,17:30:00,1,37,37208,2,2,1,3,"BELLERIE (RUE DE LA)","47,3502651","0,7404631",201900002676,138 301 512,A01,3,1,0,2,1,16,5,NULL,201900002676,138 301 512,A01,1,1,4,2,2007,5,2,0,-1,-1,0,-1,201900002676,4,"BELLERIE (RUE DE LA)",0,NULL,2,2,0,2,0,0,1,NULL,NULL,1,0,1,50
201900002680,8,7,2019,17:15:00,1,35,35281,2,2,7,3,"ALBERT 1ER (BD)","48,0902936"," -1,6927318",201900002680,138 301 507,A01,2,1,0,2,1,15,5,NULL,201900002680,138 301 506,B01,1,1,1,1,1958,0,1,0,-1,-1,0,-1,201900002680,4,"ALBERT 1ER (BD)",0,NULL,2,4,0,1,0,0,1,NULL,NULL,1,0,1,50
201900002680,8,7,2019,17:15:00,1,35,35281,2,2,7,3,"ALBERT 1ER (BD)","48,0902936"," -1,6927318",201900002680,138 301 507,A01,2,1,0,2,1,15,5,NULL,201900002680,138 301 507,A01,1,1,4,1,1993,1,2,6,-1,-1,0,-1,201900002680,4,"ALBERT 1ER (BD)",0,NULL,2,4,0,1,0,0,1,NULL,NULL,1,0,1,50
201900002683,9,7,2019,13:10:00,1,34,34172,2,9,1,3,"PONT DE LATTES (RUE DU)","43,6042871","3,8835333",201900002683,138 301 499,B01,1,1,0,2,0,1,0,NULL,201900002683,138 301 499,B01,1,1,4,1,1988,9,8,0,-1,0,0,-1,201900002683,4,"PONT DE LATTES (RUE DU)",0,NULL,2,2,3,2,(1),(1),1,NULL,NULL,2,0,1,50
201900002683,9,7,2019,13:10:00,1,34,34172,2,9,1,3,"PONT DE LATTES (RUE DU)","43,6042871","3,8835333",201900002683,138 301 499,B01,1,1,0,2,0,1,0,NULL,201900002683,138 301 500,A01,1,1,1,1,1988,4,1,0,-1,0,0,-1,201900002683,4,"PONT DE LATTES (RUE DU)",0,NULL,2,2,3,2,(1),(1),1,NULL,NULL,2,0,1,50
201900002899,25,7,2019,18:30:00,1,29,29103,2,4,1,3,"Rue Hervé de Guébriant","48,4474450"," -4,2700320",201900002899,138 301 059,B01,3,1,0,2,3,11,5,NULL,201900002899,138 301 058,A01,1,1,1,1,1972,4,1,-1,-1,0,0,-1,201900002899,4,NULL,0,NULL,2,2,0,1,(1),(1),1,NULL,NULL,1,5,5,50
201900002899,25,7,2019,18:30:00,1,29,29103,2,4,1,3,"Rue Hervé de Guébriant","48,4474450"," -4,2700320",201900002899,138 301 059,B01,3,1,0,2,3,11,5,NULL,201900002899,138 301 059,B01,1,1,4,1,2003,5,0,-1,-1,0,0,-1,201900002899,4,NULL,0,NULL,2,2,0,1,(1),(1),1,NULL,NULL,1,5,5,50
201900002960,16,8,2019,18:35:00,1,62,62571,1,1,1,3,"Route de Berck","50,4350510","1,6093290",201900002960,138 300 918,B01,1,1,0,2,1,1,5,NULL,201900002960,138 300 918,B01,1,1,3,1,1942,5,2,-1,-1,0,0,-1,201900002960,3,940,NULL,D,2,2,1,1,14,500,1,NULL,NULL,1,0,5,80
201900002960,16,8,2019,18:35:00,1,62,62571,1,1,1,3,"Route de Berck","50,4350510","1,6093290",201900002960,138 300 918,B01,1,1,0,2,1,1,5,NULL,201900002960,138 300 919,A01,1,1,1,2,1981,5,1,-1,-1,0,0,-1,201900002960,3,940,NULL,D,2,2,1,1,14,500,1,NULL,NULL,1,0,5,80
201900002961,22,10,2019,09:35:00,1,69,69266,2,1,8,6,"ROGER SALENGRO     (Avenue)","45,7785600","4,8798600",201900002961,138 300 917,A01,1,1,0,1,2,17,0,NULL,201900002961,138 300 917,A01,10,3,4,1,1942,0,0,0,0,2,3,1,201900002961,4,"AVENUE ROGER SALENGRO",0,NULL,2,0,0,1,0,0,1,NULL,NULL,2,0,1,50
201900002961,22,10,2019,09:35:00,1,69,69266,2,1,8,6,"ROGER SALENGRO     (Avenue)","45,7785600","4,8798600",201900002961,138 300 917,A01,1,1,0,1,2,17,0,NULL,201900002961,138 300 917,A01,1,1,1,2,1977,0,2,0,-1,-1," -1",-1,201900002961,4,"AVENUE ROGER SALENGRO",0,NULL,2,0,0,1,0,0,1,NULL,NULL,2,0,1,50
201900002988,22,10,2019,11:10:00,1,59,59350,2,9,1,3,"DEFRENNE ADOLPHE RUE","50,6495500","2,9866700",201900002988,138 300 869,B01,3,1,0,2,7,9,5,NULL,201900002988,138 300 869,B01,1,1,4,1,2006,0,8,0,-1,-1," -1",-1,201900002988,4,"DEFRENNE ADOLPHE RUE",0,NULL,2,0,0,1,0,0,1,NULL,NULL,1,0,1,50
201900002988,22,10,2019,11:10:00,1,59,59350,2,9,1,3,"DEFRENNE ADOLPHE RUE","50,6495500","2,9866700",201900002988,138 300 869,B01,3,1,0,2,7,9,5,NULL,201900002988,138 300 870,A01,1,1,1,1,1956,0,1,0,-1,-1," -1",-1,201900002988,4,"DEFRENNE ADOLPHE RUE",0,NULL,2,0,0,1,0,0,1,NULL,NULL,1,0,1,50
201900002992,8,6,2019,13:55:00,1,68,68019,1,3,1,1,"CD 468","48,0959810","7,5334860",201900002992,138 300 865,B01,2,1,0,0,8,0,5,NULL,201900002992,138 300 862,A01,1,1,1,1,1974,5,8,-1,-1,0,0,-1,201900002992,3,468,NULL,NULL,2,1,0,1,53,900,1,NULL,NULL,1,0,1,80
201900002992,8,6,2019,13:55:00,1,68,68019,1,3,1,1,"CD 468","48,0959810","7,5334860",201900002992,138 300 865,B01,2,1,0,0,8,0,5,NULL,201900002992,138 300 865,B01,1,1,3,1,2012,5,2,-1,-1,0,0,-1,201900002992,3,468,NULL,NULL,2,1,0,1,53,900,1,NULL,NULL,1,0,1,80
201900002994,13,8,2019,14:40:00,1,79,79213,2,1,1,3,"31 avenue de lauzon","46,6096020"," -0,2355090",201900002994,138 300 861,B01,2,1,0,0,0,2,5,NULL,201900002994,138 300 860,A01,1,1,1,1,1966,4,1,-1,-1,0,0,-1,201900002994,3,938,NULL,NULL,2,2,0,1,48,985,1,18,65,1,0,1,50
201900002994,13,8,2019,14:40:00,1,79,79213,2,1,1,3,"31 avenue de lauzon","46,6096020"," -0,2355090",201900002994,138 300 861,B01,2,1,0,0,0,2,5,NULL,201900002994,138 300 861,B01,1,1,3,1,1936,5,9,-1,-1,0,0,-1,201900002994,3,938,NULL,NULL,2,2,0,1,48,985,1,18,65,1,0,1,50
201900003008,14,8,2019,12:00:00,1,65,65006,1,1,1,2,"PK 6+800- D113","42,8877072","0,3213380",201900003008,138 300 835,A01,2,1,0,2,1,2,5,NULL,201900003008,138 300 835,A01,1,1,4,1,1982,5,2,-1,-1,0,0,-1,201900003008,3,113,0,NULL,2,2,0,2,6,800,1,NULL,NULL,1,0,1,80
201900003008,14,8,2019,12:00:00,1,65,65006,1,1,1,2,"PK 6+800- D113","42,8877072","0,3213380",201900003008,138 300 835,A01,2,1,0,2,1,2,5,NULL,201900003008,138 300 839,B01,9,2,1,2,2013,5,1,-1,-1,0,0,-1,201900003008,3,113,0,NULL,2,2,0,2,6,800,1,NULL,NULL,1,0,1,80
201900003008,14,8,2019,12:00:00,1,65,65006,1,1,1,2,"PK 6+800- D113","42,8877072","0,3213380",201900003008,138 300 835,A01,2,1,0,2,1,2,5,NULL,201900003008,138 300 839,B01,1,1,1,1,1969,5,1,-1,-1,0,0,-1,201900003008,3,113,0,NULL,2,2,0,2,6,800,1,NULL,NULL,1,0,1,80
201900003008,14,8,2019,12:00:00,1,65,65006,1,1,1,2,"PK 6+800- D113","42,8877072","0,3213380",201900003008,138 300 835,A01,2,1,0,2,1,2,5,NULL,201900003008,138 300 839,B01,8,2,1,1,2010,5,1,-1,-1,0,0,-1,201900003008,3,113,0,NULL,2,2,0,2,6,800,1,NULL,NULL,1,0,1,80
201900003008,14,8,2019,12:00:00,1,65,65006,1,1,1,2,"PK 6+800- D113","42,8877072","0,3213380",201900003008,138 300 835,A01,2,1,0,2,1,2,5,NULL,201900003008,138 300 839,B01,7,2,1,2,2009,5,1,-1,-1,0,0,-1,201900003008,3,113,0,NULL,2,2,0,2,6,800,1,NULL,NULL,1,0,1,80
201900003008,14,8,2019,12:00:00,1,65,65006,1,1,1,2,"PK 6+800- D113","42,8877072","0,3213380",201900003008,138 300 835,A01,2,1,0,2,1,2,5,NULL,201900003008,138 300 839,B01,2,2,1,2,1973,5,1,-1,-1,0,0,-1,201900003008,3,113,0,NULL,2,2,0,2,6,800,1,NULL,NULL,1,0,1,80
201900003010,14,8,2019,12:00:00,1,65,65138,1,1,1,6,"D 920","42,8556290"," -0,1280500",201900003010,138 300 831,B01,2,1,13,0,2,21,5,NULL,201900003010,138 300 831,B01,1,1,3,1,1986,5,2,-1,-1,0,0,-1,201900003010,3,920,0,NULL,2,2,0,2,17,0,3,NULL,NULL,1,0,1,80
201900003010,14,8,2019,12:00:00,1,65,65138,1,1,1,6,"D 920","42,8556290"," -0,1280500",201900003010,138 300 831,B01,2,1,13,0,2,21,5,NULL,201900003010,138 300 832,A01,1,1,1,1,1983,5,8,-1,-1,0,0,-1,201900003010,3,920,0,NULL,2,2,0,2,17,0,3,NULL,NULL,1,0,1,80
201900003013,4,6,2019,16:15:00,1,974,97422,2,1,1,6,"161 Rue Georges Pompidou"," -21,2557370","55,5226000",201900003013,138 300 827,A01,3,1,0,1,1,17,5,NULL,201900003013,138 300 827,A01,1,1,4,1,1983,5,0,-1,-1,0,0,-1,201900003013,2,3,NULL,NULL,2,2,0,2,(1),(1),1,NULL,NULL,1,6,1,50
201900003013,4,6,2019,16:15:00,1,974,97422,2,1,1,6,"161 Rue Georges Pompidou"," -21,2557370","55,5226000",201900003013,138 300 827,A01,3,1,0,1,1,17,5,NULL,201900003013,138 300 827,A01,10,3,1,1,1988,5,0,-1,-1,3,3,1,201900003013,2,3,NULL,NULL,2,2,0,2,(1),(1),1,NULL,NULL,1,6,1,50
201900003036,15,8,2019,07:55:00,1,12,12239,1,2,2,3,"RD 45 - PK 13+322","44,4290190","2,9628180",201900003036,138 300 786,B01,2,1,0,2,1,1,5,NULL,201900003036,138 300 785,A01,1,1,1,1,1950,5,8,-1,-1,0,0,-1,201900003036,3,45,0,NULL,2,2,0,1,13,322,1,NULL,NULL,1,0,1,80
201900003036,15,8,2019,07:55:00,1,12,12239,1,2,2,3,"RD 45 - PK 13+322","44,4290190","2,9628180",201900003036,138 300 786,B01,2,1,0,2,1,1,5,NULL,201900003036,138 300 786,B01,1,1,2,1,1952,5,2,-1,-1,0,0,-1,201900003036,3,45,0,NULL,2,2,0,1,13,322,1,NULL,NULL,1,0,1,80
201900003041,21,10,2019,09:20:00,1,35,35238,2,3,1,3,"LECLERC (AVENUE DU GENERAL)","48,1138900"," -1,6397900",201900003041,138 300 794,B01,3,1,0,2,1,19,5,NULL,201900003041,138 300 794,B01,1,1,2,1,1983,0,8,0,-1,-1," -1",-1,201900003041,4,"LECLERC (AVENUE DU GENERAL)",0,NULL,3,4,3,1,0,0,1,NULL,NULL,1,5,1,30
201900003041,21,10,2019,09:20:00,1,35,35238,2,3,1,3,"LECLERC (AVENUE DU GENERAL)","48,1138900"," -1,6397900",201900003041,138 300 794,B01,3,1,0,2,1,19,5,NULL,201900003041,138 300 796,A01,1,1,1,2,1968,4,1,0,-1,-1,0,-1,201900003041,4,"LECLERC (AVENUE DU GENERAL)",0,NULL,3,4,3,1,0,0,1,NULL,NULL,1,5,1,30
201900003041,21,10,2019,09:20:00,1,35,35238,2,3,1,3,"LECLERC (AVENUE DU GENERAL)","48,1138900"," -1,6397900",201900003041,138 300 794,B01,3,1,0,2,1,19,5,NULL,201900003041,138 300 796,A01,8,2,4,2,1972,9,8,0,-1,-1,0,-1,201900003041,4,"LECLERC (AVENUE DU GENERAL)",0,NULL,3,4,3,1,0,0,1,NULL,NULL,1,5,1,30
201900003041,21,10,2019,09:20:00,1,35,35238,2,3,1,3,"LECLERC (AVENUE DU GENERAL)","48,1138900"," -1,6397900",201900003041,138 300 794,B01,3,1,0,2,1,19,5,NULL,201900003041,138 300 796,A01,8,2,4,2,1970,1,8,0,-1,-1,0,-1,201900003041,4,"LECLERC (AVENUE DU GENERAL)",0,NULL,3,4,3,1,0,0,1,NULL,NULL,1,5,1,30
201900003045,8,6,2019,15:45:00,1,84,84029,1,1,1,2,"Route de Jonquières","44,1520630","4,8849160",201900003045,138 300 772,B01,1,1,0,2,4,1,5,NULL,201900003045,138 300 772,B01,1,1,4,2,1966,5,2,-1,-1,0,0,-1,201900003045,3,43,NULL,NULL,2,2,0,1,(1),(1),1,NULL,NULL,1,0,1,80
201900003045,8,6,2019,15:45:00,1,84,84029,1,1,1,2,"Route de Jonquières","44,1520630","4,8849160",201900003045,138 300 772,B01,1,1,0,2,4,1,5,NULL,201900003045,138 300 773,A01,1,1,1,1,1977,5,1,-1,-1,0,0,-1,201900003045,3,43,NULL,NULL,2,2,0,1,(1),(1),1,NULL,NULL,1,0,1,80
201900003063,19,10,2019,12:20:00,1,28,28085,2,1,1,3,"FRANCE (MAIL ANATOLE)","48,4460000","1,5260000",201900003063,138 300 740,Y01,3,1,0,2,1,19,5,NULL,201900003063,138 300 739,B01,2,2,1,2,1953,0,1,0,-1,-1," -1",-1,201900003063,4,"FRANCE (MAIL ANATOLE)",0,NULL,2,2,0,2,0,0,3,NULL,NULL,2,0,1,50
201900003063,19,10,2019,12:20:00,1,28,28085,2,1,1,3,"FRANCE (MAIL ANATOLE)","48,4460000","1,5260000",201900003063,138 300 740,Y01,3,1,0,2,1,19,5,NULL,201900003063,138 300 739,B01,1,1,1,1,1947,0,1,0,-1,-1," -1",-1,201900003063,4,"FRANCE (MAIL ANATOLE)",0,NULL,2,2,0,2,0,0,3,NULL,NULL,2,0,1,50
201900003063,19,10,2019,12:20:00,1,28,28085,2,1,1,3,"FRANCE (MAIL ANATOLE)","48,4460000","1,5260000",201900003063,138 300 740,Y01,3,1,0,2,1,19,5,NULL,201900003063,138 300 740,Y01,1,1,3,1,1951,0,8,0,-1,-1,0,-1,201900003063,4,"FRANCE (MAIL ANATOLE)",0,NULL,2,2,0,2,0,0,3,NULL,NULL,2,0,1,50
201900003069,16,6,2019,11:20:00,1,76,76167,2,3,1,3,"Rue d'Ecqueville","49,5857000","0,1207000",201900003069,138 300 729,B01,0,1,0,2,1,16,5,NULL,201900003069,138 300 729,B01,1,1,4,1,1983,5,2,-1,-1,0,0,-1,201900003069,4,NULL,NULL,NULL,2,-1,-1,1,(1),(1),1,NULL,NULL,1,0,1,-1
201900003069,16,6,2019,11:20:00,1,76,76167,2,3,1,3,"Rue d'Ecqueville","49,5857000","0,1207000",201900003069,138 300 729,B01,0,1,0,2,1,16,5,NULL,201900003069,138 300 730,A01,2,2,1,2,1967,5,1,-1,-1,0,0,-1,201900003069,4,NULL,NULL,NULL,2,-1,-1,1,(1),(1),1,NULL,NULL,1,0,1,-1
201900003069,16,6,2019,11:20:00,1,76,76167,2,3,1,3,"Rue d'Ecqueville","49,5857000","0,1207000",201900003069,138 300 729,B01,0,1,0,2,1,16,5,NULL,201900003069,138 300 730,A01,1,1,1,1,1967,5,1,-1,-1,0,0,-1,201900003069,4,NULL,NULL,NULL,2,-1,-1,1,(1),(1),1,NULL,NULL,1,0,1,-1
201900003076,1,6,2019,15:00:00,1,28,28269,2,2,1,3,"Rue de Chartres","48,3955660","1,4928140",201900003076,138 300 719,A01,3,1,0,2,1,19,5,NULL,201900003076,138 300 719,A01,1,1,3,1,1928,5,4,-1,-1,0,0,-1,201900003076,3,114.3,NULL,NULL,2,2,0,1,5,50,1,NULL,NULL,1,0,1,50
201900003076,1,6,2019,15:00:00,1,28,28269,2,2,1,3,"Rue de Chartres","48,3955660","1,4928140",201900003076,138 300 719,A01,3,1,0,2,1,19,5,NULL,201900003076,138 300 720,C01,1,1,1,1,1995,0,1,-1,-1,0,0,-1,201900003076,3,114.3,NULL,NULL,2,2,0,1,5,50,1,NULL,NULL,1,0,1,50
201900003088,16,4,2019,15:30:00,1,35,35219,1,1,1,6,"La Glochais","47,8289510"," -1,9502930",201900003088,138 300 699,A01,2,1,1,0,1,0,5,NULL,201900003088,138 300 699,A01,1,1,3,1,1962,5,0,-1,-1,0,0,-1,201900003088,3,65,NULL,NULL,2,2,0,2,19,400,3,NULL,NULL,1,0,1,80
201900003089,16,8,2019,17:30:00,1,25,25050,1,2,1,7,"Carrefour D461 e D242","47,1179200","6,6140270",201900003089,138 300 696,A01,2,1,13,0,0,0,5,NULL,201900003089,138 300 696,A01,1,1,3,1,2004,5,2,-1,-1,0,0,-1,201900003089,3,461,0,NULL,2,2,0,3,48,400,1,NULL,NULL,1,0,3,80
201900003114,22,10,2019,18:15:00,2,75,75120,2,4,1,3,"AVENUE LEON GAUMONT","48,8510200","2,4158100",201900003114,138 300 650,A01,2,1,0,2,7,17,5,NULL,201900003114,138 300 649,B01,1,1,1,1,1900,0,2,8,-1,0,0,-1,201900003114,4,"AVENUE LEON GAUMONT",0,NULL,2,2,-1,1,0,0,1,NULL,NULL,1,0,1,50
201900003114,22,10,2019,18:15:00,2,75,75120,2,4,1,3,"AVENUE LEON GAUMONT","48,8510200","2,4158100",201900003114,138 300 649,B01,2,1,0,2,8,13,5,NULL,201900003114,138 300 649,B01,1,1,1,1,1900,0,2,8,-1,0,0,-1,201900003114,4,"AVENUE LEON GAUMONT",0,NULL,2,2,-1,1,0,0,1,NULL,NULL,1,0,1,50
201900003114,22,10,2019,18:15:00,2,75,75120,2,4,1,3,"AVENUE LEON GAUMONT","48,8510200","2,4158100",201900003114,138 300 650,A01,2,1,0,2,7,17,5,NULL,201900003114,138 300 650,A01,1,1,4,2,1976,0,2,8,-1,0,0,-1,201900003114,4,"AVENUE LEON GAUMONT",0,NULL,2,2,-1,1,0,0,1,NULL,NULL,1,0,1,50
201900003114,22,10,2019,18:15:00,2,75,75120,2,4,1,3,"AVENUE LEON GAUMONT","48,8510200","2,4158100",201900003114,138 300 649,B01,2,1,0,2,8,13,5,NULL,201900003114,138 300 650,A01,1,1,4,2,1976,0,2,8,-1,0,0,-1,201900003114,4,"AVENUE LEON GAUMONT",0,NULL,2,2,-1,1,0,0,1,NULL,NULL,1,0,1,50
201900003121,22,10,2019,20:55:00,5,75,75119,2,7,1,5,"PLACE AUGUSTE BARON","48,9001468","2,3873126",201900003121,138 300 638,C01,1,1,0,2,9,1,5,NULL,201900003121,138 300 636,B01,1,1,1,1,1981,0,1,0,-1,0,0,-1,201900003121,4,"PLACE AUGUSTE BARON",0,NULL,1,4,1,1,0,0,1,NULL,NULL,1,0,5,50
201900003121,22,10,2019,20:55:00,5,75,75119,2,7,1,5,"PLACE AUGUSTE BARON","48,9001468","2,3873126",201900003121,138 300 638,C01,1,1,0,2,9,1,5,NULL,201900003121,138 300 638,C01,1,1,4,2,2000,0,2,8,-1,0,0,-1,201900003121,4,"PLACE AUGUSTE BARON",0,NULL,1,4,1,1,0,0,1,NULL,NULL,1,0,5,50