Num_Acc,jour,mois,an,hrmn,lum,dep,com,agg,int,atm,col,adr,lat,long,Num_Acc,id_vehicule,num_veh,senc,catv,obs,obsm,choc,manv,motor,occutc,Num_Acc,id_vehicule,num_veh,place,catu,grav,sexe,an_nais,trajet,secu1,secu2,secu3,locp,actp,etatp,Num_Acc,catr,voie,v1,v2,circ,nbv,vosp,prof,pr,pr1,plan,lartpc,larrout,surf,infra,situ,vma
201900003121,22,10,2019,20:55:00,5,75,75119,2,7,1,5,"PLACE AUGUSTE BARON","48,9001468","2,3873126",201900003121,138 300 638,C01,1,1,0,2,9,1,5,NULL,201900003121,138 300 639,A01,1,1,1,2,1973,0,1,0,-1,0,0,-1,201900003121,4,"PLACE AUGUSTE BARON",0,NULL,1,4,1,1,0,0,1,NULL,NULL,1,0,5,50
201900003124,8,6,2019,09:15:00,1,58,58086,1,1,1,7,D955A,"47,4111230","2,9257370",201900003124,138 300 632,A01,3,1,0,0,0,0,5,NULL,201900003124,138 300 632,A01,1,1,3,1,1983,5,0,-1,-1,0,0,-1,201900003124,3,955,NULL,A,2,2,0,1,(1),(1),1,NULL,NULL,1,0,1,80
201900003128,7,6,2019,17:25:00,1,971,97132,2,1,1,3,"Rue de la dissidence","15,9700650"," -61,6428620",201900003128,138 300 627,A01,3,1,0,2,1,18,5,NULL,201900003128,138 300 626,B01,1,1,1,1,1963,5,1,-1,-1,0,0,-1,201900003128,4,NULL,NULL,NULL,2,2,0,2,(1),(1),4,NULL,NULL,1,0,1,50
201900003128,7,6,2019,17:25:00,1,971,97132,2,1,1,3,"Rue de la dissidence","15,9700650"," -61,6428620",201900003128,138 300 627,A01,3,1,0,2,1,18,5,NULL,201900003128,138 300 627,A01,1,1,4,1,1999,5,0,-1,-1,0,0,-1,201900003128,4,NULL,NULL,NULL,2,2,0,2,(1),(1),4,NULL,NULL,1,0,1,50
201900003131,6,6,2019,17:45:00,1,62,62261,2,9,1,3,"Avenue d'Étaples","50,5069470","1,6273140",201900003131,138 300 622,A01,1,1,0,2,1,26,0,NULL,201900003131,138 300 621,B01,1,1,1,2,1939,5,1,-1,-1,0,0,-1,201900003131,3,940,NULL,NULL,1,1,0,1,23,100,1,NULL,NULL,1,0,1,50
201900003131,6,6,2019,17:45:00,1,62,62261,2,9,1,3,"Avenue d'Étaples","50,5069470","1,6273140",201900003131,138 300 622,A01,1,1,0,2,1,26,0,NULL,201900003131,138 300 622,A01,1,1,4,1,2001,2,0,-1,-1,0,0,-1,201900003131,3,940,NULL,NULL,1,1,0,1,23,100,1,NULL,NULL,1,0,1,50
201900003142,3,6,2019,16:20:00,1,974,97413,2,3,1,3,"Rue Adrien Lagourgue, LE PITON"," -21,2166610","55,3080870",201900003142,138 300 598,B01,2,1,0,2,1,1,5,NULL,201900003142,138 300 598,B01,1,1,4,1,1987,5,0,-1,-1,0,0,-1,201900003142,3,11,0,D,2,2,0,2,(1),(1),1,NULL,NULL,1,0,1,50
201900003142,3,6,2019,16:20:00,1,974,97413,2,3,1,3,"Rue Adrien Lagourgue, LE PITON"," -21,2166610","55,3080870",201900003142,138 300 598,B01,2,1,0,2,1,1,5,NULL,201900003142,138 300 600,A01,1,1,1,1,1940,5,1,-1,-1,0,0,-1,201900003142,3,11,0,D,2,2,0,2,(1),(1),1,NULL,NULL,1,0,1,50
201900003148,22,10,2019,11:30:00,1,75,75112,2,7,1,6,"PLACE EDOUARD RENARD","48,8353580","2,4065948",201900003148,138 300 589,Z01,2,1,0,1,0,1,5,NULL,201900003148,138 300 589,Z01,10,3,4,2,1983,5,0,-1,-1,5,9,1,201900003148,4,"PLACE EDOUARD RENARD",0,NULL,2,2,-1,1,0,0,2,NULL,NULL,1,0,4,50
201900003150,22,10,2019,18:20:00,2,75,75111,2,1,1,6,"BOULEVARD VOLTAIRE","48,8569071","2,3816180",201900003150,138 300 585,Z01,1,1,0,2,0,14,5,NULL,201900003150,138 300 586,A01,1,1,4,1,1969,0,2,8,-1,0,0,-1,201900003150,4,"BOULEVARD VOLTAIRE",0,NULL,1,2,1,1,0,0,1,NULL,NULL,1,0,5,50
201900003152,22,10,2019,16:15:00,1,75,75111,2,2,1,6,"RUE DE CHARONNE","48,8535785","2,3804157",201900003152,138 300 580,A01,2,1,0,1,1,1,5,NULL,201900003152,138 300 580,A01,1,1,1,2,1972,1,8,0,-1,0,0,-1,201900003152,4,"RUE DE CHARONNE",0,NULL,2,2,-1,1,0,0,1,NULL,NULL,1,0,1,30
201900003152,22,10,2019,16:15:00,1,75,75111,2,2,1,6,"RUE DE CHARONNE","48,8535785","2,3804157",201900003152,138 300 580,A01,2,1,0,1,1,1,5,NULL,201900003152,138 300 580,A01,10,3,4,1,2014,0,0,-1,-1,4,3,2,201900003152,4,"RUE DE CHARONNE",0,NULL,2,2,-1,1,0,0,1,NULL,NULL,1,0,1,30
201900003155,22,10,2019,00:45:00,5,75,75114,2,2,1,2,"BOULEVARD BRUNE","48,8245899","2,3193970",201900003155,138 300 576,B01,1,1,0,2,4,2,5,NULL,201900003155,138 300 574,A01,2,2,1,2,2003,0,1,0,-1,0,0,-1,201900003155,4,"BOULEVARD BRUNE",0,NULL,3,6,0,1,0,0,1,NULL,NULL,1,5,1,50
201900003155,22,10,2019,00:45:00,5,75,75114,2,2,1,2,"BOULEVARD BRUNE","48,8245899","2,3193970",201900003155,138 300 576,B01,1,1,0,2,4,2,5,NULL,201900003155,138 300 574,A01,1,1,1,2,1995,9,1,0,-1,0,0,-1,201900003155,4,"BOULEVARD BRUNE",0,NULL,3,6,0,1,0,0,1,NULL,NULL,1,5,1,50
201900003155,22,10,2019,00:45:00,5,75,75114,2,2,1,2,"BOULEVARD BRUNE","48,8245899","2,3193970",201900003155,138 300 576,B01,1,1,0,2,4,2,5,NULL,201900003155,138 300 576,B01,1,1,4,1,1990,0,2,0,-1,0,0,-1,201900003155,4,"BOULEVARD BRUNE",0,NULL,3,6,0,1,0,0,1,NULL,NULL,1,5,1,50
201900003166,17,8,2019,12:05:00,1,50,50487,1,1,2,4,"Grande Boussardière","48,5248470"," -1,3100960",201900003166,138 300 554,C01,2,1,0,2,4,2,0,NULL,201900003166,138 300 551,E01,1,1,3,1,1950,5,2,-1,-1,0,0,-1,201900003166,3,30,0,NULL,2,2,0,2,(1),(1),1,NULL,NULL,2,0,1,80
201900003166,17,8,2019,12:05:00,1,50,50487,1,1,2,4,"Grande Boussardière","48,5248470"," -1,3100960",201900003166,138 300 553,D01,2,1,0,2,4,2,0,NULL,201900003166,138 300 551,E01,1,1,3,1,1950,5,2,-1,-1,0,0,-1,201900003166,3,30,0,NULL,2,2,0,2,(1),(1),1,NULL,NULL,2,0,1,80
201900003166,17,8,2019,12:05:00,1,50,50487,1,1,2,4,"Grande Boussardière","48,5248470"," -1,3100960",201900003166,138 300 551,E01,2,1,0,2,4,1,0,NULL,201900003166,138 300 551,E01,1,1,3,1,1950,5,2,-1,-1,0,0,-1,201900003166,3,30,0,NULL,2,2,0,2,(1),(1),1,NULL,NULL,2,0,1,80
201900003166,17,8,2019,12:05:00,1,50,50487,1,1,2,4,"Grande Boussardière","48,5248470"," -1,3100960",201900003166,138 300 554,C01,2,1,0,2,4,2,0,NULL,201900003166,138 300 553,D01,1,1,3,1,1959,5,2,-1,-1,0,0,-1,201900003166,3,30,0,NULL,2,2,0,2,(1),(1),1,NULL,NULL,2,0,1,80
201900003166,17,8,2019,12:05:00,1,50,50487,1,1,2,4,"Grande Boussardière","48,5248470"," -1,3100960",201900003166,138 300 553,D01,2,1,0,2,4,2,0,NULL,201900003166,138 300 553,D01,1,1,3,1,1959,5,2,-1,-1,0,0,-1,201900003166,3,30,0,NULL,2,2,0,2,(1),(1),1,NULL,NULL,2,0,1,80
201900003166,17,8,2019,12:05:00,1,50,50487,1,1,2,4,"Grande Boussardière","48,5248470"," -1,3100960",201900003166,138 300 551,E01,2,1,0,2,4,1,0,NULL,201900003166,138 300 553,D01,1,1,3,1,1959,5,2,-1,-1,0,0,-1,201900003166,3,30,0,NULL,2,2,0,2,(1),(1),1,NULL,NULL,2,0,1,80
201900003166,17,8,2019,12:05:00,1,50,50487,1,1,2,4,"Grande Boussardière","48,5248470"," -1,3100960",201900003166,138 300 554,C01,2,1,0,2,4,2,0,NULL,201900003166,138 300 554,C01,1,1,4,1,1943,5,2,-1,-1,0,0,-1,201900003166,3,30,0,NULL,2,2,0,2,(1),(1),1,NULL,NULL,2,0,1,80
201900003166,17,8,2019,12:05:00,1,50,50487,1,1,2,4,"Grande Boussardière","48,5248470"," -1,3100960",201900003166,138 300 553,D01,2,1,0,2,4,2,0,NULL,201900003166,138 300 554,C01,1,1,4,1,1943,5,2,-1,-1,0,0,-1,201900003166,3,30,0,NULL,2,2,0,2,(1),(1),1,NULL,NULL,2,0,1,80
201900003166,17,8,2019,12:05:00,1,50,50487,1,1,2,4,"Grande Boussardière","48,5248470"," -1,3100960",201900003166,138 300 551,E01,2,1,0,2,4,1,0,NULL,201900003166,138 300 554,C01,1,1,4,1,1943,5,2,-1,-1,0,0,-1,201900003166,3,30,0,NULL,2,2,0,2,(1),(1),1,NULL,NULL,2,0,1,80
201900003166,17,8,2019,12:05:00,1,50,50487,1,1,2,4,"Grande Boussardière","48,5248470"," -1,3100960",201900003166,138 300 554,C01,2,1,0,2,4,2,0,NULL,201900003166,138 300 555,B01,1,1,1,1,2000,1,1,-1,-1,0,0,-1,201900003166,3,30,0,NULL,2,2,0,2,(1),(1),1,NULL,NULL,2,0,1,80
201900003166,17,8,2019,12:05:00,1,50,50487,1,1,2,4,"Grande Boussardière","48,5248470"," -1,3100960",201900003166,138 300 553,D01,2,1,0,2,4,2,0,NULL,201900003166,138 300 555,B01,1,1,1,1,2000,1,1,-1,-1,0,0,-1,201900003166,3,30,0,NULL,2,2,0,2,(1),(1),1,NULL,NULL,2,0,1,80
201900003166,17,8,2019,12:05:00,1,50,50487,1,1,2,4,"Grande Boussardière","48,5248470"," -1,3100960",201900003166,138 300 551,E01,2,1,0,2,4,1,0,NULL,201900003166,138 300 555,B01,1,1,1,1,2000,1,1,-1,-1,0,0,-1,201900003166,3,30,0,NULL,2,2,0,2,(1),(1),1,NULL,NULL,2,0,1,80
201900003166,17,8,2019,12:05:00,1,50,50487,1,1,2,4,"Grande Boussardière","48,5248470"," -1,3100960",201900003166,138 300 554,C01,2,1,0,2,4,2,0,NULL,201900003166,138 300 556,A01,1,1,4,1,1968,5,1,-1,-1,0,0,-1,201900003166,3,30,0,NULL,2,2,0,2,(1),(1),1,NULL,NULL,2,0,1,80
201900003166,17,8,2019,12:05:00,1,50,50487,1,1,2,4,"Grande Boussardière","48,5248470"," -1,3100960",201900003166,138 300 553,D01,2,1,0,2,4,2,0,NULL,201900003166,138 300 556,A01,1,1,4,1,1968,5,1,-1,-1,0,0,-1,201900003166,3,30,0,NULL,2,2,0,2,(1),(1),1,NULL,NULL,2,0,1,80
201900003166,17,8,2019,12:05:00,1,50,50487,1,1,2,4,"Grande Boussardière","48,5248470"," -1,3100960",201900003166,138 300 551,E01,2,1,0,2,4,1,0,NULL,201900003166,138 300 556,A01,1,1,4,1,1968,5,1,-1,-1,0,0,-1,201900003166,3,30,0,NULL,2,2,0,2,(1),(1),1,NULL,NULL,2,0,1,80
201900003222,13,8,2019,18:20:00,1,27,27260,1,1,2,2,D6178,"49,4121830","0,4241120",201900003222,138 300 440,B01,2,1,0,2,4,1,5,NULL,201900003222,138 300 440,B01,1,1,3,1,1954,5,2,4,-1,0,0,-1,201900003222,3,6178,0,D,2,2,0,1,7,400,1,NULL,NULL,1,0,1,80
201900003222,13,8,2019,18:20:00,1,27,27260,1,1,2,2,D6178,"49,4121830","0,4241120",201900003222,138 300 440,B01,2,1,0,2,4,1,5,NULL,201900003222,138 300 441,A01,1,1,1,2,1973,5,1,-1,-1,0,0,-1,201900003222,3,6178,0,D,2,2,0,1,7,400,1,NULL,NULL,1,0,1,80
201900003224,14,8,2019,11:35:00,1,17,17459,1,1,1,3,"Lieu dit Le Moulin à vent.","45,9174380"," -0,4453770",201900003224,138 300 436,B01,1,1,0,2,8,1,5,NULL,201900003224,138 300 435,A01,1,1,1,2,1976,5,1,-1,-1,0,0,-1,201900003224,3,939,NULL,NULL,2,2,0,1,27,400,1,NULL,NULL,1,0,1,80
201900003224,14,8,2019,11:35:00,1,17,17459,1,1,1,3,"Lieu dit Le Moulin à vent.","45,9174380"," -0,4453770",201900003224,138 300 436,B01,1,1,0,2,8,1,5,NULL,201900003224,138 300 436,B01,1,1,3,1,1951,5,0,-1,-1,0,0,-1,201900003224,3,939,NULL,NULL,2,2,0,1,27,400,1,NULL,NULL,1,0,1,80
201900003243,2,8,2019,10:05:00,1,30,30241,1,1,1,1,"Chemin du moulin de baguet","43,9706260","4,2786000",201900003243,138 300 406,B01,3,1,0,2,3,1,5,NULL,201900003243,138 300 406,B01,1,1,3,1,1942,5,9,-1,-1,0,0,-1,201900003243,4,NULL,0,NULL,2,2,0,1,(1),(1),4,NULL,NULL,1,0,1,80
201900003243,2,8,2019,10:05:00,1,30,30241,1,1,1,1,"Chemin du moulin de baguet","43,9706260","4,2786000",201900003243,138 300 406,B01,3,1,0,2,3,1,5,NULL,201900003243,138 300 408,A01,1,1,1,2,1974,4,1,-1,-1,0,0,-1,201900003243,4,NULL,0,NULL,2,2,0,1,(1),(1),4,NULL,NULL,1,0,1,80
201900003245,19,10,2019,18:38:00,2,49,49026,2,2,2,3,"Rue Roche Bleue","47,4983010"," -0,8072340",201900003245,138 300 401,A01,3,1,0,2,1,11,5,NULL,201900003245,138 300 401,A01,1,1,4,1,2007,5,0,-1,-1,0,0,-1,201900003245,9,NULL,NULL,NULL,2,2,0,1,(1),(1),1,NULL,NULL,1,0,1,50
201900003245,19,10,2019,18:38:00,2,49,49026,2,2,2,3,"Rue Roche Bleue","47,4983010"," -0,8072340",201900003245,138 300 401,A01,3,1,0,2,1,11,5,NULL,201900003245,138 300 404,B01,2,2,1,2,1964,3,1,-1,-1,0,0,-1,201900003245,9,NULL,NULL,NULL,2,2,0,1,(1),(1),1,NULL,NULL,1,0,1,50
201900003245,19,10,2019,18:38:00,2,49,49026,2,2,2,3,"Rue Roche Bleue","47,4983010"," -0,8072340",201900003245,138 300 401,A01,3,1,0,2,1,11,5,NULL,201900003245,138 300 404,B01,1,1,1,1,1958,3,1,-1,-1,0,0,-1,201900003245,9,NULL,NULL,NULL,2,2,0,1,(1),(1),1,NULL,NULL,1,0,1,50
201900003256,30,7,2019,17:50:00,1,88,88358,2,3,8,1,"26 Place de la Libération","48,1083330","6,5668530",201900003256,138 300 384,B01,2,1,0,2,1,1,5,NULL,201900003256,138 300 384,B01,1,1,4,1,1993,1,2,-1,-1,0,0,-1,201900003256,3,157,0,NULL,2,2,0,1,46,200,3,NULL,NULL,1,5,1,30
201900003256,30,7,2019,17:50:00,1,88,88358,2,3,8,1,"26 Place de la Libération","48,1083330","6,5668530",201900003256,138 300 384,B01,2,1,0,2,1,1,5,NULL,201900003256,138 300 385,A01,1,1,1,2,1964,0,1,-1,-1,0,0,-1,201900003256,3,157,0,NULL,2,2,0,1,46,200,3,NULL,NULL,1,5,1,30
201900003265,13,8,2019,08:20:00,1,69,69244,2,1,1,1,"Avenue Franklin Roosevelt","45,7638100","4,7735220",201900003265,138 300 370,B01,3,1,0,2,1,1,5,NULL,201900003265,138 300 370,B01,1,1,4,1,1976,0,2,-1,-1,0,0,-1,201900003265,4,"FRANKLIN ROOSVELT (AV)",NULL,NULL,1,1,0,2,(1),(1),2,NULL,NULL,1,0,1,30
201900003293,23,10,2019,19:30:00,3,73,73252,2,1,2,3,D74,"45,4358454","6,2800275",201900003293,138 300 324,B01,3,1,0,2,3,1,5,NULL,201900003293,138 300 324,B01,1,1,4,1,1989,5,0,-1,-1,0,0,-1,201900003293,3,74,NULL,NULL,2,2,0,1,2,830,4,NULL,NULL,2,0,1,50
201900003293,23,10,2019,19:30:00,3,73,73252,2,1,2,3,D74,"45,4358454","6,2800275",201900003293,138 300 324,B01,3,1,0,2,3,1,5,NULL,201900003293,138 300 326,A01,1,1,1,1,1968,5,8,-1,-1,0,0,-1,201900003293,3,74,NULL,NULL,2,2,0,1,2,830,4,NULL,NULL,2,0,1,50
201900003336,14,8,2019,16:10:00,1,5,05065,2,6,1,3,"Rond point du chateau","44,6549470","6,6521250",201900003336,138 300 250,B01,1,1,0,2,5,1,5,NULL,201900003336,138 300 249,A01,2,2,1,2,1939,5,1,-1,-1,0,0,-1,201900003336,3,902,NULL,NULL,-1,1,0,4,58,579,1,NULL,NULL,1,0,1,50
201900003336,14,8,2019,16:10:00,1,5,05065,2,6,1,3,"Rond point du chateau","44,6549470","6,6521250",201900003336,138 300 250,B01,1,1,0,2,5,1,5,NULL,201900003336,138 300 249,A01,1,1,1,1,1939,5,1,-1,-1,0,0,-1,201900003336,3,902,NULL,NULL,-1,1,0,4,58,579,1,NULL,NULL,1,0,1,50
201900003336,14,8,2019,16:10:00,1,5,05065,2,6,1,3,"Rond point du chateau","44,6549470","6,6521250",201900003336,138 300 250,B01,1,1,0,2,5,1,5,NULL,201900003336,138 300 250,B01,1,1,4,1,1959,5,2,-1,-1,0,0,-1,201900003336,3,902,NULL,NULL,-1,1,0,4,58,579,1,NULL,NULL,1,0,1,50
201900003362,25,9,2019,17:53:00,1,974,97415,1,1,1,1,"25 Chemin Bras Canot"," -21,0687800","55,2893260",201900003362,138 300 199,B01,2,1,0,2,1,13,5,NULL,201900003362,138 300 199,B01,1,1,3,1,2003,5,0,-1,-1,0,0,-1,201900003362,3,110,NULL,NULL,2,2,0,2,5,(1),2,NULL,NULL,1,0,1,90
201900003362,25,9,2019,17:53:00,1,974,97415,1,1,1,1,"25 Chemin Bras Canot"," -21,0687800","55,2893260",201900003362,138 300 199,B01,2,1,0,2,1,13,5,NULL,201900003362,138 300 200,A01,1,1,1,1,1976,1,1,-1,-1,0,0,-1,201900003362,3,110,NULL,NULL,2,2,0,2,5,(1),2,NULL,NULL,1,0,1,90
201900003363,21,10,2019,19:30:00,5,973,97304,2,1,1,1,"Avenue de Pariacabo","5,1559780"," -52,6598860",201900003363,138 300 197,A01,3,1,0,2,0,0,0,NULL,201900003363,138 300 196,B01,1,1,1,1,2000,0,0,-1,-1,0,0,-1,201900003363,4,NULL,NULL,NULL,2,2,1,1,(1),(1),1,NULL,NULL,1,0,5,-1
201900003363,21,10,2019,19:30:00,5,973,97304,2,1,1,1,"Avenue de Pariacabo","5,1559780"," -52,6598860",201900003363,138 300 197,A01,3,1,0,2,0,0,0,NULL,201900003363,138 300 197,A01,1,1,3,1,2006,5,0,-1,-1,0,0,-1,201900003363,4,NULL,NULL,NULL,2,2,1,1,(1),(1),1,NULL,NULL,1,0,5,-1
201900003371,16,8,2019,16:30:00,1,68,68193,1,1,1,7,"route du petit ballon","47,9924620","7,1303060",201900003371,138 300 185,A01,3,1,0,0,9,1,5,NULL,201900003371,138 300 185,A01,1,1,3,2,1972,5,2,9,-1,0,0,-1,201900003371,9,NULL,NULL,NULL,2,2,0,2,(1),(1),2,NULL,NULL,9,0,1,80
201900003376,16,8,2019,16:25:00,1,67,67184,2,1,1,3,"rue du stade","48,9012060","7,9779990",201900003376,138 300 174,B01,3,1,0,2,1,16,5,NULL,201900003376,138 300 174,B01,1,1,4,1,2010,5,2,-1,-1,0,0,-1,201900003376,4,NULL,NULL,NULL,2,2,0,1,(1),(1),1,NULL,NULL,1,0,1,50
201900003376,16,8,2019,16:25:00,1,67,67184,2,1,1,3,"rue du stade","48,9012060","7,9779990",201900003376,138 300 174,B01,3,1,0,2,1,16,5,NULL,201900003376,138 300 175,A01,1,1,1,1,1963,1,1,-1,-1,0,0,-1,201900003376,4,NULL,NULL,NULL,2,2,0,1,(1),(1),1,NULL,NULL,1,0,1,50
201900003379,31,5,2019,09:50:00,1,78,78300,1,2,7,3,"RD 11","48,8895320","1,7223260",201900003379,138 300 169,B01,1,1,0,2,8,1,5,NULL,201900003379,138 300 169,B01,1,1,3,1,1942,5,2,-1,-1,0,0,-1,201900003379,3,11,0,D,-1,2,0,1,30,943,1,NULL,NULL,1,5,1,80
201900003379,31,5,2019,09:50:00,1,78,78300,1,2,7,3,"RD 11","48,8895320","1,7223260",201900003379,138 300 169,B01,1,1,0,2,8,1,5,NULL,201900003379,138 300 171,A01,1,1,1,2,1947,0,1,-1,-1,0,0,-1,201900003379,3,11,0,D,-1,2,0,1,30,943,1,NULL,NULL,1,5,1,80
201900003388,4,6,2019,23:54:00,5,67,67448,2,1,1,2,"101 Grand-rue","48,4782390","7,2181460",201900003388,138 300 158,A01,2,1,0,2,4,1,5,NULL,201900003388,138 300 157,B01,1,1,1,1,2000,5,8,-1,-1,0,0,-1,201900003388,3,392,0,NULL,2,2,0,1,(1),(1),1,NULL,NULL,1,0,1,30
201900003388,4,6,2019,23:54:00,5,67,67448,2,1,1,2,"101 Grand-rue","48,4782390","7,2181460",201900003388,138 300 158,A01,2,1,0,2,4,1,5,NULL,201900003388,138 300 158,A01,1,1,3,1,1975,1,0,-1,-1,0,0,-1,201900003388,3,392,0,NULL,2,2,0,1,(1),(1),1,NULL,NULL,1,0,1,30
201900003410,6,6,2019,11:25:00,1,2B,2B096,2,1,1,3,"RT 50","42,3047450","9,1574920",201900003410,138 300 119,B01,1,1,0,2,1,13,5,NULL,201900003410,138 300 119,B01,1,1,3,1,1983,4,2,-1,-1,0,0,-1,201900003410,2,50,NULL,NULL,2,2,0,2,0,150,3,NULL,NULL,1,1,1,50
201900003410,6,6,2019,11:25:00,1,2B,2B096,2,1,1,3,"RT 50","42,3047450","9,1574920",201900003410,138 300 119,B01,1,1,0,2,1,13,5,NULL,201900003410,138 300 120,A01,1,1,1,1,1986,4,1,-1,-1,0,0,-1,201900003410,2,50,NULL,NULL,2,2,0,2,0,150,3,NULL,NULL,1,1,1,50
201900003437,7,8,2019,10:15:00,1,44,44047,2,1,1,3,"88 Rue Alexandre Olivier","47,2199920"," -1,7246690",201900003437,138 300 075,B01,0,1,0,0,8,1,5,NULL,201900003437,138 300 073,A01,1,1,1,1,1997,1,1,-1,-1,0,0,-1,201900003437,7,26,0,NULL,2,2,0,2,(1),(1),1,NULL,NULL,1,0,1,50
201900003437,7,8,2019,10:15:00,1,44,44047,2,1,1,3,"88 Rue Alexandre Olivier","47,2199920"," -1,7246690",201900003437,138 300 075,B01,0,1,0,0,8,1,5,NULL,201900003437,138 300 075,B01,1,1,3,1,1955,5,2,-1,-1,0,0,-1,201900003437,7,26,0,NULL,2,2,0,2,(1),(1),1,NULL,NULL,1,0,1,50
201900003476,27,3,2019,14:00:00,1,22,22282,2,1,1,7,"43 Boulevard de Penthievre","48,6273770"," -2,2661110",201900003476,138 300 001,A01,1,1,0,0,0,0,5,NULL,201900003476,138 300 001,A01,1,1,2,1,1940,5,0,-1,-1,0,0,-1,201900003476,3,13,0,NULL,2,2,0,1,(1),(1),1,NULL,NULL,1,0,5,50
201900003478,14,3,2019,12:55:00,1,60,60141,2,1,1,1,"Av de verdun","49,1868240","2,4595940",201900003478,138 299 998,B01,2,1,0,2,1,13,5,NULL,201900003478,138 299 997,A01,1,1,1,1,1977,1,1,-1,-1,0,0,-1,201900003478,9,NULL,NULL,NULL,1,1,2,1,(1),(1),2,NULL,NULL,1,0,1,30
201900003478,14,3,2019,12:55:00,1,60,60141,2,1,1,1,"Av de verdun","49,1868240","2,4595940",201900003478,138 299 998,B01,2,1,0,2,1,13,5,NULL,201900003478,138 299 998,B01,1,1,3,1,1942,0,0,-1,-1,0,0,-1,201900003478,9,NULL,NULL,NULL,1,1,2,1,(1),(1),2,NULL,NULL,1,0,1,30
201900003491,21,2,2019,18:55:00,5,86,86194,2,3,1,3,"PONTREAU (RUE DU)","46,5688900","0,3539800",201900003491,138 299 970,B01,2,1,0,2,1,1,5,NULL,201900003491,138 299 969,A01,1,1,1,1,1991,3,8,0,-1,-1,0,-1,201900003491,4,"PONTREAU (RUE DU)",0,NULL,2,2,0,1,0,0,1,NULL,NULL,1,0,1,50
201900003491,21,2,2019,18:55:00,5,86,86194,2,3,1,3,"PONTREAU (RUE DU)","46,5688900","0,3539800",201900003491,138 299 970,B01,2,1,0,2,1,1,5,NULL,201900003491,138 299 970,B01,1,1,4,2,1986,5,8,0,-1,-1,0,-1,201900003491,4,"PONTREAU (RUE DU)",0,NULL,2,2,0,1,0,0,1,NULL,NULL,1,0,1,50
201900003522,25,3,2019,19:40:00,5,69,69387,2,2,8,3,"FELIX FAURE                         (AV)","45,7521800","4,8472300",201900003522,138 299 895,B01,1,1,0,2,1,5,5,NULL,201900003522,138 299 895,B01,1,1,4,2,1991,9,8,0,-1,0,0,-1,201900003522,7,"FELIX FAURE                         (AV)",0,NULL,1,1,1,1,1,0,1,NULL,NULL,1,0,1,50
201900003522,25,3,2019,19:40:00,5,69,69387,2,2,8,3,"FELIX FAURE                         (AV)","45,7521800","4,8472300",201900003522,138 299 895,B01,1,1,0,2,1,5,5,NULL,201900003522,138 299 896,A01,1,1,1,2,1991,9,1,0,-1,0,0,-1,201900003522,7,"FELIX FAURE                         (AV)",0,NULL,1,1,1,1,1,0,1,NULL,NULL,1,0,1,50
201900003550,14,9,2019,12:15:00,1,69,69290,2,6,1,3,"PORTE DES ALPES (DE LA) - BD URBAIN (BD)","45,7199800","4,9324400",201900003550,138 299 842,B01,3,1,0,2,7,1,5,NULL,201900003550,138 299 841,A01,1,1,1,1,1977,0,1,0,-1,-1," -1",-1,201900003550,4,"PORTE DES ALPES (DE LA) - BD URBAIN (BD)",0,NULL,1,2,0,1,0,0,1,NULL,NULL,1,5,1,50
201900003550,14,9,2019,12:15:00,1,69,69290,2,6,1,3,"PORTE DES ALPES (DE LA) - BD URBAIN (BD)","45,7199800","4,9324400",201900003550,138 299 842,B01,3,1,0,2,7,1,5,NULL,201900003550,138 299 842,B01,1,1,4,2,1959,0,8,0,-1,-1," -1",-1,201900003550,4,"PORTE DES ALPES (DE LA) - BD URBAIN (BD)",0,NULL,1,2,0,1,0,0,1,NULL,NULL,1,5,1,50
201900003552,31,10,2019,15:25:00,1,67,67482,2,1,8,3,"ALPES (QUAI DES)","48,5745500","7,7666700",201900003552,138 299 839,A01,1,1,0,2,6,19,5,NULL,201900003552,138 299 838,B01,1,1,1,1,1984,0,2,6,-1,-1,0,-1,201900003552,4,"ALPES (QUAI DES)",0,NULL,2,4,1,1,0,0,1,NULL,NULL,1,0,1,50
201900003552,31,10,2019,15:25:00,1,67,67482,2,1,8,3,"ALPES (QUAI DES)","48,5745500","7,7666700",201900003552,138 299 839,A01,1,1,0,2,6,19,5,NULL,201900003552,138 299 839,A01,1,1,4,1,1938,0,8,0,-1,-1,0,-1,201900003552,4,"ALPES (QUAI DES)",0,NULL,2,4,1,1,0,0,1,NULL,NULL,1,0,1,50
201900003564,4,11,2019,10:30:00,1,35,35238,2,2,1,6,"PATTON (AVENUE DU GENERAL SIR GEORGES)","48,1286250"," -1,6641360",201900003564,138 299 821,B01,3,1,0,0,0,0,5,NULL,201900003564,138 299 821,B01,1,1,2,2,1997,0,8,0,-1,-1," -1",-1,201900003564,4,"PATTON (AVENUE DU GENERAL SIR GEORGES)",0,NULL,1,1,0,1,0,0,1,NULL,NULL,1,5,-1,30