Num_Acc,jour,mois,an,hrmn,lum,dep,com,agg,int,atm,col,adr,lat,long,Num_Acc,id_vehicule,num_veh,senc,catv,obs,obsm,choc,manv,motor,occutc,Num_Acc,id_vehicule,num_veh,place,catu,grav,sexe,an_nais,trajet,secu1,secu2,secu3,locp,actp,etatp,Num_Acc,catr,voie,v1,v2,circ,nbv,vosp,prof,pr,pr1,plan,lartpc,larrout,surf,infra,situ,vma
201900003564,4,11,2019,10:30:00,1,35,35238,2,2,1,6,"PATTON (AVENUE DU GENERAL SIR GEORGES)","48,1286250"," -1,6641360",201900003564,138 299 821,B01,3,1,0,0,0,0,5,NULL,201900003564,138 299 822,A01,1,1,1,1,1960,4,1,8,-1,-1," -1",-1,201900003564,4,"PATTON (AVENUE DU GENERAL SIR GEORGES)",0,NULL,1,1,0,1,0,0,1,NULL,NULL,1,5,-1,30
201900003590,25,11,2019,13:32:00,1,973,97302,2,1,1,3,"SOURCE DE BADUEL (CHEMIN DE LA)","4,9302290"," -52,3089410",201900003590,138 299 771,B01,3,1,0,2,7,1,5,NULL,201900003590,138 299 770,A01,1,1,1,2,1971,5,1,0,-1,0,0,-1,201900003590,4,"SOURCE DE BADUEL (CHEMIN DE LA)",0,NULL,2,2,0,1,1111,0,1,NULL,NULL,1,0,1,50
201900003590,25,11,2019,13:32:00,1,973,97302,2,1,1,3,"SOURCE DE BADUEL (CHEMIN DE LA)","4,9302290"," -52,3089410",201900003590,138 299 771,B01,3,1,0,2,7,1,5,NULL,201900003590,138 299 771,B01,1,1,4,1,2002,2,8,0,-1,0,0,-1,201900003590,4,"SOURCE DE BADUEL (CHEMIN DE LA)",0,NULL,2,2,0,1,1111,0,1,NULL,NULL,1,0,1,50
201900003591,25,11,2019,13:08:00,1,973,97302,2,1,2,3,"ZEPHIR (ROCADE)","4,9237660"," -52,3250410",201900003591,138 299 769,B01,1,1,0,2,0,5,5,NULL,201900003591,138 299 768,A01,1,1,1,2,1977,4,1,0,-1,-1," -1",-1,201900003591,3,18,0,NULL,2,1,2,1,0,850,1,NULL,NULL,2,0,1,50
201900003591,25,11,2019,13:08:00,1,973,97302,2,1,2,3,"ZEPHIR (ROCADE)","4,9237660"," -52,3250410",201900003591,138 299 769,B01,1,1,0,2,0,5,5,NULL,201900003591,138 299 769,B01,1,1,4,1,2003,0,8,0,-1,-1," -1",-1,201900003591,3,18,0,NULL,2,1,2,1,0,850,1,NULL,NULL,2,0,1,50
201900003621,25,11,2019,19:10:00,5,67,67204,2,3,2,3,"MARECHAL LECLERC (RUE DU)","48,6211400","7,7596390",201900003621,138 299 713,B01,1,1,0,2,0,15,5,NULL,201900003621,138 299 712,A01,1,1,1,2,1956,0,1,8,-1,-1,0,-1,201900003621,4,"MARECHAL LECLERC (RUE DU)",0,NULL,2,2,1,2,0,0,1,NULL,NULL,2,0,1,50
201900003621,25,11,2019,19:10:00,5,67,67204,2,3,2,3,"MARECHAL LECLERC (RUE DU)","48,6211400","7,7596390",201900003621,138 299 713,B01,1,1,0,2,0,15,5,NULL,201900003621,138 299 713,B01,1,1,3,1,1974,1,2,8,-1,-1,0,-1,201900003621,4,"MARECHAL LECLERC (RUE DU)",0,NULL,2,2,1,2,0,0,1,NULL,NULL,2,0,1,50
201900003628,26,11,2019,18:27:00,5,59,59098,1,3,2,3,"LINSELLES (RUE DE)","50,7621490","3,0781111",201900003628,138 299 700,B01,0,1,0,2,1,1,5,NULL,201900003628,138 299 699,A01,1,1,1,2,1953,5,1,8,-1,0,0,-1,201900003628,7,64,0,NULL,2,2,0,1,0,0,1,NULL,NULL,2,0,1,80
201900003628,26,11,2019,18:27:00,5,59,59098,1,3,2,3,"LINSELLES (RUE DE)","50,7621490","3,0781111",201900003628,138 299 700,B01,0,1,0,2,1,1,5,NULL,201900003628,138 299 700,B01,2,1,4,1,1991,1,8,8,-1,-1," -1",-1,201900003628,7,64,0,NULL,2,2,0,1,0,0,1,NULL,NULL,2,0,1,80
201900003641,26,11,2019,08:05:00,1,38,38563,2,5,8,3,"BERANGER (RUE DE)","45,3634540","5,5908550",201900003641,138 299 668,B01,1,1,0,2,1,18,5,NULL,201900003641,138 299 667,A01,1,1,1,2,1979,1,1,0,-1,-1," -1",-1,201900003641,4,"BERANGER (RUE DE)",0,NULL,2,2,0,1,0,0,1,NULL,NULL,1,0,1,50
201900003641,26,11,2019,08:05:00,1,38,38563,2,5,8,3,"BERANGER (RUE DE)","45,3634540","5,5908550",201900003641,138 299 668,B01,1,1,0,2,1,18,5,NULL,201900003641,138 299 668,B01,1,1,3,1,1974,1,2,8,-1,-1," -1",-1,201900003641,4,"BERANGER (RUE DE)",0,NULL,2,2,0,1,0,0,1,NULL,NULL,1,0,1,50
201900003647,26,11,2019,10:10:00,1,31,31555,2,1,1,3,"BD D ARCOLE","43,6112200","1,4405900",201900003647,138 299 656,B01,3,1,0,2,4,10,5,NULL,201900003647,138 299 656,B01,1,1,4,1,1949,9,2,0,-1,-1," -1",-1,201900003647,4,NULL,0,NULL,2,4,0,1,0,0,1,NULL,NULL,1,0,1,50
201900003647,26,11,2019,10:10:00,1,31,31555,2,1,1,3,"BD D ARCOLE","43,6112200","1,4405900",201900003647,138 299 656,B01,3,1,0,2,4,10,5,NULL,201900003647,138 299 657,A01,1,1,1,1,1998,4,1,8,-1,-1," -1",-1,201900003647,4,NULL,0,NULL,2,4,0,1,0,0,1,NULL,NULL,1,0,1,50
201900003672,26,11,2019,19:58:00,5,3,03185,2,3,1,6,"avenue de la République","46,3478837","2,5954223",201900003672,138 299 606,C01,1,1,0,2,4,0,0,NULL,201900003672,138 299 606,C01,1,1,3,1,1994,5,8,0,-1,-1,0,-1,201900003672,3,943,0,NULL,2,2,0,1,0,657,1,NULL,NULL,1,0,1,50
201900003672,26,11,2019,19:58:00,5,3,03185,2,3,1,6,"avenue de la République","46,3478837","2,5954223",201900003672,138 299 606,C01,1,1,0,2,4,0,0,NULL,201900003672,138 299 607,B01,1,1,4,1,1963,1,8,0,-1,-1,0,-1,201900003672,3,943,0,NULL,2,2,0,1,0,657,1,NULL,NULL,1,0,1,50
201900003672,26,11,2019,19:58:00,5,3,03185,2,3,1,6,"avenue de la République","46,3478837","2,5954223",201900003672,138 299 606,C01,1,1,0,2,4,0,0,NULL,201900003672,138 299 607,B01,2,2,4,1,1962,1,8,0,-1,-1,0,-1,201900003672,3,943,0,NULL,2,2,0,1,0,657,1,NULL,NULL,1,0,1,50
201900003672,26,11,2019,19:58:00,5,3,03185,2,3,1,6,"avenue de la République","46,3478837","2,5954223",201900003672,138 299 606,C01,1,1,0,2,4,0,0,NULL,201900003672,138 299 608,A01,1,1,1,1,1967,5,8,8,-1,-1,0,-1,201900003672,3,943,0,NULL,2,2,0,1,0,657,1,NULL,NULL,1,0,1,50
201900003681,26,11,2019,18:00:00,5,75,75113,2,3,1,3,"BOULEVARD VINCENT AURIOL","48,8345773","2,3673620",201900003681,138 299 589,B01,2,1,0,2,1,1,5,NULL,201900003681,138 299 589,B01,1,1,4,1,1970,1,8,2,-1,0,0,-1,201900003681,4,"BOULEVARD VINCENT AURIOL",0,NULL,3,2,1,2,0,0,1,NULL,NULL,2,0,5,50
201900003681,26,11,2019,18:00:00,5,75,75113,2,3,1,3,"BOULEVARD VINCENT AURIOL","48,8345773","2,3673620",201900003681,138 299 589,B01,2,1,0,2,1,1,5,NULL,201900003681,138 299 590,A01,1,1,1,1,1973,1,1,0,-1,0,0,-1,201900003681,4,"BOULEVARD VINCENT AURIOL",0,NULL,3,2,1,2,0,0,1,NULL,NULL,2,0,5,50
201900003682,26,11,2019,08:45:00,1,75,75113,2,3,8,3,"RUE CHARCOT","48,8311376","2,3718955",201900003682,138 299 587,A01,1,1,0,2,1,1,5,NULL,201900003682,138 299 587,A01,1,1,4,2,1980,0,8,2,-1,0,0,-1,201900003682,4,"RUE CHARCOT",0,NULL,2,2,1,2,0,0,1,NULL,NULL,1,0,5,50
201900003682,26,11,2019,08:45:00,1,75,75113,2,3,8,3,"RUE CHARCOT","48,8311376","2,3718955",201900003682,138 299 587,A01,1,1,0,2,1,1,5,NULL,201900003682,138 299 588,B01,1,1,1,2,1975,1,1,0,-1,0,0,-1,201900003682,4,"RUE CHARCOT",0,NULL,2,2,1,2,0,0,1,NULL,NULL,1,0,5,50
201900003685,25,11,2019,22:15:00,5,75,75112,2,3,2,3,"RUE DE LYON","48,8514329","2,3699002",201900003685,138 299 583,A01,2,1,0,2,8,16,5,NULL,201900003685,138 299 582,B01,1,1,1,1,1971,4,1,0,-1,0,0,-1,201900003685,4,"RUE DE LYON",0,NULL,2,4,0,1,0,0,1,NULL,NULL,2,0,1,50
201900003685,25,11,2019,22:15:00,5,75,75112,2,3,2,3,"RUE DE LYON","48,8514329","2,3699002",201900003685,138 299 583,A01,2,1,0,2,8,16,5,NULL,201900003685,138 299 583,A01,1,1,4,2,1999,5,8,2,-1,0,0,-1,201900003685,4,"RUE DE LYON",0,NULL,2,4,0,1,0,0,1,NULL,NULL,2,0,1,50
201900003686,26,11,2019,19:00:00,5,75,75111,2,3,8,3,"RUE DU CHEMIN VERT","48,8618580","2,3834096",201900003686,138 299 581,B01,2,1,0,2,2,1,5,NULL,201900003686,138 299 580,A01,1,1,1,1,1982,0,1,0,-1,0,0,-1,201900003686,4,"RUE DU CHEMIN VERT",0,NULL,1,1,0,2,0,0,1,NULL,NULL,2,0,1,30
201900003686,26,11,2019,19:00:00,5,75,75111,2,3,8,3,"RUE DU CHEMIN VERT","48,8618580","2,3834096",201900003686,138 299 581,B01,2,1,0,2,2,1,5,NULL,201900003686,138 299 581,B01,1,1,4,1,1975,0,8,2,-1,0,0,-1,201900003686,4,"RUE DU CHEMIN VERT",0,NULL,1,1,0,2,0,0,1,NULL,NULL,2,0,1,30
201900003688,26,11,2019,19:45:00,5,75,75104,2,2,2,6,"BOULEVARD DE SEBASTOPOL","48,8595305","2,3487901",201900003688,138 299 576,A01,1,1,0,2,0,1,5,NULL,201900003688,138 299 576,A01,1,1,4,2,1977,1,8,2,-1,0,0,-1,201900003688,4,"BOULEVARD DE SEBASTOPOL",0,NULL,1,4,1,1,0,0,1,NULL,NULL,2,0,5,50
201900003689,25,11,2019,09:15:00,1,75,75101,2,1,1,6,"RUE DANIELLE CASANOVA","48,8680848","2,3311400",201900003689,138 299 575,A01,2,1,0,1,1,1,5,NULL,201900003689,138 299 575,A01,1,1,1,1,1989,1,8,2,-1,0,0,-1,201900003689,4,"RUE DANIELLE CASANOVA",0,NULL,2,2,1,1,29,0,1,NULL,NULL,1,0,5,30
201900003689,25,11,2019,09:15:00,1,75,75101,2,1,1,6,"RUE DANIELLE CASANOVA","48,8680848","2,3311400",201900003689,138 299 575,A01,2,1,0,1,1,1,5,NULL,201900003689,138 299 575,A01,10,3,4,2,1965,1,0,-1,-1,2,3,1,201900003689,4,"RUE DANIELLE CASANOVA",0,NULL,2,2,1,1,29,0,1,NULL,NULL,1,0,5,30
201900003695,25,11,2019,00:20:00,5,93,93066,2,2,1,3,""STALINGRAD (AVENUE), NR 88 A 114 BIS"","48,9454000","2,3639000",201900003695,138 299 564,B01,3,1,0,2,0,0,5,NULL,201900003695,138 299 563,A01,1,1,1,2,1995,5,1,0,-1,-1," -1",-1,201900003695,3,29,0,NULL,-1,2,0,1,0,1,1,NULL,NULL,1,0,1,50
201900003695,25,11,2019,00:20:00,5,93,93066,2,2,1,3,""STALINGRAD (AVENUE), NR 88 A 114 BIS"","48,9454000","2,3639000",201900003695,138 299 564,B01,3,1,0,2,0,0,5,NULL,201900003695,138 299 564,B01,1,1,3,1,1982,5,8,0,-1,-1," -1",-1,201900003695,3,29,0,NULL,-1,2,0,1,0,1,1,NULL,NULL,1,0,1,50
201900003790,20,12,2019,15:40:00,1,92,92024,2,9,8,3,"GENERAL LECLERC (BD DU) (9 A 59)   (4 A","48,9007000","2,3170100",201900003790,138 299 411,A01,1,1,0,2,8,26,5,NULL,201900003790,138 299 411,A01,1,1,4,1,1949,5,8,0,-1,-1,0,-1,201900003790,3,110,0,NULL,-1,0,0,1,0,0,1,NULL,NULL,1,6,4,50
201900003790,20,12,2019,15:40:00,1,92,92024,2,9,8,3,"GENERAL LECLERC (BD DU) (9 A 59)   (4 A","48,9007000","2,3170100",201900003790,138 299 410,B01,1,1,0,2,1,1,0,NULL,201900003790,138 299 411,A01,1,1,4,1,1949,5,8,0,-1,-1,0,-1,201900003790,3,110,0,NULL,-1,0,0,1,0,0,1,NULL,NULL,1,6,4,50
201900003836,17,12,2019,16:30:00,1,35,35281,2,1,1,6,"CLAUDEL (COURS CAMILLE)","48,0813700"," -1,7137600",201900003836,138 299 331,A01,0,1,0,1,1,0,5,NULL,201900003836,138 299 331,A01,10,3,4,1,2011,9,0,-1,-1,3,B,1,201900003836,4,"CLAUDEL (COURS CAMILLE)",0,NULL,1,1,0,1,0,0,1,NULL,NULL,1,6,1,30
201900003836,17,12,2019,16:30:00,1,35,35281,2,1,1,6,"CLAUDEL (COURS CAMILLE)","48,0813700"," -1,7137600",201900003836,138 299 331,A01,0,1,0,1,1,0,5,NULL,201900003836,138 299 331,A01,1,1,1,1,1990,0,8,0,-1,-1," -1",-1,201900003836,4,"CLAUDEL (COURS CAMILLE)",0,NULL,1,1,0,1,0,0,1,NULL,NULL,1,6,1,30
201900003839,28,11,2019,17:50:00,3,29,29212,2,1,2,3,"Rue des Myosotis","48,3733450"," -4,5883910",201900003839,138 299 327,B01,0,1,0,2,7,19,5,NULL,201900003839,138 299 326,A01,1,1,1,1,1974,9,1,-1,-1,0,0,-1,201900003839,4,NULL,NULL,NULL,2,2,1,1,(1),(1),1,NULL,NULL,1,0,1,50
201900003839,28,11,2019,17:50:00,3,29,29212,2,1,2,3,"Rue des Myosotis","48,3733450"," -4,5883910",201900003839,138 299 327,B01,0,1,0,2,7,19,5,NULL,201900003839,138 299 327,B01,1,1,4,2,2005,5,2,4,9,0,0,-1,201900003839,4,NULL,NULL,NULL,2,2,1,1,(1),(1),1,NULL,NULL,1,0,1,50
201900003852,20,9,2019,08:05:00,1,75,75111,2,2,1,3,"AVENUE DE LA REPUBLIQUE","48,8660025","2,3706578",201900003852,138 299 299,A01,2,1,0,2,1,1,5,NULL,201900003852,138 299 299,A01,1,1,4,2,1988,1,8,2,-1,0,0,-1,201900003852,4,"AVENUE DE LA REPUBLIQUE",0,NULL,2,2,0,2,0,0,1,NULL,NULL,1,0,1,30
201900003852,20,9,2019,08:05:00,1,75,75111,2,2,1,3,"AVENUE DE LA REPUBLIQUE","48,8660025","2,3706578",201900003852,138 299 299,A01,2,1,0,2,1,1,5,NULL,201900003852,138 299 300,B01,1,1,1,1,1960,4,1,0,-1,0,0,-1,201900003852,4,"AVENUE DE LA REPUBLIQUE",0,NULL,2,2,0,2,0,0,1,NULL,NULL,1,0,1,30
201900003891,15,9,2019,11:00:00,1,38,38200,2,6,1,3,"Route de l'Électrochimie","45,0883200","5,7310000",201900003891,138 299 227,B01,1,1,0,2,1,16,5,NULL,201900003891,138 299 227,B01,1,1,4,1,1962,5,2,-1,-1,0,0,-1,201900003891,2,85,0,NULL,1,2,0,1,53,100,2,NULL,NULL,1,0,1,50
201900003891,15,9,2019,11:00:00,1,38,38200,2,6,1,3,"Route de l'Électrochimie","45,0883200","5,7310000",201900003891,138 299 227,B01,1,1,0,2,1,16,5,NULL,201900003891,138 299 228,A01,1,1,1,1,1975,5,1,-1,-1,0,0,-1,201900003891,2,85,0,NULL,1,2,0,1,53,100,2,NULL,NULL,1,0,1,50
201900003919,16,9,2019,10:15:00,1,974,97411,2,1,1,2,"LORY LES HAUTS (RUE)"," -20,8974000","55,4808000",201900003919,138 299 171,A01,3,1,0,2,1,26,5,NULL,201900003919,138 299 170,B01,1,1,1,2,1974,0,1,0,-1,-1," -1",-1,201900003919,4,"LORY LES HAUTS (RUE)",0,NULL,2,2,0,2,0,0,1,NULL,NULL,1,0,1,50
201900003919,16,9,2019,10:15:00,1,974,97411,2,1,1,2,"LORY LES HAUTS (RUE)"," -20,8974000","55,4808000",201900003919,138 299 171,A01,3,1,0,2,1,26,5,NULL,201900003919,138 299 171,A01,2,1,4,1,1999,0,8,0,-1,-1," -1",-1,201900003919,4,"LORY LES HAUTS (RUE)",0,NULL,2,2,0,2,0,0,1,NULL,NULL,1,0,1,50
201900003922,19,9,2019,00:05:00,5,69,69388,2,7,1,3,"ALBERT THOMAS                       (CO)","45,7455300","4,8712200",201900003922,138 299 161,A01,1,1,0,2,3,15,5,NULL,201900003922,138 299 161,A01,1,1,1,1,1993,9,8,0,-1,-1," -1",-1,201900003922,4,"ALBERT THOMAS                       (CO)",0,NULL,2,4,3,1,0,0,1,NULL,NULL,1,0,1,50
201900003922,19,9,2019,00:05:00,5,69,69388,2,7,1,3,"ALBERT THOMAS                       (CO)","45,7455300","4,8712200",201900003922,138 299 161,A01,1,1,0,2,3,15,5,NULL,201900003922,138 299 162,B01,1,1,4,1,1994,9,2,0,-1,-1," -1",-1,201900003922,4,"ALBERT THOMAS                       (CO)",0,NULL,2,4,3,1,0,0,1,NULL,NULL,1,0,1,50
201900003929,17,9,2019,14:25:00,1,87,87085,2,2,1,3,"PERRIN (RUE FRANCOIS)","45,8293600","1,2447000",201900003929,138 299 147,A01,1,1,0,2,1,9,5,NULL,201900003929,138 299 147,A01,1,1,3,1,1994,5,8,-1,-1,0,0,-1,201900003929,4,"PERRIN (RUE FRANCOIS)",0,NULL,2,2,0,1,0,0,1,NULL,NULL,1,0,1,50
201900003929,17,9,2019,14:25:00,1,87,87085,2,2,1,3,"PERRIN (RUE FRANCOIS)","45,8293600","1,2447000",201900003929,138 299 147,A01,1,1,0,2,1,9,5,NULL,201900003929,138 299 148,B01,1,1,4,2,1998,1,1,-1,-1,0,0,-1,201900003929,4,"PERRIN (RUE FRANCOIS)",0,NULL,2,2,0,1,0,0,1,NULL,NULL,1,0,1,50
201900003939,17,9,2019,18:20:00,1,67,67482,2,1,1,6,"MILAN (RUE DE)","48,5768730","7,7673730",201900003939,138 299 123,A01,1,1,0,1,1,1,5,NULL,201900003939,138 299 123,A01,1,1,1,2,2010,0,8,0,-1,-1,0,-1,201900003939,4,"MILAN (RUE DE)",0,NULL,-1,1,0,1,0,0,4,NULL,NULL,1,9,1,30
201900003939,17,9,2019,18:20:00,1,67,67482,2,1,1,6,"MILAN (RUE DE)","48,5768730","7,7673730",201900003939,138 299 123,A01,1,1,0,1,1,1,5,NULL,201900003939,138 299 123,A01,10,3,4,2,1941,5,8,0,-1,8,1,3,201900003939,4,"MILAN (RUE DE)",0,NULL,-1,1,0,1,0,0,4,NULL,NULL,1,9,1,30
201900003940,17,9,2019,17:35:00,1,67,67482,2,3,8,3,"AUBERGE DE JEUNESSE (RUE DE L )","48,5737530","7,7185340",201900003940,138 299 122,B01,2,1,0,2,1,1,5,NULL,201900003940,138 299 121,A01,1,1,1,1,1986,5,1,8,-1,-1,0,-1,201900003940,4,"AUBERGE DE JEUNESSE (RUE DE L )",0,NULL,2,2,0,1,0,0,1,NULL,NULL,1,0,1,20
201900003940,17,9,2019,17:35:00,1,67,67482,2,3,8,3,"AUBERGE DE JEUNESSE (RUE DE L )","48,5737530","7,7185340",201900003940,138 299 122,B01,2,1,0,2,1,1,5,NULL,201900003940,138 299 122,B01,1,1,4,1,1973,1,8,0,-1,-1,0,-1,201900003940,4,"AUBERGE DE JEUNESSE (RUE DE L )",0,NULL,2,2,0,1,0,0,1,NULL,NULL,1,0,1,20
201900003953,17,9,2019,17:10:00,1,56,56121,2,2,1,3,"KERJULAUDE ( RUE DE )","47,7438357"," -3,3810682",201900003953,138 299 093,B01,2,1,0,2,8,1,5,NULL,201900003953,138 299 093,B01,1,1,4,1,1968,4,2,0,-1,0,0,-1,201900003953,4,"KERJULAUDE ( RUE DE )",0,NULL,2,4,1,1,(1),(1),1,NULL,NULL,1,5,1,50
201900003953,17,9,2019,17:10:00,1,56,56121,2,2,1,3,"KERJULAUDE ( RUE DE )","47,7438357"," -3,3810682",201900003953,138 299 093,B01,2,1,0,2,8,1,5,NULL,201900003953,138 299 094,A01,1,1,1,1,1998,4,1,8,-1,0,0,-1,201900003953,4,"KERJULAUDE ( RUE DE )",0,NULL,2,4,1,1,(1),(1),1,NULL,NULL,1,5,1,50
201900003967,18,9,2019,18:34:00,1,37,37261,2,3,1,3,"COPPEE (RUE FRANCOIS)","47,4269157","0,6902293",201900003967,138 299 067,B01,3,1,0,2,8,19,5,NULL,201900003967,138 299 066,A01,2,2,1,2,2000,0,1,0,-1,-1,0,-1,201900003967,4,"COPPEE (RUE FRANCOIS)",0,NULL,2,2,0,1,0,0,1,NULL,NULL,1,0,1,50
201900003967,18,9,2019,18:34:00,1,37,37261,2,3,1,3,"COPPEE (RUE FRANCOIS)","47,4269157","0,6902293",201900003967,138 299 067,B01,3,1,0,2,8,19,5,NULL,201900003967,138 299 066,A01,1,1,1,1,2000,0,1,0,-1,-1,0,-1,201900003967,4,"COPPEE (RUE FRANCOIS)",0,NULL,2,2,0,1,0,0,1,NULL,NULL,1,0,1,50
201900003967,18,9,2019,18:34:00,1,37,37261,2,3,1,3,"COPPEE (RUE FRANCOIS)","47,4269157","0,6902293",201900003967,138 299 067,B01,3,1,0,2,8,19,5,NULL,201900003967,138 299 066,A01,2,2,1,1,1999,0,1,0,-1,-1,0,-1,201900003967,4,"COPPEE (RUE FRANCOIS)",0,NULL,2,2,0,1,0,0,1,NULL,NULL,1,0,1,50
201900003967,18,9,2019,18:34:00,1,37,37261,2,3,1,3,"COPPEE (RUE FRANCOIS)","47,4269157","0,6902293",201900003967,138 299 067,B01,3,1,0,2,8,19,5,NULL,201900003967,138 299 066,A01,3,2,1,2,2000,0,1,0,-1,-1,0,-1,201900003967,4,"COPPEE (RUE FRANCOIS)",0,NULL,2,2,0,1,0,0,1,NULL,NULL,1,0,1,50
201900003967,18,9,2019,18:34:00,1,37,37261,2,3,1,3,"COPPEE (RUE FRANCOIS)","47,4269157","0,6902293",201900003967,138 299 067,B01,3,1,0,2,8,19,5,NULL,201900003967,138 299 067,B01,1,1,3,1,1980,1,2,0,-1,-1,0,-1,201900003967,4,"COPPEE (RUE FRANCOIS)",0,NULL,2,2,0,1,0,0,1,NULL,NULL,1,0,1,50
201900003970,18,9,2019,17:30:00,1,35,35051,2,3,1,3,"RENAUDIERE (AVENUE DE LA)","48,1177600"," -1,6320400",201900003970,138 299 062,B01,2,1,0,2,1,1,0,NULL,201900003970,138 299 062,B01,1,1,4,2,1996,9,8,0,-1,-1," -1",-1,201900003970,3,197,0,NULL,2,2,2,2,1,800,1,NULL,NULL,1,0,5,50
201900003970,18,9,2019,17:30:00,1,35,35051,2,3,1,3,"RENAUDIERE (AVENUE DE LA)","48,1177600"," -1,6320400",201900003970,138 299 062,B01,2,1,0,2,1,1,0,NULL,201900003970,138 299 063,A01,1,1,1,2,1994,1,1,0,-1,-1,0,-1,201900003970,3,197,0,NULL,2,2,2,2,1,800,1,NULL,NULL,1,0,5,50
201900003980,18,9,2019,16:00:00,1,14,14327,2,9,1,3,"COLOMBELLES CD226 (ROUTE DE)","49,2068600"," -0,3156400",201900003980,138 299 042,B01,1,1,0,0,9,1,5,NULL,201900003980,138 299 042,B01,1,1,4,1,1993,-1,0,-1,-1,0,0,-1,201900003980,3,226,0,A,2,0,0,1,0,0,1,NULL,NULL,1,9,1,30
201900003980,18,9,2019,16:00:00,1,14,14327,2,9,1,3,"COLOMBELLES CD226 (ROUTE DE)","49,2068600"," -0,3156400",201900003980,138 299 042,B01,1,1,0,0,9,1,5,NULL,201900003980,138 299 043,A01,1,1,1,1,1957,-1,1,-1,-1,0,0,-1,201900003980,3,226,0,A,2,0,0,1,0,0,1,NULL,NULL,1,9,1,30
201900003981,18,9,2019,12:05:00,1,14,14341,2,1,1,3,"NOBEL (RUE  ALFRED)","49,1486700"," -0,3401100",201900003981,138 299 041,B01,3,1,0,2,3,19,5,NULL,201900003981,138 299 040,A01,1,1,1,1,1989,5,1,0,-1,0,0,-1,201900003981,4,"NOBEL (RUE  ALFRED)",0,NULL,2,2,0,1,1,0,1,NULL,NULL,1,0,1,50
201900003981,18,9,2019,12:05:00,1,14,14341,2,1,1,3,"NOBEL (RUE  ALFRED)","49,1486700"," -0,3401100",201900003981,138 299 041,B01,3,1,0,2,3,19,5,NULL,201900003981,138 299 041,B01,1,1,4,2,1957,5,8,0,-1,0,0,-1,201900003981,4,"NOBEL (RUE  ALFRED)",0,NULL,2,2,0,1,1,0,1,NULL,NULL,1,0,1,50
201900003998,18,9,2019,13:40:00,1,75,75116,2,7,1,2,"PLACE DU TROCADERO","48,8633010","2,2866610",201900003998,138 299 007,B01,1,1,0,2,4,2,5,NULL,201900003998,138 299 006,A01,1,1,1,1,1971,1,1,0,-1,0,0,-1,201900003998,4,"PLACE DU TROCADERO",0,NULL,1,4,0,1,0,0,2,NULL,NULL,1,0,1,50
201900003998,18,9,2019,13:40:00,1,75,75116,2,7,1,2,"PLACE DU TROCADERO","48,8633010","2,2866610",201900003998,138 299 007,B01,1,1,0,2,4,2,5,NULL,201900003998,138 299 007,B01,1,1,4,1,1969,1,8,2,-1,0,0,-1,201900003998,4,"PLACE DU TROCADERO",0,NULL,1,4,0,1,0,0,2,NULL,NULL,1,0,1,50
201900004001,18,9,2019,16:25:00,1,75,75115,2,2,1,3,"RUE MARMONTEL","48,8367520","2,2995440",201900004001,138 299 000,B01,2,1,0,2,8,1,5,NULL,201900004001,138 299 000,B01,1,1,4,2,1957,0,2,8,-1,0,0,-1,201900004001,4,"RUE MARMONTEL",0,NULL,2,2,1,1,0,0,1,NULL,NULL,1,0,5,50
201900004001,18,9,2019,16:25:00,1,75,75115,2,2,1,3,"RUE MARMONTEL","48,8367520","2,2995440",201900004001,138 299 000,B01,2,1,0,2,8,1,5,NULL,201900004001,138 299 001,A01,1,1,1,1,1992,9,1,0,-1,0,0,-1,201900004001,4,"RUE MARMONTEL",0,NULL,2,2,1,1,0,0,1,NULL,NULL,1,0,5,50
201900004015,18,9,2019,08:49:00,1,93,93055,2,9,1,3,COURTILLIERES(PARC),"48,9143500","2,4102300",201900004015,138 298 974,B01,3,1,0,2,1,5,5,NULL,201900004015,138 298 974,B01,1,1,4,1,2000,1,8,0,-1,-1," -1",-1,201900004015,6,COURTILLIERES(PARC),0,NULL,2,1,0,1,0,0,4,NULL,NULL,1,0,1,30
201900004015,18,9,2019,08:49:00,1,93,93055,2,9,1,3,COURTILLIERES(PARC),"48,9143500","2,4102300",201900004015,138 298 974,B01,3,1,0,2,1,5,5,NULL,201900004015,138 298 975,A01,1,1,1,2,1995,0,1,0,-1,-1," -1",-1,201900004015,6,COURTILLIERES(PARC),0,NULL,2,1,0,1,0,0,4,NULL,NULL,1,0,1,30
201900004020,18,9,2019,19:40:00,5,92,92075,2,2,1,3,"SADI CARNOT (RUE)","48,8219710","2,2892180",201900004020,138 298 966,A01,3,1,0,2,2,1,5,NULL,201900004020,138 298 965,B01,1,1,1,2,1974,1,1,8,-1,-1,0,-1,201900004020,4,"SADI CARNOT (RUE)",0,NULL,1,2,2,1,11,0,1,NULL,NULL,1,0,1,30
201900004020,18,9,2019,19:40:00,5,92,92075,2,2,1,3,"SADI CARNOT (RUE)","48,8219710","2,2892180",201900004020,138 298 966,A01,3,1,0,2,2,1,5,NULL,201900004020,138 298 966,A01,1,1,4,2,1983,1,2,4,-1,-1,0,-1,201900004020,4,"SADI CARNOT (RUE)",0,NULL,1,2,2,1,11,0,1,NULL,NULL,1,0,1,30