Num_Acc,jour,mois,an,hrmn,lum,dep,com,agg,int,atm,col,adr,lat,long,Num_Acc,id_vehicule,num_veh,senc,catv,obs,obsm,choc,manv,motor,occutc,Num_Acc,id_vehicule,num_veh,place,catu,grav,sexe,an_nais,trajet,secu1,secu2,secu3,locp,actp,etatp,Num_Acc,catr,voie,v1,v2,circ,nbv,vosp,prof,pr,pr1,plan,lartpc,larrout,surf,infra,situ,vma
201900004021,17,9,2019,19:30:00,2,92,92073,2,1,1,6,"JAURES (AVENUE JEAN)","48,8645810","2,2074000",201900004021,138 298 964,A01,1,1,0,1,1,1,5,NULL,201900004021,138 298 964,A01,10,3,4,1,2011,0,0,0,-1,2,3,2,201900004021,3,39,0,NULL,2,2,0,2,0,0,1,NULL,NULL,1,0,1,50
201900004021,17,9,2019,19:30:00,2,92,92073,2,1,1,6,"JAURES (AVENUE JEAN)","48,8645810","2,2074000",201900004021,138 298 964,A01,1,1,0,1,1,1,5,NULL,201900004021,138 298 964,A01,1,1,3,1,1962,0,8,0,-1,-1,0,-1,201900004021,3,39,0,NULL,2,2,0,2,0,0,1,NULL,NULL,1,0,1,50
201900004034,17,9,2019,09:40:00,1,59,59309,2,1,1,7,"Rue de Furnes","50,9840600","2,5901680",201900004034,138 298 937,A01,1,1,0,0,1,1,5,NULL,201900004034,138 298 937,A01,1,1,3,2,1951,5,2,-1,-1,0,0,-1,201900004034,3,55,NULL,NULL,2,2,0,1,0,250,1,NULL,NULL,9,0,1,50
201900004054,19,9,2019,09:45:00,1,2,02656,1,1,7,2,"CD 22","49,3811420","3,8288310",201900004054,138 298 901,B01,2,1,0,0,4,1,5,NULL,201900004054,138 298 901,B01,1,1,3,1,1948,5,2,6,-1,0,0,-1,201900004054,3,22,NULL,NULL,2,2,0,1,2,400,1,NULL,NULL,1,0,1,80
201900004054,19,9,2019,09:45:00,1,2,02656,1,1,7,2,"CD 22","49,3811420","3,8288310",201900004054,138 298 901,B01,2,1,0,0,4,1,5,NULL,201900004054,138 298 902,A01,1,1,1,2,1997,1,8,-1,-1,0,0,-1,201900004054,3,22,NULL,NULL,2,2,0,1,2,400,1,NULL,NULL,1,0,1,80
201900004057,18,9,2019,19:05:00,1,60,60509,2,3,1,1,"rue louis boilet","49,3003579","2,6038163",201900004057,138 298 895,A01,0,1,0,2,0,0,5,NULL,201900004057,138 298 895,A01,1,1,3,1,2010,0,0,-1,-1,0,0,-1,201900004057,3,120,NULL,NULL,2,2,0,1,11,150,1,NULL,NULL,1,0,1,50
201900004057,18,9,2019,19:05:00,1,60,60509,2,3,1,1,"rue louis boilet","49,3003579","2,6038163",201900004057,138 298 895,A01,0,1,0,2,0,0,5,NULL,201900004057,138 298 896,B01,2,2,1,1,2002,0,1,-1,-1,0,0,-1,201900004057,3,120,NULL,NULL,2,2,0,1,11,150,1,NULL,NULL,1,0,1,50
201900004057,18,9,2019,19:05:00,1,60,60509,2,3,1,1,"rue louis boilet","49,3003579","2,6038163",201900004057,138 298 895,A01,0,1,0,2,0,0,5,NULL,201900004057,138 298 896,B01,1,1,1,1,1969,4,1,-1,-1,0,0,-1,201900004057,3,120,NULL,NULL,2,2,0,1,11,150,1,NULL,NULL,1,0,1,50
201900004060,19,9,2019,07:20:00,2,64,64371,2,1,8,2,"34 Rue de la Navarre","43,2152791"," -0,8962425",201900004060,138 298 891,B01,1,1,0,0,6,15,5,NULL,201900004060,138 298 890,A01,1,1,1,1,2000,1,8,-1,-1,0,0,-1,201900004060,3,918,NULL,D,2,2,0,1,87,300,1,NULL,NULL,1,0,1,50
201900004060,19,9,2019,07:20:00,2,64,64371,2,1,8,2,"34 Rue de la Navarre","43,2152791"," -0,8962425",201900004060,138 298 891,B01,1,1,0,0,6,15,5,NULL,201900004060,138 298 891,B01,2,2,4,1,2017,2,2,3,4,0,0,-1,201900004060,3,918,NULL,D,2,2,0,1,87,300,1,NULL,NULL,1,0,1,50
201900004060,19,9,2019,07:20:00,2,64,64371,2,1,8,2,"34 Rue de la Navarre","43,2152791"," -0,8962425",201900004060,138 298 891,B01,1,1,0,0,6,15,5,NULL,201900004060,138 298 891,B01,1,1,1,1,1986,2,2,-1,-1,0,0,-1,201900004060,3,918,NULL,D,2,2,0,1,87,300,1,NULL,NULL,1,0,1,50
201900004063,9,7,2019,20:10:00,1,14,14118,2,1,1,6,"DELIVRANDE (RUE DE LA)","49,1949600"," -0,3598700",201900004063,138 298 883,A01,3,1,12,0,1,26,5,NULL,201900004063,138 298 883,A01,1,1,3,2,1977,1,2,0,-1,0,0,-1,201900004063,4,"DELIVRANDE (RUE DE LA)",0,NULL,2,2,0,1,1,0,1,NULL,NULL,1,0,1,50
201900004088,8,7,2019,09:00:00,1,75,75115,2,1,1,3,"BOULEVARD LEFEBVRE","48,8313870","2,2915770",201900004088,138 298 839,B01,2,1,0,2,7,17,5,NULL,201900004088,138 298 838,A01,2,1,1,1,1986,5,2,0,-1,0,0,-1,201900004088,4,"BOULEVARD LEFEBVRE",0,NULL,1,1,1,2,0,0,1,NULL,NULL,1,0,5,30
201900004088,8,7,2019,09:00:00,1,75,75115,2,1,1,3,"BOULEVARD LEFEBVRE","48,8313870","2,2915770",201900004088,138 298 838,A01,2,1,0,2,8,13,5,NULL,201900004088,138 298 838,A01,2,1,1,1,1986,5,2,0,-1,0,0,-1,201900004088,4,"BOULEVARD LEFEBVRE",0,NULL,1,1,1,2,0,0,1,NULL,NULL,1,0,5,30
201900004088,8,7,2019,09:00:00,1,75,75115,2,1,1,3,"BOULEVARD LEFEBVRE","48,8313870","2,2915770",201900004088,138 298 839,B01,2,1,0,2,7,17,5,NULL,201900004088,138 298 839,B01,2,1,4,1,1980,1,2,0,-1,0,0,-1,201900004088,4,"BOULEVARD LEFEBVRE",0,NULL,1,1,1,2,0,0,1,NULL,NULL,1,0,5,30
201900004088,8,7,2019,09:00:00,1,75,75115,2,1,1,3,"BOULEVARD LEFEBVRE","48,8313870","2,2915770",201900004088,138 298 838,A01,2,1,0,2,8,13,5,NULL,201900004088,138 298 839,B01,2,1,4,1,1980,1,2,0,-1,0,0,-1,201900004088,4,"BOULEVARD LEFEBVRE",0,NULL,1,1,1,2,0,0,1,NULL,NULL,1,0,5,30
201900004093,9,7,2019,13:20:00,1,75,75113,2,3,1,3,"BOULEVARD MASSENA","48,8234340","2,3750580",201900004093,138 298 832,B01,2,1,0,2,4,1,5,NULL,201900004093,138 298 831,A01,1,1,1,1,2000,9,1,0,-1,0,0,-1,201900004093,4,"BOULEVARD MASSENA",0,NULL,1,3,1,2,0,0,1,NULL,NULL,1,0,5,50
201900004093,9,7,2019,13:20:00,1,75,75113,2,3,1,3,"BOULEVARD MASSENA","48,8234340","2,3750580",201900004093,138 298 832,B01,2,1,0,2,4,1,5,NULL,201900004093,138 298 832,B01,1,1,4,1,2000,5,2,0,-1,0,0,-1,201900004093,4,"BOULEVARD MASSENA",0,NULL,1,3,1,2,0,0,1,NULL,NULL,1,0,5,50
201900004094,9,7,2019,11:05:00,1,75,75109,2,2,1,6,"RUE DU FAUBOURG MONTMARTRE","48,8751010","2,3410220",201900004094,138 298 830,A01,1,1,0,1,1,1,5,NULL,201900004094,138 298 830,A01,1,1,1,1,1999,9,2,0,-1,0,0,-1,201900004094,4,"RUE DU FAUBOURG MONTMARTRE",0,NULL,1,1,0,1,0,0,1,NULL,NULL,1,0,1,50
201900004094,9,7,2019,11:05:00,1,75,75109,2,2,1,6,"RUE DU FAUBOURG MONTMARTRE","48,8751010","2,3410220",201900004094,138 298 830,A01,1,1,0,1,1,1,5,NULL,201900004094,138 298 830,A01,10,3,4,2,1946,9,8,0,-1,2,3,1,201900004094,4,"RUE DU FAUBOURG MONTMARTRE",0,NULL,1,1,0,1,0,0,1,NULL,NULL,1,0,1,50
201900004107,9,7,2019,18:30:00,1,93,93048,2,1,1,5,"PARIS (RUE DE)","48,8572700","2,4305100",201900004107,138 298 807,Y01,1,1,0,2,1,11,5,NULL,201900004107,138 298 807,Y01,10,3,4,1,1989,0,0,0,-1,9,1,1,201900004107,3,902,0,NULL,2,2,0,1,0,1,1,NULL,NULL,1,0,1,30
201900004107,9,7,2019,18:30:00,1,93,93048,2,1,1,5,"PARIS (RUE DE)","48,8572700","2,4305100",201900004107,138 298 807,Y01,1,1,0,2,1,11,5,NULL,201900004107,138 298 808,C01,1,1,1,2,1992,0,1,0,-1,-1," -1",-1,201900004107,3,902,0,NULL,2,2,0,1,0,1,1,NULL,NULL,1,0,1,30
201900004107,9,7,2019,18:30:00,1,93,93048,2,1,1,5,"PARIS (RUE DE)","48,8572700","2,4305100",201900004107,138 298 807,Y01,1,1,0,2,1,11,5,NULL,201900004107,138 298 809,B01,1,1,1,1,1989,0,1,0,-1,-1," -1",-1,201900004107,3,902,0,NULL,2,2,0,1,0,1,1,NULL,NULL,1,0,1,30
201900004107,9,7,2019,18:30:00,1,93,93048,2,1,1,5,"PARIS (RUE DE)","48,8572700","2,4305100",201900004107,138 298 807,Y01,1,1,0,2,1,11,5,NULL,201900004107,138 298 810,A01,1,1,1,1,2000,0,1,0,-1,-1," -1",-1,201900004107,3,902,0,NULL,2,2,0,1,0,1,1,NULL,NULL,1,0,1,30
201900004112,9,7,2019,00:30:00,5,93,93007,2,3,1,1,"BRUXELLES (AVENUE DE)","48,9307000","2,4784000",201900004112,138 298 797,B01,3,1,0,2,9,16,5,NULL,201900004112,138 298 797,B01,1,1,4,1,1954,0,2,0,-1,-1," -1",-1,201900004112,3,41,0,NULL,1,1,0,2,0,0,1,NULL,NULL,1,2,3,50
201900004112,9,7,2019,00:30:00,5,93,93007,2,3,1,1,"BRUXELLES (AVENUE DE)","48,9307000","2,4784000",201900004112,138 298 797,B01,3,1,0,2,9,16,5,NULL,201900004112,138 298 798,A01,1,1,1,1,1995,5,1,0,-1,-1," -1",-1,201900004112,3,41,0,NULL,1,1,0,2,0,0,1,NULL,NULL,1,2,3,50
201900004114,7,7,2019,20:00:00,1,92,92072,2,1,1,3,"GRANDE RUE","48,8215264","2,2034948",201900004114,138 298 793,B01,3,1,0,2,8,17,5,NULL,201900004114,138 298 793,B01,1,1,4,1,1980,5,8,0,-1,-1,0,-1,201900004114,3,910,0,NULL,2,2,0,1,0,0,1,NULL,NULL,1,0,1,50
201900004114,7,7,2019,20:00:00,1,92,92072,2,1,1,3,"GRANDE RUE","48,8215264","2,2034948",201900004114,138 298 793,B01,3,1,0,2,8,17,5,NULL,201900004114,138 298 794,A01,1,1,1,1,1971,4,8,0,-1,-1,0,-1,201900004114,3,910,0,NULL,2,2,0,1,0,0,1,NULL,NULL,1,0,1,50
201900004119,9,7,2019,08:45:00,1,92,92040,2,1,1,3,"STALINGRAD (QUAI DE)","48,8200180","2,2433608",201900004119,138 298 784,B01,3,1,0,0,7,0,5,NULL,201900004119,138 298 784,B01,1,1,4,2,1966,0,2,0,-1,-1,0,-1,201900004119,3,7,0,NULL,3,4,0,1,0,0,1,NULL,NULL,1,0,1,50
201900004119,9,7,2019,08:45:00,1,92,92040,2,1,1,3,"STALINGRAD (QUAI DE)","48,8200180","2,2433608",201900004119,138 298 784,B01,3,1,0,0,7,0,5,NULL,201900004119,138 298 785,A01,1,1,1,2,1980,1,1,0,-1,-1,0,-1,201900004119,3,7,0,NULL,3,4,0,1,0,0,1,NULL,NULL,1,0,1,50
201900004124,5,7,2019,10:30:00,1,92,92009,2,1,1,6,"VICTOR HUGO ( RUE )","48,9195100","2,2672300",201900004124,138 298 773,A01,1,1,0,0,0,21,5,NULL,201900004124,138 298 773,A01,1,1,4,2,1974,1,2,0,-1,-1,0,-1,201900004124,4,"VICTOR HUGO ( RUE )",0,NULL,1,1,0,1,0,0,1,NULL,NULL,2,0,3,50
201900004124,5,7,2019,10:30:00,1,92,92009,2,1,1,6,"VICTOR HUGO ( RUE )","48,9195100","2,2672300",201900004124,138 298 773,A01,1,1,0,0,0,21,5,NULL,201900004124,138 298 774,B01,1,1,1,2,1954,1,1,8,-1,-1,0,-1,201900004124,4,"VICTOR HUGO ( RUE )",0,NULL,1,1,0,1,0,0,1,NULL,NULL,2,0,3,50
201900004131,6,7,2019,14:10:00,1,84,84069,1,1,1,3,D974,"44,1559430","5,1474940",201900004131,138 298 759,A01,1,1,0,2,1,26,5,NULL,201900004131,138 298 758,B01,2,2,1,1,1961,5,1,-1,-1,0,0,-1,201900004131,3,974,NULL,NULL,2,2,2,2,54,200,2,NULL,NULL,1,0,1,80
201900004131,6,7,2019,14:10:00,1,84,84069,1,1,1,3,D974,"44,1559430","5,1474940",201900004131,138 298 759,A01,1,1,0,2,1,26,5,NULL,201900004131,138 298 758,B01,9,2,1,2,1970,5,1,-1,-1,0,0,-1,201900004131,3,974,NULL,NULL,2,2,2,2,54,200,2,NULL,NULL,1,0,1,80
201900004131,6,7,2019,14:10:00,1,84,84069,1,1,1,3,D974,"44,1559430","5,1474940",201900004131,138 298 759,A01,1,1,0,2,1,26,5,NULL,201900004131,138 298 758,B01,7,2,1,2,1965,5,1,-1,-1,0,0,-1,201900004131,3,974,NULL,NULL,2,2,2,2,54,200,2,NULL,NULL,1,0,1,80
201900004131,6,7,2019,14:10:00,1,84,84069,1,1,1,3,D974,"44,1559430","5,1474940",201900004131,138 298 759,A01,1,1,0,2,1,26,5,NULL,201900004131,138 298 758,B01,1,1,1,1,1967,5,1,-1,-1,0,0,-1,201900004131,3,974,NULL,NULL,2,2,2,2,54,200,2,NULL,NULL,1,0,1,80
201900004131,6,7,2019,14:10:00,1,84,84069,1,1,1,3,D974,"44,1559430","5,1474940",201900004131,138 298 759,A01,1,1,0,2,1,26,5,NULL,201900004131,138 298 759,A01,1,1,3,1,1967,5,2,-1,-1,0,0,-1,201900004131,3,974,NULL,NULL,2,2,2,2,54,200,2,NULL,NULL,1,0,1,80
201900004133,10,7,2019,08:30:00,1,35,35226,1,2,1,3,"Intersection D794 / D78","48,4268440"," -1,8905970",201900004133,138 298 754,A01,1,1,0,2,8,1,5,NULL,201900004133,138 298 754,A01,1,1,4,1,1981,5,2,6,-1,0,0,-1,201900004133,3,794,NULL,NULL,2,2,0,1,65,800,1,NULL,NULL,1,5,1,70
201900004133,10,7,2019,08:30:00,1,35,35226,1,2,1,3,"Intersection D794 / D78","48,4268440"," -1,8905970",201900004133,138 298 754,A01,1,1,0,2,8,1,5,NULL,201900004133,138 298 755,B01,1,1,1,2,1973,1,1,-1,-1,0,0,-1,201900004133,3,794,NULL,NULL,2,2,0,1,65,800,1,NULL,NULL,1,5,1,70
201900004136,10,7,2019,10:15:00,1,65,65340,2,3,1,3,"Route de Rabastens","43,2786164","0,1092397",201900004136,138 298 747,B01,2,1,0,2,6,1,5,NULL,201900004136,138 298 746,A01,1,1,1,1,1962,4,1,-1,-1,0,0,-1,201900004136,2,21,0,NULL,2,2,0,1,15,55,1,NULL,NULL,1,0,1,70
201900004136,10,7,2019,10:15:00,1,65,65340,2,3,1,3,"Route de Rabastens","43,2786164","0,1092397",201900004136,138 298 747,B01,2,1,0,2,6,1,5,NULL,201900004136,138 298 747,B01,1,1,4,1,1994,5,2,-1,-1,0,0,-1,201900004136,2,21,0,NULL,2,2,0,1,15,55,1,NULL,NULL,1,0,1,70
201900004156,9,7,2019,21:00:00,2,2,02678,2,3,1,1,Grand-Rue,"49,7197200","4,0747590",201900004156,138 298 711,A01,2,1,0,2,1,5,5,NULL,201900004156,138 298 710,B01,1,1,1,1,1993,1,1,-1,-1,0,0,-1,201900004156,3,58,NULL,D,2,2,0,1,1,300,1,NULL,NULL,1,0,1,50
201900004156,9,7,2019,21:00:00,2,2,02678,2,3,1,1,Grand-Rue,"49,7197200","4,0747590",201900004156,138 298 711,A01,2,1,0,2,1,5,5,NULL,201900004156,138 298 711,A01,1,1,3,1,2006,5,0,-1,-1,0,0,-1,201900004156,3,58,NULL,D,2,2,0,1,1,300,1,NULL,NULL,1,0,1,50
201900004170,9,7,2019,11:45:00,1,971,97134,1,1,1,3,"Boulevard Commandant Mortenol","16,0577930"," -61,7620920",201900004170,138 298 688,A01,0,1,0,2,1,0,5,NULL,201900004170,138 298 687,B01,1,1,1,2,1964,4,1,-1,-1,0,0,-1,201900004170,4,13,0,NULL,2,2,0,2,6,260,1,NULL,NULL,1,0,1,70
201900004170,9,7,2019,11:45:00,1,971,97134,1,1,1,3,"Boulevard Commandant Mortenol","16,0577930"," -61,7620920",201900004170,138 298 688,A01,0,1,0,2,1,0,5,NULL,201900004170,138 298 688,A01,1,1,3,1,2013,0,0,-1,-1,0,0,-1,201900004170,4,13,0,NULL,2,2,0,2,6,260,1,NULL,NULL,1,0,1,70
201900004178,8,7,2019,14:45:00,1,54,54397,2,1,1,7,"94 Rue Pierre et Marie Curie","48,6134900","6,1186690",201900004178,138 298 676,A01,1,1,12,0,2,0,0,NULL,201900004178,138 298 676,A01,1,1,3,1,1974,9,2,-1,-1,0,0,-1,201900004178,3,94,NULL,NULL,2,2,0,1,(1),(1),1,NULL,NULL,1,0,1,50
201900004181,10,7,2019,10:50:00,1,26,26182,1,1,1,7,"Route départementale 538","44,3323010","5,1075100",201900004181,138 298 672,A01,2,1,0,9,0,1,5,NULL,201900004181,138 298 672,A01,1,1,4,1,1949,5,2,-1,-1,0,0,-1,201900004181,3,538,NULL,NULL,2,-1,-1,1,142,800,1,NULL,NULL,1,0,1,80
201900004186,10,7,2019,10:20:00,1,44,44110,2,6,1,2,"rond point des combattants","47,4378460"," -1,4998950",201900004186,138 298 664,B01,1,1,0,0,4,9,5,NULL,201900004186,138 298 664,B01,1,1,3,2,1940,5,0,-1,-1,0,0,-1,201900004186,3,26,NULL,NULL,-1,1,0,1,(1),(1),3,NULL,NULL,1,5,1,50
201900004186,10,7,2019,10:20:00,1,44,44110,2,6,1,2,"rond point des combattants","47,4378460"," -1,4998950",201900004186,138 298 664,B01,1,1,0,0,4,9,5,NULL,201900004186,138 298 665,A01,1,1,1,1,1944,5,1,-1,-1,0,0,-1,201900004186,3,26,NULL,NULL,-1,1,0,1,(1),(1),3,NULL,NULL,1,5,1,50
201900004201,5,7,2019,18:15:00,1,63,63113,2,2,1,3,"DE GAULLE (BD CHARLES)","45,7715838","3,0832312",201900004201,138 298 625,B01,3,1,0,2,8,19,5,NULL,201900004201,138 298 625,B01,1,1,4,1,2002,5,8,0,-1,0,0,-1,201900004201,4,"DE GAULLE (BD CHARLES)",0,NULL,2,1,0,1,0,0,1,NULL,NULL,1,9,1,50
201900004201,5,7,2019,18:15:00,1,63,63113,2,2,1,3,"DE GAULLE (BD CHARLES)","45,7715838","3,0832312",201900004201,138 298 625,B01,3,1,0,2,8,19,5,NULL,201900004201,138 298 626,A01,1,1,1,1,1995,1,1,0,-1,0,0,-1,201900004201,4,"DE GAULLE (BD CHARLES)",0,NULL,2,1,0,1,0,0,1,NULL,NULL,1,9,1,50
201900004206,6,7,2019,21:20:00,1,94,94002,2,1,1,3,"MICOLON (R)","48,8050700","2,4146500",201900004206,138 298 615,B01,3,1,0,2,8,25,5,NULL,201900004206,138 298 615,B01,1,1,4,1,2011,5,8,0,-1,-1," -1",-1,201900004206,9,"MICOLON (R)",0,NULL,-1,0,3,1,0,0,1,NULL,NULL,1,6,2,1
201900004206,6,7,2019,21:20:00,1,94,94002,2,1,1,3,"MICOLON (R)","48,8050700","2,4146500",201900004206,138 298 615,B01,3,1,0,2,8,25,5,NULL,201900004206,138 298 616,A01,1,1,1,1,1978,1,1,0,-1,-1," -1",-1,201900004206,9,"MICOLON (R)",0,NULL,-1,0,3,1,0,0,1,NULL,NULL,1,6,2,1
201900004207,7,7,2019,21:15:00,2,92,92020,2,1,1,7,"DIVISION LECLERC AVENUE DE LA","48,7972900","2,2807300",201900004207,138 298 614,A01,2,1,0,0,0,1,5,NULL,201900004207,138 298 614,A01,1,1,4,1,1973,5,8,0,-1,-1,0,-1,201900004207,4,"DIVISION LECLERC AVENUE DE LA",0,NULL,2,2,0,2,0,0,3,NULL,NULL,1,0,1,50
201900004221,8,7,2019,09:15:00,1,69,69389,2,1,1,3,"ST CYR (DE)                         (R )","45,7910100","4,8084600",201900004221,138 298 584,B01,2,1,0,2,5,1,0,NULL,201900004221,138 298 584,B01,1,1,4,1,1965,1,8,0,-1,-1,0,-1,201900004221,4,"ST CYR (DE)                         (R )",0,NULL,2,2,0,2,0,0,1,NULL,NULL,1,0,1,50
201900004221,8,7,2019,09:15:00,1,69,69389,2,1,1,3,"ST CYR (DE)                         (R )","45,7910100","4,8084600",201900004221,138 298 584,B01,2,1,0,2,5,1,0,NULL,201900004221,138 298 585,A01,1,1,1,1,1998,0,1,0,-1,-1," -1",-1,201900004221,4,"ST CYR (DE)                         (R )",0,NULL,2,2,0,2,0,0,1,NULL,NULL,1,0,1,50
201900004222,8,7,2019,06:55:00,1,69,69385,2,1,1,6,"TRION (DE)                          (R )","45,7568400","4,8160300",201900004222,138 298 583,A01,2,1,0,1,0,1,0,NULL,201900004222,138 298 583,A01,10,3,4,2,1962,1,8,0,-1,3,3,1,201900004222,4,"TRION (DE)                          (R )",0,NULL,2,2,3,1,0,0,1,NULL,NULL,1,6,1,50
201900004222,8,7,2019,06:55:00,1,69,69385,2,1,1,6,"TRION (DE)                          (R )","45,7568400","4,8160300",201900004222,138 298 583,A01,2,1,0,1,0,1,0,NULL,201900004222,138 298 583,A01,1,1,1,1,1959,1,8,8,-1,0,0,-1,201900004222,4,"TRION (DE)                          (R )",0,NULL,2,2,3,1,0,0,1,NULL,NULL,1,6,1,50
201900004229,6,7,2019,15:35:00,1,80,80702,2,1,1,3,"6, ROUTE DE SAINS","49,8418100","2,3117800",201900004229,138 298 570,B01,0,1,0,2,0,15,5,NULL,201900004229,138 298 570,B01,1,1,4,1,1975,0,2,0,-1,0,0,-1,201900004229,4,"SAINS (ROUTE DE)",0,NULL,2,2,0,2,0,0,1,NULL,NULL,1,0,1,50
201900004229,6,7,2019,15:35:00,1,80,80702,2,1,1,3,"6, ROUTE DE SAINS","49,8418100","2,3117800",201900004229,138 298 570,B01,0,1,0,2,0,15,5,NULL,201900004229,138 298 571,A01,1,1,1,2,1971,0,1,0,-1,0,0,-1,201900004229,4,"SAINS (ROUTE DE)",0,NULL,2,2,0,2,0,0,1,NULL,NULL,1,0,1,50
201900004230,7,7,2019,22:05:00,1,77,77305,2,1,1,3,"COLLINE SAINT MARTIN (AVENUE DE LA)","48,3949700","2,9663000",201900004230,138 298 569,B01,3,1,0,0,0,0,5,NULL,201900004230,138 298 568,A01,1,1,1,1,1998,5,1,0,-1,-1,0,-1,201900004230,4,"COLLINE SAINT MARTIN (AVENUE DE LA)",0,NULL,2,3,3,2,0,0,1,NULL,NULL,1,0,1,50
201900004230,7,7,2019,22:05:00,1,77,77305,2,1,1,3,"COLLINE SAINT MARTIN (AVENUE DE LA)","48,3949700","2,9663000",201900004230,138 298 569,B01,3,1,0,0,0,0,5,NULL,201900004230,138 298 569,B01,1,1,4,1,2003,5,2,0,-1,-1,0,-1,201900004230,4,"COLLINE SAINT MARTIN (AVENUE DE LA)",0,NULL,2,3,3,2,0,0,1,NULL,NULL,1,0,1,50
201900004231,7,7,2019,12:40:00,1,76,76540,2,3,1,3,"VERTE. RUE","49,4528600","1,0935000",201900004231,138 298 563,A01,0,1,0,2,1,0,5,NULL,201900004231,138 298 563,A01,1,1,3,1,1999,5,8,0,-1,0,0,-1,201900004231,4,"VERTE. RUE",0,NULL,2,2,0,1,0,0,1,NULL,NULL,1,0,1,50
201900004231,7,7,2019,12:40:00,1,76,76540,2,3,1,3,"VERTE. RUE","49,4528600","1,0935000",201900004231,138 298 563,A01,0,1,0,2,1,0,5,NULL,201900004231,138 298 564,B01,1,1,1,1,1970,5,1,0,-1,0,0,-1,201900004231,4,"VERTE. RUE",0,NULL,2,2,0,1,0,0,1,NULL,NULL,1,0,1,50
201900004235,6,7,2019,13:30:00,1,76,76305,2,3,1,6,ORCHER,"49,5034900","0,2140200",201900004235,138 298 557,A01,0,1,6,0,1,13,5,NULL,201900004235,138 298 557,A01,2,2,4,1,2001,5,2,0,-1,0,0,-1,201900004235,4,ORCHER,0,NULL,2,2,0,2,0,0,1,NULL,NULL,1,0,1,50
201900004235,6,7,2019,13:30:00,1,76,76305,2,3,1,6,ORCHER,"49,5034900","0,2140200",201900004235,138 298 557,A01,0,1,6,0,1,13,5,NULL,201900004235,138 298 557,A01,1,1,4,1,2002,5,2,0,-1,0,0,-1,201900004235,4,ORCHER,0,NULL,2,2,0,2,0,0,1,NULL,NULL,1,0,1,50
201900004236,5,7,2019,11:50:00,1,67,67482,2,3,1,3,"JEAN JAURES (AVENUE)","48,5694610","7,7630970",201900004236,138 298 556,B01,2,1,0,2,7,1,5,NULL,201900004236,138 298 555,A01,1,1,1,1,1995,0,1,8,-1,-1,0,-1,201900004236,4,"JEAN JAURES (AVENUE)",0,NULL,1,2,1,1,0,0,1,NULL,NULL,1,0,1,50
201900004236,5,7,2019,11:50:00,1,67,67482,2,3,1,3,"JEAN JAURES (AVENUE)","48,5694610","7,7630970",201900004236,138 298 556,B01,2,1,0,2,7,1,5,NULL,201900004236,138 298 556,B01,1,1,4,2,1968,0,8,0,-1,0,0,-1,201900004236,4,"JEAN JAURES (AVENUE)",0,NULL,1,2,1,1,0,0,1,NULL,NULL,1,0,1,50
201900004244,9,2,2019,15:50:00,1,972,97213,1,1,1,1,"PELLETIER (ROUTE DE)","14,6569000"," -60,9773500",201900004244,138 298 537,B01,1,1,0,2,1,0,5,NULL,201900004244,138 298 537,B01,1,1,3,1,2001,9,2,8,-1,-1,0,-1,201900004244,3,3,0,A,2,2,0,2,0,750,3,NULL,NULL,1,0,1,50
201900004244,9,2,2019,15:50:00,1,972,97213,1,1,1,1,"PELLETIER (ROUTE DE)","14,6569000"," -60,9773500",201900004244,138 298 537,B01,1,1,0,2,1,0,5,NULL,201900004244,138 298 538,A01,1,1,4,1,1990,0,1,0,0,-1,0,-1,201900004244,3,3,0,A,2,2,0,2,0,750,3,NULL,NULL,1,0,1,50
201900004260,8,2,2019,21:45:00,5,91,91326,2,2,8,3,"ESTIENNE D'ORVES (AVENUE D')","48,6907640","2,3802340",201900004260,138 298 512,B01,3,1,0,2,3,19,5,NULL,201900004260,138 298 511,A01,1,1,1,2,1985,9,1,8,-1,0,0,-1,201900004260,3,29,0,NULL,2,2,0,1,1,0,1,NULL,NULL,1,5,1,50
201900004260,8,2,2019,21:45:00,5,91,91326,2,2,8,3,"ESTIENNE D'ORVES (AVENUE D')","48,6907640","2,3802340",201900004260,138 298 512,B01,3,1,0,2,3,19,5,NULL,201900004260,138 298 512,B01,1,1,4,1,1970,9,8,0,-1,0,0,-1,201900004260,3,29,0,NULL,2,2,0,1,1,0,1,NULL,NULL,1,5,1,50
201900004266,10,2,2019,13:35:00,1,86,86194,2,1,1,3,"PARIS (AVENUE DE)","46,5920200","0,3378700",201900004266,138 298 500,A01,1,1,0,2,1,19,0,NULL,201900004266,138 298 499,B01,1,1,1,2,1997,1,1,0,-1,-1,0,-1,201900004266,4,"PARIS (AVENUE DE)",0,NULL,2,2,0,1,0,0,1,NULL,NULL,1,0,1,50
201900004266,10,2,2019,13:35:00,1,86,86194,2,1,1,3,"PARIS (AVENUE DE)","46,5920200","0,3378700",201900004266,138 298 500,A01,1,1,0,2,1,19,0,NULL,201900004266,138 298 500,A01,1,1,4,1,2003,5,8,0,-1,-1,0,-1,201900004266,4,"PARIS (AVENUE DE)",0,NULL,2,2,0,1,0,0,1,NULL,NULL,1,0,1,50