Num_Acc,jour,mois,an,hrmn,lum,dep,com,agg,int,atm,col,adr,lat,long,Num_Acc,id_vehicule,num_veh,senc,catv,obs,obsm,choc,manv,motor,occutc,Num_Acc,id_vehicule,num_veh,place,catu,grav,sexe,an_nais,trajet,secu1,secu2,secu3,locp,actp,etatp,Num_Acc,catr,voie,v1,v2,circ,nbv,vosp,prof,pr,pr1,plan,lartpc,larrout,surf,infra,situ,vma
201900004270,8,2,2019,17:05:00,2,84,84007,1,1,1,3,"RD225  (route touristique)","43,9548800","4,8236500",201900004270,138 298 493,B01,3,1,0,2,7,19,5,NULL,201900004270,138 298 492,A01,1,1,1,2,1987,5,1,0,-1,-1," -1",-1,201900004270,3,225,0,NULL,2,2,0,1,0,1,1,NULL,NULL,1,0,1,70
201900004270,8,2,2019,17:05:00,2,84,84007,1,1,1,3,"RD225  (route touristique)","43,9548800","4,8236500",201900004270,138 298 493,B01,3,1,0,2,7,19,5,NULL,201900004270,138 298 493,B01,1,1,3,1,1951,0,2,0,-1,-1,0,-1,201900004270,3,225,0,NULL,2,2,0,1,0,1,1,NULL,NULL,1,0,1,70
201900004295,11,2,2019,09:56:00,1,71,71270,2,1,1,6,"HERRIOT (AVENUE EDOUARD)","46,3018561","4,8315016",201900004295,138 298 425,C01,2,1,0,2,0,2,5,NULL,201900004295,138 298 423,A01,1,1,1,1,1973,4,1,0,-1,0,0,-1,201900004295,3,906,0,NULL,3,5,0,1,76,29,1,NULL,NULL,1,0,1,50
201900004295,11,2,2019,09:56:00,1,71,71270,2,1,1,6,"HERRIOT (AVENUE EDOUARD)","46,3018561","4,8315016",201900004295,138 298 425,C01,2,1,0,2,0,2,5,NULL,201900004295,138 298 424,B01,1,1,1,1,1962,4,1,8,-1,0,0,-1,201900004295,3,906,0,NULL,3,5,0,1,76,29,1,NULL,NULL,1,0,1,50
201900004295,11,2,2019,09:56:00,1,71,71270,2,1,1,6,"HERRIOT (AVENUE EDOUARD)","46,3018561","4,8315016",201900004295,138 298 425,C01,2,1,0,2,0,2,5,NULL,201900004295,138 298 425,C01,1,1,3,2,1941,9,8,0,-1,0,0,-1,201900004295,3,906,0,NULL,3,5,0,1,76,29,1,NULL,NULL,1,0,1,50
201900004312,8,2,2019,08:05:00,1,64,64445,2,3,1,3,PHILIPPON,"43,3233900"," -0,3602700",201900004312,138 298 384,B01,2,1,0,2,7,1,5,NULL,201900004312,138 298 384,B01,1,1,4,1,2002,2,8,0,-1,0,0,-1,201900004312,4,PHILIPPON,0,NULL,2,2,1,1,0,0,1,NULL,NULL,1,0,1,50
201900004312,8,2,2019,08:05:00,1,64,64445,2,3,1,3,PHILIPPON,"43,3233900"," -0,3602700",201900004312,138 298 384,B01,2,1,0,2,7,1,5,NULL,201900004312,138 298 385,A01,1,1,1,1,1969,9,1,0,-1,0,0,-1,201900004312,4,PHILIPPON,0,NULL,2,2,1,1,0,0,1,NULL,NULL,1,0,1,50
201900004345,9,2,2019,01:00:00,5,49,49007,2,1,8,6,"MENDES FRANCE PLACE","47,4734900"," -0,5453300",201900004345,138 298 316,A01,1,1,0,2,1,1,5,NULL,201900004345,138 298 316,A01,1,1,4,1,1998,0,8,0,-1,-1,0,-1,201900004345,4,"MENDES FRANCE PLACE",0,NULL,2,2,2,1,0,0,1,NULL,NULL,2,0,1,30
201900004354,7,2,2019,13:40:00,1,45,45234,2,1,1,6,"PLACE DU JARDIN DES PLANTES","47,8929010","1,8992250",201900004354,138 298 298,B01,1,1,0,2,3,5,5,NULL,201900004354,138 298 298,B01,1,1,4,1,1994,1,8,0,-1,-1," -1",-1,201900004354,3,951,0,NULL,2,2,0,1,92,500,1,NULL,NULL,1,0,1,50
201900004354,7,2,2019,13:40:00,1,45,45234,2,1,1,6,"PLACE DU JARDIN DES PLANTES","47,8929010","1,8992250",201900004354,138 298 298,B01,1,1,0,2,3,5,5,NULL,201900004354,138 298 299,A01,2,2,1,2,1958,1,1,0,-1,-1," -1",-1,201900004354,3,951,0,NULL,2,2,0,1,92,500,1,NULL,NULL,1,0,1,50
201900004354,7,2,2019,13:40:00,1,45,45234,2,1,1,6,"PLACE DU JARDIN DES PLANTES","47,8929010","1,8992250",201900004354,138 298 298,B01,1,1,0,2,3,5,5,NULL,201900004354,138 298 299,A01,1,1,1,1,1952,1,8,0,-1,-1," -1",-1,201900004354,3,951,0,NULL,2,2,0,1,92,500,1,NULL,NULL,1,0,1,50
201900004370,9,2,2019,12:40:00,1,37,37261,2,2,1,3,"ROYER (BD JEAN)","47,3802100","0,6893300",201900004370,138 298 273,B01,2,1,0,2,1,2,5,NULL,201900004370,138 298 273,B01,1,1,4,1,1973,5,2,4,-1,-1,0,-1,201900004370,4,"ROYER (BD JEAN)",0,NULL,2,2,2,1,0,0,1,NULL,NULL,1,5,1,50
201900004370,9,2,2019,12:40:00,1,37,37261,2,2,1,3,"ROYER (BD JEAN)","47,3802100","0,6893300",201900004370,138 298 273,B01,2,1,0,2,1,2,5,NULL,201900004370,138 298 274,A01,1,1,1,1,1967,5,1,8,-1,-1,0,-1,201900004370,4,"ROYER (BD JEAN)",0,NULL,2,2,2,1,0,0,1,NULL,NULL,1,5,1,50
201900004372,7,2,2019,11:45:00,1,37,37261,2,2,1,3,"ROTONDE (ROND-POINT DE LA)","47,3813751","0,7064478",201900004372,138 298 270,B01,2,1,0,2,4,9,5,NULL,201900004372,138 298 270,B01,1,1,4,2,1994,0,8,0,-1,-1,0,-1,201900004372,4,"ROTONDE (ROND-POINT DE LA)",0,NULL,1,4,0,1,0,0,1,NULL,NULL,1,0,1,50
201900004372,7,2,2019,11:45:00,1,37,37261,2,2,1,3,"ROTONDE (ROND-POINT DE LA)","47,3813751","0,7064478",201900004372,138 298 270,B01,2,1,0,2,4,9,5,NULL,201900004372,138 298 271,A01,1,1,1,2,1955,5,1,8,-1,-1,0,-1,201900004372,4,"ROTONDE (ROND-POINT DE LA)",0,NULL,1,4,0,1,0,0,1,NULL,NULL,1,0,1,50
201900004382,8,2,2019,18:10:00,2,35,35051,2,6,3,3,"BRAY (ROND-POINT DE)","48,1080300"," -1,6162800",201900004382,138 298 251,B01,1,1,0,2,7,19,5,NULL,201900004382,138 298 251,B01,2,1,4,2,1999,9,8,0,-1,-1,0,-1,201900004382,4,"BRAY (ROND-POINT DE)",0,NULL,1,2,0,1,0,0,1,NULL,NULL,2,0,1,50
201900004382,8,2,2019,18:10:00,2,35,35051,2,6,3,3,"BRAY (ROND-POINT DE)","48,1080300"," -1,6162800",201900004382,138 298 251,B01,1,1,0,2,7,19,5,NULL,201900004382,138 298 252,A01,1,1,1,2,1972,5,1,0,-1,-1,0,-1,201900004382,4,"BRAY (ROND-POINT DE)",0,NULL,1,2,0,1,0,0,1,NULL,NULL,2,0,1,50
201900004386,7,2,2019,17:10:00,1,35,35051,2,1,1,2,"TOURAUDAIS (AVENUE DE LA)","48,1155300"," -1,6332000",201900004386,138 298 243,A01,1,1,0,2,6,1,5,NULL,201900004386,138 298 243,A01,1,1,4,1,1997,2,2,8,-1,-1," -1",-1,201900004386,3,197,0,NULL,2,3,0,1,2,105,1,NULL,NULL,1,0,1,50
201900004386,7,2,2019,17:10:00,1,35,35051,2,1,1,2,"TOURAUDAIS (AVENUE DE LA)","48,1155300"," -1,6332000",201900004386,138 298 243,A01,1,1,0,2,6,1,5,NULL,201900004386,138 298 244,B01,1,1,1,1,1967,1,1,0,-1,-1," -1",-1,201900004386,3,197,0,NULL,2,3,0,1,2,105,1,NULL,NULL,1,0,1,50
201900004388,6,2,2019,09:35:00,1,35,35238,2,5,8,1,"ROOSEVELT (BD FRANKLIN)","48,0973200"," -1,6578600",201900004388,138 298 239,B01,1,1,0,2,1,26,5,NULL,201900004388,138 298 239,B01,1,1,3,2,1983,1,2,0,-1,-1,0,-1,201900004388,4,"ROOSEVELT (BD FRANKLIN)",0,NULL,2,0,2,1,0,0,1,NULL,NULL,2,0,1,50
201900004388,6,2,2019,09:35:00,1,35,35238,2,5,8,1,"ROOSEVELT (BD FRANKLIN)","48,0973200"," -1,6578600",201900004388,138 298 239,B01,1,1,0,2,1,26,5,NULL,201900004388,138 298 240,A01,1,1,1,2,1933,9,1,0,-1,-1,0,-1,201900004388,4,"ROOSEVELT (BD FRANKLIN)",0,NULL,2,0,2,1,0,0,1,NULL,NULL,2,0,1,50
201900004393,7,2,2019,18:35:00,5,34,34172,2,3,1,3,"GALERA (RUE DE LA)","43,6395400","3,8394600",201900004393,138 298 229,B01,2,1,0,2,0,1,5,NULL,201900004393,138 298 229,B01,1,1,4,1,1985,1,2,8,-1,-1,0,-1,201900004393,4,"GALERA (RUE DE LA)",0,NULL,2,2,0,2,(1),(1),1,NULL,NULL,1,5,1,50
201900004393,7,2,2019,18:35:00,5,34,34172,2,3,1,3,"GALERA (RUE DE LA)","43,6395400","3,8394600",201900004393,138 298 229,B01,2,1,0,2,0,1,5,NULL,201900004393,138 298 230,A01,1,1,1,1,1962,5,1,8,-1,-1,0,-1,201900004393,4,"GALERA (RUE DE LA)",0,NULL,2,2,0,2,(1),(1),1,NULL,NULL,1,5,1,50
201900004399,9,2,2019,19:05:00,3,31,31555,2,1,1,3,"ALL CHARLES DE FITTE","43,6007200","1,4286100",201900004399,138 298 220,A01,2,1,0,2,1,9,5,NULL,201900004399,138 298 220,A01,1,1,1,1,1999,5,2,8,-1,-1,0,-1,201900004399,4,"ALL CHARLES DE FITTE",0,NULL,2,4,0,1,0,0,1,NULL,NULL,1,0,1,50
201900004399,9,2,2019,19:05:00,3,31,31555,2,1,1,3,"ALL CHARLES DE FITTE","43,6007200","1,4286100",201900004399,138 298 220,A01,2,1,0,2,1,9,5,NULL,201900004399,138 298 221,B01,1,1,4,1,1988,1,2,6,-1,-1,0,-1,201900004399,4,"ALL CHARLES DE FITTE",0,NULL,2,4,0,1,0,0,1,NULL,NULL,1,0,1,50
201900004400,10,2,2019,17:20:00,1,31,31555,2,2,2,3,"AV DE LA GLOIRE","43,6053100","1,4579200",201900004400,138 298 219,A01,2,1,0,2,1,1,5,NULL,201900004400,138 298 218,B01,1,1,1,2,1991,9,1,8,-1,-1,0,-1,201900004400,4,"AV DE LA GLOIRE",0,NULL,2,2,0,2,0,0,1,NULL,NULL,2,0,1,50
201900004400,10,2,2019,17:20:00,1,31,31555,2,2,2,3,"AV DE LA GLOIRE","43,6053100","1,4579200",201900004400,138 298 219,A01,2,1,0,2,1,1,5,NULL,201900004400,138 298 219,A01,1,1,4,2,1976,5,8,8,-1,-1,0,-1,201900004400,4,"AV DE LA GLOIRE",0,NULL,2,2,0,2,0,0,1,NULL,NULL,2,0,1,50
201900004402,8,2,2019,17:25:00,1,31,31149,2,3,1,3,"HERBAUDIERE (ALLEE DE L')","43,6185900","1,3036100",201900004402,138 298 214,B01,2,1,0,2,1,1,5,NULL,201900004402,138 298 213,A01,1,1,1,1,1977,5,1,8,-1,-1,0,-1,201900004402,4,"HERBAUDIERE (ALLEE DE L')",0,NULL,2,2,0,1,0,0,1,NULL,NULL,1,0,1,50
201900004402,8,2,2019,17:25:00,1,31,31149,2,3,1,3,"HERBAUDIERE (ALLEE DE L')","43,6185900","1,3036100",201900004402,138 298 214,B01,2,1,0,2,1,1,5,NULL,201900004402,138 298 214,B01,1,1,4,1,1958,5,2,8,-1,-1,0,-1,201900004402,4,"HERBAUDIERE (ALLEE DE L')",0,NULL,2,2,0,1,0,0,1,NULL,NULL,1,0,1,50
201900004440,9,4,2019,21:35:00,5,62,62498,2,3,2,3,"BERNANOS (R GEORGES)","50,4303700","2,8135100",201900004440,138 298 125,B01,1,1,0,2,8,15,5,NULL,201900004440,138 298 125,B01,1,1,3,1,1994,1,8,0,-1,0,0,-1,201900004440,4,"BERNANOS (R GEORGES)",0,NULL,2,-1,0,1,0,0,1,NULL,NULL,2,0,1,50
201900004440,9,4,2019,21:35:00,5,62,62498,2,3,2,3,"BERNANOS (R GEORGES)","50,4303700","2,8135100",201900004440,138 298 125,B01,1,1,0,2,8,15,5,NULL,201900004440,138 298 126,A01,1,1,1,1,1956,5,1,8,-1,0,0,-1,201900004440,4,"BERNANOS (R GEORGES)",0,NULL,2,-1,0,1,0,0,1,NULL,NULL,2,0,1,50
201900004465,23,4,2019,10:20:00,1,976,97611,2,1,1,3,"m'tsapere-Mosquée Maevantana (ruelle )"," -12,7880800","45,2200400",201900004465,138 298 082,A01,1,1,0,2,3,1,5,NULL,201900004465,138 298 081,B01,1,1,1,1,1965,9,1,0,-1,-1,0,-1,201900004465,4,"m'tsapere-Mosquée Maevantana (ruelle )",0,NULL,2,2,0,2,0,0,1,NULL,NULL,9,0,1,2
201900004465,23,4,2019,10:20:00,1,976,97611,2,1,1,3,"m'tsapere-Mosquée Maevantana (ruelle )"," -12,7880800","45,2200400",201900004465,138 298 082,A01,1,1,0,2,3,1,5,NULL,201900004465,138 298 082,A01,1,1,4,1,2001,9,8,0,-1,-1,0,-1,201900004465,4,"m'tsapere-Mosquée Maevantana (ruelle )",0,NULL,2,2,0,2,0,0,1,NULL,NULL,9,0,1,2
201900004469,19,4,2019,19:50:00,4,976,97611,2,1,1,7,"cavani-Rond point du Stade"," -12,7841400","45,2230400",201900004469,138 298 076,A01,2,1,0,6,1,1,5,NULL,201900004469,138 298 076,A01,3,2,4,2,2002,9,8,0,-1,-1,0,-1,201900004469,3,14,0,NULL,2,2,0,4,0,0,1,NULL,NULL,1,9,1,50
201900004469,19,4,2019,19:50:00,4,976,97611,2,1,1,7,"cavani-Rond point du Stade"," -12,7841400","45,2230400",201900004469,138 298 076,A01,2,1,0,6,1,1,5,NULL,201900004469,138 298 076,A01,1,1,4,1,2002,9,8,0,-1,-1,0,-1,201900004469,3,14,0,NULL,2,2,0,4,0,0,1,NULL,NULL,1,9,1,50
201900004487,20,4,2019,09:05:00,1,974,97409,1,1,2,3,"Lefaguyes (chemin)"," -20,9533800","55,6714300",201900004487,138 298 050,A01,2,1,0,2,3,13,0,NULL,201900004487,138 298 049,B01,1,1,1,2,1996,0,1,8,-1,-1," -1",-1,201900004487,4,"Lefaguyes (chemin)",0,NULL,2,2,0,1,0,0,1,NULL,NULL,2,0,1,50
201900004487,20,4,2019,09:05:00,1,974,97409,1,1,2,3,"Lefaguyes (chemin)"," -20,9533800","55,6714300",201900004487,138 298 050,A01,2,1,0,2,3,13,0,NULL,201900004487,138 298 050,A01,1,1,4,1,1953,5,8,8,-1,-1," -1",-1,201900004487,4,"Lefaguyes (chemin)",0,NULL,2,2,0,1,0,0,1,NULL,NULL,2,0,1,50
201900004494,24,4,2019,15:10:00,1,973,97302,2,1,2,6,"DAMAS (LEON GONTRAN)","4,9393383"," -52,3332024",201900004494,138 298 037,A01,1,1,0,1,1,1,0,NULL,201900004494,138 298 037,A01,10,3,4,1,1940,0,8,0,-1,3,3,1,201900004494,4,"DAMAS (LEON GONTRAN)",0,NULL,1,1,0,1,(1),(1),1,NULL,NULL,2,0,1,50
201900004494,24,4,2019,15:10:00,1,973,97302,2,1,2,6,"DAMAS (LEON GONTRAN)","4,9393383"," -52,3332024",201900004494,138 298 037,A01,1,1,0,1,1,1,0,NULL,201900004494,138 298 037,A01,1,1,1,1,1994,0,8,0,-1,-1," -1",-1,201900004494,4,"DAMAS (LEON GONTRAN)",0,NULL,1,1,0,1,(1),(1),1,NULL,NULL,2,0,1,50
201900004500,17,4,2019,11:45:00,1,973,97302,2,3,1,3,"MIRZA (CITE)","4,9328287"," -52,3248875",201900004500,138 298 026,B01,3,1,0,2,8,25,0,NULL,201900004500,138 298 026,B01,1,1,4,2,2002,2,8,0,-1,-1," -1",-1,201900004500,4,"MIRZA (CITE)",0,NULL,2,2,0,1,(1),(1),1,NULL,NULL,1,0,1,50
201900004500,17,4,2019,11:45:00,1,973,97302,2,3,1,3,"MIRZA (CITE)","4,9328287"," -52,3248875",201900004500,138 298 026,B01,3,1,0,2,8,25,0,NULL,201900004500,138 298 027,A01,1,1,1,2,1985,1,1,0,-1,-1," -1",-1,201900004500,4,"MIRZA (CITE)",0,NULL,2,2,0,1,(1),(1),1,NULL,NULL,1,0,1,50
201900004511,23,4,2019,13:05:00,1,69,69386,2,2,1,3,"PIERRE CORNEILLE                    (R )","45,7636300","4,8438600",201900004511,138 298 003,A01,2,1,0,2,1,1,5,NULL,201900004511,138 298 002,B01,1,1,1,1,1968,4,8,0,-1,0,0,-1,201900004511,4,"PIERRE CORNEILLE                    (R )",0,NULL,1,1,0,1,0,0,1,NULL,NULL,2,0,1,50
201900004511,23,4,2019,13:05:00,1,69,69386,2,2,1,3,"PIERRE CORNEILLE                    (R )","45,7636300","4,8438600",201900004511,138 298 003,A01,2,1,0,2,1,1,5,NULL,201900004511,138 298 003,A01,1,1,4,1,1997,4,8,0,-1,0,0,-1,201900004511,4,"PIERRE CORNEILLE                    (R )",0,NULL,1,1,0,1,0,0,1,NULL,NULL,2,0,1,50
201900004534,28,4,2019,18:45:00,1,69,69389,2,3,2,3,"MARIETTON                           (R )","45,7756700","4,8027700",201900004534,138 297 965,B01,1,1,0,2,1,1,5,NULL,201900004534,138 297 964,A01,1,1,1,1,1982,0,1,0,-1,0,0,-1,201900004534,4,"MARIETTON                           (R )",0,NULL,2,2,0,1,0,1,1,NULL,NULL,2,0,1,50
201900004534,28,4,2019,18:45:00,1,69,69389,2,3,2,3,"MARIETTON                           (R )","45,7756700","4,8027700",201900004534,138 297 965,B01,1,1,0,2,1,1,5,NULL,201900004534,138 297 965,B01,1,1,4,1,1993,1,8,0,-1,0,0,-1,201900004534,4,"MARIETTON                           (R )",0,NULL,2,2,0,1,0,1,1,NULL,NULL,2,0,1,50
201900004558,19,4,2019,21:15:00,5,91,91377,2,3,1,3,"VALLEE DE LA BIEVRE (VOIE DE LA)","48,7373800","2,2696800",201900004558,138 297 915,B01,3,1,0,2,1,1,5,NULL,201900004558,138 297 914,A01,1,1,1,1,1966,5,1,8,-1,0,0,-1,201900004558,4,"VALLEE DE LA BIEVRE (VOIE DE LA)",0,NULL,2,2,0,1,1,0,1,NULL,NULL,1,0,1,50
201900004558,19,4,2019,21:15:00,5,91,91377,2,3,1,3,"VALLEE DE LA BIEVRE (VOIE DE LA)","48,7373800","2,2696800",201900004558,138 297 915,B01,3,1,0,2,1,1,5,NULL,201900004558,138 297 915,B01,1,1,4,1,2000,5,5,0,-1,0,0,-1,201900004558,4,"VALLEE DE LA BIEVRE (VOIE DE LA)",0,NULL,2,2,0,1,1,0,1,NULL,NULL,1,0,1,50
201900004597,21,3,2019,09:50:00,1,69,69388,2,1,1,6,"LAENNEC                             (R )","45,7392400","4,8830400",201900004597,138 297 843,A01,1,1,0,1,1,2,5,NULL,201900004597,138 297 843,A01,10,3,3,2,1997,0,8,0,-1,3,3,1,201900004597,4,"LAENNEC                             (R )",0,NULL,2,1,1,1,1,0,1,NULL,NULL,1,0,1,50
201900004597,21,3,2019,09:50:00,1,69,69388,2,1,1,6,"LAENNEC                             (R )","45,7392400","4,8830400",201900004597,138 297 843,A01,1,1,0,1,1,2,5,NULL,201900004597,138 297 843,A01,1,1,1,1,1971,1,8,0,-1,0,0,-1,201900004597,4,"LAENNEC                             (R )",0,NULL,2,1,1,1,1,0,1,NULL,NULL,1,0,1,50
201900004612,22,3,2019,15:00:00,1,69,69381,2,2,1,3,"JEAN MOULIN                         (QU)","45,7677200","4,8378800",201900004612,138 297 820,B01,1,1,0,2,1,2,0,NULL,201900004612,138 297 820,B01,1,1,4,1,1963,1,8,0,-1,0,0,-1,201900004612,7,"JEAN MOULIN                         (QU)",0,NULL,1,4,3,1,0,0,1,NULL,NULL,1,0,1,50
201900004612,22,3,2019,15:00:00,1,69,69381,2,2,1,3,"JEAN MOULIN                         (QU)","45,7677200","4,8378800",201900004612,138 297 820,B01,1,1,0,2,1,2,0,NULL,201900004612,138 297 821,A01,1,1,1,1,1997,1,1,0,-1,0,0,-1,201900004612,7,"JEAN MOULIN                         (QU)",0,NULL,1,4,3,1,0,0,1,NULL,NULL,1,0,1,50
201900004612,22,3,2019,15:00:00,1,69,69381,2,2,1,3,"JEAN MOULIN                         (QU)","45,7677200","4,8378800",201900004612,138 297 820,B01,1,1,0,2,1,2,0,NULL,201900004612,138 297 821,A01,2,2,1,1,1998,5,1,0,-1,0,0,-1,201900004612,7,"JEAN MOULIN                         (QU)",0,NULL,1,4,3,1,0,0,1,NULL,NULL,1,0,1,50
201900004616,21,3,2019,17:30:00,1,69,69389,2,3,1,3,"PIERRE BAIZET                       (R )","45,7898500","4,8124400",201900004616,138 297 815,B01,3,1,0,2,1,21,5,NULL,201900004616,138 297 815,B01,1,1,4,2,1967,1,8,0,-1,0,0,-1,201900004616,4,"PIERRE BAIZET                       (R )",0,NULL,2,2,0,1,0,1,1,NULL,NULL,1,0,1,50
201900004616,21,3,2019,17:30:00,1,69,69389,2,3,1,3,"PIERRE BAIZET                       (R )","45,7898500","4,8124400",201900004616,138 297 815,B01,3,1,0,2,1,21,5,NULL,201900004616,138 297 816,A01,1,1,1,2,1968,1,1,0,-1,-1," -1",-1,201900004616,4,"PIERRE BAIZET                       (R )",0,NULL,2,2,0,1,0,1,1,NULL,NULL,1,0,1,50
201900004671,20,3,2019,16:20:00,1,82,82121,2,2,1,3,"HAMECHER (AVENUE MARCEAU)","44,0127280","1,3462140",201900004671,138 297 707,B01,2,1,0,2,1,1,5,NULL,201900004671,138 297 707,B01,1,1,3,2,1991,9,8,0,-1,0,0,-1,201900004671,4,"HAMECHER (AVENUE MARCEAU)",0,NULL,1,3,2,1,0,0,1,NULL,NULL,1,0,1,50
201900004671,20,3,2019,16:20:00,1,82,82121,2,2,1,3,"HAMECHER (AVENUE MARCEAU)","44,0127280","1,3462140",201900004671,138 297 707,B01,2,1,0,2,1,1,5,NULL,201900004671,138 297 708,A01,1,1,1,1,1985,4,1,8,-1,0,0,-1,201900004671,4,"HAMECHER (AVENUE MARCEAU)",0,NULL,1,3,2,1,0,0,1,NULL,NULL,1,0,1,50
201900004674,25,3,2019,18:10:00,1,78,78638,2,4,1,3,"PONTOISE (ROUTE DE)","49,0098060","1,9605930",201900004674,138 297 687,A01,1,1,0,2,1,15,5,NULL,201900004674,138 297 687,A01,1,1,4,2,1970,5,2,6,-1,-1," -1",-1,201900004674,3,17,0,NULL,2,2,0,2,1,930,2,NULL,NULL,1,0,1,50
201900004674,25,3,2019,18:10:00,1,78,78638,2,4,1,3,"PONTOISE (ROUTE DE)","49,0098060","1,9605930",201900004674,138 297 687,A01,1,1,0,2,1,15,5,NULL,201900004674,138 297 688,B01,1,1,1,1,1997,5,1,0,-1,-1," -1",-1,201900004674,3,17,0,NULL,2,2,0,2,1,930,2,NULL,NULL,1,0,1,50
201900004677,19,3,2019,18:00:00,1,78,78267,2,3,1,3,"AVENUE DU COLONEL FABIEN","48,9879400","1,8043400",201900004677,138 297 684,B01,2,1,0,2,1,1,0,NULL,201900004677,138 297 683,A01,1,1,1,1,1971,0,1,0,-1,-1," -1",-1,201900004677,3,190,0,NULL,2,2,0,1,51,184,1,NULL,NULL,1,0,1,50
201900004677,19,3,2019,18:00:00,1,78,78267,2,3,1,3,"AVENUE DU COLONEL FABIEN","48,9879400","1,8043400",201900004677,138 297 684,B01,2,1,0,2,1,1,0,NULL,201900004677,138 297 684,B01,1,1,3,1,1972,3,8,0,-1,-1," -1",-1,201900004677,3,190,0,NULL,2,2,0,1,51,184,1,NULL,NULL,1,0,1,50
201900004686,24,3,2019,17:30:00,1,76,76351,2,2,1,3,"BOIS AU COQ (AVENUE)","49,5185100","0,1169600",201900004686,138 297 659,A01,1,1,0,2,8,15,5,NULL,201900004686,138 297 659,A01,1,1,4,1,2002,0,8,0,-1,0,0,-1,201900004686,4,"BOIS AU COQ (AVENUE)",0,NULL,2,5,1,1,0,0,1,NULL,NULL,1,4,1,50
201900004686,24,3,2019,17:30:00,1,76,76351,2,2,1,3,"BOIS AU COQ (AVENUE)","49,5185100","0,1169600",201900004686,138 297 659,A01,1,1,0,2,8,15,5,NULL,201900004686,138 297 660,B01,1,1,1,1,1993,0,1,0,-1,0,0,-1,201900004686,4,"BOIS AU COQ (AVENUE)",0,NULL,2,5,1,1,0,0,1,NULL,NULL,1,4,1,50
201900004688,20,3,2019,17:28:00,1,76,76351,2,2,1,3,"VERDUN (RUE DE)","49,5014020","0,1500919",201900004688,138 297 654,B01,2,1,0,2,1,1,5,NULL,201900004688,138 297 654,B01,1,1,3,1,1964,5,2,0,-1,-1,0,-1,201900004688,3,982,0,NULL,2,3,1,1,70,5400,1,NULL,NULL,1,0,1,50
201900004688,20,3,2019,17:28:00,1,76,76351,2,2,1,3,"VERDUN (RUE DE)","49,5014020","0,1500919",201900004688,138 297 654,B01,2,1,0,2,1,1,5,NULL,201900004688,138 297 655,A01,1,1,1,2,1959,0,1,0,-1,-1,0,-1,201900004688,3,982,0,NULL,2,3,1,1,70,5400,1,NULL,NULL,1,0,1,50
201900004689,19,3,2019,15:55:00,1,76,76351,2,2,1,3,"ERNEST RENAN","49,4971900","0,1132950",201900004689,138 297 652,A01,1,1,0,2,1,9,5,NULL,201900004689,138 297 652,A01,1,1,3,1,2000,0,8,0,-1,-1,0,-1,201900004689,4,"ERNEST RENAN",0,NULL,1,1,0,1,0,0,1,NULL,NULL,1,0,1,30
201900004689,19,3,2019,15:55:00,1,76,76351,2,2,1,3,"ERNEST RENAN","49,4971900","0,1132950",201900004689,138 297 652,A01,1,1,0,2,1,9,5,NULL,201900004689,138 297 653,B01,1,1,1,1,1976,4,1,0,-1,-1,0,-1,201900004689,4,"ERNEST RENAN",0,NULL,1,1,0,1,0,0,1,NULL,NULL,1,0,1,30
201900004706,20,3,2019,14:00:00,1,69,69091,2,2,1,3,"GAGARINE (AV)","45,6019400","4,7702300",201900004706,138 297 609,B01,1,1,0,2,1,18,5,NULL,201900004706,138 297 609,B01,1,1,3,1,1959,5,2,6,-1,0,0,-1,201900004706,3,386,0,NULL,2,2,0,1,0,0,1,NULL,NULL,1,5,1,50
201900004706,20,3,2019,14:00:00,1,69,69091,2,2,1,3,"GAGARINE (AV)","45,6019400","4,7702300",201900004706,138 297 609,B01,1,1,0,2,1,18,5,NULL,201900004706,138 297 610,A01,2,2,1,2,1992,5,1,8,-1,0,0,-1,201900004706,3,386,0,NULL,2,2,0,1,0,0,1,NULL,NULL,1,5,1,50
201900004706,20,3,2019,14:00:00,1,69,69091,2,2,1,3,"GAGARINE (AV)","45,6019400","4,7702300",201900004706,138 297 609,B01,1,1,0,2,1,18,5,NULL,201900004706,138 297 610,A01,1,1,1,1,1978,5,1,8,-1,0,0,-1,201900004706,3,386,0,NULL,2,2,0,1,0,0,1,NULL,NULL,1,5,1,50
201900004708,24,3,2019,14:40:00,1,67,67218,2,3,1,3,"BURKEL (ROUTE)","48,5189720","7,7138030",201900004708,138 297 603,B01,2,1,0,2,0,0,0,NULL,201900004708,138 297 602,A01,1,1,1,1,1982,5,1,8,-1,-1,0,-1,201900004708,4,"BURKEL (ROUTE)",0,NULL,2,2,0,1,0,0,1,NULL,NULL,1,0,1,50
201900004708,24,3,2019,14:40:00,1,67,67218,2,3,1,3,"BURKEL (ROUTE)","48,5189720","7,7138030",201900004708,138 297 603,B01,2,1,0,2,0,0,0,NULL,201900004708,138 297 603,B01,1,1,4,1,2006,0,8,0,-1,-1,0,-1,201900004708,4,"BURKEL (ROUTE)",0,NULL,2,2,0,1,0,0,1,NULL,NULL,1,0,1,50