Num_Acc,jour,mois,an,hrmn,lum,dep,com,agg,int,atm,col,adr,lat,long,Num_Acc,id_vehicule,num_veh,senc,catv,obs,obsm,choc,manv,motor,occutc,Num_Acc,id_vehicule,num_veh,place,catu,grav,sexe,an_nais,trajet,secu1,secu2,secu3,locp,actp,etatp,Num_Acc,catr,voie,v1,v2,circ,nbv,vosp,prof,pr,pr1,plan,lartpc,larrout,surf,infra,situ,vma
201900004711,22,3,2019,15:30:00,1,67,67482,2,1,1,3,"BOECKLIN (RUE)","48,5974000","7,7769340",201900004711,138 297 596,B01,2,1,0,-1,3,19,5,NULL,201900004711,138 297 596,B01,1,1,4,2,1948,5,8,0,-1,-1,0,-1,201900004711,4,"BOECKLIN (RUE)",0,NULL,3,6,3,1,0,0,1,NULL,NULL,9,4,1,50
201900004711,22,3,2019,15:30:00,1,67,67482,2,1,1,3,"BOECKLIN (RUE)","48,5974000","7,7769340",201900004711,138 297 596,B01,2,1,0,-1,3,19,5,NULL,201900004711,138 297 597,A01,1,1,1,2,1982,4,8,0,-1,-1,0,-1,201900004711,4,"BOECKLIN (RUE)",0,NULL,3,6,3,1,0,0,1,NULL,NULL,9,4,1,50
201900004713,21,3,2019,12:00:00,1,67,67482,2,3,1,6,"ZURICH (RUE DE)","48,5788520","7,7590960",201900004713,138 297 594,A01,1,1,0,1,0,1,5,NULL,201900004713,138 297 594,A01,1,1,1,1,1998,2,8,0,-1,-1,0,-1,201900004713,4,"ZURICH (RUE DE)",0,NULL,3,4,0,1,0,0,1,NULL,NULL,1,0,1,30
201900004713,21,3,2019,12:00:00,1,67,67482,2,3,1,6,"ZURICH (RUE DE)","48,5788520","7,7590960",201900004713,138 297 594,A01,1,1,0,1,0,1,5,NULL,201900004713,138 297 594,A01,10,3,4,2,1974,9,8,0,-1,1,4,1,201900004713,4,"ZURICH (RUE DE)",0,NULL,3,4,0,1,0,0,1,NULL,NULL,1,0,1,30
201900004714,20,3,2019,16:25:00,1,67,67447,2,3,1,6,"MARAIS (RUE DU)","48,6169065","7,7681960",201900004714,138 297 592,A01,1,1,0,2,7,1,5,NULL,201900004714,138 297 592,A01,1,1,4,1,2002,0,8,0,-1,-1,0,-1,201900004714,4,"MARAIS (RUE DU)",0,NULL,3,5,3,1,0,0,1,NULL,NULL,1,4,1,50
201900004719,21,3,2019,11:15:00,1,66,66136,2,2,1,3,"CAYROL (BOULEVARD COLONEL)","42,6960244","2,9055909",201900004719,138 297 585,A01,0,1,0,2,1,1,5,NULL,201900004719,138 297 585,A01,1,1,4,1,1972,5,8,0,-1,-1," -1",-1,201900004719,4,"MERMOZ (AVENUE JEAN)",0,NULL,-1,2,0,1,0,0,1,NULL,NULL,1,0,1,30
201900004719,21,3,2019,11:15:00,1,66,66136,2,2,1,3,"CAYROL (BOULEVARD COLONEL)","42,6960244","2,9055909",201900004719,138 297 585,A01,0,1,0,2,1,1,5,NULL,201900004719,138 297 586,B01,1,1,1,2,1949,5,1,-1,-1,0,0,-1,201900004719,4,"MERMOZ (AVENUE JEAN)",0,NULL,-1,2,0,1,0,0,1,NULL,NULL,1,0,1,30
201900004722,22,3,2019,07:45:00,2,64,64189,2,1,1,3,"EVADES (CARREFOUR DES)","43,3845300"," -1,6664500",201900004722,138 297 581,B01,2,1,0,2,1,1,5,NULL,201900004722,138 297 580,A01,1,1,1,1,1965,0,1,0,-1,0,0,-1,201900004722,4,"EVADES (CARREFOUR DES)",0,NULL,1,1,0,1,0,250,2,NULL,NULL,1,0,1,30
201900004722,22,3,2019,07:45:00,2,64,64189,2,1,1,3,"EVADES (CARREFOUR DES)","43,3845300"," -1,6664500",201900004722,138 297 581,B01,2,1,0,2,1,1,5,NULL,201900004722,138 297 581,B01,1,1,4,1,1969,0,2,0,-1,0,0,-1,201900004722,4,"EVADES (CARREFOUR DES)",0,NULL,1,1,0,1,0,250,2,NULL,NULL,1,0,1,30
201900004728,22,3,2019,09:50:00,1,64,64122,2,1,1,6,"BRAOU (AVENUE DU)","43,4799185"," -1,5355393",201900004728,138 297 571,A01,2,1,12,0,1,11,5,NULL,201900004728,138 297 571,A01,1,1,3,1,1990,1,8,0,-1,0,0,-1,201900004728,4,"BRAOU (AVENUE DU)",0,NULL,2,2,0,2,0,0,2,NULL,NULL,1,0,1,30
201900004729,22,3,2019,10:20:00,1,64,64122,2,1,1,6,""KENNEDY (AVENUE DU PRESIDENT J,F)"","43,4684589"," -1,5547749",201900004729,138 297 569,B01,2,1,1,0,1,1,5,NULL,201900004729,138 297 569,B01,1,1,4,2,1963,5,2,8,-1,0,0,-1,201900004729,4,""KENNEDY (AVENUE DU PRESIDENT J,F)"",0,NULL,2,2,0,1,0,0,1,NULL,NULL,1,0,1,50
201900004729,22,3,2019,10:20:00,1,64,64122,2,1,1,6,""KENNEDY (AVENUE DU PRESIDENT J,F)"","43,4684589"," -1,5547749",201900004729,138 297 569,B01,2,1,1,0,1,1,5,NULL,201900004729,138 297 570,A01,1,1,1,1,1952,5,1,8,-1,0,0,-1,201900004729,4,""KENNEDY (AVENUE DU PRESIDENT J,F)"",0,NULL,2,2,0,1,0,0,1,NULL,NULL,1,0,1,50
201900004737,5,1,2019,17:10:00,1,62,62215,2,1,1,3,"VIEUX CHATEAU (R DU)","50,4836710","2,9618020",201900004737,138 297 555,B01,1,1,0,2,1,5,5,NULL,201900004737,138 297 554,A01,1,1,1,2,1966,5,1,8,-1,-1,0,-1,201900004737,4,"VIEUX CHATEAU (R DU)",0,NULL,2,2,0,1,0,0,1,NULL,NULL,1,0,1,50
201900004737,5,1,2019,17:10:00,1,62,62215,2,1,1,3,"VIEUX CHATEAU (R DU)","50,4836710","2,9618020",201900004737,138 297 555,B01,1,1,0,2,1,5,5,NULL,201900004737,138 297 555,B01,1,1,3,1,1991,5,2,0,-1,-1,0,-1,201900004737,4,"VIEUX CHATEAU (R DU)",0,NULL,2,2,0,1,0,0,1,NULL,NULL,1,0,1,50
201900004742,22,3,2019,13:10:00,1,60,60057,2,1,1,3,"WINSTON CHURCHILL (AVENUE)","49,4181800","2,0921500",201900004742,138 297 543,B01,3,1,0,2,8,19,5,NULL,201900004742,138 297 543,B01,1,1,4,1,2008,5,2,0,-1,-1,0,-1,201900004742,4,"WINSTON CHURCHILL (AVENUE)",0,NULL,2,2,0,2,(1),(1),1,NULL,NULL,1,0,1,70
201900004742,22,3,2019,13:10:00,1,60,60057,2,1,1,3,"WINSTON CHURCHILL (AVENUE)","49,4181800","2,0921500",201900004742,138 297 543,B01,3,1,0,2,8,19,5,NULL,201900004742,138 297 544,A01,1,1,1,2,1967,5,1,8,-1,-1,0,-1,201900004742,4,"WINSTON CHURCHILL (AVENUE)",0,NULL,2,2,0,2,(1),(1),1,NULL,NULL,1,0,1,70
201900004745,11,3,2019,10:20:00,1,59,59328,2,9,1,2,"BOURG RUE DU N°188 AU 362","50,6526400","3,0309100",201900004745,138 297 535,B01,1,1,0,2,7,17,5,NULL,201900004745,138 297 534,A01,1,1,1,1,1951,5,1,0,-1,-1,0,-1,201900004745,4,"BOURG RUE DU N°188 AU 362",0,NULL,2,2,0,1,0,0,1,NULL,NULL,1,0,1,50
201900004745,11,3,2019,10:20:00,1,59,59328,2,9,1,2,"BOURG RUE DU N°188 AU 362","50,6526400","3,0309100",201900004745,138 297 535,B01,1,1,0,2,7,17,5,NULL,201900004745,138 297 535,B01,1,1,3,1,1940,5,8,0,-1,-1,0,-1,201900004745,4,"BOURG RUE DU N°188 AU 362",0,NULL,2,2,0,1,0,0,1,NULL,NULL,1,0,1,50
201900004760,17,10,2019,16:30:00,1,44,44047,2,1,7,3,"20 Rue Jan Palach","47,2347489"," -1,6644483",201900004760,138 297 510,B01,2,1,0,2,1,1,5,NULL,201900004760,138 297 510,B01,1,1,4,1,1973,1,0,-1,-1,0,0,-1,201900004760,4,NULL,NULL,NULL,2,2,1,4,(1),(1),2,NULL,NULL,2,0,5,50
201900004760,17,10,2019,16:30:00,1,44,44047,2,1,7,3,"20 Rue Jan Palach","47,2347489"," -1,6644483",201900004760,138 297 510,B01,2,1,0,2,1,1,5,NULL,201900004760,138 297 511,A01,1,1,1,1,1974,4,1,-1,-1,0,0,-1,201900004760,4,NULL,NULL,NULL,2,2,1,4,(1),(1),2,NULL,NULL,2,0,5,50
201900004780,19,10,2019,12:00:00,1,63,63164,2,6,8,3,"Rond point de COURLANDE","45,8417909","3,1577969",201900004780,138 297 470,B01,3,1,0,2,7,1,5,NULL,201900004780,138 297 470,B01,1,1,4,1,1961,0,2,0,-1,0,0,-1,201900004780,3,402,NULL,NULL,2,-1,-1,1,(1),(1),1,NULL,NULL,1,0,1,-1
201900004780,19,10,2019,12:00:00,1,63,63164,2,6,8,3,"Rond point de COURLANDE","45,8417909","3,1577969",201900004780,138 297 470,B01,3,1,0,2,7,1,5,NULL,201900004780,138 297 471,A01,1,1,1,1,1998,0,1,8,-1,0,0,-1,201900004780,3,402,NULL,NULL,2,-1,-1,1,(1),(1),1,NULL,NULL,1,0,1,-1
201900004782,20,10,2019,22:20:00,5,49,49007,2,1,2,3,"IMBACH PLACE","47,4736500"," -0,5482700",201900004782,138 297 467,B01,1,1,0,2,1,1,5,NULL,201900004782,138 297 466,A01,1,1,1,1,1964,0,1,8,-1,-1," -1",-1,201900004782,4,"IMBACH PLACE",0,NULL,2,2,0,1,0,0,1,NULL,NULL,2,0,1,50
201900004782,20,10,2019,22:20:00,5,49,49007,2,1,2,3,"IMBACH PLACE","47,4736500"," -0,5482700",201900004782,138 297 467,B01,1,1,0,2,1,1,5,NULL,201900004782,138 297 467,B01,1,1,4,1,1995,0,8,0,-1,-1,0,-1,201900004782,4,"IMBACH PLACE",0,NULL,2,2,0,1,0,0,1,NULL,NULL,2,0,1,50
201900004787,21,10,2019,17:46:00,1,976,97611,2,1,1,3,"passamanty-Tanamalaza (rue )"," -12,8005300","45,2090300",201900004787,138 297 456,B01,1,1,1,2,1,18,5,NULL,201900004787,138 297 456,B01,1,1,4,1,1999,0,8,0,-1,-1,0,-1,201900004787,4,"passamanty-Tanamalaza (rue )",0,NULL,2,0,0,1,0,0,1,NULL,NULL,1,0,1,50
201900004787,21,10,2019,17:46:00,1,976,97611,2,1,1,3,"passamanty-Tanamalaza (rue )"," -12,8005300","45,2090300",201900004787,138 297 456,B01,1,1,1,2,1,18,5,NULL,201900004787,138 297 457,A01,1,1,1,1,1980,0,1,8,-1,-1,0,-1,201900004787,4,"passamanty-Tanamalaza (rue )",0,NULL,2,0,0,1,0,0,1,NULL,NULL,1,0,1,50
201900004818,10,10,2019,07:30:00,1,54,54395,2,1,2,7,"ARMEE PATTON (RUE DE L')","48,6919300","6,1696700",201900004818,138 297 396,B01,1,1,0,2,8,11,5,NULL,201900004818,138 297 396,B01,1,1,4,2,1961,0,2,0,-1,-1," -1",-1,201900004818,4,"ARMEE PATTON (RUE DE L')",0,NULL,-1,2,1,1,0,0,1,NULL,NULL,2,0,1,50
201900004821,18,10,2019,16:33:00,1,49,49007,2,1,2,7,"RALLIEMENT PLACE","47,4714400"," -0,5519200",201900004821,138 297 392,A01,1,1,0,0,0,1,5,NULL,201900004821,138 297 392,A01,1,1,4,2,1997,0,8,0,-1,-1," -1",-1,201900004821,4,"RALLIEMENT PLACE",0,NULL,-1,2,0,1,0,0,1,NULL,NULL,2,0,1,50
201900004839,18,10,2019,19:20:00,5,31,31555,2,1,1,3,"RTE DE BLAGNAC","43,6147800","1,4107200",201900004839,138 297 363,B01,1,1,0,2,7,15,5,NULL,201900004839,138 297 363,B01,1,1,4,2,1984,1,2,0,-1,-1," -1",-1,201900004839,3,1,0,NULL,2,2,0,1,0,0,1,NULL,NULL,1,0,1,50
201900004846,16,10,2019,09:00:00,1,18,18033,2,3,1,3,"SAINT-AMAND (AVENUE DE)","47,0595400","2,3861700",201900004846,138 297 352,B01,2,1,0,2,1,2,5,NULL,201900004846,138 297 351,A01,1,1,1,2,1982,0,1,8,-1,-1," -1",-1,201900004846,4,"SAINT-AMAND (AVENUE DE)",0,NULL,2,4,0,2,0,0,1,NULL,NULL,1,0,1,50
201900004846,16,10,2019,09:00:00,1,18,18033,2,3,1,3,"SAINT-AMAND (AVENUE DE)","47,0595400","2,3861700",201900004846,138 297 352,B01,2,1,0,2,1,2,5,NULL,201900004846,138 297 352,B01,1,1,4,1,1976,1,8,0,-1,-1," -1",-1,201900004846,4,"SAINT-AMAND (AVENUE DE)",0,NULL,2,4,0,2,0,0,1,NULL,NULL,1,0,1,50
201900004850,15,10,2019,18:35:00,1,13,13108,1,1,1,6,"RD 970 ROUTE D'AVIGNON","43,8360030","4,7232330",201900004850,138 297 343,B01,1,1,0,2,4,1,0,NULL,201900004850,138 297 342,A01,1,1,1,1,1992,5,1,0,-1,-1,0,-1,201900004850,3,970,0,NULL,2,2,0,1,1,0,2,NULL,NULL,1,0,1,80
201900004850,15,10,2019,18:35:00,1,13,13108,1,1,1,6,"RD 970 ROUTE D'AVIGNON","43,8360030","4,7232330",201900004850,138 297 343,B01,1,1,0,2,4,1,0,NULL,201900004850,138 297 343,B01,1,1,3,1,1982,5,2,0,-1,-1,0,-1,201900004850,3,970,0,NULL,2,2,0,1,1,0,2,NULL,NULL,1,0,1,80
201900004855,17,10,2019,21:00:00,3,13,13001,2,1,1,6,"CLUB HIPPIQUE (AV)","43,5123920","5,4224700",201900004855,138 297 334,A01,2,1,0,0,1,1,5,NULL,201900004855,138 297 334,A01,1,1,2,1,1952,0,2,8,-1,-1," -1",-1,201900004855,3,65,0,NULL,-1,2,0,2,0,0,2,NULL,NULL,1,8,1,50
201900004856,18,10,2019,16:30:00,1,8,08105,2,3,1,3,"BETHUNE (BOULEVARD DE)","49,7549620","4,7198910",201900004856,138 297 331,B01,0,1,0,2,1,1,5,NULL,201900004856,138 297 331,B01,1,1,3,1,1973,1,0,0,-1,0,0,-1,201900004856,4,"BETHUNE (BOULEVARD DE)",0,NULL,1,2,1,2,0,0,1,NULL,NULL,1,0,1,50
201900004856,18,10,2019,16:30:00,1,8,08105,2,3,1,3,"BETHUNE (BOULEVARD DE)","49,7549620","4,7198910",201900004856,138 297 331,B01,0,1,0,2,1,1,5,NULL,201900004856,138 297 332,A01,1,1,1,1,1977,1,1,8,-1,0,0,-1,201900004856,4,"BETHUNE (BOULEVARD DE)",0,NULL,1,2,1,2,0,0,1,NULL,NULL,1,0,1,50
201900004864,21,10,2019,08:50:00,1,75,75115,2,2,8,3,"RUE DE LA CONVENTION","48,8453443","2,2785540",201900004864,138 297 316,B01,1,1,0,2,8,18,5,NULL,201900004864,138 297 315,A01,1,1,1,1,1981,4,1,8,-1,0,0,-1,201900004864,4,"RUE DE LA CONVENTION",0,NULL,2,2,0,1,0,0,1,NULL,NULL,2,0,1,50
201900004864,21,10,2019,08:50:00,1,75,75115,2,2,8,3,"RUE DE LA CONVENTION","48,8453443","2,2785540",201900004864,138 297 316,B01,1,1,0,2,8,18,5,NULL,201900004864,138 297 316,B01,1,1,4,2,1960,5,8,2,-1,0,0,-1,201900004864,4,"RUE DE LA CONVENTION",0,NULL,2,2,0,1,0,0,1,NULL,NULL,2,0,1,50
201900004867,21,10,2019,18:43:00,5,75,75110,2,3,1,6,"BOULEVARD DE LA CHAPELLE","48,8837290","2,3512540",201900004867,138 297 309,A01,2,1,0,1,1,1,5,NULL,201900004867,138 297 309,A01,1,1,1,2,1987,1,2,0,-1,0,0,-1,201900004867,4,"BOULEVARD DE LA CHAPELLE",0,NULL,1,2,1,1,0,0,1,NULL,NULL,1,0,5,50
201900004867,21,10,2019,18:43:00,5,75,75110,2,3,1,6,"BOULEVARD DE LA CHAPELLE","48,8837290","2,3512540",201900004867,138 297 309,A01,2,1,0,1,1,1,5,NULL,201900004867,138 297 309,A01,10,3,4,1,1942,0,0,-1,-1,4,3,1,201900004867,4,"BOULEVARD DE LA CHAPELLE",0,NULL,1,2,1,1,0,0,1,NULL,NULL,1,0,5,50
201900004870,21,10,2019,11:15:00,1,94,94080,2,1,1,3,"PREVOYANCE (R DE LA)","48,8400000","2,4200000",201900004870,138 297 306,B01,1,1,0,0,1,0,0,NULL,201900004870,138 297 305,A01,1,1,1,1,1990,4,8,0,-1,-1,0,-1,201900004870,4,"PREVOYANCE (R DE LA)",0,NULL,1,0,1,1,0,0,1,NULL,NULL,1,0,1,50
201900004870,21,10,2019,11:15:00,1,94,94080,2,1,1,3,"PREVOYANCE (R DE LA)","48,8400000","2,4200000",201900004870,138 297 306,B01,1,1,0,0,1,0,0,NULL,201900004870,138 297 306,B01,1,1,4,1,1984,0,8,0,-1,-1," -1",-1,201900004870,4,"PREVOYANCE (R DE LA)",0,NULL,1,0,1,1,0,0,1,NULL,NULL,1,0,1,50
201900004893,20,10,2019,16:05:00,1,68,68253,1,1,1,7,"Chemin agricole","47,7772090","7,5055690",201900004893,138 297 261,A01,3,1,0,0,0,1,5,NULL,201900004893,138 297 261,A01,1,1,2,1,1955,5,2,-1,-1,0,0,-1,201900004893,4,NULL,NULL,NULL,-1,1,0,2,(1),(1),1,NULL,NULL,1,0,8,30
201900004898,21,10,2019,17:30:00,1,79,79179,2,6,1,3,"Avenue du Maréchal Leclerc","46,7249870"," -0,5882800",201900004898,138 297 254,B01,2,1,0,2,8,1,0,NULL,201900004898,138 297 253,A01,1,1,1,2,1984,5,1,-1,-1,0,0,-1,201900004898,3,744,NULL,NULL,2,2,0,1,26,283,3,NULL,80,1,0,1,50
201900004898,21,10,2019,17:30:00,1,79,79179,2,6,1,3,"Avenue du Maréchal Leclerc","46,7249870"," -0,5882800",201900004898,138 297 254,B01,2,1,0,2,8,1,0,NULL,201900004898,138 297 254,B01,1,1,3,1,1933,5,2,-1,-1,0,0,-1,201900004898,3,744,NULL,NULL,2,2,0,1,26,283,3,NULL,80,1,0,1,50
201900004914,22,10,2019,19:15:00,3,67,67327,1,1,1,2,"RD3 - PR 41+600","48,9872030","8,1000130",201900004914,138 297 224,B01,2,1,0,2,4,2,5,NULL,201900004914,138 297 224,B01,1,1,2,1,1988,5,0,-1,-1,0,0,-1,201900004914,3,3,NULL,NULL,2,2,0,1,41,600,2,NULL,NULL,1,0,1,80
201900004914,22,10,2019,19:15:00,3,67,67327,1,1,1,2,"RD3 - PR 41+600","48,9872030","8,1000130",201900004914,138 297 224,B01,2,1,0,2,4,2,5,NULL,201900004914,138 297 225,A01,1,1,1,1,1966,4,1,-1,-1,0,0,-1,201900004914,3,3,NULL,NULL,2,2,0,1,41,600,2,NULL,NULL,1,0,1,80
201900004926,12,10,2019,14:30:00,1,44,44047,1,1,1,3,"La Galonniere","47,2459000"," -1,7289370",201900004926,138 297 199,B01,3,1,0,2,3,1,5,NULL,201900004926,138 297 198,A01,1,1,1,2,1997,5,1,-1,-1,0,0,-1,201900004926,7,101,NULL,NULL,2,2,0,1,(1),(1),1,NULL,NULL,1,0,1,50
201900004926,12,10,2019,14:30:00,1,44,44047,1,1,1,3,"La Galonniere","47,2459000"," -1,7289370",201900004926,138 297 199,B01,3,1,0,2,3,1,5,NULL,201900004926,138 297 199,B01,1,1,3,1,1970,5,2,-1,-1,0,0,-1,201900004926,7,101,NULL,NULL,2,2,0,1,(1),(1),1,NULL,NULL,1,0,1,50
201900004929,22,10,2019,15:30:00,1,27,27343,1,2,1,3,"21 Route de Pacy","49,0642440","1,3745820",201900004929,138 297 192,B01,2,1,0,2,1,1,0,NULL,201900004929,138 297 192,B01,1,1,4,2,1968,5,0,-1,-1,0,0,-1,201900004929,3,57,0,NULL,2,2,0,1,19,350,1,NULL,NULL,1,0,1,70
201900004929,22,10,2019,15:30:00,1,27,27343,1,2,1,3,"21 Route de Pacy","49,0642440","1,3745820",201900004929,138 297 192,B01,2,1,0,2,1,1,0,NULL,201900004929,138 297 193,A01,1,1,1,1,1968,5,1,-1,-1,0,0,-1,201900004929,3,57,0,NULL,2,2,0,1,19,350,1,NULL,NULL,1,0,1,70
201900004944,13,6,2019,16:25:00,1,32,32280,1,9,1,3,"CD 40-PK 1+900","43,3305260","0,5691020",201900004944,138 297 164,A01,1,1,0,2,8,13,5,NULL,201900004944,138 297 164,A01,1,1,3,2,1940,5,2,-1,-1,0,0,-1,201900004944,3,40,NULL,NULL,2,2,0,1,1,900,1,NULL,NULL,1,0,1,80
201900004944,13,6,2019,16:25:00,1,32,32280,1,9,1,3,"CD 40-PK 1+900","43,3305260","0,5691020",201900004944,138 297 164,A01,1,1,0,2,8,13,5,NULL,201900004944,138 297 165,B01,1,1,1,1,1971,4,0,-1,-1,0,0,-1,201900004944,3,40,NULL,NULL,2,2,0,1,1,900,1,NULL,NULL,1,0,1,80
201900004991,4,6,2019,17:30:00,1,49,49377,1,1,1,2,"La Dionnière","47,5492510"," -0,4901370",201900004991,138 297 085,A01,1,1,1,0,1,2,1,NULL,201900004991,138 297 084,B01,1,1,1,2,1982,1,1,-1,-1,0,0,-1,201900004991,3,52,0,NULL,2,2,0,1,6,500,1,NULL,NULL,1,0,1,80
201900004991,4,6,2019,17:30:00,1,49,49377,1,1,1,2,"La Dionnière","47,5492510"," -0,4901370",201900004991,138 297 085,A01,1,1,1,0,1,2,1,NULL,201900004991,138 297 085,A01,1,1,3,1,1988,1,0,-1,-1,0,0,-1,201900004991,3,52,0,NULL,2,2,0,1,6,500,1,NULL,NULL,1,0,1,80
201900005020,25,5,2019,11:00:00,1,34,34292,1,1,1,6,"lieu dit Roques","43,6333750","3,3223210",201900005020,138 297 038,A01,1,1,0,5,2,1,5,NULL,201900005020,138 297 038,A01,1,1,3,1,1979,4,2,-1,-1,0,0,-1,201900005020,3,148,NULL,NULL,-1,2,0,1,14,590,1,NULL,NULL,1,0,1,80
201900005025,7,6,2019,07:35:00,1,68,68290,1,1,1,2,"Route départementale 18 Bis","47,9430650","7,4467240",201900005025,138 297 030,B01,2,1,0,0,4,1,5,NULL,201900005025,138 297 029,A01,1,1,1,2,1991,1,8,-1,-1,0,0,-1,201900005025,3,18,2,NULL,2,2,0,1,20,200,1,NULL,NULL,1,0,1,80
201900005025,7,6,2019,07:35:00,1,68,68290,1,1,1,2,"Route départementale 18 Bis","47,9430650","7,4467240",201900005025,138 297 030,B01,2,1,0,0,4,1,5,NULL,201900005025,138 297 030,B01,1,1,3,1,1960,5,2,6,-1,0,0,-1,201900005025,3,18,2,NULL,2,2,0,1,20,200,1,NULL,NULL,1,0,1,80
201900005026,5,6,2019,18:05:00,1,68,68140,2,1,1,3,"RD 2 - rue de Rustenhart","47,9147370","7,4453800",201900005026,138 297 028,A01,1,1,0,2,3,13,5,NULL,201900005026,138 297 027,B01,1,1,1,2,1972,5,1,-1,-1,0,0,-1,201900005026,3,2,0,NULL,2,2,0,1,26,180,1,NULL,NULL,1,0,1,50
201900005026,5,6,2019,18:05:00,1,68,68140,2,1,1,3,"RD 2 - rue de Rustenhart","47,9147370","7,4453800",201900005026,138 297 028,A01,1,1,0,2,3,13,5,NULL,201900005026,138 297 028,A01,1,1,4,1,2005,5,0,-1,-1,0,0,-1,201900005026,3,2,0,NULL,2,2,0,1,26,180,1,NULL,NULL,1,0,1,50
201900005033,5,6,2019,10:40:00,1,68,68338,1,1,1,2,"Route des 3 Épis","48,0906130","7,2375190",201900005033,138 297 016,B01,1,1,0,0,4,1,5,NULL,201900005033,138 297 016,B01,1,1,4,1,1934,5,2,6,-1,0,0,-1,201900005033,3,11,NULL,NULL,2,2,0,2,7,800,1,NULL,NULL,1,0,1,70
201900005033,5,6,2019,10:40:00,1,68,68338,1,1,1,2,"Route des 3 Épis","48,0906130","7,2375190",201900005033,138 297 016,B01,1,1,0,0,4,1,5,NULL,201900005033,138 297 017,A01,1,1,1,1,1934,5,8,-1,-1,0,0,-1,201900005033,3,11,NULL,NULL,2,2,0,2,7,800,1,NULL,NULL,1,0,1,70
201900005034,1,6,2019,10:30:00,1,68,68374,1,3,7,3,Saint-Gilles,"48,0739010","7,2608710",201900005034,138 297 014,B01,3,1,0,2,1,1,5,NULL,201900005034,138 297 014,B01,1,1,4,1,1954,5,2,-1,-1,0,0,-1,201900005034,4,NULL,NULL,NULL,2,2,1,1,(1),(1),1,NULL,NULL,1,0,5,80
201900005036,31,5,2019,09:50:00,1,22,22247,2,1,1,6,"16 Rue de l'Église","48,7315130"," -3,2424720",201900005036,138 297 012,A01,2,1,0,1,7,1,5,NULL,201900005036,138 297 012,A01,10,3,3,2,1945,5,0,-1,-1,1,3,1,201900005036,3,6,NULL,NULL,2,2,0,1,30,2400,1,NULL,NULL,1,0,1,50
201900005036,31,5,2019,09:50:00,1,22,22247,2,1,1,6,"16 Rue de l'Église","48,7315130"," -3,2424720",201900005036,138 297 012,A01,2,1,0,1,7,1,5,NULL,201900005036,138 297 012,A01,1,1,1,1,1996,5,2,-1,-1,0,0,-1,201900005036,3,6,NULL,NULL,2,2,0,1,30,2400,1,NULL,NULL,1,0,1,50
201900005046,2,6,2019,11:30:00,1,39,39306,2,1,1,3,"La Fontaine aux Daims","46,6573040","5,5396870",201900005046,138 296 998,A01,2,1,0,2,3,10,5,NULL,201900005046,138 296 997,B01,1,1,1,2,2000,5,1,-1,-1,0,0,-1,201900005046,3,117,0,NULL,2,2,0,2,2,20,1,NULL,NULL,1,0,1,50
201900005046,2,6,2019,11:30:00,1,39,39306,2,1,1,3,"La Fontaine aux Daims","46,6573040","5,5396870",201900005046,138 296 998,A01,2,1,0,2,3,10,5,NULL,201900005046,138 296 998,A01,1,1,3,1,1953,5,2,-1,-1,0,0,-1,201900005046,3,117,0,NULL,2,2,0,2,2,20,1,NULL,NULL,1,0,1,50
201900005047,13,6,2019,20:00:00,2,25,25373,2,1,1,6,"11 Rue du Bizot","47,1543140","6,6791680",201900005047,138 296 996,B01,3,1,0,2,1,1,5,NULL,201900005047,138 296 995,A01,1,1,1,1,1979,9,1,-1,-1,0,0,-1,201900005047,4,"rue du Bizot",0,NULL,-1,2,0,2,0,0,1,NULL,NULL,1,0,1,50
201900005047,13,6,2019,20:00:00,2,25,25373,2,1,1,6,"11 Rue du Bizot","47,1543140","6,6791680",201900005047,138 296 996,B01,3,1,0,2,1,1,5,NULL,201900005047,138 296 996,B01,1,1,3,1,1973,5,2,-1,-1,0,0,-1,201900005047,4,"rue du Bizot",0,NULL,-1,2,0,2,0,0,1,NULL,NULL,1,0,1,50
201900005048,14,6,2019,18:30:00,1,25,25114,2,1,1,6,"44 grande rue","47,3479390","6,8413390",201900005048,138 296 994,A01,3,1,0,2,1,1,5,NULL,201900005048,138 296 993,B01,1,1,1,1,1953,4,0,-1,-1,0,0,-1,201900005048,4,"44 grande rue",NULL,NULL,2,2,0,1,(1),(1),1,NULL,NULL,1,0,1,50
201900005048,14,6,2019,18:30:00,1,25,25114,2,1,1,6,"44 grande rue","47,3479390","6,8413390",201900005048,138 296 994,A01,3,1,0,2,1,1,5,NULL,201900005048,138 296 994,A01,1,1,3,1,1967,5,0,-1,-1,0,0,-1,201900005048,4,"44 grande rue",NULL,NULL,2,2,0,1,(1),(1),1,NULL,NULL,1,0,1,50
201900005051,10,6,2019,14:40:00,1,44,44189,1,3,1,3,Travers,"47,4376140"," -2,1648270",201900005051,138 296 987,B01,2,1,0,2,8,15,5,NULL,201900005051,138 296 987,B01,1,1,2,2,2006,5,0,-1,-1,0,0,-1,201900005051,3,33,0,NULL,2,2,0,1,72,580,1,NULL,NULL,1,0,1,80
201900005051,10,6,2019,14:40:00,1,44,44189,1,3,1,3,Travers,"47,4376140"," -2,1648270",201900005051,138 296 987,B01,2,1,0,2,8,15,5,NULL,201900005051,138 296 988,A01,1,1,1,1,1966,5,1,-1,-1,0,0,-1,201900005051,3,33,0,NULL,2,2,0,1,72,580,1,NULL,NULL,1,0,1,80