Num_Acc,jour,mois,an,hrmn,lum,dep,com,agg,int,atm,col,adr,lat,long,Num_Acc,id_vehicule,num_veh,senc,catv,obs,obsm,choc,manv,motor,occutc,Num_Acc,id_vehicule,num_veh,place,catu,grav,sexe,an_nais,trajet,secu1,secu2,secu3,locp,actp,etatp,Num_Acc,catr,voie,v1,v2,circ,nbv,vosp,prof,pr,pr1,plan,lartpc,larrout,surf,infra,situ,vma
201900005053,1,6,2019,09:35:00,1,44,44098,1,2,1,3,"Rue de Bercehan-Bergon","47,4618148"," -2,2080269",201900005053,138 296 981,A01,3,1,0,2,7,1,5,NULL,201900005053,138 296 981,A01,1,1,3,1,1968,5,2,-1,-1,0,0,-1,201900005053,4,NULL,NULL,NULL,2,2,0,1,(1),(1),1,NULL,NULL,1,0,1,70
201900005053,1,6,2019,09:35:00,1,44,44098,1,2,1,3,"Rue de Bercehan-Bergon","47,4618148"," -2,2080269",201900005053,138 296 981,A01,3,1,0,2,7,1,5,NULL,201900005053,138 296 982,B01,1,1,1,2,1965,5,1,-1,-1,0,0,-1,201900005053,4,NULL,NULL,NULL,2,2,0,1,(1),(1),1,NULL,NULL,1,0,1,70
201900005090,12,6,2019,14:15:00,1,38,38354,1,3,1,3,"D82 - route de voissant","45,4926900","5,7061890",201900005090,138 296 916,B01,2,1,0,2,2,15,5,NULL,201900005090,138 296 916,B01,1,1,3,1,1949,5,2,-1,-1,0,0,-1,201900005090,3,82,0,NULL,2,2,0,2,(1),(1),1,NULL,NULL,1,0,1,80
201900005090,12,6,2019,14:15:00,1,38,38354,1,3,1,3,"D82 - route de voissant","45,4926900","5,7061890",201900005090,138 296 916,B01,2,1,0,2,2,15,5,NULL,201900005090,138 296 917,A01,1,1,1,2,1961,1,1,-1,-1,0,0,-1,201900005090,3,82,0,NULL,2,2,0,2,(1),(1),1,NULL,NULL,1,0,1,80
201900005101,12,6,2019,13:45:00,1,3,03254,2,1,1,3,"3B route de Moulins","46,3134683","3,2871316",201900005101,138 296 897,A01,3,1,0,0,1,1,5,NULL,201900005101,138 296 896,B01,1,1,1,2,1992,0,1,-1,-1,0,0,-1,201900005101,6,NULL,0,NULL,-1,-1,0,1,(1),(1),1,NULL,NULL,1,0,8,-1
201900005101,12,6,2019,13:45:00,1,3,03254,2,1,1,3,"3B route de Moulins","46,3134683","3,2871316",201900005101,138 296 897,A01,3,1,0,0,1,1,5,NULL,201900005101,138 296 897,A01,1,1,4,1,2003,0,0,-1,-1,0,0,-1,201900005101,6,NULL,0,NULL,-1,-1,0,1,(1),(1),1,NULL,NULL,1,0,8,-1
201900005118,5,6,2019,17:45:00,1,70,70339,1,2,1,3,D486/d131,"47,7431960","6,5563010",201900005118,138 296 872,B01,2,1,0,0,8,1,0,NULL,201900005118,138 296 871,A01,1,1,1,1,1970,1,1,-1,-1,0,0,-1,201900005118,3,486,0,D,2,2,0,1,29,550,1,NULL,NULL,1,0,1,70
201900005118,5,6,2019,17:45:00,1,70,70339,1,2,1,3,D486/d131,"47,7431960","6,5563010",201900005118,138 296 872,B01,2,1,0,0,8,1,0,NULL,201900005118,138 296 872,B01,1,1,3,2,1956,5,2,-1,-1,0,0,-1,201900005118,3,486,0,D,2,2,0,1,29,550,1,NULL,NULL,1,0,1,70
201900005134,14,7,2019,02:35:00,3,59,59452,1,1,1,7,"Rue Émile Macquart","50,4706970","3,0459670",201900005134,138 296 844,A01,2,1,0,0,0,0,5,NULL,201900005134,138 296 844,A01,1,1,2,1,1937,5,0,-1,-1,0,0,-1,201900005134,3,54,NULL,NULL,-1,2,0,1,(1),(1),1,NULL,NULL,1,0,8,70
201900005236,12,8,2019,18:57:00,1,17,17300,2,3,1,3,"REAUMUR   RUE","46,1572400"," -1,1569100",201900005236,138 296 661,B01,2,1,0,2,7,2,5,NULL,201900005236,138 296 660,A01,1,1,1,2,1995,1,1,8,-1,0,0,-1,201900005236,4,"REAUMUR   RUE",0,NULL,1,1,0,1,1,0,1,NULL,NULL,1,0,1,30
201900005236,12,8,2019,18:57:00,1,17,17300,2,3,1,3,"REAUMUR   RUE","46,1572400"," -1,1569100",201900005236,138 296 661,B01,2,1,0,2,7,2,5,NULL,201900005236,138 296 661,B01,1,1,4,2,2000,5,8,0,-1,0,0,-1,201900005236,4,"REAUMUR   RUE",0,NULL,1,1,0,1,1,0,1,NULL,NULL,1,0,1,30
201900005237,12,8,2019,18:10:00,1,17,17300,2,1,1,3,"LECLERC   AVENUE DU GENERAL","46,1599300"," -1,1676100",201900005237,138 296 658,B01,2,1,0,2,1,1,5,NULL,201900005237,138 296 658,B01,1,1,4,1,2006,0,2,0,-1,0,0,-1,201900005237,4,"LECLERC   AVENUE DU GENERAL",0,NULL,2,2,1,2,0,0,1,NULL,NULL,1,0,1,50
201900005237,12,8,2019,18:10:00,1,17,17300,2,1,1,3,"LECLERC   AVENUE DU GENERAL","46,1599300"," -1,1676100",201900005237,138 296 658,B01,2,1,0,2,1,1,5,NULL,201900005237,138 296 659,A01,1,1,1,1,1947,0,1,0,-1,0,0,-1,201900005237,4,"LECLERC   AVENUE DU GENERAL",0,NULL,2,2,1,2,0,0,1,NULL,NULL,1,0,1,50
201900005240,8,8,2019,09:15:00,1,14,14118,2,2,1,3,"FALAISE (RUE DE -144)","49,1725400"," -0,3545200",201900005240,138 296 653,A01,3,1,0,2,1,1,5,NULL,201900005240,138 296 652,B01,1,1,1,1,1970,1,1,0,-1,0,0,-1,201900005240,4,"FALAISE (RUE DE -144)",0,NULL,3,3,1,2,1,0,1,NULL,NULL,1,0,1,50
201900005240,8,8,2019,09:15:00,1,14,14118,2,2,1,3,"FALAISE (RUE DE -144)","49,1725400"," -0,3545200",201900005240,138 296 653,A01,3,1,0,2,1,1,5,NULL,201900005240,138 296 653,A01,1,1,4,1,1978,5,8,0,-1,0,0,-1,201900005240,4,"FALAISE (RUE DE -144)",0,NULL,3,3,1,2,1,0,1,NULL,NULL,1,0,1,50
201900005242,12,8,2019,16:05:00,1,13,13215,2,3,1,3,"SAINT LOUIS (AVENUE DE)","43,3440610","5,3594490",201900005242,138 296 649,B01,1,1,0,2,1,1,0,NULL,201900005242,138 296 648,A01,1,1,1,1,1983,5,1,0,-1,-1,0,-1,201900005242,4,NULL,0,NULL,2,2,0,1,0,0,1,NULL,NULL,1,0,1,50
201900005242,12,8,2019,16:05:00,1,13,13215,2,3,1,3,"SAINT LOUIS (AVENUE DE)","43,3440610","5,3594490",201900005242,138 296 649,B01,1,1,0,2,1,1,0,NULL,201900005242,138 296 649,B01,1,1,3,1,1965,0,8,0,-1,-1,0,-1,201900005242,4,NULL,0,NULL,2,2,0,1,0,0,1,NULL,NULL,1,0,1,50
201900005256,12,8,2019,09:45:00,1,94,94080,2,1,1,1,"LAGNY (R DE)","48,8491500","2,4200000",201900005256,138 296 624,B01,2,1,0,2,1,16,0,NULL,201900005256,138 296 624,B01,2,1,4,2,1985,5,8,0,-1,-1,0,-1,201900005256,4,"LAGNY (R DE)",0,NULL,1,1,0,1,0,0,1,NULL,NULL,1,0,1,50
201900005256,12,8,2019,09:45:00,1,94,94080,2,1,1,1,"LAGNY (R DE)","48,8491500","2,4200000",201900005256,138 296 624,B01,2,1,0,2,1,16,0,NULL,201900005256,138 296 625,A01,1,1,1,1,1982,4,1,8,-1,-1,0,-1,201900005256,4,"LAGNY (R DE)",0,NULL,1,1,0,1,0,0,1,NULL,NULL,1,0,1,50
201900005263,11,8,2019,11:10:00,1,93,93063,2,1,1,3,"PARIS RUE DE","48,8842500","2,4348400",201900005263,138 296 612,Y01,3,1,0,2,3,1,0,NULL,201900005263,138 296 612,Y01,1,1,4,2,1949,5,2,0,-1,-1," -1",-1,201900005263,9,"PARIS RUE DE",0,NULL,1,1,0,1,0,0,1,NULL,NULL,1,0,1,50
201900005271,12,8,2019,17:30:00,1,92,92012,2,7,1,3,"JULES GUESDE/NATIONALE (PLACE)","48,8269300","2,2421100",201900005271,138 296 598,A01,3,1,0,2,5,19,5,NULL,201900005271,138 296 597,B01,1,1,1,2,1975,1,1,0,-1,-1,0,-1,201900005271,4,"JULES GUESDE/NATIONALE (PLACE)",0,NULL,1,1,0,1,0,0,1,NULL,NULL,1,0,1,50
201900005271,12,8,2019,17:30:00,1,92,92012,2,7,1,3,"JULES GUESDE/NATIONALE (PLACE)","48,8269300","2,2421100",201900005271,138 296 598,A01,3,1,0,2,5,19,5,NULL,201900005271,138 296 598,A01,1,1,4,1,1960,5,8,0,-1,-1,0,-1,201900005271,4,"JULES GUESDE/NATIONALE (PLACE)",0,NULL,1,1,0,1,0,0,1,NULL,NULL,1,0,1,50
201900005279,13,8,2019,11:30:00,1,42,42322,1,4,1,1,"Route du Planil","45,4130470","4,5364850",201900005279,138 296 587,A01,1,1,0,2,1,1,0,NULL,201900005279,138 296 586,B01,1,1,1,2,1999,4,1,-1,-1,0,0,-1,201900005279,3,76,NULL,NULL,4,2,0,4,12,750,1,NULL,NULL,1,0,1,80
201900005279,13,8,2019,11:30:00,1,42,42322,1,4,1,1,"Route du Planil","45,4130470","4,5364850",201900005279,138 296 587,A01,1,1,0,2,1,1,0,NULL,201900005279,138 296 587,A01,1,1,3,1,1953,5,2,6,-1,0,0,-1,201900005279,3,76,NULL,NULL,4,2,0,4,12,750,1,NULL,NULL,1,0,1,80
201900005284,13,8,2019,15:15:00,1,82,82013,2,6,1,3,"Avenue du lac","43,8796250","0,9910250",201900005284,138 296 575,B01,1,1,0,2,7,15,5,NULL,201900005284,138 296 575,B01,1,1,4,1,1944,5,0,-1,-1,0,0,-1,201900005284,3,928,NULL,NULL,1,1,0,1,33,500,2,NULL,NULL,1,5,1,50
201900005284,13,8,2019,15:15:00,1,82,82013,2,6,1,3,"Avenue du lac","43,8796250","0,9910250",201900005284,138 296 575,B01,1,1,0,2,7,15,5,NULL,201900005284,138 296 576,A01,1,1,1,1,1963,1,1,-1,-1,0,0,-1,201900005284,3,928,NULL,NULL,1,1,0,1,33,500,2,NULL,NULL,1,5,1,50
201900005289,11,8,2019,09:40:00,1,42,42017,2,1,1,6,"rue du féria","45,3687440","4,5160790",201900005289,138 296 567,A01,2,1,12,1,8,18,5,NULL,201900005289,138 296 567,A01,1,1,4,1,1955,5,2,-1,-1,0,0,-1,201900005289,3,8,0,D,1,1,0,2,134,300,1,NULL,NULL,1,0,1,50
201900005289,11,8,2019,09:40:00,1,42,42017,2,1,1,6,"rue du féria","45,3687440","4,5160790",201900005289,138 296 567,A01,2,1,12,1,8,18,5,NULL,201900005289,138 296 567,A01,10,3,4,2,1945,5,0,-1,-1,3,3,1,201900005289,3,8,0,D,1,1,0,2,134,300,1,NULL,NULL,1,0,1,50
201900005292,5,8,2019,10:15:00,1,35,35302,1,4,1,3,bel-air,"48,1871850"," -2,1688620",201900005292,138 296 563,B01,1,1,0,2,1,1,5,NULL,201900005292,138 296 562,A01,1,1,1,1,1990,4,1,-1,-1,0,0,-1,201900005292,2,164,0,NULL,1,1,0,2,8,840,1,NULL,NULL,1,3,1,110
201900005292,5,8,2019,10:15:00,1,35,35302,1,4,1,3,bel-air,"48,1871850"," -2,1688620",201900005292,138 296 563,B01,1,1,0,2,1,1,5,NULL,201900005292,138 296 563,B01,1,1,3,1,1944,9,0,-1,-1,0,0,-1,201900005292,2,164,0,NULL,1,1,0,2,8,840,1,NULL,NULL,1,3,1,110
201900005293,13,8,2019,16:00:00,1,38,38074,1,1,1,4,"PK 31 +300","45,2331490","5,4436100",201900005293,138 296 560,B01,1,1,0,2,4,1,5,NULL,201900005293,138 296 559,C01,1,1,1,2,2000,5,0,-1,-1,0,0,-1,201900005293,3,1092,NULL,NULL,2,2,0,1,31,300,1,NULL,NULL,1,0,1,80
201900005293,13,8,2019,16:00:00,1,38,38074,1,1,1,4,"PK 31 +300","45,2331490","5,4436100",201900005293,138 296 559,C01,1,1,0,2,4,1,5,NULL,201900005293,138 296 559,C01,1,1,1,2,2000,5,0,-1,-1,0,0,-1,201900005293,3,1092,NULL,NULL,2,2,0,1,31,300,1,NULL,NULL,1,0,1,80
201900005293,13,8,2019,16:00:00,1,38,38074,1,1,1,4,"PK 31 +300","45,2331490","5,4436100",201900005293,138 296 560,B01,1,1,0,2,4,1,5,NULL,201900005293,138 296 560,B01,1,1,4,1,2000,5,0,-1,-1,0,0,-1,201900005293,3,1092,NULL,NULL,2,2,0,1,31,300,1,NULL,NULL,1,0,1,80
201900005293,13,8,2019,16:00:00,1,38,38074,1,1,1,4,"PK 31 +300","45,2331490","5,4436100",201900005293,138 296 559,C01,1,1,0,2,4,1,5,NULL,201900005293,138 296 560,B01,1,1,4,1,2000,5,0,-1,-1,0,0,-1,201900005293,3,1092,NULL,NULL,2,2,0,1,31,300,1,NULL,NULL,1,0,1,80
201900005293,13,8,2019,16:00:00,1,38,38074,1,1,1,4,"PK 31 +300","45,2331490","5,4436100",201900005293,138 296 560,B01,1,1,0,2,4,1,5,NULL,201900005293,138 296 561,A01,1,1,1,1,1930,5,1,-1,-1,0,0,-1,201900005293,3,1092,NULL,NULL,2,2,0,1,31,300,1,NULL,NULL,1,0,1,80
201900005293,13,8,2019,16:00:00,1,38,38074,1,1,1,4,"PK 31 +300","45,2331490","5,4436100",201900005293,138 296 559,C01,1,1,0,2,4,1,5,NULL,201900005293,138 296 561,A01,1,1,1,1,1930,5,1,-1,-1,0,0,-1,201900005293,3,1092,NULL,NULL,2,2,0,1,31,300,1,NULL,NULL,1,0,1,80
201900005335,26,11,2019,17:20:00,5,68,68195,2,3,1,7,"1 Rue Chateaubriand","47,7584700","7,2864320",201900005335,138 296 493,A01,2,1,0,0,9,1,5,NULL,201900005335,138 296 493,A01,1,1,4,1,1982,1,0,-1,-1,0,0,-1,201900005335,3,20,0,NULL,2,2,1,1,14,600,1,NULL,NULL,1,0,5,45
201900005336,26,11,2019,17:10:00,2,22,22251,1,6,1,3,"la ville auvray","48,5617800"," -2,8103180",201900005336,138 296 491,B01,2,1,0,2,7,12,5,NULL,201900005336,138 296 491,B01,1,1,4,1,2002,1,0,-1,-1,0,0,-1,201900005336,3,786,NULL,NULL,3,4,0,1,21,1100,1,NULL,NULL,1,0,1,70
201900005336,26,11,2019,17:10:00,2,22,22251,1,6,1,3,"la ville auvray","48,5617800"," -2,8103180",201900005336,138 296 491,B01,2,1,0,2,7,12,5,NULL,201900005336,138 296 492,A01,1,1,1,2,1954,5,1,-1,-1,0,0,-1,201900005336,3,786,NULL,NULL,3,4,0,1,21,1100,1,NULL,NULL,1,0,1,70
201900005340,27,11,2019,11:00:00,1,60,60509,2,1,2,6,"22 Rue du Moulin de l'Etang","49,2903220","2,6053680",201900005340,138 296 482,B01,3,1,0,2,0,0,5,NULL,201900005340,138 296 482,B01,1,1,4,1,2014,5,0,-1,-1,0,0,-1,201900005340,4,NULL,NULL,NULL,2,2,0,1,(1),(1),3,NULL,NULL,2,0,1,50
201900005340,27,11,2019,11:00:00,1,60,60509,2,1,2,6,"22 Rue du Moulin de l'Etang","49,2903220","2,6053680",201900005340,138 296 482,B01,3,1,0,2,0,0,5,NULL,201900005340,138 296 483,A01,1,1,1,1,1957,3,1,-1,-1,0,0,-1,201900005340,4,NULL,NULL,NULL,2,2,0,1,(1),(1),3,NULL,NULL,2,0,1,50
201900005362,26,11,2019,20:30:00,5,80,80049,2,1,2,2,"Rue de Paris","49,6219320","2,5502830",201900005362,138 296 444,B01,2,1,0,0,4,1,5,NULL,201900005362,138 296 444,B01,1,1,2,1,1957,0,0,-1,-1,0,0,-1,201900005362,3,329,NULL,NULL,2,2,0,1,(1),(1),1,NULL,NULL,2,0,1,50
201900005362,26,11,2019,20:30:00,5,80,80049,2,1,2,2,"Rue de Paris","49,6219320","2,5502830",201900005362,138 296 444,B01,2,1,0,0,4,1,5,NULL,201900005362,138 296 445,A01,1,1,1,1,1977,1,1,-1,-1,0,0,-1,201900005362,3,329,NULL,NULL,2,2,0,1,(1),(1),1,NULL,NULL,2,0,1,50
201900005387,25,11,2019,07:00:00,2,69,69259,2,1,1,3,"IRENE JOLIOT CURIE                  (BD)","45,7167800","4,8772800",201900005387,138 296 393,B01,3,1,0,2,8,13,5,NULL,201900005387,138 296 393,B01,1,1,4,1,1983,1,8,0,-1,-1," -1",-1,201900005387,3,95,0,NULL,1,2,1,1,0,200,1,NULL,NULL,1,0,1,50
201900005393,23,11,2019,08:50:00,1,971,97113,1,1,1,4,"Pont de BLANCHARD","16,2210700"," -61,5210600",201900005393,138 296 384,F01,3,1,0,2,4,1,5,NULL,201900005393,138 296 379,E01,1,1,4,2,1994,9,1,8,-1,-1," -1",-1,201900005393,2,4,0,NULL,3,3,3,1,0,0,1,NULL,NULL,1,0,1,90
201900005393,23,11,2019,08:50:00,1,971,97113,1,1,1,4,"Pont de BLANCHARD","16,2210700"," -61,5210600",201900005393,138 296 384,F01,3,1,0,2,4,1,5,NULL,201900005393,138 296 380,D01,2,2,1,2,1996,9,1,8,-1,-1," -1",-1,201900005393,2,4,0,NULL,3,3,3,1,0,0,1,NULL,NULL,1,0,1,90
201900005393,23,11,2019,08:50:00,1,971,97113,1,1,1,4,"Pont de BLANCHARD","16,2210700"," -61,5210600",201900005393,138 296 384,F01,3,1,0,2,4,1,5,NULL,201900005393,138 296 380,D01,1,1,1,1,1949,9,1,8,-1,-1," -1",-1,201900005393,2,4,0,NULL,3,3,3,1,0,0,1,NULL,NULL,1,0,1,90
201900005393,23,11,2019,08:50:00,1,971,97113,1,1,1,4,"Pont de BLANCHARD","16,2210700"," -61,5210600",201900005393,138 296 384,F01,3,1,0,2,4,1,5,NULL,201900005393,138 296 381,C01,1,1,1,1,1972,0,1,8,-1,-1," -1",-1,201900005393,2,4,0,NULL,3,3,3,1,0,0,1,NULL,NULL,1,0,1,90
201900005393,23,11,2019,08:50:00,1,971,97113,1,1,1,4,"Pont de BLANCHARD","16,2210700"," -61,5210600",201900005393,138 296 384,F01,3,1,0,2,4,1,5,NULL,201900005393,138 296 384,F01,1,1,3,1,1992,9,2,0,-1,0,1,-1,201900005393,2,4,0,NULL,3,3,3,1,0,0,1,NULL,NULL,1,0,1,90
201900005427,25,11,2019,18:13:00,5,51,51454,2,9,1,3,"BOULEVARD HENRI VASNIER","49,2476682","4,0443281",201900005427,138 296 317,B01,3,1,0,2,1,1,5,NULL,201900005427,138 296 316,A01,1,1,1,1,1945,0,1,0,-1,-1,0,-1,201900005427,4,"BOULEVARD HENRI VASNIER",0,NULL,2,0,1,1,(1),(1),1,NULL,NULL,1,0,1,50
201900005427,25,11,2019,18:13:00,5,51,51454,2,9,1,3,"BOULEVARD HENRI VASNIER","49,2476682","4,0443281",201900005427,138 296 317,B01,3,1,0,2,1,1,5,NULL,201900005427,138 296 317,B01,1,1,4,1,1999,5,8,8,-1,-1,0,-1,201900005427,4,"BOULEVARD HENRI VASNIER",0,NULL,2,0,1,1,(1),(1),1,NULL,NULL,1,0,1,50
201900005471,25,11,2019,20:00:00,5,75,75119,2,1,1,3,"RUE DE L OURCQ","48,8930387","2,3776844",201900005471,138 296 232,B01,1,1,0,2,1,7,5,NULL,201900005471,138 296 231,A01,1,1,1,2,1998,9,1,0,-1,0,0,-1,201900005471,4,"RUE DE L OURCQ",0,NULL,1,2,3,1,83,0,1,NULL,NULL,1,-1,6,50
201900005471,25,11,2019,20:00:00,5,75,75119,2,1,1,3,"RUE DE L OURCQ","48,8930387","2,3776844",201900005471,138 296 232,B01,1,1,0,2,1,7,5,NULL,201900005471,138 296 232,B01,1,1,4,1,1988,9,8,2,-1,0,0,-1,201900005471,4,"RUE DE L OURCQ",0,NULL,1,2,3,1,83,0,1,NULL,NULL,1,-1,6,50
201900005482,24,11,2019,10:30:00,1,92,92072,2,1,1,2,"Rond Point des Bruyères","48,8116305","2,2114634",201900005482,138 296 211,B01,3,1,0,2,4,1,5,NULL,201900005482,138 296 210,A01,1,1,1,1,1991,5,8,0,-1,-1,0,-1,201900005482,3,181,0,NULL,-1,2,0,1,0,0,2,NULL,NULL,1,0,1,50
201900005482,24,11,2019,10:30:00,1,92,92072,2,1,1,2,"Rond Point des Bruyères","48,8116305","2,2114634",201900005482,138 296 211,B01,3,1,0,2,4,1,5,NULL,201900005482,138 296 211,B01,1,1,4,1,1959,5,2,0,-1,-1,0,-1,201900005482,3,181,0,NULL,-1,2,0,1,0,0,2,NULL,NULL,1,0,1,50
201900005506,9,11,2019,19:30:00,5,92,92036,2,2,1,3,"CROIX DE VIGNES (RUE)","48,9286590","2,2995180",201900005506,138 296 167,A01,1,1,0,2,0,17,5,NULL,201900005506,138 296 166,B01,1,1,1,2,1987,0,1,8,-1,-1,0,-1,201900005506,3,911,0,NULL,2,2,0,1,0,0,1,NULL,NULL,1,0,1,50
201900005506,9,11,2019,19:30:00,5,92,92036,2,2,1,3,"CROIX DE VIGNES (RUE)","48,9286590","2,2995180",201900005506,138 296 167,A01,1,1,0,2,0,17,5,NULL,201900005506,138 296 167,A01,1,1,4,1,1997,0,2,0,-1,-1,0,-1,201900005506,3,911,0,NULL,2,2,0,1,0,0,1,NULL,NULL,1,0,1,50
201900005508,31,12,2019,14:15:00,1,54,54323,2,1,1,3,"RAYMOND POINCARE (AVENUE)","49,5251800","5,7737330",201900005508,138 296 163,B01,2,1,0,2,6,1,5,NULL,201900005508,138 296 162,A01,1,1,1,1,1954,5,1,0,-1,0,0,-1,201900005508,4,"RAYMOND POINCARE (AVENUE)",0,NULL,2,2,0,1,0,0,2,NULL,NULL,1,0,1,50
201900005508,31,12,2019,14:15:00,1,54,54323,2,1,1,3,"RAYMOND POINCARE (AVENUE)","49,5251800","5,7737330",201900005508,138 296 163,B01,2,1,0,2,6,1,5,NULL,201900005508,138 296 163,B01,1,1,4,1,1959,5,2,0,-1,-1," -1",-1,201900005508,4,"RAYMOND POINCARE (AVENUE)",0,NULL,2,2,0,1,0,0,2,NULL,NULL,1,0,1,50
201900005520,17,8,2019,20:30:00,2,75,75110,2,3,3,3,"RUE DU FAUBOURG SAINT MARTIN","48,8804013","2,3643155",201900005520,138 296 144,B01,2,1,0,2,7,15,5,NULL,201900005520,138 296 143,A01,1,1,4,2,1977,9,2,6,-1,0,0,-1,201900005520,4,"RUE DU FAUBOURG SAINT MARTIN",0,NULL,2,2,0,1,0,0,1,NULL,NULL,2,0,1,50
201900005520,17,8,2019,20:30:00,2,75,75110,2,3,3,3,"RUE DU FAUBOURG SAINT MARTIN","48,8804013","2,3643155",201900005520,138 296 144,B01,2,1,0,2,7,15,5,NULL,201900005520,138 296 144,B01,1,1,1,1,1999,4,2,0,-1,0,0,-1,201900005520,4,"RUE DU FAUBOURG SAINT MARTIN",0,NULL,2,2,0,1,0,0,1,NULL,NULL,2,0,1,50
201900005528,4,5,2019,07:00:00,1,971,97125,1,1,1,4,D118,"16,2514390"," -61,2099950",201900005528,138 296 123,B01,1,1,0,2,4,1,5,NULL,201900005528,138 296 122,C01,1,1,4,1,1968,5,2,-1,-1,0,0,-1,201900005528,3,118,0,D,2,2,0,1,9,550,1,NULL,NULL,1,0,1,-1
201900005528,4,5,2019,07:00:00,1,971,97125,1,1,1,4,D118,"16,2514390"," -61,2099950",201900005528,138 296 122,C01,1,1,0,2,4,1,5,NULL,201900005528,138 296 122,C01,1,1,4,1,1968,5,2,-1,-1,0,0,-1,201900005528,3,118,0,D,2,2,0,1,9,550,1,NULL,NULL,1,0,1,-1
201900005528,4,5,2019,07:00:00,1,971,97125,1,1,1,4,D118,"16,2514390"," -61,2099950",201900005528,138 296 123,B01,1,1,0,2,4,1,5,NULL,201900005528,138 296 123,B01,1,1,3,1,1962,5,2,-1,-1,0,0,-1,201900005528,3,118,0,D,2,2,0,1,9,550,1,NULL,NULL,1,0,1,-1
201900005528,4,5,2019,07:00:00,1,971,97125,1,1,1,4,D118,"16,2514390"," -61,2099950",201900005528,138 296 122,C01,1,1,0,2,4,1,5,NULL,201900005528,138 296 123,B01,1,1,3,1,1962,5,2,-1,-1,0,0,-1,201900005528,3,118,0,D,2,2,0,1,9,550,1,NULL,NULL,1,0,1,-1
201900005528,4,5,2019,07:00:00,1,971,97125,1,1,1,4,D118,"16,2514390"," -61,2099950",201900005528,138 296 123,B01,1,1,0,2,4,1,5,NULL,201900005528,138 296 124,A01,1,1,1,1,1994,5,1,-1,-1,0,0,-1,201900005528,3,118,0,D,2,2,0,1,9,550,1,NULL,NULL,1,0,1,-1
201900005528,4,5,2019,07:00:00,1,971,97125,1,1,1,4,D118,"16,2514390"," -61,2099950",201900005528,138 296 122,C01,1,1,0,2,4,1,5,NULL,201900005528,138 296 124,A01,1,1,1,1,1994,5,1,-1,-1,0,0,-1,201900005528,3,118,0,D,2,2,0,1,9,550,1,NULL,NULL,1,0,1,-1
201900005534,17,6,2019,10:42:00,1,6,06029,2,1,2,6,"SOURCE (BOULEVARD DE LA)","43,5462570","7,0462980",201900005534,138 296 112,B01,1,1,0,9,1,1,6,NULL,201900005534,138 296 112,B01,1,1,2,1,1943,5,2,8,-1,0,0,-1,201900005534,4,"SOURCE (BOULEVARD DE LA)",0,NULL,2,2,0,1,0,0,1,NULL,NULL,1,0,1,50
201900005534,17,6,2019,10:42:00,1,6,06029,2,1,2,6,"SOURCE (BOULEVARD DE LA)","43,5462570","7,0462980",201900005534,138 296 112,B01,1,1,0,9,1,1,6,NULL,201900005534,138 296 113,A01,1,1,1,1,1948,5,2,8,-1,0,0,-1,201900005534,4,"SOURCE (BOULEVARD DE LA)",0,NULL,2,2,0,1,0,0,1,NULL,NULL,1,0,1,50
201900005542,14,7,2019,10:30:00,1,73,73191,1,1,1,2,D921,"45,5992209","5,7663530",201900005542,138 296 099,B01,1,1,0,2,4,2,5,NULL,201900005542,138 296 098,A01,1,1,1,2,1957,0,-1,-1,-1,0,0,-1,201900005542,3,921,0,NULL,2,2,0,2,32,900,1,NULL,NULL,1,0,1,80
201900005542,14,7,2019,10:30:00,1,73,73191,1,1,1,2,D921,"45,5992209","5,7663530",201900005542,138 296 099,B01,1,1,0,2,4,2,5,NULL,201900005542,138 296 099,B01,1,1,3,1,1939,5,-1,-1,-1,0,0,-1,201900005542,3,921,0,NULL,2,2,0,2,32,900,1,NULL,NULL,1,0,1,80
201900005572,22,11,2019,17:00:00,1,22,22278,2,6,1,6,"MAZIER (ANTOINE)","48,5140700"," -2,7424000",201900005572,138 296 050,A01,3,1,0,2,1,26,5,NULL,201900005572,138 296 050,A01,1,1,4,2,1990,9,8,0,-1,-1," -1",-1,201900005572,4,"MAZIER (ANTOINE)",0,NULL,2,2,0,1,0,0,1,NULL,NULL,1,0,1,30
201900005662,1,8,2019,11:45:00,1,78,78269,1,1,1,3,"D 150","48,6174100","1,8163100",201900005662,138 295 882,B01,1,1,0,2,3,1,0,NULL,201900005662,138 295 881,A01,1,1,1,1,1993,1,1,8,-1,-1," -1",-1,201900005662,3,150,0,NULL,2,2,0,1,2,710,1,NULL,NULL,1,0,1,80
201900005662,1,8,2019,11:45:00,1,78,78269,1,1,1,3,"D 150","48,6174100","1,8163100",201900005662,138 295 882,B01,1,1,0,2,3,1,0,NULL,201900005662,138 295 882,B01,1,1,4,1,1959,5,2,8,-1,-1," -1",-1,201900005662,3,150,0,NULL,2,2,0,1,2,710,1,NULL,NULL,1,0,1,80