Num_Acc,jour,mois,an,hrmn,lum,dep,com,agg,int,atm,col,adr,lat,long,Num_Acc,id_vehicule,num_veh,senc,catv,obs,obsm,choc,manv,motor,occutc,Num_Acc,id_vehicule,num_veh,place,catu,grav,sexe,an_nais,trajet,secu1,secu2,secu3,locp,actp,etatp,Num_Acc,catr,voie,v1,v2,circ,nbv,vosp,prof,pr,pr1,plan,lartpc,larrout,surf,infra,situ,vma
201900005667,3,6,2019,15:10:00,1,69,69266,2,6,8,3,"ALBERT THOMAS    (Place)","45,7597439","4,8761111",201900005667,138 295 873,B01,3,1,0,2,1,0,0,NULL,201900005667,138 295 872,A01,1,1,1,1,1965,0,1,0,-1,-1," -1",-1,201900005667,4,"ALBERT THOMAS    (Place)",0,NULL,-1,0,0,1,0,0,1,NULL,NULL,1,0,1,50
201900005667,3,6,2019,15:10:00,1,69,69266,2,6,8,3,"ALBERT THOMAS    (Place)","45,7597439","4,8761111",201900005667,138 295 873,B01,3,1,0,2,1,0,0,NULL,201900005667,138 295 873,B01,1,1,4,1,1956,0,8,0,-1,-1,0,-1,201900005667,4,"ALBERT THOMAS    (Place)",0,NULL,-1,0,0,1,0,0,1,NULL,NULL,1,0,1,50
201900005668,28,11,2019,09:32:00,1,63,63032,2,1,2,2,"MONTANT (RUE DU)","45,7538100","3,0993600",201900005668,138 295 871,A01,1,1,0,2,1,1,5,NULL,201900005668,138 295 870,B01,1,1,1,1,1990,0,1,0,-1,-1," -1",-1,201900005668,4,"MONTANT (RUE DU)",0,NULL,2,2,0,1,(1),(1),1,NULL,NULL,2,0,1,50
201900005668,28,11,2019,09:32:00,1,63,63032,2,1,2,2,"MONTANT (RUE DU)","45,7538100","3,0993600",201900005668,138 295 871,A01,1,1,0,2,1,1,5,NULL,201900005668,138 295 871,A01,1,1,4,1,1998,0,2,6,-1,0,0,-1,201900005668,4,"MONTANT (RUE DU)",0,NULL,2,2,0,1,(1),(1),1,NULL,NULL,2,0,1,50
201900005675,26,8,2019,17:00:00,1,17,17300,2,2,1,3,"GUITON   AVENUE JEAN (9-165 et 4)","46,1597500"," -1,1657300",201900005675,138 295 857,B01,2,1,0,2,1,19,5,NULL,201900005675,138 295 857,B01,1,1,4,1,1978,1,8,0,-1,-1," -1",-1,201900005675,4,"GUITON   AVENUE JEAN (9-165 et 4)",0,NULL,2,2,0,1,1,0,1,NULL,NULL,1,9,1,50
201900005675,26,8,2019,17:00:00,1,17,17300,2,2,1,3,"GUITON   AVENUE JEAN (9-165 et 4)","46,1597500"," -1,1657300",201900005675,138 295 857,B01,2,1,0,2,1,19,5,NULL,201900005675,138 295 858,A01,1,1,1,1,1971,5,1,0,-1,-1," -1",-1,201900005675,4,"GUITON   AVENUE JEAN (9-165 et 4)",0,NULL,2,2,0,1,1,0,1,NULL,NULL,1,9,1,50
201900005676,7,7,2019,17:45:00,1,56,56121,2,1,1,7,"LECLERC ( BD GENERAL )","47,7486400"," -3,3653800",201900005676,138 295 856,A01,1,1,0,0,0,0,5,NULL,201900005676,138 295 856,A01,1,1,4,2,1977,0,8,0,-1,0,0,-1,201900005676,4,"LECLERC ( BD GENERAL )",0,NULL,-1,0,0,1,0,0,1,NULL,NULL,1,0,1,50
201900005685,7,6,2019,16:25:00,1,54,54395,2,3,1,3,"ARC ( RUE JEANNE D'N","48,6851000","6,1723200",201900005685,138 295 835,A01,0,1,0,2,1,14,5,NULL,201900005685,138 295 835,A01,1,1,4,2,1974,0,8,0,-1,-1,0,-1,201900005685,4,"ARC ( RUE JEANNE D'N",0,NULL,1,2,0,1,1,0,1,NULL,NULL,1,0,1,30
201900005685,7,6,2019,16:25:00,1,54,54395,2,3,1,3,"ARC ( RUE JEANNE D'N","48,6851000","6,1723200",201900005685,138 295 835,A01,0,1,0,2,1,14,5,NULL,201900005685,138 295 836,B01,1,1,1,2,1998,9,1,0,-1,-1,0,-1,201900005685,4,"ARC ( RUE JEANNE D'N",0,NULL,1,2,0,1,1,0,1,NULL,NULL,1,0,1,30
201900005694,7,7,2019,23:15:00,5,49,49007,2,1,1,6,POISSONNERIE,"47,4729300"," -0,5559700",201900005694,138 295 821,B01,1,1,1,0,1,1,5,NULL,201900005694,138 295 820,A01,1,1,1,1,1993,0,8,0,-1,-1,0,-1,201900005694,4,POISSONNERIE,0,NULL,2,2,0,1,0,0,1,NULL,NULL,1,0,1,50
201900005694,7,7,2019,23:15:00,5,49,49007,2,1,1,6,POISSONNERIE,"47,4729300"," -0,5559700",201900005694,138 295 821,B01,1,1,1,0,1,1,5,NULL,201900005694,138 295 821,B01,1,1,4,1,1979,0,8,0,-1,-1,0,-1,201900005694,4,POISSONNERIE,0,NULL,2,2,0,1,0,0,1,NULL,NULL,1,0,1,50
201900005695,6,7,2019,20:50:00,2,49,49015,2,1,1,7,"MENDES FRANCE AVENUE PIERRE","47,5025000"," -0,5857500",201900005695,138 295 819,A01,1,1,0,0,0,0,5,NULL,201900005695,138 295 819,A01,1,1,4,1,1986,0,8,0,-1,-1,0,-1,201900005695,4,"MENDES FRANCE AVENUE PIERRE",0,NULL,2,2,0,1,0,0,1,NULL,NULL,1,0,1,50
201900005697,8,7,2019,13:10:00,1,45,45147,2,1,1,3,"RUE DES FOSSES","47,9253620","1,9225670",201900005697,138 295 817,A01,2,1,0,0,0,0,0,NULL,201900005697,138 295 816,B01,1,1,4,2,1973,1,1,0,-1,0,0,-1,201900005697,4,"RUE DES FOSSES",0,NULL,2,2,2,1,(1),(1),1,NULL,NULL,1,0,1,50
201900005698,6,7,2019,20:30:00,1,45,45068,2,1,1,7,"RUE DU GUE AUX BICHES","48,0213930","2,7246810",201900005698,138 295 815,A01,0,1,0,0,0,0,5,NULL,201900005698,138 295 815,A01,1,1,4,1,1991,0,8,0,-1,0,0,-1,201900005698,4," RUE DU GUE AUX BICHES",0,NULL,2,2,0,1,(1),(1),2,NULL,NULL,1,0,1,50
201900005705,8,7,2019,14:03:00,1,37,37261,2,1,1,3,"BUFFON (RUE)","47,3933953","0,6906165",201900005705,138 295 803,B01,2,1,0,2,1,1,5,NULL,201900005705,138 295 802,A01,2,2,1,2,2000,1,1,0,-1,-1,0,-1,201900005705,4,"BUFFON (RUE)",0,NULL,1,1,1,1,0,0,1,NULL,NULL,1,0,1,50
201900005705,8,7,2019,14:03:00,1,37,37261,2,1,1,3,"BUFFON (RUE)","47,3933953","0,6906165",201900005705,138 295 803,B01,2,1,0,2,1,1,5,NULL,201900005705,138 295 802,A01,1,1,1,1,1965,1,1,0,-1,-1,0,-1,201900005705,4,"BUFFON (RUE)",0,NULL,1,1,1,1,0,0,1,NULL,NULL,1,0,1,50
201900005705,8,7,2019,14:03:00,1,37,37261,2,1,1,3,"BUFFON (RUE)","47,3933953","0,6906165",201900005705,138 295 803,B01,2,1,0,2,1,1,5,NULL,201900005705,138 295 803,B01,1,1,4,2,1985,1,8,0,-1,-1,0,-1,201900005705,4,"BUFFON (RUE)",0,NULL,1,1,1,1,0,0,1,NULL,NULL,1,0,1,50
201900005710,7,7,2019,18:20:00,1,35,35238,2,2,1,3,SAINT-HELIER,"48,1069100"," -1,6707500",201900005710,138 295 795,B01,1,1,0,2,7,1,5,NULL,201900005710,138 295 794,A01,1,1,1,1,1977,9,8,0,-1,-1,0,-1,201900005710,4,SAINT-HELIER,0,NULL,2,1,1,1,0,0,1,NULL,NULL,1,0,1,30
201900005710,7,7,2019,18:20:00,1,35,35238,2,2,1,3,SAINT-HELIER,"48,1069100"," -1,6707500",201900005710,138 295 795,B01,1,1,0,2,7,1,5,NULL,201900005710,138 295 795,B01,1,1,4,2,1957,5,2,0,-1,-1,0,-1,201900005710,4,SAINT-HELIER,0,NULL,2,1,1,1,0,0,1,NULL,NULL,1,0,1,30
201900005712,8,7,2019,13:59:00,1,34,34172,2,3,1,1,"REINE HELENE D'ITALIE (AVENUE DE LA)","43,6234300","3,8919900",201900005712,138 295 792,A01,2,1,0,2,1,1,5,NULL,201900005712,138 295 791,B01,1,1,1,2,1980,0,1,0,-1,0,0,-1,201900005712,4,"REINE HELENE D'ITALIE (AVENUE DE LA)",0,NULL,1,1,2,1,(1),(1),3,NULL,NULL,1,0,1,50
201900005712,8,7,2019,13:59:00,1,34,34172,2,3,1,1,"REINE HELENE D'ITALIE (AVENUE DE LA)","43,6234300","3,8919900",201900005712,138 295 792,A01,2,1,0,2,1,1,5,NULL,201900005712,138 295 792,A01,1,1,4,1,1942,0,8,0,-1,0,0,-1,201900005712,4,"REINE HELENE D'ITALIE (AVENUE DE LA)",0,NULL,1,1,2,1,(1),(1),3,NULL,NULL,1,0,1,50
201900005715,28,6,2019,16:35:00,1,33,33063,2,1,1,6,"RUE CAPDEVILLE - autobus articulé percute cycliste en le doublant","44,8438000"," -0,5871600",201900005715,138 295 785,B01,2,1,0,0,3,1,5,NULL,201900005715,138 295 785,B01,1,1,4,1,1956,0,8,0,-1,-1," -1",-1,201900005715,4,"RUE CAPDEVILLE",0,NULL,2,2,0,1,0,0,1,NULL,NULL,1,0,1,30
201900005715,28,6,2019,16:35:00,1,33,33063,2,1,1,6,"RUE CAPDEVILLE - autobus articulé percute cycliste en le doublant","44,8438000"," -0,5871600",201900005715,138 295 785,B01,2,1,0,0,3,1,5,NULL,201900005715,138 295 786,A01,1,1,1,1,1972,4,8,0,-1,-1," -1",-1,201900005715,4,"RUE CAPDEVILLE",0,NULL,2,2,0,1,0,0,1,NULL,NULL,1,0,1,30
201900005728,7,7,2019,14:00:00,1,12,12089,2,1,1,2,"AOUT (PLACE DU 10 )","44,5584000","2,2546700",201900005728,138 295 764,A01,3,1,0,2,1,2,5,NULL,201900005728,138 295 763,B01,1,1,1,1,1973,5,1,0,-1,-1,0,-1,201900005728,6,"AOUT (PLACE DU 10 )",0,NULL,-1,-1,0,1,0,0,1,NULL,NULL,1,0,1,50
201900005728,7,7,2019,14:00:00,1,12,12089,2,1,1,2,"AOUT (PLACE DU 10 )","44,5584000","2,2546700",201900005728,138 295 764,A01,3,1,0,2,1,2,5,NULL,201900005728,138 295 764,A01,1,1,3,1,2005,5,2,-1,-1,0,0,-1,201900005728,6,"AOUT (PLACE DU 10 )",0,NULL,-1,-1,0,1,0,0,1,NULL,NULL,1,0,1,50
201900005732,8,7,2019,14:50:00,1,6,06088,2,1,1,2,"CASSIN (BD RENE)","43,6678350","7,2094040",201900005732,138 295 757,A01,1,1,0,2,0,13,6,NULL,201900005732,138 295 756,B01,1,1,4,1,1964,0,2,6,-1,0,0,-1,201900005732,4,"CASSIN (BD RENE)",0,NULL,1,1,0,1,0,0,1,NULL,NULL,1,0,1,50
201900005732,8,7,2019,14:50:00,1,6,06088,2,1,1,2,"CASSIN (BD RENE)","43,6678350","7,2094040",201900005732,138 295 757,A01,1,1,0,2,0,13,6,NULL,201900005732,138 295 757,A01,1,1,1,1,1957,5,2,8,-1,0,0,-1,201900005732,4,"CASSIN (BD RENE)",0,NULL,1,1,0,1,0,0,1,NULL,NULL,1,0,1,50
201900005746,8,7,2019,09:40:00,1,75,75110,2,1,1,2,"RUE DE METZ","48,8708420","2,3539360",201900005746,138 295 731,B01,1,1,0,2,6,14,5,NULL,201900005746,138 295 731,B01,1,1,1,2,1984,1,2,0,-1,0,0,-1,201900005746,4,"RUE DE METZ",0,NULL,1,1,0,1,0,0,1,NULL,NULL,1,0,1,30
201900005746,8,7,2019,09:40:00,1,75,75110,2,1,1,2,"RUE DE METZ","48,8708420","2,3539360",201900005746,138 295 731,B01,1,1,0,2,6,14,5,NULL,201900005746,138 295 732,A01,1,1,4,1,1986,1,2,6,-1,0,0,-1,201900005746,4,"RUE DE METZ",0,NULL,1,1,0,1,0,0,1,NULL,NULL,1,0,1,30
201900005747,8,7,2019,20:15:00,1,75,75108,2,7,1,5,"AVENUE DES CHAMPS ELYSEES","48,8677560","2,3139680",201900005747,138 295 728,C01,1,1,0,2,3,23,5,NULL,201900005747,138 295 728,C01,1,1,4,1,1970,9,2,0,-1,0,0,-1,201900005747,4,"AVENUE DES CHAMPS ELYSEES",0,NULL,2,6,1,1,0,0,1,NULL,NULL,1,0,1,50
201900005747,8,7,2019,20:15:00,1,75,75108,2,7,1,5,"AVENUE DES CHAMPS ELYSEES","48,8677560","2,3139680",201900005747,138 295 728,C01,1,1,0,2,3,23,5,NULL,201900005747,138 295 729,B01,1,1,4,1,1990,9,2,6,-1,0,0,-1,201900005747,4,"AVENUE DES CHAMPS ELYSEES",0,NULL,2,6,1,1,0,0,1,NULL,NULL,1,0,1,50
201900005747,8,7,2019,20:15:00,1,75,75108,2,7,1,5,"AVENUE DES CHAMPS ELYSEES","48,8677560","2,3139680",201900005747,138 295 728,C01,1,1,0,2,3,23,5,NULL,201900005747,138 295 730,A01,1,1,1,1,1969,9,1,0,-1,0,0,-1,201900005747,4,"AVENUE DES CHAMPS ELYSEES",0,NULL,2,6,1,1,0,0,1,NULL,NULL,1,0,1,50
201900005750,7,7,2019,02:00:00,5,75,75101,2,2,1,3,"QUAI FRANCOIS MITTERRAND","48,8601810","2,3332110",201900005750,138 295 723,A01,1,1,0,2,2,5,5,NULL,201900005750,138 295 723,A01,1,1,4,1,1995,5,2,0,-1,0,0,-1,201900005750,4,"QUAI FRANCOIS MITTERRAND",0,NULL,1,4,0,1,0,0,1,NULL,NULL,1,0,1,50
201900005750,7,7,2019,02:00:00,5,75,75101,2,2,1,3,"QUAI FRANCOIS MITTERRAND","48,8601810","2,3332110",201900005750,138 295 723,A01,1,1,0,2,2,5,5,NULL,201900005750,138 295 724,B01,1,1,1,1,1956,1,1,0,-1,0,0,-1,201900005750,4,"QUAI FRANCOIS MITTERRAND",0,NULL,1,4,0,1,0,0,1,NULL,NULL,1,0,1,50
201900005770,9,7,2019,10:45:00,1,83,83136,2,1,3,3,"Boulevard du 17 Août 1944","43,4541280","6,2989800",201900005770,138 295 693,B01,2,1,0,2,1,1,5,NULL,201900005770,138 295 693,B01,1,1,2,1,1988,5,2,-1,-1,0,0,-1,201900005770,3,79,NULL,NULL,2,2,0,2,17,200,1,NULL,NULL,2,0,1,50
201900005770,9,7,2019,10:45:00,1,83,83136,2,1,3,3,"Boulevard du 17 Août 1944","43,4541280","6,2989800",201900005770,138 295 693,B01,2,1,0,2,1,1,5,NULL,201900005770,138 295 694,A01,1,1,1,2,1933,3,1,-1,-1,0,0,-1,201900005770,3,79,NULL,NULL,2,2,0,2,17,200,1,NULL,NULL,2,0,1,50
201900005778,7,7,2019,17:00:00,1,56,56193,2,6,1,3,"Kerostin route de Port Louis","47,7216230"," -3,3331300",201900005778,138 295 681,B01,2,1,0,9,3,2,5,NULL,201900005778,138 295 681,B01,1,1,3,1,1996,5,2,-1,-1,0,0,-1,201900005778,3,781,NULL,NULL,2,2,0,1,11,385,4,NULL,NULL,1,0,1,50
201900005790,8,7,2019,15:45:00,1,68,68094,2,4,1,3,"Rue de hesingue","47,5518730","7,4491510",201900005790,138 295 661,B01,2,1,0,2,6,0,5,NULL,201900005790,138 295 661,B01,1,1,3,1,1996,5,2,-1,-1,0,0,-1,201900005790,3,473,0,NULL,2,2,0,2,28,270,2,NULL,NULL,1,0,1,50
201900005790,8,7,2019,15:45:00,1,68,68094,2,4,1,3,"Rue de hesingue","47,5518730","7,4491510",201900005790,138 295 661,B01,2,1,0,2,6,0,5,NULL,201900005790,138 295 662,A01,1,1,1,1,1966,1,1,-1,-1,0,0,-1,201900005790,3,473,0,NULL,2,2,0,2,28,270,2,NULL,NULL,1,0,1,50
201900005795,7,7,2019,16:20:00,1,35,35361,2,3,7,3,"Rond-Point du Centre","48,6028625"," -1,7748411",201900005795,138 295 652,B01,2,1,0,2,1,1,5,NULL,201900005795,138 295 652,B01,1,1,4,1,1989,5,2,-1,-1,0,0,-1,201900005795,3,155,NULL,NULL,2,2,0,1,55,730,1,NULL,NULL,1,5,1,50
201900005795,7,7,2019,16:20:00,1,35,35361,2,3,7,3,"Rond-Point du Centre","48,6028625"," -1,7748411",201900005795,138 295 652,B01,2,1,0,2,1,1,5,NULL,201900005795,138 295 653,A01,1,1,1,1,1973,5,1,-1,-1,0,0,-1,201900005795,3,155,NULL,NULL,2,2,0,1,55,730,1,NULL,NULL,1,5,1,50
201900005818,5,7,2019,09:30:00,1,77,77317,1,1,1,3,"RD 227 PK 5+770","48,5905700","2,8929700",201900005818,138 295 613,B01,1,1,0,2,4,13,5,NULL,201900005818,138 295 612,A01,1,1,1,1,1958,0,1,-1,-1,0,0,-1,201900005818,3,227,NULL,NULL,2,2,0,1,5,770,1,NULL,NULL,1,0,1,80
201900005818,5,7,2019,09:30:00,1,77,77317,1,1,1,3,"RD 227 PK 5+770","48,5905700","2,8929700",201900005818,138 295 613,B01,1,1,0,2,4,13,5,NULL,201900005818,138 295 613,B01,1,1,4,1,1956,5,2,-1,-1,0,0,-1,201900005818,3,227,NULL,NULL,2,2,0,1,5,770,1,NULL,NULL,1,0,1,80
201900005821,9,7,2019,10:15:00,1,38,38135,2,1,1,6,"Montée du Fayard","45,7757290","5,3812220",201900005821,138 295 608,A01,3,1,6,0,1,1,5,NULL,201900005821,138 295 608,A01,1,1,3,1,1958,5,2,-1,-1,0,0,-1,201900005821,4,NULL,NULL,NULL,2,2,0,2,(1),(1),1,NULL,NULL,1,0,3,50
201900005824,9,7,2019,07:15:00,1,85,85226,1,1,1,2,"107 Route du Pissot","46,7402000"," -1,9533800",201900005824,138 295 602,B01,1,1,0,0,4,2,5,NULL,201900005824,138 295 602,B01,1,1,2,1,1952,5,2,-1,-1,0,0,-1,201900005824,3,38,NULL,NULL,2,2,0,1,27,180,1,NULL,NULL,1,0,1,80
201900005824,9,7,2019,07:15:00,1,85,85226,1,1,1,2,"107 Route du Pissot","46,7402000"," -1,9533800",201900005824,138 295 602,B01,1,1,0,0,4,2,5,NULL,201900005824,138 295 603,A01,1,1,1,1,1982,1,1,-1,-1,0,0,-1,201900005824,3,38,NULL,NULL,2,2,0,1,27,180,1,NULL,NULL,1,0,1,80
201900005859,7,7,2019,16:20:00,1,91,91589,2,6,1,3,"ARMEE LECLERC (AVENUE DE L')","48,6904500","2,3392900",201900005859,138 295 536,A01,3,1,0,2,1,9,0,NULL,201900005859,138 295 536,A01,1,1,4,1,1990,5,8,0,-1,0,0,-1,201900005859,4,"ARMEE LECLERC (AVENUE DE L')",0,NULL,1,1,0,1,0,0,1,NULL,NULL,1,0,3,50
201900005859,7,7,2019,16:20:00,1,91,91589,2,6,1,3,"ARMEE LECLERC (AVENUE DE L')","48,6904500","2,3392900",201900005859,138 295 536,A01,3,1,0,2,1,9,0,NULL,201900005859,138 295 537,B01,1,1,1,1,1996,5,1,8,-1,0,0,-1,201900005859,4,"ARMEE LECLERC (AVENUE DE L')",0,NULL,1,1,0,1,0,0,1,NULL,NULL,1,0,3,50
201900005870,14,9,2019,16:00:00,1,18,18216,1,1,1,7,"Route déparementle 925","46,7656350","2,1125770",201900005870,138 295 519,A01,1,1,0,0,0,0,5,NULL,201900005870,138 295 519,A01,1,1,3,1,1968,5,0,-1,-1,0,0,-1,201900005870,3,925,NULL,NULL,2,2,0,2,29,500,1,NULL,NULL,1,0,1,80
201900005894,19,9,2019,15:45:00,1,60,60317,1,3,1,3,D12,"49,3323610","2,3090870",201900005894,138 295 478,A01,1,1,0,2,7,15,5,NULL,201900005894,138 295 478,A01,1,1,2,1,1955,5,2,-1,-1,0,0,-1,201900005894,3,12,0,NULL,2,2,0,1,16,239,1,NULL,NULL,1,9,1,80
201900005894,19,9,2019,15:45:00,1,60,60317,1,3,1,3,D12,"49,3323610","2,3090870",201900005894,138 295 478,A01,1,1,0,2,7,15,5,NULL,201900005894,138 295 479,B01,1,1,1,1,1986,5,8,-1,-1,0,0,-1,201900005894,3,12,0,NULL,2,2,0,1,16,239,1,NULL,NULL,1,9,1,80
201900005894,19,9,2019,15:45:00,1,60,60317,1,3,1,3,D12,"49,3323610","2,3090870",201900005894,138 295 478,A01,1,1,0,2,7,15,5,NULL,201900005894,138 295 479,B01,2,2,1,2,1990,5,8,-1,-1,0,0,-1,201900005894,3,12,0,NULL,2,2,0,1,16,239,1,NULL,NULL,1,9,1,80
201900005924,17,9,2019,06:27:00,2,13,13206,2,3,1,3,"TOULON (AVENUE DE)","43,2850300","5,3896900",201900005924,138 295 418,B01,1,1,0,2,1,1,5,NULL,201900005924,138 295 417,A01,1,1,1,1,1968,4,1,0,-1,-1," -1",-1,201900005924,4,"TOULON (AVENUE DE)",0,NULL,3,1,3,2,0,0,1,NULL,NULL,1,0,1,50
201900005924,17,9,2019,06:27:00,2,13,13206,2,3,1,3,"TOULON (AVENUE DE)","43,2850300","5,3896900",201900005924,138 295 418,B01,1,1,0,2,1,1,5,NULL,201900005924,138 295 418,B01,1,1,3,1,1975,1,8,0,-1,-1," -1",-1,201900005924,4,"TOULON (AVENUE DE)",0,NULL,3,1,3,2,0,0,1,NULL,NULL,1,0,1,50
201900005929,17,9,2019,17:15:00,1,69,69383,2,3,1,3,"AUBIGNY (D')                        (R )","45,7613000","4,8673800",201900005929,138 295 406,B01,2,1,0,2,1,1,0,NULL,201900005929,138 295 406,B01,1,1,4,1,1976,0,8,0,-1,-1,0,-1,201900005929,4,"AUBIGNY (D')                        (R )",0,NULL,1,3,1,1,1,0,1,NULL,NULL,1,8,1,50
201900005929,17,9,2019,17:15:00,1,69,69383,2,3,1,3,"AUBIGNY (D')                        (R )","45,7613000","4,8673800",201900005929,138 295 406,B01,2,1,0,2,1,1,0,NULL,201900005929,138 295 407,A01,1,1,1,1,2000,0,8,0,-1,-1,0,-1,201900005929,4,"AUBIGNY (D')                        (R )",0,NULL,1,3,1,1,1,0,1,NULL,NULL,1,8,1,50
201900005932,17,9,2019,17:40:00,1,69,69385,2,1,1,2,"ANTIQUAILLE (DE L')                 (R )","45,7582500","4,8211000",201900005932,138 295 402,A01,2,1,0,2,1,2,5,NULL,201900005932,138 295 402,A01,1,1,4,1,1989,4,2,0,-1,-1," -1",-1,201900005932,4,"ANTIQUAILLE (DE L')                 (R )",0,NULL,2,2,0,4,0,0,1,NULL,NULL,1,0,1,50
201900005932,17,9,2019,17:40:00,1,69,69385,2,1,1,2,"ANTIQUAILLE (DE L')                 (R )","45,7582500","4,8211000",201900005932,138 295 402,A01,2,1,0,2,1,2,5,NULL,201900005932,138 295 403,B01,1,1,1,1,1965,5,1,0,-1,-1,0,-1,201900005932,4,"ANTIQUAILLE (DE L')                 (R )",0,NULL,2,2,0,4,0,0,1,NULL,NULL,1,0,1,50
201900005940,17,9,2019,07:50:00,1,77,77118,2,1,1,3,"8 MAI 1945 (RUE DU)","48,9486000","2,6792100",201900005940,138 295 382,B01,3,1,0,2,4,26,0,NULL,201900005940,138 295 382,B01,1,1,4,1,2008,2,8,0,-1,-1,0,-1,201900005940,4,"8 MAI 1945 (RUE DU)",0,NULL,2,2,0,1,1,0,1,NULL,NULL,1,0,1,30
201900005940,17,9,2019,07:50:00,1,77,77118,2,1,1,3,"8 MAI 1945 (RUE DU)","48,9486000","2,6792100",201900005940,138 295 382,B01,3,1,0,2,4,26,0,NULL,201900005940,138 295 383,A01,1,1,1,1,1983,0,1,0,-1,-1," -1",-1,201900005940,4,"8 MAI 1945 (RUE DU)",0,NULL,2,2,0,1,1,0,1,NULL,NULL,1,0,1,30
201900005945,16,9,2019,10:30:00,1,71,71270,2,3,1,3,"EUROPE (RUE DE L')","46,3004300","4,8242600",201900005945,138 295 372,A01,3,1,0,2,1,19,5,NULL,201900005945,138 295 371,B01,1,1,1,1,1951,9,1,8,-1,0,0,-1,201900005945,4,"EUROPE (RUE DE L')",0,NULL,1,1,2,2,0,0,1,NULL,NULL,1,0,1,30
201900005945,16,9,2019,10:30:00,1,71,71270,2,3,1,3,"EUROPE (RUE DE L')","46,3004300","4,8242600",201900005945,138 295 372,A01,3,1,0,2,1,19,5,NULL,201900005945,138 295 372,A01,1,1,4,1,2000,0,8,0,-1,0,0,-1,201900005945,4,"EUROPE (RUE DE L')",0,NULL,1,1,2,2,0,0,1,NULL,NULL,1,0,1,30
201900005950,16,9,2019,22:00:00,5,67,67482,2,3,1,3,"LANGUEDOC (RUE DU)","48,5459140","7,7569180",201900005950,138 295 362,B01,2,1,0,2,0,15,2,NULL,201900005950,138 295 361,A01,1,1,1,1,1943,0,8,0,-1,-1,0,-1,201900005950,4,"PROVENCE (RUE DE)",0,NULL,2,2,0,1,0,0,1,NULL,NULL,1,0,1,50
201900005950,16,9,2019,22:00:00,5,67,67482,2,3,1,3,"LANGUEDOC (RUE DU)","48,5459140","7,7569180",201900005950,138 295 361,A01,1,1,0,2,0,1,5,NULL,201900005950,138 295 361,A01,1,1,1,1,1943,0,8,0,-1,-1,0,-1,201900005950,4,"PROVENCE (RUE DE)",0,NULL,2,2,0,1,0,0,1,NULL,NULL,1,0,1,50
201900005950,16,9,2019,22:00:00,5,67,67482,2,3,1,3,"LANGUEDOC (RUE DU)","48,5459140","7,7569180",201900005950,138 295 362,B01,2,1,0,2,0,15,2,NULL,201900005950,138 295 362,B01,1,1,4,1,1968,0,8,0,-1,-1,0,-1,201900005950,4,"PROVENCE (RUE DE)",0,NULL,2,2,0,1,0,0,1,NULL,NULL,1,0,1,50
201900005950,16,9,2019,22:00:00,5,67,67482,2,3,1,3,"LANGUEDOC (RUE DU)","48,5459140","7,7569180",201900005950,138 295 361,A01,1,1,0,2,0,1,5,NULL,201900005950,138 295 362,B01,1,1,4,1,1968,0,8,0,-1,-1,0,-1,201900005950,4,"PROVENCE (RUE DE)",0,NULL,2,2,0,1,0,0,1,NULL,NULL,1,0,1,50
201900005952,15,9,2019,21:50:00,5,67,67482,2,1,1,1,"ROMAINS (ROUTE DES)","48,5784600","7,7086100",201900005952,138 295 359,A01,1,1,0,2,8,5,5,NULL,201900005952,138 295 358,B01,1,1,4,1,1976,5,1,8,-1,-1,0,-1,201900005952,4,"ROMAINS (ROUTE DES)",0,NULL,3,1,1,1,0,0,1,NULL,NULL,1,8,1,30
201900005952,15,9,2019,21:50:00,5,67,67482,2,1,1,1,"ROMAINS (ROUTE DES)","48,5784600","7,7086100",201900005952,138 295 359,A01,1,1,0,2,8,5,5,NULL,201900005952,138 295 359,A01,1,1,4,1,1972,0,8,0,-1,-1,0,-1,201900005952,4,"ROMAINS (ROUTE DES)",0,NULL,3,1,1,1,0,0,1,NULL,NULL,1,8,1,30
201900005954,14,9,2019,14:00:00,1,67,67204,1,6,1,3,"TROIS MAIRES (RUE DES)","48,6386780","7,7809400",201900005954,138 295 354,B01,2,1,0,2,1,19,5,NULL,201900005954,138 295 354,B01,1,1,4,2,1997,0,8,0,-1,-1,0,-1,201900005954,4,"TROIS MAIRES (RUE DES)",0,NULL,3,2,2,1,0,0,3,NULL,NULL,1,0,1,70
201900005954,14,9,2019,14:00:00,1,67,67204,1,6,1,3,"TROIS MAIRES (RUE DES)","48,6386780","7,7809400",201900005954,138 295 354,B01,2,1,0,2,1,19,5,NULL,201900005954,138 295 355,A01,1,1,1,2,1961,0,1,8,-1,-1,0,-1,201900005954,4,"TROIS MAIRES (RUE DES)",0,NULL,3,2,2,1,0,0,3,NULL,NULL,1,0,1,70
201900005959,17,9,2019,14:05:00,1,64,64445,2,3,1,3,"ALLEES DE MORLAAS DES","43,3038000"," -0,3509000",201900005959,138 295 346,B01,1,1,0,2,1,1,5,NULL,201900005959,138 295 346,B01,1,1,4,1,1923,0,8,0,-1,0,0,-1,201900005959,4,"TILLEULS DES",0,NULL,2,1,0,1,0,0,1,NULL,NULL,1,0,1,50
201900005959,17,9,2019,14:05:00,1,64,64445,2,3,1,3,"ALLEES DE MORLAAS DES","43,3038000"," -0,3509000",201900005959,138 295 346,B01,1,1,0,2,1,1,5,NULL,201900005959,138 295 347,A01,1,1,1,1,1946,0,1,0,-1,0,0,-1,201900005959,4,"TILLEULS DES",0,NULL,2,1,0,1,0,0,1,NULL,NULL,1,0,1,50