Num_Acc,jour,mois,an,hrmn,lum,dep,com,agg,int,atm,col,adr,lat,long,Num_Acc,id_vehicule,num_veh,senc,catv,obs,obsm,choc,manv,motor,occutc,Num_Acc,id_vehicule,num_veh,place,catu,grav,sexe,an_nais,trajet,secu1,secu2,secu3,locp,actp,etatp,Num_Acc,catr,voie,v1,v2,circ,nbv,vosp,prof,pr,pr1,plan,lartpc,larrout,surf,infra,situ,vma
201900005976,6,3,2019,15:00:00,1,54,54395,2,1,2,1,"BOFFRAND (AVENUE)","48,6815600","6,1721010",201900005976,138 295 310,Y01,1,1,0,2,1,5,5,NULL,201900005976,138 295 309,A01,1,1,1,1,1969,0,1,0,-1,-1,0,-1,201900005976,4,"BOFFRAND (AVENUE)",0,NULL,1,1,0,1,0,0,2,NULL,NULL,2,0,1,30
201900005976,6,3,2019,15:00:00,1,54,54395,2,1,2,1,"BOFFRAND (AVENUE)","48,6815600","6,1721010",201900005976,138 295 310,Y01,1,1,0,2,1,5,5,NULL,201900005976,138 295 310,Y01,1,1,4,1,1991,0,2,0,-1,-1,0,-1,201900005976,4,"BOFFRAND (AVENUE)",0,NULL,1,1,0,1,0,0,2,NULL,NULL,2,0,1,30
201900005981,16,9,2019,10:19:00,1,49,49007,2,1,1,7,FULTON,"47,4637200"," -0,5566900",201900005981,138 295 298,A01,1,1,0,0,1,0,5,NULL,201900005981,138 295 298,A01,1,1,4,1,1991,0,8,0,-1,-1," -1",-1,201900005981,4,FULTON,0,NULL,2,2,0,1,0,0,1,NULL,NULL,1,0,1,30
201900005983,15,9,2019,14:22:00,1,49,49007,2,1,1,2,"BON PASTEUR BOULEVARD","47,4701200"," -0,5689500",201900005983,138 295 295,B01,1,1,0,2,4,0,5,NULL,201900005983,138 295 295,B01,1,1,4,2,1990,5,8,0,-1,-1,0,-1,201900005983,4,"BON PASTEUR BOULEVARD",0,NULL,2,2,0,1,0,0,1,NULL,NULL,1,0,1,60
201900005983,15,9,2019,14:22:00,1,49,49007,2,1,1,2,"BON PASTEUR BOULEVARD","47,4701200"," -0,5689500",201900005983,138 295 295,B01,1,1,0,2,4,0,5,NULL,201900005983,138 295 296,A01,1,1,1,1,1933,5,1,8,-1,-1," -1",-1,201900005983,4,"BON PASTEUR BOULEVARD",0,NULL,2,2,0,1,0,0,1,NULL,NULL,1,0,1,60
201900005986,6,9,2019,10:45:00,1,44,44132,2,2,1,3,"AVENUES POULIGOU / PETIT CANON ","47,2490000"," -2,3080000",201900005986,138 295 287,B01,3,1,0,2,1,26,5,NULL,201900005986,138 295 286,A01,1,1,1,1,1928,3,1,0,-1,0,0,-1,201900005986,4,NULL,0,NULL,2,2,1,1,0,0,1,NULL,NULL,1,9,1,50
201900005986,6,9,2019,10:45:00,1,44,44132,2,2,1,3,"AVENUES POULIGOU / PETIT CANON ","47,2490000"," -2,3080000",201900005986,138 295 287,B01,3,1,0,2,1,26,5,NULL,201900005986,138 295 287,B01,2,1,4,2,1963,5,2,0,-1,0,0,-1,201900005986,4,NULL,0,NULL,2,2,1,1,0,0,1,NULL,NULL,1,9,1,50
201900005989,16,9,2019,15:00:00,1,33,33063,2,2,7,3,"Q. de Bacalan / Proximité R. Lucien Faure","44,8601690"," -0,5541700",201900005989,138 295 281,A01,0,1,0,-1,8,1,5,NULL,201900005989,138 295 281,A01,1,1,4,1,1998,0,8,0,-1,-1," -1",-1,201900005989,4,"QUAI DE BACALAN",0,NULL,3,6,3,1,0,0,1,NULL,NULL,1,4,6,50
201900005989,16,9,2019,15:00:00,1,33,33063,2,2,7,3,"Q. de Bacalan / Proximité R. Lucien Faure","44,8601690"," -0,5541700",201900005989,138 295 281,A01,0,1,0,-1,8,1,5,NULL,201900005989,138 295 282,B01,1,1,1,1,1981,4,8,0,-1,-1," -1",-1,201900005989,4,"QUAI DE BACALAN",0,NULL,3,6,3,1,0,0,1,NULL,NULL,1,4,6,50
201900005991,16,9,2019,18:15:00,1,31,31069,2,1,1,3,"GRENADE (ROUTE DE)","43,6343100","1,3912200",201900005991,138 295 278,B01,1,1,0,2,7,17,5,NULL,201900005991,138 295 277,A01,1,1,1,2,1968,1,1,0,-1,-1,0,-1,201900005991,3,2,0,NULL,1,1,0,2,0,0,1,NULL,NULL,1,0,1,50
201900005991,16,9,2019,18:15:00,1,31,31069,2,1,1,3,"GRENADE (ROUTE DE)","43,6343100","1,3912200",201900005991,138 295 278,B01,1,1,0,2,7,17,5,NULL,201900005991,138 295 278,B01,1,1,4,1,1994,1,2,0,-1,-1,0,-1,201900005991,3,2,0,NULL,1,1,0,2,0,0,1,NULL,NULL,1,0,1,50
201900005992,16,9,2019,21:40:00,5,31,31555,2,1,1,3,"ALL CHARLES DE FITTE","43,5961300","1,4320400",201900005992,138 295 276,A01,0,1,0,2,1,1,5,NULL,201900005992,138 295 276,A01,1,1,4,2,1959,9,8,0,-1,-1,0,-1,201900005992,4,NULL,0,NULL,3,4,0,1,0,0,1,NULL,NULL,1,0,1,50
201900006010,17,9,2019,17:20:00,1,6,06069,2,9,1,3,"PAGNOL (BOULEVARD MARCEL)","43,6438890","6,9473960",201900006010,138 295 237,B01,3,1,0,2,8,19,6,NULL,201900006010,138 295 236,A01,1,1,1,2,1977,1,1,0,-1,0,0,-1,201900006010,4,"PAGNOL (BOULEVARD MARCEL)",0,NULL,2,2,0,1,0,0,1,NULL,NULL,1,0,1,50
201900006010,17,9,2019,17:20:00,1,6,06069,2,9,1,3,"PAGNOL (BOULEVARD MARCEL)","43,6438890","6,9473960",201900006010,138 295 237,B01,3,1,0,2,8,19,6,NULL,201900006010,138 295 237,B01,2,1,4,1,2003,5,8,0,-1,0,0,-1,201900006010,4,"PAGNOL (BOULEVARD MARCEL)",0,NULL,2,2,0,1,0,0,1,NULL,NULL,1,0,1,50
201900006014,16,9,2019,19:30:00,2,5,05061,1,1,1,7,RD944,"44,6106100","6,1263800",201900006014,138 295 229,A01,2,1,0,0,1,1,5,NULL,201900006014,138 295 229,A01,1,1,3,1,1959,5,2,0,-1,0,0,-1,201900006014,3,944,0,NULL,2,2,0,2,5,298,3,NULL,NULL,9,0,1,80
201900006015,16,9,2019,08:00:00,1,5,05061,2,3,1,3,"MARECHAL FOCH ( AVENUE DU )","44,5630200","6,0862800",201900006015,138 295 228,B01,2,1,0,2,8,1,5,NULL,201900006015,138 295 227,A01,1,1,1,2,1966,4,1,0,-1,0,0,-1,201900006015,2,94,0,NULL,2,4,0,1,70,194,1,NULL,NULL,1,0,1,50
201900006015,16,9,2019,08:00:00,1,5,05061,2,3,1,3,"MARECHAL FOCH ( AVENUE DU )","44,5630200","6,0862800",201900006015,138 295 228,B01,2,1,0,2,8,1,5,NULL,201900006015,138 295 228,B01,1,1,3,1,1958,1,2,0,-1,-1,0,-1,201900006015,2,94,0,NULL,2,4,0,1,70,194,1,NULL,NULL,1,0,1,50
201900006021,17,9,2019,19:00:00,1,75,75106,2,1,1,3,"BOULEVARD SAINT GERMAIN","48,8520937","2,3393228",201900006021,138 295 218,B01,2,1,0,2,0,13,5,NULL,201900006021,138 295 217,A01,1,1,1,1,1995,4,1,-1,-1,0,0,-1,201900006021,4,"BOULEVARD SAINT GERMAIN",0,NULL,1,4,3,1,0,0,1,NULL,NULL,1,0,6,50
201900006021,17,9,2019,19:00:00,1,75,75106,2,1,1,3,"BOULEVARD SAINT GERMAIN","48,8520937","2,3393228",201900006021,138 295 218,B01,2,1,0,2,0,13,5,NULL,201900006021,138 295 218,B01,1,1,4,2,1996,5,8,0,-1,0,0,-1,201900006021,4,"BOULEVARD SAINT GERMAIN",0,NULL,1,4,3,1,0,0,1,NULL,NULL,1,0,6,50
201900006022,17,9,2019,08:15:00,1,75,75119,2,5,1,3,"RUE DAVID D ANGERS","48,8813270","2,3966890",201900006022,138 295 216,B01,1,1,0,2,7,15,5,NULL,201900006022,138 295 215,A01,1,1,1,1,1987,1,1,0,-1,0,0,-1,201900006022,4,"RUE DAVID D ANGERS",0,NULL,2,2,1,2,0,0,1,NULL,NULL,1,0,1,50
201900006022,17,9,2019,08:15:00,1,75,75119,2,5,1,3,"RUE DAVID D ANGERS","48,8813270","2,3966890",201900006022,138 295 216,B01,1,1,0,2,7,15,5,NULL,201900006022,138 295 216,B01,1,1,4,1,2006,2,8,0,-1,0,0,-1,201900006022,4,"RUE DAVID D ANGERS",0,NULL,2,2,1,2,0,0,1,NULL,NULL,1,0,1,50
201900006025,16,9,2019,08:35:00,1,75,75115,2,1,1,3,"RUE DU LAOS","48,8491750","2,3012870",201900006025,138 295 209,B01,1,1,0,2,1,1,5,NULL,201900006025,138 295 209,B01,1,1,4,2,1975,1,8,2,-1,0,0,-1,201900006025,4,"RUE DU LAOS",0,NULL,1,1,0,1,0,0,1,NULL,NULL,1,0,1,50
201900006025,16,9,2019,08:35:00,1,75,75115,2,1,1,3,"RUE DU LAOS","48,8491750","2,3012870",201900006025,138 295 209,B01,1,1,0,2,1,1,5,NULL,201900006025,138 295 210,A01,1,1,1,1,1971,4,1,0,-1,0,0,-1,201900006025,4,"RUE DU LAOS",0,NULL,1,1,0,1,0,0,1,NULL,NULL,1,0,1,50
201900006026,17,9,2019,19:45:00,2,75,75114,2,1,1,1,"RUE VERCINGETORIX","48,8312642","2,3090114",201900006026,138 295 208,B01,1,1,0,2,1,1,5,NULL,201900006026,138 295 207,A01,1,1,4,1,1985,5,8,-1,-1,0,0,-1,201900006026,4,"RUE VERCINGETORIX",0,NULL,2,2,1,1,0,0,1,NULL,NULL,1,8,5,50
201900006026,17,9,2019,19:45:00,2,75,75114,2,1,1,1,"RUE VERCINGETORIX","48,8312642","2,3090114",201900006026,138 295 208,B01,1,1,0,2,1,1,5,NULL,201900006026,138 295 208,B01,1,1,4,1,1977,1,8,-1,-1,0,0,-1,201900006026,4,"RUE VERCINGETORIX",0,NULL,2,2,1,1,0,0,1,NULL,NULL,1,8,5,50
201900006028,17,9,2019,16:35:00,1,75,75112,2,1,1,7,"BOULEVARD DIDEROT","48,8479050","2,3915380",201900006028,138 295 205,A01,3,1,0,0,2,21,5,NULL,201900006028,138 295 205,A01,1,1,3,1,1949,5,8,-1,-1,0,0,-1,201900006028,4,"BOULEVARD DIDEROT",0,NULL,2,2,1,1,0,0,1,NULL,NULL,1,0,5,30
201900006030,17,9,2019,06:31:00,2,75,75108,2,1,1,3,"RUE LA BOETIE","48,8718810","2,3084110",201900006030,138 295 203,B01,1,1,0,2,1,1,5,NULL,201900006030,138 295 202,A01,1,1,1,1,1969,4,1,0,-1,0,0,-1,201900006030,4,"RUE LA BOETIE",0,NULL,1,1,0,1,0,0,1,NULL,NULL,1,0,1,50
201900006030,17,9,2019,06:31:00,2,75,75108,2,1,1,3,"RUE LA BOETIE","48,8718810","2,3084110",201900006030,138 295 203,B01,1,1,0,2,1,1,5,NULL,201900006030,138 295 203,B01,1,1,4,1,1983,0,8,0,-1,0,0,-1,201900006030,4,"RUE LA BOETIE",0,NULL,1,1,0,1,0,0,1,NULL,NULL,1,0,1,50
201900006048,17,9,2019,18:30:00,1,92,92040,2,3,1,1,"PROFESSEUR CALMETTE (AVENUE DU)","48,8147600","2,2719400",201900006048,138 295 167,A01,2,1,0,2,1,1,5,NULL,201900006048,138 295 167,A01,1,1,4,1,1982,1,2,0,-1,-1,0,-1,201900006048,4,"PROFESSEUR CALMETTE (AVENUE DU)",0,NULL,2,2,0,2,0,0,1,NULL,NULL,1,0,1,50
201900006048,17,9,2019,18:30:00,1,92,92040,2,3,1,1,"PROFESSEUR CALMETTE (AVENUE DU)","48,8147600","2,2719400",201900006048,138 295 167,A01,2,1,0,2,1,1,5,NULL,201900006048,138 295 168,B01,1,1,1,2,1967,1,1,0,-1,-1,0,-1,201900006048,4,"PROFESSEUR CALMETTE (AVENUE DU)",0,NULL,2,2,0,2,0,0,1,NULL,NULL,1,0,1,50
201900006068,7,2,2019,20:45:00,5,24,24037,2,2,8,1,"RUE DU DOCTEUR ROUX","44,8616600","0,4966300",201900006068,138 295 127,B01,1,1,0,2,1,19,5,NULL,201900006068,138 295 127,B01,1,1,3,1,1984,9,8,0,-1,-1," -1",-1,201900006068,3,936,0,E,2,4,0,1,9,50,1,NULL,NULL,1,5,1,50
201900006068,7,2,2019,20:45:00,5,24,24037,2,2,8,1,"RUE DU DOCTEUR ROUX","44,8616600","0,4966300",201900006068,138 295 127,B01,1,1,0,2,1,19,5,NULL,201900006068,138 295 128,A01,1,1,1,2,1971,1,1,0,-1,-1," -1",-1,201900006068,3,936,0,E,2,4,0,1,9,50,1,NULL,NULL,1,5,1,50
201900006073,8,2,2019,17:35:00,1,17,17300,2,1,1,7,"SAINT-ELOI   RUE BASSE DE","46,1646550"," -1,1359040",201900006073,138 295 117,A01,1,1,0,0,1,26,5,NULL,201900006073,138 295 117,A01,1,1,4,1,2005,5,2,0,-1,-1," -1",-1,201900006073,4,"SAINT-ELOI   RUE BASSE DE",0,NULL,2,2,0,1,1,0,1,NULL,NULL,1,0,1,50
201900006094,9,2,2019,14:40:00,1,13,13204,2,1,1,6,"ALBE (RUE)","43,3118760","5,4051520",201900006094,138 295 067,B01,1,1,0,2,0,1,5,NULL,201900006094,138 295 066,A01,1,1,1,1,1981,5,8,8,-1,-1," -1",-1,201900006094,4,"ALBE (RUE)",0,NULL,2,2,0,2,0,0,1,NULL,NULL,1,0,1,50
201900006094,9,2,2019,14:40:00,1,13,13204,2,1,1,6,"ALBE (RUE)","43,3118760","5,4051520",201900006094,138 295 067,B01,1,1,0,2,0,1,5,NULL,201900006094,138 295 067,B01,1,1,3,1,1967,5,2,6,-1,-1," -1",-1,201900006094,4,"ALBE (RUE)",0,NULL,2,2,0,2,0,0,1,NULL,NULL,1,0,1,50
201900006136,10,2,2019,06:26:00,5,75,75109,2,7,2,1,"PLACE D ESTIENNE D ORVES","48,8765350","2,3309540",201900006136,138 294 982,A01,2,1,0,2,1,5,5,NULL,201900006136,138 294 982,A01,1,1,4,1,1997,5,2,0,-1,0,0,-1,201900006136,4,"PLACE D ESTIENNE D ORVES",0,NULL,1,1,0,2,0,0,1,NULL,NULL,2,0,1,50
201900006136,10,2,2019,06:26:00,5,75,75109,2,7,2,1,"PLACE D ESTIENNE D ORVES","48,8765350","2,3309540",201900006136,138 294 982,A01,2,1,0,2,1,5,5,NULL,201900006136,138 294 983,B01,2,2,1,1,1991,4,1,0,-1,0,0,-1,201900006136,4,"PLACE D ESTIENNE D ORVES",0,NULL,1,1,0,2,0,0,1,NULL,NULL,2,0,1,50
201900006136,10,2,2019,06:26:00,5,75,75109,2,7,2,1,"PLACE D ESTIENNE D ORVES","48,8765350","2,3309540",201900006136,138 294 982,A01,2,1,0,2,1,5,5,NULL,201900006136,138 294 983,B01,1,1,1,1,1989,4,1,0,-1,0,0,-1,201900006136,4,"PLACE D ESTIENNE D ORVES",0,NULL,1,1,0,2,0,0,1,NULL,NULL,2,0,1,50
201900006146,11,2,2019,09:42:00,1,75,75120,2,3,1,1,"RUE LOUIS LUMIERE","48,8625850","2,4109080",201900006146,138 294 966,B01,1,1,0,2,1,1,5,NULL,201900006146,138 294 965,A01,1,1,1,2,1995,0,1,0,-1,0,0,-1,201900006146,4,"RUE LOUIS LUMIERE",0,NULL,2,2,1,2,0,0,1,NULL,NULL,1,0,1,30
201900006146,11,2,2019,09:42:00,1,75,75120,2,3,1,1,"RUE LOUIS LUMIERE","48,8625850","2,4109080",201900006146,138 294 966,B01,1,1,0,2,1,1,5,NULL,201900006146,138 294 966,B01,1,1,4,1,1985,4,2,6,-1,0,0,-1,201900006146,4,"RUE LOUIS LUMIERE",0,NULL,2,2,1,2,0,0,1,NULL,NULL,1,0,1,30
201900006158,9,2,2019,18:30:00,2,75,75116,2,7,1,3,"ROUTE DE SURESNES","48,8685010","2,2653320",201900006158,138 294 945,B01,2,1,0,2,1,1,5,NULL,201900006158,138 294 945,B01,1,1,4,2,1956,5,2,0,-1,0,0,-1,201900006158,4,"ROUTE DE SURESNES",0,NULL,2,2,0,1,0,0,1,NULL,NULL,1,0,1,50
201900006158,9,2,2019,18:30:00,2,75,75116,2,7,1,3,"ROUTE DE SURESNES","48,8685010","2,2653320",201900006158,138 294 945,B01,2,1,0,2,1,1,5,NULL,201900006158,138 294 946,A01,1,1,1,1,1976,5,1,0,-1,0,0,-1,201900006158,4,"ROUTE DE SURESNES",0,NULL,2,2,0,1,0,0,1,NULL,NULL,1,0,1,50
201900006159,8,2,2019,11:35:00,1,75,75116,2,1,1,2,"AVENUE DE NEW YORK","48,8636850","2,2977740",201900006159,138 294 944,A01,1,1,0,2,3,2,5,NULL,201900006159,138 294 943,B01,1,1,1,1,1994,4,1,0,-1,0,0,-1,201900006159,4,"AVENUE DE NEW YORK",0,NULL,2,4,0,1,0,0,1,NULL,NULL,1,0,1,50
201900006159,8,2,2019,11:35:00,1,75,75116,2,1,1,2,"AVENUE DE NEW YORK","48,8636850","2,2977740",201900006159,138 294 944,A01,1,1,0,2,3,2,5,NULL,201900006159,138 294 944,A01,1,1,4,1,1948,5,2,0,-1,0,0,-1,201900006159,4,"AVENUE DE NEW YORK",0,NULL,2,4,0,1,0,0,1,NULL,NULL,1,0,1,50
201900006161,12,2,2019,11:00:00,1,75,75115,2,1,1,3,"BOULEVARD DE VAUGIRARD","48,8408240","2,3163810",201900006161,138 294 941,B01,2,1,0,2,1,1,5,NULL,201900006161,138 294 940,A01,1,1,1,1,1990,4,1,0,-1,0,0,-1,201900006161,4,"BOULEVARD DE VAUGIRARD",0,NULL,3,2,0,1,0,0,1,NULL,NULL,1,0,1,50
201900006161,12,2,2019,11:00:00,1,75,75115,2,1,1,3,"BOULEVARD DE VAUGIRARD","48,8408240","2,3163810",201900006161,138 294 941,B01,2,1,0,2,1,1,5,NULL,201900006161,138 294 941,B01,1,1,4,2,1995,5,2,0,-1,0,0,-1,201900006161,4,"BOULEVARD DE VAUGIRARD",0,NULL,3,2,0,1,0,0,1,NULL,NULL,1,0,1,50
201900006165,6,2,2019,12:15:00,1,75,75115,2,3,1,6,"RUE DE LOURMEL","48,8428270","2,2861850",201900006165,138 294 932,A01,1,1,0,2,2,1,5,NULL,201900006165,138 294 932,A01,2,1,4,2,1954,5,2,0,-1,0,0,-1,201900006165,4,"RUE DE LOURMEL",0,NULL,1,1,1,1,0,0,1,NULL,NULL,1,0,1,50
201900006166,12,2,2019,19:30:00,5,75,75114,2,1,1,6,"BOULEVARD JOURDAN","48,8195120","2,3430980",201900006166,138 294 931,A01,2,1,0,1,1,1,5,NULL,201900006166,138 294 931,A01,1,1,4,1,1960,1,2,0,-1,0,0,-1,201900006166,4,"BOULEVARD JOURDAN",0,NULL,3,2,1,1,0,0,1,NULL,NULL,1,0,5,50
201900006166,12,2,2019,19:30:00,5,75,75114,2,1,1,6,"BOULEVARD JOURDAN","48,8195120","2,3430980",201900006166,138 294 931,A01,2,1,0,1,1,1,5,NULL,201900006166,138 294 931,A01,10,3,4,1,1952,1,8,0,-1,2,3,2,201900006166,4,"BOULEVARD JOURDAN",0,NULL,3,2,1,1,0,0,1,NULL,NULL,1,0,5,50
201900006171,12,2,2019,11:55:00,1,75,75113,2,3,1,6,"AVENUE DE FRANCE","48,8269450","2,3803010",201900006171,138 294 924,B01,1,1,12,2,7,18,5,NULL,201900006171,138 294 923,A01,2,2,1,2,1969,5,1,0,-1,0,0,-1,201900006171,4,"AVENUE DE FRANCE",0,NULL,3,2,0,1,0,0,1,NULL,NULL,1,8,1,50
201900006171,12,2,2019,11:55:00,1,75,75113,2,3,1,6,"AVENUE DE FRANCE","48,8269450","2,3803010",201900006171,138 294 924,B01,1,1,12,2,7,18,5,NULL,201900006171,138 294 923,A01,1,1,1,1,1972,5,1,0,-1,0,0,-1,201900006171,4,"AVENUE DE FRANCE",0,NULL,3,2,0,1,0,0,1,NULL,NULL,1,8,1,50
201900006171,12,2,2019,11:55:00,1,75,75113,2,3,1,6,"AVENUE DE FRANCE","48,8269450","2,3803010",201900006171,138 294 924,B01,1,1,12,2,7,18,5,NULL,201900006171,138 294 924,B01,1,1,4,2,1974,5,2,0,-1,0,0,-1,201900006171,4,"AVENUE DE FRANCE",0,NULL,3,2,0,1,0,0,1,NULL,NULL,1,8,1,50
201900006172,11,2,2019,19:00:00,5,75,75113,2,3,1,3,"QUAI FRANCOIS MAURIAC","48,8329760","2,3787690",201900006172,138 294 922,B01,2,1,0,2,8,1,5,NULL,201900006172,138 294 921,A01,1,1,1,2,1995,5,1,0,-1,0,0,-1,201900006172,4,"QUAI FRANCOIS MAURIAC",0,NULL,2,2,1,1,0,0,1,NULL,NULL,1,0,1,50
201900006172,11,2,2019,19:00:00,5,75,75113,2,3,1,3,"QUAI FRANCOIS MAURIAC","48,8329760","2,3787690",201900006172,138 294 922,B01,2,1,0,2,8,1,5,NULL,201900006172,138 294 922,B01,1,1,4,1,1989,1,2,0,-1,0,0,-1,201900006172,4,"QUAI FRANCOIS MAURIAC",0,NULL,2,2,1,1,0,0,1,NULL,NULL,1,0,1,50
201900006177,8,2,2019,08:40:00,1,75,75113,2,1,1,3,"QUAI D AUSTERLITZ","48,8431400","2,3662210",201900006177,138 294 915,B01,1,1,0,2,7,1,5,NULL,201900006177,138 294 914,A01,1,1,1,1,1975,4,1,0,-1,0,0,-1,201900006177,4,"QUAI D AUSTERLITZ",0,NULL,2,4,1,1,0,0,1,NULL,NULL,2,0,5,50
201900006177,8,2,2019,08:40:00,1,75,75113,2,1,1,3,"QUAI D AUSTERLITZ","48,8431400","2,3662210",201900006177,138 294 915,B01,1,1,0,2,7,1,5,NULL,201900006177,138 294 915,B01,1,1,4,1,1985,1,2,0,-1,0,0,-1,201900006177,4,"QUAI D AUSTERLITZ",0,NULL,2,4,1,1,0,0,1,NULL,NULL,2,0,5,50
201900006185,8,2,2019,22:02:00,5,75,75111,2,2,3,6,"BOULEVARD DE BELLEVILLE","48,8707410","2,3781690",201900006185,138 294 899,A01,3,1,0,2,8,1,5,NULL,201900006185,138 294 899,A01,1,1,4,1,1995,1,2,0,-1,0,0,-1,201900006185,4,"BOULEVARD DE BELLEVILLE",0,NULL,3,2,1,1,0,0,1,NULL,NULL,2,0,1,30
201900006190,12,2,2019,13:52:00,1,75,75109,2,4,1,3,"RUE LA FAYETTE","48,8765630","2,3465520",201900006190,138 294 893,A01,1,1,0,2,7,17,5,NULL,201900006190,138 294 893,A01,1,1,4,1,1997,4,2,6,-1,0,0,-1,201900006190,4,"RUE LA FAYETTE",0,NULL,2,3,0,1,0,0,1,NULL,NULL,1,0,1,50
201900006190,12,2,2019,13:52:00,1,75,75109,2,4,1,3,"RUE LA FAYETTE","48,8765630","2,3465520",201900006190,138 294 893,A01,1,1,0,2,7,17,5,NULL,201900006190,138 294 894,B01,1,1,1,1,1983,5,2,6,-1,0,0,-1,201900006190,4,"RUE LA FAYETTE",0,NULL,2,3,0,1,0,0,1,NULL,NULL,1,0,1,50
201900006192,11,2,2019,09:40:00,1,75,75109,2,2,8,3,"BOULEVARD HAUSSMANN","48,8726050","2,3358080",201900006192,138 294 889,A01,1,1,0,2,7,15,5,NULL,201900006192,138 294 889,A01,1,1,4,1,1984,1,2,0,-1,0,0,-1,201900006192,4,"BOULEVARD HAUSSMANN",0,NULL,1,3,0,1,0,0,1,NULL,NULL,1,0,1,50
201900006192,11,2,2019,09:40:00,1,75,75109,2,2,8,3,"BOULEVARD HAUSSMANN","48,8726050","2,3358080",201900006192,138 294 889,A01,1,1,0,2,7,15,5,NULL,201900006192,138 294 890,B01,1,1,4,1,1964,1,2,6,-1,0,0,-1,201900006192,4,"BOULEVARD HAUSSMANN",0,NULL,1,3,0,1,0,0,1,NULL,NULL,1,0,1,50
201900006195,8,2,2019,21:35:00,5,75,75108,2,1,2,3,"RUE DU COLISEE","48,8712360","2,3096440",201900006195,138 294 884,B01,1,1,0,2,0,18,5,NULL,201900006195,138 294 884,B01,1,1,4,1,1963,9,2,0,-1,0,0,-1,201900006195,4,"RUE DU COLISEE",0,NULL,1,1,0,1,0,0,1,NULL,NULL,2,0,1,50
201900006195,8,2,2019,21:35:00,5,75,75108,2,1,2,3,"RUE DU COLISEE","48,8712360","2,3096440",201900006195,138 294 884,B01,1,1,0,2,0,18,5,NULL,201900006195,138 294 885,A01,1,1,1,2,1977,9,1,0,-1,0,0,-1,201900006195,4,"RUE DU COLISEE",0,NULL,1,1,0,1,0,0,1,NULL,NULL,2,0,1,50
201900006195,8,2,2019,21:35:00,5,75,75108,2,1,2,3,"RUE DU COLISEE","48,8712360","2,3096440",201900006195,138 294 884,B01,1,1,0,2,0,18,5,NULL,201900006195,138 294 885,A01,2,2,1,2,1963,9,1,0,-1,0,0,-1,201900006195,4,"RUE DU COLISEE",0,NULL,1,1,0,1,0,0,1,NULL,NULL,2,0,1,50
201900006199,9,2,2019,19:57:00,5,75,75104,2,1,1,6,"RUE DU CLOITRE NOTRE DAME","48,8534690","2,3495920",201900006199,138 294 877,A01,2,1,0,1,1,1,5,NULL,201900006199,138 294 877,A01,1,1,1,1,1999,5,8,0,-1,0,0,-1,201900006199,4,"RUE DU CLOITRE NOTRE DAME",0,NULL,1,1,2,1,0,0,1,NULL,NULL,1,0,1,30
201900006199,9,2,2019,19:57:00,5,75,75104,2,1,1,6,"RUE DU CLOITRE NOTRE DAME","48,8534690","2,3495920",201900006199,138 294 877,A01,2,1,0,1,1,1,5,NULL,201900006199,138 294 877,A01,10,3,4,2,2010,5,8,0,-1,3,3,1,201900006199,4,"RUE DU CLOITRE NOTRE DAME",0,NULL,1,1,2,1,0,0,1,NULL,NULL,1,0,1,30
201900006205,12,2,2019,12:45:00,1,94,94043,2,1,1,6,"EUGENE THOMAS (AV)","48,8097687","2,3604437",201900006205,138 294 869,A01,2,1,1,0,3,5,6,NULL,201900006205,138 294 869,A01,1,1,4,1,2002,0,8,0,-1,-1," -1",-1,201900006205,3,154,0,NULL,3,4,0,4,0,0,3,NULL,NULL,1,0,3,50
201900006236,20,3,2019,09:10:00,1,56,56121,2,2,1,3,"KERMELO ( ET IMP. DE )","47,7363500"," -3,3855100",201900006236,138 294 815,B01,2,1,0,2,1,1,5,NULL,201900006236,138 294 815,B01,1,1,4,1,2005,5,2,0,-1,0,0,-1,201900006236,4,"Rue de KERMELO",0,NULL,2,2,0,1,0,0,1,NULL,NULL,1,0,1,30
201900006236,20,3,2019,09:10:00,1,56,56121,2,2,1,3,"KERMELO ( ET IMP. DE )","47,7363500"," -3,3855100",201900006236,138 294 815,B01,2,1,0,2,1,1,5,NULL,201900006236,138 294 816,A01,1,1,1,1,1953,5,1,8,-1,0,0,-1,201900006236,4,"Rue de KERMELO",0,NULL,2,2,0,1,0,0,1,NULL,NULL,1,0,1,30
201900006241,19,3,2019,16:44:00,1,54,54395,2,1,1,6,"LAMOUR (RUE JEAN)","48,7005730","6,1735510",201900006241,138 294 808,A01,1,1,0,2,0,0,5,NULL,201900006241,138 294 807,B01,1,1,1,1,1943,0,1,0,-1,-1,0,-1,201900006241,4,"LAMOUR (RUE JEAN)",0,NULL,-1,2,0,1,0,0,1,NULL,NULL,1,0,1,50
201900006241,19,3,2019,16:44:00,1,54,54395,2,1,1,6,"LAMOUR (RUE JEAN)","48,7005730","6,1735510",201900006241,138 294 808,A01,1,1,0,2,0,0,5,NULL,201900006241,138 294 808,A01,1,1,3,1,1992,0,8,0,-1,-1,0,-1,201900006241,4,"LAMOUR (RUE JEAN)",0,NULL,-1,2,0,1,0,0,1,NULL,NULL,1,0,1,50
201900006255,21,3,2019,07:55:00,1,49,49007,2,1,1,7,"CHATEAU D'ORGEMONT RUE ET SQU","47,4505300"," -0,5446000",201900006255,138 294 785,A01,1,1,0,0,0,1,5,NULL,201900006255,138 294 785,A01,1,1,4,1,1959,1,2,0,-1,-1,0,-1,201900006255,4,"CHATEAU D'ORGEMONT RUE ET SQU",0,NULL,2,2,0,1,0,0,1,NULL,NULL,1,0,1,50