Num_Acc,jour,mois,an,hrmn,lum,dep,com,agg,int,atm,col,adr,lat,long,Num_Acc,id_vehicule,num_veh,senc,catv,obs,obsm,choc,manv,motor,occutc,Num_Acc,id_vehicule,num_veh,place,catu,grav,sexe,an_nais,trajet,secu1,secu2,secu3,locp,actp,etatp,Num_Acc,catr,voie,v1,v2,circ,nbv,vosp,prof,pr,pr1,plan,lartpc,larrout,surf,infra,situ,vma
201900006262,21,3,2019,16:50:00,1,45,45285,2,1,1,3,"RUE DES DIX ARPENTS","47,9077500","1,8720500",201900006262,138 294 771,B01,1,1,0,2,8,1,5,NULL,201900006262,138 294 771,B01,1,1,4,1,1984,5,8,0,-1,-1," -1",-1,201900006262,4,"RUE DES DIX ARPENTS",0,NULL,2,2,0,2,(1),(1),1,NULL,NULL,1,0,1,50
201900006262,21,3,2019,16:50:00,1,45,45285,2,1,1,3,"RUE DES DIX ARPENTS","47,9077500","1,8720500",201900006262,138 294 771,B01,1,1,0,2,8,1,5,NULL,201900006262,138 294 772,A01,1,1,1,2,1999,5,1,8,-1,0,0,-1,201900006262,4,"RUE DES DIX ARPENTS",0,NULL,2,2,0,2,(1),(1),1,NULL,NULL,1,0,1,50
201900006285,22,3,2019,18:30:00,1,37,37233,2,1,1,7,"ANGUILLE (RUE ANDRE)","47,3893946","0,7280551",201900006285,138 294 732,A01,1,1,0,0,0,1,0,NULL,201900006285,138 294 732,A01,1,1,4,2,1979,5,8,0,-1,-1,0,-1,201900006285,4,NULL,0,NULL,2,1,0,2,(1),(1),1,NULL,NULL,1,0,1,50
201900006287,22,3,2019,17:25:00,1,37,37214,2,1,1,7,"EPINETTES (RUE DES)","47,4176527","0,6695768",201900006287,138 294 730,A01,1,1,0,0,0,1,5,NULL,201900006287,138 294 730,A01,1,1,4,1,1985,5,8,0,-1,-1,0,-1,201900006287,4,NULL,0,NULL,-1,1,1,1,(1),(1),1,NULL,NULL,1,0,1,50
201900006289,22,3,2019,07:35:00,2,37,37261,2,2,1,3,"EIFFEL (AVENUE GUSTAVE)","47,4356617","0,6984666",201900006289,138 294 728,B01,2,1,0,2,1,19,5,NULL,201900006289,138 294 727,A01,1,1,1,2,1968,1,1,8,-1,-1,0,-1,201900006289,4,"EIFFEL (AVENUE GUSTAVE)",0,NULL,2,4,0,1,0,0,1,NULL,NULL,1,5,1,50
201900006289,22,3,2019,07:35:00,2,37,37261,2,2,1,3,"EIFFEL (AVENUE GUSTAVE)","47,4356617","0,6984666",201900006289,138 294 728,B01,2,1,0,2,1,19,5,NULL,201900006289,138 294 728,B01,1,1,4,1,1964,1,8,0,-1,-1,0,-1,201900006289,4,"EIFFEL (AVENUE GUSTAVE)",0,NULL,2,4,0,1,0,0,1,NULL,NULL,1,5,1,50
201900006290,21,3,2019,07:55:00,1,37,37122,2,3,1,3,"DOUZILLIERE (RUE DE LA)","47,3403891","0,6541688",201900006290,138 294 725,B01,1,1,0,2,1,1,5,NULL,201900006290,138 294 725,B01,1,1,4,1,2006,2,8,0,-1,-1,0,-1,201900006290,4,NULL,0,NULL,-1,1,1,1,(1),(1),1,NULL,NULL,1,0,1,30
201900006290,21,3,2019,07:55:00,1,37,37122,2,3,1,3,"DOUZILLIERE (RUE DE LA)","47,3403891","0,6541688",201900006290,138 294 725,B01,1,1,0,2,1,1,5,NULL,201900006290,138 294 726,A01,1,1,1,1,1960,5,1,8,-1,-1,0,-1,201900006290,4,NULL,0,NULL,-1,1,1,1,(1),(1),1,NULL,NULL,1,0,1,30
201900006297,21,3,2019,06:25:00,5,35,35051,2,6,1,3,"RENNES (RUE DE)","48,1139700"," -1,6340000",201900006297,138 294 714,B01,3,1,0,2,4,1,5,NULL,201900006297,138 294 714,B01,1,1,4,1,1971,1,8,0,-1,-1,0,-1,201900006297,4,"RENNES (RUE DE)",0,NULL,1,1,1,1,0,0,2,NULL,NULL,1,9,1,50
201900006297,21,3,2019,06:25:00,5,35,35051,2,6,1,3,"RENNES (RUE DE)","48,1139700"," -1,6340000",201900006297,138 294 714,B01,3,1,0,2,4,1,5,NULL,201900006297,138 294 715,A01,1,1,1,1,1990,4,1,8,-1,-1,0,-1,201900006297,4,"RENNES (RUE DE)",0,NULL,1,1,1,1,0,0,2,NULL,NULL,1,9,1,50
201900006318,21,3,2019,08:55:00,1,31,31555,2,1,1,3,"RTE DE BAYONNE","43,6090100","1,3800700",201900006318,138 294 678,B01,3,1,0,2,8,1,5,NULL,201900006318,138 294 678,B01,1,1,4,1,1978,1,2,0,-1,-1,0,-1,201900006318,4,"RTE DE BAYONNE",0,NULL,2,2,1,1,0,0,1,NULL,NULL,1,0,1,50
201900006318,21,3,2019,08:55:00,1,31,31555,2,1,1,3,"RTE DE BAYONNE","43,6090100","1,3800700",201900006318,138 294 678,B01,3,1,0,2,8,1,5,NULL,201900006318,138 294 679,A01,1,1,1,1,1998,9,1,8,-1,-1,0,-1,201900006318,4,"RTE DE BAYONNE",0,NULL,2,2,1,1,0,0,1,NULL,NULL,1,0,1,50
201900006324,19,3,2019,18:30:00,2,30,30007,2,1,1,3,"SILHOL (MONTEE)","44,1255000","4,0916000",201900006324,138 294 666,B01,3,1,0,2,4,1,5,NULL,201900006324,138 294 665,A01,1,1,1,1,1973,5,1,5,-1,-1,0,-1,201900006324,3,6,0,NULL,2,2,2,2,0,0,1,NULL,NULL,1,0,1,50
201900006324,19,3,2019,18:30:00,2,30,30007,2,1,1,3,"SILHOL (MONTEE)","44,1255000","4,0916000",201900006324,138 294 666,B01,3,1,0,2,4,1,5,NULL,201900006324,138 294 666,B01,1,1,4,1,1974,1,2,4,-1,-1,0,-1,201900006324,3,6,0,NULL,2,2,2,2,0,0,1,NULL,NULL,1,0,1,50
201900006326,22,3,2019,09:25:00,1,29,29232,2,1,1,3,"ERGUE ARMEL  ROND POINT D'","47,9833400"," -4,0754400",201900006326,138 294 661,B01,1,1,0,2,4,0,6,NULL,201900006326,138 294 661,B01,1,1,4,1,1954,5,2,0,-1,0,0,-1,201900006326,4,"ERGUE ARMEL  ROND POINT D'",0,NULL,1,1,0,1,0,0,2,NULL,NULL,1,0,1,50
201900006326,22,3,2019,09:25:00,1,29,29232,2,1,1,3,"ERGUE ARMEL  ROND POINT D'","47,9833400"," -4,0754400",201900006326,138 294 661,B01,1,1,0,2,4,0,6,NULL,201900006326,138 294 662,A01,1,1,1,2,2000,2,1,0,-1,0,0,-1,201900006326,4,"ERGUE ARMEL  ROND POINT D'",0,NULL,1,1,0,1,0,0,2,NULL,NULL,1,0,1,50
201900006337,23,3,2019,18:50:00,5,25,25056,2,3,1,1,"CHURCHILL BD WINSTON","47,2503000","6,0049300",201900006337,138 294 639,B01,2,1,0,2,1,19,5,NULL,201900006337,138 294 639,B01,1,1,3,1,2001,0,0,-1,-1,0,0,-1,201900006337,4,"CHURCHILL BD WINSTON",0,NULL,2,4,0,1,0,0,1,NULL,NULL,1,0,1,50
201900006337,23,3,2019,18:50:00,5,25,25056,2,3,1,1,"CHURCHILL BD WINSTON","47,2503000","6,0049300",201900006337,138 294 639,B01,2,1,0,2,1,19,5,NULL,201900006337,138 294 640,A01,1,1,1,2,2000,-1,1,0,-1,-1,0,-1,201900006337,4,"CHURCHILL BD WINSTON",0,NULL,2,4,0,1,0,0,1,NULL,NULL,1,0,1,50
201900006338,22,3,2019,23:50:00,3,22,22215,2,1,5,2,"MERLET (RUE DE)","48,4900098"," -2,8118166",201900006338,138 294 638,B01,1,1,0,2,4,1,5,NULL,201900006338,138 294 637,A01,1,1,1,1,1990,0,8,0,-1,0,0,-1,201900006338,3,45,0,NULL,2,2,0,1,5,2580,1,NULL,NULL,1,0,1,80
201900006338,22,3,2019,23:50:00,3,22,22215,2,1,5,2,"MERLET (RUE DE)","48,4900098"," -2,8118166",201900006338,138 294 638,B01,1,1,0,2,4,1,5,NULL,201900006338,138 294 638,B01,1,1,3,1,2002,5,8,0,-1,0,0,-1,201900006338,3,45,0,NULL,2,2,0,1,5,2580,1,NULL,NULL,1,0,1,80
201900006399,24,3,2019,19:10:00,2,10,10081,2,2,1,1,"HELENE BOUCHER (RUE)","48,3080000","4,0401000",201900006399,138 294 515,B01,3,1,0,2,1,19,5,NULL,201900006399,138 294 515,B01,1,1,4,2,2008,5,8,0,-1,-1," -1",-1,201900006399,4,"HELENE BOUCHER (RUE)",0,NULL,2,2,0,1,0,0,1,NULL,NULL,1,0,1,50
201900006399,24,3,2019,19:10:00,2,10,10081,2,2,1,1,"HELENE BOUCHER (RUE)","48,3080000","4,0401000",201900006399,138 294 515,B01,3,1,0,2,1,19,5,NULL,201900006399,138 294 515,B01,2,2,4,1,2011,5,8,0,-1,-1," -1",-1,201900006399,4,"HELENE BOUCHER (RUE)",0,NULL,2,2,0,1,0,0,1,NULL,NULL,1,0,1,50
201900006399,24,3,2019,19:10:00,2,10,10081,2,2,1,1,"HELENE BOUCHER (RUE)","48,3080000","4,0401000",201900006399,138 294 515,B01,3,1,0,2,1,19,5,NULL,201900006399,138 294 516,A01,1,1,1,1,1963,5,8,0,-1,-1," -1",-1,201900006399,4,"HELENE BOUCHER (RUE)",0,NULL,2,2,0,1,0,0,1,NULL,NULL,1,0,1,50
201900006407,24,3,2019,10:20:00,1,7,07281,2,2,1,3,"DIMBERTON (RUE COLETTE)","44,9407800","4,8412700",201900006407,138 294 497,B01,3,1,0,2,3,1,5,NULL,201900006407,138 294 497,B01,1,1,4,1,1950,0,2,0,-1,-1,0,-1,201900006407,4,"DIMBERTON (RUE COLETTE)",0,NULL,2,2,0,1,0,0,1,NULL,NULL,1,3,1,50
201900006407,24,3,2019,10:20:00,1,7,07281,2,2,1,3,"DIMBERTON (RUE COLETTE)","44,9407800","4,8412700",201900006407,138 294 497,B01,3,1,0,2,3,1,5,NULL,201900006407,138 294 498,A01,1,1,4,1,1963,0,1,0,-1,-1," -1",-1,201900006407,4,"DIMBERTON (RUE COLETTE)",0,NULL,2,2,0,1,0,0,1,NULL,NULL,1,3,1,50
201900006415,21,4,2019,08:55:00,1,85,85191,2,1,1,3,"RUE DU DOCTEUR BOUTELIER","46,6843500"," -1,4399500",201900006415,138 294 483,B01,3,1,0,2,8,19,5,NULL,201900006415,138 294 483,B01,1,1,3,2,1958,5,2,4,-1,0,0,-1,201900006415,4,"RUE DU DOCTEUR BOUTELIER ",0,NULL,-1,2,0,1,0,0,2,NULL,NULL,1,0,1,50
201900006415,21,4,2019,08:55:00,1,85,85191,2,1,1,3,"RUE DU DOCTEUR BOUTELIER","46,6843500"," -1,4399500",201900006415,138 294 483,B01,3,1,0,2,8,19,5,NULL,201900006415,138 294 484,A01,1,1,1,1,1999,5,1,0,-1,0,0,-1,201900006415,4,"RUE DU DOCTEUR BOUTELIER ",0,NULL,-1,2,0,1,0,0,2,NULL,NULL,1,0,1,50
201900006427,22,4,2019,13:30:00,1,83,83050,2,1,1,6,"DE GAULLE(AVENUE CHARLES)","43,5240500","6,4725300",201900006427,138 294 457,C01,2,1,0,2,8,1,0,NULL,201900006427,138 294 456,B01,1,1,1,1,1966,5,1,8,-1,-1," -1",-1,201900006427,4,"DE GAULLE(AVENUE CHARLES)",0,NULL,3,4,0,2,(1),(1),2,NULL,NULL,1,0,1,50
201900006427,22,4,2019,13:30:00,1,83,83050,2,1,1,6,"DE GAULLE(AVENUE CHARLES)","43,5240500","6,4725300",201900006427,138 294 457,C01,2,1,0,2,8,1,0,NULL,201900006427,138 294 457,C01,1,1,4,2,1972,5,8,0,-1,-1,0,-1,201900006427,4,"DE GAULLE(AVENUE CHARLES)",0,NULL,3,4,0,2,(1),(1),2,NULL,NULL,1,0,1,50
201900006427,22,4,2019,13:30:00,1,83,83050,2,1,1,6,"DE GAULLE(AVENUE CHARLES)","43,5240500","6,4725300",201900006427,138 294 457,C01,2,1,0,2,8,1,0,NULL,201900006427,138 294 458,A01,1,1,1,1,1996,5,1,8,-1,-1,0,-1,201900006427,4,"DE GAULLE(AVENUE CHARLES)",0,NULL,3,4,0,2,(1),(1),2,NULL,NULL,1,0,1,50
201900006438,17,4,2019,20:05:00,1,80,80021,2,1,1,3,"40, R JULES BARNI","49,8891900","2,3105300",201900006438,138 294 427,B01,0,1,0,2,0,17,5,NULL,201900006438,138 294 426,A01,1,1,1,1,1987,0,1,0,-1,0,0,-1,201900006438,4,"JULES BARNI (RUE)",0,NULL,2,2,0,1,0,0,2,NULL,NULL,1,0,1,50
201900006438,17,4,2019,20:05:00,1,80,80021,2,1,1,3,"40, R JULES BARNI","49,8891900","2,3105300",201900006438,138 294 427,B01,0,1,0,2,0,17,5,NULL,201900006438,138 294 427,B01,1,1,4,1,1994,0,2,0,-1,0,0,-1,201900006438,4,"JULES BARNI (RUE)",0,NULL,2,2,0,1,0,0,2,NULL,NULL,1,0,1,50
201900006468,20,4,2019,13:45:00,1,76,76305,2,1,1,3,"JACQUES DUCLOS","49,5069700","0,2281100",201900006468,138 294 341,A01,1,1,0,2,1,19,5,NULL,201900006468,138 294 340,B01,1,1,1,2,1997,0,1,0,-1,-1,0,-1,201900006468,4,"JACQUES DUCLOS",0,NULL,2,2,0,1,0,0,1,NULL,NULL,1,0,1,30
201900006468,20,4,2019,13:45:00,1,76,76305,2,1,1,3,"JACQUES DUCLOS","49,5069700","0,2281100",201900006468,138 294 341,A01,1,1,0,2,1,19,5,NULL,201900006468,138 294 341,A01,1,1,4,2,2008,5,8,0,-1,-1," -1",-1,201900006468,4,"JACQUES DUCLOS",0,NULL,2,2,0,1,0,0,1,NULL,NULL,1,0,1,30
201900006471,19,4,2019,18:45:00,1,76,76545,2,1,1,3,"BOURBON (COURS)","49,9148900","1,0939500",201900006471,138 294 335,A01,0,1,0,2,8,26,0,NULL,201900006471,138 294 335,A01,1,1,4,1,1977,3,8,0,-1,-1," -1",-1,201900006471,9,"BOURBON (COURS)",0,NULL,-1,1,0,1,1,0,1,NULL,NULL,1,9,1,30
201900006490,18,4,2019,13:45:00,1,72,72181,2,3,1,2,"DUBIGNON (RUE)","48,0065800","0,2067300",201900006490,138 294 295,A01,2,1,0,2,1,1,5,NULL,201900006490,138 294 295,A01,1,1,4,1,1990,5,8,0,-1,0,0,-1,201900006490,4,"DUBIGNON (RUE)",0,NULL,2,2,0,1,0,0,1,NULL,NULL,1,0,1,50
201900006490,18,4,2019,13:45:00,1,72,72181,2,3,1,2,"DUBIGNON (RUE)","48,0065800","0,2067300",201900006490,138 294 295,A01,2,1,0,2,1,1,5,NULL,201900006490,138 294 296,B01,1,1,1,1,1967,4,1,0,-1,0,0,-1,201900006490,4,"DUBIGNON (RUE)",0,NULL,2,2,0,1,0,0,1,NULL,NULL,1,0,1,50
201900006501,16,4,2019,09:10:00,1,69,69266,2,3,2,3,"4 AOUT 1789    (Rue du)","45,7646200","4,8904600",201900006501,138 294 276,B01,2,1,0,2,7,1,5,NULL,201900006501,138 294 276,B01,1,1,4,2,1972,1,8,4,-1,0,0,-1,201900006501,4,"4 AOUT 1789    (Rue du)",0,NULL,1,2,1,1,0,0,1,NULL,NULL,2,0,1,50
201900006501,16,4,2019,09:10:00,1,69,69266,2,3,2,3,"4 AOUT 1789    (Rue du)","45,7646200","4,8904600",201900006501,138 294 276,B01,2,1,0,2,7,1,5,NULL,201900006501,138 294 277,A01,1,1,1,2,1990,1,8,8,-1,0,0,-1,201900006501,4,"4 AOUT 1789    (Rue du)",0,NULL,1,2,1,1,0,0,1,NULL,NULL,2,0,1,50
201900006506,24,4,2019,12:00:00,1,69,69091,2,1,2,3,"JULIAN GRIMAU ( R )","45,5956100","4,7676300",201900006506,138 294 266,B01,3,1,0,2,8,19,5,NULL,201900006506,138 294 266,B01,1,1,4,1,2009,5,2,0,-1,0,0,-1,201900006506,4,"JULIAN GRIMAU ( R )",0,NULL,2,2,0,1,0,0,1,NULL,NULL,2,0,1,30
201900006506,24,4,2019,12:00:00,1,69,69091,2,1,2,3,"JULIAN GRIMAU ( R )","45,5956100","4,7676300",201900006506,138 294 266,B01,3,1,0,2,8,19,5,NULL,201900006506,138 294 267,A01,1,1,1,1,1980,9,8,0,-1,0,0,-1,201900006506,4,"JULIAN GRIMAU ( R )",0,NULL,2,2,0,1,0,0,1,NULL,NULL,2,0,1,30
201900006512,24,4,2019,12:30:00,1,67,67482,2,3,1,3,"PROVENCE (RUE DE)","48,5457800","7,7582100",201900006512,138 294 249,B01,2,1,0,0,0,0,5,NULL,201900006512,138 294 248,A01,1,1,1,2,1958,0,1,8,-1,-1,0,-1,201900006512,4,"PROVENCE (RUE DE)",0,NULL,2,3,0,1,0,0,1,NULL,NULL,1,0,1,50
201900006512,24,4,2019,12:30:00,1,67,67482,2,3,1,3,"PROVENCE (RUE DE)","48,5457800","7,7582100",201900006512,138 294 249,B01,2,1,0,0,0,0,5,NULL,201900006512,138 294 249,B01,1,1,4,1,1989,0,8,0,-1,-1,0,-1,201900006512,4,"PROVENCE (RUE DE)",0,NULL,2,3,0,1,0,0,1,NULL,NULL,1,0,1,50
201900006513,24,4,2019,09:00:00,1,67,67482,2,1,1,3,"RHIN TORTU (RUE DU)","48,5424600","7,7585100",201900006513,138 294 246,B01,2,1,0,2,3,19,5,NULL,201900006513,138 294 246,B01,1,1,3,1,1950,0,8,0,-1,-1,0,-1,201900006513,4,"RHIN TORTU (RUE DU)",0,NULL,2,2,1,1,0,0,1,NULL,NULL,1,0,1,50
201900006513,24,4,2019,09:00:00,1,67,67482,2,1,1,3,"RHIN TORTU (RUE DU)","48,5424600","7,7585100",201900006513,138 294 246,B01,2,1,0,2,3,19,5,NULL,201900006513,138 294 247,A01,1,1,1,2,1961,1,1,8,-1,-1,0,-1,201900006513,4,"RHIN TORTU (RUE DU)",0,NULL,2,2,1,1,0,0,1,NULL,NULL,1,0,1,50
201900006524,24,4,2019,10:00:00,1,64,64445,2,9,1,3,"FRANCOIS MITTERAND","43,3304047"," -0,3555918",201900006524,138 294 226,B01,1,1,0,2,1,1,5,NULL,201900006524,138 294 225,A01,1,1,1,1,1981,4,1,8,-1,0,0,-1,201900006524,3,817,0,NULL,1,2,0,1,28,350,2,NULL,NULL,1,5,1,50
201900006524,24,4,2019,10:00:00,1,64,64445,2,9,1,3,"FRANCOIS MITTERAND","43,3304047"," -0,3555918",201900006524,138 294 226,B01,1,1,0,2,1,1,5,NULL,201900006524,138 294 226,B01,1,1,4,1,1995,1,8,0,-1,0,0,-1,201900006524,3,817,0,NULL,1,2,0,1,28,350,2,NULL,NULL,1,5,1,50
201900006554,25,4,2019,20:15:00,1,59,59654,2,1,1,3,"HUGO (RUE VICTOR)","50,3878300","3,1189900",201900006554,138 294 169,B01,1,1,0,2,8,19,0,NULL,201900006554,138 294 168,A01,1,1,1,2,1963,1,1,8,-1,-1,0,-1,201900006554,3,35,0,NULL,2,2,0,1,0,0,1,NULL,NULL,1,0,1,50
201900006554,25,4,2019,20:15:00,1,59,59654,2,1,1,3,"HUGO (RUE VICTOR)","50,3878300","3,1189900",201900006554,138 294 169,B01,1,1,0,2,8,19,0,NULL,201900006554,138 294 169,B01,1,1,3,2,1963,5,8,0,-1,-1,0,-1,201900006554,3,35,0,NULL,2,2,0,1,0,0,1,NULL,NULL,1,0,1,50
201900006556,18,4,2019,16:30:00,1,59,59178,2,1,1,6,"TOURNAI (ROUTE DE)","50,4021426","3,1201807",201900006556,138 294 164,B01,2,1,0,2,8,19,5,NULL,201900006556,138 294 164,B01,1,1,4,1,2008,5,8,0,-1,-1,0,-1,201900006556,3,917,0,NULL,2,2,0,1,0,0,1,NULL,NULL,1,0,2,50
201900006556,18,4,2019,16:30:00,1,59,59178,2,1,1,6,"TOURNAI (ROUTE DE)","50,4021426","3,1201807",201900006556,138 294 164,B01,2,1,0,2,8,19,5,NULL,201900006556,138 294 165,A01,1,1,1,1,1990,1,1,0,-1,-1,0,-1,201900006556,3,917,0,NULL,2,2,0,1,0,0,1,NULL,NULL,1,0,2,50
201900006560,16,4,2019,12:50:00,1,58,58194,2,6,2,6,"FRANCIS GARNIER","46,9958700","3,1780400",201900006560,138 294 155,B01,3,1,0,2,0,1,5,NULL,201900006560,138 294 155,B01,1,1,4,1,1994,1,8,0,-1,-1," -1",-1,201900006560,4,"FRANCIS GARNIER",0,NULL,2,2,0,1,0,0,1,NULL,NULL,2,0,1,50
201900006560,16,4,2019,12:50:00,1,58,58194,2,6,2,6,"FRANCIS GARNIER","46,9958700","3,1780400",201900006560,138 294 155,B01,3,1,0,2,0,1,5,NULL,201900006560,138 294 156,A01,1,1,1,1,1996,1,1,0,-1,-1," -1",-1,201900006560,4,"FRANCIS GARNIER",0,NULL,2,2,0,1,0,0,1,NULL,NULL,2,0,1,50
201900006565,25,4,2019,16:01:00,1,56,56121,2,6,1,3,"BIR-HAKEIM ( RD-PT )","47,7393600"," -3,3802500",201900006565,138 294 145,B01,3,1,0,2,3,1,5,NULL,201900006565,138 294 145,B01,2,2,4,1,2016,5,2,8,-1,0,0,-1,201900006565,4,"BIR-HAKEIM ( RD-PT )",0,NULL,1,1,0,1,0,0,3,NULL,NULL,1,5,1,50
201900006565,25,4,2019,16:01:00,1,56,56121,2,6,1,3,"BIR-HAKEIM ( RD-PT )","47,7393600"," -3,3802500",201900006565,138 294 145,B01,3,1,0,2,3,1,5,NULL,201900006565,138 294 145,B01,1,1,1,2,1983,5,2,8,-1,0,0,-1,201900006565,4,"BIR-HAKEIM ( RD-PT )",0,NULL,1,1,0,1,0,0,3,NULL,NULL,1,5,1,50
201900006565,25,4,2019,16:01:00,1,56,56121,2,6,1,3,"BIR-HAKEIM ( RD-PT )","47,7393600"," -3,3802500",201900006565,138 294 145,B01,3,1,0,2,3,1,5,NULL,201900006565,138 294 146,A01,1,1,1,2,1935,5,1,8,-1,0,0,-1,201900006565,4,"BIR-HAKEIM ( RD-PT )",0,NULL,1,1,0,1,0,0,3,NULL,NULL,1,5,1,50
201900006594,20,10,2019,01:40:00,5,69,69386,2,1,1,2,"SEZE (DE)                           (R )","45,7683000","4,8477500",201900006594,138 294 092,B01,1,1,0,2,0,0,0,NULL,201900006594,138 294 092,B01,1,1,4,1,1990,0,8,0,-1,-1," -1",-1,201900006594,4,"SEZE (DE)                           (R )",0,NULL,1,1,1,1,1,0,1,NULL,NULL,1,0,2,50
201900006606,19,10,2019,20:30:00,5,86,86194,2,1,1,3,"11 NOVEMBRE (AVENUE DU)","46,5671700","0,3657900",201900006606,138 294 073,A01,3,1,0,2,3,0,0,NULL,201900006606,138 294 073,A01,1,1,3,1,1958,3,8,0,-1,-1," -1",-1,201900006606,4,"11 NOVEMBRE (AVENUE DU)",0,NULL,3,4,0,1,0,0,1,NULL,NULL,2,0,5,50
201900006610,19,10,2019,11:20:00,1,69,69266,2,3,2,3,"TOLSTOI    (Cours)","45,7601750","4,8876600",201900006610,138 294 064,B01,1,1,0,2,1,1,5,NULL,201900006610,138 294 064,B01,1,1,4,1,1961,0,2,0,-1,-1," -1",-1,201900006610,4,"TOLSTOI    (Cours)",0,NULL,2,3,3,2,0,0,1,NULL,NULL,2,0,1,50
201900006610,19,10,2019,11:20:00,1,69,69266,2,3,2,3,"TOLSTOI    (Cours)","45,7601750","4,8876600",201900006610,138 294 064,B01,1,1,0,2,1,1,5,NULL,201900006610,138 294 065,A01,1,1,1,1,1984,3,1,0,-1,-1," -1",-1,201900006610,4,"TOLSTOI    (Cours)",0,NULL,2,3,3,2,0,0,1,NULL,NULL,2,0,1,50
201900006639,20,10,2019,11:30:00,1,75,75114,2,3,2,7,"RUE D ALESIA","48,8319750","2,3135625",201900006639,138 294 016,A01,1,1,0,0,7,1,5,NULL,201900006639,138 294 016,A01,1,1,4,1,1979,5,8,2,-1,0,0,-1,201900006639,4,"RUE D ALESIA",0,NULL,2,3,-1,1,0,0,1,NULL,NULL,8,0,1,50
201900006641,20,10,2019,03:14:00,5,75,75112,2,3,1,1,"QUAI DE BERCY","48,8383652","2,3760779",201900006641,138 294 012,A01,2,1,0,2,1,5,5,NULL,201900006641,138 294 011,B01,2,2,1,1,1997,0,1,0,-1,0,0,-1,201900006641,4,"QUAI DE BERCY",0,NULL,1,2,0,1,0,0,2,NULL,NULL,2,0,1,50
201900006641,20,10,2019,03:14:00,5,75,75112,2,3,1,1,"QUAI DE BERCY","48,8383652","2,3760779",201900006641,138 294 012,A01,2,1,0,2,1,5,5,NULL,201900006641,138 294 011,B01,3,2,1,1,1997,0,1,0,-1,0,0,-1,201900006641,4,"QUAI DE BERCY",0,NULL,1,2,0,1,0,0,2,NULL,NULL,2,0,1,50
201900006641,20,10,2019,03:14:00,5,75,75112,2,3,1,1,"QUAI DE BERCY","48,8383652","2,3760779",201900006641,138 294 012,A01,2,1,0,2,1,5,5,NULL,201900006641,138 294 011,B01,1,1,1,1,1996,0,1,8,-1,0,0,-1,201900006641,4,"QUAI DE BERCY",0,NULL,1,2,0,1,0,0,2,NULL,NULL,2,0,1,50
201900006641,20,10,2019,03:14:00,5,75,75112,2,3,1,1,"QUAI DE BERCY","48,8383652","2,3760779",201900006641,138 294 012,A01,2,1,0,2,1,5,5,NULL,201900006641,138 294 012,A01,1,1,4,1,1994,0,8,2,-1,0,0,-1,201900006641,4,"QUAI DE BERCY",0,NULL,1,2,0,1,0,0,2,NULL,NULL,2,0,1,50
201900006645,19,10,2019,21:10:00,5,75,75109,2,1,2,3,"BOULEVARD DE ROCHECHOUART","48,8831798","2,3463485",201900006645,138 294 004,B01,2,1,0,2,7,1,5,NULL,201900006645,138 294 004,B01,1,1,4,1,1980,1,8,2,-1,0,0,-1,201900006645,4,"BOULEVARD DE ROCHECHOUART",0,NULL,3,2,1,1,21,0,1,NULL,NULL,2,0,5,50
201900006645,19,10,2019,21:10:00,5,75,75109,2,1,2,3,"BOULEVARD DE ROCHECHOUART","48,8831798","2,3463485",201900006645,138 294 004,B01,2,1,0,2,7,1,5,NULL,201900006645,138 294 005,A01,1,1,1,1,1964,4,1,0,-1,0,0,-1,201900006645,4,"BOULEVARD DE ROCHECHOUART",0,NULL,3,2,1,1,21,0,1,NULL,NULL,2,0,5,50
201900006664,20,10,2019,11:20:00,1,56,56222,2,2,1,3,"Rue de Rohan","47,8450460"," -2,7282100",201900006664,138 293 969,B01,1,1,0,2,3,1,5,NULL,201900006664,138 293 969,B01,1,1,3,1,1956,0,2,4,-1,0,0,-1,201900006664,3,778,2,NULL,2,2,0,3,0,750,1,NULL,NULL,1,0,1,50
201900006664,20,10,2019,11:20:00,1,56,56222,2,2,1,3,"Rue de Rohan","47,8450460"," -2,7282100",201900006664,138 293 969,B01,1,1,0,2,3,1,5,NULL,201900006664,138 293 970,A01,1,1,1,2,1992,0,1,-1,-1,0,0,-1,201900006664,3,778,2,NULL,2,2,0,3,0,750,1,NULL,NULL,1,0,1,50
201900006685,20,10,2019,16:30:00,1,973,97311,2,3,1,3,"22 Avenue Paul Castaing","5,4749580"," -54,0233660",201900006685,138 293 934,B01,0,1,0,2,8,19,5,NULL,201900006685,138 293 934,B01,1,1,4,1,2008,0,0,-1,-1,0,0,-1,201900006685,4,NULL,NULL,NULL,2,2,0,3,(1),(1),1,NULL,NULL,1,0,1,-1
201900006685,20,10,2019,16:30:00,1,973,97311,2,3,1,3,"22 Avenue Paul Castaing","5,4749580"," -54,0233660",201900006685,138 293 934,B01,0,1,0,2,8,19,5,NULL,201900006685,138 293 935,A01,1,1,1,1,1999,0,8,-1,-1,0,0,-1,201900006685,4,NULL,NULL,NULL,2,2,0,3,(1),(1),1,NULL,NULL,1,0,1,-1
201900006694,16,10,2019,10:30:00,1,21,21564,1,2,1,3,D996,"47,1229470","5,0991390",201900006694,138 293 919,B01,2,1,0,2,1,1,5,NULL,201900006694,138 293 919,B01,1,1,3,1,1958,5,2,-1,-1,0,0,-1,201900006694,3,996,NULL,NULL,2,2,0,1,115,400,1,NULL,NULL,1,5,1,80
201900006694,16,10,2019,10:30:00,1,21,21564,1,2,1,3,D996,"47,1229470","5,0991390",201900006694,138 293 919,B01,2,1,0,2,1,1,5,NULL,201900006694,138 293 920,A01,1,1,1,2,1998,5,1,-1,-1,0,0,-1,201900006694,3,996,NULL,NULL,2,2,0,1,115,400,1,NULL,NULL,1,5,1,80