Num_Acc,jour,mois,an,hrmn,lum,dep,com,agg,int,atm,col,adr,lat,long,Num_Acc,id_vehicule,num_veh,senc,catv,obs,obsm,choc,manv,motor,occutc,Num_Acc,id_vehicule,num_veh,place,catu,grav,sexe,an_nais,trajet,secu1,secu2,secu3,locp,actp,etatp,Num_Acc,catr,voie,v1,v2,circ,nbv,vosp,prof,pr,pr1,plan,lartpc,larrout,surf,infra,situ,vma
201900007758,16,9,2019,08:15:00,1,44,44109,2,1,1,3,"BOULEVARD JOLIOT CURIE","47,1940000"," -1,5313600",201900007758,138 291 921,B01,0,1,0,2,1,2,5,NULL,201900007758,138 291 922,A01,1,1,1,1,1992,0,1,0,-1,0,0,-1,201900007758,4,NULL,0,NULL,2,0,0,1,0,0,1,NULL,NULL,1,0,1,50
201900007777,15,9,2019,17:57:00,1,10,10387,2,1,1,1,"ST DOMINIQUE (MAIL)","48,2949200","4,0816000",201900007777,138 291 886,B01,3,1,0,2,7,5,5,NULL,201900007777,138 291 886,B01,1,1,3,2,2000,0,8,0,-1,-1," -1",-1,201900007777,4,"ST DOMINIQUE (MAIL)",0,NULL,-1,4,0,1,0,0,1,NULL,NULL,1,0,1,50
201900007777,15,9,2019,17:57:00,1,10,10387,2,1,1,1,"ST DOMINIQUE (MAIL)","48,2949200","4,0816000",201900007777,138 291 886,B01,3,1,0,2,7,5,5,NULL,201900007777,138 291 887,A01,1,1,1,1,1987,0,1,8,-1,-1," -1",-1,201900007777,4,"ST DOMINIQUE (MAIL)",0,NULL,-1,4,0,1,0,0,1,NULL,NULL,1,0,1,50
201900007796,16,9,2019,09:45:00,1,75,75115,2,2,1,3,"BOULEVARD PASTEUR","48,8428714","2,3123891",201900007796,138 291 852,A01,2,1,0,2,1,1,5,NULL,201900007796,138 291 852,A01,1,1,4,1,1988,1,8,2,-1,0,0,-1,201900007796,4,"BOULEVARD PASTEUR",0,NULL,3,4,1,2,0,0,1,NULL,NULL,1,5,5,50
201900007796,16,9,2019,09:45:00,1,75,75115,2,2,1,3,"BOULEVARD PASTEUR","48,8428714","2,3123891",201900007796,138 291 852,A01,2,1,0,2,1,1,5,NULL,201900007796,138 291 853,B01,1,1,1,1,1978,4,1,0,-1,0,0,-1,201900007796,4,"BOULEVARD PASTEUR",0,NULL,3,4,1,2,0,0,1,NULL,NULL,1,5,5,50
201900007797,16,9,2019,18:20:00,1,75,75111,2,2,1,6,"BOULEVARD RICHARD LENOIR","48,8640025","2,3706871",201900007797,138 291 851,A01,2,1,0,1,1,1,5,NULL,201900007797,138 291 851,A01,10,3,4,2,1995,0,0,0,0,4,3,1,201900007797,4,"BOULEVARD RICHARD LENOIR",0,NULL,3,3,1,1,0,0,1,NULL,NULL,1,0,5,50
201900007797,16,9,2019,18:20:00,1,75,75111,2,2,1,6,"BOULEVARD RICHARD LENOIR","48,8640025","2,3706871",201900007797,138 291 851,A01,2,1,0,1,1,1,5,NULL,201900007797,138 291 851,A01,1,1,1,1,1996,5,2,0,-1,0,0,-1,201900007797,4,"BOULEVARD RICHARD LENOIR",0,NULL,3,3,1,1,0,0,1,NULL,NULL,1,0,5,50
201900007798,16,9,2019,13:25:00,1,75,75111,2,1,1,6,"RUE LEON FROT","48,8546430","2,3875430",201900007798,138 291 850,Z01,1,1,0,1,0,1,5,NULL,201900007798,138 291 850,Z01,10,3,4,2,1980,1,0,0,0,2,3,1,201900007798,4,"RUE LEON FROT",0,NULL,1,2,1,1,0,0,1,NULL,NULL,1,0,5,30
201900007808,16,9,2019,00:30:00,3,93,93013,2,1,1,1,"LINDBERGH (CARREFOUR)","48,9407900","2,4231500",201900007808,138 291 828,A01,3,1,0,2,1,26,5,NULL,201900007808,138 291 827,B01,1,1,1,1,1983,5,1,0,-1,-1," -1",-1,201900007808,3,51,0,NULL,-1,2,0,1,0,0,1,NULL,NULL,1,0,1,50
201900007808,16,9,2019,00:30:00,3,93,93013,2,1,1,1,"LINDBERGH (CARREFOUR)","48,9407900","2,4231500",201900007808,138 291 828,A01,3,1,0,2,1,26,5,NULL,201900007808,138 291 828,A01,1,1,4,1,1991,5,2,0,-1,-1," -1",-1,201900007808,3,51,0,NULL,-1,2,0,1,0,0,1,NULL,NULL,1,0,1,50
201900007811,16,9,2019,09:30:00,1,92,92020,2,1,1,3,"STALINGRAD BOULEVARD","48,8048200","2,2875800",201900007811,138 291 822,B01,2,1,0,2,0,0,0,NULL,201900007811,138 291 821,A01,2,2,1,2,1959,9,1,0,-1,-1,0,-1,201900007811,4,"STALINGRAD BOULEVARD",0,NULL,2,2,2,1,0,0,1,NULL,NULL,1,0,1,50
201900007811,16,9,2019,09:30:00,1,92,92020,2,1,1,3,"STALINGRAD BOULEVARD","48,8048200","2,2875800",201900007811,138 291 822,B01,2,1,0,2,0,0,0,NULL,201900007811,138 291 821,A01,1,1,1,1,1962,4,1,0,-1,-1,0,-1,201900007811,4,"STALINGRAD BOULEVARD",0,NULL,2,2,2,1,0,0,1,NULL,NULL,1,0,1,50
201900007811,16,9,2019,09:30:00,1,92,92020,2,1,1,3,"STALINGRAD BOULEVARD","48,8048200","2,2875800",201900007811,138 291 822,B01,2,1,0,2,0,0,0,NULL,201900007811,138 291 822,B01,1,1,4,1,1963,1,2,0,-1,-1,0,-1,201900007811,4,"STALINGRAD BOULEVARD",0,NULL,2,2,2,1,0,0,1,NULL,NULL,1,0,1,50
201900007948,8,2,2019,11:50:00,1,31,31455,2,6,1,3,"Rond point des Huguenots","43,2533610","1,2005930",201900007948,138 291 600,B01,2,1,0,2,7,1,5,NULL,201900007948,138 291 600,B01,1,1,3,1,1940,5,2,-1,-1,0,0,-1,201900007948,3,627,NULL,NULL,2,2,0,1,47,350,4,NULL,NULL,1,0,1,50
201900007948,8,2,2019,11:50:00,1,31,31455,2,6,1,3,"Rond point des Huguenots","43,2533610","1,2005930",201900007948,138 291 600,B01,2,1,0,2,7,1,5,NULL,201900007948,138 291 601,A01,1,1,1,2,1973,5,1,-1,-1,0,0,-1,201900007948,3,627,NULL,NULL,2,2,0,1,47,350,4,NULL,NULL,1,0,1,50
201900007953,8,2,2019,19:45:00,3,2,02453,1,1,1,3,D103,"49,3826632","3,7356379",201900007953,138 291 588,B01,1,1,0,2,8,1,5,NULL,201900007953,138 291 588,B01,1,1,4,1,2003,2,4,-1,-1,0,0,-1,201900007953,3,103,0,NULL,2,2,0,1,0,900,3,NULL,NULL,1,0,1,70
201900007964,13,2,2019,15:40:00,1,58,58095,1,1,1,2,"route des feuillats","46,7930560","3,5085170",201900007964,138 291 572,A01,2,1,0,2,1,1,5,NULL,201900007964,138 291 571,B01,1,1,1,1,1956,5,2,-1,-1,0,0,-1,201900007964,3,116,NULL,NULL,2,2,0,1,22,300,1,NULL,NULL,1,0,1,80
201900007964,13,2,2019,15:40:00,1,58,58095,1,1,1,2,"route des feuillats","46,7930560","3,5085170",201900007964,138 291 571,B01,2,1,0,0,4,1,5,NULL,201900007964,138 291 571,B01,1,1,1,1,1956,5,2,-1,-1,0,0,-1,201900007964,3,116,NULL,NULL,2,2,0,1,22,300,1,NULL,NULL,1,0,1,80
201900007964,13,2,2019,15:40:00,1,58,58095,1,1,1,2,"route des feuillats","46,7930560","3,5085170",201900007964,138 291 572,A01,2,1,0,2,1,1,5,NULL,201900007964,138 291 572,A01,1,1,3,1,1957,5,2,-1,-1,0,0,-1,201900007964,3,116,NULL,NULL,2,2,0,1,22,300,1,NULL,NULL,1,0,1,80
201900007964,13,2,2019,15:40:00,1,58,58095,1,1,1,2,"route des feuillats","46,7930560","3,5085170",201900007964,138 291 571,B01,2,1,0,0,4,1,5,NULL,201900007964,138 291 572,A01,1,1,3,1,1957,5,2,-1,-1,0,0,-1,201900007964,3,116,NULL,NULL,2,2,0,1,22,300,1,NULL,NULL,1,0,1,80
201900007967,11,2,2019,07:40:00,1,72,72346,2,1,2,3,"3 rue du Faubourg St Michel","47,8898480","0,0322540",201900007967,138 291 561,A01,3,1,0,2,2,1,5,NULL,201900007967,138 291 561,A01,1,1,3,1,1981,1,0,-1,-1,0,0,-1,201900007967,9,NULL,NULL,NULL,2,2,0,1,(1),(1),1,NULL,NULL,2,5,1,50
201900007967,11,2,2019,07:40:00,1,72,72346,2,1,2,3,"3 rue du Faubourg St Michel","47,8898480","0,0322540",201900007967,138 291 561,A01,3,1,0,2,2,1,5,NULL,201900007967,138 291 562,B01,1,1,1,2,1989,1,1,-1,-1,0,0,-1,201900007967,9,NULL,NULL,NULL,2,2,0,1,(1),(1),1,NULL,NULL,2,5,1,50
201900007981,9,2,2019,08:30:00,1,16,16044,1,1,2,1,"RD 197","46,0264200","0,2522070",201900007981,138 291 533,B01,2,1,0,2,1,1,5,NULL,201900007981,138 291 532,A01,1,1,1,2,1972,5,1,-1,-1,0,0,-1,201900007981,3,197,0,NULL,2,2,0,2,0,565,1,0,3.8,2,0,1,80
201900007981,9,2,2019,08:30:00,1,16,16044,1,1,2,1,"RD 197","46,0264200","0,2522070",201900007981,138 291 533,B01,2,1,0,2,1,1,5,NULL,201900007981,138 291 533,B01,1,1,3,1,1952,5,2,-1,-1,0,0,-1,201900007981,3,197,0,NULL,2,2,0,2,0,565,1,0,3.8,2,0,1,80
201900007984,11,2,2019,08:36:00,1,53,53084,2,6,1,3,"promenade Charles de Gaulle","47,8470260"," -0,9482380",201900007984,138 291 528,A01,2,1,0,2,0,0,5,NULL,201900007984,138 291 527,B01,1,1,1,2,1976,5,1,-1,-1,0,0,-1,201900007984,3,771,NULL,D,-1,1,0,1,27,700,3,NULL,NULL,1,5,1,50
201900007984,11,2,2019,08:36:00,1,53,53084,2,6,1,3,"promenade Charles de Gaulle","47,8470260"," -0,9482380",201900007984,138 291 528,A01,2,1,0,2,0,0,5,NULL,201900007984,138 291 528,A01,1,1,3,1,1999,1,4,-1,-1,0,0,-1,201900007984,3,771,NULL,D,-1,1,0,1,27,700,3,NULL,NULL,1,5,1,50
201900007985,8,2,2019,11:50:00,1,40,40089,2,1,1,2,"D 18 - 511 ROUTE DE MUGRON","43,6916100"," -0,6497180",201900007985,138 291 525,B01,2,1,0,2,5,18,5,NULL,201900007985,138 291 525,B01,1,1,3,1,1983,5,2,-1,-1,0,0,-1,201900007985,3,18,0,D,2,2,0,2,20,100,1,NULL,NULL,1,0,1,50
201900007985,8,2,2019,11:50:00,1,40,40089,2,1,1,2,"D 18 - 511 ROUTE DE MUGRON","43,6916100"," -0,6497180",201900007985,138 291 525,B01,2,1,0,2,5,18,5,NULL,201900007985,138 291 526,A01,1,1,1,1,1991,4,8,-1,-1,0,0,-1,201900007985,3,18,0,D,2,2,0,2,20,100,1,NULL,NULL,1,0,1,50
201900008020,19,3,2019,19:32:00,1,3,03023,2,2,1,3,"avenue des Acacias","46,1091934","3,4105062",201900008020,138 291 469,B01,0,1,0,2,8,19,5,NULL,201900008020,138 291 469,B01,1,1,3,1,1966,5,2,0,-1,0,0,-1,201900008020,4,"rue des Acacias",0,NULL,1,1,0,1,0,0,1,NULL,NULL,1,0,1,50
201900008020,19,3,2019,19:32:00,1,3,03023,2,2,1,3,"avenue des Acacias","46,1091934","3,4105062",201900008020,138 291 469,B01,0,1,0,2,8,19,5,NULL,201900008020,138 291 470,A01,1,1,1,1,1970,5,1,8,-1,0,0,-1,201900008020,4,"rue des Acacias",0,NULL,1,1,0,1,0,0,1,NULL,NULL,1,0,1,50
201900008036,23,3,2019,17:55:00,2,75,75106,2,1,1,3,"BOULEVARD SAINT GERMAIN","48,8519100","2,3410500",201900008036,138 291 433,B01,2,1,0,2,7,7,5,NULL,201900008036,138 291 433,B01,1,1,4,1,1997,5,8,0,-1,0,0,-1,201900008036,4,"BOULEVARD SAINT GERMAIN",0,NULL,1,3,3,1,0,0,1,NULL,NULL,1,0,6,50
201900008036,23,3,2019,17:55:00,2,75,75106,2,1,1,3,"BOULEVARD SAINT GERMAIN","48,8519100","2,3410500",201900008036,138 291 433,B01,2,1,0,2,7,7,5,NULL,201900008036,138 291 434,A01,1,1,4,1,1984,4,2,6,-1,0,0,-1,201900008036,4,"BOULEVARD SAINT GERMAIN",0,NULL,1,3,3,1,0,0,1,NULL,NULL,1,0,6,50
201900008041,25,3,2019,20:40:00,5,75,75120,2,2,1,3,"RUE DES PYRENEES","48,8632890","2,3997040",201900008041,138 291 426,A01,1,1,0,2,0,1,5,NULL,201900008041,138 291 425,B01,1,1,1,1,1941,5,1,0,-1,0,0,-1,201900008041,4,"RUE DES PYRENEES",0,NULL,2,2,0,2,0,0,1,NULL,NULL,1,0,1,50
201900008041,25,3,2019,20:40:00,5,75,75120,2,2,1,3,"RUE DES PYRENEES","48,8632890","2,3997040",201900008041,138 291 426,A01,1,1,0,2,0,1,5,NULL,201900008041,138 291 426,A01,1,1,4,1,1987,5,2,0,-1,0,0,-1,201900008041,4,"RUE DES PYRENEES",0,NULL,2,2,0,2,0,0,1,NULL,NULL,1,0,1,50
201900008049,25,3,2019,15:15:00,1,75,75119,2,2,1,3,"AVENUE SIMON BOLIVAR","48,8755820","2,3818730",201900008049,138 291 414,B01,2,1,0,2,3,15,5,NULL,201900008049,138 291 413,A01,1,1,1,1,1976,0,2,6,-1,0,0,-1,201900008049,4,"AVENUE SIMON BOLIVAR",0,NULL,2,2,0,2,0,0,1,NULL,NULL,1,0,1,50
201900008049,25,3,2019,15:15:00,1,75,75119,2,2,1,3,"AVENUE SIMON BOLIVAR","48,8755820","2,3818730",201900008049,138 291 414,B01,2,1,0,2,3,15,5,NULL,201900008049,138 291 414,B01,1,1,4,2,1990,0,2,0,-1,0,0,-1,201900008049,4,"AVENUE SIMON BOLIVAR",0,NULL,2,2,0,2,0,0,1,NULL,NULL,1,0,1,50
201900008050,25,3,2019,09:50:00,1,75,75119,2,2,1,3,"RUE DE CRIMEE","48,8849880","2,3832710",201900008050,138 291 411,B01,2,1,0,2,1,1,5,NULL,201900008050,138 291 411,B01,1,1,4,1,1994,1,2,0,-1,0,0,-1,201900008050,4,"RUE DE CRIMEE",0,NULL,1,2,1,1,0,0,1,NULL,NULL,1,0,5,30
201900008050,25,3,2019,09:50:00,1,75,75119,2,2,1,3,"RUE DE CRIMEE","48,8849880","2,3832710",201900008050,138 291 411,B01,2,1,0,2,1,1,5,NULL,201900008050,138 291 412,A01,1,1,1,1,1960,1,1,0,-1,0,0,-1,201900008050,4,"RUE DE CRIMEE",0,NULL,1,2,1,1,0,0,1,NULL,NULL,1,0,5,30
201900008062,25,3,2019,10:30:00,1,75,75116,2,2,1,3,"RUE MOLITOR","48,8452700","2,2604740",201900008062,138 291 391,B01,2,1,0,2,1,1,5,NULL,201900008062,138 291 390,A01,1,1,1,2,1947,5,1,0,-1,0,0,-1,201900008062,4,"RUE MOLITOR",0,NULL,2,2,0,1,0,0,1,NULL,NULL,1,0,1,50
201900008062,25,3,2019,10:30:00,1,75,75116,2,2,1,3,"RUE MOLITOR","48,8452700","2,2604740",201900008062,138 291 391,B01,2,1,0,2,1,1,5,NULL,201900008062,138 291 391,B01,1,1,4,2,1948,5,2,0,-1,0,0,-1,201900008062,4,"RUE MOLITOR",0,NULL,2,2,0,1,0,0,1,NULL,NULL,1,0,1,50
201900008063,24,3,2019,15:25:00,1,75,75116,2,1,1,6,"ROUTE DE SEVRES A NEUILLY","48,8606650","2,2373190",201900008063,138 291 389,A01,3,1,0,1,1,1,5,NULL,201900008063,138 291 389,A01,10,3,4,2,1959,0,8,0,-1,8,2,1,201900008063,4,"ROUTE DE SEVRES A NEUILLY",0,NULL,-1,1,0,1,0,0,1,NULL,NULL,1,0,5,50
201900008063,24,3,2019,15:25:00,1,75,75116,2,1,1,6,"ROUTE DE SEVRES A NEUILLY","48,8606650","2,2373190",201900008063,138 291 389,A01,3,1,0,1,1,1,5,NULL,201900008063,138 291 389,A01,1,1,1,1,2002,0,2,8,-1,0,0,-1,201900008063,4,"ROUTE DE SEVRES A NEUILLY",0,NULL,-1,1,0,1,0,0,1,NULL,NULL,1,0,5,50
201900008079,20,3,2019,08:00:00,1,75,75114,2,1,1,3,"BOULEVARD SAINT JACQUES","48,8325760","2,3389150",201900008079,138 291 363,B01,1,1,0,2,1,1,5,NULL,201900008079,138 291 363,B01,1,1,4,1,1963,1,2,0,-1,0,0,-1,201900008079,4,"BOULEVARD SAINT JACQUES",0,NULL,1,2,1,2,0,0,1,NULL,NULL,1,0,5,50
201900008079,20,3,2019,08:00:00,1,75,75114,2,1,1,3,"BOULEVARD SAINT JACQUES","48,8325760","2,3389150",201900008079,138 291 363,B01,1,1,0,2,1,1,5,NULL,201900008079,138 291 364,A01,1,1,1,1,1971,2,1,0,-1,0,0,-1,201900008079,4,"BOULEVARD SAINT JACQUES",0,NULL,1,2,1,2,0,0,1,NULL,NULL,1,0,5,50
201900008081,24,3,2019,19:30:00,5,75,75113,2,1,1,6,"RUE DE TOLBIAC","48,8267800","2,3647710",201900008081,138 291 359,A01,2,1,1,0,1,21,5,NULL,201900008081,138 291 359,A01,1,1,4,1,1968,1,2,0,-1,0,0,-1,201900008081,4,"RUE DE TOLBIAC",0,NULL,2,3,0,1,0,0,1,NULL,NULL,1,0,1,50
201900008083,22,3,2019,10:40:00,1,75,75113,2,8,1,3,"RUE DE TOLBIAC","48,8259890","2,3536510",201900008083,138 291 355,A01,2,1,0,2,7,17,5,NULL,201900008083,138 291 355,A01,1,1,4,1,1971,0,2,0,-1,0,0,-1,201900008083,4,"RUE DE TOLBIAC",0,NULL,2,3,0,1,0,0,1,NULL,NULL,1,0,1,50
201900008083,22,3,2019,10:40:00,1,75,75113,2,8,1,3,"RUE DE TOLBIAC","48,8259890","2,3536510",201900008083,138 291 355,A01,2,1,0,2,7,17,5,NULL,201900008083,138 291 356,B01,1,1,1,1,1994,5,2,6,-1,0,0,-1,201900008083,4,"RUE DE TOLBIAC",0,NULL,2,3,0,1,0,0,1,NULL,NULL,1,0,1,50
201900008095,21,3,2019,08:00:00,1,75,75110,2,3,1,6,"BOULEVARD DE MAGENTA","48,8806250","2,3521530",201900008095,138 291 336,A01,2,1,0,0,0,21,5,NULL,201900008095,138 291 336,A01,2,1,4,1,1959,0,2,0,-1,0,0,-1,201900008095,4,"BOULEVARD DE MAGENTA",0,NULL,2,4,0,2,0,0,1,NULL,NULL,1,0,1,50
201900008100,21,3,2019,11:19:00,1,75,75109,2,1,1,3,"RUE DE CHATEAUDUN","48,8763090","2,3334540",201900008100,138 291 328,B01,1,1,0,2,1,1,5,NULL,201900008100,138 291 328,B01,1,1,4,2,1995,1,2,0,-1,0,0,-1,201900008100,4,"RUE DE CHATEAUDUN",0,NULL,1,3,0,1,0,0,1,NULL,NULL,1,0,1,50
201900008100,21,3,2019,11:19:00,1,75,75109,2,1,1,3,"RUE DE CHATEAUDUN","48,8763090","2,3334540",201900008100,138 291 328,B01,1,1,0,2,1,1,5,NULL,201900008100,138 291 329,A01,4,2,1,2,1989,1,1,0,-1,0,0,-1,201900008100,4,"RUE DE CHATEAUDUN",0,NULL,1,3,0,1,0,0,1,NULL,NULL,1,0,1,50
201900008100,21,3,2019,11:19:00,1,75,75109,2,1,1,3,"RUE DE CHATEAUDUN","48,8763090","2,3334540",201900008100,138 291 328,B01,1,1,0,2,1,1,5,NULL,201900008100,138 291 329,A01,1,1,4,1,1993,0,1,0,-1,0,0,-1,201900008100,4,"RUE DE CHATEAUDUN",0,NULL,1,3,0,1,0,0,1,NULL,NULL,1,0,1,50
201900008110,22,3,2019,20:50:00,5,75,75101,2,1,1,6,"RUE DU LOUVRE","48,8621060","2,3414250",201900008110,138 291 311,A01,2,1,0,1,1,1,5,NULL,201900008110,138 291 311,A01,10,3,4,2,1998,0,8,0,-1,4,3,1,201900008110,4,"RUE DU LOUVRE",0,NULL,2,4,3,1,0,0,1,NULL,NULL,1,0,1,30
201900008110,22,3,2019,20:50:00,5,75,75101,2,1,1,6,"RUE DU LOUVRE","48,8621060","2,3414250",201900008110,138 291 311,A01,2,1,0,1,1,1,5,NULL,201900008110,138 291 311,A01,1,1,4,1,1989,0,8,0,-1,0,0,-1,201900008110,4,"RUE DU LOUVRE",0,NULL,2,4,3,1,0,0,1,NULL,NULL,1,0,1,30
201900008111,20,3,2019,12:35:00,1,75,75104,2,1,1,7,"RUE DE TURENNE","48,8557910","2,3638280",201900008111,138 291 310,B01,1,1,0,0,0,21,5,NULL,201900008111,138 291 310,B01,1,1,4,1,1949,9,8,8,-1,0,0,-1,201900008111,4,"RUE DE TURENNE",0,NULL,2,1,0,1,0,0,1,NULL,NULL,1,9,1,50
201900008112,20,3,2019,09:10:00,1,75,75104,2,4,1,1,"VOIE GEORGES POMPIDOU","48,8535610","2,3565050",201900008112,138 291 309,B01,2,1,0,2,0,9,5,NULL,201900008112,138 291 308,A01,1,1,1,1,1988,1,8,0,-1,0,0,-1,201900008112,4,"VOIE GEORGES POMPIDOU",0,NULL,2,1,3,1,0,0,1,NULL,NULL,1,0,5,50
201900008112,20,3,2019,09:10:00,1,75,75104,2,4,1,1,"VOIE GEORGES POMPIDOU","48,8535610","2,3565050",201900008112,138 291 308,A01,1,1,0,2,1,1,5,NULL,201900008112,138 291 308,A01,1,1,1,1,1988,1,8,0,-1,0,0,-1,201900008112,4,"VOIE GEORGES POMPIDOU",0,NULL,2,1,3,1,0,0,1,NULL,NULL,1,0,5,50
201900008112,20,3,2019,09:10:00,1,75,75104,2,4,1,1,"VOIE GEORGES POMPIDOU","48,8535610","2,3565050",201900008112,138 291 309,B01,2,1,0,2,0,9,5,NULL,201900008112,138 291 309,B01,1,1,4,2,1990,1,8,0,-1,0,0,-1,201900008112,4,"VOIE GEORGES POMPIDOU",0,NULL,2,1,3,1,0,0,1,NULL,NULL,1,0,5,50
201900008112,20,3,2019,09:10:00,1,75,75104,2,4,1,1,"VOIE GEORGES POMPIDOU","48,8535610","2,3565050",201900008112,138 291 308,A01,1,1,0,2,1,1,5,NULL,201900008112,138 291 309,B01,1,1,4,2,1990,1,8,0,-1,0,0,-1,201900008112,4,"VOIE GEORGES POMPIDOU",0,NULL,2,1,3,1,0,0,1,NULL,NULL,1,0,5,50
201900008116,22,3,2019,18:30:00,1,94,94068,2,1,1,2,"WINSTON CHURCHILL (QU)","48,8009500","2,5220900",201900008116,138 291 301,A01,3,1,0,2,1,1,5,NULL,201900008116,138 291 300,B01,1,1,1,2,1960,9,1,0,-1,-1,0,-1,201900008116,4,"WINSTON CHURCHILL (QU)",0,NULL,-1,1,0,1,0,0,1,NULL,NULL,1,0,1,30
201900008116,22,3,2019,18:30:00,1,94,94068,2,1,1,2,"WINSTON CHURCHILL (QU)","48,8009500","2,5220900",201900008116,138 291 301,A01,3,1,0,2,1,1,5,NULL,201900008116,138 291 301,A01,1,1,3,1,1968,5,2,0,-1,-1,0,-1,201900008116,4,"WINSTON CHURCHILL (QU)",0,NULL,-1,1,0,1,0,0,1,NULL,NULL,1,0,1,30
201900008132,25,3,2019,17:15:00,1,94,94060,2,1,1,2,"GENERAL LECLERC (R DU)","48,7850000","2,5800000",201900008132,138 291 277,B01,2,1,0,2,1,1,5,NULL,201900008132,138 291 276,A01,5,2,1,2,1981,0,1,0,-1,-1," -1",-1,201900008132,4,"GENERAL LECLERC (R DU)",0,NULL,2,2,0,1,0,0,1,NULL,NULL,1,0,1,50
201900008132,25,3,2019,17:15:00,1,94,94060,2,1,1,2,"GENERAL LECLERC (R DU)","48,7850000","2,5800000",201900008132,138 291 277,B01,2,1,0,2,1,1,5,NULL,201900008132,138 291 276,A01,1,1,1,1,1980,1,1,0,-1,-1," -1",-1,201900008132,4,"GENERAL LECLERC (R DU)",0,NULL,2,2,0,1,0,0,1,NULL,NULL,1,0,1,50
201900008132,25,3,2019,17:15:00,1,94,94060,2,1,1,2,"GENERAL LECLERC (R DU)","48,7850000","2,5800000",201900008132,138 291 277,B01,2,1,0,2,1,1,5,NULL,201900008132,138 291 277,B01,1,1,4,1,1980,0,2,0,-1,-1," -1",-1,201900008132,4,"GENERAL LECLERC (R DU)",0,NULL,2,2,0,1,0,0,1,NULL,NULL,1,0,1,50
201900008154,21,3,2019,16:50:00,1,93,93051,2,6,1,3,"VICTOR BASCH (AVENUE)","48,8413300","2,5596600",201900008154,138 291 242,B01,2,1,0,2,1,1,5,NULL,201900008154,138 291 242,B01,1,1,4,1,1971,1,8,0,-1,0,0,-1,201900008154,4,"VICTOR BASCH (AVENUE)",0,NULL,1,2,0,1,0,0,2,NULL,NULL,1,0,1,50
201900008154,21,3,2019,16:50:00,1,93,93051,2,6,1,3,"VICTOR BASCH (AVENUE)","48,8413300","2,5596600",201900008154,138 291 242,B01,2,1,0,2,1,1,5,NULL,201900008154,138 291 243,A01,1,1,1,2,1949,5,1,8,-1,-1," -1",-1,201900008154,4,"VICTOR BASCH (AVENUE)",0,NULL,1,2,0,1,0,0,2,NULL,NULL,1,0,1,50
201900008182,21,3,2019,11:15:00,1,93,93057,2,6,1,2,"BRACKEY ( CAR.)","48,9000000","2,5000000",201900008182,138 291 193,B01,0,1,0,2,4,16,5,NULL,201900008182,138 291 193,B01,2,1,4,1,1966,0,8,0,-1,-1," -1",-1,201900008182,4,"BRACKEY ( CAR.)",0,NULL,2,4,0,1,0,0,1,NULL,NULL,1,0,-1,50
201900008182,21,3,2019,11:15:00,1,93,93057,2,6,1,2,"BRACKEY ( CAR.)","48,9000000","2,5000000",201900008182,138 291 193,B01,0,1,0,2,4,16,5,NULL,201900008182,138 291 194,A01,1,1,1,1,1960,0,1,0,-1,-1," -1",-1,201900008182,4,"BRACKEY ( CAR.)",0,NULL,2,4,0,1,0,0,1,NULL,NULL,1,0,-1,50
201900008191,25,3,2019,19:45:00,5,93,93001,2,1,1,4,"VICTOR HUGO (AVE)  => 120","48,9081960","2,3775968",201900008191,138 291 178,C01,2,1,0,2,0,2,0,NULL,201900008191,138 291 177,B01,1,1,3,1,1987,9,2,6,-1,-1," -1",-1,201900008191,3,901,0,NULL,-1,4,0,1,0,1,1,NULL,NULL,1,0,1,50
201900008191,25,3,2019,19:45:00,5,93,93001,2,1,1,4,"VICTOR HUGO (AVE)  => 120","48,9081960","2,3775968",201900008191,138 291 178,C01,2,1,0,2,0,2,0,NULL,201900008191,138 291 178,C01,1,1,4,1,1987,9,8,0,-1,-1," -1",-1,201900008191,3,901,0,NULL,-1,4,0,1,0,1,1,NULL,NULL,1,0,1,50
201900008191,25,3,2019,19:45:00,5,93,93001,2,1,1,4,"VICTOR HUGO (AVE)  => 120","48,9081960","2,3775968",201900008191,138 291 178,C01,2,1,0,2,0,2,0,NULL,201900008191,138 291 179,A01,1,1,1,1,1977,0,1,0,-1,-1," -1",-1,201900008191,3,901,0,NULL,-1,4,0,1,0,1,1,NULL,NULL,1,0,1,50
201900008194,19,3,2019,21:18:00,5,92,92075,2,1,1,3,"RAYMOND MARCHERON (RUE)","48,8182900","2,2850800",201900008194,138 291 171,B01,2,1,1,0,1,18,5,NULL,201900008194,138 291 170,A01,2,2,1,1,1990,5,1,0,-1,-1,0,-1,201900008194,3,130,0,NULL,2,2,0,2,0,0,1,NULL,NULL,1,0,1,50
201900008194,19,3,2019,21:18:00,5,92,92075,2,1,1,3,"RAYMOND MARCHERON (RUE)","48,8182900","2,2850800",201900008194,138 291 171,B01,2,1,1,0,1,18,5,NULL,201900008194,138 291 170,A01,1,1,1,1,1941,5,1,0,-1,-1,0,-1,201900008194,3,130,0,NULL,2,2,0,2,0,0,1,NULL,NULL,1,0,1,50
201900008194,19,3,2019,21:18:00,5,92,92075,2,1,1,3,"RAYMOND MARCHERON (RUE)","48,8182900","2,2850800",201900008194,138 291 171,B01,2,1,1,0,1,18,5,NULL,201900008194,138 291 171,B01,1,1,4,1,1989,1,8,0,-1,-1,0,-1,201900008194,3,130,0,NULL,2,2,0,2,0,0,1,NULL,NULL,1,0,1,50