Num_Acc,jour,mois,an,hrmn,lum,dep,com,agg,int,atm,col,adr,lat,long,Num_Acc,id_vehicule,num_veh,senc,catv,obs,obsm,choc,manv,motor,occutc,Num_Acc,id_vehicule,num_veh,place,catu,grav,sexe,an_nais,trajet,secu1,secu2,secu3,locp,actp,etatp,Num_Acc,catr,voie,v1,v2,circ,nbv,vosp,prof,pr,pr1,plan,lartpc,larrout,surf,infra,situ,vma
201900008218,19,10,2019,16:55:00,1,33,33192,2,1,1,3,"RTE DE LEOGNAN","44,7516500"," -0,6162500",201900008218,138 291 126,B01,0,1,0,2,1,1,5,NULL,201900008218,138 291 126,B01,1,1,4,1,1963,0,8,0,-1,-1,0,-1,201900008218,4,"RTE DE LEOGNAN",0,NULL,2,4,2,1,0,0,3,NULL,NULL,1,0,1,50
201900008218,19,10,2019,16:55:00,1,33,33192,2,1,1,3,"RTE DE LEOGNAN","44,7516500"," -0,6162500",201900008218,138 291 126,B01,0,1,0,2,1,1,5,NULL,201900008218,138 291 127,A01,1,1,1,2,1974,0,8,0,-1,-1,0,-1,201900008218,4,"RTE DE LEOGNAN",0,NULL,2,4,2,1,0,0,3,NULL,NULL,1,0,1,50
201900008219,19,10,2019,12:55:00,1,33,33522,2,1,1,3,"RUE PACARIS","44,7981500"," -0,5817500",201900008219,138 291 125,B01,2,1,0,2,8,16,5,NULL,201900008219,138 291 124,A01,1,1,1,2,1963,5,1,0,-1,-1,0,-1,201900008219,4,"RUE PACARIS",0,NULL,2,2,0,1,0,0,1,NULL,NULL,1,0,1,50
201900008219,19,10,2019,12:55:00,1,33,33522,2,1,1,3,"RUE PACARIS","44,7981500"," -0,5817500",201900008219,138 291 125,B01,2,1,0,2,8,16,5,NULL,201900008219,138 291 125,B01,1,1,3,1,1992,1,8,0,-1,-1,0,-1,201900008219,4,"RUE PACARIS",0,NULL,2,2,0,1,0,0,1,NULL,NULL,1,0,1,50
201900008238,19,10,2019,17:15:00,1,75,75110,2,2,1,6,"RUE BEAUREPAIRE","48,8693256","2,3633875",201900008238,138 291 092,A01,1,1,0,1,1,1,5,NULL,201900008238,138 291 092,A01,10,3,4,2,1950,5,0,-1,-1,2,3,1,201900008238,4,"RUE BEAUREPAIRE",0,NULL,2,2,1,1,0,0,1,NULL,NULL,1,0,5,30
201900008238,19,10,2019,17:15:00,1,75,75110,2,2,1,6,"RUE BEAUREPAIRE","48,8693256","2,3633875",201900008238,138 291 092,A01,1,1,0,1,1,1,5,NULL,201900008238,138 291 092,A01,1,1,1,2,1985,5,2,8,-1,0,0,-1,201900008238,4,"RUE BEAUREPAIRE",0,NULL,2,2,1,1,0,0,1,NULL,NULL,1,0,5,30
201900008247,19,10,2019,08:40:00,1,92,92072,2,1,2,3,"LECLERC (AVENUE DE LA DIVISION)","48,8256956","2,2196266",201900008247,138 291 077,B01,3,1,0,2,1,17,5,NULL,201900008247,138 291 076,A01,1,1,1,1,1971,1,8,0,-1,0,0,-1,201900008247,3,406,0,NULL,2,2,0,2,50,0,1,NULL,NULL,2,0,1,50
201900008247,19,10,2019,08:40:00,1,92,92072,2,1,2,3,"LECLERC (AVENUE DE LA DIVISION)","48,8256956","2,2196266",201900008247,138 291 077,B01,3,1,0,2,1,17,5,NULL,201900008247,138 291 077,B01,1,1,4,2,1993,0,2,0,-1,0,0,-1,201900008247,3,406,0,NULL,2,2,0,2,50,0,1,NULL,NULL,2,0,1,50
201900008350,15,10,2019,16:35:00,1,70,70550,2,1,2,3,"COUBERTIN (RUE PIERRE DE)","47,6221900","6,1666900",201900008350,138 290 895,A01,1,1,0,2,1,25,5,NULL,201900008350,138 290 894,B01,1,1,1,2,1949,1,1,0,-1,-1," -1",-1,201900008350,3,301,0,NULL,-1,2,0,1,0,490,1,NULL,NULL,2,0,4,50
201900008350,15,10,2019,16:35:00,1,70,70550,2,1,2,3,"COUBERTIN (RUE PIERRE DE)","47,6221900","6,1666900",201900008350,138 290 895,A01,1,1,0,2,1,25,5,NULL,201900008350,138 290 895,A01,1,1,3,1,1984,5,8,0,-1,-1," -1",-1,201900008350,3,301,0,NULL,-1,2,0,1,0,490,1,NULL,NULL,2,0,4,50
201900008353,18,10,2019,09:45:00,1,67,67482,2,1,1,3,"MITTELHAUSBERGEN (ROUTE DE)","48,5929700","7,7225700",201900008353,138 290 890,B01,1,1,0,2,3,1,5,NULL,201900008353,138 290 890,B01,1,1,4,1,1981,5,2,0,-1,-1,0,-1,201900008353,4,"MITTELHAUSBERGEN (ROUTE DE)",0,NULL,2,2,0,1,0,0,1,NULL,NULL,1,0,1,50
201900008354,17,10,2019,22:10:00,5,67,67482,2,3,2,3,"GENERAL KOENIG (QUAI DU)","48,5752700","7,7548600",201900008354,138 290 887,A01,1,1,0,2,0,19,5,NULL,201900008354,138 290 887,A01,1,1,4,1,1965,0,8,0,-1,-1,0,-1,201900008354,4,"GENERAL KOENIG (QUAI DU)",0,NULL,2,5,1,1,0,0,1,NULL,NULL,1,0,1,50
201900008354,17,10,2019,22:10:00,5,67,67482,2,3,2,3,"GENERAL KOENIG (QUAI DU)","48,5752700","7,7548600",201900008354,138 290 887,A01,1,1,0,2,0,19,5,NULL,201900008354,138 290 888,B01,1,1,1,1,1992,0,1,0,-1,-1,0,-1,201900008354,4,"GENERAL KOENIG (QUAI DU)",0,NULL,2,5,1,1,0,0,1,NULL,NULL,1,0,1,50
201900008359,17,10,2019,18:00:00,1,64,64348,2,6,1,3,"EUROPE DE L'","43,3210178"," -0,3918444",201900008359,138 290 878,B01,1,1,0,2,1,1,5,NULL,201900008359,138 290 878,B01,1,1,4,2,1971,1,2,8,-1,-1,0,-1,201900008359,3,834,0,NULL,3,2,0,1,33,861,3,NULL,NULL,1,0,1,50
201900008359,17,10,2019,18:00:00,1,64,64348,2,6,1,3,"EUROPE DE L'","43,3210178"," -0,3918444",201900008359,138 290 878,B01,1,1,0,2,1,1,5,NULL,201900008359,138 290 879,A01,1,1,1,2,1956,5,1,8,-1,-1,0,-1,201900008359,3,834,0,NULL,3,2,0,1,33,861,3,NULL,NULL,1,0,1,50
201900008365,18,10,2019,17:45:00,1,53,53201,1,6,1,3,"RD 900 VERS RENNES","48,0763000"," -0,8419500",201900008365,138 290 860,B01,2,1,0,2,0,1,-1,NULL,201900008365,138 290 859,A01,1,1,1,1,1990,1,1,0,-1,-1," -1",-1,201900008365,3,576,0,NULL,1,2,0,1,1,0,2,NULL,NULL,1,0,1,90
201900008365,18,10,2019,17:45:00,1,53,53201,1,6,1,3,"RD 900 VERS RENNES","48,0763000"," -0,8419500",201900008365,138 290 860,B01,2,1,0,2,0,1,-1,NULL,201900008365,138 290 860,B01,1,1,3,1,1949,5,8,-1,-1,-1," -1",-1,201900008365,3,576,0,NULL,1,2,0,1,1,0,2,NULL,NULL,1,0,1,90
201900008378,16,4,2019,10:50:00,1,56,56083,2,6,1,3,"JAURES ( AV. JEAN )","47,8020600"," -3,2787700",201900008378,138 290 838,B01,2,1,0,2,9,16,5,NULL,201900008378,138 290 837,A01,1,1,1,1,1981,4,1,8,-1,0,0,-1,201900008378,3,724,0,NULL,2,1,2,2,95,170,1,NULL,NULL,1,5,1,50
201900008378,16,4,2019,10:50:00,1,56,56083,2,6,1,3,"JAURES ( AV. JEAN )","47,8020600"," -3,2787700",201900008378,138 290 838,B01,2,1,0,2,9,16,5,NULL,201900008378,138 290 838,B01,1,1,3,2,1996,4,2,8,-1,0,0,-1,201900008378,3,724,0,NULL,2,1,2,2,95,170,1,NULL,NULL,1,5,1,50
201900008400,19,4,2019,12:46:00,1,49,49007,2,1,1,3,"BOISNET RUE","47,4740500"," -0,5544700",201900008400,138 290 794,B01,1,1,0,2,0,0,5,NULL,201900008400,138 290 793,A01,1,1,1,1,1993,0,1,8,-1,-1,0,-1,201900008400,4,"BOISNET RUE",0,NULL,2,2,0,1,0,0,1,NULL,NULL,1,0,1,50
201900008400,19,4,2019,12:46:00,1,49,49007,2,1,1,3,"BOISNET RUE","47,4740500"," -0,5544700",201900008400,138 290 794,B01,1,1,0,2,0,0,5,NULL,201900008400,138 290 794,B01,1,1,4,1,1978,0,8,0,-1,-1,0,-1,201900008400,4,"BOISNET RUE",0,NULL,2,2,0,1,0,0,1,NULL,NULL,1,0,1,50
201900008402,18,4,2019,13:50:00,1,49,49353,2,1,1,3,"AUBINIERE CHEMIN","47,4531600"," -0,4863300",201900008402,138 290 789,B01,1,1,0,2,0,0,5,NULL,201900008402,138 290 789,B01,1,1,4,1,1991,0,2,8,-1,-1,0,-1,201900008402,4,"AUBINIERE CHEMIN",0,NULL,2,2,0,1,0,0,1,NULL,NULL,1,0,1,50
201900008402,18,4,2019,13:50:00,1,49,49353,2,1,1,3,"AUBINIERE CHEMIN","47,4531600"," -0,4863300",201900008402,138 290 789,B01,1,1,0,2,0,0,5,NULL,201900008402,138 290 790,A01,1,1,1,1,1977,4,1,8,-1,-1,0,-1,201900008402,4,"AUBINIERE CHEMIN",0,NULL,2,2,0,1,0,0,1,NULL,NULL,1,0,1,50
201900008410,20,4,2019,17:30:00,1,46,46156,1,1,1,2,GRAND'RUE,"44,4716660","1,4786510",201900008410,138 290 775,B01,2,1,0,2,4,2,0,NULL,201900008410,138 290 774,A01,1,1,1,2,1983,5,1,8,-1,-1," -1",-1,201900008410,3,653,0,NULL,2,2,0,1,102,500,1,NULL,NULL,1,0,1,80
201900008410,20,4,2019,17:30:00,1,46,46156,1,1,1,2,GRAND'RUE,"44,4716660","1,4786510",201900008410,138 290 775,B01,2,1,0,2,4,2,0,NULL,201900008410,138 290 775,B01,1,1,3,1,1952,5,8,0,-1,-1," -1",-1,201900008410,3,653,0,NULL,2,2,0,1,102,500,1,NULL,NULL,1,0,1,80
201900008416,18,4,2019,18:12:00,1,45,45286,2,3,1,3,"AV GASTON GALLOUX - RUE DEMAY","47,8852813","1,9244270",201900008416,138 290 766,B01,2,1,0,2,1,0,5,NULL,201900008416,138 290 765,A01,1,1,1,1,1999,0,1,0,-1,0,0,-1,201900008416,4,"AV GASTON GALLOUX",0,NULL,3,5,1,1,(1),(1),1,NULL,NULL,1,0,1,50
201900008416,18,4,2019,18:12:00,1,45,45286,2,3,1,3,"AV GASTON GALLOUX - RUE DEMAY","47,8852813","1,9244270",201900008416,138 290 766,B01,2,1,0,2,1,0,5,NULL,201900008416,138 290 766,B01,1,1,4,2,1957,1,8,0,-1,0,0,-1,201900008416,4,"AV GASTON GALLOUX",0,NULL,3,5,1,1,(1),(1),1,NULL,NULL,1,0,1,50
201900008422,24,4,2019,17:00:00,1,44,44184,2,2,1,3,"RUES DE LA PAIX ET DES ARTS / MAINE","47,2767800"," -2,2111620",201900008422,138 290 755,A01,3,1,0,2,6,1,6,NULL,201900008422,138 290 755,A01,1,1,4,1,2004,5,8,0,-1,0,0,-1,201900008422,4,NULL,0,NULL,1,1,3,1,0,0,1,NULL,NULL,1,0,1,30
201900008422,24,4,2019,17:00:00,1,44,44184,2,2,1,3,"RUES DE LA PAIX ET DES ARTS / MAINE","47,2767800"," -2,2111620",201900008422,138 290 755,A01,3,1,0,2,6,1,6,NULL,201900008422,138 290 756,B01,1,1,1,2,1998,1,1,0,-1,0,0,-1,201900008422,4,NULL,0,NULL,1,1,3,1,0,0,1,NULL,NULL,1,0,1,30
201900008433,27,4,2019,08:05:00,1,42,42187,2,2,2,3,"BELGIQUE (BOULEVARD DE )","46,0459000","4,0745500",201900008433,138 290 731,A01,2,1,0,2,1,19,5,NULL,201900008433,138 290 730,B01,1,1,4,1,1953,5,1,8,-1,-1,0,-1,201900008433,4,"BELGIQUE (BOULEVARD DE )",0,NULL,2,2,2,2,0,0,1,NULL,NULL,2,5,1,50
201900008433,27,4,2019,08:05:00,1,42,42187,2,2,2,3,"BELGIQUE (BOULEVARD DE )","46,0459000","4,0745500",201900008433,138 290 731,A01,2,1,0,2,1,19,5,NULL,201900008433,138 290 731,A01,1,1,4,2,1983,1,2,0,-1,-1,0,-1,201900008433,4,"BELGIQUE (BOULEVARD DE )",0,NULL,2,2,2,2,0,0,1,NULL,NULL,2,5,1,50
201900008436,23,4,2019,18:30:00,1,39,39198,2,1,1,7,"JOUHAUX (AVENUE LEON) N° PAIRS","47,0845500","5,4754700",201900008436,138 290 721,A01,0,1,0,0,1,0,5,NULL,201900008436,138 290 721,A01,1,1,3,1,1968,-1,0,-1,-1,0,0,-1,201900008436,4,"JOUHAUX (AVENUE LEON) N° PAIRS",0,NULL,2,2,0,4,0,0,1,NULL,NULL,1,0,1,50
201900008438,25,4,2019,11:35:00,1,38,38185,2,1,1,6,"FRANCE (QUAI DE)","45,1933800","5,7200000",201900008438,138 290 718,B01,3,1,0,2,1,19,6,NULL,201900008438,138 290 717,A01,1,1,1,1,1947,9,1,0,-1,-1," -1",-1,201900008438,4,"FRANCE (QUAI DE)",0,NULL,1,1,0,1,0,0,1,NULL,NULL,1,0,1,30
201900008438,25,4,2019,11:35:00,1,38,38185,2,1,1,6,"FRANCE (QUAI DE)","45,1933800","5,7200000",201900008438,138 290 718,B01,3,1,0,2,1,19,6,NULL,201900008438,138 290 718,B01,1,1,3,1,1964,5,2,8,-1,-1," -1",-1,201900008438,4,"FRANCE (QUAI DE)",0,NULL,1,1,0,1,0,0,1,NULL,NULL,1,0,1,30
201900008440,23,4,2019,12:30:00,1,38,38185,2,1,1,6,"PASSAGE COURS BERRIAT","45,1886800","5,7150900",201900008440,138 290 714,A01,3,1,0,1,1,1,5,NULL,201900008440,138 290 714,A01,10,3,3,2,2007,0,8,0,-1,9,2,2,201900008440,4,"PASSAGE COURS BERRIAT",0,NULL,-1,1,0,1,0,0,1,NULL,NULL,1,6,1,10
201900008440,23,4,2019,12:30:00,1,38,38185,2,1,1,6,"PASSAGE COURS BERRIAT","45,1886800","5,7150900",201900008440,138 290 714,A01,3,1,0,1,1,1,5,NULL,201900008440,138 290 714,A01,1,1,1,1,1988,0,8,0,-1,0,0,-1,201900008440,4,"PASSAGE COURS BERRIAT",0,NULL,-1,1,0,1,0,0,1,NULL,NULL,1,6,1,10
201900008445,25,4,2019,14:30:00,1,37,37261,2,1,1,7,"DESCARTES (RUE)","47,3925119","0,6828719",201900008445,138 290 706,A01,2,1,0,0,1,1,5,NULL,201900008445,138 290 706,A01,1,1,4,2,1988,5,8,0,-1,-1,0,-1,201900008445,4,"DESCARTES (RUE)",0,NULL,1,1,2,1,0,0,1,NULL,NULL,1,0,1,50
201900008452,23,4,2019,08:30:00,1,37,37261,2,1,1,3,"VICTOIRE (RUE DE LA)","47,3958760","0,6770561",201900008452,138 290 695,B01,3,1,0,2,1,19,5,NULL,201900008452,138 290 695,B01,1,1,4,2,1994,1,8,0,-1,-1,0,-1,201900008452,4,"VICTOIRE (RUE DE LA)",0,NULL,2,2,0,1,0,0,1,NULL,NULL,1,0,1,50
201900008452,23,4,2019,08:30:00,1,37,37261,2,1,1,3,"VICTOIRE (RUE DE LA)","47,3958760","0,6770561",201900008452,138 290 695,B01,3,1,0,2,1,19,5,NULL,201900008452,138 290 696,A01,1,1,1,2,1975,1,1,8,-1,-1,0,-1,201900008452,4,"VICTOIRE (RUE DE LA)",0,NULL,2,2,0,1,0,0,1,NULL,NULL,1,0,1,50
201900008454,19,4,2019,08:24:00,1,37,37261,2,1,1,3,"TRANCHEE (PLACE DE LA)","47,4088222","0,6808298",201900008454,138 290 692,B01,3,1,0,2,3,1,5,NULL,201900008454,138 290 691,A01,1,1,1,2,1975,1,1,8,-1,-1,0,-1,201900008454,4,"TRANCHEE (PLACE DE LA)",0,NULL,1,1,1,2,0,0,1,NULL,NULL,1,0,1,50
201900008454,19,4,2019,08:24:00,1,37,37261,2,1,1,3,"TRANCHEE (PLACE DE LA)","47,4088222","0,6808298",201900008454,138 290 692,B01,3,1,0,2,3,1,5,NULL,201900008454,138 290 692,B01,1,1,4,2,1976,1,2,8,-1,-1,0,-1,201900008454,4,"TRANCHEE (PLACE DE LA)",0,NULL,1,1,1,2,0,0,1,NULL,NULL,1,0,1,50
201900008459,24,4,2019,17:02:00,1,36,36159,1,1,1,2,"ROUTE DE VARENNES","46,7720800","1,7344000",201900008459,138 290 683,B01,0,1,0,2,1,2,5,NULL,201900008459,138 290 682,A01,1,1,1,2,1952,9,1,8,-1,0,0,-1,201900008459,3,67,0,NULL,2,2,0,1,27,248,1,NULL,NULL,1,0,1,50
201900008459,24,4,2019,17:02:00,1,36,36159,1,1,1,2,"ROUTE DE VARENNES","46,7720800","1,7344000",201900008459,138 290 683,B01,0,1,0,2,1,2,5,NULL,201900008459,138 290 683,B01,1,1,4,1,2000,5,2,8,-1,-1," -1",-1,201900008459,3,67,0,NULL,2,2,0,1,27,248,1,NULL,NULL,1,0,1,50
201900008465,26,4,2019,09:10:00,1,35,35238,2,3,1,3,"PLANCHES (DES)","48,0994900"," -1,6713400",201900008465,138 290 672,B01,3,1,0,2,1,15,5,NULL,201900008465,138 290 671,A01,1,1,1,1,1995,4,1,0,-1,-1,0,-1,201900008465,4,"PLANCHES (DES)",0,NULL,2,1,2,1,0,0,1,NULL,NULL,1,0,1,30
201900008465,26,4,2019,09:10:00,1,35,35238,2,3,1,3,"PLANCHES (DES)","48,0994900"," -1,6713400",201900008465,138 290 672,B01,3,1,0,2,1,15,5,NULL,201900008465,138 290 672,B01,1,1,4,1,1960,1,8,0,-1,-1,0,-1,201900008465,4,"PLANCHES (DES)",0,NULL,2,1,2,1,0,0,1,NULL,NULL,1,0,1,30
201900008470,23,4,2019,08:50:00,1,35,35238,2,6,1,2,"VALLES (JULES)","48,1050470"," -1,7081100",201900008470,138 290 662,B01,3,1,0,2,5,26,5,NULL,201900008470,138 290 662,B01,1,1,4,1,2000,1,8,0,-1,-1,0,-1,201900008470,4,"VALLES (JULES)",0,NULL,1,2,2,1,0,0,2,NULL,NULL,1,0,1,50
201900008478,21,4,2019,20:15:00,2,34,34172,2,9,1,3,"PRES D'ARENES (AVENUE DES)","43,5918900","3,8811500",201900008478,138 290 645,B01,1,1,0,2,1,1,5,NULL,201900008478,138 290 645,B01,1,1,4,1,2007,5,8,0,-1,0,0,-1,201900008478,4,"PRES D'ARENES (AVENUE DES)",0,NULL,1,2,0,1,(1),(1),1,NULL,NULL,1,0,1,50
201900008478,21,4,2019,20:15:00,2,34,34172,2,9,1,3,"PRES D'ARENES (AVENUE DES)","43,5918900","3,8811500",201900008478,138 290 645,B01,1,1,0,2,1,1,5,NULL,201900008478,138 290 646,A01,1,1,1,1,1946,5,1,0,-1,0,0,-1,201900008478,4,"PRES D'ARENES (AVENUE DES)",0,NULL,1,2,0,1,(1),(1),1,NULL,NULL,1,0,1,50
201900008481,19,4,2019,18:03:00,1,34,34172,2,1,1,6,"LODEVE (AVENUE DE","43,6146000","3,8357500",201900008481,138 290 638,A01,1,1,0,2,1,25,5,NULL,201900008481,138 290 638,A01,1,1,4,1,1995,9,2,0,-1,0,0,-1,201900008481,4,"LODEVE (AVENUE DE",0,NULL,2,2,0,1,(1),(1),1,NULL,NULL,9,8,1,50
201900008481,19,4,2019,18:03:00,1,34,34172,2,1,1,6,"LODEVE (AVENUE DE","43,6146000","3,8357500",201900008481,138 290 638,A01,1,1,0,2,1,25,5,NULL,201900008481,138 290 639,B01,1,1,1,2,1999,1,1,8,-1,0,0,-1,201900008481,4,"LODEVE (AVENUE DE",0,NULL,2,2,0,1,(1),(1),1,NULL,NULL,9,8,1,50
201900008482,18,4,2019,09:40:00,1,34,34172,2,2,1,2,"FLAHAULT (AVENUE CHARLES","43,6237900","3,8620100",201900008482,138 290 636,A01,1,1,0,2,1,1,6,NULL,201900008482,138 290 636,A01,1,1,4,2,1998,2,2,8,-1,0,0,-1,201900008482,4,"FLAHAULT (AVENUE CHARLES",0,NULL,2,4,0,1,(1),(1),1,NULL,NULL,1,5,1,50
201900008482,18,4,2019,09:40:00,1,34,34172,2,2,1,2,"FLAHAULT (AVENUE CHARLES","43,6237900","3,8620100",201900008482,138 290 636,A01,1,1,0,2,1,1,6,NULL,201900008482,138 290 637,B01,1,1,1,1,1957,5,1,8,-1,0,0,-1,201900008482,4,"FLAHAULT (AVENUE CHARLES",0,NULL,2,4,0,1,(1),(1),1,NULL,NULL,1,5,1,50
201900008486,19,4,2019,06:30:00,5,33,33063,2,2,1,1,"CRS DE LA LIBERATION","44,8328800"," -0,5818200",201900008486,138 290 630,A01,1,1,0,2,1,1,5,NULL,201900008486,138 290 630,A01,1,1,4,1,1974,1,8,6,-1,0," -1",-1,201900008486,4,"CRS DE LA LIBERATION",0,NULL,2,4,1,1,0,0,1,NULL,NULL,1,0,1,50
201900008486,19,4,2019,06:30:00,5,33,33063,2,2,1,1,"CRS DE LA LIBERATION","44,8328800"," -0,5818200",201900008486,138 290 630,A01,1,1,0,2,1,1,5,NULL,201900008486,138 290 631,B01,1,1,1,1,1964,0,8,0,-1,0," -1",-1,201900008486,4,"CRS DE LA LIBERATION",0,NULL,2,4,1,1,0,0,1,NULL,NULL,1,0,1,50
201900008493,17,4,2019,17:00:00,1,33,33063,2,2,8,3,"AVE DE LA REPUBLIQUE CAUD / bande cyclable fin av république","44,8386000"," -0,6153400",201900008493,138 290 618,B01,1,1,0,2,1,1,5,NULL,201900008493,138 290 618,B01,1,1,4,2,1989,1,8,0,-1,-1," -1",-1,201900008493,4,"REPUBLIQUE CAUD (AVE DE LA)",0,NULL,1,4,2,1,0,0,1,NULL,NULL,1,0,1,50
201900008493,17,4,2019,17:00:00,1,33,33063,2,2,8,3,"AVE DE LA REPUBLIQUE CAUD / bande cyclable fin av république","44,8386000"," -0,6153400",201900008493,138 290 618,B01,1,1,0,2,1,1,5,NULL,201900008493,138 290 619,A01,1,1,1,2,1989,1,1,0,-1,-1," -1",-1,201900008493,4,"REPUBLIQUE CAUD (AVE DE LA)",0,NULL,1,4,2,1,0,0,1,NULL,NULL,1,0,1,50
201900008494,12,4,2019,08:45:00,1,33,33063,2,1,1,3,"RUE DE BREZETS","44,8234400"," -0,5713000",201900008494,138 290 616,B01,0,1,0,2,1,1,5,NULL,201900008494,138 290 616,B01,1,1,4,1,2001,0,8,0,-1,-1," -1",-1,201900008494,4,"RUE DE BREZETS",0,NULL,1,1,0,1,0,0,1,NULL,NULL,1,0,1,50
201900008494,12,4,2019,08:45:00,1,33,33063,2,1,1,3,"RUE DE BREZETS","44,8234400"," -0,5713000",201900008494,138 290 616,B01,0,1,0,2,1,1,5,NULL,201900008494,138 290 617,A01,1,1,1,1,1957,4,8,0,-1,-1," -1",-1,201900008494,4,"RUE DE BREZETS",0,NULL,1,1,0,1,0,0,1,NULL,NULL,1,0,1,50
201900008506,20,4,2019,11:30:00,1,31,31555,2,3,1,3,"BD PIERRE PAUL RIQUET","43,6050700","1,4566000",201900008506,138 290 593,B01,3,1,0,2,8,19,5,NULL,201900008506,138 290 593,B01,1,1,3,1,1947,5,8,4,-1,-1,0,-1,201900008506,4,"BD PIERRE PAUL RIQUET",0,NULL,1,2,0,1,0,0,1,NULL,NULL,1,0,1,50
201900008506,20,4,2019,11:30:00,1,31,31555,2,3,1,3,"BD PIERRE PAUL RIQUET","43,6050700","1,4566000",201900008506,138 290 593,B01,3,1,0,2,8,19,5,NULL,201900008506,138 290 594,A01,1,1,3,1,1985,9,1,8,-1,-1,0,-1,201900008506,4,"BD PIERRE PAUL RIQUET",0,NULL,1,2,0,1,0,0,1,NULL,NULL,1,0,1,50
201900008523,23,4,2019,11:00:00,1,29,29039,2,6,7,2,"KERVINIOU ( ROND POINT DE )","47,8625000"," -3,8896000",201900008523,138 290 558,B01,2,1,0,2,4,16,0,NULL,201900008523,138 290 557,A01,1,1,1,2,1949,5,1,8,-1,-1,0,-1,201900008523,3,783,0,NULL,1,1,0,1,30,200,2,NULL,NULL,1,9,1,50
201900008523,23,4,2019,11:00:00,1,29,29039,2,6,7,2,"KERVINIOU ( ROND POINT DE )","47,8625000"," -3,8896000",201900008523,138 290 558,B01,2,1,0,2,4,16,0,NULL,201900008523,138 290 558,B01,1,1,4,1,1943,5,8,0,-1,-1,0,-1,201900008523,3,783,0,NULL,1,1,0,1,30,200,2,NULL,NULL,1,9,1,50
201900008527,23,4,2019,08:45:00,1,29,29019,2,1,1,1,"DUVAL MARCELLIN (DE 22 A 78 ET 29 A 121)","48,4205423"," -4,4869022",201900008527,138 290 549,B01,2,1,0,2,0,0,0,NULL,201900008527,138 290 549,B01,1,1,4,1,1981,0,8,0,-1,0,0,-1,201900008527,4,"DUVAL MARCELLIN (DE 22 A 78 ET 29 A 121)",0,NULL,-1,0,0,2,0,0,1,NULL,NULL,1,0,1,50
201900008527,23,4,2019,08:45:00,1,29,29019,2,1,1,1,"DUVAL MARCELLIN (DE 22 A 78 ET 29 A 121)","48,4205423"," -4,4869022",201900008527,138 290 549,B01,2,1,0,2,0,0,0,NULL,201900008527,138 290 550,A01,1,1,1,2,1959,0,1,0,-1,0,0,-1,201900008527,4,"DUVAL MARCELLIN (DE 22 A 78 ET 29 A 121)",0,NULL,-1,0,0,2,0,0,1,NULL,NULL,1,0,1,50
201900008546,25,4,2019,04:50:00,5,21,21231,2,1,2,3,"AUGUSTE MORIN GACON (PLACE)","47,3388800","5,0634600",201900008546,138 290 504,B01,3,1,0,2,2,1,5,NULL,201900008546,138 290 504,B01,1,1,4,1,1959,0,2,0,-1,0,0,-1,201900008546,4,"AUGUSTE MORIN GACON (PLACE)",0,NULL,1,2,0,1,0,0,2,NULL,NULL,2,0,1,50
201900008546,25,4,2019,04:50:00,5,21,21231,2,1,2,3,"AUGUSTE MORIN GACON (PLACE)","47,3388800","5,0634600",201900008546,138 290 504,B01,3,1,0,2,2,1,5,NULL,201900008546,138 290 505,A01,1,1,1,2,1985,5,1,8,-1,0,0,-1,201900008546,4,"AUGUSTE MORIN GACON (PLACE)",0,NULL,1,2,0,1,0,0,2,NULL,NULL,2,0,1,50
201900008556,20,4,2019,19:00:00,1,17,17300,2,6,1,3,"MOULIN   AVENUE JEAN","46,1517900"," -1,1396800",201900008556,138 290 485,A01,3,1,0,2,1,19,5,NULL,201900008556,138 290 484,B01,1,1,1,1,1958,5,1,0,-1,-1," -1",-1,201900008556,4,"MOULIN   AVENUE JEAN",0,NULL,2,2,1,1,0,0,1,NULL,NULL,1,5,1,50
201900008556,20,4,2019,19:00:00,1,17,17300,2,6,1,3,"MOULIN   AVENUE JEAN","46,1517900"," -1,1396800",201900008556,138 290 485,A01,3,1,0,2,1,19,5,NULL,201900008556,138 290 485,A01,1,1,4,2,1958,5,8,0,-1,-1," -1",-1,201900008556,4,"MOULIN   AVENUE JEAN",0,NULL,2,2,1,1,0,0,1,NULL,NULL,1,5,1,50
201900008559,13,6,2019,19:30:00,1,87,87119,1,1,1,3,"Chez Barbotte","45,6931260","1,3428460",201900008559,138 290 479,B01,2,1,0,2,1,1,5,NULL,201900008559,138 290 479,B01,1,1,3,1,1989,5,2,-1,-1,0,0,-1,201900008559,3,15,NULL,NULL,2,2,0,4,39,167,3,NULL,NULL,1,5,1,80
201900008559,13,6,2019,19:30:00,1,87,87119,1,1,1,3,"Chez Barbotte","45,6931260","1,3428460",201900008559,138 290 479,B01,2,1,0,2,1,1,5,NULL,201900008559,138 290 480,A01,1,1,1,1,1988,5,1,-1,-1,0,0,-1,201900008559,3,15,NULL,NULL,2,2,0,4,39,167,3,NULL,NULL,1,5,1,80
201900008584,2,6,2019,14:40:00,1,8,08122,1,2,1,3,RD8051,"50,1221160","4,7929370",201900008584,138 290 442,A01,1,1,0,2,8,15,5,NULL,201900008584,138 290 442,A01,1,1,3,1,2005,5,0,-1,-1,0,0,-1,201900008584,3,8051,0,NULL,2,2,3,2,6,296,1,NULL,NULL,1,0,1,80
201900008584,2,6,2019,14:40:00,1,8,08122,1,2,1,3,RD8051,"50,1221160","4,7929370",201900008584,138 290 442,A01,1,1,0,2,8,15,5,NULL,201900008584,138 290 443,B01,1,1,2,1,1979,5,2,6,9,0,0,-1,201900008584,3,8051,0,NULL,2,2,3,2,6,296,1,NULL,NULL,1,0,1,80