Num_Acc,jour,mois,an,hrmn,lum,dep,com,agg,int,atm,col,adr,lat,long,Num_Acc,id_vehicule,num_veh,senc,catv,obs,obsm,choc,manv,motor,occutc,Num_Acc,id_vehicule,num_veh,place,catu,grav,sexe,an_nais,trajet,secu1,secu2,secu3,locp,actp,etatp,Num_Acc,catr,voie,v1,v2,circ,nbv,vosp,prof,pr,pr1,plan,lartpc,larrout,surf,infra,situ,vma
201900008592,20,4,2019,19:30:00,2,95,95039,2,1,1,2,"46 rue de pontoise","49,0695540","2,1384710",201900008592,138 290 429,A01,1,1,0,2,4,2,5,NULL,201900008592,138 290 429,A01,1,1,4,1,2008,5,0,-1,-1,0,0,-1,201900008592,3,4,NULL,NULL,2,2,0,1,3,250,1,NULL,NULL,1,0,1,50
201900008631,17,6,2019,16:56:00,1,31,31451,2,6,1,3,d622,"43,4579150","2,0032970",201900008631,138 290 368,B01,1,1,0,2,8,18,5,NULL,201900008631,138 290 368,B01,1,1,3,1,1958,3,0,-1,-1,0,0,-1,201900008631,3,622,NULL,NULL,2,2,0,1,(1),(1),3,NULL,NULL,1,0,1,50
201900008631,17,6,2019,16:56:00,1,31,31451,2,6,1,3,d622,"43,4579150","2,0032970",201900008631,138 290 368,B01,1,1,0,2,8,18,5,NULL,201900008631,138 290 369,A01,1,1,1,1,1971,4,1,-1,-1,0,0,-1,201900008631,3,622,NULL,NULL,2,2,0,1,(1),(1),3,NULL,NULL,1,0,1,50
201900008653,1,6,2019,17:00:00,1,38,38052,1,1,1,7,"Route Départementale 1091","45,0549930","6,0291200",201900008653,138 290 330,A01,2,1,0,0,0,1,5,NULL,201900008653,138 290 330,A01,1,1,4,1,1985,5,2,-1,-1,0,0,-1,201900008653,3,1091,NULL,NULL,2,2,0,2,(1),(1),1,NULL,NULL,1,0,1,80
201900008663,2,6,2019,16:45:00,1,69,69043,2,6,1,3,"Boulevard Philippe Reydllet","45,7079060","4,7474220",201900008663,138 290 312,B01,0,1,0,0,9,2,5,NULL,201900008663,138 290 312,B01,1,1,4,1,2006,5,0,-1,-1,0,0,-1,201900008663,4,NULL,NULL,NULL,2,1,2,2,(1),(1),1,NULL,NULL,1,0,1,50
201900008663,2,6,2019,16:45:00,1,69,69043,2,6,1,3,"Boulevard Philippe Reydllet","45,7079060","4,7474220",201900008663,138 290 312,B01,0,1,0,0,9,2,5,NULL,201900008663,138 290 313,A01,1,1,1,1,1984,5,1,-1,-1,0,0,-1,201900008663,4,NULL,NULL,NULL,2,1,2,2,(1),(1),1,NULL,NULL,1,0,1,50
201900008678,3,6,2019,17:30:00,1,95,95250,2,1,1,1,"Avenue Debussy","49,0975578","2,5084060",201900008678,138 290 285,B01,3,1,0,2,1,16,5,NULL,201900008678,138 290 284,A01,1,1,1,2,1991,5,1,-1,-1,0,0,-1,201900008678,4,NULL,NULL,NULL,2,2,0,2,(1),(1),1,NULL,NULL,1,0,1,30
201900008678,3,6,2019,17:30:00,1,95,95250,2,1,1,1,"Avenue Debussy","49,0975578","2,5084060",201900008678,138 290 285,B01,3,1,0,2,1,16,5,NULL,201900008678,138 290 284,A01,2,2,1,2,1991,5,1,-1,-1,0,0,-1,201900008678,4,NULL,NULL,NULL,2,2,0,2,(1),(1),1,NULL,NULL,1,0,1,30
201900008678,3,6,2019,17:30:00,1,95,95250,2,1,1,1,"Avenue Debussy","49,0975578","2,5084060",201900008678,138 290 285,B01,3,1,0,2,1,16,5,NULL,201900008678,138 290 285,B01,1,1,4,1,2009,5,0,-1,-1,0,0,-1,201900008678,4,NULL,NULL,NULL,2,2,0,2,(1),(1),1,NULL,NULL,1,0,1,30
201900008715,1,6,2019,19:50:00,5,973,97305,2,2,3,3,"Avenue Léopold Heder","5,0127056"," -52,4749192",201900008715,138 290 216,B01,1,1,0,2,1,5,5,NULL,201900008715,138 290 216,B01,1,1,4,1,2002,5,0,-1,-1,0,0,-1,201900008715,4,NULL,NULL,NULL,1,1,0,1,(1),(1),1,NULL,NULL,2,0,1,50
201900008715,1,6,2019,19:50:00,5,973,97305,2,2,3,3,"Avenue Léopold Heder","5,0127056"," -52,4749192",201900008715,138 290 216,B01,1,1,0,2,1,5,5,NULL,201900008715,138 290 217,A01,1,1,1,1,1994,3,1,-1,-1,0,0,-1,201900008715,4,NULL,NULL,NULL,1,1,0,1,(1),(1),1,NULL,NULL,2,0,1,50
201900008729,16,6,2019,09:00:00,1,45,45039,2,1,1,3,"10, route de sully","47,7952241","2,3813604",201900008729,138 290 194,B01,2,1,0,2,1,1,5,NULL,201900008729,138 290 193,A01,1,1,1,1,1966,5,8,-1,-1,0,0,-1,201900008729,3,948,NULL,NULL,2,2,1,1,30,835,1,NULL,NULL,1,9,5,50
201900008729,16,6,2019,09:00:00,1,45,45039,2,1,1,3,"10, route de sully","47,7952241","2,3813604",201900008729,138 290 194,B01,2,1,0,2,1,1,5,NULL,201900008729,138 290 194,B01,1,1,4,1,1946,5,2,-1,-1,0,0,-1,201900008729,3,948,NULL,NULL,2,2,1,1,30,835,1,NULL,NULL,1,9,5,50
201900008732,31,5,2019,08:50:00,1,45,45096,1,2,1,1,"D44 - D56","47,7718160","2,6072210",201900008732,138 290 189,B01,1,1,0,2,3,1,5,NULL,201900008732,138 290 189,B01,1,1,3,1,1942,5,8,-1,-1,0,0,-1,201900008732,3,44,0,NULL,2,2,0,1,8,0,1,NULL,NULL,1,5,1,80
201900008732,31,5,2019,08:50:00,1,45,45096,1,2,1,1,"D44 - D56","47,7718160","2,6072210",201900008732,138 290 189,B01,1,1,0,2,3,1,5,NULL,201900008732,138 290 190,A01,1,1,1,1,1984,5,8,-1,-1,0,0,-1,201900008732,3,44,0,NULL,2,2,0,1,8,0,1,NULL,NULL,1,5,1,80
201900009840,22,3,2019,17:50:00,1,38,38052,1,1,1,7,"D 211 entre irage 20 et 21","45,0692150","6,0408220",201900009840,138 288 135,A01,2,1,0,0,1,1,5,NULL,201900009840,138 288 135,A01,1,1,3,1,1958,5,2,4,9,0,0,-1,201900009840,3,211,0,NULL,2,2,0,2,1,950,2,NULL,NULL,1,0,1,80
201900011229,18,12,2019,15:00:00,1,82,82121,2,4,1,2,"MAYENNE (AVENUE)","44,0153000","1,3436220",201900011229,138 285 645,A01,1,1,0,2,1,19,5,NULL,201900011229,138 285 645,A01,1,1,3,1,1952,5,2,0,-1,-1," -1",-1,201900011229,4,"MAYENNE (AVENUE)",0,NULL,2,2,1,1,0,0,1,NULL,NULL,1,0,1,50
201900011229,18,12,2019,15:00:00,1,82,82121,2,4,1,2,"MAYENNE (AVENUE)","44,0153000","1,3436220",201900011229,138 285 645,A01,1,1,0,2,1,19,5,NULL,201900011229,138 285 646,B01,1,1,1,1,1983,4,1,8,-1,-1," -1",-1,201900011229,4,"MAYENNE (AVENUE)",0,NULL,2,2,1,1,0,0,1,NULL,NULL,1,0,1,50
201900012879,21,11,2019,18:15:00,5,75,75119,2,1,2,6,"RUE DE CRIMEE","48,8909960","2,3763970",201900012879,138 282 482,A01,2,1,0,1,3,1,5,NULL,201900012879,138 282 482,A01,10,3,4,1,1961,5,0,-1,-1,2,3,1,201900012879,4,"RUE DE CRIMEE",0,NULL,1,2,3,1,186,0,1,NULL,NULL,2,0,6,50
201900012879,21,11,2019,18:15:00,5,75,75119,2,1,2,6,"RUE DE CRIMEE","48,8909960","2,3763970",201900012879,138 282 482,A01,2,1,0,1,3,1,5,NULL,201900012879,138 282 482,A01,1,1,1,2,1958,5,8,2,-1,0,0,-1,201900012879,4,"RUE DE CRIMEE",0,NULL,1,2,3,1,186,0,1,NULL,NULL,2,0,6,50
201900013772,16,10,2019,15:15:00,1,75,75110,2,1,2,6,"BOULEVARD DE LA CHAPELLE","48,8836710","2,3503830",201900013772,138 280 785,A01,2,1,0,1,1,1,5,NULL,201900013772,138 280 785,A01,1,1,1,1,1992,0,8,2,-1,0,0,-1,201900013772,4,"BOULEVARD DE LA CHAPELLE",0,NULL,3,2,1,1,0,0,1,NULL,NULL,2,0,5,30
201900013772,16,10,2019,15:15:00,1,75,75110,2,1,2,6,"BOULEVARD DE LA CHAPELLE","48,8836710","2,3503830",201900013772,138 280 785,A01,2,1,0,1,1,1,5,NULL,201900013772,138 280 785,A01,10,3,3,1,1949,0,0,-1,-1,2,3,1,201900013772,4,"BOULEVARD DE LA CHAPELLE",0,NULL,3,2,1,1,0,0,1,NULL,NULL,2,0,5,30
201900017686,3,8,2019,11:15:00,1,14,14658,2,9,1,1,"rue de la gare","48,8399150"," -1,0482470",201900017686,138 273 376,B01,1,1,0,2,1,0,5,NULL,201900017686,138 273 376,B01,1,1,3,1,2002,5,0,-1,-1,0,0,-1,201900017686,3,77,NULL,NULL,-1,2,0,2,0,100,1,NULL,NULL,1,0,1,50
201900017686,3,8,2019,11:15:00,1,14,14658,2,9,1,1,"rue de la gare","48,8399150"," -1,0482470",201900017686,138 273 376,B01,1,1,0,2,1,0,5,NULL,201900017686,138 273 377,A01,1,1,1,2,1950,3,1,-1,-1,0,0,-1,201900017686,3,77,NULL,NULL,-1,2,0,2,0,100,1,NULL,NULL,1,0,1,50
201900017896,2,7,2019,08:52:00,1,93,93053,2,2,1,3,"PARC (RUE DU)","48,8918700","2,4447800",201900017896,138 272 952,A01,0,1,0,2,1,1,5,NULL,201900017896,138 272 952,A01,1,1,4,2,1982,1,8,0,-1,-1," -1",-1,201900017896,3,40,0,NULL,2,2,0,1,0,0,1,NULL,NULL,1,0,2,50
201900019251,14,10,2019,08:50:00,1,50,50484,2,1,2,1,"Route de Saint-James","48,5703810"," -1,0959530",201900019251,138 270 450,B01,0,1,0,2,7,19,5,NULL,201900019251,138 270 450,B01,10,3,4,2,1979,9,8,-1,-1,3,3,1,201900019251,3,30,0,NULL,2,2,0,1,(1),(1),1,NULL,NULL,2,0,1,50
201900019251,14,10,2019,08:50:00,1,50,50484,2,1,2,1,"Route de Saint-James","48,5703810"," -1,0959530",201900019251,138 270 450,B01,0,1,0,2,7,19,5,NULL,201900019251,138 270 451,A01,1,1,1,1,1999,1,8,-1,-1,0,0,-1,201900019251,3,30,0,NULL,2,2,0,1,(1),(1),1,NULL,NULL,2,0,1,50
201900022777,9,9,2019,10:00:00,1,7,07102,2,1,1,7,"MISTRAL (PONT FREDERIC)","44,9325360","4,8813150",201900022777,138 263 736,A01,3,1,0,0,0,1,5,NULL,201900022777,138 263 736,A01,1,1,4,2,1962,0,8,0,-1,-1," -1",-1,201900022777,3,533,0,NULL,2,4,2,2,60,300,1,NULL,NULL,1,2,1,50
201900026319,4,9,2019,19:45:00,1,31,31069,2,1,1,3,"BELISAIRE (CH DE)","43,6327800","1,3870200",201900026319,138 256 768,B01,3,1,0,2,0,0,5,NULL,201900026319,138 256 768,B01,1,1,4,1,2008,5,2,0,-1,-1,0,-1,201900026319,4,NULL,0,NULL,2,2,0,1,0,0,1,NULL,NULL,1,0,1,50
201900026319,4,9,2019,19:45:00,1,31,31069,2,1,1,3,"BELISAIRE (CH DE)","43,6327800","1,3870200",201900026319,138 256 768,B01,3,1,0,2,0,0,5,NULL,201900026319,138 256 769,A01,1,1,1,2,1991,9,1,0,-1,-1,0,-1,201900026319,4,NULL,0,NULL,2,2,0,1,0,0,1,NULL,NULL,1,0,1,50
201900028438,25,6,2019,12:55:00,1,67,67218,2,1,1,3,"L INDUSTRIE (RUE DE)","48,5297590","7,7313042",201900028438,138 252 859,B01,2,1,0,2,7,1,5,NULL,201900028438,138 252 859,B01,1,1,4,1,2004,0,8,0,-1,-1,0,-1,201900028438,4,"L INDUSTRIE (RUE DE)",0,NULL,2,2,0,1,0,0,2,NULL,NULL,1,9,1,50
201900028438,25,6,2019,12:55:00,1,67,67218,2,1,1,3,"L INDUSTRIE (RUE DE)","48,5297590","7,7313042",201900028438,138 252 859,B01,2,1,0,2,7,1,5,NULL,201900028438,138 252 860,A01,1,1,1,2,1984,0,1,8,-1,-1,0,-1,201900028438,4,"L INDUSTRIE (RUE DE)",0,NULL,2,2,0,1,0,0,2,NULL,NULL,1,9,1,50
201900028803,10,3,2019,01:23:00,5,38,38185,2,2,2,3,"RUE NESTOR CORNIER","45,1809600","5,7282700",201900028803,138 252 148,B01,3,1,0,2,1,1,0,NULL,201900028803,138 252 148,B01,1,1,4,2,1979,5,8,0,-1,-1," -1",-1,201900028803,4,"RUE NESTOR CORNIER",0,NULL,2,2,0,1,0,0,1,NULL,NULL,2,6,1,50
201900028994,15,5,2019,07:45:00,1,49,49007,2,1,1,6,INKERMANN,"47,4656000"," -0,5426100",201900028994,138 251 804,A01,1,1,0,1,1,1,5,NULL,201900028994,138 251 804,A01,1,1,1,1,1998,0,8,0,-1,-1,0,-1,201900028994,4,INKERMANN,0,NULL,2,2,0,1,0,0,1,NULL,NULL,1,0,1,50
201900028994,15,5,2019,07:45:00,1,49,49007,2,1,1,6,INKERMANN,"47,4656000"," -0,5426100",201900028994,138 251 804,A01,1,1,0,1,1,1,5,NULL,201900028994,138 251 804,A01,10,3,4,2,1956,0,8,0,-1,1,3,1,201900028994,4,INKERMANN,0,NULL,2,2,0,1,0,0,1,NULL,NULL,1,0,1,50
201900029384,13,7,2019,10:30:00,1,14,14294,2,3,1,1,D229,"49,0980740"," -0,2562910",201900029384,138 251 067,B01,2,1,0,2,1,1,5,NULL,201900029384,138 251 067,B01,1,1,3,1,1944,5,2,-1,-1,0,0,-1,201900029384,3,229,NULL,A,2,2,0,1,7,0,1,NULL,NULL,1,5,1,50
201900029384,13,7,2019,10:30:00,1,14,14294,2,3,1,1,D229,"49,0980740"," -0,2562910",201900029384,138 251 067,B01,2,1,0,2,1,1,5,NULL,201900029384,138 251 068,A01,1,1,1,1,1983,5,1,-1,-1,0,0,-1,201900029384,3,229,NULL,A,2,2,0,1,7,0,1,NULL,NULL,1,5,1,50
201900030969,1,5,2019,10:00:00,1,32,32013,2,1,1,3,"PIERRE DE MONTESQUIOU (AVENUE)","43,6364100","0,5894800",201900030969,138 248 112,B01,1,1,0,2,8,1,5,NULL,201900030969,138 248 111,A01,1,1,1,2,1946,5,1,0,-1,-1,0,-1,201900030969,4,"PIERRE DE MONTESQUIOU (AVENUE)",0,NULL,2,2,0,1,0,0,1,NULL,NULL,1,0,1,50
201900030969,1,5,2019,10:00:00,1,32,32013,2,1,1,3,"PIERRE DE MONTESQUIOU (AVENUE)","43,6364100","0,5894800",201900030969,138 248 112,B01,1,1,0,2,8,1,5,NULL,201900030969,138 248 112,B01,1,1,4,1,1958,5,8,0,-1,-1,0,-1,201900030969,4,"PIERRE DE MONTESQUIOU (AVENUE)",0,NULL,2,2,0,1,0,0,1,NULL,NULL,1,0,1,50
201900033284,4,10,2019,05:16:00,5,37,37261,2,1,2,6,"PROUDHON (AVENUE)","47,3940000","0,6690000",201900033284,138 243 663,B01,1,1,0,2,4,1,5,NULL,201900033284,138 243 663,B01,1,1,4,1,1972,1,8,0,-1,-1," -1",-1,201900033284,4,"PROUDHON (AVENUE)",0,NULL,2,2,0,1,0,0,1,NULL,NULL,2,0,1,50
201900036206,13,12,2019,20:35:00,5,17,17300,2,6,3,3,"NORMANDIN   RUE EMILE","46,1418000"," -1,1399800",201900036206,138 238 044,B01,1,1,0,2,7,1,5,NULL,201900036206,138 238 043,A01,1,1,1,1,1957,0,1,0,-1,-1,0,-1,201900036206,4,"NORMANDIN   RUE EMILE",0,NULL,1,2,2,1,0,0,2,NULL,NULL,2,0,5,50
201900036206,13,12,2019,20:35:00,5,17,17300,2,6,3,3,"NORMANDIN   RUE EMILE","46,1418000"," -1,1399800",201900036206,138 238 044,B01,1,1,0,2,7,1,5,NULL,201900036206,138 238 044,B01,1,1,4,2,1996,5,2,0,-1,-1,0,-1,201900036206,4,"NORMANDIN   RUE EMILE",0,NULL,1,2,2,1,0,0,2,NULL,NULL,2,0,5,50
201900037372,24,8,2019,17:40:00,1,67,67482,2,3,1,3,"RHIN (ROUTE DU)","48,5733840","7,7980020",201900037372,138 235 754,A01,2,1,0,-1,1,1,5,NULL,201900037372,138 235 753,B01,1,1,1,1,1983,4,1,8,-1,-1,0,-1,201900037372,4,"JEAN MONNET (RUE)",0,NULL,2,2,1,1,0,0,1,NULL,NULL,1,8,1,30
201900037372,24,8,2019,17:40:00,1,67,67482,2,3,1,3,"RHIN (ROUTE DU)","48,5733840","7,7980020",201900037372,138 235 754,A01,2,1,0,-1,1,1,5,NULL,201900037372,138 235 754,A01,1,1,4,1,1975,5,2,0,-1,-1,0,-1,201900037372,4,"JEAN MONNET (RUE)",0,NULL,2,2,1,1,0,0,1,NULL,NULL,1,8,1,30
201900038325,10,5,2019,08:40:00,1,75,75115,2,2,1,3,"RUE DES QUATRE FRERES PEIGNOT","48,8472760","2,2838410",201900038325,138 234 034,B01,2,1,0,2,2,19,5,NULL,201900038325,138 234 033,A01,1,1,1,1,1966,0,2,6,-1,0,0,-1,201900038325,4,"RUE DES QUATRE FRERES PEIGNOT",0,NULL,1,1,0,1,0,0,1,NULL,NULL,1,0,1,50
201900038325,10,5,2019,08:40:00,1,75,75115,2,2,1,3,"RUE DES QUATRE FRERES PEIGNOT","48,8472760","2,2838410",201900038325,138 234 034,B01,2,1,0,2,2,19,5,NULL,201900038325,138 234 034,B01,1,1,4,1,2005,0,2,0,-1,0,0,-1,201900038325,4,"RUE DES QUATRE FRERES PEIGNOT",0,NULL,1,1,0,1,0,0,1,NULL,NULL,1,0,1,50
201900038756,2,10,2019,21:10:00,5,75,75119,2,4,1,3,"AVENUE SECRETAN","48,8824769","2,3703847",201900038756,138 233 250,A01,2,1,0,2,2,19,5,NULL,201900038756,138 233 249,B01,1,1,4,1,1958,0,2,6,-1,0,0,-1,201900038756,4,"AVENUE SECRETAN",0,NULL,2,2,0,2,0,0,1,NULL,NULL,1,0,1,50
201900038756,2,10,2019,21:10:00,5,75,75119,2,4,1,3,"AVENUE SECRETAN","48,8824769","2,3703847",201900038756,138 233 250,A01,2,1,0,2,2,19,5,NULL,201900038756,138 233 250,A01,1,1,1,2,1997,9,2,8,-1,0,0,-1,201900038756,4,"AVENUE SECRETAN",0,NULL,2,2,0,2,0,0,1,NULL,NULL,1,0,1,50
201900039610,1,4,2019,14:50:00,1,7,07102,1,6,1,3,"BEAUCAIRE (AVENUE DE)","44,9238400","4,8566800",201900039610,138 231 645,B01,3,1,0,2,7,1,5,NULL,201900039610,138 231 644,A01,1,1,1,1,1990,0,1,0,-1,-1," -1",-1,201900039610,3,"86 ",0,NULL,1,2,0,1,54,400,1,NULL,NULL,1,3,1,50
201900039610,1,4,2019,14:50:00,1,7,07102,1,6,1,3,"BEAUCAIRE (AVENUE DE)","44,9238400","4,8566800",201900039610,138 231 645,B01,3,1,0,2,7,1,5,NULL,201900039610,138 231 645,B01,1,1,4,1,1965,0,2,8,-1,-1," -1",-1,201900039610,3,"86 ",0,NULL,1,2,0,1,54,400,1,NULL,NULL,1,3,1,50
201900040063,28,5,2019,09:50:00,1,75,75111,2,1,8,3,"AVENUE PARMENTIER","48,8595910","2,3791610",201900040063,138 230 781,A01,2,1,0,2,1,22,5,NULL,201900040063,138 230 781,A01,1,1,4,2,1962,0,2,8,-1,0,0,-1,201900040063,4,"AVENUE PARMENTIER",0,NULL,2,2,0,1,0,0,1,NULL,NULL,1,0,1,50
201900040063,28,5,2019,09:50:00,1,75,75111,2,1,8,3,"AVENUE PARMENTIER","48,8595910","2,3791610",201900040063,138 230 781,A01,2,1,0,2,1,22,5,NULL,201900040063,138 230 782,B01,1,1,1,1,1989,4,1,0,-1,0,0,-1,201900040063,4,"AVENUE PARMENTIER",0,NULL,2,2,0,1,0,0,1,NULL,NULL,1,0,1,50
201900041597,20,7,2019,15:20:00,1,75,75110,2,1,1,3,"RUE JACQUES LOUVEL TESSIER","48,8715880","2,3713360",201900041597,138 227 985,B01,2,1,0,2,1,1,5,NULL,201900041597,138 227 984,A01,1,1,1,2,1992,0,1,0,-1,0,0,-1,201900041597,4,"RUE JACQUES LOUVEL TESSIER",0,NULL,1,1,0,2,0,0,1,NULL,NULL,1,0,1,50
201900041597,20,7,2019,15:20:00,1,75,75110,2,1,1,3,"RUE JACQUES LOUVEL TESSIER","48,8715880","2,3713360",201900041597,138 227 985,B01,2,1,0,2,1,1,5,NULL,201900041597,138 227 985,B01,1,1,4,2,1992,0,2,0,-1,0,0,-1,201900041597,4,"RUE JACQUES LOUVEL TESSIER",0,NULL,1,1,0,2,0,0,1,NULL,NULL,1,0,1,50
201900043307,2,4,2019,11:45:00,1,49,49007,2,1,1,3,MIRABEAU,"47,4596148"," -0,5492467",201900043307,138 224 714,B01,1,1,0,2,1,25,5,NULL,201900043307,138 224 714,B01,1,1,4,2,1991,1,8,0,-1,-1,0,-1,201900043307,4,MIRABEAU,0,NULL,-1,2,0,1,0,0,1,NULL,NULL,1,0,1,50
201900043307,2,4,2019,11:45:00,1,49,49007,2,1,1,3,MIRABEAU,"47,4596148"," -0,5492467",201900043307,138 224 714,B01,1,1,0,2,1,25,5,NULL,201900043307,138 224 715,A01,1,1,1,2,1953,0,1,8,-1,-1,0,-1,201900043307,4,MIRABEAU,0,NULL,-1,2,0,1,0,0,1,NULL,NULL,1,0,1,50
201900043767,15,5,2019,08:50:00,1,93,93061,2,1,7,3,"ESTIENNE D'ORVES RUE D'","48,8856710","2,4014140",201900043767,138 223 887,B01,1,1,1,0,0,0,0,NULL,201900043767,138 223 887,B01,1,1,3,1,1967,1,2,0,-1,-1," -1",-1,201900043767,3,35,2,NULL,2,2,0,1,1,0,1,NULL,NULL,1,5,1,50
201900043767,15,5,2019,08:50:00,1,93,93061,2,1,7,3,"ESTIENNE D'ORVES RUE D'","48,8856710","2,4014140",201900043767,138 223 887,B01,1,1,1,0,0,0,0,NULL,201900043767,138 223 888,A01,1,1,1,1,1992,4,1,0,-1,-1," -1",-1,201900043767,3,35,2,NULL,2,2,0,1,1,0,1,NULL,NULL,1,5,1,50
201900044322,4,11,2019,21:20:00,3,971,97101,2,1,1,2,"PETIT PEROU","16,2574842"," -61,5198424",201900044322,138 222 801,A01,1,1,0,2,1,2,0,NULL,201900044322,138 222 801,A01,1,1,4,1,1997,5,8,0,-1,-1," -1",-1,201900044322,4,"PETIT PEROU",0,NULL,2,1,0,1,0,0,3,NULL,NULL,1,9,1,50
201900044322,4,11,2019,21:20:00,3,971,97101,2,1,1,2,"PETIT PEROU","16,2574842"," -61,5198424",201900044322,138 222 801,A01,1,1,0,2,1,2,0,NULL,201900044322,138 222 802,B01,1,1,1,1,1958,0,1,8,-1,-1," -1",-1,201900044322,4,"PETIT PEROU",0,NULL,2,1,0,1,0,0,3,NULL,NULL,1,9,1,50
201900044749,29,9,2019,09:10:00,1,81,81325,1,1,1,5,RD621,"43,5529964","2,1872413",201900044749,138 221 961,C01,2,1,0,2,8,1,5,NULL,201900044749,138 221 959,A01,1,1,1,1,1948,5,1,-1,-1,0,0,-1,201900044749,3,621,0,NULL,2,2,0,1,32,900,1,NULL,NULL,1,0,1,80
201900044749,29,9,2019,09:10:00,1,81,81325,1,1,1,5,RD621,"43,5529964","2,1872413",201900044749,138 221 960,B01,2,1,0,2,8,1,5,NULL,201900044749,138 221 959,A01,1,1,1,1,1948,5,1,-1,-1,0,0,-1,201900044749,3,621,0,NULL,2,2,0,1,32,900,1,NULL,NULL,1,0,1,80
201900044749,29,9,2019,09:10:00,1,81,81325,1,1,1,5,RD621,"43,5529964","2,1872413",201900044749,138 221 961,C01,2,1,0,2,8,1,5,NULL,201900044749,138 221 960,B01,1,1,3,1,1946,5,2,-1,-1,0,0,-1,201900044749,3,621,0,NULL,2,2,0,1,32,900,1,NULL,NULL,1,0,1,80
201900044749,29,9,2019,09:10:00,1,81,81325,1,1,1,5,RD621,"43,5529964","2,1872413",201900044749,138 221 960,B01,2,1,0,2,8,1,5,NULL,201900044749,138 221 960,B01,1,1,3,1,1946,5,2,-1,-1,0,0,-1,201900044749,3,621,0,NULL,2,2,0,1,32,900,1,NULL,NULL,1,0,1,80
201900044749,29,9,2019,09:10:00,1,81,81325,1,1,1,5,RD621,"43,5529964","2,1872413",201900044749,138 221 961,C01,2,1,0,2,8,1,5,NULL,201900044749,138 221 961,C01,1,1,4,1,1948,5,2,-1,-1,0,0,-1,201900044749,3,621,0,NULL,2,2,0,1,32,900,1,NULL,NULL,1,0,1,80
201900044749,29,9,2019,09:10:00,1,81,81325,1,1,1,5,RD621,"43,5529964","2,1872413",201900044749,138 221 960,B01,2,1,0,2,8,1,5,NULL,201900044749,138 221 961,C01,1,1,4,1,1948,5,2,-1,-1,0,0,-1,201900044749,3,621,0,NULL,2,2,0,1,32,900,1,NULL,NULL,1,0,1,80
201900047325,24,5,2019,13:40:00,1,17,17230,1,1,1,3,"123 Boulevard de Suzac","45,5773065"," -0,9838423",201900047325,138 217 058,B01,1,1,0,2,3,1,5,NULL,201900047325,138 217 058,B01,1,1,3,1,1954,5,2,-1,-1,0,0,-1,201900047325,3,25,NULL,NULL,2,2,0,4,47,730,3,NULL,NULL,1,0,1,80
201900047325,24,5,2019,13:40:00,1,17,17230,1,1,1,3,"123 Boulevard de Suzac","45,5773065"," -0,9838423",201900047325,138 217 058,B01,1,1,0,2,3,1,5,NULL,201900047325,138 217 059,A01,1,1,1,1,1956,5,1,-1,-1,0,0,-1,201900047325,3,25,NULL,NULL,2,2,0,4,47,730,3,NULL,NULL,1,0,1,80
201900047838,24,2,2019,11:10:00,1,77,77435,2,1,1,3,"D50-34 rue de Montgermont","48,5051100","2,5342100",201900047838,138 216 110,B01,1,1,0,2,1,1,5,NULL,201900047838,138 216 110,B01,1,1,3,2,1966,5,2,-1,-1,0,0,-1,201900047838,3,50,NULL,NULL,2,2,0,1,24,890,1,NULL,NULL,1,0,1,30
201900047838,24,2,2019,11:10:00,1,77,77435,2,1,1,3,"D50-34 rue de Montgermont","48,5051100","2,5342100",201900047838,138 216 110,B01,1,1,0,2,1,1,5,NULL,201900047838,138 216 111,A01,1,1,1,2,1991,5,1,-1,-1,0,0,-1,201900047838,3,50,NULL,NULL,2,2,0,1,24,890,1,NULL,NULL,1,0,1,30
201900047992,3,11,2019,16:30:00,1,59,59094,2,3,1,3,"Rue Jean Varlet","50,9423090","2,1953450",201900047992,138 215 833,B01,3,1,0,2,8,26,5,NULL,201900047992,138 215 832,A01,1,1,1,2,1975,0,1,-1,-1,0,0,-1,201900047992,3,1,NULL,NULL,2,2,0,1,19,350,1,NULL,NULL,1,0,1,50
201900047992,3,11,2019,16:30:00,1,59,59094,2,3,1,3,"Rue Jean Varlet","50,9423090","2,1953450",201900047992,138 215 833,B01,3,1,0,2,8,26,5,NULL,201900047992,138 215 833,B01,1,1,3,1,2007,0,8,-1,-1,0,0,-1,201900047992,3,1,NULL,NULL,2,2,0,1,19,350,1,NULL,NULL,1,0,1,50
201900049410,14,6,2019,15:45:00,1,45,45147,2,2,1,3,"R DE VERDUN - R JEAN JAURES","47,9347298","1,9090564",201900049410,138 213 210,B01,0,1,0,2,1,0,0,NULL,201900049410,138 213 210,B01,1,1,4,2,1953,9,8,0,-1,0,0,-1,201900049410,4,"RUE DE VERDUN",0,NULL,2,2,1,1,(1),(1),1,NULL,NULL,1,0,1,50
201900049410,14,6,2019,15:45:00,1,45,45147,2,2,1,3,"R DE VERDUN - R JEAN JAURES","47,9347298","1,9090564",201900049410,138 213 210,B01,0,1,0,2,1,0,0,NULL,201900049410,138 213 211,A01,1,1,1,1,1986,9,1,0,-1,0,0,-1,201900049410,4,"RUE DE VERDUN",0,NULL,2,2,1,1,(1),(1),1,NULL,NULL,1,0,1,50