Num_Acc,jour,mois,an,hrmn,lum,dep,com,agg,int,atm,col,adr,lat,long,Num_Acc,id_vehicule,num_veh,senc,catv,obs,obsm,choc,manv,motor,occutc,Num_Acc,id_vehicule,num_veh,place,catu,grav,sexe,an_nais,trajet,secu1,secu2,secu3,locp,actp,etatp,Num_Acc,catr,voie,v1,v2,circ,nbv,vosp,prof,pr,pr1,plan,lartpc,larrout,surf,infra,situ,vma
201900050650,13,7,2019,11:25:00,1,11,11020,1,1,1,1,"D 613","42,9559440","2,4941390",201900050650,138 210 899,B01,1,1,0,0,1,1,5,NULL,201900050650,138 210 898,A01,1,1,4,1,1990,5,2,6,-1,0,0,-1,201900050650,3,613,NULL,NULL,2,2,0,2,51,800,3,NULL,NULL,1,0,1,80
201900050650,13,7,2019,11:25:00,1,11,11020,1,1,1,1,"D 613","42,9559440","2,4941390",201900050650,138 210 899,B01,1,1,0,0,1,1,5,NULL,201900050650,138 210 899,B01,1,1,4,1,1961,5,2,-1,-1,0,0,-1,201900050650,3,613,NULL,NULL,2,2,0,2,51,800,3,NULL,NULL,1,0,1,80
201900051983,12,3,2019,23:00:00,3,54,54395,2,3,3,1,"LOUIS (RUE BARON)","48,6966500","6,1743000",201900051983,138 208 382,B01,1,1,0,2,0,0,0,NULL,201900051983,138 208 382,B01,1,1,4,1,1999,1,8,0,-1,-1,0,-1,201900051983,4,"LOUIS (RUE BARON)",0,NULL,-1,4,0,1,0,0,1,NULL,NULL,2,0,1,30
201900051983,12,3,2019,23:00:00,3,54,54395,2,3,3,1,"LOUIS (RUE BARON)","48,6966500","6,1743000",201900051983,138 208 382,B01,1,1,0,2,0,0,0,NULL,201900051983,138 208 383,A01,1,1,1,2,1993,0,1,0,-1,-1,0,-1,201900051983,4,"LOUIS (RUE BARON)",0,NULL,-1,4,0,1,0,0,1,NULL,NULL,2,0,1,30
201900054330,20,8,2019,14:55:00,1,41,41043,2,2,1,3,"Rue du Cher","47,2762320","1,4932530",201900054330,138 203 893,A01,3,1,0,2,3,15,5,NULL,201900054330,138 203 893,A01,1,1,4,1,2005,5,0,-1,-1,0,0,-1,201900054330,4,15,NULL,NULL,2,2,0,1,(1),(1),1,NULL,NULL,1,0,1,50
201900054330,20,8,2019,14:55:00,1,41,41043,2,2,1,3,"Rue du Cher","47,2762320","1,4932530",201900054330,138 203 893,A01,3,1,0,2,3,15,5,NULL,201900054330,138 203 894,B01,1,1,1,1,1961,5,1,-1,-1,0,0,-1,201900054330,4,15,NULL,NULL,2,2,0,1,(1),(1),1,NULL,NULL,1,0,1,50
201900055373,23,9,2019,13:30:00,1,75,75111,2,4,1,2,"BOULEVARD RICHARD LENOIR","48,8540016","2,3689672",201900055373,138 201 967,A01,2,1,0,2,5,14,5,NULL,201900055373,138 201 966,B01,1,1,1,1,1991,4,1,0,-1,0,0,-1,201900055373,4,"BOULEVARD RICHARD LENOIR",0,NULL,3,3,0,1,0,0,1,NULL,NULL,1,5,1,50
201900055373,23,9,2019,13:30:00,1,75,75111,2,4,1,2,"BOULEVARD RICHARD LENOIR","48,8540016","2,3689672",201900055373,138 201 967,A01,2,1,0,2,5,14,5,NULL,201900055373,138 201 967,A01,1,1,4,2,1972,5,8,2,-1,0,0,-1,201900055373,4,"BOULEVARD RICHARD LENOIR",0,NULL,3,3,0,1,0,0,1,NULL,NULL,1,5,1,50
201900057290,11,7,2019,16:05:00,1,28,28179,1,1,1,3,"D132 PR 35+000","48,1888140","1,7347500",201900057290,138 198 452,B01,1,1,0,2,4,15,5,NULL,201900057290,138 198 452,B01,1,1,3,1,1952,5,0,-1,-1,0,0,-1,201900057290,3,132,NULL,NULL,2,2,0,1,35,0,1,NULL,NULL,1,0,1,80
201900057290,11,7,2019,16:05:00,1,28,28179,1,1,1,3,"D132 PR 35+000","48,1888140","1,7347500",201900057290,138 198 452,B01,1,1,0,2,4,15,5,NULL,201900057290,138 198 472,A01,1,1,1,2,1981,1,1,-1,-1,0,0,-1,201900057290,3,132,NULL,NULL,2,2,0,1,35,0,1,NULL,NULL,1,0,1,80
201900009577,15,9,2019,10:00:00,1,92,92073,2,1,1,6,"DUCLAUX (RUE EMILE)","48,8781400","2,2361500",201900009577,138 288 582,A01,1,1,0,1,1,2,5,NULL,201900009577,138 288 582,A01,10,3,3,1,1956,5,0,0,-1,1,3,1,201900009577,7,"DUCLAUX (RUE EMILE)",0,NULL,1,2,2,1,0,0,1,NULL,NULL,1,0,1,30
201900009577,15,9,2019,10:00:00,1,92,92073,2,1,1,6,"DUCLAUX (RUE EMILE)","48,8781400","2,2361500",201900009577,138 288 582,A01,1,1,0,1,1,2,5,NULL,201900009577,138 288 582,A01,1,1,4,1,1984,5,2,8,-1,-1,0,-1,201900009577,7,"DUCLAUX (RUE EMILE)",0,NULL,1,2,2,1,0,0,1,NULL,NULL,1,0,1,30
201900009890,7,2,2019,15:30:00,1,973,97304,1,1,1,2,"RN 1 Pont de kourou","5,1497600"," -52,6715040",201900009890,138 288 048,B01,1,1,0,2,4,13,0,NULL,201900009890,138 288 048,B01,1,1,4,1,1958,0,0,-1,-1,0,0,-1,201900009890,2,1,0,A,2,2,0,1,56,400,1,NULL,NULL,1,2,1,80
201900009890,7,2,2019,15:30:00,1,973,97304,1,1,1,2,"RN 1 Pont de kourou","5,1497600"," -52,6715040",201900009890,138 288 048,B01,1,1,0,2,4,13,0,NULL,201900009890,138 288 049,A01,1,1,1,1,1971,4,1,-1,-1,0,0,-1,201900009890,2,1,0,A,2,2,0,1,56,400,1,NULL,NULL,1,2,1,80
201900013312,13,9,2019,08:35:00,1,17,17300,2,1,1,3,"DAUPHINE  AVENUE DE LA PORTE","46,1688800"," -1,1501000",201900013312,138 281 684,B01,1,1,0,2,6,0,5,NULL,201900013312,138 281 683,A01,1,1,1,1,1981,1,1,8,-1,-1,0,-1,201900013312,4,"DAUPHINE  AVENUE DE LA PORTE",0,NULL,1,4,1,1,0,0,2,NULL,NULL,1,0,1,50
201900013312,13,9,2019,08:35:00,1,17,17300,2,1,1,3,"DAUPHINE  AVENUE DE LA PORTE","46,1688800"," -1,1501000",201900013312,138 281 684,B01,1,1,0,2,6,0,5,NULL,201900013312,138 281 684,B01,2,1,4,2,1965,1,8,0,-1,-1,0,-1,201900013312,4,"DAUPHINE  AVENUE DE LA PORTE",0,NULL,1,4,1,1,0,0,2,NULL,NULL,1,0,1,50
201900015650,14,10,2019,21:15:00,5,44,44109,2,1,1,1,"RUE DE FLEURUS","47,2120800"," -1,5423700",201900015650,138 277 231,B01,1,1,0,2,7,1,5,NULL,201900015650,138 277 231,B01,1,1,4,1,1997,0,8,0,-1,0,0,-1,201900015650,4,NULL,0,NULL,2,0,0,1,1,0,1,NULL,NULL,2,0,1,50
201900015650,14,10,2019,21:15:00,5,44,44109,2,1,1,1,"RUE DE FLEURUS","47,2120800"," -1,5423700",201900015650,138 277 231,B01,1,1,0,2,7,1,5,NULL,201900015650,138 277 232,A01,1,1,1,1,1959,0,1,0,-1,0,0,-1,201900015650,4,NULL,0,NULL,2,0,0,1,1,0,1,NULL,NULL,2,0,1,50
201900016304,13,5,2019,08:55:00,1,22,22278,2,1,1,3,"ARMOR (AV. D') COTE IMPAIR","48,5122720"," -2,7541940",201900016304,138 276 003,B01,2,1,1,0,1,1,0,NULL,201900016304,138 276 002,A01,2,2,1,2,2002,2,8,0,-1,0,0,-1,201900016304,4,"ARMOR (AV. D') COTE IMPAIR",0,NULL,2,3,2,1,0,0,1,NULL,NULL,1,2,1,50
201900016304,13,5,2019,08:55:00,1,22,22278,2,1,1,3,"ARMOR (AV. D') COTE IMPAIR","48,5122720"," -2,7541940",201900016304,138 276 003,B01,2,1,1,0,1,1,0,NULL,201900016304,138 276 002,A01,1,1,1,2,1976,0,8,0,-1,0,0,-1,201900016304,4,"ARMOR (AV. D') COTE IMPAIR",0,NULL,2,3,2,1,0,0,1,NULL,NULL,1,2,1,50
201900016304,13,5,2019,08:55:00,1,22,22278,2,1,1,3,"ARMOR (AV. D') COTE IMPAIR","48,5122720"," -2,7541940",201900016304,138 276 003,B01,2,1,1,0,1,1,0,NULL,201900016304,138 276 003,B01,1,1,4,2,1982,1,2,0,-1,0,0,-1,201900016304,4,"ARMOR (AV. D') COTE IMPAIR",0,NULL,2,3,2,1,0,0,1,NULL,NULL,1,2,1,50
201900017809,22,7,2019,15:21:00,1,54,54547,2,1,1,3,"PALISSY (RUE BERNARD)","48,6542600","6,1775000",201900017809,138 273 113,A01,1,1,0,2,0,1,5,NULL,201900017809,138 273 112,B01,1,1,1,1,1998,0,1,0,-1,-1,0,-1,201900017809,4,"PALISSY (RUE BERNARD)",0,NULL,2,2,0,1,0,0,1,NULL,NULL,1,0,1,50
201900017809,22,7,2019,15:21:00,1,54,54547,2,1,1,3,"PALISSY (RUE BERNARD)","48,6542600","6,1775000",201900017809,138 273 113,A01,1,1,0,2,0,1,5,NULL,201900017809,138 273 113,A01,1,1,4,1,2004,9,2,0,-1,-1,0,-1,201900017809,4,"PALISSY (RUE BERNARD)",0,NULL,2,2,0,1,0,0,1,NULL,NULL,1,0,1,50
201900018852,30,1,2019,18:45:00,1,92,92025,2,1,1,1,"MENELOTTE > 52 (AV)","48,9283820","2,2595980",201900018852,138 271 192,B01,2,1,0,2,1,1,5,NULL,201900018852,138 271 192,B01,1,1,4,1,2009,5,8,0,-1,-1,0,-1,201900018852,4,"MENELOTTE > 52 (AV)",0,NULL,2,0,0,1,0,0,1,NULL,NULL,1,0,1,50
201900018852,30,1,2019,18:45:00,1,92,92025,2,1,1,1,"MENELOTTE > 52 (AV)","48,9283820","2,2595980",201900018852,138 271 192,B01,2,1,0,2,1,1,5,NULL,201900018852,138 271 193,A01,1,1,1,2,1994,9,1,0,-1,-1,0,-1,201900018852,4,"MENELOTTE > 52 (AV)",0,NULL,2,0,0,1,0,0,1,NULL,NULL,1,0,1,50
201900019632,30,6,2019,14:45:00,1,85,85307,2,1,1,2,"route de la tranche","46,3405500"," -1,3392700",201900019632,138 269 732,B01,1,1,0,2,6,1,5,NULL,201900019632,138 269 732,B01,1,1,4,1,1955,5,2,-1,-1,0,0,-1,201900019632,3,2046,NULL,NULL,2,2,0,1,2,150,1,NULL,NULL,1,0,1,50
201900019854,4,8,2019,12:40:00,1,74,74236,1,1,1,3,"intersection D909 et D43 (route de cupelin)","45,8913900","6,7107130",201900019854,138 269 294,B01,2,1,0,2,1,1,5,NULL,201900019854,138 269 294,B01,1,1,3,1,1970,5,2,-1,-1,0,0,-1,201900019854,3,909,0,NULL,2,2,0,2,45,100,1,NULL,NULL,1,0,1,80
201900019854,4,8,2019,12:40:00,1,74,74236,1,1,1,3,"intersection D909 et D43 (route de cupelin)","45,8913900","6,7107130",201900019854,138 269 294,B01,2,1,0,2,1,1,5,NULL,201900019854,138 269 295,A01,1,1,1,2,1978,5,1,-1,-1,0,0,-1,201900019854,3,909,0,NULL,2,2,0,2,45,100,1,NULL,NULL,1,0,1,80
201900020864,13,10,2019,11:00:00,1,33,33199,1,1,1,4,"RD 652  - PK 10+840","44,5449370"," -1,0836860",201900020864,138 267 414,C01,1,1,0,2,1,2,5,NULL,201900020864,138 267 412,A01,1,1,4,2,2004,9,2,-1,-1,0,0,-1,201900020864,3,652,NULL,NULL,2,2,0,1,10,840,1,NULL,NULL,1,0,1,80
201900020864,13,10,2019,11:00:00,1,33,33199,1,1,1,4,"RD 652  - PK 10+840","44,5449370"," -1,0836860",201900020864,138 267 413,B01,1,1,0,2,1,1,5,NULL,201900020864,138 267 412,A01,1,1,4,2,2004,9,2,-1,-1,0,0,-1,201900020864,3,652,NULL,NULL,2,2,0,1,10,840,1,NULL,NULL,1,0,1,80
201900020864,13,10,2019,11:00:00,1,33,33199,1,1,1,4,"RD 652  - PK 10+840","44,5449370"," -1,0836860",201900020864,138 267 412,A01,1,1,0,9,0,2,5,NULL,201900020864,138 267 412,A01,1,1,4,2,2004,9,2,-1,-1,0,0,-1,201900020864,3,652,NULL,NULL,2,2,0,1,10,840,1,NULL,NULL,1,0,1,80
201900020864,13,10,2019,11:00:00,1,33,33199,1,1,1,4,"RD 652  - PK 10+840","44,5449370"," -1,0836860",201900020864,138 267 414,C01,1,1,0,2,1,2,5,NULL,201900020864,138 267 413,B01,1,1,4,1,2004,5,2,-1,-1,0,0,-1,201900020864,3,652,NULL,NULL,2,2,0,1,10,840,1,NULL,NULL,1,0,1,80
201900020864,13,10,2019,11:00:00,1,33,33199,1,1,1,4,"RD 652  - PK 10+840","44,5449370"," -1,0836860",201900020864,138 267 413,B01,1,1,0,2,1,1,5,NULL,201900020864,138 267 413,B01,1,1,4,1,2004,5,2,-1,-1,0,0,-1,201900020864,3,652,NULL,NULL,2,2,0,1,10,840,1,NULL,NULL,1,0,1,80
201900020864,13,10,2019,11:00:00,1,33,33199,1,1,1,4,"RD 652  - PK 10+840","44,5449370"," -1,0836860",201900020864,138 267 412,A01,1,1,0,9,0,2,5,NULL,201900020864,138 267 413,B01,1,1,4,1,2004,5,2,-1,-1,0,0,-1,201900020864,3,652,NULL,NULL,2,2,0,1,10,840,1,NULL,NULL,1,0,1,80
201900020864,13,10,2019,11:00:00,1,33,33199,1,1,1,4,"RD 652  - PK 10+840","44,5449370"," -1,0836860",201900020864,138 267 414,C01,1,1,0,2,1,2,5,NULL,201900020864,138 267 414,C01,1,1,4,1,1961,5,2,-1,-1,0,0,-1,201900020864,3,652,NULL,NULL,2,2,0,1,10,840,1,NULL,NULL,1,0,1,80
201900020864,13,10,2019,11:00:00,1,33,33199,1,1,1,4,"RD 652  - PK 10+840","44,5449370"," -1,0836860",201900020864,138 267 413,B01,1,1,0,2,1,1,5,NULL,201900020864,138 267 414,C01,1,1,4,1,1961,5,2,-1,-1,0,0,-1,201900020864,3,652,NULL,NULL,2,2,0,1,10,840,1,NULL,NULL,1,0,1,80
201900020864,13,10,2019,11:00:00,1,33,33199,1,1,1,4,"RD 652  - PK 10+840","44,5449370"," -1,0836860",201900020864,138 267 412,A01,1,1,0,9,0,2,5,NULL,201900020864,138 267 414,C01,1,1,4,1,1961,5,2,-1,-1,0,0,-1,201900020864,3,652,NULL,NULL,2,2,0,1,10,840,1,NULL,NULL,1,0,1,80
201900020864,13,10,2019,11:00:00,1,33,33199,1,1,1,4,"RD 652  - PK 10+840","44,5449370"," -1,0836860",201900020864,138 267 414,C01,1,1,0,2,1,2,5,NULL,201900020864,138 267 415,D01,1,1,1,1,1943,5,1,-1,-1,0,0,-1,201900020864,3,652,NULL,NULL,2,2,0,1,10,840,1,NULL,NULL,1,0,1,80
201900020864,13,10,2019,11:00:00,1,33,33199,1,1,1,4,"RD 652  - PK 10+840","44,5449370"," -1,0836860",201900020864,138 267 413,B01,1,1,0,2,1,1,5,NULL,201900020864,138 267 415,D01,1,1,1,1,1943,5,1,-1,-1,0,0,-1,201900020864,3,652,NULL,NULL,2,2,0,1,10,840,1,NULL,NULL,1,0,1,80
201900020864,13,10,2019,11:00:00,1,33,33199,1,1,1,4,"RD 652  - PK 10+840","44,5449370"," -1,0836860",201900020864,138 267 412,A01,1,1,0,9,0,2,5,NULL,201900020864,138 267 415,D01,1,1,1,1,1943,5,1,-1,-1,0,0,-1,201900020864,3,652,NULL,NULL,2,2,0,1,10,840,1,NULL,NULL,1,0,1,80
201900021571,2,8,2019,20:00:00,1,37,37206,2,3,1,3,"lieu dit GUE du près saint antoine du roher","47,4838875","0,6624535",201900021571,138 266 056,B01,0,1,0,2,1,1,5,NULL,201900021571,138 266 055,A01,1,1,1,1,1974,4,1,-1,-1,0,0,-1,201900021571,3,2,0,NULL,2,2,0,2,8,750,1,NULL,NULL,1,0,1,50
201900021571,2,8,2019,20:00:00,1,37,37206,2,3,1,3,"lieu dit GUE du près saint antoine du roher","47,4838875","0,6624535",201900021571,138 266 056,B01,0,1,0,2,1,1,5,NULL,201900021571,138 266 056,B01,1,1,3,1,1982,5,2,-1,-1,0,0,-1,201900021571,3,2,0,NULL,2,2,0,2,8,750,1,NULL,NULL,1,0,1,50
201900023245,27,6,2019,09:35:00,1,56,56121,2,6,1,3,"MULLER ( DU COLONEL JEAN )","47,7659000"," -3,4006300",201900023245,138 262 800,B01,2,1,0,2,1,1,5,NULL,201900023245,138 262 800,B01,1,1,4,1,1957,0,2,0,-1,0,0,-1,201900023245,4,"MULLER ( DU COLONEL JEAN )",0,NULL,2,2,3,1,0,0,1,NULL,NULL,1,5,1,30
201900023245,27,6,2019,09:35:00,1,56,56121,2,6,1,3,"MULLER ( DU COLONEL JEAN )","47,7659000"," -3,4006300",201900023245,138 262 800,B01,2,1,0,2,1,1,5,NULL,201900023245,138 262 801,A01,1,1,1,2,1940,5,1,8,-1,0,0,-1,201900023245,4,"MULLER ( DU COLONEL JEAN )",0,NULL,2,2,3,1,0,0,1,NULL,NULL,1,5,1,30
201900023246,27,6,2019,08:40:00,1,56,56098,2,1,1,4,"REPUBLIQUE (RUE DE LA )","47,7569300"," -3,3448500",201900023246,138 262 799,A01,2,1,0,2,1,2,5,NULL,201900023246,138 262 797,C01,1,1,4,1,1995,1,2,8,-1,0,0,-1,201900023246,4,"REPUBLIQUE (RUE DE LA )",0,NULL,1,1,0,1,(1),(1),1,NULL,NULL,1,0,1,30
201900023246,27,6,2019,08:40:00,1,56,56098,2,1,1,4,"REPUBLIQUE (RUE DE LA )","47,7569300"," -3,3448500",201900023246,138 262 797,C01,2,1,0,2,1,2,5,NULL,201900023246,138 262 797,C01,1,1,4,1,1995,1,2,8,-1,0,0,-1,201900023246,4,"REPUBLIQUE (RUE DE LA )",0,NULL,1,1,0,1,(1),(1),1,NULL,NULL,1,0,1,30
201900023246,27,6,2019,08:40:00,1,56,56098,2,1,1,4,"REPUBLIQUE (RUE DE LA )","47,7569300"," -3,3448500",201900023246,138 262 799,A01,2,1,0,2,1,2,5,NULL,201900023246,138 262 798,B01,1,1,1,2,1988,5,1,8,-1,0,0,-1,201900023246,4,"REPUBLIQUE (RUE DE LA )",0,NULL,1,1,0,1,(1),(1),1,NULL,NULL,1,0,1,30
201900023246,27,6,2019,08:40:00,1,56,56098,2,1,1,4,"REPUBLIQUE (RUE DE LA )","47,7569300"," -3,3448500",201900023246,138 262 797,C01,2,1,0,2,1,2,5,NULL,201900023246,138 262 798,B01,1,1,1,2,1988,5,1,8,-1,0,0,-1,201900023246,4,"REPUBLIQUE (RUE DE LA )",0,NULL,1,1,0,1,(1),(1),1,NULL,NULL,1,0,1,30
201900023246,27,6,2019,08:40:00,1,56,56098,2,1,1,4,"REPUBLIQUE (RUE DE LA )","47,7569300"," -3,3448500",201900023246,138 262 799,A01,2,1,0,2,1,2,5,NULL,201900023246,138 262 799,A01,1,1,4,1,1963,1,2,0,-1,0,0,-1,201900023246,4,"REPUBLIQUE (RUE DE LA )",0,NULL,1,1,0,1,(1),(1),1,NULL,NULL,1,0,1,30
201900023246,27,6,2019,08:40:00,1,56,56098,2,1,1,4,"REPUBLIQUE (RUE DE LA )","47,7569300"," -3,3448500",201900023246,138 262 797,C01,2,1,0,2,1,2,5,NULL,201900023246,138 262 799,A01,1,1,4,1,1963,1,2,0,-1,0,0,-1,201900023246,4,"REPUBLIQUE (RUE DE LA )",0,NULL,1,1,0,1,(1),(1),1,NULL,NULL,1,0,1,30
201900024899,28,6,2019,11:45:00,1,11,11262,2,2,1,3,"VERDOUBLE (RUE DU)","43,1825900","2,9761900",201900024899,138 259 477,B01,2,1,0,2,8,1,0,NULL,201900024899,138 259 476,A01,1,1,1,2,1947,0,1,8,-1,-1,0,-1,201900024899,4,"VERDOUBLE (RUE DU)",0,NULL,2,2,0,1,0,0,1,NULL,NULL,1,0,1,50
201900024899,28,6,2019,11:45:00,1,11,11262,2,2,1,3,"VERDOUBLE (RUE DU)","43,1825900","2,9761900",201900024899,138 259 477,B01,2,1,0,2,8,1,0,NULL,201900024899,138 259 477,B01,1,1,4,1,1990,0,8,0,-1,-1,0,-1,201900024899,4,"VERDOUBLE (RUE DU)",0,NULL,2,2,0,1,0,0,1,NULL,NULL,1,0,1,50
201900028750,24,7,2019,20:08:00,1,49,49246,2,1,1,2,"GAULLE RUE CHARLES DE","47,4248300"," -0,5246300",201900028750,138 252 237,B01,1,1,0,2,1,0,5,NULL,201900028750,138 252 236,A01,1,1,1,2,1987,0,1,8,-1,-1,0,-1,201900028750,4,"GAULLE RUE CHARLES DE",0,NULL,2,2,0,1,0,0,1,NULL,NULL,1,0,1,60
201900028750,24,7,2019,20:08:00,1,49,49246,2,1,1,2,"GAULLE RUE CHARLES DE","47,4248300"," -0,5246300",201900028750,138 252 237,B01,1,1,0,2,1,0,5,NULL,201900028750,138 252 237,B01,1,1,4,1,2000,0,2,0,-1,-1,0,-1,201900028750,4,"GAULLE RUE CHARLES DE",0,NULL,2,2,0,1,0,0,1,NULL,NULL,1,0,1,60
201900030160,27,6,2019,19:45:00,2,42,42107,1,3,1,3,D102,"45,5330480","3,9950420",201900030160,138 249 593,B01,1,1,0,2,1,1,5,NULL,201900030160,138 249 592,A01,1,1,1,1,1998,0,1,-1,-1,0,0,-1,201900030160,3,102,0,D,2,2,0,2,5,450,1,NULL,NULL,1,0,1,80
201900030160,27,6,2019,19:45:00,2,42,42107,1,3,1,3,D102,"45,5330480","3,9950420",201900030160,138 249 593,B01,1,1,0,2,1,1,5,NULL,201900030160,138 249 593,B01,1,1,3,1,2001,5,2,-1,-1,0,0,-1,201900030160,3,102,0,D,2,2,0,2,5,450,1,NULL,NULL,1,0,1,80
201900030772,28,7,2019,09:15:00,1,56,56193,1,1,1,3,Kerhabonnet,"47,7341190"," -3,3109910",201900030772,138 248 476,B01,2,1,0,2,8,1,6,NULL,201900030772,138 248 475,A01,1,1,1,1,2000,5,8,-1,-1,0,0,-1,201900030772,3,781,NULL,NULL,2,2,0,1,8,795,2,NULL,NULL,1,0,1,80
201900030772,28,7,2019,09:15:00,1,56,56193,1,1,1,3,Kerhabonnet,"47,7341190"," -3,3109910",201900030772,138 248 476,B01,2,1,0,2,8,1,6,NULL,201900030772,138 248 475,A01,2,2,1,1,1999,5,8,-1,-1,0,0,-1,201900030772,3,781,NULL,NULL,2,2,0,1,8,795,2,NULL,NULL,1,0,1,80
201900030772,28,7,2019,09:15:00,1,56,56193,1,1,1,3,Kerhabonnet,"47,7341190"," -3,3109910",201900030772,138 248 476,B01,2,1,0,2,8,1,6,NULL,201900030772,138 248 476,B01,1,1,3,1,1964,5,2,-1,-1,0,0,-1,201900030772,3,781,NULL,NULL,2,2,0,1,8,795,2,NULL,NULL,1,0,1,80
201900030875,23,5,2019,18:50:00,1,34,34172,2,2,1,3,"GAMBETTA (COURS)","43,6065300","3,8721900",201900030875,138 248 286,B01,0,1,0,2,1,1,5,NULL,201900030875,138 248 286,B01,1,1,4,1,1995,5,8,0,-1,0,0,-1,201900030875,4,"GAMBETTA (COURS)",0,NULL,1,2,3,1,(1),(1),1,NULL,NULL,1,4,1,50
201900030875,23,5,2019,18:50:00,1,34,34172,2,2,1,3,"GAMBETTA (COURS)","43,6065300","3,8721900",201900030875,138 248 286,B01,0,1,0,2,1,1,5,NULL,201900030875,138 248 287,A01,1,1,1,1,1974,4,1,0,-1,0,0,-1,201900030875,4,"GAMBETTA (COURS)",0,NULL,1,2,3,1,(1),(1),1,NULL,NULL,1,4,1,50
201900030956,20,4,2019,15:40:00,1,33,33063,2,1,1,3,"QUAI RICHELIEU","44,8389600"," -0,5676800",201900030956,138 248 135,B01,1,1,0,2,3,11,5,NULL,201900030956,138 248 135,B01,1,1,3,1,1950,5,8,0,-1,-1," -1",-1,201900030956,4,"QUAI RICHELIEU",0,NULL,3,9,1,1,0,0,1,NULL,NULL,1,0,1,50
201900030956,20,4,2019,15:40:00,1,33,33063,2,1,1,3,"QUAI RICHELIEU","44,8389600"," -0,5676800",201900030956,138 248 135,B01,1,1,0,2,3,11,5,NULL,201900030956,138 248 136,A01,1,1,1,1,2000,0,8,0,-1,-1," -1",-1,201900030956,4,"QUAI RICHELIEU",0,NULL,3,9,1,1,0,0,1,NULL,NULL,1,0,1,50
201900036242,13,12,2019,10:30:00,1,75,75108,2,1,1,3,"AVENUE HOCHE","48,8755240","2,2992270",201900036242,138 237 980,B01,2,1,0,2,3,10,5,NULL,201900036242,138 237 979,A01,1,1,1,1,1967,0,2,6,-1,0,0,-1,201900036242,4,"AVENUE HOCHE",0,NULL,2,2,0,1,38,0,1,NULL,NULL,2,0,1,50
201900036242,13,12,2019,10:30:00,1,75,75108,2,1,1,3,"AVENUE HOCHE","48,8755240","2,2992270",201900036242,138 237 980,B01,2,1,0,2,3,10,5,NULL,201900036242,138 237 980,B01,1,1,4,2,1964,0,8,2,-1,0,0,-1,201900036242,4,"AVENUE HOCHE",0,NULL,2,2,0,1,38,0,1,NULL,NULL,2,0,1,50
201900038460,21,6,2019,12:30:00,1,94,94046,2,3,1,3,"JEAN JAURES (R)","48,7956100","2,4339500",201900038460,138 233 800,B01,2,1,0,2,1,9,5,NULL,201900038460,138 233 800,B01,1,1,4,2,1981,0,2,0,-1,-1," -1",-1,201900038460,3,6,0,NULL,2,2,0,1,0,0,1,NULL,NULL,1,0,1,50
201900038460,21,6,2019,12:30:00,1,94,94046,2,3,1,3,"JEAN JAURES (R)","48,7956100","2,4339500",201900038460,138 233 800,B01,2,1,0,2,1,9,5,NULL,201900038460,138 233 801,A01,1,1,1,1,1979,9,1,0,-1,-1," -1",-1,201900038460,3,6,0,NULL,2,2,0,1,0,0,1,NULL,NULL,1,0,1,50
201900038544,16,6,2019,00:30:00,3,10,10037,2,1,1,7,"rue de maraye","48,2087800","3,8925180",201900038544,138 233 645,A01,2,1,14,0,0,1,5,NULL,201900038544,138 233 645,A01,1,1,3,1,1953,5,2,-1,-1,0,0,-1,201900038544,3,53,NULL,NULL,2,2,0,3,5,5,1,NULL,NULL,1,0,1,50
201900040445,2,11,2019,18:50:00,5,92,92004,2,1,1,6,"ARGENTEUIL AV D'","48,9118600","2,2849837",201900040445,138 230 097,C01,3,1,0,2,9,0,0,NULL,201900040445,138 230 095,B01,1,1,4,1,1981,5,8,0,-1,-1,0,-1,201900040445,3,909,0,NULL,-1,2,0,1,0,0,1,NULL,NULL,1,0,1,50
201900040445,2,11,2019,18:50:00,5,92,92004,2,1,1,6,"ARGENTEUIL AV D'","48,9118600","2,2849837",201900040445,138 230 095,B01,3,1,1,0,7,0,0,NULL,201900040445,138 230 095,B01,1,1,4,1,1981,5,8,0,-1,-1,0,-1,201900040445,3,909,0,NULL,-1,2,0,1,0,0,1,NULL,NULL,1,0,1,50
201900040445,2,11,2019,18:50:00,5,92,92004,2,1,1,6,"ARGENTEUIL AV D'","48,9118600","2,2849837",201900040445,138 230 097,C01,3,1,0,2,9,0,0,NULL,201900040445,138 230 096,A01,1,1,1,1,1978,0,8,0,-1,-1,0,-1,201900040445,3,909,0,NULL,-1,2,0,1,0,0,1,NULL,NULL,1,0,1,50
201900040445,2,11,2019,18:50:00,5,92,92004,2,1,1,6,"ARGENTEUIL AV D'","48,9118600","2,2849837",201900040445,138 230 095,B01,3,1,1,0,7,0,0,NULL,201900040445,138 230 096,A01,1,1,1,1,1978,0,8,0,-1,-1,0,-1,201900040445,3,909,0,NULL,-1,2,0,1,0,0,1,NULL,NULL,1,0,1,50
201900040445,2,11,2019,18:50:00,5,92,92004,2,1,1,6,"ARGENTEUIL AV D'","48,9118600","2,2849837",201900040445,138 230 097,C01,3,1,0,2,9,0,0,NULL,201900040445,138 230 097,C01,1,1,1,2,1987,5,2,0,-1,-1,0,-1,201900040445,3,909,0,NULL,-1,2,0,1,0,0,1,NULL,NULL,1,0,1,50