Num_Acc,jour,mois,an,hrmn,lum,dep,com,agg,int,atm,col,adr,lat,long,Num_Acc,id_vehicule,num_veh,senc,catv,obs,obsm,choc,manv,motor,occutc,Num_Acc,id_vehicule,num_veh,place,catu,grav,sexe,an_nais,trajet,secu1,secu2,secu3,locp,actp,etatp,Num_Acc,catr,voie,v1,v2,circ,nbv,vosp,prof,pr,pr1,plan,lartpc,larrout,surf,infra,situ,vma
201900040445,2,11,2019,18:50:00,5,92,92004,2,1,1,6,"ARGENTEUIL AV D'","48,9118600","2,2849837",201900040445,138 230 095,B01,3,1,1,0,7,0,0,NULL,201900040445,138 230 097,C01,1,1,1,2,1987,5,2,0,-1,-1,0,-1,201900040445,3,909,0,NULL,-1,2,0,1,0,0,1,NULL,NULL,1,0,1,50
201900040596,19,1,2019,14:00:00,1,64,64139,1,1,1,3,D24,"43,2155370"," -0,3365200",201900040596,138 229 840,A01,2,1,0,2,8,13,5,NULL,201900040596,138 229 840,A01,1,1,4,1,1962,5,2,-1,-1,0,0,-1,201900040596,3,24,NULL,NULL,2,2,0,2,57,272,3,NULL,NULL,1,0,1,80
201900040596,19,1,2019,14:00:00,1,64,64139,1,1,1,3,D24,"43,2155370"," -0,3365200",201900040596,138 229 840,A01,2,1,0,2,8,13,5,NULL,201900040596,138 229 841,B01,1,1,1,2,1979,0,1,-1,-1,0,0,-1,201900040596,3,24,NULL,NULL,2,2,0,2,57,272,3,NULL,NULL,1,0,1,80
201900046295,8,1,2019,08:29:00,1,51,51454,2,2,1,3,"AVENUE D'EPERNAY","49,2367500","4,0135500",201900046295,138 218 985,B01,1,1,0,2,1,26,5,NULL,201900046295,138 218 985,B01,1,1,4,2,1991,1,2,0,-1,0,0,-1,201900046295,4,"AVENUE D'EPERNAY",0,NULL,-1,2,0,1,1,0,1,NULL,NULL,2,0,1,50
201900046295,8,1,2019,08:29:00,1,51,51454,2,2,1,3,"AVENUE D'EPERNAY","49,2367500","4,0135500",201900046295,138 218 985,B01,1,1,0,2,1,26,5,NULL,201900046295,138 218 986,A01,1,1,1,2,1978,1,1,0,-1,0,0,-1,201900046295,4,"AVENUE D'EPERNAY",0,NULL,-1,2,0,1,1,0,1,NULL,NULL,2,0,1,50
201900046988,15,7,2019,10:10:00,1,67,67482,2,1,1,3,"PLAINE DES BOUCHERS (RUE DE LA)","48,5650000","7,7386200",201900046988,138 217 656,B01,2,1,0,2,1,1,5,NULL,201900046988,138 217 655,A01,1,1,1,1,1988,4,1,8,-1,0,0,-1,201900046988,4,"PLAINE DES BOUCHERS (RUE DE LA)",0,NULL,2,2,1,1,0,0,1,NULL,NULL,1,0,1,50
201900046988,15,7,2019,10:10:00,1,67,67482,2,1,1,3,"PLAINE DES BOUCHERS (RUE DE LA)","48,5650000","7,7386200",201900046988,138 217 656,B01,2,1,0,2,1,1,5,NULL,201900046988,138 217 656,B01,1,1,4,1,1967,1,8,0,-1,0,0,-1,201900046988,4,"PLAINE DES BOUCHERS (RUE DE LA)",0,NULL,2,2,1,1,0,0,1,NULL,NULL,1,0,1,50
201900047963,2,11,2019,15:00:00,1,75,75115,2,3,8,3,"RUE DE LA CONVENTION","48,8383300","2,2939400",201900047963,138 215 883,B01,1,1,0,2,8,19,5,NULL,201900047963,138 215 883,B01,1,1,4,1,2015,5,2,0,-1,0,0,-1,201900047963,4,"RUE DE LA CONVENTION",0,NULL,2,2,0,1,0,0,1,NULL,NULL,1,0,1,50
201900047963,2,11,2019,15:00:00,1,75,75115,2,3,8,3,"RUE DE LA CONVENTION","48,8383300","2,2939400",201900047963,138 215 883,B01,1,1,0,2,8,19,5,NULL,201900047963,138 215 884,A01,1,1,1,1,1984,4,2,6,-1,0,0,-1,201900047963,4,"RUE DE LA CONVENTION",0,NULL,2,2,0,1,0,0,1,NULL,NULL,1,0,1,50
201900048408,22,8,2019,00:00:00,3,972,97209,2,1,1,1,"RD 41 (ROCADE)","14,6155800"," -61,0718800",201900048408,138 215 048,A01,2,1,0,2,1,5,5,NULL,201900048408,138 215 047,B01,2,2,3,2,2000,5,8,0,-1,-1,0,-1,201900048408,3,41,0,NULL,1,2,0,1,3,700,1,NULL,NULL,1,3,1,50
201900048408,22,8,2019,00:00:00,3,972,97209,2,1,1,1,"RD 41 (ROCADE)","14,6155800"," -61,0718800",201900048408,138 215 048,A01,2,1,0,2,1,5,5,NULL,201900048408,138 215 047,B01,1,1,4,1,1995,5,8,0,-1,-1,0,-1,201900048408,3,41,0,NULL,1,2,0,1,3,700,1,NULL,NULL,1,3,1,50
201900048408,22,8,2019,00:00:00,3,972,97209,2,1,1,1,"RD 41 (ROCADE)","14,6155800"," -61,0718800",201900048408,138 215 048,A01,2,1,0,2,1,5,5,NULL,201900048408,138 215 048,A01,1,1,3,1,1987,5,8,0,-1,-1,0,-1,201900048408,3,41,0,NULL,1,2,0,1,3,700,1,NULL,NULL,1,3,1,50
201900049811,29,10,2019,14:20:00,1,87,87202,1,1,1,3,"Route de la Madeleine","45,8927680","1,1116120",201900049811,138 212 452,A01,3,1,0,9,1,21,5,NULL,201900049811,138 212 451,B01,1,1,2,1,1946,5,2,-1,-1,0,0,-1,201900049811,4,1,NULL,NULL,2,2,0,2,(1),(1),1,NULL,NULL,1,0,1,80
201900049811,29,10,2019,14:20:00,1,87,87202,1,1,1,3,"Route de la Madeleine","45,8927680","1,1116120",201900049811,138 212 451,B01,3,1,0,0,8,1,5,NULL,201900049811,138 212 451,B01,1,1,2,1,1946,5,2,-1,-1,0,0,-1,201900049811,4,1,NULL,NULL,2,2,0,2,(1),(1),1,NULL,NULL,1,0,1,80
201900049811,29,10,2019,14:20:00,1,87,87202,1,1,1,3,"Route de la Madeleine","45,8927680","1,1116120",201900049811,138 212 452,A01,3,1,0,9,1,21,5,NULL,201900049811,138 212 452,A01,1,1,4,1,1950,5,2,-1,-1,0,0,-1,201900049811,4,1,NULL,NULL,2,2,0,2,(1),(1),1,NULL,NULL,1,0,1,80
201900049811,29,10,2019,14:20:00,1,87,87202,1,1,1,3,"Route de la Madeleine","45,8927680","1,1116120",201900049811,138 212 451,B01,3,1,0,0,8,1,5,NULL,201900049811,138 212 452,A01,1,1,4,1,1950,5,2,-1,-1,0,0,-1,201900049811,4,1,NULL,NULL,2,2,0,2,(1),(1),1,NULL,NULL,1,0,1,80
201900052446,10,7,2019,18:00:00,1,56,56162,2,1,1,7,"PENHER (ROUTE DU)","47,7120400"," -3,4702600",201900052446,138 207 450,A01,1,1,12,0,0,0,5,NULL,201900052446,138 207 450,A01,1,1,4,2,1980,0,8,8,-1,0,0,-1,201900052446,4,"PENHER (ROUTE DU)",0,NULL,2,2,0,1,(1),(1),1,NULL,NULL,1,0,1,50
201900053102,15,6,2019,14:20:00,1,11,11262,2,1,1,6,"MARAUSSAN (BOULEVARD DE)","43,1755650","2,9996890",201900053102,138 206 182,A01,1,1,0,0,0,0,6,NULL,201900053102,138 206 182,A01,1,1,4,1,1999,9,2,8,-1,-1," -1",-1,201900053102,4,"MARAUSSAN (BOULEVARD DE)",0,NULL,2,2,1,1,0,0,1,NULL,NULL,1,0,1,50
201900056147,20,8,2019,05:30:00,3,26,26178,1,1,1,3,"D181 Route de RECOUBEAU","44,6666270","5,4284380",201900056147,138 200 548,A01,1,1,0,2,2,1,5,NULL,201900056147,138 200 547,B01,1,1,4,1,2000,-1,8,8,8,0,0,-1,201900056147,3,181,NULL,NULL,2,2,0,1,3,150,1,NULL,NULL,2,0,1,70
201900056147,20,8,2019,05:30:00,3,26,26178,1,1,1,3,"D181 Route de RECOUBEAU","44,6666270","5,4284380",201900056147,138 200 548,A01,1,1,0,2,2,1,5,NULL,201900056147,138 200 548,A01,1,1,3,1,1990,3,9,-1,-1,0,0,-1,201900056147,3,181,NULL,NULL,2,2,0,1,3,150,1,NULL,NULL,2,0,1,70
201900057448,27,3,2019,18:35:00,1,29,29175,2,6,1,3,"Rue des Frères Floch","48,2491125"," -3,8224304",201900057448,138 198 174,B01,2,1,0,2,2,1,0,NULL,201900057448,138 198 174,B01,1,1,4,1,2001,5,8,-1,-1,0,0,-1,201900057448,3,36,0,NULL,2,2,0,1,38,400,2,NULL,NULL,1,5,1,50
201900057448,27,3,2019,18:35:00,1,29,29175,2,6,1,3,"Rue des Frères Floch","48,2491125"," -3,8224304",201900057448,138 198 174,B01,2,1,0,2,2,1,0,NULL,201900057448,138 198 176,A01,1,1,1,1,1958,9,1,-1,-1,0,0,-1,201900057448,3,36,0,NULL,2,2,0,1,38,400,2,NULL,NULL,1,5,1,50
201900010215,17,10,2019,19:37:00,5,74,74093,2,1,2,3,"CROISEE (DE LA)","45,8955490","6,1121450",201900010215,138 287 435,B01,1,1,0,2,2,0,0,NULL,201900010215,138 287 435,B01,1,1,4,1,1947,0,2,8,-1,0,0,-1,201900010215,4,"CROISEE (DE LA)",0,NULL,2,2,1,1,0,0,1,NULL,NULL,2,0,1,50
201900010215,17,10,2019,19:37:00,5,74,74093,2,1,2,3,"CROISEE (DE LA)","45,8955490","6,1121450",201900010215,138 287 435,B01,1,1,0,2,2,0,0,NULL,201900010215,138 287 436,A01,1,1,1,1,1971,1,1,8,-1,0,0,-1,201900010215,4,"CROISEE (DE LA)",0,NULL,2,2,1,1,0,0,1,NULL,NULL,2,0,1,50
201900010518,26,4,2019,15:40:00,1,75,75116,2,2,1,3,"ALLEE DE LA REINE MARGUERITE","48,8585650","2,2448830",201900010518,138 286 897,B01,3,1,0,2,2,17,5,NULL,201900010518,138 286 897,B01,1,1,4,1,1972,5,2,0,-1,0,0,-1,201900010518,4,"ALLEE DE LA REINE MARGUERITE",0,NULL,2,4,0,1,0,0,1,NULL,NULL,1,0,1,50
201900010518,26,4,2019,15:40:00,1,75,75116,2,2,1,3,"ALLEE DE LA REINE MARGUERITE","48,8585650","2,2448830",201900010518,138 286 897,B01,3,1,0,2,2,17,5,NULL,201900010518,138 286 898,A01,1,1,1,1,1955,4,1,0,-1,0,0,-1,201900010518,4,"ALLEE DE LA REINE MARGUERITE",0,NULL,2,4,0,1,0,0,1,NULL,NULL,1,0,1,50
201900010572,19,6,2019,09:25:00,1,7,07264,1,1,1,3,"RD 86","44,3215800","4,6258140",201900010572,138 286 804,B01,2,1,0,0,4,2,6,NULL,201900010572,138 286 803,A01,1,1,1,1,1961,0,8,-1,-1,0,0,-1,201900010572,3,86,0,NULL,2,2,0,1,131,900,1,NULL,NULL,1,0,3,80
201900010572,19,6,2019,09:25:00,1,7,07264,1,1,1,3,"RD 86","44,3215800","4,6258140",201900010572,138 286 804,B01,2,1,0,0,4,2,6,NULL,201900010572,138 286 804,B01,1,1,3,1,1958,5,2,-1,-1,0,0,-1,201900010572,3,86,0,NULL,2,2,0,1,131,900,1,NULL,NULL,1,0,3,80
201900011321,18,12,2019,07:15:00,2,75,75112,2,1,1,3,"QUAI DE LA RAPEE","48,8393467","2,3753120",201900011321,138 285 464,A01,1,1,0,2,1,17,5,NULL,201900011321,138 285 463,B01,1,1,1,1,1972,0,2,8,-1,0,0,-1,201900011321,4,"QUAI DE LA RAPEE",0,NULL,2,2,-1,2,0,0,1,NULL,NULL,1,0,1,50
201900011321,18,12,2019,07:15:00,2,75,75112,2,1,1,3,"QUAI DE LA RAPEE","48,8393467","2,3753120",201900011321,138 285 463,B01,1,1,0,2,6,13,5,NULL,201900011321,138 285 463,B01,1,1,1,1,1972,0,2,8,-1,0,0,-1,201900011321,4,"QUAI DE LA RAPEE",0,NULL,2,2,-1,2,0,0,1,NULL,NULL,1,0,1,50
201900011321,18,12,2019,07:15:00,2,75,75112,2,1,1,3,"QUAI DE LA RAPEE","48,8393467","2,3753120",201900011321,138 285 464,A01,1,1,0,2,1,17,5,NULL,201900011321,138 285 464,A01,1,1,4,1,1972,1,2,8,-1,0,0,-1,201900011321,4,"QUAI DE LA RAPEE",0,NULL,2,2,-1,2,0,0,1,NULL,NULL,1,0,1,50
201900011321,18,12,2019,07:15:00,2,75,75112,2,1,1,3,"QUAI DE LA RAPEE","48,8393467","2,3753120",201900011321,138 285 463,B01,1,1,0,2,6,13,5,NULL,201900011321,138 285 464,A01,1,1,4,1,1972,1,2,8,-1,0,0,-1,201900011321,4,"QUAI DE LA RAPEE",0,NULL,2,2,-1,2,0,0,1,NULL,NULL,1,0,1,50
201900014914,30,12,2019,20:30:00,5,75,75110,2,3,1,3,"BOULEVARD DE BONNE NOUVELLE","48,8696850","2,3526620",201900014914,138 278 573,B01,2,1,0,2,0,1,5,NULL,201900014914,138 278 573,B01,1,1,4,1,1995,0,8,2,-1,0,0,-1,201900014914,4,"BOULEVARD DE BONNE NOUVELLE",0,NULL,2,3,1,1,0,0,1,NULL,NULL,1,0,5,50
201900014914,30,12,2019,20:30:00,5,75,75110,2,3,1,3,"BOULEVARD DE BONNE NOUVELLE","48,8696850","2,3526620",201900014914,138 278 573,B01,2,1,0,2,0,1,5,NULL,201900014914,138 278 574,A01,1,1,1,2,1978,0,1,0,-1,0,0,-1,201900014914,4,"BOULEVARD DE BONNE NOUVELLE",0,NULL,2,3,1,1,0,0,1,NULL,NULL,1,0,5,50
201900015289,12,9,2019,08:10:00,1,69,69266,2,1,1,6,"LIGNE DE L'EST      (Chemin)","45,7577580","4,9061250",201900015289,138 277 877,A01,2,1,0,2,3,17,5,NULL,201900015289,138 277 877,A01,1,1,4,2,1983,1,8,0,-1,-1," -1",-1,201900015289,4,"LIGNE DE L'EST      (Chemin)",0,NULL,2,1,1,1,0,0,1,NULL,NULL,1,4,5,120
201900015289,12,9,2019,08:10:00,1,69,69266,2,1,1,6,"LIGNE DE L'EST      (Chemin)","45,7577580","4,9061250",201900015289,138 277 877,A01,2,1,0,2,3,17,5,NULL,201900015289,138 277 877,A01,10,3,1,1,1986,1,0,-1,-1,5,2,1,201900015289,4,"LIGNE DE L'EST      (Chemin)",0,NULL,2,1,1,1,0,0,1,NULL,NULL,1,4,5,120
201900016388,6,5,2019,08:30:00,1,988,98818,2,1,1,6,"PROMENADE ROGER LAROQUE"," -22,3017500","166,4358000",201900016388,138 275 847,A01,2,1,14,0,1,26,5,NULL,201900016388,138 275 847,A01,1,1,4,2,1968,5,2,8,-1,0,0,-1,201900016388,4,"PROMENADE ROGER LAROQUE",0,NULL,2,4,1,1,0,0,1,NULL,NULL,1,0,1,30
201900016405,7,5,2019,18:15:00,2,974,97416,2,3,1,3,"D28 LIGNE DES BAMBOUS"," -21,2989000","55,4939000",201900016405,138 275 809,B01,2,1,0,2,1,26,5,NULL,201900016405,138 275 808,A01,1,1,1,1,1977,0,1,8,-1,-1," -1",-1,201900016405,4,"D28 LIGNE DES BAMBOUS",0,NULL,2,2,0,2,0,0,1,NULL,NULL,1,0,1,50
201900016405,7,5,2019,18:15:00,2,974,97416,2,3,1,3,"D28 LIGNE DES BAMBOUS"," -21,2989000","55,4939000",201900016405,138 275 809,B01,2,1,0,2,1,26,5,NULL,201900016405,138 275 809,B01,1,1,4,1,2002,5,8,0,-1,-1," -1",-1,201900016405,4,"D28 LIGNE DES BAMBOUS",0,NULL,2,2,0,2,0,0,1,NULL,NULL,1,0,1,50
201900019121,6,9,2019,08:30:00,1,59,59343,2,1,1,2,"FAIDHERBE RUE","50,5910500","3,1173000",201900019121,138 270 700,B01,1,1,0,2,1,2,0,NULL,201900019121,138 270 699,A01,1,1,1,2,1953,0,1,8,-1,-1,0,-1,201900019121,7,952,0,NULL,2,2,0,1,0,0,1,NULL,NULL,1,0,1,50
201900019121,6,9,2019,08:30:00,1,59,59343,2,1,1,2,"FAIDHERBE RUE","50,5910500","3,1173000",201900019121,138 270 700,B01,1,1,0,2,1,2,0,NULL,201900019121,138 270 700,B01,1,1,4,2,1964,0,2,8,-1,-1,0,-1,201900019121,7,952,0,NULL,2,2,0,1,0,0,1,NULL,NULL,1,0,1,50
201900030287,12,4,2019,14:50:00,1,75,75101,2,7,1,1,"RUE DE L AMIRAL DE COLIGNY","48,8603900","2,3405810",201900030287,138 249 331,B01,2,1,0,2,1,17,5,NULL,201900030287,138 249 330,A01,1,1,1,1,1993,1,2,6,-1,0,0,-1,201900030287,4,"RUE DE L AMIRAL DE COLIGNY",0,NULL,2,3,0,1,0,0,1,NULL,NULL,1,0,1,50
201900030287,12,4,2019,14:50:00,1,75,75101,2,7,1,1,"RUE DE L AMIRAL DE COLIGNY","48,8603900","2,3405810",201900030287,138 249 331,B01,2,1,0,2,1,17,5,NULL,201900030287,138 249 331,B01,1,1,4,1,1988,1,2,0,-1,0,0,-1,201900030287,4,"RUE DE L AMIRAL DE COLIGNY",0,NULL,2,3,0,1,0,0,1,NULL,NULL,1,0,1,50
201900034514,12,5,2019,09:00:00,1,13,13212,2,3,1,3,"ERNEST GASQUY (RUE)","43,3019720","5,4226850",201900034514,138 241 313,B01,0,1,0,2,1,1,5,NULL,201900034514,138 241 313,B01,1,1,3,1,1968,5,8,0,-1,0,0,-1,201900034514,4,"ERNEST GASQUY (RUE)",0,NULL,2,2,0,2,0,0,1,NULL,NULL,1,0,1,30
201900034514,12,5,2019,09:00:00,1,13,13212,2,3,1,3,"ERNEST GASQUY (RUE)","43,3019720","5,4226850",201900034514,138 241 313,B01,0,1,0,2,1,1,5,NULL,201900034514,138 241 314,A01,1,1,1,2,1972,3,1,8,-1,-1," -1",-1,201900034514,4,"ERNEST GASQUY (RUE)",0,NULL,2,2,0,2,0,0,1,NULL,NULL,1,0,1,30
201900035052,24,6,2019,08:20:00,1,15,15154,1,1,1,3,"RN 122 PK063+150","44,9446360","2,5562550",201900035052,138 240 248,B01,2,1,0,2,8,1,5,NULL,201900035052,138 240 248,B01,1,1,3,1,1942,5,2,-1,-1,0,0,-1,201900035052,2,122,NULL,NULL,2,4,0,3,63,150,2,NULL,NULL,1,0,1,90
201900035052,24,6,2019,08:20:00,1,15,15154,1,1,1,3,"RN 122 PK063+150","44,9446360","2,5562550",201900035052,138 240 248,B01,2,1,0,2,8,1,5,NULL,201900035052,138 240 249,A01,1,1,1,1,1987,1,1,-1,-1,0,0,-1,201900035052,2,122,NULL,NULL,2,4,0,3,63,150,2,NULL,NULL,1,0,1,90
201900036562,29,5,2019,18:10:00,1,75,75120,2,1,1,6,"RUE DES PYRENEES","48,8615210","2,4002590",201900036562,138 237 365,A01,2,1,0,2,7,1,5,NULL,201900036562,138 237 365,A01,1,1,4,2,1992,1,8,0,-1,0,0,-1,201900036562,4,"RUE DES PYRENEES",0,NULL,2,2,0,2,0,0,1,NULL,NULL,1,0,1,30
201900037433,23,8,2019,13:47:00,1,49,49007,2,1,1,7,"PATTON AVENUE","47,4737900"," -0,5776500",201900037433,138 235 638,A01,1,1,0,0,0,0,5,NULL,201900037433,138 235 638,A01,1,1,4,1,1982,0,8,0,-1,-1," -1",-1,201900037433,4,"PATTON AVENUE",0,NULL,2,2,0,1,0,0,1,NULL,NULL,1,0,1,60
201900039141,15,6,2019,16:00:00,1,34,34003,2,2,1,3,"CAYROU (G14 A H14","43,3080400","3,4733600",201900039141,138 232 528,A01,3,1,0,2,1,19,5,NULL,201900039141,138 232 528,A01,1,1,4,1,1976,1,2,0,-1,0,0,-1,201900039141,4,"CAYROU (G14 A H14",0,NULL,-1,1,0,1,(1),(1),3,NULL,NULL,1,0,1,50
201900039141,15,6,2019,16:00:00,1,34,34003,2,2,1,3,"CAYROU (G14 A H14","43,3080400","3,4733600",201900039141,138 232 528,A01,3,1,0,2,1,19,5,NULL,201900039141,138 232 529,B01,1,1,1,1,1989,4,8,0,-1,0,0,-1,201900039141,4,"CAYROU (G14 A H14",0,NULL,-1,1,0,1,(1),(1),3,NULL,NULL,1,0,1,50
201900041366,4,4,2019,17:50:00,1,94,94041,2,1,1,3,"VERDUN (AV DE)","48,8159400","2,3678400",201900041366,138 228 403,B01,3,1,0,2,7,19,5,NULL,201900041366,138 228 403,B01,1,1,1,1,1967,1,2,0,-1,-1," -1",-1,201900041366,3,5,0,NULL,2,2,0,1,0,0,1,NULL,NULL,1,6,1,50
201900041366,4,4,2019,17:50:00,1,94,94041,2,1,1,3,"VERDUN (AV DE)","48,8159400","2,3678400",201900041366,138 228 403,B01,3,1,0,2,7,19,5,NULL,201900041366,138 228 404,A01,1,1,4,1,1984,1,2,8,-1,-1," -1",-1,201900041366,3,5,0,NULL,2,2,0,1,0,0,1,NULL,NULL,1,6,1,50
201900043628,7,12,2019,17:48:00,5,30,30189,2,9,1,2,"Lt Col Pierre COLIN","43,8367240","4,3602915",201900043628,138 224 144,B01,1,1,0,2,0,0,6,NULL,201900043628,138 224 144,B01,1,1,3,1,1973,1,2,4,-1,-1," -1",-1,201900043628,4,"Lt Col Pierre COLIN",0,NULL,-1,2,0,1,0,0,2,NULL,NULL,1,9,1,50
201900043628,7,12,2019,17:48:00,5,30,30189,2,9,1,2,"Lt Col Pierre COLIN","43,8367240","4,3602915",201900043628,138 224 144,B01,1,1,0,2,0,0,6,NULL,201900043628,138 224 145,A01,1,1,1,1,1967,3,1,0,-1,-1," -1",-1,201900043628,4,"Lt Col Pierre COLIN",0,NULL,-1,2,0,1,0,0,2,NULL,NULL,1,9,1,50
201900046914,1,4,2019,18:45:00,1,13,13201,2,2,1,3,"ROTONDE (RUE DE LA)","43,3015360","5,3856550",201900046914,138 217 803,B01,0,1,0,2,1,1,0,NULL,201900046914,138 217 803,B01,1,1,4,1,1988,9,8,0,-1,-1," -1",-1,201900046914,4,"ROTONDE (RUE DE LA)",0,NULL,1,1,0,1,0,0,1,NULL,NULL,1,0,1,50
201900046914,1,4,2019,18:45:00,1,13,13201,2,2,1,3,"ROTONDE (RUE DE LA)","43,3015360","5,3856550",201900046914,138 217 803,B01,0,1,0,2,1,1,0,NULL,201900046914,138 217 804,A01,1,1,1,2,1977,0,1,0,-1,-1," -1",-1,201900046914,4,"ROTONDE (RUE DE LA)",0,NULL,1,1,0,1,0,0,1,NULL,NULL,1,0,1,50
201900047185,7,12,2019,22:20:00,5,69,69381,2,1,1,6,"JEAN MOULIN                         (QU)","45,7676700","4,8378900",201900047185,138 217 309,A01,1,1,0,1,1,1,5,NULL,201900047185,138 217 309,A01,1,1,1,1,1988,5,8,0,-1,0,0,-1,201900047185,4,"JEAN MOULIN                         (QU)",0,NULL,1,4,0,1,0,0,1,NULL,NULL,1,0,1,50
201900047185,7,12,2019,22:20:00,5,69,69381,2,1,1,6,"JEAN MOULIN                         (QU)","45,7676700","4,8378900",201900047185,138 217 309,A01,1,1,0,1,1,1,5,NULL,201900047185,138 217 309,A01,10,3,3,2,1943,5,0,-1,-1,3,3,2,201900047185,4,"JEAN MOULIN                         (QU)",0,NULL,1,4,0,1,0,0,1,NULL,NULL,1,0,1,50
201900048779,10,7,2019,08:15:00,1,94,94068,2,1,1,3,"BONNEUIL (QU DE)","48,7848700","2,4955300",201900048779,138 214 366,A01,1,1,0,2,7,19,5,NULL,201900048779,138 214 366,A01,1,1,4,1,1964,0,8,0,-1,-1," -1",-1,201900048779,3,283,0,NULL,2,2,0,1,0,0,1,NULL,NULL,1,5,1,50
201900048779,10,7,2019,08:15:00,1,94,94068,2,1,1,3,"BONNEUIL (QU DE)","48,7848700","2,4955300",201900048779,138 214 366,A01,1,1,0,2,7,19,5,NULL,201900048779,138 214 368,B01,1,1,1,1,1995,0,1,0,-1,-1," -1",-1,201900048779,3,283,0,NULL,2,2,0,1,0,0,1,NULL,NULL,1,5,1,50
201900049281,6,12,2019,06:20:00,5,75,75111,2,1,1,3,"BOULEVARD JULES FERRY","48,8685290","2,3671670",201900049281,138 213 446,A01,2,1,0,2,8,13,5,NULL,201900049281,138 213 445,B01,1,1,4,2,1976,1,2,6,-1,0,0,-1,201900049281,4,"BOULEVARD JULES FERRY",0,NULL,3,2,-1,1,0,0,1,NULL,NULL,1,0,1,30
201900049281,6,12,2019,06:20:00,5,75,75111,2,1,1,3,"BOULEVARD JULES FERRY","48,8685290","2,3671670",201900049281,138 213 446,A01,2,1,0,2,8,13,5,NULL,201900049281,138 213 446,A01,1,1,4,1,1988,1,2,8,-1,0,0,-1,201900049281,4,"BOULEVARD JULES FERRY",0,NULL,3,2,-1,1,0,0,1,NULL,NULL,1,0,1,30
201900050735,28,3,2019,15:00:00,1,62,62193,2,1,1,3,CHAROST,"50,9494000","1,8567000",201900050735,138 210 745,A01,2,1,0,2,3,13,5,NULL,201900050735,138 210 745,A01,1,1,4,2,1982,4,2,0,-1,-1," -1",-1,201900050735,4,CHAROST,0,NULL,1,1,0,1,0,0,1,NULL,NULL,1,0,2,50
201900050735,28,3,2019,15:00:00,1,62,62193,2,1,1,3,CHAROST,"50,9494000","1,8567000",201900050735,138 210 745,A01,2,1,0,2,3,13,5,NULL,201900050735,138 210 746,B01,1,1,4,1,1996,5,2,6,-1,-1," -1",-1,201900050735,4,CHAROST,0,NULL,1,1,0,1,0,0,1,NULL,NULL,1,0,2,50
201900052395,29,3,2019,08:45:00,1,75,75120,2,3,1,3,"RUE DES MARAICHERS","48,8525230","2,4066970",201900052395,138 207 546,B01,1,1,0,2,1,9,5,NULL,201900052395,138 207 545,A01,1,1,1,2,1972,1,1,0,-1,0,0,-1,201900052395,4,"RUE DES MARAICHERS",0,NULL,2,2,0,1,0,0,1,NULL,NULL,1,0,1,50
201900052395,29,3,2019,08:45:00,1,75,75120,2,3,1,3,"RUE DES MARAICHERS","48,8525230","2,4066970",201900052395,138 207 546,B01,1,1,0,2,1,9,5,NULL,201900052395,138 207 546,B01,1,1,4,1,2005,2,8,0,-1,0,0,-1,201900052395,4,"RUE DES MARAICHERS",0,NULL,2,2,0,1,0,0,1,NULL,NULL,1,0,1,50
201900052912,2,5,2019,10:20:00,1,43,43154,1,1,1,5,"Route Nationale n°88- P 98+800","44,7694320","3,8821810",201900052912,138 206 554,B01,1,1,0,2,5,1,5,NULL,201900052912,138 206 553,C01,1,1,4,1,1942,5,2,4,-1,0,0,-1,201900052912,2,88,NULL,NULL,2,2,0,2,98,800,1,NULL,NULL,1,0,1,80
201900052912,2,5,2019,10:20:00,1,43,43154,1,1,1,5,"Route Nationale n°88- P 98+800","44,7694320","3,8821810",201900052912,138 206 553,C01,1,1,0,2,5,1,5,NULL,201900052912,138 206 553,C01,1,1,4,1,1942,5,2,4,-1,0,0,-1,201900052912,2,88,NULL,NULL,2,2,0,2,98,800,1,NULL,NULL,1,0,1,80
201900052912,2,5,2019,10:20:00,1,43,43154,1,1,1,5,"Route Nationale n°88- P 98+800","44,7694320","3,8821810",201900052912,138 206 554,B01,1,1,0,2,5,1,5,NULL,201900052912,138 206 554,B01,1,1,3,1,1952,5,2,4,-1,0,0,-1,201900052912,2,88,NULL,NULL,2,2,0,2,98,800,1,NULL,NULL,1,0,1,80
201900052912,2,5,2019,10:20:00,1,43,43154,1,1,1,5,"Route Nationale n°88- P 98+800","44,7694320","3,8821810",201900052912,138 206 553,C01,1,1,0,2,5,1,5,NULL,201900052912,138 206 554,B01,1,1,3,1,1952,5,2,4,-1,0,0,-1,201900052912,2,88,NULL,NULL,2,2,0,2,98,800,1,NULL,NULL,1,0,1,80
201900052912,2,5,2019,10:20:00,1,43,43154,1,1,1,5,"Route Nationale n°88- P 98+800","44,7694320","3,8821810",201900052912,138 206 554,B01,1,1,0,2,5,1,5,NULL,201900052912,138 206 555,A01,1,1,1,1,1936,3,1,-1,-1,0,0,-1,201900052912,2,88,NULL,NULL,2,2,0,2,98,800,1,NULL,NULL,1,0,1,80
201900052912,2,5,2019,10:20:00,1,43,43154,1,1,1,5,"Route Nationale n°88- P 98+800","44,7694320","3,8821810",201900052912,138 206 553,C01,1,1,0,2,5,1,5,NULL,201900052912,138 206 555,A01,1,1,1,1,1936,3,1,-1,-1,0,0,-1,201900052912,2,88,NULL,NULL,2,2,0,2,98,800,1,NULL,NULL,1,0,1,80