Num_Acc,jour,mois,an,hrmn,lum,dep,com,agg,int,atm,col,adr,lat,long,Num_Acc,id_vehicule,num_veh,senc,catv,obs,obsm,choc,manv,motor,occutc,Num_Acc,id_vehicule,num_veh,place,catu,grav,sexe,an_nais,trajet,secu1,secu2,secu3,locp,actp,etatp,Num_Acc,catr,voie,v1,v2,circ,nbv,vosp,prof,pr,pr1,plan,lartpc,larrout,surf,infra,situ,vma
201900054905,8,6,2019,17:45:00,1,5,05061,2,1,1,2,"D942 A","44,5534500","6,0787300",201900054905,138 202 835,B01,2,1,0,2,4,2,5,NULL,201900054905,138 202 834,A01,1,1,4,1,1950,5,2,8,-1,0,0,-1,201900054905,3,942,0,A,2,2,0,2,0,537,1,NULL,NULL,1,0,1,50
201900054905,8,6,2019,17:45:00,1,5,05061,2,1,1,2,"D942 A","44,5534500","6,0787300",201900054905,138 202 834,A01,2,1,0,2,1,2,5,NULL,201900054905,138 202 834,A01,1,1,4,1,1950,5,2,8,-1,0,0,-1,201900054905,3,942,0,A,2,2,0,2,0,537,1,NULL,NULL,1,0,1,50
201900054905,8,6,2019,17:45:00,1,5,05061,2,1,1,2,"D942 A","44,5534500","6,0787300",201900054905,138 202 835,B01,2,1,0,2,4,2,5,NULL,201900054905,138 202 835,B01,1,1,1,2,1956,5,2,0,-1,0,0,-1,201900054905,3,942,0,A,2,2,0,2,0,537,1,NULL,NULL,1,0,1,50
201900054905,8,6,2019,17:45:00,1,5,05061,2,1,1,2,"D942 A","44,5534500","6,0787300",201900054905,138 202 834,A01,2,1,0,2,1,2,5,NULL,201900054905,138 202 835,B01,1,1,1,2,1956,5,2,0,-1,0,0,-1,201900054905,3,942,0,A,2,2,0,2,0,537,1,NULL,NULL,1,0,1,50
201900055812,12,7,2019,09:40:00,1,33,33243,2,1,7,3,"rue Jules Védrines","44,9068320"," -0,2350480",201900055812,138 201 186,B01,0,1,0,2,7,0,5,NULL,201900055812,138 201 186,B01,1,1,4,1,1933,0,0,-1,-1,0,0,-1,201900055812,4,NULL,NULL,NULL,2,2,0,1,(1),(1),1,NULL,NULL,1,0,1,50
201900055812,12,7,2019,09:40:00,1,33,33243,2,1,7,3,"rue Jules Védrines","44,9068320"," -0,2350480",201900055812,138 201 186,B01,0,1,0,2,7,0,5,NULL,201900055812,138 201 187,A01,1,1,1,2,1980,0,1,-1,-1,0,0,-1,201900055812,4,NULL,NULL,NULL,2,2,0,1,(1),(1),1,NULL,NULL,1,0,1,50
201900056074,19,8,2019,21:00:00,2,37,37214,2,1,1,3,"DE GAULLE (BD CHARLES)","47,4213614","0,6608162",201900056074,138 200 675,B01,3,1,0,2,1,1,5,NULL,201900056074,138 200 674,A01,1,1,1,1,1997,5,1,8,-1,-1,0,-1,201900056074,4,"DE GAULLE (BD CHARLES)",0,NULL,1,1,1,1,0,0,1,NULL,NULL,1,0,1,30
201900056074,19,8,2019,21:00:00,2,37,37214,2,1,1,3,"DE GAULLE (BD CHARLES)","47,4213614","0,6608162",201900056074,138 200 675,B01,3,1,0,2,1,1,5,NULL,201900056074,138 200 675,B01,1,1,3,2,1982,5,8,0,-1,-1,0,-1,201900056074,4,"DE GAULLE (BD CHARLES)",0,NULL,1,1,1,1,0,0,1,NULL,NULL,1,0,1,30
201900057566,15,2,2019,10:30:00,1,75,75102,2,2,1,3,"RUE DE PALESTRO","48,8652020","2,3514180",201900057566,138 197 942,A01,2,1,0,2,2,1,5,NULL,201900057566,138 197 942,A01,1,1,4,2,1981,1,2,0,-1,0,0,-1,201900057566,4,"RUE DE PALESTRO",0,NULL,1,1,0,1,0,0,1,NULL,NULL,1,0,1,30
201900057566,15,2,2019,10:30:00,1,75,75102,2,2,1,3,"RUE DE PALESTRO","48,8652020","2,3514180",201900057566,138 197 942,A01,2,1,0,2,2,1,5,NULL,201900057566,138 197 943,B01,1,1,1,1,1977,4,1,0,-1,0,0,-1,201900057566,4,"RUE DE PALESTRO",0,NULL,1,1,0,1,0,0,1,NULL,NULL,1,0,1,30
201900058055,23,10,2019,14:50:00,1,10,10387,2,1,1,2,"PIERRE GILLON (RUE)","48,2866531","4,0751821",201900058055,138 197 044,B01,1,1,0,2,1,2,5,NULL,201900058055,138 197 044,B01,1,1,4,1,1999,5,8,0,-1,-1,0,-1,201900058055,4,"PIERRE GILLON (RUE)",0,NULL,2,2,0,2,0,0,1,NULL,NULL,1,0,1,50
201900058055,23,10,2019,14:50:00,1,10,10387,2,1,1,2,"PIERRE GILLON (RUE)","48,2866531","4,0751821",201900058055,138 197 044,B01,1,1,0,2,1,2,5,NULL,201900058055,138 197 045,A01,1,1,1,1,1950,-1,1,9,9,-1," -1",-1,201900058055,4,"PIERRE GILLON (RUE)",0,NULL,2,2,0,2,0,0,1,NULL,NULL,1,0,1,50
201900010043,18,10,2019,14:15:00,1,33,33069,2,6,1,1,"VOIE LIAISON LAMARTINE PRESSENCE","44,8635800"," -0,6063100",201900010043,138 287 762,B01,1,1,0,0,0,15,5,NULL,201900010043,138 287 762,B01,1,1,4,2,1994,0,2,0,-1,-1," -1",-1,201900010043,4,"RUE LAMARTINE",0,NULL,2,2,0,1,0,0,1,NULL,NULL,1,0,1,30
201900010043,18,10,2019,14:15:00,1,33,33069,2,6,1,1,"VOIE LIAISON LAMARTINE PRESSENCE","44,8635800"," -0,6063100",201900010043,138 287 762,B01,1,1,0,0,0,15,5,NULL,201900010043,138 287 763,A01,1,1,1,1,1944,0,1,0,-1,-1," -1",-1,201900010043,4,"RUE LAMARTINE",0,NULL,2,2,0,1,0,0,1,NULL,NULL,1,0,1,30
201900011310,16,12,2019,20:50:00,5,75,75117,2,1,1,3,"BOULEVARD MALESHERBES","48,8848090","2,3077140",201900011310,138 285 481,B01,1,1,0,2,1,1,5,NULL,201900011310,138 285 481,B01,1,1,4,1,1979,1,8,2,-1,0,0,-1,201900011310,4,"BOULEVARD MALESHERBES",0,NULL,2,3,1,1,0,0,1,NULL,NULL,1,0,5,30
201900011310,16,12,2019,20:50:00,5,75,75117,2,1,1,3,"BOULEVARD MALESHERBES","48,8848090","2,3077140",201900011310,138 285 481,B01,1,1,0,2,1,1,5,NULL,201900011310,138 285 482,A01,1,1,1,1,1983,5,1,0,-1,0,0,-1,201900011310,4,"BOULEVARD MALESHERBES",0,NULL,2,3,1,1,0,0,1,NULL,NULL,1,0,5,30
201900011310,16,12,2019,20:50:00,5,75,75117,2,1,1,3,"BOULEVARD MALESHERBES","48,8848090","2,3077140",201900011310,138 285 481,B01,1,1,0,2,1,1,5,NULL,201900011310,138 285 482,A01,2,2,1,2,1991,5,1,0,-1,0,0,-1,201900011310,4,"BOULEVARD MALESHERBES",0,NULL,2,3,1,1,0,0,1,NULL,NULL,1,0,5,30
201900017934,2,7,2019,10:40:00,1,68,68046,1,1,7,7,"rd 14 b4","47,8016740","7,0373080",201900017934,138 272 887,A01,2,1,0,0,0,1,5,NULL,201900017934,138 272 887,A01,1,1,2,1,1947,5,2,6,-1,0,0,-1,201900017934,3,14,NULL,B,2,2,0,2,7,130,1,NULL,NULL,1,0,1,80
201900021768,9,5,2019,11:45:00,1,83,83069,1,1,1,6,"PIERREFEU (ROUTE DE) RD 12","43,2050000","6,1360000",201900021768,138 265 687,B01,2,1,0,2,0,1,5,NULL,201900021768,138 265 686,A01,1,1,1,1,1995,4,1,8,-1,-1," -1",-1,201900021768,3,12,0,NULL,2,2,0,1,29,650,1,NULL,NULL,1,0,1,70
201900021768,9,5,2019,11:45:00,1,83,83069,1,1,1,6,"PIERREFEU (ROUTE DE) RD 12","43,2050000","6,1360000",201900021768,138 265 687,B01,2,1,0,2,0,1,5,NULL,201900021768,138 265 687,B01,1,1,3,1,1948,5,2,8,-1,-1," -1",-1,201900021768,3,12,0,NULL,2,2,0,1,29,650,1,NULL,NULL,1,0,1,70
201900022455,30,1,2019,18:30:00,5,94,94041,2,2,2,3,"VERDUN (AV DE)","48,8130700","2,3702700",201900022455,138 264 352,A01,2,1,0,2,2,17,5,NULL,201900022455,138 264 351,B01,1,1,1,2,1967,5,1,0,-1,-1,0,-1,201900022455,3,5,0,NULL,2,2,0,1,0,0,1,NULL,NULL,2,5,1,50
201900022455,30,1,2019,18:30:00,5,94,94041,2,2,2,3,"VERDUN (AV DE)","48,8130700","2,3702700",201900022455,138 264 352,A01,2,1,0,2,2,17,5,NULL,201900022455,138 264 351,B01,2,2,1,1,2008,5,1,0,-1,-1,0,-1,201900022455,3,5,0,NULL,2,2,0,1,0,0,1,NULL,NULL,2,5,1,50
201900022455,30,1,2019,18:30:00,5,94,94041,2,2,2,3,"VERDUN (AV DE)","48,8130700","2,3702700",201900022455,138 264 352,A01,2,1,0,2,2,17,5,NULL,201900022455,138 264 352,A01,1,1,4,1,1988,0,2,0,-1,-1,0,-1,201900022455,3,5,0,NULL,2,2,0,1,0,0,1,NULL,NULL,2,5,1,50
201900022677,10,10,2019,08:30:00,1,37,37122,2,3,1,6,"CERCELE (RUE)","47,3336715","0,6538565",201900022677,138 263 921,A01,3,1,0,2,5,15,5,NULL,201900022677,138 263 921,A01,1,1,4,1,2008,2,2,0,-1,-1," -1",-1,201900022677,4,"CERCELE (RUE)",0,NULL,2,2,0,1,0,0,1,NULL,NULL,1,0,1,50
201900022677,10,10,2019,08:30:00,1,37,37122,2,3,1,6,"CERCELE (RUE)","47,3336715","0,6538565",201900022677,138 263 921,A01,3,1,0,2,5,15,5,NULL,201900022677,138 263 922,B01,1,1,1,1,1975,0,1,0,-1,-1," -1",-1,201900022677,4,"CERCELE (RUE)",0,NULL,2,2,0,1,0,0,1,NULL,NULL,1,0,1,50
201900025796,21,12,2019,19:50:00,5,75,75120,2,1,2,3,"AVENUE GAMBETTA","48,8714530","2,4041710",201900025796,138 257 756,A01,1,1,0,2,6,13,5,NULL,201900025796,138 257 756,A01,1,1,4,1,1978,1,8,2,-1,0,0,-1,201900025796,4,"AVENUE GAMBETTA",0,NULL,2,2,0,2,108,0,1,NULL,NULL,2,0,1,50
201900025796,21,12,2019,19:50:00,5,75,75120,2,1,2,3,"AVENUE GAMBETTA","48,8714530","2,4041710",201900025796,138 257 756,A01,1,1,0,2,6,13,5,NULL,201900025796,138 257 757,Z01,1,1,4,1,2003,0,2,6,-1,0,0,-1,201900025796,4,"AVENUE GAMBETTA",0,NULL,2,2,0,2,108,0,1,NULL,NULL,2,0,1,50
201900029928,17,6,2019,13:00:00,1,59,59634,2,6,1,3,"route nationae wallon cappel","50,7297710","2,4761530",201900029928,138 250 068,B01,2,1,0,2,2,1,0,NULL,201900029928,138 250 067,A01,1,1,1,2,1978,5,1,-1,-1,0,0,-1,201900029928,3,642,0,A,2,2,0,1,44,100,1,NULL,NULL,1,0,1,30
201900029928,17,6,2019,13:00:00,1,59,59634,2,6,1,3,"route nationae wallon cappel","50,7297710","2,4761530",201900029928,138 250 068,B01,2,1,0,2,2,1,0,NULL,201900029928,138 250 068,B01,1,1,3,1,1966,1,8,-1,-1,0,0,-1,201900029928,3,642,0,A,2,2,0,1,44,100,1,NULL,NULL,1,0,1,30
201900030013,3,9,2019,12:10:00,1,71,71076,2,1,1,3,"AVENUE Pierre MENDES FRANCE","46,7737600","4,8413900",201900030013,138 249 874,B01,3,1,0,2,1,1,5,NULL,201900030013,138 249 873,A01,1,1,1,1,1934,0,1,8,-1,0,0,-1,201900030013,4,"AVENUE Pierre MENDES FRANCE",0,NULL,2,2,0,2,0,0,2,NULL,NULL,1,0,1,50
201900030013,3,9,2019,12:10:00,1,71,71076,2,1,1,3,"AVENUE Pierre MENDES FRANCE","46,7737600","4,8413900",201900030013,138 249 874,B01,3,1,0,2,1,1,5,NULL,201900030013,138 249 874,B01,1,1,3,1,1969,1,8,0,-1,0,0,-1,201900030013,4,"AVENUE Pierre MENDES FRANCE",0,NULL,2,2,0,2,0,0,2,NULL,NULL,1,0,1,50
201900030948,1,5,2019,16:00:00,1,33,33063,2,3,1,3,"RUE FONDAUDEGE","44,8478263"," -0,5817219",201900030948,138 248 148,A01,1,1,0,2,1,19,5,NULL,201900030948,138 248 148,A01,1,1,1,1,2001,0,8,0,-1,-1," -1",-1,201900030948,4,"RUE FONDAUDEGE",0,NULL,1,1,0,1,0,0,1,NULL,NULL,1,0,1,30
201900030948,1,5,2019,16:00:00,1,33,33063,2,3,1,3,"RUE FONDAUDEGE","44,8478263"," -0,5817219",201900030948,138 248 148,A01,1,1,0,2,1,19,5,NULL,201900030948,138 248 149,B01,1,1,3,1,2000,0,2,8,-1,-1," -1",-1,201900030948,4,"RUE FONDAUDEGE",0,NULL,1,1,0,1,0,0,1,NULL,NULL,1,0,1,30
201900031477,5,10,2019,11:00:00,1,44,44109,2,6,1,3,"CANCLAUX ( PLACE ) RUE ALFRED RIOM","47,2142100"," -1,5741300",201900031477,138 247 173,B01,0,1,0,2,8,1,5,NULL,201900031477,138 247 173,B01,1,1,2,1,1953,3,0,0,-1,-1,0,-1,201900031477,4,NULL,0,NULL,1,0,0,1,1,0,2,NULL,NULL,1,0,1,30
201900031477,5,10,2019,11:00:00,1,44,44109,2,6,1,3,"CANCLAUX ( PLACE ) RUE ALFRED RIOM","47,2142100"," -1,5741300",201900031477,138 247 173,B01,0,1,0,2,8,1,5,NULL,201900031477,138 247 174,A01,1,1,1,2,1990,3,1,0,-1,-1,0,-1,201900031477,4,NULL,0,NULL,1,0,0,1,1,0,2,NULL,NULL,1,0,1,30
201900033391,21,6,2019,19:32:00,1,49,49007,2,1,1,6,JERUSALEM,"47,4736100"," -0,5309300",201900033391,138 243 446,B01,3,1,0,2,1,19,5,NULL,201900033391,138 243 445,A01,1,1,1,1,1961,0,1,0,-1,-1,0,-1,201900033391,4,JERUSALEM,0,NULL,2,2,0,1,0,0,1,NULL,NULL,1,0,1,50
201900033391,21,6,2019,19:32:00,1,49,49007,2,1,1,6,JERUSALEM,"47,4736100"," -0,5309300",201900033391,138 243 446,B01,3,1,0,2,1,19,5,NULL,201900033391,138 243 446,B01,1,1,4,1,2016,9,2,4,-1,-1,0,-1,201900033391,4,JERUSALEM,0,NULL,2,2,0,1,0,0,1,NULL,NULL,1,0,1,50
201900034072,28,2,2019,18:08:00,1,974,97409,2,3,1,3,"1er SECT STA"," -20,9746900","55,6816600",201900034072,138 242 161,B01,3,1,0,2,1,16,5,NULL,201900034072,138 242 161,B01,10,3,4,1,1997,5,8,0,-1,2,2,-1,201900034072,4,NULL,0,NULL,2,2,0,1,0,0,2,NULL,NULL,1,0,1,50
201900034072,28,2,2019,18:08:00,1,974,97409,2,3,1,3,"1er SECT STA"," -20,9746900","55,6816600",201900034072,138 242 161,B01,3,1,0,2,1,16,5,NULL,201900034072,138 242 162,A01,1,1,1,1,1994,0,1,0,-1,0,0,-1,201900034072,4,NULL,0,NULL,2,2,0,1,0,0,2,NULL,NULL,1,0,1,50
201900035177,2,10,2019,18:40:00,1,62,62337,1,1,1,6,"Rue de Saint Pol","50,3082930","2,2170120",201900035177,138 240 018,B01,2,1,0,0,0,1,5,NULL,201900035177,138 240 018,B01,1,1,4,1,2007,5,0,-1,-1,0,0,-1,201900035177,3,102,0,D,2,2,0,1,(1),(1),1,NULL,NULL,1,0,1,50
201900035177,2,10,2019,18:40:00,1,62,62337,1,1,1,6,"Rue de Saint Pol","50,3082930","2,2170120",201900035177,138 240 018,B01,2,1,0,0,0,1,5,NULL,201900035177,138 240 019,A01,1,1,1,1,2004,5,2,-1,-1,0,0,-1,201900035177,3,102,0,D,2,2,0,1,(1),(1),1,NULL,NULL,1,0,1,50
201900037521,26,2,2019,16:30:00,1,35,35238,2,3,1,2,"MAGINOT (AVENUE SERGENT)","48,1099200"," -1,6554800",201900037521,138 235 476,B01,1,1,0,2,1,1,5,NULL,201900037521,138 235 475,A01,1,1,1,1,1986,4,1,0,-1,-1,0,-1,201900037521,7,"VILLEBOIS MAREUIL (BD)",0,NULL,2,2,0,1,0,0,1,NULL,NULL,1,0,1,50
201900037521,26,2,2019,16:30:00,1,35,35238,2,3,1,2,"MAGINOT (AVENUE SERGENT)","48,1099200"," -1,6554800",201900037521,138 235 476,B01,1,1,0,2,1,1,5,NULL,201900037521,138 235 476,B01,1,1,4,2,2000,5,2,6,-1,-1,0,-1,201900037521,7,"VILLEBOIS MAREUIL (BD)",0,NULL,2,2,0,1,0,0,1,NULL,NULL,1,0,1,50
201900040087,27,5,2019,09:30:00,1,75,75110,2,3,1,7,"RUE RENE BOULANGER","48,8689380","2,3587890",201900040087,138 230 740,A01,2,1,0,0,1,21,5,NULL,201900040087,138 230 740,A01,1,1,4,2,1965,1,8,0,-1,0,0,-1,201900040087,4,"RUE RENE BOULANGER",0,NULL,1,1,0,1,0,0,1,NULL,NULL,1,0,1,30
201900041080,25,2,2019,13:45:00,1,22,22020,2,1,1,3,"09 rue de l'avenir","48,3149530"," -2,2473110",201900041080,138 228 934,A01,3,1,10,2,3,15,5,NULL,201900041080,138 228 933,B01,1,1,1,1,1980,1,1,-1,-1,0,0,-1,201900041080,4,NULL,0,NULL,2,2,0,1,(1),(1),1,NULL,NULL,1,0,1,50
201900041080,25,2,2019,13:45:00,1,22,22020,2,1,1,3,"09 rue de l'avenir","48,3149530"," -2,2473110",201900041080,138 228 934,A01,3,1,10,2,3,15,5,NULL,201900041080,138 228 934,A01,1,1,4,1,1992,1,0,-1,-1,0,0,-1,201900041080,4,NULL,0,NULL,2,2,0,1,(1),(1),1,NULL,NULL,1,0,1,50
201900041659,18,7,2019,09:00:00,1,92,92009,2,1,1,6,"VERDUN (AVENUE)","48,9167310","2,2682350",201900041659,138 227 875,A01,2,1,0,0,0,26,5,NULL,201900041659,138 227 875,A01,1,1,4,2,1976,1,8,0,-1,-1,0,-1,201900041659,4,"VERDUN AVENUE DE N°1 A 45",0,NULL,2,3,3,2,0,0,3,NULL,NULL,1,4,1,50
201900044666,28,9,2019,18:00:00,1,69,69259,2,3,1,3,"MARCEL SEMBAT                       (BD)","45,7130800","4,8768300",201900044666,138 222 130,B01,2,1,0,2,7,1,0,NULL,201900044666,138 222 130,B01,1,1,4,1,1983,1,8,0,-1,-1,0,-1,201900044666,7,"MARCEL SEMBAT                       (BD)",0,NULL,2,2,0,1,0,0,1,NULL,NULL,1,0,1,50
201900044666,28,9,2019,18:00:00,1,69,69259,2,3,1,3,"MARCEL SEMBAT                       (BD)","45,7130800","4,8768300",201900044666,138 222 130,B01,2,1,0,2,7,1,0,NULL,201900044666,138 222 131,A01,1,1,1,1,1978,5,8,0,-1,-1,0,-1,201900044666,7,"MARCEL SEMBAT                       (BD)",0,NULL,2,2,0,1,0,0,1,NULL,NULL,1,0,1,50
201900045501,8,12,2019,21:45:00,5,75,75103,2,7,2,7,"RUE DU PAS DE LA MULE","48,8560580","2,3666150",201900045501,138 220 530,A01,1,1,0,0,0,1,5,NULL,201900045501,138 220 530,A01,1,1,4,1,1990,5,8,2,-1,0,0,-1,201900045501,4,"RUE DU PAS DE LA MULE",0,NULL,1,2,0,1,0,0,1,NULL,NULL,2,0,1,30
201900046975,16,7,2019,18:50:00,1,91,91421,2,9,7,3,"GENERAL LELONG (RUE DU)","48,7012000","2,4659700",201900046975,138 217 688,B01,2,1,0,2,0,0,6,NULL,201900046975,138 217 688,B01,1,1,4,1,1967,0,8,0,-1,0,0,-1,201900046975,4,"GENERAL LELONG (RUE DU)",0,NULL,2,2,0,2,0,0,3,NULL,NULL,1,0,1,30
201900046975,16,7,2019,18:50:00,1,91,91421,2,9,7,3,"GENERAL LELONG (RUE DU)","48,7012000","2,4659700",201900046975,138 217 688,B01,2,1,0,2,0,0,6,NULL,201900046975,138 217 689,A01,1,1,1,1,1949,3,1,0,-1,0,0,-1,201900046975,4,"GENERAL LELONG (RUE DU)",0,NULL,2,2,0,2,0,0,3,NULL,NULL,1,0,1,30
201900048831,23,6,2019,09:00:00,1,6,06095,2,3,7,6,"Chemin des Maures et des Adrets","43,6401270","6,8935020",201900048831,138 214 277,A01,3,1,0,1,1,16,5,NULL,201900048831,138 214 277,A01,10,3,3,2,1952,5,0,-1,-1,1,3,1,201900048831,4,NULL,NULL,NULL,3,2,0,2,(1),(1),3,NULL,NULL,1,0,1,50
201900048831,23,6,2019,09:00:00,1,6,06095,2,3,7,6,"Chemin des Maures et des Adrets","43,6401270","6,8935020",201900048831,138 214 277,A01,3,1,0,1,1,16,5,NULL,201900048831,138 214 277,A01,1,1,4,1,1939,5,0,-1,-1,0,0,-1,201900048831,4,NULL,NULL,NULL,3,2,0,2,(1),(1),3,NULL,NULL,1,0,1,50
201900048861,1,4,2019,14:10:00,1,13,13032,1,1,1,2,"CD7 ROUTE DE PELSSANNE","43,5683470","5,3539110",201900048861,138 214 225,B01,0,1,0,0,4,2,5,NULL,201900048861,138 214 225,B01,1,1,4,1,1949,5,2,-1,-1,0,0,-1,201900048861,3,17,NULL,NULL,2,2,0,1,59,0,1,NULL,NULL,1,0,1,80
201900048861,1,4,2019,14:10:00,1,13,13032,1,1,1,2,"CD7 ROUTE DE PELSSANNE","43,5683470","5,3539110",201900048861,138 214 225,B01,0,1,0,0,4,2,5,NULL,201900048861,138 214 226,A01,1,1,1,1,1992,0,1,-1,-1,0,0,-1,201900048861,3,17,NULL,NULL,2,2,0,1,59,0,1,NULL,NULL,1,0,1,80
201900054042,10,7,2019,17:00:00,1,92,92026,2,1,1,2,"MARECHAL JOFFRE (QUAI DU)","48,9017644","2,2796235",201900054042,138 204 407,A01,1,1,0,2,4,2,0,NULL,201900054042,138 204 407,A01,1,1,4,1,1986,0,2,0,-1,-1,0,-1,201900054042,3,7,0,NULL,3,4,0,1,0,0,1,NULL,NULL,1,0,1,50
201900055715,13,7,2019,05:10:00,2,14,14738,1,3,1,2,"Rue Saint-Manvieu","49,1553370"," -0,4602840",201900055715,138 201 362,A01,1,1,0,0,4,1,5,NULL,201900055715,138 201 362,A01,1,1,4,1,1961,1,2,4,9,0,0,-1,201900055715,3,147,NULL,A,2,2,0,4,(1),(1),1,NULL,NULL,1,0,1,80
201900056415,13,2,2019,19:55:00,4,56,56121,2,6,1,3,"BASE DE SOUS-MARINS ( RD PT DE LA )","47,7358600"," -3,3747300",201900056415,138 200 068,B01,3,1,0,2,7,19,5,NULL,201900056415,138 200 066,A01,1,1,1,1,1965,5,1,8,-1,0,0,-1,201900056415,3,465,0,NULL,2,2,0,1,4,275,1,NULL,NULL,1,0,1,70
201900056415,13,2,2019,19:55:00,4,56,56121,2,6,1,3,"BASE DE SOUS-MARINS ( RD PT DE LA )","47,7358600"," -3,3747300",201900056415,138 200 068,B01,3,1,0,2,7,19,5,NULL,201900056415,138 200 068,B01,1,1,4,1,1993,5,8,0,-1,0,0,-1,201900056415,3,465,0,NULL,2,2,0,1,4,275,1,NULL,NULL,1,0,1,70
201900057058,4,1,2019,13:45:00,1,44,44151,1,3,1,2,"D47 route de Saint-Lyphard","47,3339010"," -2,3310010",201900057058,138 198 865,B01,1,1,1,0,1,1,5,NULL,201900057058,138 198 864,A01,1,1,1,2,1965,4,1,-1,-1,0,0,-1,201900057058,3,47,NULL,NULL,2,2,0,1,15,450,1,NULL,NULL,1,0,1,70
201900057058,4,1,2019,13:45:00,1,44,44151,1,3,1,2,"D47 route de Saint-Lyphard","47,3339010"," -2,3310010",201900057058,138 198 865,B01,1,1,1,0,1,1,5,NULL,201900057058,138 198 865,B01,1,1,3,1,1949,5,2,-1,-1,0,0,-1,201900057058,3,47,NULL,NULL,2,2,0,1,15,450,1,NULL,NULL,1,0,1,70
201900057471,14,2,2019,16:20:00,1,75,75114,2,7,1,3,"PLACE DE CATALOGNE","48,8372710","2,3187490",201900057471,138 198 127,B01,2,1,0,2,2,1,5,NULL,201900057471,138 198 127,B01,1,1,4,2,1994,0,2,0,-1,0,0,-1,201900057471,4,"PLACE DE CATALOGNE",0,NULL,1,2,0,1,0,0,2,NULL,NULL,1,0,1,50
201900057471,14,2,2019,16:20:00,1,75,75114,2,7,1,3,"PLACE DE CATALOGNE","48,8372710","2,3187490",201900057471,138 198 127,B01,2,1,0,2,2,1,5,NULL,201900057471,138 198 130,A01,1,1,1,1,1980,1,1,0,-1,0,0,-1,201900057471,4,"PLACE DE CATALOGNE",0,NULL,1,2,0,1,0,0,2,NULL,NULL,1,0,1,50
201900010403,8,6,2019,10:00:00,1,13,13073,1,3,1,1,"intersection D 908 - D 8","43,4017520","5,5648040",201900010403,138 287 108,B01,3,1,0,2,7,1,5,NULL,201900010403,138 287 108,B01,1,1,3,1,1941,5,2,6,9,0,0,-1,201900010403,3,8,NULL,NULL,2,2,0,3,(1),(1),1,NULL,NULL,1,0,1,80
201900010403,8,6,2019,10:00:00,1,13,13073,1,3,1,1,"intersection D 908 - D 8","43,4017520","5,5648040",201900010403,138 287 108,B01,3,1,0,2,7,1,5,NULL,201900010403,138 287 110,A01,1,1,1,1,1964,4,8,-1,-1,0,0,-1,201900010403,3,8,NULL,NULL,2,2,0,3,(1),(1),1,NULL,NULL,1,0,1,80
201900011957,17,10,2019,06:30:00,3,17,17274,1,1,3,2,D108,"46,1610316"," -1,0833131",201900011957,138 284 204,B01,2,1,0,2,4,1,5,NULL,201900011957,138 284 204,B01,1,1,2,1,1955,1,0,0,-1,-1,0,-1,201900011957,3,108,0,NULL,2,2,0,1,5,48,1,NULL,NULL,2,0,1,80
201900011957,17,10,2019,06:30:00,3,17,17274,1,1,3,2,D108,"46,1610316"," -1,0833131",201900011957,138 284 204,B01,2,1,0,2,4,1,5,NULL,201900011957,138 284 205,A01,1,1,1,1,1997,4,1,0,-1,-1,0,-1,201900011957,3,108,0,NULL,2,2,0,1,5,48,1,NULL,NULL,2,0,1,80
201900012718,6,7,2019,08:20:00,1,26,26113,2,3,1,6,"49 Rue Camille Buffardel","44,7543260","5,3709600",201900012718,138 282 784,A01,3,1,0,1,0,5,5,NULL,201900012718,138 282 784,A01,10,3,3,2,1939,5,8,8,8,5,2,1,201900012718,4,"RUE BUFFARDEL",NULL,NULL,1,-1,-1,1,(1),(1),1,NULL,NULL,1,0,1,30
201900012718,6,7,2019,08:20:00,1,26,26113,2,3,1,6,"49 Rue Camille Buffardel","44,7543260","5,3709600",201900012718,138 282 784,A01,3,1,0,1,0,5,5,NULL,201900012718,138 282 784,A01,1,1,3,1,2000,-1,2,-1,-1,0,0,-1,201900012718,4,"RUE BUFFARDEL",NULL,NULL,1,-1,-1,1,(1),(1),1,NULL,NULL,1,0,1,30
201900014166,3,8,2019,09:00:00,1,41,41018,2,2,1,3,"VENDOME (AVENUE DE)","47,6001900","1,3197000",201900014166,138 280 069,B01,0,1,0,2,7,19,5,NULL,201900014166,138 280 069,B01,1,1,2,2,1947,0,8,0,-1,0," -1",-1,201900014166,4,"VENDOME (AVENUE DE)",0,NULL,4,3,2,1,0,0,1,NULL,NULL,1,5,1,50
201900014166,3,8,2019,09:00:00,1,41,41018,2,2,1,3,"VENDOME (AVENUE DE)","47,6001900","1,3197000",201900014166,138 280 069,B01,0,1,0,2,7,19,5,NULL,201900014166,138 280 070,A01,1,1,1,1,1931,3,1,0,-1,0," -1",-1,201900014166,4,"VENDOME (AVENUE DE)",0,NULL,4,3,2,1,0,0,1,NULL,NULL,1,5,1,50
201900014656,19,11,2019,08:30:00,1,54,54395,2,1,1,3,"VOIRIN (RUE DES FRERES)","48,6769810","6,1707920",201900014656,138 279 058,B01,1,1,0,2,1,1,5,NULL,201900014656,138 279 058,B01,1,1,4,1,1961,0,2,0,-1,-1," -1",-1,201900014656,4,"VOIRIN (RUE DES FRERES)",0,NULL,-1,2,0,1,0,0,1,NULL,NULL,1,0,1,50