Num_Acc,jour,mois,an,hrmn,lum,dep,com,agg,int,atm,col,adr,lat,long,Num_Acc,id_vehicule,num_veh,senc,catv,obs,obsm,choc,manv,motor,occutc,Num_Acc,id_vehicule,num_veh,place,catu,grav,sexe,an_nais,trajet,secu1,secu2,secu3,locp,actp,etatp,Num_Acc,catr,voie,v1,v2,circ,nbv,vosp,prof,pr,pr1,plan,lartpc,larrout,surf,infra,situ,vma
201900015927,5,8,2019,20:00:00,1,93,93008,2,1,1,3,"ELUARD (AVENUE PAUL)","48,9077712","2,4443634",201900015927,138 276 752,B01,3,1,14,0,1,25,5,NULL,201900015927,138 276 751,A01,1,1,1,1,1973,0,8,0,-1,-1," -1",-1,201900015927,4,"ELUARD (AVENUE PAUL)",0,NULL,2,2,0,1,0,0,1,NULL,NULL,1,0,3,50
201900015927,5,8,2019,20:00:00,1,93,93008,2,1,1,3,"ELUARD (AVENUE PAUL)","48,9077712","2,4443634",201900015927,138 276 752,B01,3,1,14,0,1,25,5,NULL,201900015927,138 276 752,B01,1,1,4,1,2006,5,8,0,-1,-1," -1",-1,201900015927,4,"ELUARD (AVENUE PAUL)",0,NULL,2,2,0,1,0,0,1,NULL,NULL,1,0,3,50
201900019412,26,4,2019,13:45:00,1,22,22389,1,1,2,3,"les villes tanets","48,4548142"," -2,7040701",201900019412,138 270 156,B01,2,1,0,2,3,1,5,NULL,201900019412,138 270 156,B01,1,1,4,2,1954,5,2,-1,-1,0,0,-1,201900019412,3,1,NULL,NULL,2,2,0,2,14,1075,4,NULL,NULL,2,0,1,70
201900019412,26,4,2019,13:45:00,1,22,22389,1,1,2,3,"les villes tanets","48,4548142"," -2,7040701",201900019412,138 270 156,B01,2,1,0,2,3,1,5,NULL,201900019412,138 270 157,A01,2,2,1,2,1944,5,1,-1,-1,0,0,-1,201900019412,3,1,NULL,NULL,2,2,0,2,14,1075,4,NULL,NULL,2,0,1,70
201900019412,26,4,2019,13:45:00,1,22,22389,1,1,2,3,"les villes tanets","48,4548142"," -2,7040701",201900019412,138 270 156,B01,2,1,0,2,3,1,5,NULL,201900019412,138 270 157,A01,1,1,1,1,1931,5,1,-1,-1,0,0,-1,201900019412,3,1,NULL,NULL,2,2,0,2,14,1075,4,NULL,NULL,2,0,1,70
201900021241,16,4,2019,19:00:00,1,59,59569,2,1,1,6,"Rue Auguste Bougon","50,3713400","3,1030400",201900021241,138 266 666,A01,3,1,0,1,1,1,5,NULL,201900021241,138 266 666,A01,10,3,3,1,2012,5,0,0,-1,1,5,2,201900021241,4,"Rue Auguste Bougon",0,NULL,-1,1,0,1,0,0,1,NULL,NULL,1,0,1,30
201900021241,16,4,2019,19:00:00,1,59,59569,2,1,1,6,"Rue Auguste Bougon","50,3713400","3,1030400",201900021241,138 266 666,A01,3,1,0,1,1,1,5,NULL,201900021241,138 266 666,A01,1,1,1,2,2008,5,8,0,-1,0,0,-1,201900021241,4,"Rue Auguste Bougon",0,NULL,-1,1,0,1,0,0,1,NULL,NULL,1,0,1,30
201900021701,13,5,2019,19:19:00,1,87,87085,1,1,1,4,RD220,"45,8981300","1,2950000",201900021701,138 265 811,D01,2,1,0,2,2,21,5,NULL,201900021701,138 265 808,A01,1,1,1,1,1976,5,1,0,-1,0,0,-1,201900021701,3,220,0,NULL,2,2,0,1,0,450,1,NULL,NULL,1,0,1,70
201900021701,13,5,2019,19:19:00,1,87,87085,1,1,1,4,RD220,"45,8981300","1,2950000",201900021701,138 265 810,C01,2,1,0,2,1,1,5,NULL,201900021701,138 265 808,A01,1,1,1,1,1976,5,1,0,-1,0,0,-1,201900021701,3,220,0,NULL,2,2,0,1,0,450,1,NULL,NULL,1,0,1,70
201900021701,13,5,2019,19:19:00,1,87,87085,1,1,1,4,RD220,"45,8981300","1,2950000",201900021701,138 265 809,B01,2,1,0,2,1,1,5,NULL,201900021701,138 265 808,A01,1,1,1,1,1976,5,1,0,-1,0,0,-1,201900021701,3,220,0,NULL,2,2,0,1,0,450,1,NULL,NULL,1,0,1,70
201900021701,13,5,2019,19:19:00,1,87,87085,1,1,1,4,RD220,"45,8981300","1,2950000",201900021701,138 265 811,D01,2,1,0,2,2,21,5,NULL,201900021701,138 265 809,B01,1,1,4,1,1970,5,2,0,-1,-1," -1",-1,201900021701,3,220,0,NULL,2,2,0,1,0,450,1,NULL,NULL,1,0,1,70
201900021701,13,5,2019,19:19:00,1,87,87085,1,1,1,4,RD220,"45,8981300","1,2950000",201900021701,138 265 810,C01,2,1,0,2,1,1,5,NULL,201900021701,138 265 809,B01,1,1,4,1,1970,5,2,0,-1,-1," -1",-1,201900021701,3,220,0,NULL,2,2,0,1,0,450,1,NULL,NULL,1,0,1,70
201900021701,13,5,2019,19:19:00,1,87,87085,1,1,1,4,RD220,"45,8981300","1,2950000",201900021701,138 265 809,B01,2,1,0,2,1,1,5,NULL,201900021701,138 265 809,B01,1,1,4,1,1970,5,2,0,-1,-1," -1",-1,201900021701,3,220,0,NULL,2,2,0,1,0,450,1,NULL,NULL,1,0,1,70
201900021701,13,5,2019,19:19:00,1,87,87085,1,1,1,4,RD220,"45,8981300","1,2950000",201900021701,138 265 811,D01,2,1,0,2,2,21,5,NULL,201900021701,138 265 810,C01,1,1,3,1,1970,5,2,0,-1,-1," -1",-1,201900021701,3,220,0,NULL,2,2,0,1,0,450,1,NULL,NULL,1,0,1,70
201900021701,13,5,2019,19:19:00,1,87,87085,1,1,1,4,RD220,"45,8981300","1,2950000",201900021701,138 265 810,C01,2,1,0,2,1,1,5,NULL,201900021701,138 265 810,C01,1,1,3,1,1970,5,2,0,-1,-1," -1",-1,201900021701,3,220,0,NULL,2,2,0,1,0,450,1,NULL,NULL,1,0,1,70
201900021701,13,5,2019,19:19:00,1,87,87085,1,1,1,4,RD220,"45,8981300","1,2950000",201900021701,138 265 809,B01,2,1,0,2,1,1,5,NULL,201900021701,138 265 810,C01,1,1,3,1,1970,5,2,0,-1,-1," -1",-1,201900021701,3,220,0,NULL,2,2,0,1,0,450,1,NULL,NULL,1,0,1,70
201900021701,13,5,2019,19:19:00,1,87,87085,1,1,1,4,RD220,"45,8981300","1,2950000",201900021701,138 265 811,D01,2,1,0,2,2,21,5,NULL,201900021701,138 265 811,D01,1,1,1,1,1973,5,2,0,-1,-1," -1",-1,201900021701,3,220,0,NULL,2,2,0,1,0,450,1,NULL,NULL,1,0,1,70
201900021701,13,5,2019,19:19:00,1,87,87085,1,1,1,4,RD220,"45,8981300","1,2950000",201900021701,138 265 810,C01,2,1,0,2,1,1,5,NULL,201900021701,138 265 811,D01,1,1,1,1,1973,5,2,0,-1,-1," -1",-1,201900021701,3,220,0,NULL,2,2,0,1,0,450,1,NULL,NULL,1,0,1,70
201900021701,13,5,2019,19:19:00,1,87,87085,1,1,1,4,RD220,"45,8981300","1,2950000",201900021701,138 265 809,B01,2,1,0,2,1,1,5,NULL,201900021701,138 265 811,D01,1,1,1,1,1973,5,2,0,-1,-1," -1",-1,201900021701,3,220,0,NULL,2,2,0,1,0,450,1,NULL,NULL,1,0,1,70
201900023165,27,6,2019,13:45:00,1,973,97302,2,1,1,3,"RABAN (ROUTE DE)","4,9323370"," -52,3127210",201900023165,138 262 998,B01,0,1,0,2,8,26,6,NULL,201900023165,138 262 998,B01,6,2,4,2,2004,9,8,0,-1,-1," -1",-1,201900023165,4,"RABAN (ROUTE DE)",0,NULL,2,1,0,1,(1),(1),2,NULL,NULL,1,0,1,50
201900023165,27,6,2019,13:45:00,1,973,97302,2,1,1,3,"RABAN (ROUTE DE)","4,9323370"," -52,3127210",201900023165,138 262 998,B01,0,1,0,2,8,26,6,NULL,201900023165,138 262 998,B01,1,1,1,1,2002,9,8,0,-1,-1," -1",-1,201900023165,4,"RABAN (ROUTE DE)",0,NULL,2,1,0,1,(1),(1),2,NULL,NULL,1,0,1,50
201900023165,27,6,2019,13:45:00,1,973,97302,2,1,1,3,"RABAN (ROUTE DE)","4,9323370"," -52,3127210",201900023165,138 262 998,B01,0,1,0,2,8,26,6,NULL,201900023165,138 262 999,Z01,1,1,1,1,1901,9,8,0,-1,-1," -1",-1,201900023165,4,"RABAN (ROUTE DE)",0,NULL,2,1,0,1,(1),(1),2,NULL,NULL,1,0,1,50
201900023228,24,6,2019,13:50:00,1,67,67482,2,3,1,5,"ROBERTSAU (ALLEE DE LA)","48,5877860","7,7648160",201900023228,138 262 837,C01,1,1,0,2,4,0,5,NULL,201900023228,138 262 837,C01,1,1,2,1,1958,4,8,0,-1,0,0,-1,201900023228,4,"ROBERTSAU (ALLEE DE LA)",0,NULL,3,4,0,1,0,0,1,NULL,NULL,1,0,1,50
201900023228,24,6,2019,13:50:00,1,67,67482,2,3,1,5,"ROBERTSAU (ALLEE DE LA)","48,5877860","7,7648160",201900023228,138 262 837,C01,1,1,0,2,4,0,5,NULL,201900023228,138 262 838,A01,1,1,1,2,1935,5,1,8,-1,0,0,-1,201900023228,4,"ROBERTSAU (ALLEE DE LA)",0,NULL,3,4,0,1,0,0,1,NULL,NULL,1,0,1,50
201900023228,24,6,2019,13:50:00,1,67,67482,2,3,1,5,"ROBERTSAU (ALLEE DE LA)","48,5877860","7,7648160",201900023228,138 262 837,C01,1,1,0,2,4,0,5,NULL,201900023228,138 262 839,B01,1,1,1,1,1964,0,1,8,-1,0,0,-1,201900023228,4,"ROBERTSAU (ALLEE DE LA)",0,NULL,3,4,0,1,0,0,1,NULL,NULL,1,0,1,50
201900023613,12,3,2019,17:30:00,1,75,75116,2,7,8,3,"AVENUE BUGEAUD","48,8697260","2,2850510",201900023613,138 262 013,B01,2,1,0,2,8,19,5,NULL,201900023613,138 262 013,B01,1,1,4,1,2007,5,8,0,-1,0,0,-1,201900023613,4,"AVENUE BUGEAUD",0,NULL,2,2,0,2,0,0,1,NULL,NULL,1,0,1,50
201900023613,12,3,2019,17:30:00,1,75,75116,2,7,8,3,"AVENUE BUGEAUD","48,8697260","2,2850510",201900023613,138 262 013,B01,2,1,0,2,8,19,5,NULL,201900023613,138 262 014,A01,1,1,4,1,1986,1,2,8,-1,0,0,-1,201900023613,4,"AVENUE BUGEAUD",0,NULL,2,2,0,2,0,0,1,NULL,NULL,1,0,1,50
201900023747,11,3,2019,20:06:00,5,37,37261,2,1,1,7,"MAGINOT (AV. ANDRE)","47,4093100","0,6816217",201900023747,138 261 750,A01,1,1,0,0,1,1,5,NULL,201900023747,138 261 750,A01,1,1,4,1,1992,4,2,8,-1,-1,0,-1,201900023747,4,"MAGINOT (AV. ANDRE)",0,NULL,2,2,0,2,0,0,1,NULL,NULL,1,0,1,50
201900023961,24,1,2019,15:00:00,1,72,72154,1,1,1,3,"Lieu dit les brosses route du lude","47,6884280"," -0,0193370",201900023961,138 261 311,B01,1,1,0,2,8,19,5,NULL,201900023961,138 261 311,B01,10,3,3,1,1953,5,0,-1,-1,0,0,-1,201900023961,3,306,0,NULL,2,2,1,1,(1),(1),3,NULL,NULL,1,0,1,80
201900023961,24,1,2019,15:00:00,1,72,72154,1,1,1,3,"Lieu dit les brosses route du lude","47,6884280"," -0,0193370",201900023961,138 261 311,B01,1,1,0,2,8,19,5,NULL,201900023961,138 261 312,A01,1,1,1,2,1977,5,1,-1,-1,0,0,-1,201900023961,3,306,0,NULL,2,2,1,1,(1),(1),3,NULL,NULL,1,0,1,80
201900024966,26,6,2019,18:50:00,1,75,75107,2,5,1,2,"PLACE DE L ECOLE MILITAIRE","48,8542760","2,3054430",201900024966,138 259 356,B01,2,1,0,2,4,1,5,NULL,201900024966,138 259 355,A01,1,1,1,1,1980,9,1,0,-1,0,0,-1,201900024966,4,"AVENUE DE TOURVILLE",0,NULL,-1,1,0,1,0,0,1,NULL,NULL,1,0,1,50
201900024966,26,6,2019,18:50:00,1,75,75107,2,5,1,2,"PLACE DE L ECOLE MILITAIRE","48,8542760","2,3054430",201900024966,138 259 356,B01,2,1,0,2,4,1,5,NULL,201900024966,138 259 356,B01,1,1,4,1,1975,9,8,0,-1,0,0,-1,201900024966,4,"AVENUE DE TOURVILLE",0,NULL,-1,1,0,1,0,0,1,NULL,NULL,1,0,1,50
201900025017,27,6,2019,14:30:00,1,93,93031,2,6,1,3,"DE LATTRE DE TASSIGNY (1 A 51)","48,9593300","2,3002500",201900025017,138 259 273,B01,3,1,0,0,0,0,0,NULL,201900025017,138 259 272,A01,1,1,1,1,1980,0,1,0,-1,-1," -1",-1,201900025017,3,914,0,NULL,-1,2,0,1,0,0,1,NULL,NULL,1,9,1,50
201900025017,27,6,2019,14:30:00,1,93,93031,2,6,1,3,"DE LATTRE DE TASSIGNY (1 A 51)","48,9593300","2,3002500",201900025017,138 259 273,B01,3,1,0,0,0,0,0,NULL,201900025017,138 259 273,B01,1,1,4,1,2004,5,8,0,-1,-1," -1",-1,201900025017,3,914,0,NULL,-1,2,0,1,0,0,1,NULL,NULL,1,9,1,50
201900026043,8,10,2019,08:06:00,1,66,66136,1,1,1,2,"MAS-DONAT (CHEMIN DU)","42,7135800","2,9059400",201900026043,138 257 297,B01,1,1,0,2,4,1,5,NULL,201900026043,138 257 296,A01,1,1,1,1,1978,9,1,0,-1,-1," -1",-1,201900026043,4,"MAS-DONAT (CHEMIN DU)",0,NULL,-1,1,0,1,0,0,3,NULL,NULL,1,0,1,50
201900026043,8,10,2019,08:06:00,1,66,66136,1,1,1,2,"MAS-DONAT (CHEMIN DU)","42,7135800","2,9059400",201900026043,138 257 297,B01,1,1,0,2,4,1,5,NULL,201900026043,138 257 297,B01,1,1,4,1,2000,9,2,8,-1,-1," -1",-1,201900026043,4,"MAS-DONAT (CHEMIN DU)",0,NULL,-1,1,0,1,0,0,3,NULL,NULL,1,0,1,50
201900026298,6,9,2019,16:30:00,1,35,35238,2,6,1,7,"DE LESSEPS (FERDINAND)","48,1017000"," -1,7072000",201900026298,138 256 805,A01,1,1,14,0,1,1,5,NULL,201900026298,138 256 805,A01,1,1,4,1,1977,5,2,0,-1,-1,0,-1,201900026298,4,"DE LESSEPS (FERDINAND)",0,NULL,-1,2,0,1,0,0,1,NULL,NULL,1,0,1,30
201900027058,5,3,2019,19:40:00,5,69,69383,2,2,1,3,"PAUL BERT                           (R )","45,7566200","4,8683000",201900027058,138 255 434,B01,2,1,0,2,7,1,5,NULL,201900027058,138 255 433,A01,2,2,1,1,2000,0,8,0,-1,0,0,-1,201900027058,4,"PAUL BERT                           (R )",0,NULL,-1,1,0,1,0,0,1,NULL,NULL,1,0,1,50
201900027058,5,3,2019,19:40:00,5,69,69383,2,2,1,3,"PAUL BERT                           (R )","45,7566200","4,8683000",201900027058,138 255 434,B01,2,1,0,2,7,1,5,NULL,201900027058,138 255 433,A01,1,1,1,1,1994,1,1,0,-1,0,0,-1,201900027058,4,"PAUL BERT                           (R )",0,NULL,-1,1,0,1,0,0,1,NULL,NULL,1,0,1,50
201900027058,5,3,2019,19:40:00,5,69,69383,2,2,1,3,"PAUL BERT                           (R )","45,7566200","4,8683000",201900027058,138 255 434,B01,2,1,0,2,7,1,5,NULL,201900027058,138 255 434,B01,1,1,3,1,1995,1,8,0,-1,0,0,-1,201900027058,4,"PAUL BERT                           (R )",0,NULL,-1,1,0,1,0,0,1,NULL,NULL,1,0,1,50
201900030118,26,6,2019,12:45:00,1,75,75111,2,1,2,1,"BOULEVARD VOLTAIRE","48,8614040","2,3740930",201900030118,138 249 672,A01,1,1,0,2,1,17,5,NULL,201900030118,138 249 671,B01,1,1,1,1,1934,5,1,0,-1,0,0,-1,201900030118,4,"BOULEVARD VOLTAIRE",0,NULL,2,2,1,1,0,0,1,NULL,NULL,1,0,1,50
201900030118,26,6,2019,12:45:00,1,75,75111,2,1,2,1,"BOULEVARD VOLTAIRE","48,8614040","2,3740930",201900030118,138 249 672,A01,1,1,0,2,1,17,5,NULL,201900030118,138 249 672,A01,1,1,4,1,1993,4,8,0,-1,0,0,-1,201900030118,4,"BOULEVARD VOLTAIRE",0,NULL,2,2,1,1,0,0,1,NULL,NULL,1,0,1,50
201900031496,5,10,2019,18:00:00,1,6,06069,2,1,1,2,"LECLERC (BOULEVARD DU MARECHAL)","43,6501290","6,9198990",201900031496,138 247 135,A01,2,1,0,2,1,1,5,NULL,201900031496,138 247 134,B01,1,1,1,1,1987,4,1,0,-1,0,0,-1,201900031496,4,"LECLERC (BOULEVARD DU MARECHAL)",0,NULL,2,2,0,2,0,0,1,NULL,NULL,1,0,1,50
201900031496,5,10,2019,18:00:00,1,6,06069,2,1,1,2,"LECLERC (BOULEVARD DU MARECHAL)","43,6501290","6,9198990",201900031496,138 247 135,A01,2,1,0,2,1,1,5,NULL,201900031496,138 247 134,B01,2,2,1,1,1989,0,1,0,-1,0,0,-1,201900031496,4,"LECLERC (BOULEVARD DU MARECHAL)",0,NULL,2,2,0,2,0,0,1,NULL,NULL,1,0,1,50
201900031496,5,10,2019,18:00:00,1,6,06069,2,1,1,2,"LECLERC (BOULEVARD DU MARECHAL)","43,6501290","6,9198990",201900031496,138 247 135,A01,2,1,0,2,1,1,5,NULL,201900031496,138 247 135,A01,1,1,4,1,2003,5,8,0,-1,0,0,-1,201900031496,4,"LECLERC (BOULEVARD DU MARECHAL)",0,NULL,2,2,0,2,0,0,1,NULL,NULL,1,0,1,50
201900033512,17,6,2019,14:20:00,1,78,78128,1,1,1,3,d24,"48,6795080","1,9452570",201900033512,138 243 228,B01,1,1,0,2,8,1,5,NULL,201900033512,138 243 228,B01,1,1,4,1,1962,5,2,4,-1,0,0,-1,201900033512,3,24,0,NULL,2,2,0,1,7,50,1,NULL,NULL,1,0,1,70
201900033512,17,6,2019,14:20:00,1,78,78128,1,1,1,3,d24,"48,6795080","1,9452570",201900033512,138 243 228,B01,1,1,0,2,8,1,5,NULL,201900033512,138 243 229,A01,1,1,1,1,1985,4,1,-1,-1,0,0,-1,201900033512,3,24,0,NULL,2,2,0,1,7,50,1,NULL,NULL,1,0,1,70
201900033724,2,9,2019,23:20:00,3,30,30356,1,1,1,2,RD999,"43,8328850","4,4301250",201900033724,138 242 828,A01,1,1,0,2,4,1,5,NULL,201900033724,138 242 828,A01,1,1,3,1,1993,1,0,-1,-1,0,0,-1,201900033724,3,999,NULL,NULL,3,2,0,1,19,10,1,NULL,NULL,1,0,1,90
201900035130,17,6,2019,15:21:00,1,69,69383,2,1,1,2,"LAFAYETTE                           (PT)","45,7635537","4,8399471",201900035130,138 240 102,B01,3,1,12,2,4,2,5,NULL,201900035130,138 240 101,A01,1,1,1,1,1936,5,1,0,-1,-1,0,-1,201900035130,4,"LAFAYETTE                           (PT)",0,NULL,2,6,3,1,0,0,1,NULL,NULL,1,2,1,50
201900035130,17,6,2019,15:21:00,1,69,69383,2,1,1,2,"LAFAYETTE                           (PT)","45,7635537","4,8399471",201900035130,138 240 102,B01,3,1,12,2,4,2,5,NULL,201900035130,138 240 102,B01,1,1,4,1,1979,9,8,0,-1,-1,0,-1,201900035130,4,"LAFAYETTE                           (PT)",0,NULL,2,6,3,1,0,0,1,NULL,NULL,1,2,1,50
201900035970,8,4,2019,15:25:00,1,45,45317,2,1,1,1,"Rue du Viaduc","47,7626820","1,6014060",201900035970,138 238 469,A01,3,1,0,2,0,5,5,NULL,201900035970,138 238 468,B01,1,1,1,1,1951,9,1,-1,-1,0,0,-1,201900035970,4,NULL,0,NULL,2,2,0,4,(1),(1),3,NULL,NULL,1,0,1,50
201900035970,8,4,2019,15:25:00,1,45,45317,2,1,1,1,"Rue du Viaduc","47,7626820","1,6014060",201900035970,138 238 469,A01,3,1,0,2,0,5,5,NULL,201900035970,138 238 469,A01,1,1,3,1,1949,5,2,-1,-1,0,0,-1,201900035970,4,NULL,0,NULL,2,2,0,4,(1),(1),3,NULL,NULL,1,0,1,50
201900036886,20,6,2019,18:45:00,1,17,17200,2,1,1,3,"NICOLLE   RUE CHARLES","46,1852000"," -1,1537000",201900036886,138 236 717,B01,1,1,1,0,1,2,5,NULL,201900036886,138 236 717,B01,1,1,3,2,1945,0,8,0,-1,-1," -1",-1,201900036886,4,"NICOLLE   RUE CHARLES",0,NULL,2,2,0,1,0,0,1,NULL,NULL,1,0,1,30
201900036886,20,6,2019,18:45:00,1,17,17200,2,1,1,3,"NICOLLE   RUE CHARLES","46,1852000"," -1,1537000",201900036886,138 236 717,B01,1,1,1,0,1,2,5,NULL,201900036886,138 236 718,A01,1,1,1,2,1964,5,1,0,-1,-1," -1",-1,201900036886,4,"NICOLLE   RUE CHARLES",0,NULL,2,2,0,1,0,0,1,NULL,NULL,1,0,1,30
201900037369,31,8,2019,10:50:00,1,69,69091,2,1,1,2,"NEUVE  ( RTE )","45,5840400","4,7671400",201900037369,138 235 766,A01,2,1,0,2,4,26,5,NULL,201900037369,138 235 765,B01,1,1,4,2,1993,3,1,0,-1,-1,0,-1,201900037369,3,50,0,NULL,2,2,0,2,0,0,1,NULL,NULL,1,0,1,50
201900037369,31,8,2019,10:50:00,1,69,69091,2,1,1,2,"NEUVE  ( RTE )","45,5840400","4,7671400",201900037369,138 235 766,A01,2,1,0,2,4,26,5,NULL,201900037369,138 235 766,A01,1,1,3,1,1947,5,2,0,-1,-1,0,-1,201900037369,3,50,0,NULL,2,2,0,2,0,0,1,NULL,NULL,1,0,1,50
201900037538,1,3,2019,09:10:00,1,31,31555,2,1,1,6,"RTE DE REVEL","43,5736300","1,4918800",201900037538,138 235 444,A01,2,1,0,1,1,25,5,NULL,201900037538,138 235 444,A01,1,1,1,1,1987,1,8,8,-1,-1,0,-1,201900037538,3,2,0,NULL,2,2,0,1,0,0,1,NULL,NULL,1,0,1,50
201900037538,1,3,2019,09:10:00,1,31,31555,2,1,1,6,"RTE DE REVEL","43,5736300","1,4918800",201900037538,138 235 444,A01,2,1,0,1,1,25,5,NULL,201900037538,138 235 444,A01,10,3,4,1,1999,9,8,0,-1,5,5,1,201900037538,3,2,0,NULL,2,2,0,1,0,0,1,NULL,NULL,1,0,1,50
201900039976,11,12,2019,10:40:00,1,75,75108,2,5,8,3,"RUE DU ROCHER","48,8782390","2,3198370",201900039976,138 230 930,B01,2,1,0,2,1,1,5,NULL,201900039976,138 230 929,A01,1,1,1,1,1964,4,1,0,-1,0,0,-1,201900039976,4,"RUE DU ROCHER",0,NULL,1,1,0,1,0,0,1,NULL,NULL,2,0,1,30
201900039976,11,12,2019,10:40:00,1,75,75108,2,5,8,3,"RUE DU ROCHER","48,8782390","2,3198370",201900039976,138 230 930,B01,2,1,0,2,1,1,5,NULL,201900039976,138 230 930,B01,1,1,4,1,1982,4,8,2,-1,0,0,-1,201900039976,4,"RUE DU ROCHER",0,NULL,1,1,0,1,0,0,1,NULL,NULL,2,0,1,30
201900040708,15,1,2019,07:45:00,1,37,37261,2,1,1,3,"MARECHAL JUIN (BD)","47,4183800","0,7044600",201900040708,138 229 592,B01,1,1,0,2,4,19,0,NULL,201900040708,138 229 592,B01,1,1,1,1,2006,2,8,0,-1,0,0,-1,201900040708,4,"MARECHAL JUIN (BD)",0,NULL,3,2,1,1,0,0,1,NULL,NULL,1,0,1,50
201900040708,15,1,2019,07:45:00,1,37,37261,2,1,1,3,"MARECHAL JUIN (BD)","47,4183800","0,7044600",201900040708,138 229 592,B01,1,1,0,2,4,19,0,NULL,201900040708,138 229 593,A01,1,1,4,1,1974,4,2,8,-1,0,0,-1,201900040708,4,"MARECHAL JUIN (BD)",0,NULL,3,2,1,1,0,0,1,NULL,NULL,1,0,1,50
201900040733,15,1,2019,14:20:00,1,75,75106,2,2,1,6,"RUE DE VAUGIRARD","48,8482290","2,3310160",201900040733,138 229 552,A01,2,1,0,1,3,25,5,NULL,201900040733,138 229 552,A01,1,1,4,1,1944,5,2,0,-1,0,0,-1,201900040733,4,"RUE DE VAUGIRARD",0,NULL,2,2,0,1,0,0,1,NULL,NULL,1,0,4,50
201900040733,15,1,2019,14:20:00,1,75,75106,2,2,1,6,"RUE DE VAUGIRARD","48,8482290","2,3310160",201900040733,138 229 552,A01,2,1,0,1,3,25,5,NULL,201900040733,138 229 552,A01,10,3,4,1,2003,9,8,0,-1,5,5,1,201900040733,4,"RUE DE VAUGIRARD",0,NULL,2,2,0,1,0,0,1,NULL,NULL,1,0,4,50
201900042463,27,2,2019,16:50:00,1,50,50639,2,3,1,3,"Rue du Général HUARD","48,8419330"," -1,2192580",201900042463,138 226 304,B01,3,1,0,2,1,9,5,NULL,201900042463,138 226 303,A01,1,1,1,2,1943,5,8,-1,-1,0,0,-1,201900042463,3,999,0,E,2,2,0,2,(1),(1),1,NULL,NULL,1,0,1,-1
201900042463,27,2,2019,16:50:00,1,50,50639,2,3,1,3,"Rue du Général HUARD","48,8419330"," -1,2192580",201900042463,138 226 304,B01,3,1,0,2,1,9,5,NULL,201900042463,138 226 304,B01,1,1,4,1,1998,5,2,-1,-1,0,0,-1,201900042463,3,999,0,E,2,2,0,2,(1),(1),1,NULL,NULL,1,0,1,-1
201900043777,22,5,2019,18:00:00,1,93,93032,2,1,1,3,"CONTANT   (RUE)","48,8919200","2,5313100",201900043777,138 223 869,B01,3,1,0,2,0,1,0,NULL,201900043777,138 223 869,B01,1,1,4,1,1988,0,8,0,-1,-1," -1",-1,201900043777,3,970,0,NULL,2,0,0,2,0,0,1,NULL,NULL,1,0,1,30
201900043777,22,5,2019,18:00:00,1,93,93032,2,1,1,3,"CONTANT   (RUE)","48,8919200","2,5313100",201900043777,138 223 869,B01,3,1,0,2,0,1,0,NULL,201900043777,138 223 870,A01,1,1,1,1,1970,0,2,0,-1,-1," -1",-1,201900043777,3,970,0,NULL,2,0,0,2,0,0,1,NULL,NULL,1,0,1,30
201900043777,22,5,2019,18:00:00,1,93,93032,2,1,1,3,"CONTANT   (RUE)","48,8919200","2,5313100",201900043777,138 223 869,B01,3,1,0,2,0,1,0,NULL,201900043777,138 223 870,A01,2,2,1,2,2009,0,2,0,-1,-1," -1",-1,201900043777,3,970,0,NULL,2,0,0,2,0,0,1,NULL,NULL,1,0,1,30
201900044823,30,8,2019,15:18:00,1,974,97420,2,1,8,6,"Chemin Transversal du Bel-Air"," -20,9072380","55,5828050",201900044823,138 221 826,A01,3,1,0,2,8,10,5,NULL,201900044823,138 221 826,A01,1,1,3,1,1955,5,0,-1,-1,0,0,-1,201900044823,9,NULL,0,NULL,2,2,0,1,(1),(1),1,NULL,NULL,1,0,8,50
201900045112,2,4,2019,16:10:00,1,51,51454,2,3,2,3,"RUE DE L'EQUERRE","49,2487700","4,0364100",201900045112,138 221 272,A01,1,1,0,2,1,19,5,NULL,201900045112,138 221 272,A01,1,1,4,2,1999,2,8,0,-1,-1,0,-1,201900045112,4,"RUE DE L'EQUERRE",0,NULL,1,1,0,1,0,0,1,NULL,NULL,2,0,1,50
201900045112,2,4,2019,16:10:00,1,51,51454,2,3,2,3,"RUE DE L'EQUERRE","49,2487700","4,0364100",201900045112,138 221 272,A01,1,1,0,2,1,19,5,NULL,201900045112,138 221 273,B01,1,1,1,1,1978,1,1,8,-1,-1,0,-1,201900045112,4,"RUE DE L'EQUERRE",0,NULL,1,1,0,1,0,0,1,NULL,NULL,2,0,1,50
201900046002,21,2,2019,18:10:00,2,67,67043,2,1,1,6,"ROBERTSAU (RUE DE LA)","48,6132900","7,7637400",201900046002,138 219 553,A01,1,1,0,2,1,21,5,NULL,201900046002,138 219 553,A01,1,1,4,1,1988,0,2,8,-1,-1,0,-1,201900046002,4,"ROBERTSAU (RUE DE LA)",0,NULL,2,3,1,1,0,0,1,NULL,NULL,1,0,1,50