Num_Acc,jour,mois,an,hrmn,lum,dep,com,agg,int,atm,col,adr,lat,long,Num_Acc,id_vehicule,num_veh,senc,catv,obs,obsm,choc,manv,motor,occutc,Num_Acc,id_vehicule,num_veh,place,catu,grav,sexe,an_nais,trajet,secu1,secu2,secu3,locp,actp,etatp,Num_Acc,catr,voie,v1,v2,circ,nbv,vosp,prof,pr,pr1,plan,lartpc,larrout,surf,infra,situ,vma
201900046806,22,3,2019,20:08:00,3,28,28227,1,1,1,3,"RD 906","48,5958900","1,5976350",201900046806,138 218 018,B01,1,1,0,2,8,11,5,NULL,201900046806,138 218 018,B01,1,1,3,1,1959,5,0,-1,-1,0,0,-1,201900046806,3,906,0,NULL,2,2,0,1,71,250,1,NULL,NULL,1,0,1,80
201900046806,22,3,2019,20:08:00,3,28,28227,1,1,1,3,"RD 906","48,5958900","1,5976350",201900046806,138 218 018,B01,1,1,0,2,8,11,5,NULL,201900046806,138 218 019,A01,1,1,1,2,1954,0,1,-1,-1,0,0,-1,201900046806,3,906,0,NULL,2,2,0,1,71,250,1,NULL,NULL,1,0,1,80
201900047753,20,2,2019,11:30:00,1,94,94037,2,1,1,6,"RASPAIL (AV)","48,8149700","2,3522700",201900047753,138 216 252,B01,2,1,1,0,1,2,0,NULL,201900047753,138 216 252,B01,1,1,4,2,1981,0,8,0,-1,0,0,-1,201900047753,3,127A,0,NULL,1,1,0,1,0,0,1,NULL,NULL,1,0,1,50
201900047753,20,2,2019,11:30:00,1,94,94037,2,1,1,6,"RASPAIL (AV)","48,8149700","2,3522700",201900047753,138 216 252,B01,2,1,1,0,1,2,0,NULL,201900047753,138 216 253,A01,1,1,1,2,1981,0,8,-1,-1,-1," -1",-1,201900047753,3,127A,0,NULL,1,1,0,1,0,0,1,NULL,NULL,1,0,1,50
201900048072,8,1,2019,15:15:00,1,6,06088,2,3,8,3,"BORRIGLIONE (JUSQU'AU N° 40-49)","43,7123400","7,2617400",201900048072,138 215 684,A01,3,1,0,2,1,1,0,NULL,201900048072,138 215 684,A01,1,1,3,2,1961,0,8,0,-1,0,0,-1,201900048072,4,"BORRIGLIONE (JUSQU'AU N° 40-49)",0,NULL,1,1,3,1,0,0,1,NULL,NULL,1,0,1,50
201900048072,8,1,2019,15:15:00,1,6,06088,2,3,8,3,"BORRIGLIONE (JUSQU'AU N° 40-49)","43,7123400","7,2617400",201900048072,138 215 684,A01,3,1,0,2,1,1,0,NULL,201900048072,138 215 685,B01,2,2,1,2,1953,0,1,0,-1,0,0,-1,201900048072,4,"BORRIGLIONE (JUSQU'AU N° 40-49)",0,NULL,1,1,3,1,0,0,1,NULL,NULL,1,0,1,50
201900048072,8,1,2019,15:15:00,1,6,06088,2,3,8,3,"BORRIGLIONE (JUSQU'AU N° 40-49)","43,7123400","7,2617400",201900048072,138 215 684,A01,3,1,0,2,1,1,0,NULL,201900048072,138 215 685,B01,1,1,1,1,1962,0,1,0,-1,0,0,-1,201900048072,4,"BORRIGLIONE (JUSQU'AU N° 40-49)",0,NULL,1,1,3,1,0,0,1,NULL,NULL,1,0,1,50
201900051096,1,12,2019,17:00:00,1,56,56121,2,1,1,3,"MARIENNE ( AV CAPITAINE )","47,7394900"," -3,3938800",201900051096,138 210 096,B01,3,1,0,2,7,19,5,NULL,201900051096,138 210 095,A01,1,1,1,2,1961,5,1,8,-1,0,0,-1,201900051096,4,"MARIENNE ( AV CAPITAINE )",0,NULL,2,2,0,1,0,0,2,NULL,NULL,1,0,1,30
201900051096,1,12,2019,17:00:00,1,56,56121,2,1,1,3,"MARIENNE ( AV CAPITAINE )","47,7394900"," -3,3938800",201900051096,138 210 096,B01,3,1,0,2,7,19,5,NULL,201900051096,138 210 096,B01,1,1,3,1,2007,5,2,8,-1,0,0,-1,201900051096,4,"MARIENNE ( AV CAPITAINE )",0,NULL,2,2,0,1,0,0,2,NULL,NULL,1,0,1,30
201900052046,24,9,2019,17:50:00,1,75,75115,2,1,2,3,"RUE DE LA CROIX NIVERT","48,8469740","2,3002030",201900052046,138 208 261,B01,2,1,0,2,2,1,5,NULL,201900052046,138 208 260,A01,1,1,1,1,1990,4,1,0,-1,0,0,-1,201900052046,4,"RUE DE LA CROIX NIVERT",0,NULL,2,2,0,1,17,0,1,NULL,NULL,2,0,1,50
201900052046,24,9,2019,17:50:00,1,75,75115,2,1,2,3,"RUE DE LA CROIX NIVERT","48,8469740","2,3002030",201900052046,138 208 261,B01,2,1,0,2,2,1,5,NULL,201900052046,138 208 261,B01,1,1,4,1,1979,5,8,2,-1,0,0,-1,201900052046,4,"RUE DE LA CROIX NIVERT",0,NULL,2,2,0,1,17,0,1,NULL,NULL,2,0,1,50
201900052168,21,8,2019,19:35:00,1,75,75104,2,2,1,3,"RUE FRANCOIS MIRON","48,8555180","2,3577480",201900052168,138 208 015,B01,3,1,0,2,1,5,5,NULL,201900052168,138 208 014,A01,1,1,1,1,1991,4,1,0,-1,0,0,-1,201900052168,4,"RUE FRANCOIS MIRON",0,NULL,2,2,1,1,0,0,1,NULL,NULL,1,0,5,30
201900052168,21,8,2019,19:35:00,1,75,75104,2,2,1,3,"RUE FRANCOIS MIRON","48,8555180","2,3577480",201900052168,138 208 015,B01,3,1,0,2,1,5,5,NULL,201900052168,138 208 015,B01,1,1,4,2,1995,5,2,0,-1,0,0,-1,201900052168,4,"RUE FRANCOIS MIRON",0,NULL,2,2,1,1,0,0,1,NULL,NULL,1,0,5,30
201900053704,20,9,2019,18:08:00,1,66,66136,2,3,1,3,"COTE DES CARMES","42,6970300","2,9003600",201900053704,138 205 054,A01,1,1,0,2,1,5,5,NULL,201900053704,138 205 052,B01,1,1,1,1,1993,9,1,8,-1,-1," -1",-1,201900053704,4,"COTE DES CARMES",0,NULL,1,1,0,1,0,0,1,NULL,NULL,1,0,1,50
201900053704,20,9,2019,18:08:00,1,66,66136,2,3,1,3,"COTE DES CARMES","42,6970300","2,9003600",201900053704,138 205 054,A01,1,1,0,2,1,5,5,NULL,201900053704,138 205 054,A01,1,1,4,1,1983,9,8,0,-1,0,0,-1,201900053704,4,"COTE DES CARMES",0,NULL,1,1,0,1,0,0,1,NULL,NULL,1,0,1,50
201900056084,18,8,2019,08:54:00,1,31,31555,2,3,1,3,"AV FRIZAC","43,5896500","1,4517400",201900056084,138 200 656,B01,1,1,0,2,5,1,5,NULL,201900056084,138 200 655,A01,1,1,1,2,1954,5,1,8,-1,-1,0,-1,201900056084,4,NULL,0,NULL,1,2,0,1,0,0,1,NULL,NULL,1,0,1,50
201900056084,18,8,2019,08:54:00,1,31,31555,2,3,1,3,"AV FRIZAC","43,5896500","1,4517400",201900056084,138 200 656,B01,1,1,0,2,5,1,5,NULL,201900056084,138 200 656,B01,1,1,3,2,1953,5,8,0,-1,-1,0,-1,201900056084,4,NULL,0,NULL,1,2,0,1,0,0,1,NULL,NULL,1,0,1,50
201900056171,20,8,2019,14:05:00,1,974,97418,2,4,1,3,"Rue André Lardy"," -20,8977800","55,5335250",201900056171,138 200 506,B01,3,1,0,2,1,1,5,NULL,201900056171,138 200 505,A01,1,1,1,1,1988,4,1,-1,-1,0,0,-1,201900056171,4,NULL,NULL,NULL,2,2,0,2,(1),(1),1,NULL,NULL,1,0,1,50
201900056171,20,8,2019,14:05:00,1,974,97418,2,4,1,3,"Rue André Lardy"," -20,8977800","55,5335250",201900056171,138 200 506,B01,3,1,0,2,1,1,5,NULL,201900056171,138 200 506,B01,1,1,3,1,2001,5,0,-1,-1,0,0,-1,201900056171,4,NULL,NULL,NULL,2,2,0,2,(1),(1),1,NULL,NULL,1,0,1,50
201900057228,7,7,2019,09:30:00,1,49,49135,1,6,1,3,"La Croix de Beauvais","47,6121420"," -0,5851090",201900057228,138 198 555,B01,0,1,0,2,7,1,5,NULL,201900057228,138 198 555,B01,1,1,4,1,1983,5,2,-1,-1,0,0,-1,201900057228,3,768,NULL,NULL,2,2,0,1,11,(1),1,NULL,NULL,1,5,1,80
201900057228,7,7,2019,09:30:00,1,49,49135,1,6,1,3,"La Croix de Beauvais","47,6121420"," -0,5851090",201900057228,138 198 555,B01,0,1,0,2,7,1,5,NULL,201900057228,138 198 560,A01,1,1,1,1,1971,5,1,-1,-1,0,0,-1,201900057228,3,768,NULL,NULL,2,2,0,1,11,(1),1,NULL,NULL,1,5,1,80
201900009294,15,12,2019,18:50:00,3,31,31555,2,1,1,3,"RUE MONTMORENCY","43,6131000","1,4289000",201900009294,138 289 112,B01,2,1,0,2,1,15,5,NULL,201900009294,138 289 111,A01,1,1,1,1,1988,0,1,8,-1,-1," -1",-1,201900009294,4,NULL,0,NULL,2,2,0,1,0,0,1,NULL,NULL,1,0,1,50
201900009294,15,12,2019,18:50:00,3,31,31555,2,1,1,3,"RUE MONTMORENCY","43,6131000","1,4289000",201900009294,138 289 112,B01,2,1,0,2,1,15,5,NULL,201900009294,138 289 112,B01,1,1,3,1,1960,9,2,8,-1,-1," -1",-1,201900009294,4,NULL,0,NULL,2,2,0,1,0,0,1,NULL,NULL,1,0,1,50
201900010774,15,7,2019,18:50:00,1,22,22055,2,6,7,2,"RUE DU GUESCLIN","48,6442450"," -2,8338470",201900010774,138 286 451,B01,3,1,0,2,8,1,6,NULL,201900010774,138 286 450,A01,1,1,1,2,1933,5,1,-1,-1,0,0,-1,201900010774,4,NULL,0,NULL,2,2,0,1,(1),(1),1,NULL,NULL,1,0,1,50
201900010774,15,7,2019,18:50:00,1,22,22055,2,6,7,2,"RUE DU GUESCLIN","48,6442450"," -2,8338470",201900010774,138 286 451,B01,3,1,0,2,8,1,6,NULL,201900010774,138 286 451,B01,1,1,3,1,2007,5,0,-1,-1,0,0,-1,201900010774,4,NULL,0,NULL,2,2,0,1,(1),(1),1,NULL,NULL,1,0,1,50
201900011330,18,12,2019,13:50:00,1,75,75117,2,5,1,3,"BOULEVARD DE COURCELLES","48,8791530","2,3030841",201900011330,138 285 450,A01,1,1,0,2,3,1,5,NULL,201900011330,138 285 449,B01,1,1,4,1,1982,4,2,6,-1,0,0,-1,201900011330,4,"BOULEVARD DE COURCELLES",0,NULL,2,4,-1,1,0,0,1,NULL,NULL,1,0,1,50
201900011330,18,12,2019,13:50:00,1,75,75117,2,5,1,3,"BOULEVARD DE COURCELLES","48,8791530","2,3030841",201900011330,138 285 450,A01,1,1,0,2,3,1,5,NULL,201900011330,138 285 450,A01,1,1,4,1,1956,0,2,8,-1,0,0,-1,201900011330,4,"BOULEVARD DE COURCELLES",0,NULL,2,4,-1,1,0,0,1,NULL,NULL,1,0,1,50
201900012856,20,11,2019,17:10:00,5,54,54304,2,1,1,3,"POINCARE (RUE RAYMOND)","48,6805510","6,1551880",201900012856,138 282 528,B01,1,1,0,2,3,1,5,NULL,201900012856,138 282 527,A01,1,1,1,2,1966,0,1,0,-1,-1,0,-1,201900012856,4,"POINCARE (RUE RAYMOND)",0,NULL,-1,3,1,1,0,0,1,NULL,NULL,1,0,1,50
201900012856,20,11,2019,17:10:00,5,54,54304,2,1,1,3,"POINCARE (RUE RAYMOND)","48,6805510","6,1551880",201900012856,138 282 528,B01,1,1,0,2,3,1,5,NULL,201900012856,138 282 528,B01,1,1,4,1,1985,0,8,0,-1,-1,0,-1,201900012856,4,"POINCARE (RUE RAYMOND)",0,NULL,-1,3,1,1,0,0,1,NULL,NULL,1,0,1,50
201900013276,13,9,2019,23:50:00,5,44,44109,2,2,1,3,"RUE MONZIE / BOULEVARD GENERAL DE GAULLE","47,2064100"," -1,5393300",201900013276,138 281 754,B01,0,1,0,2,2,16,5,NULL,201900013276,138 281 754,B01,1,1,3,1,1988,5,2,0,-1,-1," -1",-1,201900013276,4,NULL,0,NULL,1,0,0,1,1,0,3,NULL,NULL,1,0,1,30
201900013276,13,9,2019,23:50:00,5,44,44109,2,2,1,3,"RUE MONZIE / BOULEVARD GENERAL DE GAULLE","47,2064100"," -1,5393300",201900013276,138 281 754,B01,0,1,0,2,2,16,5,NULL,201900013276,138 281 755,A01,1,1,1,2,1998,0,1,0,-1,-1," -1",-1,201900013276,4,NULL,0,NULL,1,0,0,1,1,0,3,NULL,NULL,1,0,1,30
201900014124,4,8,2019,15:10:00,1,79,79191,2,1,1,2,"Rue du 14 juillet","46,3223400"," -0,4571100",201900014124,138 280 156,B01,0,1,0,2,4,0,5,NULL,201900014124,138 280 156,B01,1,1,4,2,1989,5,2,8,-1,-1,0,-1,201900014124,4,NULL,0,NULL,-1,0,0,1,0,0,1,NULL,NULL,1,9,8,50
201900014124,4,8,2019,15:10:00,1,79,79191,2,1,1,2,"Rue du 14 juillet","46,3223400"," -0,4571100",201900014124,138 280 156,B01,0,1,0,2,4,0,5,NULL,201900014124,138 280 157,A01,1,1,1,1,1991,9,8,8,-1,-1,0,-1,201900014124,4,NULL,0,NULL,-1,0,0,1,0,0,1,NULL,NULL,1,9,8,50
201900014653,19,11,2019,08:33:00,1,54,54395,2,2,1,3,"HAXO (RUE DU GENERAL)","48,6763300","6,1707000",201900014653,138 279 063,B01,1,1,0,2,1,16,5,NULL,201900014653,138 279 063,B01,1,1,4,1,1970,0,8,0,-1,-1,0,-1,201900014653,4,"HAXO (RUE DU GENERAL)",0,NULL,2,2,1,1,0,0,1,NULL,NULL,1,0,1,50
201900014653,19,11,2019,08:33:00,1,54,54395,2,2,1,3,"HAXO (RUE DU GENERAL)","48,6763300","6,1707000",201900014653,138 279 063,B01,1,1,0,2,1,16,5,NULL,201900014653,138 279 064,A01,1,1,1,1,1970,0,1,0,-1,-1,0,-1,201900014653,4,"HAXO (RUE DU GENERAL)",0,NULL,2,2,1,1,0,0,1,NULL,NULL,1,0,1,50
201900015847,17,4,2019,17:15:00,1,26,26272,1,1,1,1,RD4,"44,4931810","4,8752170",201900015847,138 276 894,B01,2,1,0,2,1,1,6,NULL,201900015847,138 276 894,B01,1,1,3,1,1970,5,2,-1,-1,0,0,-1,201900015847,3,4,NULL,NULL,2,2,0,2,14,200,3,NULL,NULL,1,0,1,80
201900015847,17,4,2019,17:15:00,1,26,26272,1,1,1,1,RD4,"44,4931810","4,8752170",201900015847,138 276 894,B01,2,1,0,2,1,1,6,NULL,201900015847,138 276 895,A01,1,1,1,1,1936,5,1,-1,-1,0,0,-1,201900015847,3,4,NULL,NULL,2,2,0,2,14,200,3,NULL,NULL,1,0,1,80
201900016664,27,12,2019,17:20:00,3,2B,2B050,2,1,1,3,D81,"42,5636940","8,7420920",201900016664,138 275 295,B01,2,1,0,2,1,2,5,NULL,201900016664,138 275 295,B01,1,1,4,1,1974,5,6,2,-1,0,0,-1,201900016664,3,81,0,B,2,2,0,1,(1),(1),1,NULL,NULL,1,0,1,30
201900016664,27,12,2019,17:20:00,3,2B,2B050,2,1,1,3,D81,"42,5636940","8,7420920",201900016664,138 275 295,B01,2,1,0,2,1,2,5,NULL,201900016664,138 275 296,A01,2,2,4,1,2005,5,2,-1,-1,0,0,-1,201900016664,3,81,0,B,2,2,0,1,(1),(1),1,NULL,NULL,1,0,1,30
201900016664,27,12,2019,17:20:00,3,2B,2B050,2,1,1,3,D81,"42,5636940","8,7420920",201900016664,138 275 295,B01,2,1,0,2,1,2,5,NULL,201900016664,138 275 296,A01,1,1,4,1,2005,5,2,6,-1,0,0,-1,201900016664,3,81,0,B,2,2,0,1,(1),(1),1,NULL,NULL,1,0,1,30
201900021369,30,6,2019,20:00:00,1,75,75120,2,1,1,3,"BOULEVARD DE BELLEVILLE","48,8681760","2,3818350",201900021369,138 266 423,B01,1,1,0,2,2,17,5,NULL,201900021369,138 266 423,B01,1,1,4,1,1971,1,8,8,-1,0,0,-1,201900021369,4,"BOULEVARD DE BELLEVILLE",0,NULL,1,3,0,1,0,0,1,NULL,NULL,1,0,1,50
201900021369,30,6,2019,20:00:00,1,75,75120,2,1,1,3,"BOULEVARD DE BELLEVILLE","48,8681760","2,3818350",201900021369,138 266 423,B01,1,1,0,2,2,17,5,NULL,201900021369,138 266 424,A01,1,1,1,1,1969,1,1,8,-1,0,0,-1,201900021369,4,"BOULEVARD DE BELLEVILLE",0,NULL,1,3,0,1,0,0,1,NULL,NULL,1,0,1,50
201900021887,12,3,2019,20:15:00,5,75,75114,2,1,2,6,"RUE DE GERGOVIE","48,8338280","2,3146920",201900021887,138 265 411,A01,1,1,0,1,1,1,5,NULL,201900021887,138 265 411,A01,1,1,1,1,1987,0,8,0,-1,0,0,-1,201900021887,4,"RUE DE GERGOVIE",0,NULL,2,2,1,1,0,0,1,NULL,NULL,2,0,1,50
201900021887,12,3,2019,20:15:00,5,75,75114,2,1,2,6,"RUE DE GERGOVIE","48,8338280","2,3146920",201900021887,138 265 411,A01,1,1,0,1,1,1,5,NULL,201900021887,138 265 411,A01,10,3,4,2,1996,1,8,0,-1,2,3,1,201900021887,4,"RUE DE GERGOVIE",0,NULL,2,2,1,1,0,0,1,NULL,NULL,2,0,1,50
201900023942,15,11,2019,14:30:00,1,63,63021,1,4,1,1,"9 Route d'Authezat","45,6558000","3,1949210",201900023942,138 261 351,B01,1,1,0,2,1,1,5,NULL,201900023942,138 261 350,A01,1,1,1,1,1932,3,1,-1,-1,0,0,-1,201900023942,3,96,NULL,NULL,2,2,0,1,21,100,1,NULL,NULL,1,0,1,80
201900023942,15,11,2019,14:30:00,1,63,63021,1,4,1,1,"9 Route d'Authezat","45,6558000","3,1949210",201900023942,138 261 351,B01,1,1,0,2,1,1,5,NULL,201900023942,138 261 351,B01,1,1,3,1,1944,5,2,-1,-1,0,0,-1,201900023942,3,96,NULL,NULL,2,2,0,1,21,100,1,NULL,NULL,1,0,1,80
201900026896,31,7,2019,14:50:00,1,50,50349,1,1,1,2,"40 bis rue des periers","48,9923860"," -1,5072900",201900026896,138 255 720,A01,3,1,0,2,1,1,5,NULL,201900026896,138 255 719,B01,1,1,1,1,1963,5,1,-1,-1,0,0,-1,201900026896,4,NULL,NULL,NULL,2,2,0,2,(1),(1),1,NULL,NULL,1,0,1,80
201900026896,31,7,2019,14:50:00,1,50,50349,1,1,1,2,"40 bis rue des periers","48,9923860"," -1,5072900",201900026896,138 255 720,A01,3,1,0,2,1,1,5,NULL,201900026896,138 255 720,A01,1,1,4,1,1965,5,2,-1,-1,0,0,-1,201900026896,4,NULL,NULL,NULL,2,2,0,2,(1),(1),1,NULL,NULL,1,0,1,80
201900028260,3,9,2019,17:00:00,1,13,13094,1,1,1,3,cd32,"43,7910740","4,7288750",201900028260,138 253 209,A01,3,1,0,2,3,13,5,NULL,201900028260,138 253 208,B01,1,1,1,1,1968,4,1,-1,-1,0,0,-1,201900028260,3,32,NULL,NULL,2,2,0,1,4,480,1,NULL,NULL,1,0,1,80
201900028260,3,9,2019,17:00:00,1,13,13094,1,1,1,3,cd32,"43,7910740","4,7288750",201900028260,138 253 209,A01,3,1,0,2,3,13,5,NULL,201900028260,138 253 209,A01,1,1,3,1,1939,5,2,-1,-1,0,0,-1,201900028260,3,32,NULL,NULL,2,2,0,1,4,480,1,NULL,NULL,1,0,1,80
201900028498,10,4,2019,13:00:00,1,64,64348,2,3,1,3,SALIE,"43,3361200"," -0,3863500",201900028498,138 252 732,B01,2,1,0,2,7,1,5,NULL,201900028498,138 252 731,A01,1,1,1,2,1954,1,1,0,-1,0,0,-1,201900028498,4,"CAMI SALIE",0,NULL,-1,2,0,1,0,0,1,NULL,NULL,1,0,1,50
201900028498,10,4,2019,13:00:00,1,64,64348,2,3,1,3,SALIE,"43,3361200"," -0,3863500",201900028498,138 252 732,B01,2,1,0,2,7,1,5,NULL,201900028498,138 252 732,B01,1,1,4,1,1951,5,8,0,-1,0,0,-1,201900028498,4,"CAMI SALIE",0,NULL,-1,2,0,1,0,0,1,NULL,NULL,1,0,1,50
201900029070,29,4,2019,09:40:00,1,44,44184,2,6,1,3,"BD LAENNEC / RUE FAURE","47,2700000"," -2,2391300",201900029070,138 251 679,B01,3,1,0,2,7,1,5,NULL,201900029070,138 251 678,A01,1,1,1,1,1963,1,1,0,-1,0,0,-1,201900029070,4,NULL,0,NULL,3,2,0,1,0,0,3,NULL,NULL,1,0,1,50
201900029070,29,4,2019,09:40:00,1,44,44184,2,6,1,3,"BD LAENNEC / RUE FAURE","47,2700000"," -2,2391300",201900029070,138 251 679,B01,3,1,0,2,7,1,5,NULL,201900029070,138 251 679,B01,1,1,4,1,1952,5,2,0,-1,0,0,-1,201900029070,4,NULL,0,NULL,3,2,0,1,0,0,3,NULL,NULL,1,0,1,50
201900029535,7,10,2019,07:30:00,5,35,35238,2,6,3,3,"BOSPHORE (DU)","48,0838340"," -1,6770700",201900029535,138 250 739,B01,3,1,0,0,4,1,6,NULL,201900029535,138 250 739,B01,1,1,4,1,1958,0,2,0,-1,-1," -1",-1,201900029535,4,"BOSPHORE (DU)",0,NULL,1,1,0,1,0,0,1,NULL,NULL,2,0,1,30
201900029535,7,10,2019,07:30:00,5,35,35238,2,6,3,3,"BOSPHORE (DU)","48,0838340"," -1,6770700",201900029535,138 250 739,B01,3,1,0,0,4,1,6,NULL,201900029535,138 250 740,A01,1,1,1,1,1991,4,1,0,-1,-1,0,-1,201900029535,4,"BOSPHORE (DU)",0,NULL,1,1,0,1,0,0,1,NULL,NULL,2,0,1,30
201900031295,16,12,2019,07:20:00,5,75,75120,2,1,3,6,"BOULEVARD DAVOUT","48,8611790","2,4093470",201900031295,138 247 490,A01,1,1,8,0,1,1,5,NULL,201900031295,138 247 490,A01,1,1,4,1,1963,1,8,2,-1,0,0,-1,201900031295,4,"BOULEVARD DAVOUT",0,NULL,2,4,1,2,140,0,1,NULL,NULL,2,0,5,50
201900032429,9,4,2019,07:30:00,1,29,29019,2,6,1,3,"BACH JEAN SEBASTIEN","48,3926400"," -4,5232000",201900032429,138 245 338,B01,0,1,0,2,1,0,5,NULL,201900032429,138 245 338,B01,1,1,4,2,1960,1,2,0,-1,-1,0,-1,201900032429,4,"BACH JEAN SEBASTIEN",0,NULL,2,2,0,3,0,0,1,NULL,NULL,1,0,1,50
201900032429,9,4,2019,07:30:00,1,29,29019,2,6,1,3,"BACH JEAN SEBASTIEN","48,3926400"," -4,5232000",201900032429,138 245 338,B01,0,1,0,2,1,0,5,NULL,201900032429,138 245 339,A01,1,1,1,1,1972,1,1,0,-1,-1,0,-1,201900032429,4,"BACH JEAN SEBASTIEN",0,NULL,2,2,0,3,0,0,1,NULL,NULL,1,0,1,50
201900037819,22,7,2019,19:30:00,1,57,57467,1,3,1,3,Mey,"49,1299280","6,2431580",201900037819,138 234 910,B01,2,1,0,2,8,1,5,NULL,201900037819,138 234 910,B01,1,1,3,2,1960,5,8,-1,-1,0,0,-1,201900037819,3,69,NULL,NULL,2,2,0,1,(1),(1),1,NULL,NULL,1,0,8,80
201900037819,22,7,2019,19:30:00,1,57,57467,1,3,1,3,Mey,"49,1299280","6,2431580",201900037819,138 234 910,B01,2,1,0,2,8,1,5,NULL,201900037819,138 234 911,A01,1,1,1,1,1981,0,8,-1,-1,0,0,-1,201900037819,3,69,NULL,NULL,2,2,0,1,(1),(1),1,NULL,NULL,1,0,8,80
201900039546,4,4,2019,13:00:00,1,35,35238,2,1,1,6,"VERDUN (BD DE)","48,1176700"," -1,6880000",201900039546,138 231 765,B01,3,1,0,0,0,22,5,NULL,201900039546,138 231 764,A01,1,1,1,1,1959,0,8,0,-1,-1,0,-1,201900039546,9,"VERDUN (BD DE)",0,NULL,1,1,0,1,0,0,1,NULL,NULL,1,0,1,20
201900039546,4,4,2019,13:00:00,1,35,35238,2,1,1,6,"VERDUN (BD DE)","48,1176700"," -1,6880000",201900039546,138 231 765,B01,3,1,0,0,0,22,5,NULL,201900039546,138 231 765,B01,1,1,4,1,1961,2,8,0,-1,-1,0,-1,201900039546,9,"VERDUN (BD DE)",0,NULL,1,1,0,1,0,0,1,NULL,NULL,1,0,1,20
201900040709,14,1,2019,08:30:00,5,35,35288,2,6,1,3,"GRAND JARDIN (RUE DU)","48,6374800"," -1,9820900",201900040709,138 229 590,B01,3,1,0,2,7,1,5,NULL,201900040709,138 229 590,B01,1,1,3,1,1973,5,8,0,-1,-1,0,-1,201900040709,4,"GRAND JARDIN (RUE DU)",0,NULL,2,2,2,1,0,0,2,NULL,NULL,1,0,1,30
201900040709,14,1,2019,08:30:00,5,35,35288,2,6,1,3,"GRAND JARDIN (RUE DU)","48,6374800"," -1,9820900",201900040709,138 229 590,B01,3,1,0,2,7,1,5,NULL,201900040709,138 229 591,A01,1,1,1,1,1992,1,1,0,-1,-1,0,-1,201900040709,4,"GRAND JARDIN (RUE DU)",0,NULL,2,2,2,1,0,0,2,NULL,NULL,1,0,1,30
201900042469,25,2,2019,17:35:00,1,64,64493,2,1,7,3," Avenue de NAVARRE","43,3158207"," -1,0199473",201900042469,138 226 292,B01,2,1,0,2,8,1,5,NULL,201900042469,138 226 291,A01,1,1,1,1,1931,3,1,-1,-1,0,0,-1,201900042469,3,2933,NULL,NULL,2,2,0,1,46,538,1,NULL,NULL,1,0,1,50
201900042469,25,2,2019,17:35:00,1,64,64493,2,1,7,3," Avenue de NAVARRE","43,3158207"," -1,0199473",201900042469,138 226 292,B01,2,1,0,2,8,1,5,NULL,201900042469,138 226 292,B01,1,1,4,1,1964,1,0,-1,-1,0,0,-1,201900042469,3,2933,NULL,NULL,2,2,0,1,46,538,1,NULL,NULL,1,0,1,50
201900042888,15,1,2019,14:20:00,1,89,89459,1,3,1,3,"RD 369","48,1538510","3,1687530",201900042888,138 225 489,A01,3,1,0,2,7,15,5,NULL,201900042888,138 225 487,B01,2,2,1,2,1993,4,1,-1,-1,0,0,-1,201900042888,3,369,NULL,NULL,2,2,0,1,(1),(1),3,NULL,NULL,1,0,1,-1
201900042888,15,1,2019,14:20:00,1,89,89459,1,3,1,3,"RD 369","48,1538510","3,1687530",201900042888,138 225 489,A01,3,1,0,2,7,15,5,NULL,201900042888,138 225 487,B01,1,1,1,2,1973,4,1,-1,-1,0,0,-1,201900042888,3,369,NULL,NULL,2,2,0,1,(1),(1),3,NULL,NULL,1,0,1,-1
201900042888,15,1,2019,14:20:00,1,89,89459,1,3,1,3,"RD 369","48,1538510","3,1687530",201900042888,138 225 489,A01,3,1,0,2,7,15,5,NULL,201900042888,138 225 489,A01,1,1,3,1,1948,5,2,-1,-1,0,0,-1,201900042888,3,369,NULL,NULL,2,2,0,1,(1),(1),3,NULL,NULL,1,0,1,-1
201900044358,21,2,2019,16:40:00,1,13,13210,2,9,1,1,"RABATAU (BOULEVARD)","43,2811600","5,3994600",201900044358,138 222 727,A01,3,1,0,2,8,10,5,NULL,201900044358,138 222 725,B01,1,1,1,2,1979,1,1,5,-1,-1," -1",-1,201900044358,4,"RABATAU (BOULEVARD)",0,NULL,2,4,0,1,0,0,1,NULL,NULL,1,0,1,50
201900044358,21,2,2019,16:40:00,1,13,13210,2,9,1,1,"RABATAU (BOULEVARD)","43,2811600","5,3994600",201900044358,138 222 727,A01,3,1,0,2,8,10,5,NULL,201900044358,138 222 727,A01,1,1,3,1,1980,1,8,0,-1,-1," -1",-1,201900044358,4,"RABATAU (BOULEVARD)",0,NULL,2,4,0,1,0,0,1,NULL,NULL,1,0,1,50
201900046778,29,3,2019,08:50:00,1,92,92050,2,1,1,3,"HAVRE BOULEVARD DU","48,9198497","2,2213397",201900046778,138 218 066,B01,3,1,0,2,1,1,5,NULL,201900046778,138 218 066,B01,1,1,4,1,1981,9,2,0,-1,-1,0,-1,201900046778,3,992,0,NULL,1,3,0,1,0,0,1,NULL,NULL,1,0,1,50
201900046778,29,3,2019,08:50:00,1,92,92050,2,1,1,3,"HAVRE BOULEVARD DU","48,9198497","2,2213397",201900046778,138 218 066,B01,3,1,0,2,1,1,5,NULL,201900046778,138 218 067,A01,1,1,1,2,1998,9,1,0,-1,-1,0,-1,201900046778,3,992,0,NULL,1,3,0,1,0,0,1,NULL,NULL,1,0,1,50
201900049396,31,5,2019,20:28:00,1,49,49007,2,2,1,6,BRISSAC,"47,4654020"," -0,5503600",201900049396,138 213 232,A01,1,1,0,2,1,19,5,NULL,201900049396,138 213 232,A01,1,1,3,2,1957,0,8,0,-1,-1," -1",-1,201900049396,4,BRISSAC,0,NULL,2,2,2,1,0,0,1,NULL,NULL,1,0,1,30