Num_Acc,jour,mois,an,hrmn,lum,dep,com,agg,int,atm,col,adr,lat,long,Num_Acc,id_vehicule,num_veh,senc,catv,obs,obsm,choc,manv,motor,occutc,Num_Acc,id_vehicule,num_veh,place,catu,grav,sexe,an_nais,trajet,secu1,secu2,secu3,locp,actp,etatp,Num_Acc,catr,voie,v1,v2,circ,nbv,vosp,prof,pr,pr1,plan,lartpc,larrout,surf,infra,situ,vma
201900049396,31,5,2019,20:28:00,1,49,49007,2,2,1,6,BRISSAC,"47,4654020"," -0,5503600",201900049396,138 213 232,A01,1,1,0,2,1,19,5,NULL,201900049396,138 213 233,B01,2,2,1,1,2002,5,1,0,-1,-1,0,-1,201900049396,4,BRISSAC,0,NULL,2,2,2,1,0,0,1,NULL,NULL,1,0,1,30
201900049396,31,5,2019,20:28:00,1,49,49007,2,2,1,6,BRISSAC,"47,4654020"," -0,5503600",201900049396,138 213 232,A01,1,1,0,2,1,19,5,NULL,201900049396,138 213 233,B01,1,1,1,1,1992,5,1,0,-1,-1,0,-1,201900049396,4,BRISSAC,0,NULL,2,2,2,1,0,0,1,NULL,NULL,1,0,1,30
201900054524,31,5,2019,15:30:00,1,48,48013,2,3,1,3,"Chemin de la gare","44,5331560","3,5457600",201900054524,138 203 564,B01,3,1,0,2,1,1,5,NULL,201900054524,138 203 564,B01,1,1,3,1,1948,5,2,6,-1,0,0,-1,201900054524,4,NULL,NULL,NULL,2,2,0,2,(1),(1),1,NULL,NULL,1,0,1,50
201900054524,31,5,2019,15:30:00,1,48,48013,2,3,1,3,"Chemin de la gare","44,5331560","3,5457600",201900054524,138 203 564,B01,3,1,0,2,1,1,5,NULL,201900054524,138 203 565,A01,1,1,1,1,1940,5,1,-1,-1,0,0,-1,201900054524,4,NULL,NULL,NULL,2,2,0,2,(1),(1),1,NULL,NULL,1,0,1,50
201900055459,2,1,2019,12:45:00,1,92,92012,2,1,1,2,"GENERAL LECLERC (AVENUE DU) 1/33 - 2/58","48,8324024","2,2397206",201900055459,138 201 814,B01,2,1,0,2,1,2,5,NULL,201900055459,138 201 812,A01,1,1,1,1,1994,4,8,0,-1,-1," -1",-1,201900055459,3,910,0,NULL,1,4,0,1,0,0,1,NULL,NULL,1,9,1,50
201900055459,2,1,2019,12:45:00,1,92,92012,2,1,1,2,"GENERAL LECLERC (AVENUE DU) 1/33 - 2/58","48,8324024","2,2397206",201900055459,138 201 814,B01,2,1,0,2,1,2,5,NULL,201900055459,138 201 814,B01,1,1,4,1,1994,4,8,8,-1,-1," -1",-1,201900055459,3,910,0,NULL,1,4,0,1,0,0,1,NULL,NULL,1,9,1,50
201900055522,5,10,2019,08:14:00,1,42,42218,2,1,1,7,"NAUTIN LEON","45,4347900","4,3900100",201900055522,138 201 715,A01,2,1,0,0,0,1,5,NULL,201900055522,138 201 715,A01,1,1,3,1,1985,0,2,0,-1,-1," -1",-1,201900055522,4,"NAUTIN LEON",0,NULL,1,1,0,1,0,0,1,NULL,NULL,1,6,1,50
201900055691,5,7,2019,16:30:00,1,44,44063,2,3,1,3,"Rue du Pont Jean Vay","47,0762890"," -1,2485010",201900055691,138 201 404,B01,3,1,0,2,7,26,5,NULL,201900055691,138 201 404,B01,1,1,4,1,2007,5,0,-1,-1,0,0,-1,201900055691,4,NULL,0,NULL,2,2,0,2,(1),(1),1,NULL,NULL,1,0,1,30
201900055691,5,7,2019,16:30:00,1,44,44063,2,3,1,3,"Rue du Pont Jean Vay","47,0762890"," -1,2485010",201900055691,138 201 404,B01,3,1,0,2,7,26,5,NULL,201900055691,138 201 405,A01,1,1,1,2,1996,3,1,-1,-1,0,0,-1,201900055691,4,NULL,0,NULL,2,2,0,2,(1),(1),1,NULL,NULL,1,0,1,30
201900058266,26,3,2019,17:00:00,1,94,94016,2,1,1,1,"EUROPE (AV DE L)","48,7861200","2,3277700",201900058266,138 196 681,B01,2,1,0,2,3,1,5,NULL,201900058266,138 196 681,B01,1,1,3,2,1961,0,8,0,-1,0,0,-1,201900058266,3,257,0,NULL,2,0,0,1,0,0,1,NULL,NULL,1,0,1,50
201900058266,26,3,2019,17:00:00,1,94,94016,2,1,1,1,"EUROPE (AV DE L)","48,7861200","2,3277700",201900058266,138 196 681,B01,2,1,0,2,3,1,5,NULL,201900058266,138 196 682,A01,1,1,1,2,1950,0,1,0,-1,0,0,-1,201900058266,3,257,0,NULL,2,0,0,1,0,0,1,NULL,NULL,1,0,1,50
201900009339,28,11,2019,18:00:00,3,37,37273,2,2,8,3,"Avenue Jeanne d'Arc","47,3952050","0,7727950",201900009339,138 289 032,B01,1,1,0,2,1,19,5,NULL,201900009339,138 289 032,B01,1,1,4,1,1973,9,2,-1,-1,0,0,-1,201900009339,4,NULL,NULL,NULL,2,2,2,1,(1),(1),1,NULL,NULL,1,0,1,50
201900009339,28,11,2019,18:00:00,3,37,37273,2,2,8,3,"Avenue Jeanne d'Arc","47,3952050","0,7727950",201900009339,138 289 032,B01,1,1,0,2,1,19,5,NULL,201900009339,138 289 033,A01,1,1,1,1,1972,1,1,-1,-1,0,0,-1,201900009339,4,NULL,NULL,NULL,2,2,2,1,(1),(1),1,NULL,NULL,1,0,1,50
201900010764,8,8,2019,17:25:00,1,55,55533,1,1,1,3,"Route Départementale 964","48,6001750","5,6691100",201900010764,138 286 465,A01,2,1,0,2,3,2,5,NULL,201900010764,138 286 464,B01,1,1,1,2,1968,0,1,-1,-1,0,0,-1,201900010764,3,964,NULL,NULL,2,2,0,1,16,400,1,NULL,NULL,1,0,1,70
201900010764,8,8,2019,17:25:00,1,55,55533,1,1,1,3,"Route Départementale 964","48,6001750","5,6691100",201900010764,138 286 465,A01,2,1,0,2,3,2,5,NULL,201900010764,138 286 465,A01,1,1,2,1,2005,5,0,-1,-1,0,0,-1,201900010764,3,964,NULL,NULL,2,2,0,1,16,400,1,NULL,NULL,1,0,1,70
201900011823,6,2,2019,17:30:00,1,31,31445,2,1,1,6,"16 le mail","43,5838060","1,5290060",201900011823,138 284 470,A01,3,1,0,1,1,1,5,NULL,201900011823,138 284 470,A01,1,1,1,1,1977,5,2,-1,-1,0,0,-1,201900011823,4,NULL,NULL,NULL,3,1,0,1,(1),(1),1,NULL,NULL,1,0,1,-1
201900011823,6,2,2019,17:30:00,1,31,31445,2,1,1,6,"16 le mail","43,5838060","1,5290060",201900011823,138 284 470,A01,3,1,0,1,1,1,5,NULL,201900011823,138 284 470,A01,10,3,4,1,2017,5,0,-1,-1,2,5,2,201900011823,4,NULL,NULL,NULL,3,1,0,1,(1),(1),1,NULL,NULL,1,0,1,-1
201900016019,29,7,2019,15:40:00,1,29,29028,1,1,1,7,"Rue de Langroas","48,0474590"," -4,6466270",201900016019,138 276 593,A01,2,1,0,0,8,1,5,NULL,201900016019,138 276 593,A01,1,1,3,1,2005,5,2,-1,-1,0,0,-1,201900016019,3,43,NULL,NULL,2,2,0,4,22,700,3,NULL,NULL,1,0,1,-1
201900016369,29,5,2019,16:35:00,1,988,98818,1,1,1,3,"IEKAWE (RUE JACQUES)"," -22,2259000","166,4807500",201900016369,138 275 880,B01,1,1,0,2,8,1,5,NULL,201900016369,138 275 879,A01,1,1,1,1,1985,0,8,0,-1,0,0,-1,201900016369,4,583,0,NULL,2,2,0,2,0,0,1,NULL,NULL,1,0,1,50
201900016369,29,5,2019,16:35:00,1,988,98818,1,1,1,3,"IEKAWE (RUE JACQUES)"," -22,2259000","166,4807500",201900016369,138 275 880,B01,1,1,0,2,8,1,5,NULL,201900016369,138 275 880,B01,1,1,4,2,1978,0,2,8,-1,0,0,-1,201900016369,4,583,0,NULL,2,2,0,2,0,0,1,NULL,NULL,1,0,1,50
201900018287,17,11,2019,03:35:00,5,75,75110,2,2,1,3,"BOULEVARD DE STRASBOURG","48,8748112","2,3573878",201900018287,138 272 220,B01,1,1,0,2,1,1,5,NULL,201900018287,138 272 220,B01,1,1,4,1,1993,9,2,6,-1,0,0,-1,201900018287,4,"BOULEVARD DE STRASBOURG",0,NULL,2,2,1,1,0,0,1,NULL,NULL,1,0,5,50
201900018287,17,11,2019,03:35:00,5,75,75110,2,2,1,3,"BOULEVARD DE STRASBOURG","48,8748112","2,3573878",201900018287,138 272 220,B01,1,1,0,2,1,1,5,NULL,201900018287,138 272 221,A01,3,2,1,1,1969,0,1,0,-1,0,0,-1,201900018287,4,"BOULEVARD DE STRASBOURG",0,NULL,2,2,1,1,0,0,1,NULL,NULL,1,0,5,50
201900018287,17,11,2019,03:35:00,5,75,75110,2,2,1,3,"BOULEVARD DE STRASBOURG","48,8748112","2,3573878",201900018287,138 272 220,B01,1,1,0,2,1,1,5,NULL,201900018287,138 272 221,A01,4,2,1,1,1988,0,1,0,-1,0,0,-1,201900018287,4,"BOULEVARD DE STRASBOURG",0,NULL,2,2,1,1,0,0,1,NULL,NULL,1,0,5,50
201900018287,17,11,2019,03:35:00,5,75,75110,2,2,1,3,"BOULEVARD DE STRASBOURG","48,8748112","2,3573878",201900018287,138 272 220,B01,1,1,0,2,1,1,5,NULL,201900018287,138 272 221,A01,5,2,1,1,1987,0,1,0,-1,0,0,-1,201900018287,4,"BOULEVARD DE STRASBOURG",0,NULL,2,2,1,1,0,0,1,NULL,NULL,1,0,5,50
201900018287,17,11,2019,03:35:00,5,75,75110,2,2,1,3,"BOULEVARD DE STRASBOURG","48,8748112","2,3573878",201900018287,138 272 220,B01,1,1,0,2,1,1,5,NULL,201900018287,138 272 221,A01,1,1,1,1,1993,4,1,0,-1,0,0,-1,201900018287,4,"BOULEVARD DE STRASBOURG",0,NULL,2,2,1,1,0,0,1,NULL,NULL,1,0,5,50
201900018287,17,11,2019,03:35:00,5,75,75110,2,2,1,3,"BOULEVARD DE STRASBOURG","48,8748112","2,3573878",201900018287,138 272 220,B01,1,1,0,2,1,1,5,NULL,201900018287,138 272 221,A01,2,2,1,1,1991,0,1,0,-1,0,0,-1,201900018287,4,"BOULEVARD DE STRASBOURG",0,NULL,2,2,1,1,0,0,1,NULL,NULL,1,0,5,50
201900018287,17,11,2019,03:35:00,5,75,75110,2,2,1,3,"BOULEVARD DE STRASBOURG","48,8748112","2,3573878",201900018287,138 272 220,B01,1,1,0,2,1,1,5,NULL,201900018287,138 272 221,A01,7,2,1,1,1975,0,1,0,-1,0,0,-1,201900018287,4,"BOULEVARD DE STRASBOURG",0,NULL,2,2,1,1,0,0,1,NULL,NULL,1,0,5,50
201900018615,27,12,2019,10:10:00,1,92,92012,2,6,2,3,"ANCIENS COMBATTANT (ROND - POINT DES)","48,8481900","2,2418200",201900018615,138 271 631,B01,3,1,0,2,1,16,5,NULL,201900018615,138 271 631,B01,1,1,4,2,1979,5,8,0,-1,-1,0,-1,201900018615,4,"ANCIENS COMBATTANT (ROND - POINT DES)",0,NULL,-1,0,0,1,0,1,2,NULL,NULL,2,0,1,50
201900018615,27,12,2019,10:10:00,1,92,92012,2,6,2,3,"ANCIENS COMBATTANT (ROND - POINT DES)","48,8481900","2,2418200",201900018615,138 271 631,B01,3,1,0,2,1,16,5,NULL,201900018615,138 271 632,A01,1,1,1,1,1991,5,1,8,-1,-1,0,-1,201900018615,4,"ANCIENS COMBATTANT (ROND - POINT DES)",0,NULL,-1,0,0,1,0,1,2,NULL,NULL,2,0,1,50
201900019268,18,8,2019,06:50:00,1,971,97103,1,1,1,5,"RN 1 - LA JAILLE","16,2542910"," -61,5515940",201900019268,138 270 423,A01,0,1,0,0,8,2,5,NULL,201900019268,138 270 421,C01,1,1,1,1,1991,5,1,-1,-1,0,0,-1,201900019268,2,1,0,NULL,3,4,0,1,(1),(1),1,NULL,NULL,1,0,1,90
201900019268,18,8,2019,06:50:00,1,971,97103,1,1,1,5,"RN 1 - LA JAILLE","16,2542910"," -61,5515940",201900019268,138 270 422,B01,0,1,0,0,8,2,5,NULL,201900019268,138 270 421,C01,1,1,1,1,1991,5,1,-1,-1,0,0,-1,201900019268,2,1,0,NULL,3,4,0,1,(1),(1),1,NULL,NULL,1,0,1,90
201900019268,18,8,2019,06:50:00,1,971,97103,1,1,1,5,"RN 1 - LA JAILLE","16,2542910"," -61,5515940",201900019268,138 270 423,A01,0,1,0,0,8,2,5,NULL,201900019268,138 270 422,B01,1,1,3,1,1972,5,2,-1,-1,0,0,-1,201900019268,2,1,0,NULL,3,4,0,1,(1),(1),1,NULL,NULL,1,0,1,90
201900019268,18,8,2019,06:50:00,1,971,97103,1,1,1,5,"RN 1 - LA JAILLE","16,2542910"," -61,5515940",201900019268,138 270 422,B01,0,1,0,0,8,2,5,NULL,201900019268,138 270 422,B01,1,1,3,1,1972,5,2,-1,-1,0,0,-1,201900019268,2,1,0,NULL,3,4,0,1,(1),(1),1,NULL,NULL,1,0,1,90
201900019268,18,8,2019,06:50:00,1,971,97103,1,1,1,5,"RN 1 - LA JAILLE","16,2542910"," -61,5515940",201900019268,138 270 423,A01,0,1,0,0,8,2,5,NULL,201900019268,138 270 423,A01,1,1,4,1,1999,5,2,-1,-1,0,0,-1,201900019268,2,1,0,NULL,3,4,0,1,(1),(1),1,NULL,NULL,1,0,1,90
201900019268,18,8,2019,06:50:00,1,971,97103,1,1,1,5,"RN 1 - LA JAILLE","16,2542910"," -61,5515940",201900019268,138 270 422,B01,0,1,0,0,8,2,5,NULL,201900019268,138 270 423,A01,1,1,4,1,1999,5,2,-1,-1,0,0,-1,201900019268,2,1,0,NULL,3,4,0,1,(1),(1),1,NULL,NULL,1,0,1,90
201900021751,23,5,2019,06:00:00,1,83,83062,2,4,1,3,"POUVEREL (CHEMIN DU)","43,1168900","6,0023900",201900021751,138 265 724,B01,2,1,0,2,7,1,5,NULL,201900021751,138 265 724,B01,1,1,4,1,1979,0,2,0,-1,-1,0,-1,201900021751,4,"POUVEREL (CHEMIN DU)",0,NULL,2,2,1,1,0,0,1,NULL,NULL,1,0,1,50
201900021751,23,5,2019,06:00:00,1,83,83062,2,4,1,3,"POUVEREL (CHEMIN DU)","43,1168900","6,0023900",201900021751,138 265 724,B01,2,1,0,2,7,1,5,NULL,201900021751,138 265 725,A01,1,1,1,2,1968,1,1,8,-1,-1,0,-1,201900021751,4,"POUVEREL (CHEMIN DU)",0,NULL,2,2,1,1,0,0,1,NULL,NULL,1,0,1,50
201900022467,25,12,2019,16:15:00,1,5,05168,1,1,9,7,D219,"44,4731040","5,9931540",201900022467,138 264 328,A01,2,1,0,0,0,1,5,NULL,201900022467,138 264 328,A01,1,1,3,1,1951,5,0,-1,-1,0,0,-1,201900022467,3,219,0,NULL,2,2,0,2,9,800,3,NULL,NULL,7,0,1,80
201900022546,30,1,2019,18:45:00,5,9,09332,2,6,2,3,d12,"43,0740220","1,6453280",201900022546,138 264 185,B01,2,1,0,2,6,1,5,NULL,201900022546,138 264 184,A01,1,1,1,2,1946,5,1,-1,-1,0,0,-1,201900022546,3,12,0,NULL,-1,2,0,1,(1),(1),2,NULL,NULL,2,9,1,50
201900022546,30,1,2019,18:45:00,5,9,09332,2,6,2,3,d12,"43,0740220","1,6453280",201900022546,138 264 185,B01,2,1,0,2,6,1,5,NULL,201900022546,138 264 185,B01,1,1,3,1,1996,1,0,-1,-1,0,0,-1,201900022546,3,12,0,NULL,-1,2,0,1,(1),(1),2,NULL,NULL,2,9,1,50
201900022945,17,4,2019,12:50:00,1,24,24291,1,3,1,3,"Lieu-dit Brenac","45,0494140","1,1515090",201900022945,138 263 431,B01,1,1,0,2,8,15,6,NULL,201900022945,138 263 430,A01,1,1,1,2,1976,1,1,-1,-1,0,0,-1,201900022945,3,65,NULL,NULL,2,2,0,1,11,550,1,NULL,NULL,1,0,1,80
201900022945,17,4,2019,12:50:00,1,24,24291,1,3,1,3,"Lieu-dit Brenac","45,0494140","1,1515090",201900022945,138 263 431,B01,1,1,0,2,8,15,6,NULL,201900022945,138 263 431,B01,1,1,3,1,1997,1,0,-1,-1,0,0,-1,201900022945,3,65,NULL,NULL,2,2,0,1,11,550,1,NULL,NULL,1,0,1,80
201900024594,30,8,2019,18:30:00,1,83,83069,2,1,1,3,"FRONT DE MER (BOULEVARD)","43,1131900","6,1891500",201900024594,138 260 090,A01,1,1,0,2,8,1,5,NULL,201900024594,138 260 089,B01,1,1,1,2,1985,0,1,0,-1,-1,0,-1,201900024594,3,42,0,NULL,2,2,1,1,12,800,1,NULL,NULL,1,0,5,70
201900024594,30,8,2019,18:30:00,1,83,83069,2,1,1,3,"FRONT DE MER (BOULEVARD)","43,1131900","6,1891500",201900024594,138 260 090,A01,1,1,0,2,8,1,5,NULL,201900024594,138 260 090,A01,1,1,4,1,1968,0,2,0,-1,-1," -1",-1,201900024594,3,42,0,NULL,2,2,1,1,12,800,1,NULL,NULL,1,0,5,70
201900025194,30,7,2019,10:15:00,1,49,49334,1,2,1,4,"Bel air","47,5268990"," -0,2241900",201900025194,138 258 952,B01,3,1,0,2,7,21,5,NULL,201900025194,138 258 951,C01,1,1,4,1,1947,5,2,-1,-1,0,0,-1,201900025194,4,1,NULL,NULL,2,2,0,1,(1),(1),1,NULL,NULL,1,0,1,80
201900025194,30,7,2019,10:15:00,1,49,49334,1,2,1,4,"Bel air","47,5268990"," -0,2241900",201900025194,138 258 951,C01,3,1,0,2,0,21,5,NULL,201900025194,138 258 951,C01,1,1,4,1,1947,5,2,-1,-1,0,0,-1,201900025194,4,1,NULL,NULL,2,2,0,1,(1),(1),1,NULL,NULL,1,0,1,80
201900025194,30,7,2019,10:15:00,1,49,49334,1,2,1,4,"Bel air","47,5268990"," -0,2241900",201900025194,138 258 952,B01,3,1,0,2,7,21,5,NULL,201900025194,138 258 952,B01,1,1,3,1,1949,5,2,-1,-1,0,0,-1,201900025194,4,1,NULL,NULL,2,2,0,1,(1),(1),1,NULL,NULL,1,0,1,80
201900025194,30,7,2019,10:15:00,1,49,49334,1,2,1,4,"Bel air","47,5268990"," -0,2241900",201900025194,138 258 951,C01,3,1,0,2,0,21,5,NULL,201900025194,138 258 952,B01,1,1,3,1,1949,5,2,-1,-1,0,0,-1,201900025194,4,1,NULL,NULL,2,2,0,1,(1),(1),1,NULL,NULL,1,0,1,80
201900025194,30,7,2019,10:15:00,1,49,49334,1,2,1,4,"Bel air","47,5268990"," -0,2241900",201900025194,138 258 952,B01,3,1,0,2,7,21,5,NULL,201900025194,138 258 953,A01,1,1,1,1,1961,1,2,-1,-1,0,0,-1,201900025194,4,1,NULL,NULL,2,2,0,1,(1),(1),1,NULL,NULL,1,0,1,80
201900025194,30,7,2019,10:15:00,1,49,49334,1,2,1,4,"Bel air","47,5268990"," -0,2241900",201900025194,138 258 951,C01,3,1,0,2,0,21,5,NULL,201900025194,138 258 953,A01,1,1,1,1,1961,1,2,-1,-1,0,0,-1,201900025194,4,1,NULL,NULL,2,2,0,1,(1),(1),1,NULL,NULL,1,0,1,80
201900026400,4,9,2019,09:45:00,1,75,75114,2,2,1,3,"RUE DES PLANTES","48,8292990","2,3226560",201900026400,138 256 605,A01,1,1,0,2,3,13,2,NULL,201900026400,138 256 604,B01,1,1,1,1,1973,4,1,0,-1,0,0,-1,201900026400,4,"RUE DES PLANTES",0,NULL,1,2,0,1,0,0,1,NULL,NULL,1,0,1,50
201900026400,4,9,2019,09:45:00,1,75,75114,2,2,1,3,"RUE DES PLANTES","48,8292990","2,3226560",201900026400,138 256 605,A01,1,1,0,2,3,13,2,NULL,201900026400,138 256 605,A01,1,1,4,2,1989,1,2,8,0,0,0,-1,201900026400,4,"RUE DES PLANTES",0,NULL,1,2,0,1,0,0,1,NULL,NULL,1,0,1,50
201900029720,7,10,2019,15:30:00,1,31,31065,1,1,1,7,"route de RIEUMES","43,3916800","1,1519150",201900029720,138 250 406,A01,2,1,0,0,1,0,5,NULL,201900029720,138 250 406,A01,1,1,2,1,1941,5,2,-1,-1,0,0,-1,201900029720,3,28,NULL,NULL,2,2,0,2,11,500,1,NULL,NULL,9,8,1,80
201900030040,3,9,2019,14:15:00,1,31,31557,2,1,1,3,"DOUMERGUE (RUE GASTON)","43,5882900","1,3582000",201900030040,138 249 817,B01,1,1,0,2,8,18,5,NULL,201900030040,138 249 817,B01,1,1,3,2,1970,9,8,8,-1,-1,0,-1,201900030040,3,632,0,NULL,2,2,0,1,0,0,1,NULL,NULL,1,0,1,50
201900030040,3,9,2019,14:15:00,1,31,31557,2,1,1,3,"DOUMERGUE (RUE GASTON)","43,5882900","1,3582000",201900030040,138 249 817,B01,1,1,0,2,8,18,5,NULL,201900030040,138 249 818,A01,1,1,1,1,1968,4,1,8,-1,-1,0,-1,201900030040,3,632,0,NULL,2,2,0,1,0,0,1,NULL,NULL,1,0,1,50
201900033354,4,10,2019,17:00:00,1,94,94046,2,1,1,6,"REPUBLIQUE (AV DE LA)","48,8076000","2,4471900",201900033354,138 243 530,A01,1,1,0,1,1,25,6,NULL,201900033354,138 243 530,A01,10,3,3,2,1976,3,8,0,-1,5,9,1,201900033354,3,148,0,NULL,2,2,0,1,1,0,1,NULL,NULL,1,0,1,50
201900033354,4,10,2019,17:00:00,1,94,94046,2,1,1,6,"REPUBLIQUE (AV DE LA)","48,8076000","2,4471900",201900033354,138 243 530,A01,1,1,0,1,1,25,6,NULL,201900033354,138 243 530,A01,1,1,1,1,1984,9,2,0,-1,-1,0,-1,201900033354,3,148,0,NULL,2,2,0,1,1,0,1,NULL,NULL,1,0,1,50
201900034095,11,4,2019,11:00:00,1,84,84030,1,1,1,7,D938,"44,1301780","5,1009730",201900034095,138 242 119,A01,2,1,0,0,0,1,5,NULL,201900034095,138 242 119,A01,1,1,3,1,1950,5,2,-1,-1,0,0,-1,201900034095,3,938,NULL,NULL,2,2,0,1,(1),(1),4,NULL,NULL,8,0,1,80
201900035335,18,1,2019,14:44:00,1,17,17300,2,3,1,3,"Boulevard Joffre","46,1560200"," -1,1430400",201900035335,138 239 698,A01,3,1,0,2,2,19,5,NULL,201900035335,138 239 698,A01,1,1,3,2,1950,5,8,0,-1,-1," -1",-1,201900035335,4,"Boulevard Joffre",0,NULL,2,2,0,1,0,0,1,NULL,NULL,1,0,1,50
201900035335,18,1,2019,14:44:00,1,17,17300,2,3,1,3,"Boulevard Joffre","46,1560200"," -1,1430400",201900035335,138 239 698,A01,3,1,0,2,2,19,5,NULL,201900035335,138 239 699,B01,1,1,4,1,1971,0,2,0,-1,-1," -1",-1,201900035335,4,"Boulevard Joffre",0,NULL,2,2,0,1,0,0,1,NULL,NULL,1,0,1,50
201900037067,2,10,2019,12:25:00,1,68,68224,2,2,1,3,"ROOSEVELT (BOULEVARD DU PRESIDENT)","47,7524700","7,3286300",201900037067,138 236 362,A01,1,1,0,2,7,1,5,NULL,201900037067,138 236 362,A01,1,1,4,1,1967,5,8,0,-1,-1,0,-1,201900037067,4,NULL,0,NULL,1,1,0,1,0,0,1,NULL,NULL,1,0,1,50
201900037472,25,2,2019,08:03:00,1,49,49007,2,1,1,3,LETANDUERE,"47,4606100"," -0,5547000",201900037472,138 235 569,A01,3,1,0,6,8,26,5,NULL,201900037472,138 235 568,B01,2,2,4,1,1967,1,2,8,-1,-1,0,-1,201900037472,4,LETANDUERE,0,NULL,-1,1,0,1,0,0,1,NULL,NULL,1,0,1,30
201900037472,25,2,2019,08:03:00,1,49,49007,2,1,1,3,LETANDUERE,"47,4606100"," -0,5547000",201900037472,138 235 568,B01,3,1,0,6,7,26,5,NULL,201900037472,138 235 568,B01,2,2,4,1,1967,1,2,8,-1,-1,0,-1,201900037472,4,LETANDUERE,0,NULL,-1,1,0,1,0,0,1,NULL,NULL,1,0,1,30
201900037472,25,2,2019,08:03:00,1,49,49007,2,1,1,3,LETANDUERE,"47,4606100"," -0,5547000",201900037472,138 235 569,A01,3,1,0,6,8,26,5,NULL,201900037472,138 235 569,A01,1,1,4,1,2000,1,2,0,-1,-1,0,-1,201900037472,4,LETANDUERE,0,NULL,-1,1,0,1,0,0,1,NULL,NULL,1,0,1,30
201900037472,25,2,2019,08:03:00,1,49,49007,2,1,1,3,LETANDUERE,"47,4606100"," -0,5547000",201900037472,138 235 568,B01,3,1,0,6,7,26,5,NULL,201900037472,138 235 569,A01,1,1,4,1,2000,1,2,0,-1,-1,0,-1,201900037472,4,LETANDUERE,0,NULL,-1,1,0,1,0,0,1,NULL,NULL,1,0,1,30
201900038607,28,10,2019,13:50:00,1,44,44184,2,6,2,3,"RTE DES FRÉCHETS / ALLEE DES LILAS","47,2640000"," -2,2436000",201900038607,138 233 525,A01,1,1,0,2,1,6,5,NULL,201900038607,138 233 525,A01,1,1,3,2,1953,5,8,0,-1,-1,0,-1,201900038607,4,NULL,0,NULL,2,2,0,1,0,1,1,NULL,NULL,2,5,1,50
201900038607,28,10,2019,13:50:00,1,44,44184,2,6,2,3,"RTE DES FRÉCHETS / ALLEE DES LILAS","47,2640000"," -2,2436000",201900038607,138 233 525,A01,1,1,0,2,1,6,5,NULL,201900038607,138 233 526,B01,1,1,4,2,1980,4,1,8,-1,-1,0,-1,201900038607,4,NULL,0,NULL,2,2,0,1,0,1,1,NULL,NULL,2,5,1,50
201900040783,1,10,2019,09:30:00,1,75,75112,2,1,2,6,"AVENUE DE SAINT MAURICE","48,8292648","2,4199601",201900040783,138 229 466,A01,1,1,0,1,1,1,5,NULL,201900040783,138 229 466,A01,10,3,4,2,1975,5,0,-1,-1,9,2,2,201900040783,4,"AVENUE DE SAINT MAURICE",0,NULL,2,2,0,1,0,0,1,NULL,NULL,2,6,1,1
201900040783,1,10,2019,09:30:00,1,75,75112,2,1,2,6,"AVENUE DE SAINT MAURICE","48,8292648","2,4199601",201900040783,138 229 466,A01,1,1,0,1,1,1,5,NULL,201900040783,138 229 466,A01,1,1,4,1,1964,1,2,8,-1,0,0,-1,201900040783,4,"AVENUE DE SAINT MAURICE",0,NULL,2,2,0,1,0,0,1,NULL,NULL,2,6,1,1
201900041341,6,4,2019,00:25:00,5,75,75110,2,5,1,6,"RUE LA FAYETTE","48,8826700","2,3698750",201900041341,138 228 462,A01,3,1,0,2,8,1,5,NULL,201900041341,138 228 462,A01,1,1,4,2,1992,0,8,0,-1,0,0,-1,201900041341,4,"RUE LA FAYETTE",0,NULL,2,2,0,1,0,0,1,NULL,NULL,1,0,1,50
201900041897,19,4,2019,14:30:00,1,94,94042,2,3,1,3,"PARIS (R DE)","48,8150000","2,4700000",201900041897,138 227 423,B01,1,1,0,2,8,1,5,NULL,201900041897,138 227 422,A01,1,1,1,1,1953,5,1,8,-1,-1,0,-1,201900041897,3,281,0,NULL,2,2,0,2,1,0,1,NULL,NULL,1,0,2,50
201900041897,19,4,2019,14:30:00,1,94,94042,2,3,1,3,"PARIS (R DE)","48,8150000","2,4700000",201900041897,138 227 423,B01,1,1,0,2,8,1,5,NULL,201900041897,138 227 423,B01,1,1,3,1,1953,5,8,8,-1,-1," -1",-1,201900041897,3,281,0,NULL,2,2,0,2,1,0,1,NULL,NULL,1,0,2,50
201900042344,5,11,2019,08:50:00,1,34,34172,2,1,1,3,"RAYMOND DUGRAND (AVENUE)","43,5936200","3,9059400",201900042344,138 226 511,B01,3,1,0,2,8,1,5,NULL,201900042344,138 226 511,B01,1,1,4,1,1972,1,2,0,-1,0,0,-1,201900042344,4,"avenue de la mer-Raymond Dugrand",0,NULL,3,4,1,1,(1),(1),1,NULL,NULL,1,0,1,50
201900045599,13,5,2019,13:40:00,1,92,92026,2,6,1,2,"VICTOR HUGO (PLACE","48,8920800","2,2537700",201900045599,138 220 354,B01,3,1,0,2,1,2,5,NULL,201900045599,138 220 353,A01,1,1,1,1,1993,0,1,0,-1,-1,0,-1,201900045599,4,"VICTOR HUGO (PLACE",0,NULL,2,2,0,1,0,0,1,NULL,NULL,1,0,1,50