Num_Acc,jour,mois,an,hrmn,lum,dep,com,agg,int,atm,col,adr,lat,long,Num_Acc,id_vehicule,num_veh,senc,catv,obs,obsm,choc,manv,motor,occutc,Num_Acc,id_vehicule,num_veh,place,catu,grav,sexe,an_nais,trajet,secu1,secu2,secu3,locp,actp,etatp,Num_Acc,catr,voie,v1,v2,circ,nbv,vosp,prof,pr,pr1,plan,lartpc,larrout,surf,infra,situ,vma
201900045599,13,5,2019,13:40:00,1,92,92026,2,6,1,2,"VICTOR HUGO (PLACE","48,8920800","2,2537700",201900045599,138 220 354,B01,3,1,0,2,1,2,5,NULL,201900045599,138 220 354,B01,1,1,4,1,2002,2,2,0,-1,-1,0,-1,201900045599,4,"VICTOR HUGO (PLACE",0,NULL,2,2,0,1,0,0,1,NULL,NULL,1,0,1,50
201900046215,4,11,2019,09:15:00,1,92,92073,2,1,1,6,"JAURES (AVENUE JEAN)","48,8621800","2,2114500",201900046215,138 219 160,A01,0,1,0,0,0,26,0,NULL,201900046215,138 219 160,A01,1,1,4,1,1984,0,8,0,-1,-1,0,-1,201900046215,3,39,0,NULL,-1,0,0,1,0,0,1,NULL,NULL,1,0,1,50
201900046257,7,1,2019,18:30:00,5,67,67482,2,3,8,3,"CERVANTES (AVENUE)","48,5943000","7,7000100",201900046257,138 219 057,A01,1,1,0,2,1,15,5,NULL,201900046257,138 219 057,A01,1,1,3,1,1977,1,8,0,-1,-1,0,-1,201900046257,4,"CERVANTES (AVENUE)",0,NULL,2,2,0,1,0,0,1,NULL,NULL,1,0,1,50
201900046257,7,1,2019,18:30:00,5,67,67482,2,3,8,3,"CERVANTES (AVENUE)","48,5943000","7,7000100",201900046257,138 219 057,A01,1,1,0,2,1,15,5,NULL,201900046257,138 219 058,B01,1,1,1,1,1979,0,1,8,-1,-1,0,-1,201900046257,4,"CERVANTES (AVENUE)",0,NULL,2,2,0,1,0,0,1,NULL,NULL,1,0,1,50
201900047094,15,7,2019,09:30:00,1,30,30133,1,1,1,2,"departemenatle 62 A","43,5529440","4,1434490",201900047094,138 217 467,B01,1,1,0,0,4,1,5,NULL,201900047094,138 217 467,B01,1,1,3,1,1953,5,0,-1,-1,0,0,-1,201900047094,3,62,NULL,A,3,4,0,1,1,900,1,NULL,NULL,1,0,1,90
201900047094,15,7,2019,09:30:00,1,30,30133,1,1,1,2,"departemenatle 62 A","43,5529440","4,1434490",201900047094,138 217 467,B01,1,1,0,0,4,1,5,NULL,201900047094,138 217 468,A01,1,1,1,1,1981,4,1,-1,-1,0,0,-1,201900047094,3,62,NULL,A,3,4,0,1,1,900,1,NULL,NULL,1,0,1,90
201900049782,29,10,2019,08:00:00,1,75,75108,2,7,2,3,"PLACE DE LA CONCORDE","48,8640686","2,3201196",201900049782,138 212 500,A01,3,1,0,2,8,1,5,NULL,201900049782,138 212 500,A01,1,1,4,1,1968,5,2,8,-1,0,0,-1,201900049782,4,"PLACE DE LA CONCORDE",0,NULL,2,6,0,1,0,0,1,NULL,NULL,2,8,1,50
201900049782,29,10,2019,08:00:00,1,75,75108,2,7,2,3,"PLACE DE LA CONCORDE","48,8640686","2,3201196",201900049782,138 212 500,A01,3,1,0,2,8,1,5,NULL,201900049782,138 212 501,B01,1,1,1,1,1985,5,1,0,-1,0,0,-1,201900049782,4,"PLACE DE LA CONCORDE",0,NULL,2,6,0,1,0,0,1,NULL,NULL,2,8,1,50
201900052155,18,8,2019,08:55:00,1,22,22106,2,9,1,1,"croix sanson (RUE DE LA)","48,4924230"," -2,7092230",201900052155,138 208 051,B01,3,1,0,2,3,21,0,NULL,201900052155,138 208 050,A01,1,1,1,1,1982,5,1,8,-1,0,0,-1,201900052155,4,"VILLE GLAME (RUE DE LA)",0,NULL,-1,2,0,1,0,0,1,NULL,NULL,1,0,1,50
201900052155,18,8,2019,08:55:00,1,22,22106,2,9,1,1,"croix sanson (RUE DE LA)","48,4924230"," -2,7092230",201900052155,138 208 051,B01,3,1,0,2,3,21,0,NULL,201900052155,138 208 051,B01,1,1,4,1,1967,3,2,8,-1,0,0,-1,201900052155,4,"VILLE GLAME (RUE DE LA)",0,NULL,-1,2,0,1,0,0,1,NULL,NULL,1,0,1,50
201900052402,29,3,2019,08:25:00,1,75,75119,2,1,1,6,"AVENUE SIMON BOLIVAR","48,8764590","2,3780370",201900052402,138 207 531,A01,1,1,11,1,1,13,5,NULL,201900052402,138 207 531,A01,10,3,1,1,2014,2,8,0,-1,4,3,2,201900052402,4,"AVENUE SIMON BOLIVAR",0,NULL,2,2,0,2,0,0,2,NULL,NULL,1,6,1,50
201900052402,29,3,2019,08:25:00,1,75,75119,2,1,1,6,"AVENUE SIMON BOLIVAR","48,8764590","2,3780370",201900052402,138 207 531,A01,1,1,11,1,1,13,5,NULL,201900052402,138 207 531,A01,1,1,1,2,1988,1,8,0,-1,0,0,-1,201900052402,4,"AVENUE SIMON BOLIVAR",0,NULL,2,2,0,2,0,0,2,NULL,NULL,1,6,1,50
201900052402,29,3,2019,08:25:00,1,75,75119,2,1,1,6,"AVENUE SIMON BOLIVAR","48,8764590","2,3780370",201900052402,138 207 531,A01,1,1,11,1,1,13,5,NULL,201900052402,138 207 531,A01,10,3,4,2,1971,2,8,0,-1,4,3,2,201900052402,4,"AVENUE SIMON BOLIVAR",0,NULL,2,2,0,2,0,0,2,NULL,NULL,1,6,1,50
201900052990,1,6,2019,19:30:00,1,14,14536,1,6,7,3,"ANGLAIS (ROND POINT DES)","49,4116200","0,2594500",201900052990,138 206 390,B01,2,1,0,2,3,1,0,NULL,201900052990,138 206 389,A01,2,2,1,1,1974,0,1,0,-1,0,0,-1,201900052990,3,580,0,NULL,1,2,0,1,3,0,2,NULL,NULL,1,0,1,70
201900052990,1,6,2019,19:30:00,1,14,14536,1,6,7,3,"ANGLAIS (ROND POINT DES)","49,4116200","0,2594500",201900052990,138 206 390,B01,2,1,0,2,3,1,0,NULL,201900052990,138 206 389,A01,1,1,1,2,1982,5,1,0,-1,0,0,-1,201900052990,3,580,0,NULL,1,2,0,1,3,0,2,NULL,NULL,1,0,1,70
201900052990,1,6,2019,19:30:00,1,14,14536,1,6,7,3,"ANGLAIS (ROND POINT DES)","49,4116200","0,2594500",201900052990,138 206 390,B01,2,1,0,2,3,1,0,NULL,201900052990,138 206 390,B01,1,1,4,1,1979,5,2,0,-1,0,0,-1,201900052990,3,580,0,NULL,1,2,0,1,3,0,2,NULL,NULL,1,0,1,70
201900053381,24,9,2019,20:35:00,5,75,75111,2,2,1,6,"RUE SAINT MAUR","48,8656390","2,3773600",201900053381,138 205 679,A01,1,1,0,2,1,2,5,NULL,201900053381,138 205 679,A01,1,1,4,1,1993,0,8,2,-1,0,0,-1,201900053381,4,"RUE SAINT MAUR",0,NULL,1,1,0,1,107,0,1,NULL,NULL,2,0,1,50
201900058342,25,10,2019,00:50:00,5,35,35238,2,1,8,6,"SERGENT MAGINOT (AVENUE)","48,1098000"," -1,6700000",201900058342,138 196 538,A01,1,1,1,0,0,14,6,NULL,201900058342,138 196 538,A01,1,1,4,2,1992,5,8,0,-1,-1,0,-1,201900058342,4,"SERGENT MAGINOT (AVENUE)",0,NULL,1,0,0,1,0,0,1,NULL,NULL,2,0,1,50
201900058778,30,11,2019,17:25:00,5,75,75112,2,2,1,3,"AVENUE LEDRU ROLLIN","48,8485984","2,3724860",201900058778,138 195 728,B01,2,1,0,2,1,15,5,NULL,201900058778,138 195 728,B01,1,1,4,1,1986,1,2,8,-1,0,0,-1,201900058778,4,"AVENUE LEDRU ROLLIN",0,NULL,3,2,0,1,0,0,1,NULL,NULL,1,0,1,50
201900058778,30,11,2019,17:25:00,5,75,75112,2,2,1,3,"AVENUE LEDRU ROLLIN","48,8485984","2,3724860",201900058778,138 195 728,B01,2,1,0,2,1,15,5,NULL,201900058778,138 195 729,A01,1,1,1,1,1980,5,1,0,-1,0,0,-1,201900058778,4,"AVENUE LEDRU ROLLIN",0,NULL,3,2,0,1,0,0,1,NULL,NULL,1,0,1,50
201900019507,28,6,2019,19:35:00,1,80,80021,2,2,1,3,"2, BD D'ALSACE LORRAINE ","49,8923300","2,3076700",201900019507,138 269 953,B01,0,1,0,2,1,1,5,NULL,201900019507,138 269 953,B01,1,1,4,1,2000,5,8,0,-1,0,0,-1,201900019507,4,"GLORIETTE (RUE)",0,NULL,2,2,0,1,0,0,1,NULL,NULL,1,0,1,50
201900019507,28,6,2019,19:35:00,1,80,80021,2,2,1,3,"2, BD D'ALSACE LORRAINE ","49,8923300","2,3076700",201900019507,138 269 953,B01,0,1,0,2,1,1,5,NULL,201900019507,138 269 954,A01,1,1,1,1,1958,5,1,0,-1,0,0,-1,201900019507,4,"GLORIETTE (RUE)",0,NULL,2,2,0,1,0,0,1,NULL,NULL,1,0,1,50
201900020472,26,12,2019,21:00:00,5,93,93008,2,4,2,3,"CAMIER (RUE RENE)","48,9095500","2,4520600",201900020472,138 268 125,B01,1,1,0,2,1,14,5,NULL,201900020472,138 268 125,B01,1,1,4,1,1972,0,8,0,-1,-1," -1",-1,201900020472,4,"CAMIER (RUE RENE)",0,NULL,1,2,0,1,0,0,1,NULL,NULL,2,0,3,50
201900021046,11,9,2019,19:05:00,1,62,62115,2,1,1,7,"14 Rue de Warlus","50,2683310","2,6692120",201900021046,138 267 074,A01,2,1,0,0,0,0,5,NULL,201900021046,138 267 074,A01,1,1,4,1,2004,5,0,-1,-1,0,0,-1,201900021046,3,62,NULL,NULL,2,2,0,2,10,975,1,NULL,NULL,1,0,1,50
201900021858,12,3,2019,17:12:00,1,36,36044,2,3,1,3,"60 RUE DE L'INDRE","46,8133266","1,6902323",201900021858,138 265 462,B01,0,1,0,2,1,19,5,NULL,201900021858,138 265 462,B01,1,1,3,1,2004,9,2,0,-1,-1,0,-1,201900021858,4,"53 RUE DE L'INDRE",0,NULL,1,1,0,1,0,0,1,NULL,NULL,1,0,1,50
201900021858,12,3,2019,17:12:00,1,36,36044,2,3,1,3,"60 RUE DE L'INDRE","46,8133266","1,6902323",201900021858,138 265 462,B01,0,1,0,2,1,19,5,NULL,201900021858,138 265 463,A01,1,1,1,1,1979,0,1,8,-1,-1,0,-1,201900021858,4,"53 RUE DE L'INDRE",0,NULL,1,1,0,1,0,0,1,NULL,NULL,1,0,1,50
201900024425,23,12,2019,16:05:00,1,94,94016,2,3,1,3,"MOULIN DE CACHAN (R DU)","48,7892495","2,3331891",201900024425,138 260 414,B01,1,1,0,2,0,0,5,NULL,201900024425,138 260 413,A01,1,1,1,1,1938,5,1,0,-1,-1," -1",-1,201900024425,4,"MOULIN DE CACHAN (R DU)",0,NULL,2,2,1,2,0,0,1,NULL,NULL,1,0,5,50
201900024425,23,12,2019,16:05:00,1,94,94016,2,3,1,3,"MOULIN DE CACHAN (R DU)","48,7892495","2,3331891",201900024425,138 260 414,B01,1,1,0,2,0,0,5,NULL,201900024425,138 260 414,B01,1,1,4,1,2005,5,8,0,-1,-1," -1",-1,201900024425,4,"MOULIN DE CACHAN (R DU)",0,NULL,2,2,1,2,0,0,1,NULL,NULL,1,0,5,50
201900025438,15,5,2019,22:00:00,5,66,66136,2,1,1,6,"BALEARES ROND POINT ET CITE DES","42,6886600","2,8947200",201900025438,138 258 475,B01,1,1,0,2,1,1,5,NULL,201900025438,138 258 475,B01,1,1,4,1,2003,5,2,0,-1,0,0,-1,201900025438,4,"BALEARES ROND POINT ET CITE DES",0,NULL,-1,1,0,1,0,0,1,NULL,NULL,1,0,1,50
201900025438,15,5,2019,22:00:00,5,66,66136,2,1,1,6,"BALEARES ROND POINT ET CITE DES","42,6886600","2,8947200",201900025438,138 258 475,B01,1,1,0,2,1,1,5,NULL,201900025438,138 258 476,A01,1,1,1,2,1998,0,1,8,-1,0,0,-1,201900025438,4,"BALEARES ROND POINT ET CITE DES",0,NULL,-1,1,0,1,0,0,1,NULL,NULL,1,0,1,50
201900027204,8,5,2019,11:25:00,1,59,59009,2,3,2,3,"OUEST BOULEVARD DE L","50,6369000","3,1220400",201900027204,138 255 136,B01,3,1,0,2,8,1,5,NULL,201900027204,138 255 136,B01,1,1,4,1,1962,0,2,4,-1,-1,0,-1,201900027204,4,"OUEST BOULEVARD DE L",0,NULL,1,3,1,1,0,0,1,NULL,NULL,2,0,1,50
201900027204,8,5,2019,11:25:00,1,59,59009,2,3,2,3,"OUEST BOULEVARD DE L","50,6369000","3,1220400",201900027204,138 255 136,B01,3,1,0,2,8,1,5,NULL,201900027204,138 255 137,A01,1,1,1,1,1900,-1,1,0,0,-1," -1",-1,201900027204,4,"OUEST BOULEVARD DE L",0,NULL,1,3,1,1,0,0,1,NULL,NULL,2,0,1,50
201900028528,12,4,2019,06:20:00,4,38,38185,2,3,1,3,"RUE HONORÉ DE BALZAC","45,1735500","5,7203900",201900028528,138 252 669,A01,3,1,0,2,7,15,5,NULL,201900028528,138 252 669,A01,2,1,4,1,1989,0,8,0,-1,-1," -1",-1,201900028528,4,"RUE HONORÉ DE BALZAC",0,NULL,2,2,0,1,0,0,1,NULL,NULL,1,0,1,50
201900029541,4,10,2019,20:25:00,4,31,31555,2,1,1,1,"RTE DE NARBONNE","43,5691400","1,4563100",201900029541,138 250 731,B01,1,1,0,2,0,19,5,NULL,201900029541,138 250 730,A01,1,1,1,1,1998,5,1,0,-1,-1," -1",-1,201900029541,3,113,0,NULL,2,3,3,1,0,0,1,NULL,NULL,1,0,1,50
201900029541,4,10,2019,20:25:00,4,31,31555,2,1,1,1,"RTE DE NARBONNE","43,5691400","1,4563100",201900029541,138 250 731,B01,1,1,0,2,0,19,5,NULL,201900029541,138 250 731,B01,1,1,4,1,1989,1,8,0,-1,-1," -1",-1,201900029541,3,113,0,NULL,2,3,3,1,0,0,1,NULL,NULL,1,0,1,50
201900032990,15,12,2019,15:17:00,1,30,30189,2,1,1,3,"ALLENDE SALVADOR (RUE)","43,8485053","4,3988358",201900032990,138 244 211,B01,2,1,0,2,6,12,5,NULL,201900032990,138 244 211,B01,1,1,4,1,1969,5,8,0,-1,-1," -1",-1,201900032990,4,"ALLENDE SALVADOR (RUE)",0,NULL,1,2,0,2,0,0,1,NULL,NULL,1,0,1,50
201900032990,15,12,2019,15:17:00,1,30,30189,2,1,1,3,"ALLENDE SALVADOR (RUE)","43,8485053","4,3988358",201900032990,138 244 211,B01,2,1,0,2,6,12,5,NULL,201900032990,138 244 213,A01,1,1,1,1,1942,3,8,0,-1,-1," -1",-1,201900032990,4,"ALLENDE SALVADOR (RUE)",0,NULL,1,2,0,2,0,0,1,NULL,NULL,1,0,1,50
201900033332,4,10,2019,12:15:00,1,75,75120,2,4,8,3,"RUE DE LA JUSTICE","48,8690599","2,4088319",201900033332,138 243 564,B01,1,1,0,2,3,1,5,NULL,201900033332,138 243 563,A01,1,1,1,1,1964,4,1,0,-1,0,0,-1,201900033332,4,"RUE DE LA JUSTICE",0,NULL,1,1,1,4,0,0,1,NULL,NULL,1,0,5,30
201900033332,4,10,2019,12:15:00,1,75,75120,2,4,8,3,"RUE DE LA JUSTICE","48,8690599","2,4088319",201900033332,138 243 564,B01,1,1,0,2,3,1,5,NULL,201900033332,138 243 564,B01,1,1,4,1,1996,1,8,2,-1,0,0,-1,201900033332,4,"RUE DE LA JUSTICE",0,NULL,1,1,1,4,0,0,1,NULL,NULL,1,0,5,30
201900038659,30,10,2019,19:40:00,5,17,17300,2,6,2,3,"MOULIN   AVENUE JEAN","46,1519200"," -1,1397800",201900038659,138 233 425,B01,3,1,0,2,7,0,5,NULL,201900038659,138 233 424,A01,2,2,1,2,1996,5,1,0,-1,-1," -1",-1,201900038659,4,"MOULIN   AVENUE JEAN",0,NULL,-1,0,0,1,0,0,1,NULL,NULL,2,5,1,50
201900038659,30,10,2019,19:40:00,5,17,17300,2,6,2,3,"MOULIN   AVENUE JEAN","46,1519200"," -1,1397800",201900038659,138 233 425,B01,3,1,0,2,7,0,5,NULL,201900038659,138 233 424,A01,1,1,1,1,1996,5,1,8,-1,-1," -1",-1,201900038659,4,"MOULIN   AVENUE JEAN",0,NULL,-1,0,0,1,0,0,1,NULL,NULL,2,5,1,50
201900038659,30,10,2019,19:40:00,5,17,17300,2,6,2,3,"MOULIN   AVENUE JEAN","46,1519200"," -1,1397800",201900038659,138 233 425,B01,3,1,0,2,7,0,5,NULL,201900038659,138 233 425,B01,1,1,3,1,1980,4,8,0,-1,-1," -1",-1,201900038659,4,"MOULIN   AVENUE JEAN",0,NULL,-1,0,0,1,0,0,1,NULL,NULL,2,5,1,50
201900039662,4,4,2019,12:00:00,1,75,75116,2,1,1,3,"ROUTE DE SEVRES A NEUILLY","48,8566030","2,2375100",201900039662,138 231 543,B01,1,1,0,2,8,1,5,NULL,201900039662,138 231 542,A01,1,1,4,1,1949,9,2,0,-1,0,0,-1,201900039662,4,"ROUTE DE SEVRES A NEUILLY",0,NULL,2,2,1,1,0,0,3,NULL,NULL,1,6,5,50
201900039662,4,4,2019,12:00:00,1,75,75116,2,1,1,3,"ROUTE DE SEVRES A NEUILLY","48,8566030","2,2375100",201900039662,138 231 542,A01,1,1,0,2,7,17,5,NULL,201900039662,138 231 542,A01,1,1,4,1,1949,9,2,0,-1,0,0,-1,201900039662,4,"ROUTE DE SEVRES A NEUILLY",0,NULL,2,2,1,1,0,0,3,NULL,NULL,1,6,5,50
201900039662,4,4,2019,12:00:00,1,75,75116,2,1,1,3,"ROUTE DE SEVRES A NEUILLY","48,8566030","2,2375100",201900039662,138 231 543,B01,1,1,0,2,8,1,5,NULL,201900039662,138 231 543,B01,1,1,4,2,1932,9,2,0,-1,0,0,-1,201900039662,4,"ROUTE DE SEVRES A NEUILLY",0,NULL,2,2,1,1,0,0,3,NULL,NULL,1,6,5,50
201900039662,4,4,2019,12:00:00,1,75,75116,2,1,1,3,"ROUTE DE SEVRES A NEUILLY","48,8566030","2,2375100",201900039662,138 231 542,A01,1,1,0,2,7,17,5,NULL,201900039662,138 231 543,B01,1,1,4,2,1932,9,2,0,-1,0,0,-1,201900039662,4,"ROUTE DE SEVRES A NEUILLY",0,NULL,2,2,1,1,0,0,3,NULL,NULL,1,6,5,50
201900041501,5,4,2019,09:45:00,1,50,50031,1,2,2,3,D650,"49,3786240"," -1,7422820",201900041501,138 228 160,A01,2,1,0,2,1,1,5,NULL,201900041501,138 228 160,A01,1,1,4,1,1988,5,2,6,-1,0,0,-1,201900041501,3,650,0,NULL,2,2,0,3,(1),(1),1,NULL,NULL,2,5,1,80
201900041501,5,4,2019,09:45:00,1,50,50031,1,2,2,3,D650,"49,3786240"," -1,7422820",201900041501,138 228 160,A01,2,1,0,2,1,1,5,NULL,201900041501,138 228 161,B01,1,1,1,1,1977,5,1,-1,-1,0,0,-1,201900041501,3,650,0,NULL,2,2,0,3,(1),(1),1,NULL,NULL,2,5,1,80
201900042998,28,8,2019,20:10:00,2,67,67414,2,6,1,3,D1420,"48,4578330","7,2082850",201900042998,138 225 280,B01,3,1,0,2,2,1,5,NULL,201900042998,138 225 280,B01,1,1,4,1,1970,5,2,-1,-1,0,0,-1,201900042998,3,1420,NULL,NULL,2,2,0,1,(1),(1),3,NULL,NULL,1,5,1,50
201900042998,28,8,2019,20:10:00,2,67,67414,2,6,1,3,D1420,"48,4578330","7,2082850",201900042998,138 225 280,B01,3,1,0,2,2,1,5,NULL,201900042998,138 225 281,A01,1,1,1,2,1997,5,1,-1,-1,0,0,-1,201900042998,3,1420,NULL,NULL,2,2,0,1,(1),(1),3,NULL,NULL,1,5,1,50
201900043167,7,4,2019,15:30:00,1,13,13051,1,1,1,2,D10,"43,5343110","5,1126460",201900043167,138 224 986,B01,1,1,0,2,4,1,0,NULL,201900043167,138 224 986,B01,1,1,2,1,1942,5,2,-1,-1,0,0,-1,201900043167,3,10,0,NULL,2,2,0,1,19,500,1,NULL,NULL,1,0,1,80
201900043167,7,4,2019,15:30:00,1,13,13051,1,1,1,2,D10,"43,5343110","5,1126460",201900043167,138 224 986,B01,1,1,0,2,4,1,0,NULL,201900043167,138 224 987,A01,1,1,1,2,1951,5,1,-1,-1,0,0,-1,201900043167,3,10,0,NULL,2,2,0,1,19,500,1,NULL,NULL,1,0,1,80
201900048424,20,8,2019,14:55:00,1,80,80021,2,1,1,3,"LUXEMBOURG (AVENUE DU)","49,8709400","2,2807800",201900048424,138 215 012,B01,0,1,0,2,1,19,5,NULL,201900048424,138 215 011,A01,1,1,1,2,1993,4,1,0,-1,0,0,-1,201900048424,4,"LUXEMBOURG (AVENUE DU)",0,NULL,2,4,0,3,0,0,1,NULL,NULL,1,0,1,50
201900048424,20,8,2019,14:55:00,1,80,80021,2,1,1,3,"LUXEMBOURG (AVENUE DU)","49,8709400","2,2807800",201900048424,138 215 012,B01,0,1,0,2,1,19,5,NULL,201900048424,138 215 012,B01,1,1,4,1,1997,1,8,0,-1,0,0,-1,201900048424,4,"LUXEMBOURG (AVENUE DU)",0,NULL,2,4,0,3,0,0,1,NULL,NULL,1,0,1,50
201900048707,2,4,2019,06:50:00,3,10,10263,1,1,2,2,D660,"48,2703750","3,7816670",201900048707,138 214 491,B01,2,1,0,0,4,1,0,NULL,201900048707,138 214 491,B01,1,1,2,1,1994,1,0,-1,-1,0,0,-1,201900048707,3,660,0,NULL,2,2,0,2,22,400,1,NULL,NULL,2,0,1,80
201900048707,2,4,2019,06:50:00,3,10,10263,1,1,2,2,D660,"48,2703750","3,7816670",201900048707,138 214 491,B01,2,1,0,0,4,1,0,NULL,201900048707,138 214 492,A01,1,1,1,1,1968,1,1,-1,-1,0,0,-1,201900048707,3,660,0,NULL,2,2,0,2,22,400,1,NULL,NULL,2,0,1,80
201900049214,30,11,2019,18:44:00,5,59,59350,2,3,8,3,"DUNKERQUE AVENUE DE","50,6451467","3,0123528",201900049214,138 213 558,B01,1,1,0,2,8,1,5,NULL,201900049214,138 213 558,B01,1,1,4,1,1998,0,8,0,-1,-1," -1",-1,201900049214,7,933,0,NULL,2,2,1,1,0,0,1,NULL,NULL,1,0,1,50
201900051546,26,10,2019,11:00:00,1,66,66136,2,1,1,6,"LAVOISIER (ANTOINE)","42,6625300","2,9071900",201900051546,138 209 204,A01,1,1,0,2,1,9,5,NULL,201900051546,138 209 204,A01,1,1,4,1,1965,5,8,0,-1,-1," -1",-1,201900051546,4,"LAVOISIER (ANTOINE)",0,NULL,2,1,1,1,0,0,1,NULL,NULL,1,0,1,50
201900051546,26,10,2019,11:00:00,1,66,66136,2,1,1,6,"LAVOISIER (ANTOINE)","42,6625300","2,9071900",201900051546,138 209 204,A01,1,1,0,2,1,9,5,NULL,201900051546,138 209 205,B01,1,1,1,2,1970,5,1,8,-1,-1," -1",-1,201900051546,4,"LAVOISIER (ANTOINE)",0,NULL,2,1,1,1,0,0,1,NULL,NULL,1,0,1,50
201900051666,28,10,2019,08:20:00,1,40,40175,1,3,1,3,"Route de Mont de Marsan","43,8344290"," -0,3669700",201900051666,138 208 980,B01,2,1,0,2,8,15,5,NULL,201900051666,138 208 979,A01,1,1,1,1,1942,5,1,-1,-1,0,0,-1,201900051666,3,30,NULL,NULL,2,2,0,1,12,100,1,NULL,NULL,1,5,1,70
201900051666,28,10,2019,08:20:00,1,40,40175,1,3,1,3,"Route de Mont de Marsan","43,8344290"," -0,3669700",201900051666,138 208 980,B01,2,1,0,2,8,15,5,NULL,201900051666,138 208 980,B01,1,1,3,1,1952,5,0,-1,-1,0,0,-1,201900051666,3,30,NULL,NULL,2,2,0,1,12,100,1,NULL,NULL,1,5,1,70
201900052383,29,3,2019,11:35:00,1,75,75105,2,1,1,3,"BOULEVARD DE L HOPITAL","48,8416200","2,3630250",201900052383,138 207 567,B01,2,1,0,2,1,7,5,NULL,201900052383,138 207 565,A01,2,2,1,1,1971,4,8,0,-1,0,0,-1,201900052383,4,"BOULEVARD DE L HOPITAL",0,NULL,2,2,3,1,0,0,1,NULL,NULL,1,0,6,50
201900052383,29,3,2019,11:35:00,1,75,75105,2,1,1,3,"BOULEVARD DE L HOPITAL","48,8416200","2,3630250",201900052383,138 207 567,B01,2,1,0,2,1,7,5,NULL,201900052383,138 207 565,A01,1,1,1,1,1991,4,8,0,-1,0,0,-1,201900052383,4,"BOULEVARD DE L HOPITAL",0,NULL,2,2,3,1,0,0,1,NULL,NULL,1,0,6,50
201900052383,29,3,2019,11:35:00,1,75,75105,2,1,1,3,"BOULEVARD DE L HOPITAL","48,8416200","2,3630250",201900052383,138 207 567,B01,2,1,0,2,1,7,5,NULL,201900052383,138 207 567,B01,1,1,3,1,1964,0,8,0,-1,0,0,-1,201900052383,4,"BOULEVARD DE L HOPITAL",0,NULL,2,2,3,1,0,0,1,NULL,NULL,1,0,6,50
201900054372,14,8,2019,19:45:00,1,63,63014,2,6,1,2,"COURNON (AVENUE DE)","45,7553700","3,1459800",201900054372,138 203 816,A01,1,1,0,2,1,2,5,NULL,201900054372,138 203 816,A01,1,1,4,1,1988,0,2,8,-1,0,0,-1,201900054372,7,212,0,NULL,1,2,0,1,(1),(1),1,NULL,NULL,1,0,1,50
201900054372,14,8,2019,19:45:00,1,63,63014,2,6,1,2,"COURNON (AVENUE DE)","45,7553700","3,1459800",201900054372,138 203 816,A01,1,1,0,2,1,2,5,NULL,201900054372,138 203 817,B01,1,1,1,1,1972,0,1,0,-1,-1," -1",-1,201900054372,7,212,0,NULL,1,2,0,1,(1),(1),1,NULL,NULL,1,0,1,50
201900054634,4,12,2019,20:40:00,5,75,75111,2,2,1,3,"RUE AMELOT","48,8559100","2,3691800",201900054634,138 203 360,B01,1,1,0,2,8,19,5,NULL,201900054634,138 203 360,B01,1,1,4,1,1972,0,8,2,-1,0,0,-1,201900054634,4,"RUE AMELOT",0,NULL,1,2,-1,1,0,0,1,NULL,NULL,1,0,1,30
201900054634,4,12,2019,20:40:00,5,75,75111,2,2,1,3,"RUE AMELOT","48,8559100","2,3691800",201900054634,138 203 360,B01,1,1,0,2,8,19,5,NULL,201900054634,138 203 361,A01,1,1,1,1,1989,0,1,0,-1,0,0,-1,201900054634,4,"RUE AMELOT",0,NULL,1,2,-1,1,0,0,1,NULL,NULL,1,0,1,30
201900055917,27,3,2019,18:45:00,3,974,97416,1,1,2,6,"RN2 direction St Benoit sortie petit BazardPETIT BAZAR"," -20,9443200","55,6493300",201900055917,138 200 954,B01,3,1,0,2,1,1,5,NULL,201900055917,138 200 953,A01,1,1,4,1,1985,9,8,0,-1,0,0,-1,201900055917,3,28,0,NULL,2,2,0,2,0,0,1,NULL,NULL,1,0,1,50
201900055917,27,3,2019,18:45:00,3,974,97416,1,1,2,6,"RN2 direction St Benoit sortie petit BazardPETIT BAZAR"," -20,9443200","55,6493300",201900055917,138 200 954,B01,3,1,0,2,1,1,5,NULL,201900055917,138 200 954,B01,1,1,3,1,1985,0,0,-1,-1,0,0,-1,201900055917,3,28,0,NULL,2,2,0,2,0,0,1,NULL,NULL,1,0,1,50
201900056394,2,12,2019,18:00:00,5,75,75111,2,2,1,3,"BOULEVARD RICHARD LENOIR","48,8640320","2,3707510",201900056394,138 200 102,B01,1,1,0,2,3,1,5,NULL,201900056394,138 200 102,B01,1,1,4,1,1984,0,8,2,-1,0,0,-1,201900056394,4,"BOULEVARD RICHARD LENOIR",0,NULL,1,3,1,1,101,0,1,NULL,NULL,1,0,5,50
201900056394,2,12,2019,18:00:00,5,75,75111,2,2,1,3,"BOULEVARD RICHARD LENOIR","48,8640320","2,3707510",201900056394,138 200 102,B01,1,1,0,2,3,1,5,NULL,201900056394,138 200 103,A01,1,1,1,1,1980,5,1,0,-1,0,0,-1,201900056394,4,"BOULEVARD RICHARD LENOIR",0,NULL,1,3,1,1,101,0,1,NULL,NULL,1,0,5,50