Num_Acc,jour,mois,an,hrmn,lum,dep,com,agg,int,atm,col,adr,lat,long,Num_Acc,id_vehicule,num_veh,senc,catv,obs,obsm,choc,manv,motor,occutc,Num_Acc,id_vehicule,num_veh,place,catu,grav,sexe,an_nais,trajet,secu1,secu2,secu3,locp,actp,etatp,Num_Acc,catr,voie,v1,v2,circ,nbv,vosp,prof,pr,pr1,plan,lartpc,larrout,surf,infra,situ,vma
201900056486,17,2,2019,01:15:00,3,37,37003,1,1,1,3,"D751- D31","47,4141291","0,9936025",201900056486,138 199 924,B01,2,1,0,2,3,1,5,NULL,201900056486,138 199 924,B01,1,1,4,1,1989,9,8,0,-1,-1,0,-1,201900056486,4,"MICHELET (RUE)",0,NULL,1,1,1,1,0,0,1,NULL,NULL,1,0,1,50
201900057085,10,7,2019,16:25:00,1,34,34172,2,1,1,7,"PETIT BARD (AVENUE DU)","43,6161900","3,8360500",201900057085,138 198 811,A01,2,1,0,1,1,1,5,NULL,201900057085,138 198 811,A01,10,3,4,1,2014,5,8,0,-1,2,4,2,201900057085,4,"PETIT BARD (AVENUE DU)",0,NULL,2,2,0,1,(1),(1),1,NULL,NULL,1,0,1,50
201900057085,10,7,2019,16:25:00,1,34,34172,2,1,1,7,"PETIT BARD (AVENUE DU)","43,6161900","3,8360500",201900057085,138 198 811,A01,2,1,0,1,1,1,5,NULL,201900057085,138 198 811,A01,1,1,1,1,1986,5,8,0,-1,0,0,-1,201900057085,4,"PETIT BARD (AVENUE DU)",0,NULL,2,2,0,1,(1),(1),1,NULL,NULL,1,0,1,50
201900057163,9,7,2019,18:20:00,1,75,75104,2,4,1,6,"VOIE GEORGES POMPIDOU","48,8536230","2,3562980",201900057163,138 198 677,A01,1,1,0,1,1,1,5,NULL,201900057163,138 198 677,A01,1,1,1,1,1992,5,2,0,-1,0,0,-1,201900057163,4,"VOIE GEORGES POMPIDOU",0,NULL,-1,1,0,1,0,0,1,NULL,NULL,1,0,1,10
201900057163,9,7,2019,18:20:00,1,75,75104,2,4,1,6,"VOIE GEORGES POMPIDOU","48,8536230","2,3562980",201900057163,138 198 677,A01,1,1,0,1,1,1,5,NULL,201900057163,138 198 677,A01,10,3,4,1,1937,5,8,0,-1,3,1,2,201900057163,4,"VOIE GEORGES POMPIDOU",0,NULL,-1,1,0,1,0,0,1,NULL,NULL,1,0,1,10
201900008872,4,8,2019,15:20:00,1,22,22113,2,1,1,1,"POMPIDOU (RUE GEORGES)","48,7333300"," -3,4659700",201900008872,138 289 915,B01,2,1,8,2,1,5,5,NULL,201900008872,138 289 914,A01,1,1,1,1,1969,5,1,0,-1,0,0,-1,201900008872,4,"POMPIDOU (RUE GEORGES)",0,NULL,1,2,0,2,1,0,2,NULL,NULL,1,0,1,30
201900008872,4,8,2019,15:20:00,1,22,22113,2,1,1,1,"POMPIDOU (RUE GEORGES)","48,7333300"," -3,4659700",201900008872,138 289 915,B01,2,1,8,2,1,5,5,NULL,201900008872,138 289 915,B01,1,1,4,1,1989,5,8,0,-1,0,0,-1,201900008872,4,"POMPIDOU (RUE GEORGES)",0,NULL,1,2,0,2,1,0,2,NULL,NULL,1,0,1,30
201900010853,6,7,2019,06:20:00,2,75,75116,2,1,1,3,"BOULEVARD D AUTEUIL","48,8454470","2,2540390",201900010853,138 286 313,A01,2,1,0,2,3,14,5,NULL,201900010853,138 286 312,B01,1,1,1,2,1969,1,1,0,-1,0,0,-1,201900010853,4,"BOULEVARD D AUTEUIL",0,NULL,1,2,0,1,0,0,1,NULL,NULL,1,0,1,50
201900010853,6,7,2019,06:20:00,2,75,75116,2,1,1,3,"BOULEVARD D AUTEUIL","48,8454470","2,2540390",201900010853,138 286 313,A01,2,1,0,2,3,14,5,NULL,201900010853,138 286 313,A01,1,1,4,1,1979,1,2,0,-1,0,0,-1,201900010853,4,"BOULEVARD D AUTEUIL",0,NULL,1,2,0,1,0,0,1,NULL,NULL,1,0,1,50
201900011357,18,12,2019,21:05:00,5,93,93064,2,1,1,2,"PERI (BOULEVARD GABRIEL) 39 / 44 - FIN","48,8779300","2,4741400",201900011357,138 285 404,B01,1,1,0,2,0,15,5,NULL,201900011357,138 285 404,B01,1,1,4,2,1985,9,2,6,-1,-1," -1",-1,201900011357,3,902,0,NULL,2,2,0,4,0,1,4,NULL,NULL,1,0,1,50
201900011357,18,12,2019,21:05:00,5,93,93064,2,1,1,2,"PERI (BOULEVARD GABRIEL) 39 / 44 - FIN","48,8779300","2,4741400",201900011357,138 285 404,B01,1,1,0,2,0,15,5,NULL,201900011357,138 285 405,A01,1,1,1,2,1992,5,1,0,-1,0,0,-1,201900011357,3,902,0,NULL,2,2,0,4,0,1,4,NULL,NULL,1,0,1,50
201900014739,20,11,2019,17:55:00,3,88,88250,1,1,5,2,"Route de Cheniménil","48,1196580","6,5749690",201900014739,138 278 900,B01,3,1,0,0,4,2,5,NULL,201900014739,138 278 900,B01,1,1,3,1,1970,0,9,-1,-1,0,0,-1,201900014739,3,159,2,D,2,2,0,1,(1),(1),1,NULL,NULL,1,0,1,70
201900014739,20,11,2019,17:55:00,3,88,88250,1,1,5,2,"Route de Cheniménil","48,1196580","6,5749690",201900014739,138 278 900,B01,3,1,0,0,4,2,5,NULL,201900014739,138 278 901,A01,1,1,1,1,1985,4,1,-1,-1,0,0,-1,201900014739,3,159,2,D,2,2,0,1,(1),(1),1,NULL,NULL,1,0,1,70
201900016142,4,7,2019,08:30:00,1,83,83032,1,1,1,1,NULL,"43,4709010","6,2007590",201900016142,138 276 371,B01,2,1,0,2,1,1,5,NULL,201900016142,138 276 370,A01,1,1,1,2,1977,2,1,-1,-1,0,0,-1,201900016142,3,13,0,NULL,2,2,0,1,34,50,3,NULL,NULL,1,0,1,80
201900016142,4,7,2019,08:30:00,1,83,83032,1,1,1,1,NULL,"43,4709010","6,2007590",201900016142,138 276 371,B01,2,1,0,2,1,1,5,NULL,201900016142,138 276 371,B01,1,1,3,1,1951,5,2,-1,-1,0,0,-1,201900016142,3,13,0,NULL,2,2,0,1,34,50,3,NULL,NULL,1,0,1,80
201900016232,2,7,2019,08:45:00,1,61,61006,2,3,1,3,"PARIS (AVENUE DE) N° 13","48,7489440"," -0,0119120",201900016232,138 276 187,B01,1,1,0,2,1,1,5,NULL,201900016232,138 276 187,B01,1,1,4,1,1995,1,2,8,-1,0,0,-1,201900016232,3,926,0,NULL,2,4,2,1,62,950,1,NULL,NULL,1,0,5,50
201900016232,2,7,2019,08:45:00,1,61,61006,2,3,1,3,"PARIS (AVENUE DE) N° 13","48,7489440"," -0,0119120",201900016232,138 276 187,B01,1,1,0,2,1,1,5,NULL,201900016232,138 276 188,A01,1,1,1,2,1947,5,1,8,-1,0,0,-1,201900016232,3,926,0,NULL,2,4,2,1,62,950,1,NULL,NULL,1,0,5,50
201900016879,14,3,2019,18:30:00,5,69,69152,2,1,2,6,"HENRI BARBUSSE                      (R )","45,6974400","4,8212500",201900016879,138 274 901,B01,2,1,0,6,1,26,5,NULL,201900016879,138 274 900,A01,1,1,1,2,1964,1,8,8,-1,0,0,-1,201900016879,4,"HENRI BARBUSSE                      (R )",0,NULL,-1,2,0,1,0,0,1,NULL,NULL,2,0,1,50
201900016879,14,3,2019,18:30:00,5,69,69152,2,1,2,6,"HENRI BARBUSSE                      (R )","45,6974400","4,8212500",201900016879,138 274 901,B01,2,1,0,6,1,26,5,NULL,201900016879,138 274 900,A01,2,2,1,2,1996,1,8,8,-1,0,0,-1,201900016879,4,"HENRI BARBUSSE                      (R )",0,NULL,-1,2,0,1,0,0,1,NULL,NULL,2,0,1,50
201900016879,14,3,2019,18:30:00,5,69,69152,2,1,2,6,"HENRI BARBUSSE                      (R )","45,6974400","4,8212500",201900016879,138 274 901,B01,2,1,0,6,1,26,5,NULL,201900016879,138 274 901,B01,1,1,4,1,1991,1,8,8,-1,0,0,-1,201900016879,4,"HENRI BARBUSSE                      (R )",0,NULL,-1,2,0,1,0,0,1,NULL,NULL,2,0,1,50
201900017125,12,9,2019,09:30:00,1,94,94017,2,3,8,3,"STALINGRAD (BD DE)","48,8244750","2,4960240",201900017125,138 274 397,B01,3,1,0,0,8,19,0,NULL,201900017125,138 274 397,B01,1,1,3,1,1936,3,2,0,-1,-1," -1",-1,201900017125,3,145,0,NULL,2,3,0,1,0,0,1,NULL,NULL,1,0,1,50
201900017125,12,9,2019,09:30:00,1,94,94017,2,3,8,3,"STALINGRAD (BD DE)","48,8244750","2,4960240",201900017125,138 274 397,B01,3,1,0,0,8,19,0,NULL,201900017125,138 274 398,A01,1,1,1,2,1999,4,1,6,-1,-1," -1",-1,201900017125,3,145,0,NULL,2,3,0,1,0,0,1,NULL,NULL,1,0,1,50
201900019060,4,9,2019,08:35:00,1,38,38381,1,4,1,3,"route de lyon","45,5550100","5,4818630",201900019060,138 270 835,B01,2,1,0,2,1,1,5,NULL,201900019060,138 270 835,B01,1,1,3,1,1975,1,2,-1,-1,0,0,-1,201900019060,3,1006,NULL,NULL,2,2,0,3,34,600,1,NULL,NULL,1,0,1,80
201900019060,4,9,2019,08:35:00,1,38,38381,1,4,1,3,"route de lyon","45,5550100","5,4818630",201900019060,138 270 835,B01,2,1,0,2,1,1,5,NULL,201900019060,138 270 836,A01,1,1,1,1,1988,5,1,-1,-1,0,0,-1,201900019060,3,1006,NULL,NULL,2,2,0,3,34,600,1,NULL,NULL,1,0,1,80
201900019082,9,9,2019,07:50:00,1,45,45298,2,1,1,4,"PONT DE L'EUROPE","47,8933233","1,8762337",201900019082,138 270 784,C01,0,1,0,2,0,19,5,NULL,201900019082,138 270 782,A01,1,1,1,1,1994,1,1,0,-1,0,0,-1,201900019082,4,"PONT DE L'EUROPE",0,NULL,2,4,2,1,(1),(1),1,NULL,NULL,1,5,1,50
201900019082,9,9,2019,07:50:00,1,45,45298,2,1,1,4,"PONT DE L'EUROPE","47,8933233","1,8762337",201900019082,138 270 784,C01,0,1,0,2,0,19,5,NULL,201900019082,138 270 783,B01,1,1,1,2,2000,1,1,0,-1,0,0,-1,201900019082,4,"PONT DE L'EUROPE",0,NULL,2,4,2,1,(1),(1),1,NULL,NULL,1,5,1,50
201900019082,9,9,2019,07:50:00,1,45,45298,2,1,1,4,"PONT DE L'EUROPE","47,8933233","1,8762337",201900019082,138 270 784,C01,0,1,0,2,0,19,5,NULL,201900019082,138 270 784,C01,1,1,4,1,1966,1,8,0,-1,0,0,-1,201900019082,4,"PONT DE L'EUROPE",0,NULL,2,4,2,1,(1),(1),1,NULL,NULL,1,5,1,50
201900019199,13,10,2019,18:05:00,1,75,75119,2,1,1,1,"RUE MANIN","48,8809430","2,3801500",201900019199,138 270 541,B01,2,1,0,2,9,15,5,NULL,201900019199,138 270 541,B01,1,1,4,1,1976,0,2,8,-1,0,0,-1,201900019199,4,"RUE MANIN",0,NULL,2,2,0,1,0,0,1,NULL,NULL,1,0,1,50
201900019199,13,10,2019,18:05:00,1,75,75119,2,1,1,1,"RUE MANIN","48,8809430","2,3801500",201900019199,138 270 541,B01,2,1,0,2,9,15,5,NULL,201900019199,138 270 542,A01,1,1,1,1,1996,0,1,0,-1,0,0,-1,201900019199,4,"RUE MANIN",0,NULL,2,2,0,1,0,0,1,NULL,NULL,1,0,1,50
201900020986,10,9,2019,08:59:00,1,29,29019,2,3,1,3,"BEREST EUGENE","48,3951900"," -4,4340100",201900020986,138 267 188,B01,3,1,0,2,8,1,5,NULL,201900020986,138 267 188,B01,1,1,4,1,1955,5,2,8,-1,-1,0,-1,201900020986,4,"BEREST EUGENE",0,NULL,2,2,0,1,0,0,2,NULL,NULL,1,0,3,30
201900020986,10,9,2019,08:59:00,1,29,29019,2,3,1,3,"BEREST EUGENE","48,3951900"," -4,4340100",201900020986,138 267 188,B01,3,1,0,2,8,1,5,NULL,201900020986,138 267 189,A01,1,1,1,1,1969,4,1,0,-1,0,0,-1,201900020986,4,"BEREST EUGENE",0,NULL,2,2,0,1,0,0,2,NULL,NULL,1,0,3,30
201900021475,5,6,2019,00:40:00,5,69,69383,2,2,1,3,"MARIUS VIVIER MERLE                 (BD)","45,7570300","4,8587400",201900021475,138 266 223,B01,1,1,0,2,7,19,0,NULL,201900021475,138 266 223,B01,1,1,4,1,1996,0,8,0,-1,-1,0,-1,201900021475,4,"MARIUS VIVIER MERLE                 (BD)",0,NULL,2,4,3,1,1,0,1,NULL,NULL,1,5,1,50
201900021475,5,6,2019,00:40:00,5,69,69383,2,2,1,3,"MARIUS VIVIER MERLE                 (BD)","45,7570300","4,8587400",201900021475,138 266 223,B01,1,1,0,2,7,19,0,NULL,201900021475,138 266 224,A01,1,1,1,1,1955,4,1,0,-1,-1,0,-1,201900021475,4,"MARIUS VIVIER MERLE                 (BD)",0,NULL,2,4,3,1,1,0,1,NULL,NULL,1,5,1,50
201900022942,17,4,2019,17:25:00,1,18,18242,2,1,1,6,"Rue Paulin Pecqueux","46,8275950","2,9175860",201900022942,138 263 434,A01,2,1,1,0,0,1,5,NULL,201900022942,138 263 434,A01,1,1,3,2,1955,0,0,-1,-1,0,0,-1,201900022942,3,951,0,NULL,2,2,0,1,66,500,1,NULL,NULL,1,0,1,50
201900025147,30,7,2019,18:20:00,1,75,75106,2,1,1,2,"RUE DE SEVRES","48,8511078","2,3262762",201900025147,138 259 039,B01,1,1,0,2,4,2,5,NULL,201900025147,138 259 038,A01,1,1,1,1,1979,5,1,0,-1,0,0,-1,201900025147,4,"RUE DE SEVRES",0,NULL,2,2,0,1,0,0,1,NULL,NULL,1,0,1,50
201900025147,30,7,2019,18:20:00,1,75,75106,2,1,1,2,"RUE DE SEVRES","48,8511078","2,3262762",201900025147,138 259 039,B01,1,1,0,2,4,2,5,NULL,201900025147,138 259 039,B01,1,1,4,2,1986,5,2,0,-1,0,0,-1,201900025147,4,"RUE DE SEVRES",0,NULL,2,2,0,1,0,0,1,NULL,NULL,1,0,1,50
201900026421,6,9,2019,17:20:00,1,75,75104,2,2,1,6,"QUAI DE L HOTEL DE VILLE","48,8543710","2,3549358",201900026421,138 256 569,Z01,0,1,0,2,5,19,5,NULL,201900026421,138 256 568,A01,1,1,4,1,1972,1,2,6,0,0,0,-1,201900026421,4,"QUAI DE L HOTEL DE VILLE",0,NULL,2,4,0,1,0,0,1,NULL,NULL,1,5,1,50
201900026498,30,6,2019,10:50:00,1,1,01021,1,1,1,3,D904,"45,9976780","4,8323010",201900026498,138 256 425,A01,1,1,0,0,8,1,5,NULL,201900026498,138 256 424,B01,1,1,1,1,1977,4,1,-1,-1,0,0,-1,201900026498,3,904,NULL,NULL,2,2,0,4,6,850,1,NULL,NULL,1,0,1,80
201900026498,30,6,2019,10:50:00,1,1,01021,1,1,1,3,D904,"45,9976780","4,8323010",201900026498,138 256 425,A01,1,1,0,0,8,1,5,NULL,201900026498,138 256 425,A01,1,1,4,1,1969,5,2,6,-1,0,0,-1,201900026498,3,904,NULL,NULL,2,2,0,4,6,850,1,NULL,NULL,1,0,1,80
201900029141,5,5,2019,17:10:00,1,38,38185,2,1,1,3,"RUE DE KAUNAS","45,1733200","5,7421000",201900029141,138 251 540,A01,3,1,0,0,8,19,5,NULL,201900029141,138 251 540,A01,1,1,4,1,2010,5,8,0,-1,0,0,-1,201900029141,4,"RUE DE KAUNAS",0,NULL,-1,2,0,1,0,0,1,NULL,NULL,1,0,1,50
201900029141,5,5,2019,17:10:00,1,38,38185,2,1,1,3,"RUE DE KAUNAS","45,1733200","5,7421000",201900029141,138 251 540,A01,3,1,0,0,8,19,5,NULL,201900029141,138 251 541,B01,1,1,1,1,1999,0,1,0,-1,-1," -1",-1,201900029141,4,"RUE DE KAUNAS",0,NULL,-1,2,0,1,0,0,1,NULL,NULL,1,0,1,50
201900030302,11,4,2019,18:00:00,1,94,94028,2,1,1,3,"BROSSOLETTE(AVENUE PIERRE)","48,7891900","2,4655700",201900030302,138 249 302,B01,3,1,0,2,1,1,5,NULL,201900030302,138 249 301,A01,1,1,1,1,1992,5,8,0,-1,-1," -1",-1,201900030302,3,19,0,NULL,2,0,1,1,0,0,1,NULL,NULL,1,9,1,50
201900030302,11,4,2019,18:00:00,1,94,94028,2,1,1,3,"BROSSOLETTE(AVENUE PIERRE)","48,7891900","2,4655700",201900030302,138 249 302,B01,3,1,0,2,1,1,5,NULL,201900030302,138 249 302,B01,1,1,4,2,1995,1,8,0,-1,-1," -1",-1,201900030302,3,19,0,NULL,2,0,1,1,0,0,1,NULL,NULL,1,9,1,50
201900030412,14,4,2019,10:30:00,1,1,01432,1,1,1,1,Darisole,"46,3377380","5,3373840",201900030412,138 249 120,B01,1,1,0,2,3,15,5,NULL,201900030412,138 249 120,B01,1,1,3,1,1944,5,2,-1,-1,0,0,-1,201900030412,3,52,0,C,2,2,0,1,2,480,1,NULL,NULL,1,0,1,80
201900030412,14,4,2019,10:30:00,1,1,01432,1,1,1,1,Darisole,"46,3377380","5,3373840",201900030412,138 249 120,B01,1,1,0,2,3,15,5,NULL,201900030412,138 249 121,A01,1,1,1,1,1963,5,1,-1,-1,0,0,-1,201900030412,3,52,0,C,2,2,0,1,2,480,1,NULL,NULL,1,0,1,80
201900033839,2,9,2019,18:35:00,1,15,15014,2,4,1,1,"REPUBLIQUE (AVENUE DE LA)","44,9231290","2,4362600",201900033839,138 242 603,B01,2,1,0,2,3,1,5,NULL,201900033839,138 242 602,A01,1,1,1,1,1947,5,1,0,-1,-1," -1",-1,201900033839,4,"REPUBLIQUE (AVENUE DE LA)",0,NULL,2,3,0,2,0,0,2,NULL,NULL,1,0,1,50
201900033839,2,9,2019,18:35:00,1,15,15014,2,4,1,1,"REPUBLIQUE (AVENUE DE LA)","44,9231290","2,4362600",201900033839,138 242 603,B01,2,1,0,2,3,1,5,NULL,201900033839,138 242 603,B01,1,1,4,1,1988,5,2,8,-1,-1," -1",-1,201900033839,4,"REPUBLIQUE (AVENUE DE LA)",0,NULL,2,3,0,2,0,0,2,NULL,NULL,1,0,1,50
201900035127,20,6,2019,10:35:00,1,69,69387,2,9,1,6,"GABRIEL PERI                        (PL)","45,7550600","4,8428100",201900035127,138 240 107,A01,0,1,0,0,0,25,5,NULL,201900035127,138 240 107,A01,10,3,4,2,1933,5,8,0,-1,5,2,1,201900035127,9,"GABRIEL PERI                        (PL)",0,NULL,-1,0,0,1,0,0,1,NULL,NULL,1,6,1,5
201900035127,20,6,2019,10:35:00,1,69,69387,2,9,1,6,"GABRIEL PERI                        (PL)","45,7550600","4,8428100",201900035127,138 240 107,A01,0,1,0,0,0,25,5,NULL,201900035127,138 240 107,A01,1,1,1,1,1969,0,8,0,-1,0,0,-1,201900035127,9,"GABRIEL PERI                        (PL)",0,NULL,-1,0,0,1,0,0,1,NULL,NULL,1,6,1,5
201900035881,8,4,2019,16:30:00,1,94,94046,2,1,1,1,"GENERAL DE GAULLE (AV DU)","48,8070000","2,4263700",201900035881,138 238 623,A01,3,1,0,6,1,0,0,NULL,201900035881,138 238 623,A01,1,1,4,1,1968,1,2,0,-1,-1," -1",-1,201900035881,3,6,0,NULL,2,2,1,1,0,0,1,NULL,NULL,1,9,1,25
201900035881,8,4,2019,16:30:00,1,94,94046,2,1,1,1,"GENERAL DE GAULLE (AV DU)","48,8070000","2,4263700",201900035881,138 238 623,A01,3,1,0,6,1,0,0,NULL,201900035881,138 238 624,B01,1,1,1,2,1979,0,1,0,-1,-1," -1",-1,201900035881,3,6,0,NULL,2,2,1,1,0,0,1,NULL,NULL,1,9,1,25
201900038905,1,10,2019,07:25:00,1,30,30189,2,2,1,3,"PUCCINI (RUE)","43,8238000","4,3388000",201900038905,138 232 952,A01,2,1,0,2,2,16,5,NULL,201900038905,138 232 951,B01,1,1,1,2,1993,1,1,0,-1,-1," -1",-1,201900038905,4,"PUCCINI (RUE)",0,NULL,2,2,0,1,0,0,1,NULL,NULL,1,0,1,50
201900038905,1,10,2019,07:25:00,1,30,30189,2,2,1,3,"PUCCINI (RUE)","43,8238000","4,3388000",201900038905,138 232 952,A01,2,1,0,2,2,16,5,NULL,201900038905,138 232 952,A01,1,1,4,1,1976,0,8,0,-1,-1," -1",-1,201900038905,4,"PUCCINI (RUE)",0,NULL,2,2,0,1,0,0,1,NULL,NULL,1,0,1,50
201900041789,10,12,2019,08:45:00,1,86,86194,2,3,1,3,"PAIX (AVENUE DE LA)","46,5893569","0,3341117",201900041789,138 227 623,A01,1,1,0,2,1,15,5,NULL,201900041789,138 227 622,B01,1,1,1,2,1954,5,1,0,-1,-1," -1",-1,201900041789,4,"PAIX (AVENUE DE LA)",0,NULL,2,2,0,1,0,0,1,NULL,NULL,1,0,1,50
201900041789,10,12,2019,08:45:00,1,86,86194,2,3,1,3,"PAIX (AVENUE DE LA)","46,5893569","0,3341117",201900041789,138 227 623,A01,1,1,0,2,1,15,5,NULL,201900041789,138 227 623,A01,1,1,4,2,2009,2,2,0,-1,-1," -1",-1,201900041789,4,"PAIX (AVENUE DE LA)",0,NULL,2,2,0,1,0,0,1,NULL,NULL,1,0,1,50
201900042650,30,9,2019,13:45:00,1,94,94068,2,1,1,6,"CRETEIL (BD DE)","48,7980773","2,4874002",201900042650,138 225 962,B01,2,1,1,0,1,1,5,NULL,201900042650,138 225 962,B01,1,1,4,1,1952,5,8,0,-1,-1," -1",-1,201900042650,3,118,0,NULL,-1,2,0,1,0,0,1,NULL,NULL,1,0,1,50
201900042650,30,9,2019,13:45:00,1,94,94068,2,1,1,6,"CRETEIL (BD DE)","48,7980773","2,4874002",201900042650,138 225 962,B01,2,1,1,0,1,1,5,NULL,201900042650,138 225 963,A01,1,1,1,2,1963,0,8,0,-1,-1," -1",-1,201900042650,3,118,0,NULL,-1,2,0,1,0,0,1,NULL,NULL,1,0,1,50
201900045174,17,7,2019,08:03:00,1,91,91692,1,6,1,3,CD35,"48,6755600","2,1923400",201900045174,138 221 149,B01,3,1,0,2,5,1,0,NULL,201900045174,138 221 148,A01,1,1,1,2,1980,1,1,0,-1,0,0,-1,201900045174,3,35,0,NULL,1,2,0,1,0,0,2,NULL,NULL,1,3,3,50
201900045174,17,7,2019,08:03:00,1,91,91692,1,6,1,3,CD35,"48,6755600","2,1923400",201900045174,138 221 149,B01,3,1,0,2,5,1,0,NULL,201900045174,138 221 149,B01,1,1,4,1,1964,5,2,0,-1,0,0,-1,201900045174,3,35,0,NULL,1,2,0,1,0,0,2,NULL,NULL,1,3,3,50
201900045640,15,5,2019,20:10:00,2,92,92012,2,1,1,3,"VICTOR GRIFFUELHES (RUE) - COTE IMPAIR","48,8306900","2,2422000",201900045640,138 220 283,A01,2,1,0,2,8,19,6,NULL,201900045640,138 220 283,A01,1,1,4,1,2005,5,8,4,-1,-1,0,-1,201900045640,4,"VICTOR GRIFFUELHES (RUE) - COTE IMPAIR",0,NULL,2,2,0,2,1,0,2,NULL,NULL,2,0,1,50
201900045640,15,5,2019,20:10:00,2,92,92012,2,1,1,3,"VICTOR GRIFFUELHES (RUE) - COTE IMPAIR","48,8306900","2,2422000",201900045640,138 220 283,A01,2,1,0,2,8,19,6,NULL,201900045640,138 220 284,B01,1,1,1,2,1978,9,1,4,-1,-1,0,-1,201900045640,4,"VICTOR GRIFFUELHES (RUE) - COTE IMPAIR",0,NULL,2,2,0,2,1,0,2,NULL,NULL,2,0,1,50
201900046340,9,1,2019,20:10:00,5,34,34172,2,1,1,3,"VALLOIS (RUE PROFESSEUR LEON)","43,6144200","3,8838000",201900046340,138 218 899,A01,1,1,0,2,2,19,6,NULL,201900046340,138 218 899,A01,1,1,1,1,1991,5,8,0,-1,-1," -1",-1,201900046340,4,"VALLOIS (RUE PROFESSEUR LEON)",0,NULL,1,1,0,1,(1),(1),1,NULL,NULL,1,2,1,50
201900046340,9,1,2019,20:10:00,5,34,34172,2,1,1,3,"VALLOIS (RUE PROFESSEUR LEON)","43,6144200","3,8838000",201900046340,138 218 899,A01,1,1,0,2,2,19,6,NULL,201900046340,138 218 900,B01,1,1,4,1,1975,5,2,6,-1,-1," -1",-1,201900046340,4,"VALLOIS (RUE PROFESSEUR LEON)",0,NULL,1,1,0,1,(1),(1),1,NULL,NULL,1,2,1,50
201900056203,19,6,2019,08:55:00,1,91,91657,2,1,1,2,"PIERRE MARIN (RUE)","48,6993900","2,4170800",201900056203,138 200 450,B01,1,1,0,2,1,1,6,NULL,201900056203,138 200 449,A01,1,1,1,2,1975,0,1,8,-1,0,0,-1,201900056203,4,"PIERRE MARIN (RUE)",0,NULL,1,2,0,2,0,0,1,NULL,NULL,1,0,1,50
201900056203,19,6,2019,08:55:00,1,91,91657,2,1,1,2,"PIERRE MARIN (RUE)","48,6993900","2,4170800",201900056203,138 200 450,B01,1,1,0,2,1,1,6,NULL,201900056203,138 200 450,B01,1,1,4,2,1959,0,2,8,-1,0,0,-1,201900056203,4,"PIERRE MARIN (RUE)",0,NULL,1,2,0,2,0,0,1,NULL,NULL,1,0,1,50
201900009170,29,6,2019,08:30:00,1,56,56260,2,4,1,3,"GUILLAUDOT (BD DU GAL MAURICE)","47,6670500"," -2,7448200",201900009170,138 289 340,B01,2,1,0,2,1,1,5,NULL,201900009170,138 289 340,B01,1,1,4,1,1962,1,2,8,-1,0,0,-1,201900009170,4,"GUILLAUDOT (BD DU GAL MAURICE)",0,NULL,2,2,0,2,(1),(1),1,NULL,NULL,1,0,1,50
201900009170,29,6,2019,08:30:00,1,56,56260,2,4,1,3,"GUILLAUDOT (BD DU GAL MAURICE)","47,6670500"," -2,7448200",201900009170,138 289 340,B01,2,1,0,2,1,1,5,NULL,201900009170,138 289 341,A01,1,1,1,1,1996,5,1,0,-1,0,0,-1,201900009170,4,"GUILLAUDOT (BD DU GAL MAURICE)",0,NULL,2,2,0,2,(1),(1),1,NULL,NULL,1,0,1,50
201900010503,9,6,2019,18:45:00,1,55,55169,2,3,1,3,"rue basse","49,5262500","5,4593090",201900010503,138 286 935,B01,3,1,0,2,0,0,6,NULL,201900010503,138 286 935,B01,1,1,3,1,2009,5,0,-1,-1,0,0,-1,201900010503,4,NULL,NULL,NULL,1,1,0,2,(1),(1),1,NULL,NULL,1,0,1,30
201900010503,9,6,2019,18:45:00,1,55,55169,2,3,1,3,"rue basse","49,5262500","5,4593090",201900010503,138 286 935,B01,3,1,0,2,0,0,6,NULL,201900010503,138 286 937,A01,1,1,1,1,1991,5,1,-1,-1,0,0,-1,201900010503,4,NULL,NULL,NULL,1,1,0,2,(1),(1),1,NULL,NULL,1,0,1,30
201900016022,7,8,2019,09:25:00,1,84,84009,1,6,1,2,"D 946","43,7852190","5,6259150",201900016022,138 276 588,B01,0,1,0,2,4,1,5,NULL,201900016022,138 276 588,B01,1,1,3,1,1948,5,2,-1,-1,0,0,-1,201900016022,3,956,NULL,NULL,2,2,1,1,(1),(1),2,NULL,NULL,1,0,1,80
201900016022,7,8,2019,09:25:00,1,84,84009,1,6,1,2,"D 946","43,7852190","5,6259150",201900016022,138 276 588,B01,0,1,0,2,4,1,5,NULL,201900016022,138 276 589,A01,1,1,1,1,1992,4,1,-1,-1,0,0,-1,201900016022,3,956,NULL,NULL,2,2,1,1,(1),(1),2,NULL,NULL,1,0,1,80
201900017508,29,4,2019,18:30:00,1,40,40312,2,1,1,5,"Boulevard Jacques Duclos","43,5370330"," -1,4609060",201900017508,138 273 678,B01,3,1,0,2,7,19,5,NULL,201900017508,138 273 677,C01,1,1,1,1,2014,5,2,-1,-1,0,0,-1,201900017508,3,810,0,D,2,2,0,2,115,600,1,NULL,NULL,1,8,1,30
201900017508,29,4,2019,18:30:00,1,40,40312,2,1,1,5,"Boulevard Jacques Duclos","43,5370330"," -1,4609060",201900017508,138 273 677,C01,3,1,0,2,7,19,5,NULL,201900017508,138 273 677,C01,1,1,1,1,2014,5,2,-1,-1,0,0,-1,201900017508,3,810,0,D,2,2,0,2,115,600,1,NULL,NULL,1,8,1,30