Num_Acc,jour,mois,an,hrmn,lum,dep,com,agg,int,atm,col,adr,lat,long,Num_Acc,id_vehicule,num_veh,senc,catv,obs,obsm,choc,manv,motor,occutc,Num_Acc,id_vehicule,num_veh,place,catu,grav,sexe,an_nais,trajet,secu1,secu2,secu3,locp,actp,etatp,Num_Acc,catr,voie,v1,v2,circ,nbv,vosp,prof,pr,pr1,plan,lartpc,larrout,surf,infra,situ,vma
201900017508,29,4,2019,18:30:00,1,40,40312,2,1,1,5,"Boulevard Jacques Duclos","43,5370330"," -1,4609060",201900017508,138 273 678,B01,3,1,0,2,7,19,5,NULL,201900017508,138 273 678,B01,1,1,4,1,1988,5,0,-1,-1,0,0,-1,201900017508,3,810,0,D,2,2,0,2,115,600,1,NULL,NULL,1,8,1,30
201900017508,29,4,2019,18:30:00,1,40,40312,2,1,1,5,"Boulevard Jacques Duclos","43,5370330"," -1,4609060",201900017508,138 273 677,C01,3,1,0,2,7,19,5,NULL,201900017508,138 273 678,B01,1,1,4,1,1988,5,0,-1,-1,0,0,-1,201900017508,3,810,0,D,2,2,0,2,115,600,1,NULL,NULL,1,8,1,30
201900017508,29,4,2019,18:30:00,1,40,40312,2,1,1,5,"Boulevard Jacques Duclos","43,5370330"," -1,4609060",201900017508,138 273 678,B01,3,1,0,2,7,19,5,NULL,201900017508,138 273 679,A01,1,1,1,1,1945,5,1,-1,-1,0,0,-1,201900017508,3,810,0,D,2,2,0,2,115,600,1,NULL,NULL,1,8,1,30
201900017508,29,4,2019,18:30:00,1,40,40312,2,1,1,5,"Boulevard Jacques Duclos","43,5370330"," -1,4609060",201900017508,138 273 677,C01,3,1,0,2,7,19,5,NULL,201900017508,138 273 679,A01,1,1,1,1,1945,5,1,-1,-1,0,0,-1,201900017508,3,810,0,D,2,2,0,2,115,600,1,NULL,NULL,1,8,1,30
201900019747,1,8,2019,18:15:00,1,75,75112,2,1,1,3,"RUE DE PICPUS","48,8461110","2,3946230",201900019747,138 269 499,B01,1,1,0,2,1,1,5,NULL,201900019747,138 269 498,A01,1,1,1,1,1964,1,1,0,-1,0,0,-1,201900019747,4,"RUE DE PICPUS",0,NULL,2,2,0,1,0,0,1,NULL,NULL,1,0,1,50
201900019747,1,8,2019,18:15:00,1,75,75112,2,1,1,3,"RUE DE PICPUS","48,8461110","2,3946230",201900019747,138 269 499,B01,1,1,0,2,1,1,5,NULL,201900019747,138 269 499,B01,1,1,4,2,1992,1,2,0,-1,0,0,-1,201900019747,4,"RUE DE PICPUS",0,NULL,2,2,0,1,0,0,1,NULL,NULL,1,0,1,50
201900023483,6,3,2019,13:05:00,1,76,76561,2,1,1,1,"VILLERS. AVENUE LOUIS","49,3082100","1,0385700",201900023483,138 262 287,B01,3,1,0,2,8,0,5,NULL,201900023483,138 262 287,B01,1,1,3,1,1989,0,8,0,-1,-1,0,-1,201900023483,4,"Avenue Louuis Villers",0,NULL,2,2,0,1,0,0,1,NULL,NULL,1,0,1,50
201900023483,6,3,2019,13:05:00,1,76,76561,2,1,1,1,"VILLERS. AVENUE LOUIS","49,3082100","1,0385700",201900023483,138 262 287,B01,3,1,0,2,8,0,5,NULL,201900023483,138 262 288,A01,1,1,1,2,1935,0,1,0,-1,-1,0,-1,201900023483,4,"Avenue Louuis Villers",0,NULL,2,2,0,1,0,0,1,NULL,NULL,1,0,1,50
201900023731,8,3,2019,13:29:00,1,54,54395,2,1,1,6,"LEBRUN (RUE ALBERT)","48,6853380","6,1902600",201900023731,138 261 782,B01,1,1,0,2,0,1,5,NULL,201900023731,138 261 782,B01,1,1,4,1,1995,0,2,0,-1,-1,0,-1,201900023731,4,"LEBRUN (RUE ALBERT)",0,NULL,-1,2,0,1,0,0,1,NULL,NULL,1,0,1,50
201900023731,8,3,2019,13:29:00,1,54,54395,2,1,1,6,"LEBRUN (RUE ALBERT)","48,6853380","6,1902600",201900023731,138 261 782,B01,1,1,0,2,0,1,5,NULL,201900023731,138 261 783,A01,1,1,1,1,1951,0,1,0,-1,-1,0,-1,201900023731,4,"LEBRUN (RUE ALBERT)",0,NULL,-1,2,0,1,0,0,1,NULL,NULL,1,0,1,50
201900024671,12,4,2019,17:45:00,1,29,29190,2,2,1,3,"Rue du Lannou","48,3444490"," -4,7187130",201900024671,138 259 940,A01,3,1,0,0,8,15,5,NULL,201900024671,138 259 940,A01,1,1,4,2,2003,5,0,-1,-1,0,0,-1,201900024671,4,"Rue du Lannou",NULL,NULL,2,2,0,1,(1),(1),1,NULL,NULL,1,0,1,30
201900025541,25,5,2019,11:45:00,1,59,59152,2,1,1,3,"WERWICQ (RUE DE)","50,7680281","3,0345578",201900025541,138 258 277,B01,1,1,0,2,8,1,5,NULL,201900025541,138 258 277,B01,1,1,4,1,2004,5,2,0,-1,-1,0,-1,201900025541,4,"WERWICQ (RUE DE)",0,NULL,2,1,0,1,0,0,1,NULL,NULL,1,0,1,50
201900027850,7,10,2019,10:00:00,1,69,69386,2,9,1,7,"LAFAYETTE                           (CO)","45,7637500","4,8617100",201900027850,138 253 948,A01,3,1,0,0,0,26,6,NULL,201900027850,138 253 948,A01,1,1,4,1,1967,9,2,6,-1,-1," -1",-1,201900027850,9,"LAFAYETTE                           (CO)",0,NULL,2,2,3,1,1,0,3,NULL,NULL,1,9,6,50
201900028411,26,6,2019,12:00:00,1,69,69383,2,1,1,6,"BONNEL (DE)                         (R )","45,7618000","4,8482100",201900028411,138 252 914,A01,1,1,0,2,1,25,0,NULL,201900028411,138 252 914,A01,10,3,1,1,1936,0,9,9,9,5,2,2,201900028411,4,"BONNEL (DE)                         (R )",0,NULL,1,3,0,1,1,0,1,NULL,NULL,1,0,1,50
201900028411,26,6,2019,12:00:00,1,69,69383,2,1,1,6,"BONNEL (DE)                         (R )","45,7618000","4,8482100",201900028411,138 252 914,A01,1,1,0,2,1,25,0,NULL,201900028411,138 252 914,A01,1,1,1,1,1999,0,8,0,-1,0,0,-1,201900028411,4,"BONNEL (DE)                         (R )",0,NULL,1,3,0,1,1,0,1,NULL,NULL,1,0,1,50
201900028411,26,6,2019,12:00:00,1,69,69383,2,1,1,6,"BONNEL (DE)                         (R )","45,7618000","4,8482100",201900028411,138 252 914,A01,1,1,0,2,1,25,0,NULL,201900028411,138 252 914,A01,10,3,4,2,1943,5,8,0,-1,5,2,2,201900028411,4,"BONNEL (DE)                         (R )",0,NULL,1,3,0,1,1,0,1,NULL,NULL,1,0,1,50
201900028506,12,4,2019,14:10:00,1,59,59599,2,1,1,2,"LORIDANT (RUE HENRI)","50,6970440","3,1472180",201900028506,138 252 717,B01,0,1,0,2,1,1,5,NULL,201900028506,138 252 717,B01,1,1,3,2,1962,5,8,0,-1,-1,0,-1,201900028506,4,"LORIDANT (RUE HENRI)",0,NULL,1,1,0,1,0,0,1,NULL,NULL,1,0,1,50
201900028506,12,4,2019,14:10:00,1,59,59599,2,1,1,2,"LORIDANT (RUE HENRI)","50,6970440","3,1472180",201900028506,138 252 717,B01,0,1,0,2,1,1,5,NULL,201900028506,138 252 718,A01,1,1,1,1,1986,4,1,8,-1,-1,0,-1,201900028506,4,"LORIDANT (RUE HENRI)",0,NULL,1,1,0,1,0,0,1,NULL,NULL,1,0,1,50
201900033883,2,9,2019,13:30:00,1,62,62271,2,1,1,4,"11 Rue d'Upen","50,6368300","2,1889370",201900033883,138 242 520,C01,2,1,0,2,4,1,5,NULL,201900033883,138 242 520,C01,1,1,3,1,2002,5,0,-1,-1,0,0,-1,201900033883,3,190,0,D,2,2,0,1,(1),(1),2,NULL,NULL,1,0,1,50
201900033883,2,9,2019,13:30:00,1,62,62271,2,1,1,4,"11 Rue d'Upen","50,6368300","2,1889370",201900033883,138 242 520,C01,2,1,0,2,4,1,5,NULL,201900033883,138 242 521,B01,1,1,4,2,1971,5,1,-1,-1,0,0,-1,201900033883,3,190,0,D,2,2,0,1,(1),(1),2,NULL,NULL,1,0,1,50
201900033883,2,9,2019,13:30:00,1,62,62271,2,1,1,4,"11 Rue d'Upen","50,6368300","2,1889370",201900033883,138 242 520,C01,2,1,0,2,4,1,5,NULL,201900033883,138 242 522,A01,1,1,4,2,1982,2,1,-1,-1,0,0,-1,201900033883,3,190,0,D,2,2,0,1,(1),(1),2,NULL,NULL,1,0,1,50
201900035581,1,9,2019,19:00:00,1,62,62094,1,1,1,3,"route départementale 901","50,4628771","1,7750913",201900035581,138 239 211,B01,2,1,0,2,8,0,0,NULL,201900035581,138 239 211,B01,1,1,3,1,1978,0,0,-1,-1,0,0,-1,201900035581,3,901,0,D,2,2,0,1,13,500,1,NULL,NULL,1,0,1,80
201900035581,1,9,2019,19:00:00,1,62,62094,1,1,1,3,"route départementale 901","50,4628771","1,7750913",201900035581,138 239 211,B01,2,1,0,2,8,0,0,NULL,201900035581,138 239 212,A01,1,1,1,1,1993,5,1,-1,-1,0,0,-1,201900035581,3,901,0,D,2,2,0,1,13,500,1,NULL,NULL,1,0,1,80
201900035581,1,9,2019,19:00:00,1,62,62094,1,1,1,3,"route départementale 901","50,4628771","1,7750913",201900035581,138 239 211,B01,2,1,0,2,8,0,0,NULL,201900035581,138 239 212,A01,2,2,1,1,1994,5,1,-1,-1,0,0,-1,201900035581,3,901,0,D,2,2,0,1,13,500,1,NULL,NULL,1,0,1,80
201900035643,24,8,2019,14:15:00,1,92,92025,2,1,1,3,"PONT DE LA PUCE (PONT)","48,9135260","2,2531590",201900035643,138 239 084,B01,1,1,0,2,4,0,5,NULL,201900035643,138 239 084,B01,1,1,4,1,2000,0,2,0,-1,-1,0,-1,201900035643,4,"PONT DE LA PUCE (PONT)",0,NULL,2,0,0,1,0,0,1,NULL,NULL,1,2,1,50
201900035643,24,8,2019,14:15:00,1,92,92025,2,1,1,3,"PONT DE LA PUCE (PONT)","48,9135260","2,2531590",201900035643,138 239 084,B01,1,1,0,2,4,0,5,NULL,201900035643,138 239 085,A01,1,1,1,1,1996,0,1,0,-1,-1,0,-1,201900035643,4,"PONT DE LA PUCE (PONT)",0,NULL,2,0,0,1,0,0,1,NULL,NULL,1,2,1,50
201900036150,17,7,2019,13:45:00,1,67,67482,2,1,1,1,"VITRY-LE-FRANCOIS (AVE DE)","48,5690420","7,7914000",201900036150,138 238 153,B01,2,1,0,2,0,0,5,NULL,201900036150,138 238 153,B01,1,1,4,1,1974,0,2,0,-1,-1," -1",-1,201900036150,4,"VITRY-LE-FRANCOIS (AVENUE DE)",0,NULL,2,2,0,1,0,0,2,NULL,NULL,1,0,1,50
201900036150,17,7,2019,13:45:00,1,67,67482,2,1,1,1,"VITRY-LE-FRANCOIS (AVE DE)","48,5690420","7,7914000",201900036150,138 238 153,B01,2,1,0,2,0,0,5,NULL,201900036150,138 238 154,A01,1,1,1,1,1985,0,1,8,-1,-1," -1",-1,201900036150,4,"VITRY-LE-FRANCOIS (AVENUE DE)",0,NULL,2,2,0,1,0,0,2,NULL,NULL,1,0,1,50
201900036865,12,6,2019,17:30:00,1,33,33063,2,3,1,2,"PCE DE STALINGRAD","44,8405580"," -0,5590690",201900036865,138 236 755,A01,0,1,0,2,1,1,5,NULL,201900036865,138 236 754,B01,1,1,3,2,1970,0,8,0,-1,0,0,-1,201900036865,4,"PCE DE STALINGRAD",0,NULL,1,3,0,2,0,0,1,NULL,NULL,1,0,1,30
201900036865,12,6,2019,17:30:00,1,33,33063,2,3,1,2,"PCE DE STALINGRAD","44,8405580"," -0,5590690",201900036865,138 236 755,A01,0,1,0,2,1,1,5,NULL,201900036865,138 236 755,A01,1,1,1,1,2002,5,8,0,-1,0,0,-1,201900036865,4,"PCE DE STALINGRAD",0,NULL,1,3,0,2,0,0,1,NULL,NULL,1,0,1,30
201900038907,1,10,2019,07:35:00,5,29,29019,2,1,2,3,"ECOLE NAVALE  (DE 1 A 103 ET 2 A 82)","48,3772900"," -4,5266100",201900038907,138 232 948,B01,2,1,0,2,7,1,5,NULL,201900038907,138 232 947,A01,1,1,1,2,1978,2,1,0,-1,0,0,-1,201900038907,4,"ECOLE NAVALE  (DE 1 A 103 ET 2 A 82)",0,NULL,2,2,0,2,0,0,1,NULL,NULL,2,0,1,50
201900038907,1,10,2019,07:35:00,5,29,29019,2,1,2,3,"ECOLE NAVALE  (DE 1 A 103 ET 2 A 82)","48,3772900"," -4,5266100",201900038907,138 232 948,B01,2,1,0,2,7,1,5,NULL,201900038907,138 232 948,B01,1,1,4,1,1985,1,2,0,-1,0,0,-1,201900038907,4,"ECOLE NAVALE  (DE 1 A 103 ET 2 A 82)",0,NULL,2,2,0,2,0,0,1,NULL,NULL,2,0,1,50
201900040092,13,5,2019,15:59:00,1,75,75110,2,2,1,6,"RUE LA FAYETTE","48,8772090","2,3489930",201900040092,138 230 731,Z01,1,1,0,1,1,5,5,NULL,201900040092,138 230 731,Z01,10,3,4,2,1969,5,8,0,-1,4,3,1,201900040092,4,"RUE LA FAYETTE",0,NULL,1,3,3,2,0,0,1,NULL,NULL,1,0,6,50
201900040102,19,5,2019,19:58:00,2,75,75109,2,1,2,6,"RUE DU FAUBOURG MONTMARTRE","48,8721650","2,3431960",201900040102,138 230 714,A01,1,1,0,2,1,7,5,NULL,201900040102,138 230 714,A01,1,1,4,1,1982,4,2,0,-1,0,0,-1,201900040102,4,"RUE DU FAUBOURG MONTMARTRE",0,NULL,1,2,3,2,0,0,2,NULL,NULL,2,0,1,50
201900041571,19,7,2019,16:00:00,1,75,75119,2,1,1,3,"RUE GASTON TESSIER","48,8963370","2,3757800",201900041571,138 228 029,B01,2,1,0,2,3,9,5,NULL,201900041571,138 228 028,A01,1,1,1,2,1982,1,1,0,-1,0,0,-1,201900041571,4,"RUE GASTON TESSIER",0,NULL,2,2,0,1,0,0,2,NULL,NULL,1,0,1,50
201900041571,19,7,2019,16:00:00,1,75,75119,2,1,1,3,"RUE GASTON TESSIER","48,8963370","2,3757800",201900041571,138 228 029,B01,2,1,0,2,3,9,5,NULL,201900041571,138 228 029,B01,1,1,4,1,2003,5,8,0,-1,0,0,-1,201900041571,4,"RUE GASTON TESSIER",0,NULL,2,2,0,1,0,0,2,NULL,NULL,1,0,1,50
201900043625,28,11,2019,16:00:00,1,51,51454,2,2,1,1,"RUE DES MOULINS","49,2455800","4,0358800",201900043625,138 224 149,A01,0,1,0,2,3,19,5,NULL,201900043625,138 224 149,A01,1,1,4,1,1997,4,8,0,-1,-1,0,-1,201900043625,4,"RUE DES MOULINS",0,NULL,2,0,0,2,(1),(1),1,NULL,NULL,1,0,1,50
201900043625,28,11,2019,16:00:00,1,51,51454,2,2,1,1,"RUE DES MOULINS","49,2455800","4,0358800",201900043625,138 224 149,A01,0,1,0,2,3,19,5,NULL,201900043625,138 224 150,B01,1,1,1,1,1989,0,1,0,-1,-1,0,-1,201900043625,4,"RUE DES MOULINS",0,NULL,2,0,0,2,(1),(1),1,NULL,NULL,1,0,1,50
201900043625,28,11,2019,16:00:00,1,51,51454,2,2,1,1,"RUE DES MOULINS","49,2455800","4,0358800",201900043625,138 224 149,A01,0,1,0,2,3,19,5,NULL,201900043625,138 224 150,B01,2,2,1,2,1987,0,1,0,-1,-1,0,-1,201900043625,4,"RUE DES MOULINS",0,NULL,2,0,0,2,(1),(1),1,NULL,NULL,1,0,1,50
201900043811,27,5,2019,12:35:00,1,93,93057,2,9,1,7,"MONTYON (AL.) 1 A 74","48,9130370","2,5063150",201900043811,138 223 803,Y01,0,1,12,2,0,1,5,NULL,201900043811,138 223 803,Y01,10,3,4,1,1995,9,0,-1,-1,0,1,1,201900043811,3,78,0,NULL,-1,1,0,1,0,0,1,NULL,NULL,1,0,1,50
201900049227,5,12,2019,11:50:00,1,45,45234,2,3,1,3,"R ALBERT 1ER - R M PROUST","47,9083400","1,9068300",201900049227,138 213 539,B01,3,1,0,2,2,19,5,NULL,201900049227,138 213 539,B01,1,1,4,2,1970,0,8,0,-1,0,0,-1,201900049227,4,"RUE ALBERT 1ER",0,NULL,4,4,0,1,(1),(1),1,NULL,NULL,1,0,1,50
201900049227,5,12,2019,11:50:00,1,45,45234,2,3,1,3,"R ALBERT 1ER - R M PROUST","47,9083400","1,9068300",201900049227,138 213 539,B01,3,1,0,2,2,19,5,NULL,201900049227,138 213 540,A01,1,1,1,2,1988,1,1,8,-1,0,0,-1,201900049227,4,"RUE ALBERT 1ER",0,NULL,4,4,0,1,(1),(1),1,NULL,NULL,1,0,1,50
201900051947,24,9,2019,06:45:00,2,69,69386,2,1,1,6,"VIABERT (DE LA)                     (R )","45,7663500","4,8667700",201900051947,138 208 456,B01,2,1,1,0,1,1,0,NULL,201900051947,138 208 456,B01,1,1,4,1,1986,0,8,0,-1,-1,0,-1,201900051947,4,"VIABERT (DE LA)                     (R )",0,NULL,1,1,0,1,1,0,1,NULL,NULL,1,0,1,50
201900051947,24,9,2019,06:45:00,2,69,69386,2,1,1,6,"VIABERT (DE LA)                     (R )","45,7663500","4,8667700",201900051947,138 208 456,B01,2,1,1,0,1,1,0,NULL,201900051947,138 208 457,A01,1,1,1,1,1969,1,8,0,-1,-1," -1",-1,201900051947,4,"VIABERT (DE LA)                     (R )",0,NULL,1,1,0,1,1,0,1,NULL,NULL,1,0,1,50
201900055138,24,1,2019,17:55:00,5,33,33063,2,1,1,3,"112 BD MARECHAL LECLERC - Ligne 9 ou retour dépot autobus à soufflet KEOLIS ","44,8284500"," -0,5939000",201900055138,138 202 377,A01,2,1,0,2,8,1,5,NULL,201900055138,138 202 377,A01,1,1,3,2,1979,1,2,0,-1,-1," -1",-1,201900055138,4,"BD MARECHAL LECLERC",0,NULL,3,6,2,2,0,0,1,NULL,NULL,1,0,5,50
201900056329,15,2,2019,17:55:00,2,67,67482,1,1,1,6,"LA FONTAINE (BOULEVARD)","48,5907200","7,7022700",201900056329,138 200 214,A01,1,1,0,1,1,1,5,NULL,201900056329,138 200 214,A01,1,1,1,1,1962,3,8,0,-1,-1,0,-1,201900056329,4,"LA FONTAINE (BOULEVARD)",0,NULL,1,1,0,1,0,0,3,NULL,NULL,1,0,1,50
201900056329,15,2,2019,17:55:00,2,67,67482,1,1,1,6,"LA FONTAINE (BOULEVARD)","48,5907200","7,7022700",201900056329,138 200 214,A01,1,1,0,1,1,1,5,NULL,201900056329,138 200 214,A01,10,3,4,2,1941,0,8,0,-1,3,3,1,201900056329,4,"LA FONTAINE (BOULEVARD)",0,NULL,1,1,0,1,0,0,3,NULL,NULL,1,0,1,50
201900056769,13,6,2019,00:30:00,5,75,75115,2,7,1,3,"RUE DE LA CROIX NIVERT","48,8477960","2,3014130",201900056769,138 199 404,B01,2,1,0,2,1,18,0,NULL,201900056769,138 199 403,A01,2,2,1,2,1998,5,1,0,-1,0,0,-1,201900056769,4,"RUE DE LA CROIX NIVERT",0,NULL,2,3,0,1,0,0,1,NULL,NULL,1,0,1,50
201900056769,13,6,2019,00:30:00,5,75,75115,2,7,1,3,"RUE DE LA CROIX NIVERT","48,8477960","2,3014130",201900056769,138 199 404,B01,2,1,0,2,1,18,0,NULL,201900056769,138 199 403,A01,1,1,1,2,2000,5,1,0,-1,0,0,-1,201900056769,4,"RUE DE LA CROIX NIVERT",0,NULL,2,3,0,1,0,0,1,NULL,NULL,1,0,1,50
201900056769,13,6,2019,00:30:00,5,75,75115,2,7,1,3,"RUE DE LA CROIX NIVERT","48,8477960","2,3014130",201900056769,138 199 404,B01,2,1,0,2,1,18,0,NULL,201900056769,138 199 404,B01,1,1,4,1,1976,5,8,0,-1,0,0,-1,201900056769,4,"RUE DE LA CROIX NIVERT",0,NULL,2,3,0,1,0,0,1,NULL,NULL,1,0,1,50
201900056819,7,6,2019,10:35:00,1,75,75114,2,7,2,6,"AVENUE DU COLONEL HENRI ROL TANGUY","48,8337030","2,3319260",201900056819,138 199 301,B01,1,1,0,2,0,1,5,NULL,201900056819,138 199 301,B01,1,1,4,1,1991,4,2,0,-1,0,0,-1,201900056819,4,"AVENUE DU COLONEL HENRI ROL TANGUY",0,NULL,2,4,0,1,0,0,1,NULL,NULL,2,0,1,50
201900056819,7,6,2019,10:35:00,1,75,75114,2,7,2,6,"AVENUE DU COLONEL HENRI ROL TANGUY","48,8337030","2,3319260",201900056819,138 199 301,B01,1,1,0,2,0,1,5,NULL,201900056819,138 199 303,A01,1,1,1,1,1967,4,1,0,-1,0,0,-1,201900056819,4,"AVENUE DU COLONEL HENRI ROL TANGUY",0,NULL,2,4,0,1,0,0,1,NULL,NULL,2,0,1,50
201900056981,17,6,2019,09:53:00,1,75,75104,2,3,1,3,"RUE SAINT ANTOINE","48,8539470","2,3647480",201900056981,138 199 018,B01,2,1,0,2,1,1,5,NULL,201900056981,138 199 017,A01,1,1,1,2,1960,4,8,0,-1,0,0,-1,201900056981,4,"RUE SAINT ANTOINE",0,NULL,2,4,1,1,0,0,1,NULL,NULL,1,9,5,50
201900056981,17,6,2019,09:53:00,1,75,75104,2,3,1,3,"RUE SAINT ANTOINE","48,8539470","2,3647480",201900056981,138 199 018,B01,2,1,0,2,1,1,5,NULL,201900056981,138 199 018,B01,1,1,4,2,1956,1,2,8,-1,0,0,-1,201900056981,4,"RUE SAINT ANTOINE",0,NULL,2,4,1,1,0,0,1,NULL,NULL,1,9,5,50
201900057470,29,5,2019,11:30:00,1,6,06097,2,1,1,2,"Route de Roquesteron","43,8639096","7,0922346",201900057470,138 198 129,A01,0,1,0,9,1,2,5,NULL,201900057470,138 198 128,B01,1,1,1,1,1948,5,2,-1,-1,0,0,-1,201900057470,3,17,NULL,NULL,2,2,0,2,(1),(1),1,NULL,NULL,1,9,1,50
201900057470,29,5,2019,11:30:00,1,6,06097,2,1,1,2,"Route de Roquesteron","43,8639096","7,0922346",201900057470,138 198 128,B01,0,1,0,2,4,2,5,NULL,201900057470,138 198 128,B01,1,1,1,1,1948,5,2,-1,-1,0,0,-1,201900057470,3,17,NULL,NULL,2,2,0,2,(1),(1),1,NULL,NULL,1,9,1,50
201900057470,29,5,2019,11:30:00,1,6,06097,2,1,1,2,"Route de Roquesteron","43,8639096","7,0922346",201900057470,138 198 129,A01,0,1,0,9,1,2,5,NULL,201900057470,138 198 129,A01,1,1,3,1,1953,5,2,-1,-1,0,0,-1,201900057470,3,17,NULL,NULL,2,2,0,2,(1),(1),1,NULL,NULL,1,9,1,50
201900057470,29,5,2019,11:30:00,1,6,06097,2,1,1,2,"Route de Roquesteron","43,8639096","7,0922346",201900057470,138 198 128,B01,0,1,0,2,4,2,5,NULL,201900057470,138 198 129,A01,1,1,3,1,1953,5,2,-1,-1,0,0,-1,201900057470,3,17,NULL,NULL,2,2,0,2,(1),(1),1,NULL,NULL,1,9,1,50
201900057851,4,2,2019,19:45:00,5,6,06161,2,1,1,1,"avenue des italiens","43,6402382","7,1400716",201900057851,138 197 419,B01,2,1,0,9,1,5,5,NULL,201900057851,138 197 417,A01,1,1,3,1,1984,1,0,-1,-1,0,0,-1,201900057851,3,6098,0,NULL,2,2,1,1,30,700,1,NULL,NULL,1,0,5,10
201900057851,4,2,2019,19:45:00,5,6,06161,2,1,1,1,"avenue des italiens","43,6402382","7,1400716",201900057851,138 197 417,A01,1,1,0,0,1,1,5,NULL,201900057851,138 197 417,A01,1,1,3,1,1984,1,0,-1,-1,0,0,-1,201900057851,3,6098,0,NULL,2,2,1,1,30,700,1,NULL,NULL,1,0,5,10
201900057851,4,2,2019,19:45:00,5,6,06161,2,1,1,1,"avenue des italiens","43,6402382","7,1400716",201900057851,138 197 419,B01,2,1,0,9,1,5,5,NULL,201900057851,138 197 419,B01,1,1,1,2,1963,5,0,-1,-1,0,0,-1,201900057851,3,6098,0,NULL,2,2,1,1,30,700,1,NULL,NULL,1,0,5,10
201900057851,4,2,2019,19:45:00,5,6,06161,2,1,1,1,"avenue des italiens","43,6402382","7,1400716",201900057851,138 197 417,A01,1,1,0,0,1,1,5,NULL,201900057851,138 197 419,B01,1,1,1,2,1963,5,0,-1,-1,0,0,-1,201900057851,3,6098,0,NULL,2,2,1,1,30,700,1,NULL,NULL,1,0,5,10
201900058211,28,5,2019,12:10:00,1,69,69278,2,1,1,3,"175 Avenue des Frères Lumière","45,8893740","4,8231280",201900058211,138 196 781,A01,3,1,0,2,8,21,5,NULL,201900058211,138 196 780,B01,1,1,1,2,1965,4,1,-1,-1,0,0,-1,201900058211,7,NULL,NULL,NULL,1,1,0,1,(1),(1),1,NULL,NULL,2,8,8,50
201900058211,28,5,2019,12:10:00,1,69,69278,2,1,1,3,"175 Avenue des Frères Lumière","45,8893740","4,8231280",201900058211,138 196 781,A01,3,1,0,2,8,21,5,NULL,201900058211,138 196 781,A01,1,1,4,1,1985,9,0,-1,-1,0,0,-1,201900058211,7,NULL,NULL,NULL,1,1,0,1,(1),(1),1,NULL,NULL,2,8,8,50
201900011368,21,7,2019,10:30:00,1,62,62543,1,2,1,6,"Rue d'Enguinegatte","50,6163720","2,3039590",201900011368,138 285 388,B01,3,1,0,2,7,19,5,NULL,201900011368,138 285 387,A01,1,1,1,1,1991,3,1,-1,-1,0,0,-1,201900011368,3,130,NULL,NULL,2,2,0,2,(1),(1),1,NULL,NULL,1,0,1,80
201900011368,21,7,2019,10:30:00,1,62,62543,1,2,1,6,"Rue d'Enguinegatte","50,6163720","2,3039590",201900011368,138 285 388,B01,3,1,0,2,7,19,5,NULL,201900011368,138 285 388,B01,1,1,3,1,1968,5,2,-1,-1,0,0,-1,201900011368,3,130,NULL,NULL,2,2,0,2,(1),(1),1,NULL,NULL,1,0,1,80
201900014232,5,8,2019,20:44:00,2,75,75101,2,1,1,7,"QUAI DES TUILERIES","48,8630797","2,3232082",201900014232,138 279 944,A01,3,1,0,0,7,1,5,NULL,201900014232,138 279 944,A01,1,1,3,2,1999,5,2,0,-1,0,0,-1,201900014232,4,"QUAI DES TUILERIES",0,NULL,1,3,3,1,0,0,1,NULL,NULL,1,0,1,50
201900014666,20,11,2019,19:20:00,3,37,37261,2,1,1,6,"PLAT D'ETAIN (RUE DU)","47,3837800","0,6728400",201900014666,138 279 037,B01,1,1,1,0,1,1,0,NULL,201900014666,138 279 036,A01,1,1,1,1,1999,5,8,0,-1,0,0,-1,201900014666,4,"PLAT D'ETAIN (RUE DU)",0,NULL,2,2,0,1,0,0,1,NULL,NULL,1,0,1,50
201900014666,20,11,2019,19:20:00,3,37,37261,2,1,1,6,"PLAT D'ETAIN (RUE DU)","47,3837800","0,6728400",201900014666,138 279 037,B01,1,1,1,0,1,1,0,NULL,201900014666,138 279 037,B01,1,1,3,1,1965,1,2,8,-1,0,0,-1,201900014666,4,"PLAT D'ETAIN (RUE DU)",0,NULL,2,2,0,1,0,0,1,NULL,NULL,1,0,1,50
201900015455,16,1,2019,19:15:00,3,62,62649,1,1,2,3,"rue de Famechon","50,1466370","2,4752410",201900015455,138 277 586,A01,1,1,0,2,8,1,5,NULL,201900015455,138 277 586,A01,1,1,4,1,2005,5,0,-1,-1,0,0,-1,201900015455,3,1,NULL,NULL,2,2,0,1,4,500,1,NULL,NULL,2,0,1,80
201900015455,16,1,2019,19:15:00,3,62,62649,1,1,2,3,"rue de Famechon","50,1466370","2,4752410",201900015455,138 277 586,A01,1,1,0,2,8,1,5,NULL,201900015455,138 277 587,B01,1,1,1,1,1980,1,1,-1,-1,0,0,-1,201900015455,3,1,NULL,NULL,2,2,0,1,4,500,1,NULL,NULL,2,0,1,80