Num_Acc,jour,mois,an,hrmn,lum,dep,com,agg,int,atm,col,adr,lat,long,Num_Acc,id_vehicule,num_veh,senc,catv,obs,obsm,choc,manv,motor,occutc,Num_Acc,id_vehicule,num_veh,place,catu,grav,sexe,an_nais,trajet,secu1,secu2,secu3,locp,actp,etatp,Num_Acc,catr,voie,v1,v2,circ,nbv,vosp,prof,pr,pr1,plan,lartpc,larrout,surf,infra,situ,vma
201900015582,14,10,2019,09:30:00,1,66,66136,2,1,1,6,"FOCH (MARECHAL)","42,6935100","2,8885800",201900015582,138 277 343,A01,1,1,0,1,1,1,5,NULL,201900015582,138 277 343,A01,10,3,3,2,1958,5,8,0,-1,3,3,1,201900015582,4,"FOCH (MARECHAL)",0,NULL,2,2,0,1,0,0,1,NULL,NULL,1,0,1,50
201900015582,14,10,2019,09:30:00,1,66,66136,2,1,1,6,"FOCH (MARECHAL)","42,6935100","2,8885800",201900015582,138 277 343,A01,1,1,0,1,1,1,5,NULL,201900015582,138 277 343,A01,1,1,1,1,1974,0,8,0,-1,-1," -1",-1,201900015582,4,"FOCH (MARECHAL)",0,NULL,2,2,0,1,0,0,1,NULL,NULL,1,0,1,50
201900015853,21,4,2019,17:40:00,1,66,66053,1,1,1,7,VC,"42,5265430","3,0587340",201900015853,138 276 888,A01,3,1,16,0,0,1,5,NULL,201900015853,138 276 888,A01,1,1,3,1,1990,5,2,-1,-1,0,0,-1,201900015853,4,68,NULL,NULL,2,2,0,2,(1),(1),1,NULL,NULL,1,0,1,80
201900017412,14,10,2019,08:35:00,1,75,75117,2,1,1,6,"BOULEVARD BESSIERES","48,8946862","2,3147500",201900017412,138 273 851,A01,2,1,0,1,8,1,5,NULL,201900017412,138 273 851,A01,1,1,1,1,1993,1,2,8,-1,0,0,-1,201900017412,4,"BOULEVARD BESSIERES",0,NULL,3,3,1,1,0,0,1,NULL,NULL,1,0,5,50
201900017412,14,10,2019,08:35:00,1,75,75117,2,1,1,6,"BOULEVARD BESSIERES","48,8946862","2,3147500",201900017412,138 273 851,A01,2,1,0,1,8,1,5,NULL,201900017412,138 273 851,A01,10,3,4,2,2012,2,0,-1,-1,4,3,1,201900017412,4,"BOULEVARD BESSIERES",0,NULL,3,3,1,1,0,0,1,NULL,NULL,1,0,5,50
201900017673,5,8,2019,10:20:00,1,68,68063,1,1,1,1,"voie verte","47,8065340","7,2003630",201900017673,138 273 398,A01,3,1,0,2,2,1,5,NULL,201900017673,138 273 397,B01,1,1,3,1,1941,5,2,6,-1,0,0,-1,201900017673,9,NULL,0,NULL,2,2,1,2,(1),(1),3,NULL,NULL,1,0,5,-1
201900017673,5,8,2019,10:20:00,1,68,68063,1,1,1,1,"voie verte","47,8065340","7,2003630",201900017673,138 273 397,B01,3,1,0,0,3,1,5,NULL,201900017673,138 273 397,B01,1,1,3,1,1941,5,2,6,-1,0,0,-1,201900017673,9,NULL,0,NULL,2,2,1,2,(1),(1),3,NULL,NULL,1,0,5,-1
201900017673,5,8,2019,10:20:00,1,68,68063,1,1,1,1,"voie verte","47,8065340","7,2003630",201900017673,138 273 398,A01,3,1,0,2,2,1,5,NULL,201900017673,138 273 398,A01,1,1,1,1,1976,1,2,6,-1,0,0,-1,201900017673,9,NULL,0,NULL,2,2,1,2,(1),(1),3,NULL,NULL,1,0,5,-1
201900017673,5,8,2019,10:20:00,1,68,68063,1,1,1,1,"voie verte","47,8065340","7,2003630",201900017673,138 273 397,B01,3,1,0,0,3,1,5,NULL,201900017673,138 273 398,A01,1,1,1,1,1976,1,2,6,-1,0,0,-1,201900017673,9,NULL,0,NULL,2,2,1,2,(1),(1),3,NULL,NULL,1,0,5,-1
201900017674,4,8,2019,10:20:00,1,68,68296,1,1,1,7,d48.1,"48,2590910","7,3004030",201900017674,138 273 396,A01,1,1,14,0,1,1,5,NULL,201900017674,138 273 396,A01,1,1,3,1,1994,5,2,-1,-1,0,0,-1,201900017674,3,48,0,I,2,2,0,2,3,65,2,NULL,NULL,9,0,1,80
201900021334,30,6,2019,14:30:00,1,69,69386,2,1,1,3,"GRANDE BRETAGNE (DE)                (AV)","45,7724822","4,8411338",201900021334,138 266 495,A01,1,1,0,2,8,15,5,NULL,201900021334,138 266 495,A01,1,1,4,1,1992,5,8,0,-1,-1,0,-1,201900021334,4,"GRANDE BRETAGNE (DE)                (AV)",0,NULL,1,1,0,1,1,0,1,NULL,NULL,1,9,1,50
201900021334,30,6,2019,14:30:00,1,69,69386,2,1,1,3,"GRANDE BRETAGNE (DE)                (AV)","45,7724822","4,8411338",201900021334,138 266 495,A01,1,1,0,2,8,15,5,NULL,201900021334,138 266 496,B01,1,1,1,2,1995,1,1,8,-1,-1,0,-1,201900021334,4,"GRANDE BRETAGNE (DE)                (AV)",0,NULL,1,1,0,1,1,0,1,NULL,NULL,1,9,1,50
201900023234,27,6,2019,09:35:00,1,64,64445,2,1,7,2,"AMEDEE ROUSSILLE","43,2934000"," -0,3826500",201900023234,138 262 826,B01,2,1,0,2,4,1,5,NULL,201900023234,138 262 825,A01,1,1,1,2,1955,5,1,0,-1,0,0,-1,201900023234,4,"AMEDEE ROUSSILLE",0,NULL,2,2,0,1,0,0,1,NULL,NULL,1,0,1,50
201900023234,27,6,2019,09:35:00,1,64,64445,2,1,7,2,"AMEDEE ROUSSILLE","43,2934000"," -0,3826500",201900023234,138 262 826,B01,2,1,0,2,4,1,5,NULL,201900023234,138 262 826,B01,1,1,4,2,1972,0,2,0,-1,0,0,-1,201900023234,4,"AMEDEE ROUSSILLE",0,NULL,2,2,0,1,0,0,1,NULL,NULL,1,0,1,50
201900028809,24,7,2019,15:10:00,1,21,21231,2,3,1,3,"MANUTENTION (DE LA) (RUE)","47,3172100","5,0335500",201900028809,138 252 132,A01,3,1,0,2,1,1,5,NULL,201900028809,138 252 131,B01,1,1,1,1,1998,5,1,0,-1,-1,0,-1,201900028809,4,"MANUTENTION (DE LA) (RUE)",0,NULL,4,2,1,1,0,0,1,NULL,NULL,1,0,1,50
201900028809,24,7,2019,15:10:00,1,21,21231,2,3,1,3,"MANUTENTION (DE LA) (RUE)","47,3172100","5,0335500",201900028809,138 252 132,A01,3,1,0,2,1,1,5,NULL,201900028809,138 252 132,A01,1,1,3,1,1975,1,8,0,-1,-1,0,-1,201900028809,4,"MANUTENTION (DE LA) (RUE)",0,NULL,4,2,1,1,0,0,1,NULL,NULL,1,0,1,50
201900028858,5,3,2019,20:45:00,5,34,34172,2,2,1,5,"MARES (AVENUE HENRI)","43,6200500","3,8512000",201900028858,138 252 044,A01,1,1,0,2,7,19,5,NULL,201900028858,138 252 042,C01,1,1,4,2,1985,0,1,0,-1,0,0,-1,201900028858,4,"MARES (AVENUE HENRI)",0,NULL,2,4,0,2,(1),(1),1,NULL,NULL,1,0,1,50
201900028858,5,3,2019,20:45:00,5,34,34172,2,2,1,5,"MARES (AVENUE HENRI)","43,6200500","3,8512000",201900028858,138 252 044,A01,1,1,0,2,7,19,5,NULL,201900028858,138 252 043,B01,1,1,1,1,1995,1,1,0,-1,0,0,-1,201900028858,4,"MARES (AVENUE HENRI)",0,NULL,2,4,0,2,(1),(1),1,NULL,NULL,1,0,1,50
201900028858,5,3,2019,20:45:00,5,34,34172,2,2,1,5,"MARES (AVENUE HENRI)","43,6200500","3,8512000",201900028858,138 252 044,A01,1,1,0,2,7,19,5,NULL,201900028858,138 252 044,A01,1,1,3,1,1973,0,8,0,-1,0,0,-1,201900028858,4,"MARES (AVENUE HENRI)",0,NULL,2,4,0,2,(1),(1),1,NULL,NULL,1,0,1,50
201900029010,26,4,2019,07:20:00,2,49,49007,2,1,2,6,"COTE DE BELLEVUE","47,4607800"," -0,5968500",201900029010,138 251 782,Y01,1,1,0,0,0,0,5,NULL,201900029010,138 251 782,Y01,1,1,4,1,1984,1,8,0,-1,-1,0,-1,201900029010,4,"COTE DE BELLEVUE",0,NULL,2,2,0,1,0,0,1,NULL,NULL,2,0,1,50
201900030054,4,9,2019,08:15:00,1,7,07102,2,6,1,3,"Jean MOULIN (Rue)","44,9376300","4,8634900",201900030054,138 249 794,B01,2,1,0,2,1,1,0,NULL,201900030054,138 249 794,B01,1,1,4,1,1954,5,8,0,-1,-1," -1",-1,201900030054,4,"Jean MOULIN (Rue)",0,NULL,2,2,0,1,0,0,1,NULL,NULL,1,0,1,50
201900030054,4,9,2019,08:15:00,1,7,07102,2,6,1,3,"Jean MOULIN (Rue)","44,9376300","4,8634900",201900030054,138 249 794,B01,2,1,0,2,1,1,0,NULL,201900030054,138 249 795,A01,1,1,1,2,1989,1,1,0,-1,-1," -1",-1,201900030054,4,"Jean MOULIN (Rue)",0,NULL,2,2,0,1,0,0,1,NULL,NULL,1,0,1,50
201900031553,2,10,2019,19:30:00,1,32,32160,2,1,1,1,"Impasse du Couchant","43,6116830","1,0758050",201900031553,138 247 025,B01,2,1,0,2,1,5,5,NULL,201900031553,138 247 025,B01,1,1,4,2,2012,5,0,-1,-1,0,0,-1,201900031553,4,NULL,NULL,NULL,1,1,0,1,(1),(1),3,NULL,NULL,1,0,1,50
201900031553,2,10,2019,19:30:00,1,32,32160,2,1,1,1,"Impasse du Couchant","43,6116830","1,0758050",201900031553,138 247 025,B01,2,1,0,2,1,5,5,NULL,201900031553,138 247 026,A01,2,2,1,2,2004,5,1,-1,-1,0,0,-1,201900031553,4,NULL,NULL,NULL,1,1,0,1,(1),(1),3,NULL,NULL,1,0,1,50
201900031553,2,10,2019,19:30:00,1,32,32160,2,1,1,1,"Impasse du Couchant","43,6116830","1,0758050",201900031553,138 247 025,B01,2,1,0,2,1,5,5,NULL,201900031553,138 247 026,A01,1,1,1,1,2005,5,1,-1,-1,0,0,-1,201900031553,4,NULL,NULL,NULL,1,1,0,1,(1),(1),3,NULL,NULL,1,0,1,50
201900032362,4,3,2019,07:35:00,1,974,97416,2,3,1,2,"PRESBYTERE (RUE DU)"," -21,3353800","55,4745800",201900032362,138 245 463,A01,1,1,0,2,1,11,5,NULL,201900032362,138 245 462,B01,1,1,1,1,1936,5,1,8,-1,-1," -1",-1,201900032362,4,"PRESBYTERE (RUE DU)",0,NULL,1,1,0,2,0,0,1,NULL,NULL,1,0,1,50
201900032362,4,3,2019,07:35:00,1,974,97416,2,3,1,2,"PRESBYTERE (RUE DU)"," -21,3353800","55,4745800",201900032362,138 245 463,A01,1,1,0,2,1,11,5,NULL,201900032362,138 245 463,A01,1,1,3,1,2005,5,2,0,-1,-1," -1",-1,201900032362,4,"PRESBYTERE (RUE DU)",0,NULL,1,1,0,2,0,0,1,NULL,NULL,1,0,1,50
201900033112,16,12,2019,14:30:00,1,16,16103,1,4,1,7,"Clos de Nodoux","45,5181950","0,4295410",201900033112,138 243 998,A01,2,1,0,0,1,1,5,NULL,201900033112,138 243 998,A01,1,1,3,1,1946,5,2,-1,-1,0,0,-1,201900033112,3,25,NULL,NULL,2,2,0,2,16,630,1,0,5.1,1,0,1,80
201900035470,17,1,2019,13:50:00,1,37,37261,2,1,1,2,"SAINT SAUVEUR (PONT)","47,3725425","0,6781797",201900035470,138 239 423,A01,3,1,0,2,1,2,5,NULL,201900035470,138 239 423,A01,1,1,4,1,1981,5,2,8,-1,-1,0,-1,201900035470,4,"SAINT SAUVEUR (PONT)",0,NULL,2,2,1,1,0,0,1,NULL,NULL,1,2,1,50
201900035470,17,1,2019,13:50:00,1,37,37261,2,1,1,2,"SAINT SAUVEUR (PONT)","47,3725425","0,6781797",201900035470,138 239 423,A01,3,1,0,2,1,2,5,NULL,201900035470,138 239 424,B01,1,1,1,2,1954,5,1,8,-1,-1,0,-1,201900035470,4,"SAINT SAUVEUR (PONT)",0,NULL,2,2,1,1,0,0,1,NULL,NULL,1,2,1,50
201900035982,7,4,2019,09:20:00,1,69,69179,2,1,1,7,"Route de Mornant (saint-andeol-le-chateau)","45,5867180","4,6957440",201900035982,138 238 452,A01,0,1,14,0,0,1,5,NULL,201900035982,138 238 452,A01,1,1,3,1,1952,5,2,-1,-1,0,0,-1,201900035982,3,448,0,E,2,2,0,1,(1),(1),1,NULL,NULL,1,9,1,30
201900038160,12,12,2019,06:05:00,5,75,75113,2,2,1,3,"BOULEVARD KELLERMANN","48,8193297","2,3445776",201900038160,138 234 311,B01,2,1,0,2,6,1,5,NULL,201900038160,138 234 311,B01,1,1,4,1,1982,0,2,8,-1,0,0,-1,201900038160,4,"BOULEVARD KELLERMANN",0,NULL,3,2,1,1,0,0,1,NULL,NULL,1,0,5,50
201900038160,12,12,2019,06:05:00,5,75,75113,2,2,1,3,"BOULEVARD KELLERMANN","48,8193297","2,3445776",201900038160,138 234 311,B01,2,1,0,2,6,1,5,NULL,201900038160,138 234 312,A01,1,1,1,1,1959,0,1,0,-1,0,0,-1,201900038160,4,"BOULEVARD KELLERMANN",0,NULL,3,2,1,1,0,0,1,NULL,NULL,1,0,5,50
201900038845,20,9,2019,15:10:00,1,33,33009,2,2,1,3,"DUNES (ALL. DES)","44,6557200"," -1,1756600",201900038845,138 233 081,A01,1,1,0,2,1,5,5,NULL,201900038845,138 233 080,B01,1,1,1,1,1952,0,1,0,-1,-1," -1",-1,201900038845,4,"DUNES (ALL. DES)",0,NULL,2,2,0,1,0,0,1,NULL,NULL,1,0,1,30
201900038845,20,9,2019,15:10:00,1,33,33009,2,2,1,3,"DUNES (ALL. DES)","44,6557200"," -1,1756600",201900038845,138 233 081,A01,1,1,0,2,1,5,5,NULL,201900038845,138 233 081,A01,1,1,4,1,1967,0,8,0,-1,-1," -1",-1,201900038845,4,"DUNES (ALL. DES)",0,NULL,2,2,0,1,0,0,1,NULL,NULL,1,0,1,30
201900039164,24,8,2019,17:40:00,1,31,31555,2,1,1,3,"RUE DE FENOUILLET","43,6280600","1,4251100",201900039164,138 232 479,A01,2,1,0,2,1,1,5,NULL,201900039164,138 232 479,A01,1,1,3,1,1987,5,2,0,-1,-1,0,-1,201900039164,4,NULL,0,NULL,1,2,0,1,0,0,1,NULL,NULL,1,0,1,50
201900039164,24,8,2019,17:40:00,1,31,31555,2,1,1,3,"RUE DE FENOUILLET","43,6280600","1,4251100",201900039164,138 232 479,A01,2,1,0,2,1,1,5,NULL,201900039164,138 232 480,B01,1,1,1,2,1992,5,1,8,-1,-1,0,-1,201900039164,4,NULL,0,NULL,1,2,0,1,0,0,1,NULL,NULL,1,0,1,50
201900041887,12,5,2019,09:40:00,1,94,94068,2,1,1,3,"MARNE (BD DE LA)","48,7907612","2,5067337",201900041887,138 227 440,B01,3,1,0,2,2,1,5,NULL,201900041887,138 227 440,B01,1,1,4,2,2016,5,8,0,-1,-1,0,-1,201900041887,4,"MARNE (BD DE LA)",0,NULL,-1,2,0,1,0,0,1,NULL,NULL,1,0,1,50
201900041887,12,5,2019,09:40:00,1,94,94068,2,1,1,3,"MARNE (BD DE LA)","48,7907612","2,5067337",201900041887,138 227 440,B01,3,1,0,2,2,1,5,NULL,201900041887,138 227 441,A01,1,1,1,2,1988,5,1,0,-1,-1,0,-1,201900041887,4,"MARNE (BD DE LA)",0,NULL,-1,2,0,1,0,0,1,NULL,NULL,1,0,1,50
201900042210,3,6,2019,16:30:00,1,974,97407,2,1,1,3,VERGES(AVENUE)," -20,9394700","55,3028000",201900042210,138 226 790,B01,3,1,1,0,1,1,5,NULL,201900042210,138 226 790,B01,1,1,4,1,1962,1,8,0,-1,0,0,-1,201900042210,4,"Avenue Raymond Vergès",0,NULL,3,2,2,1,0,0,1,NULL,NULL,1,0,1,50
201900042210,3,6,2019,16:30:00,1,974,97407,2,1,1,3,VERGES(AVENUE)," -20,9394700","55,3028000",201900042210,138 226 790,B01,3,1,1,0,1,1,5,NULL,201900042210,138 226 791,A01,1,1,1,2,1964,0,8,0,-1,0,0,-1,201900042210,4,"Avenue Raymond Vergès",0,NULL,3,2,2,1,0,0,1,NULL,NULL,1,0,1,50
201900043700,9,12,2019,14:14:00,3,14,14574,1,1,1,6,"DIVES (D.45 route de)","49,1597300","0,1935300",201900043700,138 224 000,A01,2,1,0,2,1,5,5,NULL,201900043700,138 224 000,A01,1,1,4,1,2003,5,8,0,-1,-1," -1",-1,201900043700,4,"BRANVILLE (RUE DE)",0,NULL,1,1,0,2,1,0,1,NULL,NULL,1,0,1,50
201900043700,9,12,2019,14:14:00,3,14,14574,1,1,1,6,"DIVES (D.45 route de)","49,1597300","0,1935300",201900043700,138 224 000,A01,2,1,0,2,1,5,5,NULL,201900043700,138 224 001,B01,1,1,1,1,1959,5,8,0,-1,-1," -1",-1,201900043700,4,"BRANVILLE (RUE DE)",0,NULL,1,1,0,2,1,0,1,NULL,NULL,1,0,1,50
201900044451,13,1,2019,14:55:00,1,75,75118,2,3,1,6,"RUE DAMREMONT","48,8893040","2,3335550",201900044451,138 222 548,B01,2,1,12,2,1,17,5,NULL,201900044451,138 222 548,B01,1,1,3,1,1972,5,2,0,-1,0,0,-1,201900044451,4,"RUE DAMREMONT",0,NULL,1,1,1,1,0,0,1,NULL,NULL,1,0,1,30
201900044451,13,1,2019,14:55:00,1,75,75118,2,3,1,6,"RUE DAMREMONT","48,8893040","2,3335550",201900044451,138 222 548,B01,2,1,12,2,1,17,5,NULL,201900044451,138 222 549,A01,1,1,1,1,1972,4,1,0,-1,0,0,-1,201900044451,4,"RUE DAMREMONT",0,NULL,1,1,1,1,0,0,1,NULL,NULL,1,0,1,30
201900047558,7,6,2019,15:01:00,1,67,67462,2,1,1,6,"MARCKOLSHEIM (ROUTE DE)","48,2539800","7,4574200",201900047558,138 216 637,B01,2,1,0,2,7,21,5,NULL,201900047558,138 216 637,B01,1,1,4,1,1954,0,8,0,-1,-1," -1",-1,201900047558,4,"MARCKOLSHEIM (ROUTE DE)",0,NULL,2,2,1,1,0,0,1,NULL,NULL,1,0,1,50
201900047558,7,6,2019,15:01:00,1,67,67462,2,1,1,6,"MARCKOLSHEIM (ROUTE DE)","48,2539800","7,4574200",201900047558,138 216 637,B01,2,1,0,2,7,21,5,NULL,201900047558,138 216 638,A01,1,1,1,2,1999,0,8,0,-1,-1," -1",-1,201900047558,4,"MARCKOLSHEIM (ROUTE DE)",0,NULL,2,2,1,1,0,0,1,NULL,NULL,1,0,1,50
201900049655,19,2,2019,19:00:00,5,974,97409,2,9,2,2,"Chemin Lagourgue"," -20,9540260","55,6550160",201900049655,138 212 761,B01,2,1,0,2,4,1,5,NULL,201900049655,138 212 760,A01,1,1,1,1,1971,0,1,8,-1,0,0,-1,201900049655,4,NULL,0,NULL,-1,2,0,1,0,0,1,NULL,NULL,2,0,1,30
201900049655,19,2,2019,19:00:00,5,974,97409,2,9,2,2,"Chemin Lagourgue"," -20,9540260","55,6550160",201900049655,138 212 761,B01,2,1,0,2,4,1,5,NULL,201900049655,138 212 761,B01,1,1,3,1,1968,1,0,0,-1,-1," -1",-1,201900049655,4,NULL,0,NULL,-1,2,0,1,0,0,1,NULL,NULL,2,0,1,30
201900051087,4,12,2019,18:35:00,5,64,64348,2,1,1,2,"NORD SUD VOIE","43,3012565"," -0,4096672",201900051087,138 210 115,B01,1,1,0,2,4,9,5,NULL,201900051087,138 210 114,A01,1,1,1,1,1946,5,1,8,-1,-1,0,-1,201900051087,3,834,0,NULL,2,3,0,1,0,0,1,NULL,NULL,1,0,1,50
201900051087,4,12,2019,18:35:00,5,64,64348,2,1,1,2,"NORD SUD VOIE","43,3012565"," -0,4096672",201900051087,138 210 115,B01,1,1,0,2,4,9,5,NULL,201900051087,138 210 115,B01,1,1,3,1,1987,1,2,8,-1,-1,0,-1,201900051087,3,834,0,NULL,2,3,0,1,0,0,1,NULL,NULL,1,0,1,50
201900052147,8,8,2019,15:20:00,1,34,34003,2,1,1,3,"ROCHELONGUE (H7 A L6","43,2800800","3,4809500",201900052147,138 208 070,B01,1,1,0,2,8,1,5,NULL,201900052147,138 208 069,A01,1,1,1,1,1933,5,8,0,-1,0,0,-1,201900052147,4,"ROCHELONGUE (H7 A L6",0,NULL,2,1,1,1,(1),(1),1,NULL,NULL,1,0,1,50
201900052147,8,8,2019,15:20:00,1,34,34003,2,1,1,3,"ROCHELONGUE (H7 A L6","43,2800800","3,4809500",201900052147,138 208 070,B01,1,1,0,2,8,1,5,NULL,201900052147,138 208 070,B01,1,1,3,1,1976,1,2,0,-1,0,0,-1,201900052147,4,"ROCHELONGUE (H7 A L6",0,NULL,2,1,1,1,(1),(1),1,NULL,NULL,1,0,1,50
201900052197,22,8,2019,10:15:00,1,15,15153,2,1,1,1,"21 avenue du puy mary","45,1395010","2,2302690",201900052197,138 207 958,B01,2,1,0,2,1,1,5,NULL,201900052197,138 207 957,A01,1,1,1,2,1947,5,1,-1,-1,0,0,-1,201900052197,3,680,0,NULL,2,2,0,1,4,419,1,NULL,NULL,1,0,1,50
201900052197,22,8,2019,10:15:00,1,15,15153,2,1,1,1,"21 avenue du puy mary","45,1395010","2,2302690",201900052197,138 207 958,B01,2,1,0,2,1,1,5,NULL,201900052197,138 207 958,B01,1,1,4,2,1965,5,2,6,-1,0,0,-1,201900052197,3,680,0,NULL,2,2,0,1,4,419,1,NULL,NULL,1,0,1,50
201900057002,10,7,2019,17:15:00,1,69,69383,2,2,1,3,"MAZENOD                             (R )","45,7589883","4,8491802",201900057002,138 198 974,A01,1,1,0,2,1,9,0,NULL,201900057002,138 198 974,A01,1,1,3,1,1989,0,8,8,-1,0,0,-1,201900057002,4,"MAZENOD                             (R )",0,NULL,1,1,1,1,0,0,1,NULL,NULL,1,0,1,50
201900057002,10,7,2019,17:15:00,1,69,69383,2,2,1,3,"MAZENOD                             (R )","45,7589883","4,8491802",201900057002,138 198 974,A01,1,1,0,2,1,9,0,NULL,201900057002,138 198 975,B01,1,1,1,1,1981,9,1,0,-1,0,0,-1,201900057002,4,"MAZENOD                             (R )",0,NULL,1,1,1,1,0,0,1,NULL,NULL,1,0,1,50
201900057308,21,6,2019,12:00:00,1,2A,2A215,1,1,1,2,"RT 40","41,5005642","9,0348249",201900057308,138 198 419,B01,2,1,0,2,4,2,5,NULL,201900057308,138 198 419,B01,1,1,3,1,1962,5,2,-1,-1,0,0,-1,201900057308,2,40,0,NULL,2,2,0,1,114,300,1,NULL,NULL,1,0,1,80
201900057308,21,6,2019,12:00:00,1,2A,2A215,1,1,1,2,"RT 40","41,5005642","9,0348249",201900057308,138 198 419,B01,2,1,0,2,4,2,5,NULL,201900057308,138 198 421,A01,1,1,1,1,1970,4,1,-1,-1,0,0,-1,201900057308,2,40,0,NULL,2,2,0,1,114,300,1,NULL,NULL,1,0,1,80
201900058091,29,5,2019,18:40:00,1,1,01043,2,1,1,3,"395 Route de Geneve","45,8378100","5,0092170",201900058091,138 196 980,B01,2,1,0,2,1,1,5,NULL,201900058091,138 196 978,A01,1,1,1,2,1995,0,1,-1,-1,0,0,-1,201900058091,3,1084,0,NULL,3,2,0,1,8,0,1,NULL,NULL,1,0,3,50
201900058091,29,5,2019,18:40:00,1,1,01043,2,1,1,3,"395 Route de Geneve","45,8378100","5,0092170",201900058091,138 196 980,B01,2,1,0,2,1,1,5,NULL,201900058091,138 196 980,B01,1,1,4,1,1986,5,2,-1,-1,0,0,-1,201900058091,3,1084,0,NULL,3,2,0,1,8,0,1,NULL,NULL,1,0,3,50
201900058290,1,5,2019,16:30:00,1,9,09107,1,1,1,7,"Lieu dit "le col", D13","43,0040420","1,7561970",201900058290,138 196 638,A01,1,1,0,0,0,1,5,NULL,201900058290,138 196 638,A01,1,1,3,1,1967,5,2,-1,-1,0,0,-1,201900058290,3,13,0,A,2,2,0,2,30,0,4,NULL,NULL,1,0,1,80
201900009171,29,6,2019,00:15:00,3,54,54395,2,1,1,3,"VINGTIEME CORPS (AVENUE DU)","48,6969960","6,1978950",201900009171,138 289 339,A01,1,1,0,2,0,1,5,NULL,201900009171,138 289 338,B01,1,1,1,1,1996,0,1,0,-1,-1,0,-1,201900009171,4,"VINGTIEME CORPS (AVENUE DU)",0,NULL,-1,2,0,1,0,0,1,NULL,NULL,1,0,1,30
201900009171,29,6,2019,00:15:00,3,54,54395,2,1,1,3,"VINGTIEME CORPS (AVENUE DU)","48,6969960","6,1978950",201900009171,138 289 339,A01,1,1,0,2,0,1,5,NULL,201900009171,138 289 338,B01,2,2,1,2,1997,0,1,0,-1,-1,0,-1,201900009171,4,"VINGTIEME CORPS (AVENUE DU)",0,NULL,-1,2,0,1,0,0,1,NULL,NULL,1,0,1,30
201900009171,29,6,2019,00:15:00,3,54,54395,2,1,1,3,"VINGTIEME CORPS (AVENUE DU)","48,6969960","6,1978950",201900009171,138 289 339,A01,1,1,0,2,0,1,5,NULL,201900009171,138 289 339,A01,1,1,3,1,1987,0,8,0,-1,-1,0,-1,201900009171,4,"VINGTIEME CORPS (AVENUE DU)",0,NULL,-1,2,0,1,0,0,1,NULL,NULL,1,0,1,30
201900009227,6,7,2019,10:45:00,1,33,33063,2,1,1,6,"BRANDENBURG (BD ALBERT)","44,8757700"," -0,5474800",201900009227,138 289 240,B01,2,1,0,0,0,0,5,NULL,201900009227,138 289 240,B01,1,1,4,1,1947,5,2,0,-1,-1," -1",-1,201900009227,4,"BRANDENBURG (BD ALBERT)",0,NULL,2,4,2,1,0,0,1,NULL,NULL,2,0,1,50
201900009227,6,7,2019,10:45:00,1,33,33063,2,1,1,6,"BRANDENBURG (BD ALBERT)","44,8757700"," -0,5474800",201900009227,138 289 240,B01,2,1,0,0,0,0,5,NULL,201900009227,138 289 241,A01,1,1,1,1,1990,5,1,0,-1,-1," -1",-1,201900009227,4,"BRANDENBURG (BD ALBERT)",0,NULL,2,4,2,1,0,0,1,NULL,NULL,2,0,1,50
201900010934,4,7,2019,09:00:00,1,93,93047,2,2,1,3,"JEAN JAURES (AVENUE)","48,8985900","2,5503800",201900010934,138 286 170,B01,2,1,0,2,1,1,5,NULL,201900010934,138 286 169,A01,1,1,1,2,1980,1,1,0,-1,-1," -1",-1,201900010934,4,117,0,NULL,2,4,1,1,0,0,1,NULL,NULL,1,0,1,50
201900010934,4,7,2019,09:00:00,1,93,93047,2,2,1,3,"JEAN JAURES (AVENUE)","48,8985900","2,5503800",201900010934,138 286 170,B01,2,1,0,2,1,1,5,NULL,201900010934,138 286 170,B01,1,1,4,1,1977,0,2,0,-1,-1," -1",-1,201900010934,4,117,0,NULL,2,4,1,1,0,0,1,NULL,NULL,1,0,1,50
201900017032,22,1,2019,08:00:00,1,33,33281,2,2,2,3,"AVE DES EYQUEMS","44,8279300"," -0,6461500",201900017032,138 274 577,B01,0,1,0,2,1,1,5,NULL,201900017032,138 274 577,B01,1,1,4,1,1968,0,8,0,-1,-1," -1",-1,201900017032,4,"AVE DES EYQUEMS",0,NULL,2,4,2,1,0,0,1,NULL,NULL,2,0,1,30
201900017032,22,1,2019,08:00:00,1,33,33281,2,2,2,3,"AVE DES EYQUEMS","44,8279300"," -0,6461500",201900017032,138 274 577,B01,0,1,0,2,1,1,5,NULL,201900017032,138 274 578,A01,1,1,1,2,1994,4,8,0,-1,-1," -1",-1,201900017032,4,"AVE DES EYQUEMS",0,NULL,2,4,2,1,0,0,1,NULL,NULL,2,0,1,30
201900017322,14,10,2019,09:10:00,1,75,75110,2,1,1,3,"BOULEVARD DE MAGENTA","48,8821744","2,3507755",201900017322,138 274 016,B01,2,1,0,2,4,1,5,NULL,201900017322,138 274 016,B01,1,1,4,2,1980,0,2,8,-1,0,0,-1,201900017322,4,"BOULEVARD DE MAGENTA",0,NULL,1,1,1,2,0,0,1,NULL,NULL,1,0,5,20
201900017322,14,10,2019,09:10:00,1,75,75110,2,1,1,3,"BOULEVARD DE MAGENTA","48,8821744","2,3507755",201900017322,138 274 016,B01,2,1,0,2,4,1,5,NULL,201900017322,138 274 017,A01,1,1,1,1,1990,0,1,0,-1,0,0,-1,201900017322,4,"BOULEVARD DE MAGENTA",0,NULL,1,1,1,2,0,0,1,NULL,NULL,1,0,5,20