Num_Acc,jour,mois,an,hrmn,lum,dep,com,agg,int,atm,col,adr,lat,long,Num_Acc,id_vehicule,num_veh,senc,catv,obs,obsm,choc,manv,motor,occutc,Num_Acc,id_vehicule,num_veh,place,catu,grav,sexe,an_nais,trajet,secu1,secu2,secu3,locp,actp,etatp,Num_Acc,catr,voie,v1,v2,circ,nbv,vosp,prof,pr,pr1,plan,lartpc,larrout,surf,infra,situ,vma
201900018726,28,12,2019,10:30:00,1,24,24547,1,1,1,2,"Le Couquet","45,1099000","1,3087100",201900018726,138 271 419,B01,1,1,0,2,4,2,0,NULL,201900018726,138 271 418,A01,1,1,1,1,1980,1,1,-1,-1,0,0,-1,201900018726,3,63,NULL,NULL,2,2,0,2,4,500,2,NULL,NULL,1,0,1,80
201900018726,28,12,2019,10:30:00,1,24,24547,1,1,1,2,"Le Couquet","45,1099000","1,3087100",201900018726,138 271 419,B01,1,1,0,2,4,2,0,NULL,201900018726,138 271 419,B01,1,1,4,1,1953,5,2,6,-1,0,0,-1,201900018726,3,63,NULL,NULL,2,2,0,2,4,500,2,NULL,NULL,1,0,1,80
201900021325,18,4,2019,10:25:00,1,80,80211,1,1,1,2,"Route de Loeuilly","49,7499200","2,1617630",201900021325,138 266 513,B01,3,1,0,0,4,1,0,NULL,201900021325,138 266 512,A01,1,1,1,2,1992,5,1,-1,-1,0,0,-1,201900021325,3,8,NULL,NULL,2,1,0,1,(1),(1),1,NULL,NULL,1,0,1,80
201900021325,18,4,2019,10:25:00,1,80,80211,1,1,1,2,"Route de Loeuilly","49,7499200","2,1617630",201900021325,138 266 513,B01,3,1,0,0,4,1,0,NULL,201900021325,138 266 513,B01,1,1,4,1,1954,5,2,-1,-1,0,0,-1,201900021325,3,8,NULL,NULL,2,1,0,1,(1),(1),1,NULL,NULL,1,0,1,80
201900021403,30,6,2019,08:45:00,1,55,55066,1,1,1,6,"Route Départementale 29","48,6339440","5,4920510",201900021403,138 266 365,B01,2,1,0,2,8,2,5,NULL,201900021403,138 266 365,B01,1,1,4,1,1953,5,2,6,-1,0,0,-1,201900021403,3,29,0,R,2,2,0,1,13,100,1,NULL,NULL,1,0,1,80
201900021403,30,6,2019,08:45:00,1,55,55066,1,1,1,6,"Route Départementale 29","48,6339440","5,4920510",201900021403,138 266 365,B01,2,1,0,2,8,2,5,NULL,201900021403,138 266 366,A01,1,1,1,1,1900,0,8,-1,-1,0,0,-1,201900021403,3,29,0,R,2,2,0,1,13,100,1,NULL,NULL,1,0,1,80
201900023063,15,4,2019,08:10:00,1,5,05061,2,1,1,1,"METIERS ( RUE DES )","44,5622000","6,0958000",201900023063,138 263 187,A01,2,1,0,2,7,13,5,NULL,201900023063,138 263 186,B01,1,1,1,1,1987,4,1,0,-1,0,0,-1,201900023063,4,"METIERS ( RUE DES )",0,NULL,2,2,0,2,0,1,1,NULL,NULL,1,0,1,50
201900023063,15,4,2019,08:10:00,1,5,05061,2,1,1,1,"METIERS ( RUE DES )","44,5622000","6,0958000",201900023063,138 263 187,A01,2,1,0,2,7,13,5,NULL,201900023063,138 263 187,A01,1,1,3,1,1948,0,2,0,-1,0,0,-1,201900023063,4,"METIERS ( RUE DES )",0,NULL,2,2,0,2,0,1,1,NULL,NULL,1,0,1,50
201900027476,11,11,2019,15:00:00,1,44,44109,2,1,1,3,"QUAI DU MARQUIS D'AIGUILLON","47,2032900"," -1,5754000",201900027476,138 254 631,B01,3,1,0,2,1,1,5,NULL,201900027476,138 254 631,B01,1,1,4,1,1955,5,2,8,-1,-1,0,-1,201900027476,4,NULL,0,NULL,1,1,1,1,1,0,1,NULL,NULL,1,0,1,50
201900027476,11,11,2019,15:00:00,1,44,44109,2,1,1,3,"QUAI DU MARQUIS D'AIGUILLON","47,2032900"," -1,5754000",201900027476,138 254 631,B01,3,1,0,2,1,1,5,NULL,201900027476,138 254 632,A01,1,1,1,1,1993,9,1,0,-1,-1,0,-1,201900027476,4,NULL,0,NULL,1,1,1,1,1,0,1,NULL,NULL,1,0,1,50
201900027808,9,10,2019,12:10:00,1,34,34276,2,6,1,3,"avenue de montpellier","43,7615430","3,8634640",201900027808,138 254 031,A01,1,1,0,0,2,1,5,NULL,201900027808,138 254 031,A01,1,1,4,2,1965,3,0,-1,-1,0,0,-1,201900027808,3,17,0,NULL,1,2,0,1,18,389,2,NULL,NULL,1,0,1,50
201900027808,9,10,2019,12:10:00,1,34,34276,2,6,1,3,"avenue de montpellier","43,7615430","3,8634640",201900027808,138 254 031,A01,1,1,0,0,2,1,5,NULL,201900027808,138 254 032,B01,1,1,1,1,1974,1,1,-1,-1,0,0,-1,201900027808,3,17,0,NULL,1,2,0,1,18,389,2,NULL,NULL,1,0,1,50
201900028863,7,3,2019,19:10:00,5,31,31557,2,1,1,1,"BD FRANCOIS MITTERRAND","43,5862000","1,3354100",201900028863,138 252 034,B01,0,1,0,2,3,19,5,NULL,201900028863,138 252 034,B01,1,1,4,2,1979,0,8,0,-1,-1,0,-1,201900028863,4,"BD FRANCOIS MITTERRAND",0,NULL,3,2,1,1,0,0,1,NULL,NULL,1,0,1,50
201900028863,7,3,2019,19:10:00,5,31,31557,2,1,1,1,"BD FRANCOIS MITTERRAND","43,5862000","1,3354100",201900028863,138 252 034,B01,0,1,0,2,3,19,5,NULL,201900028863,138 252 035,A01,1,1,1,1,1983,9,1,0,-1,-1,0,-1,201900028863,4,"BD FRANCOIS MITTERRAND",0,NULL,3,2,1,1,0,0,1,NULL,NULL,1,0,1,50
201900030926,22,5,2019,12:45:00,1,33,33069,2,2,1,3,"Av de Tivoli/R. Blanqui/R. Jean Martial","44,8660340"," -0,5952460",201900030926,138 248 191,B01,0,1,0,2,4,1,5,NULL,201900030926,138 248 190,A01,1,1,4,1,1986,4,8,0,-1,0," -1",-1,201900030926,4,"AVE DE TIVOLI",0,NULL,2,2,0,1,0,0,1,NULL,NULL,1,0,1,50
201900030926,22,5,2019,12:45:00,1,33,33069,2,2,1,3,"Av de Tivoli/R. Blanqui/R. Jean Martial","44,8660340"," -0,5952460",201900030926,138 248 191,B01,0,1,0,2,4,1,5,NULL,201900030926,138 248 191,B01,1,1,4,2,1997,4,8,0,-1,0," -1",-1,201900030926,4,"AVE DE TIVOLI",0,NULL,2,2,0,1,0,0,1,NULL,NULL,1,0,1,50
201900031107,9,11,2019,09:35:00,1,72,72181,2,1,1,3,"GENDEBIEN OLIVIER (RUE)","47,9605000","0,1972400",201900031107,138 247 848,B01,1,1,0,2,1,1,5,NULL,201900031107,138 247 847,A01,1,1,1,1,1970,5,1,0,-1,-1," -1",-1,201900031107,4,"GENDEBIEN OLIVIER (RUE)",0,NULL,2,2,0,2,0,0,1,NULL,NULL,1,0,1,30
201900031107,9,11,2019,09:35:00,1,72,72181,2,1,1,3,"GENDEBIEN OLIVIER (RUE)","47,9605000","0,1972400",201900031107,138 247 848,B01,1,1,0,2,1,1,5,NULL,201900031107,138 247 848,B01,1,1,4,1,1943,5,8,0,-1,-1," -1",-1,201900031107,4,"GENDEBIEN OLIVIER (RUE)",0,NULL,2,2,0,2,0,0,1,NULL,NULL,1,0,1,30
201900031374,16,12,2019,16:45:00,1,37,37083,2,1,1,3,"4 Rue Nationale","47,2694240","0,8349090",201900031374,138 247 363,A01,1,1,0,2,7,14,5,NULL,201900031374,138 247 362,B01,1,1,1,1,1984,4,1,-1,-1,0,0,-1,201900031374,3,943,NULL,NULL,2,2,0,2,35,900,1,NULL,NULL,1,2,1,50
201900031374,16,12,2019,16:45:00,1,37,37083,2,1,1,3,"4 Rue Nationale","47,2694240","0,8349090",201900031374,138 247 363,A01,1,1,0,2,7,14,5,NULL,201900031374,138 247 363,A01,10,3,3,1,2001,1,0,-1,-1,5,0,-1,201900031374,3,943,NULL,NULL,2,2,0,2,35,900,1,NULL,NULL,1,2,1,50
201900032526,28,7,2019,04:10:00,3,988,98814,1,1,8,6,RM3," -20,7778900","167,1284600",201900032526,138 245 170,A01,3,1,0,1,1,1,5,NULL,201900032526,138 245 170,A01,1,1,4,1,1996,5,0,-1,-1,0,0,-1,201900032526,4,3,NULL,NULL,2,2,0,2,(1),(1),3,NULL,NULL,1,0,1,90
201900032526,28,7,2019,04:10:00,3,988,98814,1,1,8,6,RM3," -20,7778900","167,1284600",201900032526,138 245 170,A01,3,1,0,1,1,1,5,NULL,201900032526,138 245 170,A01,10,3,2,1,1954,5,0,-1,-1,1,1,1,201900032526,4,3,NULL,NULL,2,2,0,2,(1),(1),3,NULL,NULL,1,0,1,90
201900033126,15,12,2019,05:40:00,3,973,97303,1,1,1,3,N1,"5,4786300"," -53,1949470",201900033126,138 243 971,B01,2,1,0,0,0,2,5,NULL,201900033126,138 243 970,A01,1,1,1,1,1957,4,1,-1,-1,0,0,-1,201900033126,2,1,NULL,NULL,2,2,0,1,144,300,1,NULL,NULL,2,0,1,80
201900033126,15,12,2019,05:40:00,3,973,97303,1,1,1,3,N1,"5,4786300"," -53,1949470",201900033126,138 243 971,B01,2,1,0,0,0,2,5,NULL,201900033126,138 243 971,B01,10,3,3,1,1980,0,0,-1,-1,0,0,-1,201900033126,2,1,NULL,NULL,2,2,0,1,144,300,1,NULL,NULL,2,0,1,80
201900034691,15,12,2019,12:45:00,1,12,12253,1,1,1,2,"RD 577","44,1757750","2,7302380",201900034691,138 240 990,A01,1,1,0,0,4,2,5,NULL,201900034691,138 240 989,B01,1,1,1,1,1961,4,1,-1,-1,0,0,-1,201900034691,3,577,0,NULL,2,2,0,2,13,942,2,NULL,NULL,1,0,1,80
201900034691,15,12,2019,12:45:00,1,12,12253,1,1,1,2,"RD 577","44,1757750","2,7302380",201900034691,138 240 990,A01,1,1,0,0,4,2,5,NULL,201900034691,138 240 990,A01,1,1,3,1,1948,5,0,-1,-1,0,0,-1,201900034691,3,577,0,NULL,2,2,0,2,13,942,2,NULL,NULL,1,0,1,80
201900035325,1,10,2019,16:45:00,1,94,94068,2,1,2,2,"DIDEROT (AV)","48,8026258","2,4831150",201900035325,138 239 718,A01,1,1,0,2,1,19,0,NULL,201900035325,138 239 718,A01,1,1,4,1,2003,0,8,0,-1,-1,0,-1,201900035325,4,"DIDEROT (AV)",0,NULL,1,1,0,1,0,0,1,NULL,NULL,1,0,1,50
201900035325,1,10,2019,16:45:00,1,94,94068,2,1,2,2,"DIDEROT (AV)","48,8026258","2,4831150",201900035325,138 239 718,A01,1,1,0,2,1,19,0,NULL,201900035325,138 239 719,B01,1,1,1,2,1982,1,1,0,-1,-1,0,-1,201900035325,4,"DIDEROT (AV)",0,NULL,1,1,0,1,0,0,1,NULL,NULL,1,0,1,50
201900039657,5,4,2019,18:20:00,1,75,75117,2,2,1,3,"AVENUE DES TERNES","48,8801010","2,2878810",201900039657,138 231 553,B01,1,1,0,2,3,2,5,NULL,201900039657,138 231 553,B01,1,1,4,1,1980,1,2,0,-1,0,0,-1,201900039657,4,"AVENUE DES TERNES",0,NULL,1,4,0,1,0,0,1,NULL,NULL,1,0,1,50
201900039657,5,4,2019,18:20:00,1,75,75117,2,2,1,3,"AVENUE DES TERNES","48,8801010","2,2878810",201900039657,138 231 553,B01,1,1,0,2,3,2,5,NULL,201900039657,138 231 554,A01,1,1,1,1,1990,0,1,0,-1,0,0,-1,201900039657,4,"AVENUE DES TERNES",0,NULL,1,4,0,1,0,0,1,NULL,NULL,1,0,1,50
201900039696,19,7,2019,11:20:00,1,976,97611,2,1,1,1,"m'tsapere-Macoco Mandzarsoa ( rue )"," -12,7870800","45,2246200",201900039696,138 231 481,B01,1,1,0,2,1,5,0,NULL,201900039696,138 231 480,A01,1,1,1,1,1973,0,1,8,-1,-1,0,-1,201900039696,4,"m'tsapere-Macoco Mandzarsoa ( rue )",0,NULL,2,2,0,2,0,0,1,NULL,NULL,1,9,1,50
201900039696,19,7,2019,11:20:00,1,976,97611,2,1,1,1,"m'tsapere-Macoco Mandzarsoa ( rue )"," -12,7870800","45,2246200",201900039696,138 231 481,B01,1,1,0,2,1,5,0,NULL,201900039696,138 231 481,B01,1,1,4,1,2003,9,8,0,-1,-1,0,-1,201900039696,4,"m'tsapere-Macoco Mandzarsoa ( rue )",0,NULL,2,2,0,2,0,0,1,NULL,NULL,1,9,1,50
201900040235,20,6,2019,14:40:00,1,63,63322,1,6,1,3,"INTERSECTION D210-D6","45,8531516","3,1765103",201900040235,138 230 487,B01,3,1,0,2,7,16,5,NULL,201900040235,138 230 487,B01,1,1,3,1,1948,5,2,-1,-1,0,0,-1,201900040235,3,210,0,NULL,1,2,0,1,(1),(1),1,NULL,NULL,1,5,1,70
201900040235,20,6,2019,14:40:00,1,63,63322,1,6,1,3,"INTERSECTION D210-D6","45,8531516","3,1765103",201900040235,138 230 487,B01,3,1,0,2,7,16,5,NULL,201900040235,138 230 488,A01,1,1,1,2,1960,5,1,-1,-1,0,0,-1,201900040235,3,210,0,NULL,1,2,0,1,(1),(1),1,NULL,NULL,1,5,1,70
201900041076,3,3,2019,15:50:00,1,65,65290,2,1,1,3,"48 Rue du Montaigu","43,1494850","0,1787400",201900041076,138 228 942,B01,2,1,0,2,1,26,0,NULL,201900041076,138 228 941,A01,1,1,1,2,1949,5,1,-1,-1,0,0,-1,201900041076,4,NULL,0,NULL,2,2,0,1,(1),(1),1,NULL,NULL,1,0,1,50
201900041076,3,3,2019,15:50:00,1,65,65290,2,1,1,3,"48 Rue du Montaigu","43,1494850","0,1787400",201900041076,138 228 942,B01,2,1,0,2,1,26,0,NULL,201900041076,138 228 942,B01,1,1,4,1,2008,5,0,-1,-1,0,0,-1,201900041076,4,NULL,0,NULL,2,2,0,1,(1),(1),1,NULL,NULL,1,0,1,50
201900044612,9,1,2019,17:24:00,2,87,87085,2,3,1,3,"GAY-LUSSAC (COURS)","45,8364800","1,2652000",201900044612,138 222 236,A01,2,1,0,2,1,7,5,NULL,201900044612,138 222 236,A01,1,1,4,1,1960,1,2,0,-1,0,0,-1,201900044612,4,"GAY-LUSSAC (COURS)",0,NULL,3,4,3,2,0,0,1,NULL,NULL,1,0,1,50
201900044612,9,1,2019,17:24:00,2,87,87085,2,3,1,3,"GAY-LUSSAC (COURS)","45,8364800","1,2652000",201900044612,138 222 236,A01,2,1,0,2,1,7,5,NULL,201900044612,138 222 237,B01,1,1,1,2,1987,1,1,0,-1,0,0,-1,201900044612,4,"GAY-LUSSAC (COURS)",0,NULL,3,4,3,2,0,0,1,NULL,NULL,1,0,1,50
201900044866,29,8,2019,17:55:00,1,68,68063,2,1,1,2,"41 A Avenue Charles de Gaulle","47,8005750","7,1823630",201900044866,138 221 754,A01,2,1,0,0,6,13,5,NULL,201900044866,138 221 753,B01,1,1,1,2,1970,2,1,-1,-1,0,0,-1,201900044866,3,2.2,2,NULL,2,2,1,1,0,450,1,NULL,NULL,1,0,1,50
201900044866,29,8,2019,17:55:00,1,68,68063,2,1,1,2,"41 A Avenue Charles de Gaulle","47,8005750","7,1823630",201900044866,138 221 754,A01,2,1,0,0,6,13,5,NULL,201900044866,138 221 754,A01,1,1,3,1,2006,5,0,-1,-1,0,0,-1,201900044866,3,2.2,2,NULL,2,2,1,1,0,450,1,NULL,NULL,1,0,1,50
201900046431,27,9,2019,08:50:00,1,972,97209,2,1,1,3,"ABBE LAVIGNE (AVENUE)","14,6132940"," -61,0726440",201900046431,138 218 722,B01,1,1,0,2,4,1,5,NULL,201900046431,138 218 722,B01,1,1,4,1,1986,5,2,8,-1,-1,0,-1,201900046431,3,51,0,NULL,2,2,0,1,0,100,1,NULL,NULL,1,9,1,50
201900046431,27,9,2019,08:50:00,1,972,97209,2,1,1,3,"ABBE LAVIGNE (AVENUE)","14,6132940"," -61,0726440",201900046431,138 218 722,B01,1,1,0,2,4,1,5,NULL,201900046431,138 218 723,A01,1,1,1,1,1933,9,1,0,-1,-1,0,-1,201900046431,3,51,0,NULL,2,2,0,1,0,100,1,NULL,NULL,1,9,1,50
201900047637,13,6,2019,15:45:00,1,60,60414,1,6,1,6,"ROND POINT PATHE- RD 200","49,2599300","2,4531900",201900047637,138 216 494,B01,0,1,0,2,8,0,0,NULL,201900047637,138 216 494,B01,1,1,3,1,1988,0,8,0,-1,-1,0,-1,201900047637,3,200,0,NULL,2,0,0,1,15,900,3,NULL,NULL,1,9,1,90
201900047637,13,6,2019,15:45:00,1,60,60414,1,6,1,6,"ROND POINT PATHE- RD 200","49,2599300","2,4531900",201900047637,138 216 494,B01,0,1,0,2,8,0,0,NULL,201900047637,138 216 495,A01,1,1,1,1,1959,4,8,8,-1,-1,0,-1,201900047637,3,200,0,NULL,2,0,0,1,15,900,3,NULL,NULL,1,9,1,90
201900048319,26,9,2019,13:45:00,1,35,35238,2,9,2,3,"LEROUX (BD OSCAR)","48,0912700"," -1,6646700",201900048319,138 215 213,A01,2,1,0,2,1,1,5,NULL,201900048319,138 215 213,A01,1,1,4,1,2007,2,8,0,-1,-1,0,-1,201900048319,4,"LEROUX (BD OSCAR)",0,NULL,-1,0,0,1,0,0,1,NULL,NULL,2,0,1,2
201900048319,26,9,2019,13:45:00,1,35,35238,2,9,2,3,"LEROUX (BD OSCAR)","48,0912700"," -1,6646700",201900048319,138 215 213,A01,2,1,0,2,1,1,5,NULL,201900048319,138 215 214,B01,1,1,1,1,1966,1,1,0,-1,-1,0,-1,201900048319,4,"LEROUX (BD OSCAR)",0,NULL,-1,0,0,1,0,0,1,NULL,NULL,2,0,1,2
201900052834,26,5,2019,10:00:00,1,14,14055,1,1,1,2,D58,"49,2622330","0,1071330",201900052834,138 206 690,A01,1,1,0,9,1,1,5,NULL,201900052834,138 206 689,B01,1,1,1,1,1963,5,2,-1,-1,0,0,-1,201900052834,3,58,NULL,NULL,2,2,0,2,0,200,3,NULL,NULL,1,0,1,80
201900052834,26,5,2019,10:00:00,1,14,14055,1,1,1,2,D58,"49,2622330","0,1071330",201900052834,138 206 689,B01,1,1,0,9,4,1,5,NULL,201900052834,138 206 689,B01,1,1,1,1,1963,5,2,-1,-1,0,0,-1,201900052834,3,58,NULL,NULL,2,2,0,2,0,200,3,NULL,NULL,1,0,1,80
201900052834,26,5,2019,10:00:00,1,14,14055,1,1,1,2,D58,"49,2622330","0,1071330",201900052834,138 206 690,A01,1,1,0,9,1,1,5,NULL,201900052834,138 206 690,A01,1,1,3,1,1966,5,2,-1,-1,0,0,-1,201900052834,3,58,NULL,NULL,2,2,0,2,0,200,3,NULL,NULL,1,0,1,80
201900052834,26,5,2019,10:00:00,1,14,14055,1,1,1,2,D58,"49,2622330","0,1071330",201900052834,138 206 689,B01,1,1,0,9,4,1,5,NULL,201900052834,138 206 690,A01,1,1,3,1,1966,5,2,-1,-1,0,0,-1,201900052834,3,58,NULL,NULL,2,2,0,2,0,200,3,NULL,NULL,1,0,1,80
201900053436,3,1,2019,15:00:00,1,69,69389,2,1,7,6,"24 MARS 1852 ","45,7808800","4,8060400",201900053436,138 205 576,B01,2,1,1,0,1,1,5,NULL,201900053436,138 205 575,A01,1,1,1,2,1970,5,1,0,-1,-1,0,-1,201900053436,4,"24 MARS 1852 ",0,NULL,2,3,1,1,0,0,1,NULL,NULL,1,0,1,50
201900053436,3,1,2019,15:00:00,1,69,69389,2,1,7,6,"24 MARS 1852 ","45,7808800","4,8060400",201900053436,138 205 576,B01,2,1,1,0,1,1,5,NULL,201900053436,138 205 576,B01,1,1,4,1,1976,0,8,0,-1,-1,0,-1,201900053436,4,"24 MARS 1852 ",0,NULL,2,3,1,1,0,0,1,NULL,NULL,1,0,1,50
201900054648,4,12,2019,19:05:00,5,93,93053,2,9,1,2,"BREMENT (RUE DE) 1 A 83 - 2 A 78","48,8994066","2,4587288",201900054648,138 203 339,A01,1,1,0,1,4,16,6,NULL,201900054648,138 203 339,A01,1,1,4,1,1965,1,2,8,-1,0,0,-1,201900054648,3,116,0,NULL,1,3,0,1,87,0,3,NULL,NULL,1,9,1,50
201900055789,13,7,2019,07:40:00,1,6,06075,1,1,7,1,"5047 Route de Saint-Blaise","43,8298630","7,2391290",201900055789,138 201 227,A01,2,1,0,2,1,13,6,NULL,201900055789,138 201 227,A01,1,1,3,1,1946,5,2,-1,-1,0,0,-1,201900055789,7,14,NULL,NULL,2,2,0,2,24,850,2,NULL,NULL,1,0,1,70
201900055789,13,7,2019,07:40:00,1,6,06075,1,1,7,1,"5047 Route de Saint-Blaise","43,8298630","7,2391290",201900055789,138 201 227,A01,2,1,0,2,1,13,6,NULL,201900055789,138 201 228,B01,1,1,1,1,2001,5,2,-1,-1,0,0,-1,201900055789,7,14,NULL,NULL,2,2,0,2,24,850,2,NULL,NULL,1,0,1,70
201900056513,15,2,2019,14:35:00,1,34,34172,2,1,1,3,"RAYMOND DUGRAND (AVENUE)","43,5922600","3,9069000",201900056513,138 199 872,B01,2,1,0,2,8,1,5,NULL,201900056513,138 199 872,B01,1,1,4,1,1950,5,8,0,-1,-1,0,-1,201900056513,4,"RAYMOND DUGRAND (AVENUE)",0,NULL,2,4,0,1,(1),(1),1,NULL,NULL,1,0,1,50
201900056513,15,2,2019,14:35:00,1,34,34172,2,1,1,3,"RAYMOND DUGRAND (AVENUE)","43,5922600","3,9069000",201900056513,138 199 872,B01,2,1,0,2,8,1,5,NULL,201900056513,138 199 873,A01,1,1,1,2,1985,5,1,0,-1,-1,0,-1,201900056513,4,"RAYMOND DUGRAND (AVENUE)",0,NULL,2,4,0,1,(1),(1),1,NULL,NULL,1,0,1,50
201900057354,10,7,2019,09:40:00,1,88,88201,2,4,1,3,"intersection D460 - D39","48,1656760","6,3083780",201900057354,138 198 338,B01,2,1,0,2,3,16,5,NULL,201900057354,138 198 338,B01,1,1,3,1,1955,5,2,-1,-1,0,0,-1,201900057354,3,460,NULL,NULL,2,2,0,2,51,500,3,NULL,NULL,1,5,1,50
201900057354,10,7,2019,09:40:00,1,88,88201,2,4,1,3,"intersection D460 - D39","48,1656760","6,3083780",201900057354,138 198 338,B01,2,1,0,2,3,16,5,NULL,201900057354,138 198 339,A01,1,1,1,2,1990,4,1,-1,-1,0,0,-1,201900057354,3,460,NULL,NULL,2,2,0,2,51,500,3,NULL,NULL,1,5,1,50
201900011456,14,9,2019,10:25:00,1,71,71227,1,1,1,2,Longve,"46,6860910","3,9219070",201900011456,138 285 198,B01,0,1,0,0,4,2,5,NULL,201900011456,138 285 197,A01,1,1,1,1,1951,5,1,-1,-1,0,0,-1,201900011456,3,42,NULL,NULL,2,2,0,3,(1),(1),2,NULL,NULL,1,0,1,80
201900011456,14,9,2019,10:25:00,1,71,71227,1,1,1,2,Longve,"46,6860910","3,9219070",201900011456,138 285 198,B01,0,1,0,0,4,2,5,NULL,201900011456,138 285 198,B01,1,1,3,1,1971,5,2,-1,-1,0,0,-1,201900011456,3,42,NULL,NULL,2,2,0,3,(1),(1),2,NULL,NULL,1,0,1,80
201900018056,25,5,2019,04:00:00,5,974,97407,2,1,1,6,"Avenue du 20 décembre 1948"," -20,9379800","55,2985400",201900018056,138 272 655,B01,3,1,0,2,0,26,5,NULL,201900018056,138 272 655,B01,1,1,3,1,1989,0,8,0,-1,0,0,-1,201900018056,4,"Avenue du 20 décembre 1948",0,NULL,2,2,0,2,0,0,1,NULL,NULL,1,0,1,50
201900018056,25,5,2019,04:00:00,5,974,97407,2,1,1,6,"Avenue du 20 décembre 1948"," -20,9379800","55,2985400",201900018056,138 272 655,B01,3,1,0,2,0,26,5,NULL,201900018056,138 272 656,A01,1,1,1,1,1987,0,2,8,-1,0,0,-1,201900018056,4,"Avenue du 20 décembre 1948",0,NULL,2,2,0,2,0,0,1,NULL,NULL,1,0,1,50
201900019400,19,4,2019,08:10:00,1,49,49193,1,1,1,2,"RD 15 lieu dit les sources","47,1562840"," -0,8943580",201900019400,138 270 177,B01,0,1,13,2,4,1,5,NULL,201900019400,138 270 176,A01,1,1,1,1,1977,0,1,-1,-1,0,0,-1,201900019400,3,15,NULL,NULL,2,2,0,1,(1),(1),1,NULL,NULL,1,0,1,80
201900019400,19,4,2019,08:10:00,1,49,49193,1,1,1,2,"RD 15 lieu dit les sources","47,1562840"," -0,8943580",201900019400,138 270 177,B01,0,1,13,2,4,1,5,NULL,201900019400,138 270 177,B01,1,1,3,1,1982,0,0,-1,-1,0,0,-1,201900019400,3,15,NULL,NULL,2,2,0,1,(1),(1),1,NULL,NULL,1,0,1,80
201900019782,2,8,2019,13:25:00,1,93,93077,2,1,1,6,"LECLERC (AVENUE DU GENERAL)","48,8862600","2,5104200",201900019782,138 269 428,B01,1,1,0,2,1,1,0,NULL,201900019782,138 269 427,A01,3,2,1,2,1997,0,1,0,-1,-1," -1",-1,201900019782,4,"LECLERC (AVENUE DU GENERAL)",0,NULL,1,1,0,1,0,0,1,NULL,NULL,1,0,1,50
201900019782,2,8,2019,13:25:00,1,93,93077,2,1,1,6,"LECLERC (AVENUE DU GENERAL)","48,8862600","2,5104200",201900019782,138 269 428,B01,1,1,0,2,1,1,0,NULL,201900019782,138 269 427,A01,1,1,1,2,1981,0,1,0,-1,-1," -1",-1,201900019782,4,"LECLERC (AVENUE DU GENERAL)",0,NULL,1,1,0,1,0,0,1,NULL,NULL,1,0,1,50
201900019782,2,8,2019,13:25:00,1,93,93077,2,1,1,6,"LECLERC (AVENUE DU GENERAL)","48,8862600","2,5104200",201900019782,138 269 428,B01,1,1,0,2,1,1,0,NULL,201900019782,138 269 428,B01,1,1,4,1,1964,0,8,0,-1,-1," -1",-1,201900019782,4,"LECLERC (AVENUE DU GENERAL)",0,NULL,1,1,0,1,0,0,1,NULL,NULL,1,0,1,50
201900023192,27,6,2019,20:05:00,1,86,86194,2,1,7,3,"ROCADE EST (RD 162)","46,5726392","0,3705525",201900023192,138 262 939,A01,2,1,0,2,0,9,0,NULL,201900023192,138 262 939,A01,1,1,4,1,1999,9,8,0,-1,-1," -1",-1,201900023192,3,162,0,NULL,3,4,0,1,3,845,1,NULL,NULL,1,0,1,50
201900023192,27,6,2019,20:05:00,1,86,86194,2,1,7,3,"ROCADE EST (RD 162)","46,5726392","0,3705525",201900023192,138 262 939,A01,2,1,0,2,0,9,0,NULL,201900023192,138 262 940,B01,1,1,1,2,1954,9,1,8,-1,-1," -1",-1,201900023192,3,162,0,NULL,3,4,0,1,3,845,1,NULL,NULL,1,0,1,50
201900023247,26,6,2019,15:40:00,1,56,56162,2,1,1,3,"KERVAM (RUE DE)","47,7350400"," -3,4282000",201900023247,138 262 795,A01,3,1,0,2,1,1,5,NULL,201900023247,138 262 795,A01,1,1,4,1,2001,5,8,0,-1,0,0,-1,201900023247,6,"KERVAM (RUE DE)",0,NULL,-1,-1,0,1,0,0,1,NULL,NULL,1,0,1,30
201900023247,26,6,2019,15:40:00,1,56,56162,2,1,1,3,"KERVAM (RUE DE)","47,7350400"," -3,4282000",201900023247,138 262 795,A01,3,1,0,2,1,1,5,NULL,201900023247,138 262 796,B01,1,1,1,1,1935,5,1,8,-1,0,0,-1,201900023247,6,"KERVAM (RUE DE)",0,NULL,-1,-1,0,1,0,0,1,NULL,NULL,1,0,1,30
201900023317,31,7,2019,15:23:00,1,75,75106,2,2,1,3,"RUE DE SEINE","48,8514710","2,3370410",201900023317,138 262 647,B01,1,1,0,2,1,1,5,NULL,201900023317,138 262 647,B01,1,1,3,2,1972,1,2,0,-1,0,0,-1,201900023317,4,"RUE DE SEINE",0,NULL,2,2,0,1,0,0,1,NULL,NULL,1,0,1,30