Num_Acc,jour,mois,an,hrmn,lum,dep,com,agg,int,atm,col,adr,lat,long,Num_Acc,id_vehicule,num_veh,senc,catv,obs,obsm,choc,manv,motor,occutc,Num_Acc,id_vehicule,num_veh,place,catu,grav,sexe,an_nais,trajet,secu1,secu2,secu3,locp,actp,etatp,Num_Acc,catr,voie,v1,v2,circ,nbv,vosp,prof,pr,pr1,plan,lartpc,larrout,surf,infra,situ,vma
201900023317,31,7,2019,15:23:00,1,75,75106,2,2,1,3,"RUE DE SEINE","48,8514710","2,3370410",201900023317,138 262 647,B01,1,1,0,2,1,1,5,NULL,201900023317,138 262 648,A01,1,1,1,1,1977,1,1,0,-1,0,0,-1,201900023317,4,"RUE DE SEINE",0,NULL,2,2,0,1,0,0,1,NULL,NULL,1,0,1,30
201900024672,17,4,2019,18:10:00,1,31,31118,1,3,1,3,CD29,"43,8137670","1,3731490",201900024672,138 259 939,B01,3,1,0,2,1,1,5,NULL,201900024672,138 259 938,A01,1,1,1,1,1962,1,1,-1,-1,0,0,-1,201900024672,3,29,NULL,NULL,2,2,0,1,31,888,1,NULL,NULL,1,0,1,80
201900024672,17,4,2019,18:10:00,1,31,31118,1,3,1,3,CD29,"43,8137670","1,3731490",201900024672,138 259 939,B01,3,1,0,2,1,1,5,NULL,201900024672,138 259 939,B01,1,1,3,1,1997,5,2,-1,-1,0,0,-1,201900024672,3,29,NULL,NULL,2,2,0,1,31,888,1,NULL,NULL,1,0,1,80
201900026055,8,10,2019,19:05:00,5,51,51454,2,2,2,1,"RUE VOLTAIRE","49,2548800","4,0375900",201900026055,138 257 279,A01,3,1,0,2,1,19,5,NULL,201900026055,138 257 279,A01,1,1,4,1,1999,0,2,0,-1,-1,0,-1,201900026055,4,"RUE VOLTAIRE",0,NULL,1,1,0,1,1,0,1,NULL,NULL,2,0,1,50
201900026055,8,10,2019,19:05:00,5,51,51454,2,2,2,1,"RUE VOLTAIRE","49,2548800","4,0375900",201900026055,138 257 279,A01,3,1,0,2,1,19,5,NULL,201900026055,138 257 280,B01,1,1,1,2,1979,0,1,0,-1,-1,0,-1,201900026055,4,"RUE VOLTAIRE",0,NULL,1,1,0,1,1,0,1,NULL,NULL,2,0,1,50
201900027258,23,5,2019,17:30:00,1,56,56121,2,1,1,3,"MONISTROL (RUE)","47,7337600"," -3,3851000",201900027258,138 255 024,B01,3,1,0,2,1,19,5,NULL,201900027258,138 255 023,A01,1,1,1,1,1993,0,1,8,-1,0,0,-1,201900027258,4,"MONISTROL (RUE)",0,NULL,2,3,0,1,0,0,1,NULL,NULL,1,0,1,50
201900027258,23,5,2019,17:30:00,1,56,56121,2,1,1,3,"MONISTROL (RUE)","47,7337600"," -3,3851000",201900027258,138 255 024,B01,3,1,0,2,1,19,5,NULL,201900027258,138 255 024,B01,1,1,4,1,2007,0,2,8,-1,0,0,-1,201900027258,4,"MONISTROL (RUE)",0,NULL,2,3,0,1,0,0,1,NULL,NULL,1,0,1,50
201900028492,11,4,2019,19:35:00,1,67,67482,2,1,1,3,"JEAN SEBASTIEN BACH (BOULEVARD)","48,5887240","7,7788330",201900028492,138 252 743,B01,2,1,0,2,1,1,5,NULL,201900028492,138 252 743,B01,1,1,4,1,1974,0,8,0,-1,-1,0,-1,201900028492,4,"JEAN SEBASTIEN BACH (BOULEVARD)",0,NULL,2,2,0,1,0,0,1,NULL,NULL,1,9,1,50
201900028492,11,4,2019,19:35:00,1,67,67482,2,1,1,3,"JEAN SEBASTIEN BACH (BOULEVARD)","48,5887240","7,7788330",201900028492,138 252 743,B01,2,1,0,2,1,1,5,NULL,201900028492,138 252 744,A01,1,1,1,2,1956,9,1,8,-1,-1,0,-1,201900028492,4,"JEAN SEBASTIEN BACH (BOULEVARD)",0,NULL,2,2,0,1,0,0,1,NULL,NULL,1,9,1,50
201900029567,7,10,2019,10:00:00,1,75,75117,2,3,1,3,"BOULEVARD DES BATIGNOLLES","48,8832241","2,3253237",201900029567,138 250 681,B01,1,1,0,2,8,1,5,NULL,201900029567,138 250 681,B01,1,1,4,2,1994,1,2,0,-1,0,0,-1,201900029567,4,"BOULEVARD DES BATIGNOLLES",0,NULL,3,2,1,1,0,0,1,NULL,NULL,1,0,5,50
201900029567,7,10,2019,10:00:00,1,75,75117,2,3,1,3,"BOULEVARD DES BATIGNOLLES","48,8832241","2,3253237",201900029567,138 250 681,B01,1,1,0,2,8,1,5,NULL,201900029567,138 250 682,A01,1,1,1,1,1958,5,1,0,-1,0,0,-1,201900029567,4,"BOULEVARD DES BATIGNOLLES",0,NULL,3,2,1,1,0,0,1,NULL,NULL,1,0,5,50
201900029905,14,1,2019,14:26:00,1,69,69050,1,1,1,1,chemin,"45,8728400","4,6363080",201900029905,138 250 103,B01,3,1,0,2,1,1,5,NULL,201900029905,138 250 102,A01,1,1,1,1,2000,5,2,-1,-1,0,0,-1,201900029905,9,NULL,NULL,NULL,-1,1,0,1,(1),(1),2,NULL,NULL,6,0,8,-1
201900029905,14,1,2019,14:26:00,1,69,69050,1,1,1,1,chemin,"45,8728400","4,6363080",201900029905,138 250 103,B01,3,1,0,2,1,1,5,NULL,201900029905,138 250 103,B01,1,1,4,1,1982,5,2,-1,-1,0,0,-1,201900029905,9,NULL,NULL,NULL,-1,1,0,1,(1),(1),2,NULL,NULL,6,0,8,-1
201900031651,21,1,2019,07:43:00,2,49,49007,2,2,1,3,"DE LATTRE DE TASSIGNY","47,4525300"," -0,5404900",201900031651,138 246 843,B01,1,1,0,2,8,1,5,NULL,201900031651,138 246 843,B01,1,1,3,1,1979,0,2,0,-1,-1,0,-1,201900031651,4,"DE LATTRE DE TASSIGNY",0,NULL,-1,7,0,1,0,0,1,NULL,NULL,1,0,1,50
201900031651,21,1,2019,07:43:00,2,49,49007,2,2,1,3,"DE LATTRE DE TASSIGNY","47,4525300"," -0,5404900",201900031651,138 246 843,B01,1,1,0,2,8,1,5,NULL,201900031651,138 246 844,A01,1,1,1,1,1964,0,1,8,-1,-1,0,-1,201900031651,4,"DE LATTRE DE TASSIGNY",0,NULL,-1,7,0,1,0,0,1,NULL,NULL,1,0,1,50
201900032717,20,5,2019,23:13:00,5,25,25056,2,2,8,3,"CHURCHILL BD WINSTON (sup19)","47,2463400","5,9980800",201900032717,138 244 762,A01,2,1,0,2,1,26,5,NULL,201900032717,138 244 761,B01,1,1,1,2,1960,1,1,8,-1,-1,1,-1,201900032717,4,"CHURCHILL BD WINSTON (sup19)",0,NULL,2,4,0,1,0,0,1,NULL,NULL,1,5,1,50
201900032717,20,5,2019,23:13:00,5,25,25056,2,2,8,3,"CHURCHILL BD WINSTON (sup19)","47,2463400","5,9980800",201900032717,138 244 762,A01,2,1,0,2,1,26,5,NULL,201900032717,138 244 762,A01,1,1,4,1,2001,5,8,0,-1,-1,0,-1,201900032717,4,"CHURCHILL BD WINSTON (sup19)",0,NULL,2,4,0,1,0,0,1,NULL,NULL,1,5,1,50
201900033034,8,11,2019,16:30:00,1,75,75106,2,4,1,3,"RUE DE RENNES","48,8502790","2,3299380",201900033034,138 244 131,B01,1,1,0,2,3,18,5,NULL,201900033034,138 244 130,A01,1,1,1,2,1947,0,1,0,-1,0,0,-1,201900033034,4,"RUE DE RENNES",0,NULL,2,2,0,1,92,0,1,NULL,NULL,1,0,1,50
201900033034,8,11,2019,16:30:00,1,75,75106,2,4,1,3,"RUE DE RENNES","48,8502790","2,3299380",201900033034,138 244 131,B01,1,1,0,2,3,18,5,NULL,201900033034,138 244 131,B01,1,1,4,1,1973,0,2,8,-1,0,0,-1,201900033034,4,"RUE DE RENNES",0,NULL,2,2,0,1,92,0,1,NULL,NULL,1,0,1,50
201900033939,4,3,2019,09:00:00,1,10,10297,2,1,6,6,"ANATOLE FRANCE (RUE)","48,3207100","4,0973600",201900033939,138 242 423,A01,1,1,1,0,1,14,5,NULL,201900033939,138 242 423,A01,1,1,4,1,2002,0,8,0,-1,-1," -1",-1,201900033939,4,"ANATOLE FRANCE (RUE)",0,NULL,2,2,0,1,0,0,1,NULL,NULL,1,0,1,50
201900034912,6,11,2019,15:55:00,1,62,62108,2,3,1,3,QUETTIER,"50,4107500","1,5655000",201900034912,138 240 522,B01,1,1,0,2,1,1,5,NULL,201900034912,138 240 521,A01,1,1,1,1,1985,4,1,0,-1,-1," -1",-1,201900034912,4,QUETTIER,0,NULL,2,2,0,2,0,0,1,NULL,NULL,1,0,1,50
201900034912,6,11,2019,15:55:00,1,62,62108,2,3,1,3,QUETTIER,"50,4107500","1,5655000",201900034912,138 240 522,B01,1,1,0,2,1,1,5,NULL,201900034912,138 240 522,B01,1,1,3,1,1958,0,2,0,-1,-1," -1",-1,201900034912,4,QUETTIER,0,NULL,2,2,0,2,0,0,1,NULL,NULL,1,0,1,50
201900038619,31,10,2019,18:00:00,5,35,35238,2,2,1,3,"CHURCHILL (AVENUE SIR WINSTON)","48,1170200"," -1,7080600",201900038619,138 233 497,B01,3,1,0,2,1,2,5,NULL,201900038619,138 233 497,B01,1,1,4,1,1997,9,8,0,-1,-1," -1",-1,201900038619,4,"CHURCHILL (AVENUE SIR WINSTON)",0,NULL,2,4,0,1,0,0,1,NULL,NULL,1,0,5,50
201900038619,31,10,2019,18:00:00,5,35,35238,2,2,1,3,"CHURCHILL (AVENUE SIR WINSTON)","48,1170200"," -1,7080600",201900038619,138 233 497,B01,3,1,0,2,1,2,5,NULL,201900038619,138 233 498,A01,1,1,1,1,1995,5,1,0,-1,-1,0,-1,201900038619,4,"CHURCHILL (AVENUE SIR WINSTON)",0,NULL,2,4,0,1,0,0,1,NULL,NULL,1,0,5,50
201900038884,30,9,2019,18:25:00,1,56,56121,2,3,2,3,"CHAZELLES ( COURS LOUIS  DE )","47,7548500"," -3,3633200",201900038884,138 232 995,B01,1,1,0,2,1,1,5,NULL,201900038884,138 232 994,A01,1,1,1,2,1996,4,1,8,-1,0,0,-1,201900038884,4,"CHAZELLES ( COURS LOUIS  DE )",0,NULL,2,4,2,1,0,0,1,NULL,NULL,2,5,1,30
201900038884,30,9,2019,18:25:00,1,56,56121,2,3,2,3,"CHAZELLES ( COURS LOUIS  DE )","47,7548500"," -3,3633200",201900038884,138 232 995,B01,1,1,0,2,1,1,5,NULL,201900038884,138 232 995,B01,1,1,4,2,1962,5,2,0,-1,0,0,-1,201900038884,4,"CHAZELLES ( COURS LOUIS  DE )",0,NULL,2,4,2,1,0,0,1,NULL,NULL,2,5,1,30
201900044088,25,2,2019,16:15:00,1,60,60671,1,1,1,7,"Chemin communal C11","49,1619448","2,7724110",201900044088,138 223 277,A01,0,1,0,0,0,1,5,NULL,201900044088,138 223 277,A01,1,1,2,1,1955,5,2,-1,-1,0,0,-1,201900044088,4,11,NULL,NULL,2,2,0,3,(1),(1),1,NULL,NULL,1,0,1,30
201900046008,22,2,2019,09:35:00,1,62,62193,2,7,8,3,"FOCH (PLACE)","50,9562100","1,8498200",201900046008,138 219 544,B01,1,1,0,2,1,3,5,NULL,201900046008,138 219 544,B01,1,1,4,1,1988,1,8,0,-1,0,0,-1,201900046008,4,"FOCH (PLACE)",0,NULL,3,4,0,1,0,0,1,NULL,NULL,2,0,1,30
201900046008,22,2,2019,09:35:00,1,62,62193,2,7,8,3,"FOCH (PLACE)","50,9562100","1,8498200",201900046008,138 219 544,B01,1,1,0,2,1,3,5,NULL,201900046008,138 219 545,A01,1,1,1,2,1973,1,1,8,-1,0,0,-1,201900046008,4,"FOCH (PLACE)",0,NULL,3,4,0,1,0,0,1,NULL,NULL,2,0,1,30
201900047526,11,6,2019,07:05:00,1,68,68297,2,1,1,3,"BACHMANN ( RUE THEO )","47,5859550","7,5614310",201900047526,138 216 712,B01,3,1,0,2,1,19,5,NULL,201900047526,138 216 711,A01,1,1,1,1,1977,4,1,8,-1,-1,0,-1,201900047526,4,"BACHMANN ( RUE THEO )",0,NULL,2,2,0,1,1,0,1,NULL,NULL,1,0,1,50
201900047526,11,6,2019,07:05:00,1,68,68297,2,1,1,3,"BACHMANN ( RUE THEO )","47,5859550","7,5614310",201900047526,138 216 712,B01,3,1,0,2,1,19,5,NULL,201900047526,138 216 712,B01,1,1,3,1,2002,1,8,0,-1,-1,0,-1,201900047526,4,"BACHMANN ( RUE THEO )",0,NULL,2,2,0,1,1,0,1,NULL,NULL,1,0,1,50
201900047738,21,2,2019,16:50:00,1,75,75111,2,2,1,3,"RUE DU CHEMIN VERT","48,8615830","2,3825830",201900047738,138 216 277,B01,2,1,0,2,7,1,5,NULL,201900047738,138 216 277,B01,1,1,4,2,1966,5,2,0,-1,0,0,-1,201900047738,4,"RUE DU CHEMIN VERT",0,NULL,1,1,0,2,0,0,1,NULL,NULL,1,0,1,30
201900047738,21,2,2019,16:50:00,1,75,75111,2,2,1,3,"RUE DU CHEMIN VERT","48,8615830","2,3825830",201900047738,138 216 277,B01,2,1,0,2,7,1,5,NULL,201900047738,138 216 278,A01,1,1,1,2,1971,1,1,0,-1,0,0,-1,201900047738,4,"RUE DU CHEMIN VERT",0,NULL,1,1,0,2,0,0,1,NULL,NULL,1,0,1,30
201900048364,26,9,2019,10:10:00,1,93,93062,2,1,2,6,"THIERS (AVENUE)","48,9008000","2,5133000",201900048364,138 215 124,B01,3,1,0,2,7,25,0,NULL,201900048364,138 215 123,A01,1,1,1,1,1993,4,1,8,-1,-1,0,-1,201900048364,4,"THIERS (AVENUE)",0,NULL,2,2,0,2,0,0,1,NULL,NULL,2,6,2,50
201900048364,26,9,2019,10:10:00,1,93,93062,2,1,2,6,"THIERS (AVENUE)","48,9008000","2,5133000",201900048364,138 215 124,B01,3,1,0,2,7,25,0,NULL,201900048364,138 215 124,B01,1,1,4,1,2007,0,2,0,-1,-1," -1",-1,201900048364,4,"THIERS (AVENUE)",0,NULL,2,2,0,2,0,0,1,NULL,NULL,2,6,2,50
201900049438,2,6,2019,10:35:00,1,44,44184,2,1,1,3,"VECQUERIE (RUE DE LA)","47,2564600"," -2,2629400",201900049438,138 213 156,B01,3,1,0,2,1,1,5,NULL,201900049438,138 213 155,A01,1,1,1,2,1973,5,1,0,-1,0,0,-1,201900049438,4,NULL,0,NULL,2,2,0,1,0,0,1,NULL,NULL,1,0,1,50
201900049438,2,6,2019,10:35:00,1,44,44184,2,1,1,3,"VECQUERIE (RUE DE LA)","47,2564600"," -2,2629400",201900049438,138 213 156,B01,3,1,0,2,1,1,5,NULL,201900049438,138 213 156,B01,1,1,4,1,1954,5,2,8,-1,0,0,-1,201900049438,4,NULL,0,NULL,2,2,0,1,0,0,1,NULL,NULL,1,0,1,50
201900050326,22,8,2019,10:25:00,1,49,49238,2,1,1,4,"Route de Blitourne","47,5252580"," -0,4349700",201900050326,138 211 504,A01,1,1,14,0,1,2,5,NULL,201900050326,138 211 502,C01,1,1,1,1,1966,5,2,-1,-1,0,0,-1,201900050326,3,113,0,NULL,2,2,0,1,13,600,1,NULL,NULL,1,9,1,50
201900050326,22,8,2019,10:25:00,1,49,49238,2,1,1,4,"Route de Blitourne","47,5252580"," -0,4349700",201900050326,138 211 503,B01,1,1,0,9,7,2,5,NULL,201900050326,138 211 502,C01,1,1,1,1,1966,5,2,-1,-1,0,0,-1,201900050326,3,113,0,NULL,2,2,0,1,13,600,1,NULL,NULL,1,9,1,50
201900050326,22,8,2019,10:25:00,1,49,49238,2,1,1,4,"Route de Blitourne","47,5252580"," -0,4349700",201900050326,138 211 502,C01,1,1,0,9,7,2,5,NULL,201900050326,138 211 502,C01,1,1,1,1,1966,5,2,-1,-1,0,0,-1,201900050326,3,113,0,NULL,2,2,0,1,13,600,1,NULL,NULL,1,9,1,50
201900050326,22,8,2019,10:25:00,1,49,49238,2,1,1,4,"Route de Blitourne","47,5252580"," -0,4349700",201900050326,138 211 504,A01,1,1,14,0,1,2,5,NULL,201900050326,138 211 503,B01,1,1,3,1,1945,5,2,-1,-1,0,0,-1,201900050326,3,113,0,NULL,2,2,0,1,13,600,1,NULL,NULL,1,9,1,50
201900050326,22,8,2019,10:25:00,1,49,49238,2,1,1,4,"Route de Blitourne","47,5252580"," -0,4349700",201900050326,138 211 503,B01,1,1,0,9,7,2,5,NULL,201900050326,138 211 503,B01,1,1,3,1,1945,5,2,-1,-1,0,0,-1,201900050326,3,113,0,NULL,2,2,0,1,13,600,1,NULL,NULL,1,9,1,50
201900050326,22,8,2019,10:25:00,1,49,49238,2,1,1,4,"Route de Blitourne","47,5252580"," -0,4349700",201900050326,138 211 502,C01,1,1,0,9,7,2,5,NULL,201900050326,138 211 503,B01,1,1,3,1,1945,5,2,-1,-1,0,0,-1,201900050326,3,113,0,NULL,2,2,0,1,13,600,1,NULL,NULL,1,9,1,50
201900050326,22,8,2019,10:25:00,1,49,49238,2,1,1,4,"Route de Blitourne","47,5252580"," -0,4349700",201900050326,138 211 504,A01,1,1,14,0,1,2,5,NULL,201900050326,138 211 504,A01,1,1,3,1,1949,5,2,-1,-1,0,0,-1,201900050326,3,113,0,NULL,2,2,0,1,13,600,1,NULL,NULL,1,9,1,50
201900050326,22,8,2019,10:25:00,1,49,49238,2,1,1,4,"Route de Blitourne","47,5252580"," -0,4349700",201900050326,138 211 503,B01,1,1,0,9,7,2,5,NULL,201900050326,138 211 504,A01,1,1,3,1,1949,5,2,-1,-1,0,0,-1,201900050326,3,113,0,NULL,2,2,0,1,13,600,1,NULL,NULL,1,9,1,50
201900050326,22,8,2019,10:25:00,1,49,49238,2,1,1,4,"Route de Blitourne","47,5252580"," -0,4349700",201900050326,138 211 502,C01,1,1,0,9,7,2,5,NULL,201900050326,138 211 504,A01,1,1,3,1,1949,5,2,-1,-1,0,0,-1,201900050326,3,113,0,NULL,2,2,0,1,13,600,1,NULL,NULL,1,9,1,50
201900052285,12,7,2019,09:30:00,1,69,69383,2,2,1,3,"CREQUI (DE)                         (R )","45,7596000","4,8478000",201900052285,138 207 785,A01,2,1,0,2,1,19,5,NULL,201900052285,138 207 784,B01,1,1,1,1,1972,0,1,0,-1,-1," -1",-1,201900052285,7,"CREQUI (DE)                         (R )",0,NULL,1,1,0,1,1,0,1,NULL,NULL,1,0,1,50
201900052285,12,7,2019,09:30:00,1,69,69383,2,2,1,3,"CREQUI (DE)                         (R )","45,7596000","4,8478000",201900052285,138 207 785,A01,2,1,0,2,1,19,5,NULL,201900052285,138 207 785,A01,1,1,4,1,1968,0,2,0,-1,-1," -1",-1,201900052285,7,"CREQUI (DE)                         (R )",0,NULL,1,1,0,1,1,0,1,NULL,NULL,1,0,1,50
201900055777,12,7,2019,13:00:00,1,95,95301,2,1,1,1,"36 Route de la Vallée","49,0765290","1,6798510",201900055777,138 201 247,B01,2,1,0,2,1,1,5,NULL,201900055777,138 201 247,B01,1,1,3,1,1950,5,6,-1,-1,0,0,-1,201900055777,3,913,NULL,NULL,2,2,0,1,(1),(1),1,NULL,NULL,1,0,1,80
201900055777,12,7,2019,13:00:00,1,95,95301,2,1,1,1,"36 Route de la Vallée","49,0765290","1,6798510",201900055777,138 201 247,B01,2,1,0,2,1,1,5,NULL,201900055777,138 201 248,A01,1,1,4,1,1934,3,8,-1,-1,0,0,-1,201900055777,3,913,NULL,NULL,2,2,0,1,(1),(1),1,NULL,NULL,1,0,1,80
201900056563,13,2,2019,18:10:00,1,31,31555,2,3,1,3,"PLACE DES TIBAOUS","43,5504700","1,3854900",201900056563,138 199 791,B01,0,1,0,2,1,19,5,NULL,201900056563,138 199 790,A01,1,1,1,1,1965,0,1,0,-1,-1,0,-1,201900056563,4,"PLACE DES TIBAOUS",0,NULL,2,2,0,1,0,0,1,NULL,NULL,1,9,1,30
201900056563,13,2,2019,18:10:00,1,31,31555,2,3,1,3,"PLACE DES TIBAOUS","43,5504700","1,3854900",201900056563,138 199 791,B01,0,1,0,2,1,19,5,NULL,201900056563,138 199 791,B01,1,1,4,1,2011,5,8,0,-1,-1,0,-1,201900056563,4,"PLACE DES TIBAOUS",0,NULL,2,2,0,1,0,0,1,NULL,NULL,1,9,1,30
201900056610,12,5,2019,12:00:00,1,78,78590,1,1,1,6,"rue de dampierre","48,6863980","1,9811360",201900056610,138 199 700,B01,2,1,0,2,1,0,5,NULL,201900056610,138 199 700,B01,1,1,4,1,1977,5,2,-1,-1,0,0,-1,201900056610,3,91,NULL,D,2,2,0,1,20,200,2,NULL,NULL,1,0,1,70
201900056610,12,5,2019,12:00:00,1,78,78590,1,1,1,6,"rue de dampierre","48,6863980","1,9811360",201900056610,138 199 700,B01,2,1,0,2,1,0,5,NULL,201900056610,138 199 704,A01,1,1,4,1,1997,5,2,-1,-1,0,0,-1,201900056610,3,91,NULL,D,2,2,0,1,20,200,2,NULL,NULL,1,0,1,70
201900056818,16,2,2019,17:49:00,1,75,75110,2,4,1,6,"RUE DU FAUBOURG DU TEMPLE","48,8681540","2,3654170",201900056818,138 199 302,A01,1,1,0,1,1,1,5,NULL,201900056818,138 199 302,A01,10,3,1,1,1956,9,8,0,-1,2,3,1,201900056818,4,"RUE DU FAUBOURG DU TEMPLE",0,NULL,2,2,0,1,0,0,1,NULL,NULL,1,0,1,50
201900056818,16,2,2019,17:49:00,1,75,75110,2,4,1,6,"RUE DU FAUBOURG DU TEMPLE","48,8681540","2,3654170",201900056818,138 199 302,A01,1,1,0,1,1,1,5,NULL,201900056818,138 199 302,A01,1,1,3,2,1967,0,8,0,-1,0,0,-1,201900056818,4,"RUE DU FAUBOURG DU TEMPLE",0,NULL,2,2,0,1,0,0,1,NULL,NULL,1,0,1,50
201900008870,2,8,2019,11:45:00,1,22,22106,2,3,1,3,"GREVES (Rue des)","48,4991800"," -2,6909000",201900008870,138 289 918,B01,2,1,0,2,1,1,5,NULL,201900008870,138 289 918,B01,1,1,4,1,1971,5,2,0,-1,0,0,-1,201900008870,4,"GREVES (Rue des)",0,NULL,2,2,0,1,0,0,1,NULL,NULL,1,0,1,50
201900008870,2,8,2019,11:45:00,1,22,22106,2,3,1,3,"GREVES (Rue des)","48,4991800"," -2,6909000",201900008870,138 289 918,B01,2,1,0,2,1,1,5,NULL,201900008870,138 289 919,A01,1,1,1,2,1962,0,8,0,-1,0,0,-1,201900008870,4,"GREVES (Rue des)",0,NULL,2,2,0,1,0,0,1,NULL,NULL,1,0,1,50
201900009457,30,12,2019,13:05:00,1,27,27306,2,9,1,3,"CONCORDE (RUE)","49,0103230","1,1772720",201900009457,138 288 814,B01,0,1,0,2,0,1,5,NULL,201900009457,138 288 814,B01,1,1,3,1,1952,9,8,0,-1,-1," -1",-1,201900009457,4,"CONCORDE (RUE)",0,NULL,2,2,0,1,0,0,1,NULL,NULL,1,0,1,50
201900011579,24,3,2019,05:30:00,2,67,67118,2,3,1,3,"rue de wolfisheim","48,5845350","7,6781970",201900011579,138 284 980,B01,2,1,0,2,1,1,5,NULL,201900011579,138 284 980,B01,1,1,3,1,1991,1,0,-1,-1,0,0,-1,201900011579,7,45,NULL,NULL,2,2,0,1,(1),(1),1,NULL,NULL,1,0,1,50
201900011579,24,3,2019,05:30:00,2,67,67118,2,3,1,3,"rue de wolfisheim","48,5845350","7,6781970",201900011579,138 284 980,B01,2,1,0,2,1,1,5,NULL,201900011579,138 284 981,A01,1,1,1,1,1974,5,1,-1,-1,0,0,-1,201900011579,7,45,NULL,NULL,2,2,0,1,(1),(1),1,NULL,NULL,1,0,1,50
201900016971,31,1,2019,12:57:00,1,67,67482,2,3,1,3,"HOCHFELDEN (RUE DE)","48,5982500","7,7258400",201900016971,138 274 698,A01,1,1,0,2,1,1,5,NULL,201900016971,138 274 698,A01,1,1,4,1,1982,1,8,8,-1,-1,0,-1,201900016971,4,"HOCHFELDEN (RUE DE)",0,NULL,2,4,0,1,0,0,1,NULL,NULL,1,0,1,50
201900016971,31,1,2019,12:57:00,1,67,67482,2,3,1,3,"HOCHFELDEN (RUE DE)","48,5982500","7,7258400",201900016971,138 274 698,A01,1,1,0,2,1,1,5,NULL,201900016971,138 274 699,B01,1,1,1,1,1998,0,1,8,-1,-1,0,-1,201900016971,4,"HOCHFELDEN (RUE DE)",0,NULL,2,4,0,1,0,0,1,NULL,NULL,1,0,1,50
201900021633,4,8,2019,15:10:00,1,85,85222,2,1,1,3,"Rue des Marais Salants","46,7016340"," -1,9337510",201900021633,138 265 947,A01,0,1,0,2,5,26,5,NULL,201900021633,138 265 947,A01,1,1,3,2,1952,5,0,-1,-1,0,0,-1,201900021633,4,NULL,NULL,NULL,2,2,1,1,(1),(1),1,NULL,NULL,1,0,5,50
201900021633,4,8,2019,15:10:00,1,85,85222,2,1,1,3,"Rue des Marais Salants","46,7016340"," -1,9337510",201900021633,138 265 947,A01,0,1,0,2,5,26,5,NULL,201900021633,138 265 948,B01,1,1,1,1,1938,5,1,-1,-1,0,0,-1,201900021633,4,NULL,NULL,NULL,2,2,1,1,(1),(1),1,NULL,NULL,1,0,5,50
201900022234,25,12,2019,17:00:00,1,33,33449,1,1,7,2,"Ex RD211 - Avenue de Martignas","44,8567510"," -0,7416200",201900022234,138 264 771,B01,3,1,0,0,6,2,5,NULL,201900022234,138 264 771,B01,1,1,3,1,1967,5,0,-1,-1,0,0,-1,201900022234,4,"Ex RD211",NULL,NULL,2,2,0,1,24,900,1,NULL,NULL,1,0,1,80
201900022234,25,12,2019,17:00:00,1,33,33449,1,1,7,2,"Ex RD211 - Avenue de Martignas","44,8567510"," -0,7416200",201900022234,138 264 771,B01,3,1,0,0,6,2,5,NULL,201900022234,138 264 772,A01,1,1,1,1,1930,5,1,-1,-1,0,0,-1,201900022234,4,"Ex RD211",NULL,NULL,2,2,0,1,24,900,1,NULL,NULL,1,0,1,80
201900022874,15,8,2019,05:00:00,3,976,97611,2,1,1,6,"kaweni-Kaweni nord ( Z I )"," -12,7939330","45,2188020",201900022874,138 263 562,B01,1,1,0,2,3,1,6,NULL,201900022874,138 263 562,B01,1,1,3,1,1986,0,8,0,-1,-1,0,-1,201900022874,2,2,0,NULL,2,0,0,2,0,0,2,NULL,NULL,1,0,1,50
201900024205,8,10,2019,20:21:00,5,45,45302,2,9,8,3,"RUE MARCEL PAUL","47,9432525","1,9073716",201900024205,138 260 843,A01,3,1,0,2,1,1,5,NULL,201900024205,138 260 842,B01,1,1,1,1,1958,0,1,0,-1,0,0,-1,201900024205,4,"RUE MARCEL PAUL",0,NULL,-1,0,0,1,(1),(1),1,NULL,NULL,1,2,1,50
201900024205,8,10,2019,20:21:00,5,45,45302,2,9,8,3,"RUE MARCEL PAUL","47,9432525","1,9073716",201900024205,138 260 843,A01,3,1,0,2,1,1,5,NULL,201900024205,138 260 843,A01,1,1,3,1,1971,9,2,0,-1,0,0,-1,201900024205,4,"RUE MARCEL PAUL",0,NULL,-1,0,0,1,(1),(1),1,NULL,NULL,1,2,1,50
201900024632,3,9,2019,18:30:00,1,63,63113,2,1,1,5,"FOSSES SOUS LE SEMINAIRE (RUE DES)","45,7946000","3,1148700",201900024632,138 260 010,B01,3,1,0,2,1,26,5,NULL,201900024632,138 260 009,C01,1,1,4,1,2003,0,2,0,-1,-1," -1",-1,201900024632,4,"FOSSES SOUS LE SEMINAIRE (RUE DES)",0,NULL,2,2,0,1,(1),(1),1,NULL,NULL,1,0,1,50
201900024632,3,9,2019,18:30:00,1,63,63113,2,1,1,5,"FOSSES SOUS LE SEMINAIRE (RUE DES)","45,7946000","3,1148700",201900024632,138 260 009,C01,0,1,0,2,1,26,0,NULL,201900024632,138 260 009,C01,1,1,4,1,2003,0,2,0,-1,-1," -1",-1,201900024632,4,"FOSSES SOUS LE SEMINAIRE (RUE DES)",0,NULL,2,2,0,1,(1),(1),1,NULL,NULL,1,0,1,50