Num_Acc,jour,mois,an,hrmn,lum,dep,com,agg,int,atm,col,adr,lat,long,Num_Acc,id_vehicule,num_veh,senc,catv,obs,obsm,choc,manv,motor,occutc,Num_Acc,id_vehicule,num_veh,place,catu,grav,sexe,an_nais,trajet,secu1,secu2,secu3,locp,actp,etatp,Num_Acc,catr,voie,v1,v2,circ,nbv,vosp,prof,pr,pr1,plan,lartpc,larrout,surf,infra,situ,vma
201900024632,3,9,2019,18:30:00,1,63,63113,2,1,1,5,"FOSSES SOUS LE SEMINAIRE (RUE DES)","45,7946000","3,1148700",201900024632,138 260 010,B01,3,1,0,2,1,26,5,NULL,201900024632,138 260 010,B01,1,1,4,1,2006,0,2,0,-1,-1," -1",-1,201900024632,4,"FOSSES SOUS LE SEMINAIRE (RUE DES)",0,NULL,2,2,0,1,(1),(1),1,NULL,NULL,1,0,1,50
201900024632,3,9,2019,18:30:00,1,63,63113,2,1,1,5,"FOSSES SOUS LE SEMINAIRE (RUE DES)","45,7946000","3,1148700",201900024632,138 260 009,C01,0,1,0,2,1,26,0,NULL,201900024632,138 260 010,B01,1,1,4,1,2006,0,2,0,-1,-1," -1",-1,201900024632,4,"FOSSES SOUS LE SEMINAIRE (RUE DES)",0,NULL,2,2,0,1,(1),(1),1,NULL,NULL,1,0,1,50
201900024632,3,9,2019,18:30:00,1,63,63113,2,1,1,5,"FOSSES SOUS LE SEMINAIRE (RUE DES)","45,7946000","3,1148700",201900024632,138 260 010,B01,3,1,0,2,1,26,5,NULL,201900024632,138 260 011,A01,1,1,1,2,1987,0,1,0,-1,0,0,-1,201900024632,4,"FOSSES SOUS LE SEMINAIRE (RUE DES)",0,NULL,2,2,0,1,(1),(1),1,NULL,NULL,1,0,1,50
201900024632,3,9,2019,18:30:00,1,63,63113,2,1,1,5,"FOSSES SOUS LE SEMINAIRE (RUE DES)","45,7946000","3,1148700",201900024632,138 260 009,C01,0,1,0,2,1,26,0,NULL,201900024632,138 260 011,A01,1,1,1,2,1987,0,1,0,-1,0,0,-1,201900024632,4,"FOSSES SOUS LE SEMINAIRE (RUE DES)",0,NULL,2,2,0,1,(1),(1),1,NULL,NULL,1,0,1,50
201900024653,21,1,2019,08:20:00,1,54,54395,2,3,1,6,"BLANDAN (IMPASSE ET RUE DU SGT)","48,6799300","6,1667100",201900024653,138 259 969,C01,2,1,1,0,0,5,-1,NULL,201900024653,138 259 969,C01,1,1,4,2,1959,-1,2,-1,-1,-1," -1",-1,201900024653,4,"BLANDAN (IMPASSE ET RUE DU SGT)",0,NULL,-1,2,0,1,0,0,1,NULL,NULL,1,0,1,30
201900024653,21,1,2019,08:20:00,1,54,54395,2,3,1,6,"BLANDAN (IMPASSE ET RUE DU SGT)","48,6799300","6,1667100",201900024653,138 259 969,C01,2,1,1,0,0,5,-1,NULL,201900024653,138 259 970,B01,1,2,1,2,1989,9,1,0,-1,-1," -1",-1,201900024653,4,"BLANDAN (IMPASSE ET RUE DU SGT)",0,NULL,-1,2,0,1,0,0,1,NULL,NULL,1,0,1,30
201900024653,21,1,2019,08:20:00,1,54,54395,2,3,1,6,"BLANDAN (IMPASSE ET RUE DU SGT)","48,6799300","6,1667100",201900024653,138 259 969,C01,2,1,1,0,0,5,-1,NULL,201900024653,138 259 970,B01,1,1,4,1,1959,9,1,0,-1,-1," -1",-1,201900024653,4,"BLANDAN (IMPASSE ET RUE DU SGT)",0,NULL,-1,2,0,1,0,0,1,NULL,NULL,1,0,1,30
201900026307,6,9,2019,21:20:00,5,33,33063,2,3,1,3,"Q. des Chartrons face au Crs du Médoc","44,8555100"," -0,5635800",201900026307,138 256 791,B01,0,1,0,2,0,1,5,NULL,201900026307,138 256 791,B01,1,1,1,1,2002,0,8,0,-1,-1," -1",-1,201900026307,4,"Q. des Chartrons",0,NULL,3,7,1,1,0,0,1,NULL,NULL,1,0,1,50
201900026307,6,9,2019,21:20:00,5,33,33063,2,3,1,3,"Q. des Chartrons face au Crs du Médoc","44,8555100"," -0,5635800",201900026307,138 256 791,B01,0,1,0,2,0,1,5,NULL,201900026307,138 256 792,A01,1,1,4,1,2002,5,2,6,-1,-1," -1",-1,201900026307,4,"Q. des Chartrons",0,NULL,3,7,1,1,0,0,1,NULL,NULL,1,0,1,50
201900028691,25,7,2019,18:30:00,1,71,71153,2,6,1,3,"DE GAULLE (PLACE CHARLES)","46,8074200","4,4325200",201900028691,138 252 358,B01,1,1,0,2,8,0,0,NULL,201900028691,138 252 357,A01,1,1,1,2,1973,9,1,0,-1,0,0,-1,201900028691,9,"DE GAULLE (PLACE CHARLES)",0,NULL,-1,2,0,1,0,0,3,NULL,NULL,1,0,1,50
201900028691,25,7,2019,18:30:00,1,71,71153,2,6,1,3,"DE GAULLE (PLACE CHARLES)","46,8074200","4,4325200",201900028691,138 252 358,B01,1,1,0,2,8,0,0,NULL,201900028691,138 252 358,B01,1,1,4,1,2004,9,8,0,-1,0,0,-1,201900028691,9,"DE GAULLE (PLACE CHARLES)",0,NULL,-1,2,0,1,0,0,3,NULL,NULL,1,0,1,50
201900029017,26,5,2019,11:25:00,1,45,45147,1,3,1,1,"BD DE LAMBALLE - R DESCARTES","47,9273500","1,9199500",201900029017,138 251 774,B01,0,1,0,2,8,15,5,NULL,201900029017,138 251 773,A01,1,1,1,1,1983,9,1,0,-1,0,0,-1,201900029017,4,"BD DE LAMBALLE",0,NULL,3,2,1,1,(1),(1),1,NULL,NULL,1,0,1,50
201900029017,26,5,2019,11:25:00,1,45,45147,1,3,1,1,"BD DE LAMBALLE - R DESCARTES","47,9273500","1,9199500",201900029017,138 251 774,B01,0,1,0,2,8,15,5,NULL,201900029017,138 251 774,B01,1,1,4,1,1930,0,8,0,-1,0,0,-1,201900029017,4,"BD DE LAMBALLE",0,NULL,3,2,1,1,(1),(1),1,NULL,NULL,1,0,1,50
201900032783,2,5,2019,17:00:00,1,17,17300,2,3,1,3,"CHAUDRIER   RUE","46,1627600"," -1,1523900",201900032783,138 244 631,A01,1,1,0,2,1,1,5,NULL,201900032783,138 244 630,B01,1,1,1,1,1942,5,1,8,-1,-1," -1",-1,201900032783,4,"CHAUDRIER   RUE",0,NULL,2,2,3,1,0,0,1,NULL,NULL,1,0,1,30
201900032783,2,5,2019,17:00:00,1,17,17300,2,3,1,3,"CHAUDRIER   RUE","46,1627600"," -1,1523900",201900032783,138 244 631,A01,1,1,0,2,1,1,5,NULL,201900032783,138 244 631,A01,1,1,4,1,2003,2,2,8,-1,-1," -1",-1,201900032783,4,"CHAUDRIER   RUE",0,NULL,2,2,3,1,0,0,1,NULL,NULL,1,0,1,30
201900035831,9,4,2019,14:20:00,1,14,14566,2,1,1,3,"JUIN (BOULEVARD  DU MARECHAL )","49,2006000"," -0,3961000",201900035831,138 238 718,B01,1,1,0,2,1,1,5,NULL,201900035831,138 238 717,A01,1,1,1,2,1939,0,1,0,-1,0," -1",-1,201900035831,4,"JUIN (BOULEVARD  DU MARECHAL )",0,NULL,3,4,1,1,1,0,1,NULL,NULL,1,0,1,50
201900035831,9,4,2019,14:20:00,1,14,14566,2,1,1,3,"JUIN (BOULEVARD  DU MARECHAL )","49,2006000"," -0,3961000",201900035831,138 238 718,B01,1,1,0,2,1,1,5,NULL,201900035831,138 238 718,B01,1,1,4,1,1957,1,2,0,-1,-1,0,-1,201900035831,4,"JUIN (BOULEVARD  DU MARECHAL )",0,NULL,3,4,1,1,1,0,1,NULL,NULL,1,0,1,50
201900037426,27,8,2019,06:55:00,2,49,49099,2,6,1,3,"DOROHOI (PLACE DE)","47,0500700"," -0,8719300",201900037426,138 235 647,B01,1,1,0,2,1,1,5,NULL,201900037426,138 235 647,B01,1,1,4,1,1975,1,8,8,-1,-1," -1",-1,201900037426,7,"DOROHOI (PLACE DE)",0,NULL,1,2,0,1,0,0,2,NULL,NULL,1,0,1,50
201900037464,26,2,2019,06:45:00,3,50,50602,2,6,1,3,"PYROTECHNIE (rue de la )","49,6488100"," -1,5916400",201900037464,138 235 583,B01,0,1,0,2,5,1,0,NULL,201900037464,138 235 583,B01,1,1,3,1,1989,1,8,0,-1,-1,0,-1,201900037464,2,13,0,NULL,3,2,0,1,0,1,1,NULL,NULL,1,0,1,70
201900037464,26,2,2019,06:45:00,3,50,50602,2,6,1,3,"PYROTECHNIE (rue de la )","49,6488100"," -1,5916400",201900037464,138 235 583,B01,0,1,0,2,5,1,0,NULL,201900037464,138 235 584,A01,1,1,1,1,1991,1,1,8,-1,-1,0,-1,201900037464,2,13,0,NULL,3,2,0,1,0,1,1,NULL,NULL,1,0,1,70
201900037767,5,4,2019,21:15:00,5,69,69383,2,1,1,3,"FELIX FAURE                         (AV)","45,7544000","4,8657000",201900037767,138 235 007,B01,1,1,0,2,1,1,0,NULL,201900037767,138 235 007,B01,1,1,4,1,1987,0,8,0,-1,-1," -1",-1,201900037767,7,"FELIX FAURE                         (AV)",0,NULL,2,4,1,1,1,0,1,NULL,NULL,1,0,1,50
201900037767,5,4,2019,21:15:00,5,69,69383,2,1,1,3,"FELIX FAURE                         (AV)","45,7544000","4,8657000",201900037767,138 235 007,B01,1,1,0,2,1,1,0,NULL,201900037767,138 235 008,A01,1,1,1,2,1993,0,8,0,-1,0,0,-1,201900037767,7,"FELIX FAURE                         (AV)",0,NULL,2,4,1,1,1,0,1,NULL,NULL,1,0,1,50
201900038743,1,10,2019,09:50:00,1,17,17300,2,6,3,2,"MONNET   AVENUE JEAN","46,1430300"," -1,1535300",201900038743,138 233 275,B01,1,1,0,2,4,15,5,NULL,201900038743,138 233 274,A01,1,1,1,1,1942,5,1,8,-1,-1,0,-1,201900038743,4,"MONNET   AVENUE JEAN",0,NULL,4,2,0,1,0,0,3,NULL,NULL,2,0,1,50
201900038743,1,10,2019,09:50:00,1,17,17300,2,6,3,2,"MONNET   AVENUE JEAN","46,1430300"," -1,1535300",201900038743,138 233 275,B01,1,1,0,2,4,15,5,NULL,201900038743,138 233 275,B01,2,1,4,1,1942,5,8,0,-1,-1,0,-1,201900038743,4,"MONNET   AVENUE JEAN",0,NULL,4,2,0,1,0,0,3,NULL,NULL,2,0,1,50
201900041807,7,12,2019,09:15:00,1,67,67447,2,1,2,2,"BISCHWILLER (ROUTE DE)","48,6047250","7,7476630",201900041807,138 227 588,A01,1,1,0,2,5,1,5,NULL,201900041807,138 227 588,A01,1,1,4,1,1982,0,8,0,-1,-1,0,-1,201900041807,4,"BISCHWILLER (ROUTE DE)",0,NULL,3,5,0,1,0,0,1,NULL,NULL,2,0,1,50
201900044393,30,10,2019,20:42:00,5,49,49007,2,1,3,3,"CHEF DE VILLE","47,4762200"," -0,5729800",201900044393,138 222 656,B01,1,1,0,2,1,0,5,NULL,201900044393,138 222 656,B01,1,1,4,1,1997,0,8,0,-1,-1,0,-1,201900044393,4,"CHEF DE VILLE",0,NULL,2,2,0,1,0,0,1,NULL,NULL,2,0,1,60
201900044393,30,10,2019,20:42:00,5,49,49007,2,1,3,3,"CHEF DE VILLE","47,4762200"," -0,5729800",201900044393,138 222 656,B01,1,1,0,2,1,0,5,NULL,201900044393,138 222 657,A01,1,1,1,1,1981,0,1,8,-1,-1,0,-1,201900044393,4,"CHEF DE VILLE",0,NULL,2,2,0,1,0,0,1,NULL,NULL,2,0,1,60
201900046176,4,11,2019,12:10:00,1,75,75114,2,1,1,3,"BOULEVARD ARAGO","48,8344667","2,3338390",201900046176,138 219 222,A01,1,1,0,2,1,15,5,NULL,201900046176,138 219 222,A01,1,1,4,1,1991,5,8,2,-1,0,0,-1,201900046176,4,"BOULEVARD ARAGO",0,NULL,2,4,0,2,0,0,1,NULL,NULL,2,0,1,50
201900046176,4,11,2019,12:10:00,1,75,75114,2,1,1,3,"BOULEVARD ARAGO","48,8344667","2,3338390",201900046176,138 219 222,A01,1,1,0,2,1,15,5,NULL,201900046176,138 219 223,B01,1,1,1,1,1951,5,1,0,-1,0,0,-1,201900046176,4,"BOULEVARD ARAGO",0,NULL,2,4,0,2,0,0,1,NULL,NULL,2,0,1,50
201900046202,2,11,2019,13:55:00,1,93,93066,2,1,1,3,"WILSON (AVENUE DU PRESIDENT)","48,9175600","2,3572600",201900046202,138 219 183,A01,2,1,0,2,2,11,5,NULL,201900046202,138 219 182,B01,1,1,1,2,1992,1,1,0,-1,-1," -1",-1,201900046202,3,931,0,NULL,1,2,0,1,0,0,1,NULL,NULL,1,0,1,50
201900046202,2,11,2019,13:55:00,1,93,93066,2,1,1,3,"WILSON (AVENUE DU PRESIDENT)","48,9175600","2,3572600",201900046202,138 219 183,A01,2,1,0,2,2,11,5,NULL,201900046202,138 219 183,A01,2,1,4,1,1991,5,8,0,-1,-1," -1",-1,201900046202,3,931,0,NULL,1,2,0,1,0,0,1,NULL,NULL,1,0,1,50
201900048895,1,4,2019,10:30:00,1,25,25097,1,1,1,2,"Départementale 278","47,5290150","6,8564840",201900048895,138 214 159,B01,1,1,0,2,8,1,5,NULL,201900048895,138 214 159,B01,1,1,3,1,1961,5,2,-1,-1,0,0,-1,201900048895,3,278,0,NULL,2,2,0,2,1,825,1,NULL,NULL,1,0,1,50
201900048895,1,4,2019,10:30:00,1,25,25097,1,1,1,2,"Départementale 278","47,5290150","6,8564840",201900048895,138 214 159,B01,1,1,0,2,8,1,5,NULL,201900048895,138 214 160,A01,1,1,1,1,1988,0,1,-1,-1,0,0,-1,201900048895,3,278,0,NULL,2,2,0,2,1,825,1,NULL,NULL,1,0,1,50
201900049372,17,6,2019,17:46:00,1,49,49007,2,1,1,6,LETANDUERE,"47,4593900"," -0,5543700",201900049372,138 213 279,A01,1,1,0,0,1,1,5,NULL,201900049372,138 213 279,A01,1,1,3,2,1960,0,8,0,-1,-1,0,-1,201900049372,4,LETANDUERE,0,NULL,1,2,0,1,0,0,1,NULL,NULL,1,9,1,30
201900053700,20,9,2019,09:20:00,1,67,67482,2,1,1,6,"VIEUX MARCHE AUX VINS (RUE DU)","48,5839170","7,7421510",201900053700,138 205 063,B01,2,1,0,2,1,1,5,NULL,201900053700,138 205 061,A01,1,1,1,1,1972,4,8,0,-1,-1,0,-1,201900053700,4,"VIEUX MARCHE AUX VINS (RUE DU)",0,NULL,1,3,3,1,0,0,1,NULL,NULL,1,4,1,30
201900053700,20,9,2019,09:20:00,1,67,67482,2,1,1,6,"VIEUX MARCHE AUX VINS (RUE DU)","48,5839170","7,7421510",201900053700,138 205 063,B01,2,1,0,2,1,1,5,NULL,201900053700,138 205 063,B01,1,1,4,2,1988,0,8,0,-1,-1,0,-1,201900053700,4,"VIEUX MARCHE AUX VINS (RUE DU)",0,NULL,1,3,3,1,0,0,1,NULL,NULL,1,4,1,30
201900055441,24,10,2019,15:15:00,1,67,67482,2,1,1,3,"DOUBS (RUE DU)","48,5552410","7,7334470",201900055441,138 201 840,A01,1,1,0,2,8,19,5,NULL,201900055441,138 201 840,A01,2,1,4,1,1986,9,2,0,-1,-1,0,-1,201900055441,4,"DOUBS (RUE DU)",0,NULL,2,2,1,1,0,0,1,NULL,NULL,1,0,1,50
201900055441,24,10,2019,15:15:00,1,67,67482,2,1,1,3,"DOUBS (RUE DU)","48,5552410","7,7334470",201900055441,138 201 840,A01,1,1,0,2,8,19,5,NULL,201900055441,138 201 841,B01,1,1,1,2,1933,0,1,0,-1,-1,0,-1,201900055441,4,"DOUBS (RUE DU)",0,NULL,2,2,1,1,0,0,1,NULL,NULL,1,0,1,50
201900055722,12,7,2019,09:55:00,1,73,73159,1,2,1,3,"D202 Villarbet","45,4710523","6,0785374",201900055722,138 201 350,B01,1,1,0,2,1,19,5,NULL,201900055722,138 201 350,B01,1,1,4,1,1970,5,2,-1,-1,0,0,-1,201900055722,3,202,NULL,NULL,2,2,0,3,15,710,1,NULL,NULL,1,0,1,80
201900055722,12,7,2019,09:55:00,1,73,73159,1,2,1,3,"D202 Villarbet","45,4710523","6,0785374",201900055722,138 201 350,B01,1,1,0,2,1,19,5,NULL,201900055722,138 201 351,A01,1,1,1,2,1999,5,1,-1,-1,0,0,-1,201900055722,3,202,NULL,NULL,2,2,0,3,15,710,1,NULL,NULL,1,0,1,80
201900058571,17,6,2019,15:55:00,1,94,94028,2,6,1,3,POMPADOUR(CARREFOUR),"48,7743505","2,4391325",201900058571,138 196 113,A01,2,1,0,2,6,1,5,NULL,201900058571,138 196 113,A01,1,1,4,2,1957,0,8,0,-1,-1,0,-1,201900058571,3,86,0,NULL,1,1,0,1,0,0,3,NULL,NULL,1,0,1,50
201900058571,17,6,2019,15:55:00,1,94,94028,2,6,1,3,POMPADOUR(CARREFOUR),"48,7743505","2,4391325",201900058571,138 196 113,A01,2,1,0,2,6,1,5,NULL,201900058571,138 196 114,B01,1,1,1,1,1999,0,1,0,-1,-1,0,-1,201900058571,3,86,0,NULL,1,1,0,1,0,0,3,NULL,NULL,1,0,1,50
201900008843,7,8,2019,17:45:00,1,33,33550,2,1,1,3,"RTE DE TOULOUSE","44,7822300"," -0,5659600",201900008843,138 289 967,B01,2,1,0,2,1,19,5,NULL,201900008843,138 289 967,B01,1,1,4,1,2003,0,8,0,-1,-1," -1",-1,201900008843,4,"RTE DE TOULOUSE",0,NULL,3,4,2,1,0,0,1,NULL,NULL,1,0,1,50
201900008843,7,8,2019,17:45:00,1,33,33550,2,1,1,3,"RTE DE TOULOUSE","44,7822300"," -0,5659600",201900008843,138 289 967,B01,2,1,0,2,1,19,5,NULL,201900008843,138 289 968,A01,1,1,1,1,1987,4,1,0,-1,-1," -1",-1,201900008843,4,"RTE DE TOULOUSE",0,NULL,3,4,2,1,0,0,1,NULL,NULL,1,0,1,50
201900009365,21,12,2019,11:45:00,1,7,07102,2,1,1,7,"STE EULALIE (PLACE)","44,9313600","4,8565400",201900009365,138 288 988,A01,3,1,0,0,0,1,5,NULL,201900009365,138 288 988,A01,1,1,4,1,1956,5,2,8,-1,-1," -1",-1,201900009365,4,"STE EULALIE (PLACE)",0,NULL,2,2,0,1,0,0,1,NULL,NULL,1,0,1,50
201900009771,15,3,2019,12:30:00,1,29,29260,2,2,8,3,"Voie Romaine","48,4278562"," -4,6287391",201900009771,138 288 242,B01,2,1,0,2,1,1,5,NULL,201900009771,138 288 241,A01,1,1,1,1,1981,1,1,-1,-1,0,0,-1,201900009771,4,NULL,NULL,NULL,2,2,0,4,(1),(1),1,NULL,NULL,1,0,1,50
201900009771,15,3,2019,12:30:00,1,29,29260,2,2,8,3,"Voie Romaine","48,4278562"," -4,6287391",201900009771,138 288 242,B01,2,1,0,2,1,1,5,NULL,201900009771,138 288 242,B01,1,1,4,2,1992,1,2,-1,-1,0,0,-1,201900009771,4,NULL,NULL,NULL,2,2,0,4,(1),(1),1,NULL,NULL,1,0,1,50
201900010845,3,7,2019,23:00:00,5,75,75119,2,7,1,6,"AVENUE DE FLANDRE","48,8944300","2,3814970",201900010845,138 286 327,A01,3,1,0,2,3,1,5,NULL,201900010845,138 286 327,A01,1,1,4,2,2005,5,2,0,-1,0,0,-1,201900010845,4,"AVENUE DE FLANDRE",0,NULL,1,1,0,1,0,0,1,NULL,NULL,1,8,1,30
201900011171,21,11,2019,07:30:00,2,69,69388,2,2,1,6,"ALBERT THOMAS                       (CO)","45,7443900","4,8745600",201900011171,138 285 752,A01,1,1,0,1,1,2,5,NULL,201900011171,138 285 752,A01,1,1,1,1,1988,1,2,8,-1,-1," -1",-1,201900011171,4,"ALBERT THOMAS                       (CO)",0,NULL,2,4,3,1,1,0,1,NULL,NULL,1,0,1,50
201900011171,21,11,2019,07:30:00,2,69,69388,2,2,1,6,"ALBERT THOMAS                       (CO)","45,7443900","4,8745600",201900011171,138 285 752,A01,1,1,0,1,1,2,5,NULL,201900011171,138 285 752,A01,10,3,3,2,1967,0,0,-1,-1,3,3,1,201900011171,4,"ALBERT THOMAS                       (CO)",0,NULL,2,4,3,1,1,0,1,NULL,NULL,1,0,1,50
201900012091,18,4,2019,19:00:00,1,75,75115,2,1,1,3,"RUE LACRETELLE","48,8329550","2,2919710",201900012091,138 283 957,B01,1,1,0,2,1,1,5,NULL,201900012091,138 283 957,B01,1,1,4,1,1995,5,2,0,-1,0,0,-1,201900012091,4,"RUE LACRETELLE",0,NULL,1,1,0,2,0,0,1,NULL,NULL,1,0,1,30
201900012091,18,4,2019,19:00:00,1,75,75115,2,1,1,3,"RUE LACRETELLE","48,8329550","2,2919710",201900012091,138 283 957,B01,1,1,0,2,1,1,5,NULL,201900012091,138 283 958,A01,1,1,1,1,1952,5,1,0,-1,0,0,-1,201900012091,4,"RUE LACRETELLE",0,NULL,1,1,0,2,0,0,1,NULL,NULL,1,0,1,30
201900013659,5,2,2019,16:00:00,1,75,75111,2,1,1,3,"BOULEVARD VOLTAIRE","48,8513220","2,3909920",201900013659,138 280 987,B01,1,1,0,2,5,1,5,NULL,201900013659,138 280 986,A01,1,1,1,1,1982,0,1,0,-1,0,0,-1,201900013659,4,"BOULEVARD VOLTAIRE",0,NULL,2,2,0,1,0,0,1,NULL,NULL,1,0,1,50
201900013659,5,2,2019,16:00:00,1,75,75111,2,1,1,3,"BOULEVARD VOLTAIRE","48,8513220","2,3909920",201900013659,138 280 987,B01,1,1,0,2,5,1,5,NULL,201900013659,138 280 987,B01,1,1,4,2,1949,0,2,0,-1,0,0,-1,201900013659,4,"BOULEVARD VOLTAIRE",0,NULL,2,2,0,1,0,0,1,NULL,NULL,1,0,1,50
201900016240,1,7,2019,11:44:00,1,49,49246,2,1,1,7,"GAULLE RUE CHARLES DE","47,4247800"," -0,5253800",201900016240,138 276 173,A01,1,1,0,0,0,1,5,NULL,201900016240,138 276 173,A01,1,1,4,1,2003,0,2,0,-1,-1,0,-1,201900016240,4,"GAULLE RUE CHARLES DE",0,NULL,-1,2,0,1,0,0,2,NULL,NULL,1,9,1,10
201900017780,29,7,2019,09:05:00,1,74,74010,2,6,1,3,"LYCEE (BOULEVARD DU)(BROGNY A PARMELAN)","45,9061200","6,1305900",201900017780,138 273 170,B01,1,1,0,2,0,0,5,NULL,201900017780,138 273 170,B01,1,1,4,1,1990,0,8,0,-1,-1,0,-1,201900017780,3,1201,0,NULL,1,2,2,1,0,0,1,NULL,NULL,1,5,2,30
201900017780,29,7,2019,09:05:00,1,74,74010,2,6,1,3,"LYCEE (BOULEVARD DU)(BROGNY A PARMELAN)","45,9061200","6,1305900",201900017780,138 273 170,B01,1,1,0,2,0,0,5,NULL,201900017780,138 273 171,A01,1,1,1,1,1981,0,1,8,-1,-1,0,-1,201900017780,3,1201,0,NULL,1,2,2,1,0,0,1,NULL,NULL,1,5,2,30
201900018055,26,5,2019,13:10:00,1,974,97407,2,3,1,3,DUSSAC(RUE)," -20,9403800","55,3030600",201900018055,138 272 658,A01,3,1,0,2,1,19,5,NULL,201900018055,138 272 657,B01,1,1,4,1,1997,5,1,8,-1,-1," -1",-1,201900018055,4,DUSSAC(RUE),0,NULL,2,2,0,1,0,0,1,NULL,NULL,1,0,1,50
201900018055,26,5,2019,13:10:00,1,974,97407,2,3,1,3,DUSSAC(RUE)," -20,9403800","55,3030600",201900018055,138 272 658,A01,3,1,0,2,1,19,5,NULL,201900018055,138 272 658,A01,1,1,4,1,2014,5,2,0,-1,-1," -1",-1,201900018055,4,DUSSAC(RUE),0,NULL,2,2,0,1,0,0,1,NULL,NULL,1,0,1,50
201900018259,18,11,2019,18:15:00,5,35,35238,2,2,1,3,"DUPARC (RUE POULLAIN)","48,1086000"," -1,6819000",201900018259,138 272 277,B01,3,1,0,2,3,0,5,NULL,201900018259,138 272 276,A01,1,1,1,2,1987,4,1,8,-1,-1,0,-1,201900018259,4,"DUPARC (RUE POULLAIN)",0,NULL,1,1,1,1,0,0,1,NULL,NULL,1,0,1,50
201900018259,18,11,2019,18:15:00,5,35,35238,2,2,1,3,"DUPARC (RUE POULLAIN)","48,1086000"," -1,6819000",201900018259,138 272 277,B01,3,1,0,2,3,0,5,NULL,201900018259,138 272 277,B01,1,1,4,1,1997,2,8,0,-1,-1,0,-1,201900018259,4,"DUPARC (RUE POULLAIN)",0,NULL,1,1,1,1,0,0,1,NULL,NULL,1,0,1,50
201900019016,12,9,2019,11:50:00,1,77,77069,1,1,1,7,D115,"48,4768000","2,6370700",201900019016,138 270 912,A01,2,1,14,0,2,14,5,NULL,201900019016,138 270 912,A01,1,1,3,1,1967,5,2,6,-1,0,0,-1,201900019016,3,115,NULL,NULL,2,2,0,1,17,950,1,NULL,NULL,1,0,3,80
201900021149,6,9,2019,19:05:00,1,49,49353,2,1,1,2,"avenue pierre mendès france","47,4478300"," -0,5083600",201900021149,138 266 873,A01,0,1,0,2,1,0,5,NULL,201900021149,138 266 872,B01,1,1,1,1,1966,4,1,8,-1,-1,0,-1,201900021149,4,"avenue pierre mendès france",0,NULL,2,2,0,1,0,0,1,NULL,NULL,1,0,1,60
201900021149,6,9,2019,19:05:00,1,49,49353,2,1,1,2,"avenue pierre mendès france","47,4478300"," -0,5083600",201900021149,138 266 873,A01,0,1,0,2,1,0,5,NULL,201900021149,138 266 873,A01,1,1,4,1,1966,0,8,0,-1,-1," -1",-1,201900021149,4,"avenue pierre mendès france",0,NULL,2,2,0,1,0,0,1,NULL,NULL,1,0,1,60
201900022635,10,10,2019,18:40:00,1,69,69386,2,1,1,6,"BROTTEAUX (DES)                     (BD)","45,7670800","4,8568700",201900022635,138 264 015,A01,2,1,0,0,0,26,6,NULL,201900022635,138 264 015,A01,1,1,1,1,1978,0,8,0,-1,-1," -1",-1,201900022635,4,"BROTTEAUX (DES)                     (BD)",0,NULL,1,4,1,1,0,0,1,NULL,NULL,1,0,5,50
201900022635,10,10,2019,18:40:00,1,69,69386,2,1,1,6,"BROTTEAUX (DES)                     (BD)","45,7670800","4,8568700",201900022635,138 264 015,A01,2,1,0,0,0,26,6,NULL,201900022635,138 264 015,A01,10,3,3,1,1994,0,0,-1,-1,4,3,1,201900022635,4,"BROTTEAUX (DES)                     (BD)",0,NULL,1,4,1,1,0,0,1,NULL,NULL,1,0,5,50
201900024560,4,9,2019,13:20:00,1,973,97302,2,1,1,3,"CABASSOU (ROUTE DE)","4,9175003"," -52,3130321",201900024560,138 260 156,B01,2,1,0,2,8,1,1,NULL,201900024560,138 260 155,A01,1,1,1,1,1996,0,1,8,-1,-1,0,-1,201900024560,3,2,0,NULL,2,0,0,1,1,50,1,NULL,NULL,1,0,1,50
201900024560,4,9,2019,13:20:00,1,973,97302,2,1,1,3,"CABASSOU (ROUTE DE)","4,9175003"," -52,3130321",201900024560,138 260 156,B01,2,1,0,2,8,1,1,NULL,201900024560,138 260 156,B01,1,1,3,1,1995,0,8,0,-1,-1,0,-1,201900024560,3,2,0,NULL,2,0,0,1,1,50,1,NULL,NULL,1,0,1,50
201900025073,28,7,2019,21:30:00,2,33,33063,2,2,1,3,"R. Porte de la Monnaie / R. Carpenteyre","44,8329890"," -0,5620350",201900025073,138 259 170,A01,0,1,0,2,0,1,5,NULL,201900025073,138 259 170,A01,1,1,4,1,1982,5,8,0,-1,-1," -1",-1,201900025073,4,"RUE DE LA PORTE DE LA MONNAIE",0,NULL,1,1,0,1,0,0,1,NULL,NULL,1,0,1,20
201900025254,12,3,2019,12:05:00,1,70,70096,2,1,1,1,"9 rue de la Côtotte","47,5834330","6,7939170",201900025254,138 258 841,A01,3,1,0,2,1,13,5,NULL,201900025254,138 258 840,B01,1,1,1,2,1974,0,1,-1,-1,0,0,-1,201900025254,4,NULL,NULL,NULL,2,2,0,1,(1),(1),3,NULL,NULL,1,0,1,50
201900025254,12,3,2019,12:05:00,1,70,70096,2,1,1,1,"9 rue de la Côtotte","47,5834330","6,7939170",201900025254,138 258 841,A01,3,1,0,2,1,13,5,NULL,201900025254,138 258 841,A01,1,1,4,2,2008,5,2,-1,-1,0,0,-1,201900025254,4,NULL,NULL,NULL,2,2,0,1,(1),(1),3,NULL,NULL,1,0,1,50