Num_Acc,jour,mois,an,hrmn,lum,dep,com,agg,int,atm,col,adr,lat,long,Num_Acc,id_vehicule,num_veh,senc,catv,obs,obsm,choc,manv,motor,occutc,Num_Acc,id_vehicule,num_veh,place,catu,grav,sexe,an_nais,trajet,secu1,secu2,secu3,locp,actp,etatp,Num_Acc,catr,voie,v1,v2,circ,nbv,vosp,prof,pr,pr1,plan,lartpc,larrout,surf,infra,situ,vma
201900027906,24,1,2019,21:27:00,5,68,68066,2,2,1,3,"INGERSHEIM (ROUTE D')","48,0865500","7,3314200",201900027906,138 253 834,B01,1,1,0,2,1,9,0,NULL,201900027906,138 253 834,B01,1,1,2,1,1976,5,2,0,-1,-1," -1",-1,201900027906,3,418,0,NULL,2,4,1,1,29,374,1,NULL,NULL,1,4,1,50
201900027906,24,1,2019,21:27:00,5,68,68066,2,2,1,3,"INGERSHEIM (ROUTE D')","48,0865500","7,3314200",201900027906,138 253 834,B01,1,1,0,2,1,9,0,NULL,201900027906,138 253 835,A01,1,1,1,1,1988,5,1,8,-1,-1," -1",-1,201900027906,3,418,0,NULL,2,4,1,1,29,374,1,NULL,NULL,1,4,1,50
201900028727,26,7,2019,12:10:00,1,59,59560,1,1,1,2,"TEMPLEMARS ROUTE DE","50,5605043","3,0477372",201900028727,138 252 287,A01,3,1,0,2,8,13,0,NULL,201900028727,138 252 287,A01,1,1,3,1,1978,0,8,0,-1,-1,0,-1,201900028727,7,952,0,NULL,2,2,0,1,0,0,1,NULL,NULL,1,0,1,80
201900028727,26,7,2019,12:10:00,1,59,59560,1,1,1,2,"TEMPLEMARS ROUTE DE","50,5605043","3,0477372",201900028727,138 252 287,A01,3,1,0,2,8,13,0,NULL,201900028727,138 252 288,B01,1,1,1,1,1968,4,1,0,-1,-1,0,-1,201900028727,7,952,0,NULL,2,2,0,1,0,0,1,NULL,NULL,1,0,1,80
201900033486,24,6,2019,11:45:00,1,71,71580,1,1,1,3,"1936 route du moulin","46,6629590","5,2192910",201900033486,138 243 273,B01,1,1,0,0,3,1,5,NULL,201900033486,138 243 273,B01,1,1,4,1,2000,1,0,-1,-1,0,0,-1,201900033486,3,413,0,NULL,2,2,0,1,1,0,1,NULL,NULL,1,0,1,80
201900033722,30,8,2019,18:45:00,1,30,30060,2,1,1,1,"215 rue de l'abrivado","43,7957080","4,3778180",201900033722,138 242 830,B01,0,1,1,0,1,1,0,NULL,201900033722,138 242 830,B01,1,1,4,1,1949,5,0,-1,-1,0,0,-1,201900033722,4,NULL,NULL,NULL,2,2,0,1,(1),(1),1,NULL,NULL,1,0,1,-1
201900033722,30,8,2019,18:45:00,1,30,30060,2,1,1,1,"215 rue de l'abrivado","43,7957080","4,3778180",201900033722,138 242 830,B01,0,1,1,0,1,1,0,NULL,201900033722,138 242 831,A01,1,1,1,1,1952,5,8,-1,-1,0,0,-1,201900033722,4,NULL,NULL,NULL,2,2,0,1,(1),(1),1,NULL,NULL,1,0,1,-1
201900034616,25,5,2019,18:10:00,1,10,10387,2,3,2,3,"TEINTURIERS (DES)","48,3000000","4,0900000",201900034616,138 241 119,B01,3,1,0,2,1,19,0,NULL,201900034616,138 241 118,A01,1,1,1,1,1979,5,1,8,-1,-1," -1",-1,201900034616,7,"TEINTURIERS (DES)",0,NULL,2,2,0,1,0,0,1,NULL,NULL,2,0,1,30
201900034616,25,5,2019,18:10:00,1,10,10387,2,3,2,3,"TEINTURIERS (DES)","48,3000000","4,0900000",201900034616,138 241 119,B01,3,1,0,2,1,19,0,NULL,201900034616,138 241 119,B01,1,1,3,1,2009,5,8,0,-1,-1," -1",-1,201900034616,7,"TEINTURIERS (DES)",0,NULL,2,2,0,1,0,0,1,NULL,NULL,2,0,1,30
201900040432,7,11,2019,13:33:00,1,92,92072,2,3,1,3,"EUROPE (AVENUE DE L')","48,8231839","2,2100008",201900040432,138 230 119,A01,3,1,0,2,8,1,5,NULL,201900040432,138 230 118,B01,1,1,1,2,1947,5,8,0,-1,-1," -1",-1,201900040432,3,910,0,NULL,2,3,0,1,0,0,1,NULL,NULL,1,0,1,50
201900040432,7,11,2019,13:33:00,1,92,92072,2,3,1,3,"EUROPE (AVENUE DE L')","48,8231839","2,2100008",201900040432,138 230 119,A01,3,1,0,2,8,1,5,NULL,201900040432,138 230 119,A01,1,1,4,1,1999,5,2,0,-1,-1,0,-1,201900040432,3,910,0,NULL,2,3,0,1,0,0,1,NULL,NULL,1,0,1,50
201900042572,26,2,2019,12:05:00,1,13,13072,2,1,1,2,D908,"43,4336300","5,6270000",201900042572,138 226 104,A01,2,1,0,0,6,1,5,NULL,201900042572,138 226 104,A01,1,1,4,1,1957,5,2,-1,-1,0,0,-1,201900042572,3,908,NULL,NULL,2,2,2,2,34,900,1,NULL,NULL,1,0,5,50
201900042572,26,2,2019,12:05:00,1,13,13072,2,1,1,2,D908,"43,4336300","5,6270000",201900042572,138 226 104,A01,2,1,0,0,6,1,5,NULL,201900042572,138 226 105,B01,1,1,1,1,1994,4,1,-1,-1,0,0,-1,201900042572,3,908,NULL,NULL,2,2,2,2,34,900,1,NULL,NULL,1,0,5,50
201900042857,29,9,2019,18:15:00,1,74,74305,2,1,1,6,"TOURNELLES (RUE DES)","46,2000316","6,2458039",201900042857,138 225 545,B01,2,1,1,0,1,1,0,NULL,201900042857,138 225 545,B01,1,1,4,2,1964,0,8,0,-1,-1,0,-1,201900042857,4,"TOURNELLES (RUE DES)",0,NULL,2,2,0,1,(1),(1),1,NULL,NULL,1,0,1,50
201900042857,29,9,2019,18:15:00,1,74,74305,2,1,1,6,"TOURNELLES (RUE DES)","46,2000316","6,2458039",201900042857,138 225 545,B01,2,1,1,0,1,1,0,NULL,201900042857,138 225 546,A01,1,1,1,2,1988,0,8,0,-1,-1,0,-1,201900042857,4,"TOURNELLES (RUE DES)",0,NULL,2,2,0,1,(1),(1),1,NULL,NULL,1,0,1,50
201900042857,29,9,2019,18:15:00,1,74,74305,2,1,1,6,"TOURNELLES (RUE DES)","46,2000316","6,2458039",201900042857,138 225 545,B01,2,1,1,0,1,1,0,NULL,201900042857,138 225 546,A01,4,2,1,1,2013,0,8,8,-1,-1,0,-1,201900042857,4,"TOURNELLES (RUE DES)",0,NULL,2,2,0,1,(1),(1),1,NULL,NULL,1,0,1,50
201900043132,31,8,2019,08:00:00,1,17,17392,1,1,1,2,"RD 2 E1","45,4398830"," -0,7560420",201900043132,138 225 041,B01,1,1,0,2,4,1,5,NULL,201900043132,138 225 040,A01,1,1,1,1,1979,5,1,-1,-1,0,0,-1,201900043132,3,2,NULL,E,-1,2,0,1,3,200,1,NULL,NULL,1,0,1,80
201900043132,31,8,2019,08:00:00,1,17,17392,1,1,1,2,"RD 2 E1","45,4398830"," -0,7560420",201900043132,138 225 041,B01,1,1,0,2,4,1,5,NULL,201900043132,138 225 041,B01,1,1,3,2,1943,5,4,-1,-1,0,0,-1,201900043132,3,2,NULL,E,-1,2,0,1,3,200,1,NULL,NULL,1,0,1,80
201900045518,21,5,2019,09:25:00,1,92,92072,2,1,1,7,"GRANDE RUE","48,8239793","2,2097745",201900045518,138 220 500,A01,3,1,0,0,0,1,5,NULL,201900045518,138 220 500,A01,1,1,3,1,1955,0,8,0,-1,-1,0,-1,201900045518,3,407,0,NULL,2,2,0,1,0,0,1,NULL,NULL,1,0,1,50
201900046168,4,11,2019,10:00:00,1,75,75106,2,2,1,7,"BOULEVARD SAINT GERMAIN","48,8527125","2,3377536",201900046168,138 219 236,A01,1,1,0,0,7,21,5,NULL,201900046168,138 219 236,A01,1,1,4,1,1991,0,8,2,-1,0,0,-1,201900046168,4,"BOULEVARD SAINT GERMAIN",0,NULL,1,4,3,1,0,0,1,NULL,NULL,1,0,6,50
201900047201,7,12,2019,05:15:00,5,59,59350,2,3,2,1,"ESPLANADE FACADE","50,6435400","3,0529100",201900047201,138 217 273,B01,3,1,2,2,8,19,5,NULL,201900047201,138 217 272,A01,1,1,1,1,1997,0,1,5,-1,-1,0,-1,201900047201,4,"ESPLANADE FACADE",0,NULL,2,5,0,1,0,0,2,NULL,NULL,2,0,1,50
201900047201,7,12,2019,05:15:00,5,59,59350,2,3,2,1,"ESPLANADE FACADE","50,6435400","3,0529100",201900047201,138 217 273,B01,3,1,2,2,8,19,5,NULL,201900047201,138 217 273,B01,1,1,3,2,1993,0,8,0,-1,-1,0,-1,201900047201,4,"ESPLANADE FACADE",0,NULL,2,5,0,1,0,0,2,NULL,NULL,2,0,1,50
201900047446,18,5,2019,09:30:00,1,72,72058,2,1,2,3,"Allée du pont","47,9872590","0,2808740",201900047446,138 216 858,B01,0,1,0,2,8,1,5,NULL,201900047446,138 216 857,A01,1,1,1,1,1936,5,1,-1,-1,0,0,-1,201900047446,9,NULL,NULL,NULL,2,2,0,1,(1),(1),3,NULL,NULL,2,0,1,50
201900047446,18,5,2019,09:30:00,1,72,72058,2,1,2,3,"Allée du pont","47,9872590","0,2808740",201900047446,138 216 858,B01,0,1,0,2,8,1,5,NULL,201900047446,138 216 858,B01,1,1,3,1,1993,5,0,-1,-1,0,0,-1,201900047446,9,NULL,NULL,NULL,2,2,0,1,(1),(1),3,NULL,NULL,2,0,1,50
201900047792,21,2,2019,20:00:00,3,92,92062,2,1,1,3,"WALLACE (BD RICHARD) DU 17 AU 91 ET DU 3","48,8799300","2,2397900",201900047792,138 216 179,B01,1,1,0,2,1,1,5,NULL,201900047792,138 216 178,A01,1,1,1,1,1985,4,8,0,-1,-1,0,-1,201900047792,4,"WALLACE (BD RICHARD) DU 17 AU 91 ET DU 3",0,NULL,2,2,0,1,0,0,1,NULL,NULL,1,0,1,50
201900047792,21,2,2019,20:00:00,3,92,92062,2,1,1,3,"WALLACE (BD RICHARD) DU 17 AU 91 ET DU 3","48,8799300","2,2397900",201900047792,138 216 179,B01,1,1,0,2,1,1,5,NULL,201900047792,138 216 179,B01,1,1,4,1,1948,5,2,8,-1,-1,0,-1,201900047792,4,"WALLACE (BD RICHARD) DU 17 AU 91 ET DU 3",0,NULL,2,2,0,1,0,0,1,NULL,NULL,1,0,1,50
201900048300,26,9,2019,16:30:00,1,64,64445,2,3,1,1,"PAUL RAMADIER","43,3179846"," -0,3183738",201900048300,138 215 256,B01,3,1,0,2,1,1,5,NULL,201900048300,138 215 255,A01,1,1,1,2,1946,5,1,0,-1,0,0,-1,201900048300,4,"PAUL RAMADIER",0,NULL,2,2,1,1,0,0,1,NULL,NULL,1,0,1,50
201900048300,26,9,2019,16:30:00,1,64,64445,2,3,1,1,"PAUL RAMADIER","43,3179846"," -0,3183738",201900048300,138 215 256,B01,3,1,0,2,1,1,5,NULL,201900048300,138 215 256,B01,1,1,4,1,1987,1,2,0,-1,0,0,-1,201900048300,4,"PAUL RAMADIER",0,NULL,2,2,1,1,0,0,1,NULL,NULL,1,0,1,50
201900051530,26,10,2019,13:13:00,1,87,87085,2,1,1,6,"BLANC LOUIS (BOULEVARD)","45,8276400","1,2600000",201900051530,138 209 239,B01,1,1,1,0,1,1,5,NULL,201900051530,138 209 239,B01,1,1,4,2,1990,5,8,0,-1,-1," -1",-1,201900051530,4,"BLANC LOUIS (BOULEVARD)",0,NULL,2,2,0,1,0,0,1,NULL,NULL,1,0,1,50
201900051530,26,10,2019,13:13:00,1,87,87085,2,1,1,6,"BLANC LOUIS (BOULEVARD)","45,8276400","1,2600000",201900051530,138 209 239,B01,1,1,1,0,1,1,5,NULL,201900051530,138 209 240,A01,1,1,1,2,1979,5,8,0,-1,-1," -1",-1,201900051530,4,"BLANC LOUIS (BOULEVARD)",0,NULL,2,2,0,1,0,0,1,NULL,NULL,1,0,1,50
201900053621,28,10,2019,14:20:00,1,50,50058,2,4,2,3,"Rue de la Monnerie","49,0649460"," -1,5827610",201900053621,138 205 211,B01,3,1,0,2,1,1,5,NULL,201900053621,138 205 211,B01,1,1,4,1,1986,3,0,-1,-1,0,0,-1,201900053621,4,NULL,NULL,NULL,2,2,0,2,(1),(1),1,NULL,NULL,2,0,1,50
201900053621,28,10,2019,14:20:00,1,50,50058,2,4,2,3,"Rue de la Monnerie","49,0649460"," -1,5827610",201900053621,138 205 211,B01,3,1,0,2,1,1,5,NULL,201900053621,138 205 213,A01,1,1,1,1,1975,4,1,-1,-1,0,0,-1,201900053621,4,NULL,NULL,NULL,2,2,0,2,(1),(1),1,NULL,NULL,2,0,1,50
201900057502,26,5,2019,11:20:00,1,6,06057,1,1,2,1,"Route du Col de Nice","43,8114700","7,3568240",201900057502,138 198 076,B01,1,1,0,2,1,0,5,NULL,201900057502,138 198 076,B01,1,1,3,1,1966,5,0,-1,-1,0,0,-1,201900057502,3,2204,0,NULL,2,2,1,2,15,200,1,NULL,NULL,2,0,5,80
201900057502,26,5,2019,11:20:00,1,6,06057,1,1,2,1,"Route du Col de Nice","43,8114700","7,3568240",201900057502,138 198 076,B01,1,1,0,2,1,0,5,NULL,201900057502,138 198 077,A01,1,1,4,2,1997,3,1,5,-1,0,0,-1,201900057502,3,2204,0,NULL,2,2,1,2,15,200,1,NULL,NULL,2,0,5,80
201900008811,10,8,2019,13:45:00,1,59,59043,2,1,1,2,"LILLE (ROUTE DE)","50,7272500","2,7544500",201900008811,138 290 027,B01,2,1,0,2,4,2,5,NULL,201900008811,138 290 027,B01,1,1,3,1,1976,5,2,0,-1,-1,0,-1,201900008811,3,933,0,NULL,2,2,2,1,0,0,1,NULL,NULL,1,0,3,50
201900008811,10,8,2019,13:45:00,1,59,59043,2,1,1,2,"LILLE (ROUTE DE)","50,7272500","2,7544500",201900008811,138 290 027,B01,2,1,0,2,4,2,5,NULL,201900008811,138 290 028,A01,1,1,1,1,2001,1,1,0,-1,-1,0,-1,201900008811,3,933,0,NULL,2,2,2,1,0,0,1,NULL,NULL,1,0,3,50
201900010216,17,10,2019,12:15:00,1,71,71153,2,1,3,7,"CHANZY (RUE DE)","46,7990800","4,4400800",201900010216,138 287 434,A01,1,1,0,0,0,26,5,NULL,201900010216,138 287 434,A01,1,1,4,1,1968,1,8,0,-1,0,0,-1,201900010216,4,"CHANZY (RUE DE)",0,NULL,2,2,0,2,0,0,1,NULL,NULL,2,0,1,50
201900010489,31,5,2019,20:30:00,1,67,67519,2,3,1,3,"23 Rue du Général Leclerc","48,6573360","7,8294660",201900010489,138 286 953,A01,1,1,0,2,0,1,5,NULL,201900010489,138 286 953,A01,1,1,4,1,1963,5,0,-1,-1,0,0,-1,201900010489,3,223,NULL,NULL,2,2,0,1,(1),(1),1,NULL,NULL,1,0,1,50
201900011184,31,12,2019,14:30:00,1,22,22098,2,1,5,1,"Rue de Saint-glen","48,4273920"," -2,5388350",201900011184,138 285 727,B01,1,1,0,2,1,1,5,NULL,201900011184,138 285 727,B01,1,1,3,1,1956,5,2,-1,-1,0,0,-1,201900011184,3,46,NULL,NULL,2,2,0,2,15,430,1,NULL,NULL,2,0,1,50
201900011184,31,12,2019,14:30:00,1,22,22098,2,1,5,1,"Rue de Saint-glen","48,4273920"," -2,5388350",201900011184,138 285 727,B01,1,1,0,2,1,1,5,NULL,201900011184,138 285 728,A01,1,1,1,1,1983,5,1,-1,-1,0,0,-1,201900011184,3,46,NULL,NULL,2,2,0,2,15,430,1,NULL,NULL,2,0,1,50
201900011184,31,12,2019,14:30:00,1,22,22098,2,1,5,1,"Rue de Saint-glen","48,4273920"," -2,5388350",201900011184,138 285 727,B01,1,1,0,2,1,1,5,NULL,201900011184,138 285 728,A01,2,2,1,2,1985,5,1,-1,-1,0,0,-1,201900011184,3,46,NULL,NULL,2,2,0,2,15,430,1,NULL,NULL,2,0,1,50
201900011552,21,3,2019,14:59:00,1,77,77217,1,3,1,3,"D471 X VC7 CH. DES BOIS","48,6940100","2,6942500",201900011552,138 285 028,B01,2,1,0,2,1,13,5,NULL,201900011552,138 285 027,A01,1,1,1,1,1969,1,1,-1,-1,0,0,-1,201900011552,3,471,NULL,NULL,2,2,0,1,17,866,1,NULL,NULL,1,5,1,80
201900011552,21,3,2019,14:59:00,1,77,77217,1,3,1,3,"D471 X VC7 CH. DES BOIS","48,6940100","2,6942500",201900011552,138 285 028,B01,2,1,0,2,1,13,5,NULL,201900011552,138 285 028,B01,1,1,4,1,1944,5,2,-1,-1,0,0,-1,201900011552,3,471,NULL,NULL,2,2,0,1,17,866,1,NULL,NULL,1,5,1,80
201900013127,28,12,2019,16:25:00,1,95,95210,2,3,1,3,"MALLEVILLE (RUE DE)","48,9670000","2,3046500",201900013127,138 282 043,B01,3,1,0,2,1,1,0,NULL,201900013127,138 282 043,B01,1,1,3,1,1963,5,8,0,-1,-1,0,-1,201900013127,4,"MALLEVILLE (RUE DE)",0,NULL,2,2,0,1,(1),(1),1,NULL,NULL,1,0,1,50
201900013127,28,12,2019,16:25:00,1,95,95210,2,3,1,3,"MALLEVILLE (RUE DE)","48,9670000","2,3046500",201900013127,138 282 043,B01,3,1,0,2,1,1,0,NULL,201900013127,138 282 044,A01,1,1,1,2,1986,3,1,0,-1,-1," -1",-1,201900013127,4,"MALLEVILLE (RUE DE)",0,NULL,2,2,0,1,(1),(1),1,NULL,NULL,1,0,1,50
201900014908,30,12,2019,17:30:00,5,75,75119,2,1,1,3,"BOULEVARD DE LA VILLETTE","48,8726770","2,3764100",201900014908,138 278 587,B01,1,1,0,2,7,19,5,NULL,201900014908,138 278 587,B01,1,1,4,1,1992,0,8,2,-1,0,0,-1,201900014908,4,"BOULEVARD DE LA VILLETTE",0,NULL,3,1,0,1,8,0,1,NULL,NULL,1,0,1,50
201900014908,30,12,2019,17:30:00,5,75,75119,2,1,1,3,"BOULEVARD DE LA VILLETTE","48,8726770","2,3764100",201900014908,138 278 587,B01,1,1,0,2,7,19,5,NULL,201900014908,138 278 588,A01,1,1,4,1,1994,5,2,6,-1,0,0,-1,201900014908,4,"BOULEVARD DE LA VILLETTE",0,NULL,3,1,0,1,8,0,1,NULL,NULL,1,0,1,50
201900014911,30,12,2019,18:35:00,5,75,75111,2,2,1,6,"RUE BASFROI","48,8557030","2,3787060",201900014911,138 278 581,B01,2,1,0,2,8,1,5,NULL,201900014911,138 278 581,B01,1,1,4,2,1989,0,8,2,-1,0,0,-1,201900014911,4,"RUE BASFROI",0,NULL,1,1,1,1,0,0,1,NULL,NULL,1,0,5,30
201900015115,17,3,2019,21:15:00,5,75,75118,2,3,1,6,"BOULEVARD DE CLICHY","48,8846780","2,3294200",201900015115,138 278 204,B01,1,1,0,2,0,0,5,NULL,201900015115,138 278 204,B01,1,1,4,1,1971,9,8,0,-1,0,0,-1,201900015115,4,"BOULEVARD DE CLICHY",0,NULL,1,3,2,1,0,0,1,NULL,NULL,1,0,1,50
201900015741,29,4,2019,19:50:00,2,33,33459,2,3,7,3,"D936 / D936E5","44,8558900"," -0,1198600",201900015741,138 277 064,B01,2,1,0,2,3,1,5,NULL,201900015741,138 277 063,A01,1,1,1,1,1996,1,1,-1,-1,0,0,-1,201900015741,3,936,0,NULL,2,2,0,1,38,550,2,NULL,NULL,1,5,1,50
201900015741,29,4,2019,19:50:00,2,33,33459,2,3,7,3,"D936 / D936E5","44,8558900"," -0,1198600",201900015741,138 277 064,B01,2,1,0,2,3,1,5,NULL,201900015741,138 277 064,B01,1,1,3,1,1981,1,0,-1,-1,0,0,-1,201900015741,3,936,0,NULL,2,2,0,1,38,550,2,NULL,NULL,1,5,1,50
201900015893,23,4,2019,08:10:00,1,60,60155,2,9,1,3,"Rue du Château","49,2589490","2,3325410",201900015893,138 276 814,B01,2,1,0,2,2,19,5,NULL,201900015893,138 276 814,B01,1,1,2,1,2014,2,0,-1,-1,0,0,-1,201900015893,3,929,NULL,NULL,2,2,1,1,12,95,1,NULL,NULL,1,9,1,50
201900015893,23,4,2019,08:10:00,1,60,60155,2,9,1,3,"Rue du Château","49,2589490","2,3325410",201900015893,138 276 814,B01,2,1,0,2,2,19,5,NULL,201900015893,138 276 815,A01,1,1,1,1,1982,4,1,-1,-1,0,0,-1,201900015893,3,929,NULL,NULL,2,2,1,1,12,95,1,NULL,NULL,1,9,1,50
201900015893,23,4,2019,08:10:00,1,60,60155,2,9,1,3,"Rue du Château","49,2589490","2,3325410",201900015893,138 276 814,B01,2,1,0,2,2,19,5,NULL,201900015893,138 276 815,A01,10,3,3,2,1976,2,0,-1,-1,1,3,2,201900015893,3,929,NULL,NULL,2,2,1,1,12,95,1,NULL,NULL,1,9,1,50
201900015926,6,8,2019,10:30:00,1,93,93008,2,1,1,1,"JAURES (AVENUE JEAN)","48,9021000","2,4405300",201900015926,138 276 753,B01,2,1,1,0,1,18,5,NULL,201900015926,138 276 753,B01,1,1,3,1,1999,0,8,0,-1,-1," -1",-1,201900015926,3,30,0,NULL,3,2,0,1,1,0,1,NULL,NULL,1,0,1,50
201900015926,6,8,2019,10:30:00,1,93,93008,2,1,1,1,"JAURES (AVENUE JEAN)","48,9021000","2,4405300",201900015926,138 276 753,B01,2,1,1,0,1,18,5,NULL,201900015926,138 276 754,A01,1,1,1,1,1974,4,8,0,-1,-1," -1",-1,201900015926,3,30,0,NULL,3,2,0,1,1,0,1,NULL,NULL,1,0,1,50
201900016577,13,11,2019,09:30:00,1,25,25580,2,3,1,3,"OEHMICHEN (RUE)","47,4728900","6,8364200",201900016577,138 275 457,B01,3,1,0,2,7,1,0,NULL,201900016577,138 275 456,A01,1,1,1,1,1961,0,1,0,-1,-1,0,-1,201900016577,3,38,0,NULL,2,2,0,1,2,425,2,NULL,NULL,1,5,1,50
201900016577,13,11,2019,09:30:00,1,25,25580,2,3,1,3,"OEHMICHEN (RUE)","47,4728900","6,8364200",201900016577,138 275 457,B01,3,1,0,2,7,1,0,NULL,201900016577,138 275 457,B01,10,3,3,1,1980,0,8,0,-1,9,B,1,201900016577,3,38,0,NULL,2,2,0,1,2,425,2,NULL,NULL,1,5,1,50
201900019976,20,5,2019,08:05:00,1,91,91521,2,1,2,6,"CHAMPS (AVENUE DES)","48,6482700","2,4191100",201900019976,138 269 035,B01,1,1,0,2,8,1,5,NULL,201900019976,138 269 035,B01,1,1,4,1,2005,9,2,8,-1,-1," -1",-1,201900019976,4,"CHAMPS (AVENUE DES)",0,NULL,2,2,0,2,0,0,1,NULL,NULL,2,0,3,50
201900021638,4,8,2019,17:50:00,1,27,27465,1,1,1,2,"PK 26 + 400 RD 141","48,9924480","1,3430820",201900021638,138 265 939,B01,2,1,0,0,4,2,5,NULL,201900021638,138 265 939,B01,1,1,2,1,1957,5,2,-1,-1,0,0,-1,201900021638,3,141,0,NULL,2,2,0,1,26,400,1,NULL,NULL,1,0,1,80
201900021638,4,8,2019,17:50:00,1,27,27465,1,1,1,2,"PK 26 + 400 RD 141","48,9924480","1,3430820",201900021638,138 265 939,B01,2,1,0,0,4,2,5,NULL,201900021638,138 265 940,A01,1,1,1,1,1936,5,1,-1,-1,0,0,-1,201900021638,3,141,0,NULL,2,2,0,1,26,400,1,NULL,NULL,1,0,1,80
201900021638,4,8,2019,17:50:00,1,27,27465,1,1,1,2,"PK 26 + 400 RD 141","48,9924480","1,3430820",201900021638,138 265 939,B01,2,1,0,0,4,2,5,NULL,201900021638,138 265 940,A01,2,2,1,2,1936,5,1,-1,-1,0,0,-1,201900021638,3,141,0,NULL,2,2,0,1,26,400,1,NULL,NULL,1,0,1,80
201900021786,27,5,2019,23:10:00,5,80,80021,2,1,1,6,"AV DE GENERAL DE GAULLE","49,9025000","2,2999300",201900021786,138 265 620,A01,0,1,12,0,0,1,5,NULL,201900021786,138 265 620,A01,1,1,4,1,1980,0,2,0,-1,0,0,-1,201900021786,4,"GENERAL DE GAULLE (AVENUE DE )",0,NULL,2,2,0,2,0,0,1,NULL,NULL,1,0,1,50
201900022992,13,4,2019,09:05:00,1,49,49007,2,1,1,3,"MOULIN PONT ET PLACE","47,4901400"," -0,5474900",201900022992,138 263 324,A01,1,1,0,2,2,1,5,NULL,201900022992,138 263 324,A01,1,1,4,1,1995,0,8,0,-1,-1,0,-1,201900022992,4,"MOULIN PONT ET PLACE",0,NULL,2,2,0,1,0,0,1,NULL,NULL,1,0,1,50
201900023622,11,3,2019,13:25:00,1,94,94068,2,1,1,2,"REMISES (R DES)","48,8062000","2,4732500",201900023622,138 261 999,A01,2,1,0,2,1,1,5,NULL,201900023622,138 261 999,A01,1,1,4,1,2002,2,8,0,-1,-1,0,-1,201900023622,4,"REMISES (R DES)",0,NULL,1,1,0,1,0,0,1,NULL,NULL,1,0,1,30
201900023622,11,3,2019,13:25:00,1,94,94068,2,1,1,2,"REMISES (R DES)","48,8062000","2,4732500",201900023622,138 261 999,A01,2,1,0,2,1,1,5,NULL,201900023622,138 262 000,B01,1,1,1,1,1968,9,1,0,-1,-1,0,-1,201900023622,4,"REMISES (R DES)",0,NULL,1,1,0,1,0,0,1,NULL,NULL,1,0,1,30
201900023622,11,3,2019,13:25:00,1,94,94068,2,1,1,2,"REMISES (R DES)","48,8062000","2,4732500",201900023622,138 261 999,A01,2,1,0,2,1,1,5,NULL,201900023622,138 262 000,B01,2,2,1,2,2004,9,8,0,-1,-1,0,-1,201900023622,4,"REMISES (R DES)",0,NULL,1,1,0,1,0,0,1,NULL,NULL,1,0,1,30
201900024492,24,12,2019,12:55:00,1,60,60446,2,3,7,1,"route de paris","49,1387502","2,8084599",201900024492,138 260 289,B01,1,1,0,0,1,1,5,NULL,201900024492,138 260 288,A01,1,1,1,1,1962,0,1,-1,-1,0,0,-1,201900024492,4,NULL,0,NULL,2,2,0,2,(1),(1),1,NULL,NULL,2,0,1,50
201900024492,24,12,2019,12:55:00,1,60,60446,2,3,7,1,"route de paris","49,1387502","2,8084599",201900024492,138 260 289,B01,1,1,0,0,1,1,5,NULL,201900024492,138 260 289,B01,1,1,4,1,1987,0,0,-1,-1,0,0,-1,201900024492,4,NULL,0,NULL,2,2,0,2,(1),(1),1,NULL,NULL,2,0,1,50
201900027975,25,1,2019,09:36:00,1,34,34172,2,1,1,3,"PALAVAS (AVENUE DE)","43,5976700","3,8862500",201900027975,138 253 703,B01,2,1,0,2,1,1,5,NULL,201900027975,138 253 702,A01,1,1,1,1,1958,1,1,8,-1,-1," -1",-1,201900027975,4,"PALAVAS (AVENUE DE)",0,NULL,2,2,0,1,(1),(1),1,NULL,NULL,1,0,1,50
201900027975,25,1,2019,09:36:00,1,34,34172,2,1,1,3,"PALAVAS (AVENUE DE)","43,5976700","3,8862500",201900027975,138 253 703,B01,2,1,0,2,1,1,5,NULL,201900027975,138 253 703,B01,1,1,3,1,1993,5,2,0,-1,-1," -1",-1,201900027975,4,"PALAVAS (AVENUE DE)",0,NULL,2,2,0,1,(1),(1),1,NULL,NULL,1,0,1,50
201900030946,30,4,2019,17:47:00,1,33,33063,2,3,1,3,"QUAI DES CHARTRONS","44,8555400"," -0,5638100",201900030946,138 248 153,A01,1,1,0,4,7,19,5,NULL,201900030946,138 248 152,B01,1,1,1,1,1989,4,8,8,-1,-1,0,-1,201900030946,4,"QUAI DES CHARTRONS",0,NULL,2,7,0,1,0,0,2,NULL,NULL,1,4,6,50
201900030946,30,4,2019,17:47:00,1,33,33063,2,3,1,3,"QUAI DES CHARTRONS","44,8555400"," -0,5638100",201900030946,138 248 153,A01,1,1,0,4,7,19,5,NULL,201900030946,138 248 153,A01,1,1,3,2,1966,0,8,0,-1,-1,0,-1,201900030946,4,"QUAI DES CHARTRONS",0,NULL,2,7,0,1,0,0,2,NULL,NULL,1,4,6,50
201900031211,17,12,2019,17:30:00,5,92,92020,2,1,2,3,"LIBERTE BOULEVARD DE LA N° PAIRS","48,8030400","2,2900100",201900031211,138 247 651,B01,1,1,0,2,1,1,5,NULL,201900031211,138 247 651,B01,1,1,4,1,2003,5,2,0,-1,-1,0,-1,201900031211,3,72,0,NULL,2,2,0,2,0,0,1,NULL,NULL,2,0,1,50