Num_Acc,jour,mois,an,hrmn,lum,dep,com,agg,int,atm,col,adr,lat,long,Num_Acc,id_vehicule,num_veh,senc,catv,obs,obsm,choc,manv,motor,occutc,Num_Acc,id_vehicule,num_veh,place,catu,grav,sexe,an_nais,trajet,secu1,secu2,secu3,locp,actp,etatp,Num_Acc,catr,voie,v1,v2,circ,nbv,vosp,prof,pr,pr1,plan,lartpc,larrout,surf,infra,situ,vma
201900031211,17,12,2019,17:30:00,5,92,92020,2,1,2,3,"LIBERTE BOULEVARD DE LA N° PAIRS","48,8030400","2,2900100",201900031211,138 247 651,B01,1,1,0,2,1,1,5,NULL,201900031211,138 247 652,A01,2,2,1,2,1997,0,1,0,-1,-1,0,-1,201900031211,3,72,0,NULL,2,2,0,2,0,0,1,NULL,NULL,2,0,1,50
201900031211,17,12,2019,17:30:00,5,92,92020,2,1,2,3,"LIBERTE BOULEVARD DE LA N° PAIRS","48,8030400","2,2900100",201900031211,138 247 651,B01,1,1,0,2,1,1,5,NULL,201900031211,138 247 652,A01,1,1,1,1,1993,5,1,0,-1,-1,0,-1,201900031211,3,72,0,NULL,2,2,0,2,0,0,1,NULL,NULL,2,0,1,50
201900032627,23,7,2019,17:30:00,1,72,72181,1,1,1,3,"MAC JEAN (AV) N° IMP 107 ET plus","47,9790200","0,2255200",201900032627,138 244 964,B01,2,1,0,2,8,1,5,NULL,201900032627,138 244 964,B01,1,1,4,1,1989,0,8,0,-1,0,0,-1,201900032627,4,"MAC JEAN (AV) N° IMP 107 ET plus",0,NULL,2,2,2,1,0,0,1,NULL,NULL,1,0,1,50
201900032627,23,7,2019,17:30:00,1,72,72181,1,1,1,3,"MAC JEAN (AV) N° IMP 107 ET plus","47,9790200","0,2255200",201900032627,138 244 964,B01,2,1,0,2,8,1,5,NULL,201900032627,138 244 965,Z01,1,1,1,1,1942,5,1,-1,-1,-1," -1",-1,201900032627,4,"MAC JEAN (AV) N° IMP 107 ET plus",0,NULL,2,2,2,1,0,0,1,NULL,NULL,1,0,1,50
201900033098,15,12,2019,17:19:00,3,30,30226,1,9,1,2,"RD 86","44,2368020","4,6380070",201900033098,138 244 021,A01,3,1,0,2,4,14,5,NULL,201900033098,138 244 020,B01,1,1,1,1,1996,5,1,-1,-1,0,0,-1,201900033098,3,86,NULL,NULL,2,2,0,2,(1),(1),1,NULL,NULL,1,0,1,80
201900033098,15,12,2019,17:19:00,3,30,30226,1,9,1,2,"RD 86","44,2368020","4,6380070",201900033098,138 244 021,A01,3,1,0,2,4,14,5,NULL,201900033098,138 244 021,A01,1,1,3,2,1977,5,2,-1,-1,0,0,-1,201900033098,3,86,NULL,NULL,2,2,0,2,(1),(1),1,NULL,NULL,1,0,1,80
201900033828,2,9,2019,15:50:00,1,34,34198,2,1,1,3,"D21  ROUTE DE CARNON","43,5825593","3,9256348",201900033828,138 242 631,A01,3,1,0,2,1,25,5,NULL,201900033828,138 242 630,B01,1,1,1,2,1996,0,1,8,-1,0,0,-1,201900033828,4,"ROUTE DE CARNON",0,NULL,1,-1,0,1,(1),(1),1,NULL,NULL,1,0,1,30
201900033828,2,9,2019,15:50:00,1,34,34198,2,1,1,3,"D21  ROUTE DE CARNON","43,5825593","3,9256348",201900033828,138 242 631,A01,3,1,0,2,1,25,5,NULL,201900033828,138 242 631,A01,1,1,4,1,1984,0,2,0,-1,0,0,-1,201900033828,4,"ROUTE DE CARNON",0,NULL,1,-1,0,1,(1),(1),1,NULL,NULL,1,0,1,30
201900036381,10,5,2019,10:50:00,1,10,10387,2,1,1,3,"CHARMILLES (MAIL DES)","48,2947100","4,0830000",201900036381,138 237 717,B01,3,1,0,2,3,5,5,NULL,201900036381,138 237 717,B01,1,1,4,2,1972,9,8,0,-1,-1," -1",-1,201900036381,7,"CHARMILLES (MAIL DES)",0,NULL,1,1,1,1,0,0,1,NULL,NULL,1,0,1,50
201900036381,10,5,2019,10:50:00,1,10,10387,2,1,1,3,"CHARMILLES (MAIL DES)","48,2947100","4,0830000",201900036381,138 237 717,B01,3,1,0,2,3,5,5,NULL,201900036381,138 237 718,A01,1,1,1,1,1984,1,1,0,-1,-1," -1",-1,201900036381,7,"CHARMILLES (MAIL DES)",0,NULL,1,1,1,1,0,0,1,NULL,NULL,1,0,1,50
201900039828,18,7,2019,10:30:00,1,30,30189,2,1,1,7,"ALLENDE SALVADOR (RUE)","43,8400600","4,3890200",201900039828,138 231 197,A01,3,1,0,0,0,1,5,NULL,201900039828,138 231 197,A01,1,1,2,1,1963,5,2,8,-1,-1,0,-1,201900039828,4,"ALLENDE SALVADOR (RUE)",0,NULL,3,3,1,1,0,0,1,NULL,NULL,1,0,1,70
201900042611,16,1,2019,04:00:00,3,63,63453,1,1,1,7,"D 2089 - CHIGNAT","45,7919650","3,2985820",201900042611,138 226 033,A01,1,1,0,2,0,2,5,NULL,201900042611,138 226 033,A01,1,1,3,1,1981,1,2,-1,-1,0,0,-1,201900042611,3,2089,NULL,NULL,2,2,0,2,40,300,1,NULL,NULL,1,0,1,80
201900044348,4,11,2019,10:35:00,1,80,80021,2,1,1,3,"ALEXANDRE DUMAS (RUE)","49,8715500","2,2986600",201900044348,138 222 746,B01,0,1,0,2,8,19,5,NULL,201900044348,138 222 746,B01,1,1,3,1,1951,5,8,0,-1,-1," -1",-1,201900044348,4,"ALEXANDRE DUMAS (RUE)",0,NULL,2,4,3,1,0,0,1,NULL,NULL,1,0,1,50
201900044348,4,11,2019,10:35:00,1,80,80021,2,1,1,3,"ALEXANDRE DUMAS (RUE)","49,8715500","2,2986600",201900044348,138 222 746,B01,0,1,0,2,8,19,5,NULL,201900044348,138 222 748,A01,1,1,1,2,1965,4,1,0,-1,-1," -1",-1,201900044348,4,"ALEXANDRE DUMAS (RUE)",0,NULL,2,4,3,1,0,0,1,NULL,NULL,1,0,1,50
201900046752,1,4,2019,16:40:00,1,94,94060,2,9,1,3,"COMBAULT (RTE DE)","48,7940000","2,5941000",201900046752,138 218 112,Y01,1,1,0,2,1,1,5,NULL,201900046752,138 218 111,A01,1,1,1,1,1987,1,1,8,-1,-1," -1",-1,201900046752,4,"COMBAULT (RTE DE)",0,NULL,2,2,1,1,0,0,1,NULL,NULL,1,9,1,50
201900046752,1,4,2019,16:40:00,1,94,94060,2,9,1,3,"COMBAULT (RTE DE)","48,7940000","2,5941000",201900046752,138 218 112,Y01,1,1,0,2,1,1,5,NULL,201900046752,138 218 112,Y01,10,3,4,1,1955,5,8,0,-1,0,0,-1,201900046752,4,"COMBAULT (RTE DE)",0,NULL,2,2,1,1,0,0,1,NULL,NULL,1,9,1,50
201900047423,20,5,2019,06:10:00,2,974,97414,2,1,1,3,RN5," -21,2772360","55,4366340",201900047423,138 216 901,A01,2,1,0,2,1,1,5,NULL,201900047423,138 216 900,B01,1,1,1,1,1969,1,1,-1,-1,0,0,-1,201900047423,2,5,NULL,NULL,2,2,0,2,(1),(1),1,NULL,NULL,1,0,1,-1
201900047423,20,5,2019,06:10:00,2,974,97414,2,1,1,3,RN5," -21,2772360","55,4366340",201900047423,138 216 901,A01,2,1,0,2,1,1,5,NULL,201900047423,138 216 901,A01,1,1,3,1,1983,5,0,-1,-1,0,0,-1,201900047423,2,5,NULL,NULL,2,2,0,2,(1),(1),1,NULL,NULL,1,0,1,-1
201900048969,20,5,2019,11:00:00,1,19,19252,1,1,2,3,"Le Chassang (Sarroux)","45,4171490","2,4588690",201900048969,138 214 022,B01,2,1,0,2,8,2,6,NULL,201900048969,138 214 022,B01,1,1,4,1,1948,5,2,-1,-1,0,0,-1,201900048969,3,979,NULL,NULL,2,2,0,1,(1),(1),1,NULL,NULL,2,0,1,80
201900048969,20,5,2019,11:00:00,1,19,19252,1,1,2,3,"Le Chassang (Sarroux)","45,4171490","2,4588690",201900048969,138 214 022,B01,2,1,0,2,8,2,6,NULL,201900048969,138 214 023,A01,1,1,1,1,1941,5,1,-1,-1,0,0,-1,201900048969,3,979,NULL,NULL,2,2,0,1,(1),(1),1,NULL,NULL,2,0,1,80
201900050467,16,7,2019,11:45:00,1,48,48003,2,3,1,1,"Le Couderc","44,5395790","3,6582630",201900050467,138 211 248,A01,3,1,0,2,1,16,5,NULL,201900050467,138 211 248,A01,1,1,4,1,2005,5,2,-1,-1,0,0,-1,201900050467,4,1,NULL,NULL,2,2,0,2,(1),(1),1,NULL,NULL,1,0,1,50
201900050467,16,7,2019,11:45:00,1,48,48003,2,3,1,1,"Le Couderc","44,5395790","3,6582630",201900050467,138 211 248,A01,3,1,0,2,1,16,5,NULL,201900050467,138 211 249,B01,1,1,1,1,1946,5,1,-1,-1,0,0,-1,201900050467,4,1,NULL,NULL,2,2,0,2,(1),(1),1,NULL,NULL,1,0,1,50
201900050467,16,7,2019,11:45:00,1,48,48003,2,3,1,1,"Le Couderc","44,5395790","3,6582630",201900050467,138 211 248,A01,3,1,0,2,1,16,5,NULL,201900050467,138 211 249,B01,2,2,1,2,1945,5,1,-1,-1,0,0,-1,201900050467,4,1,NULL,NULL,2,2,0,2,(1),(1),1,NULL,NULL,1,0,1,50
201900056787,1,12,2019,17:40:00,5,77,77284,2,3,2,3,"D360 X RUE DES FUSILIERS","48,9530400","2,8794100",201900056787,138 199 364,B01,2,1,0,2,3,19,5,NULL,201900056787,138 199 363,A01,1,1,1,2,1988,0,1,0,-1,-1," -1",-1,201900056787,3,360,0,NULL,2,4,0,4,1,590,1,NULL,NULL,2,5,1,50
201900056787,1,12,2019,17:40:00,5,77,77284,2,3,2,3,"D360 X RUE DES FUSILIERS","48,9530400","2,8794100",201900056787,138 199 364,B01,2,1,0,2,3,19,5,NULL,201900056787,138 199 363,A01,2,2,1,2,1987,0,1,0,-1,-1," -1",-1,201900056787,3,360,0,NULL,2,4,0,4,1,590,1,NULL,NULL,2,5,1,50
201900056787,1,12,2019,17:40:00,5,77,77284,2,3,2,3,"D360 X RUE DES FUSILIERS","48,9530400","2,8794100",201900056787,138 199 364,B01,2,1,0,2,3,19,5,NULL,201900056787,138 199 364,B01,10,3,4,1,2009,0,8,0,-1,3,3,1,201900056787,3,360,0,NULL,2,4,0,4,1,590,1,NULL,NULL,2,5,1,50
201900010327,22,4,2019,14:55:00,1,11,11262,2,6,1,3,"MARCORIGNAN (ROUTE DE)","43,1894200","2,9851000",201900010327,138 287 243,B01,3,1,0,2,7,1,0,NULL,201900010327,138 287 243,B01,1,1,4,2,1963,0,8,0,-1,0,0,-1,201900010327,4,"MARCORIGNAN (ROUTE DE)",0,NULL,1,2,0,1,0,0,2,NULL,NULL,1,0,1,50
201900010327,22,4,2019,14:55:00,1,11,11262,2,6,1,3,"MARCORIGNAN (ROUTE DE)","43,1894200","2,9851000",201900010327,138 287 243,B01,3,1,0,2,7,1,0,NULL,201900010327,138 287 245,A01,1,1,1,1,1939,0,1,8,-1,0,0,-1,201900010327,4,"MARCORIGNAN (ROUTE DE)",0,NULL,1,2,0,1,0,0,2,NULL,NULL,1,0,1,50
201900010366,1,6,2019,15:30:00,1,83,83151,1,1,1,3,"route de brignoles","43,4340570","6,1414650",201900010366,138 287 175,B01,2,1,0,0,4,15,5,NULL,201900010366,138 287 175,B01,1,1,4,1,1997,5,0,-1,-1,0,0,-1,201900010366,3,24,NULL,NULL,2,2,0,1,(1),(1),3,NULL,NULL,1,0,1,80
201900010366,1,6,2019,15:30:00,1,83,83151,1,1,1,3,"route de brignoles","43,4340570","6,1414650",201900010366,138 287 175,B01,2,1,0,0,4,15,5,NULL,201900010366,138 287 176,A01,2,2,4,2,1977,5,2,-1,-1,0,0,-1,201900010366,3,24,NULL,NULL,2,2,0,1,(1),(1),3,NULL,NULL,1,0,1,80
201900010366,1,6,2019,15:30:00,1,83,83151,1,1,1,3,"route de brignoles","43,4340570","6,1414650",201900010366,138 287 175,B01,2,1,0,0,4,15,5,NULL,201900010366,138 287 176,A01,1,1,4,1,1984,5,2,6,-1,0,0,-1,201900010366,3,24,NULL,NULL,2,2,0,1,(1),(1),3,NULL,NULL,1,0,1,80
201900011781,5,2,2019,13:28:00,1,36,36044,1,1,1,3,"64 RUE DES MADRONS","46,7975500","1,6607600",201900011781,138 284 547,A01,0,1,0,2,4,1,5,NULL,201900011781,138 284 546,B01,1,1,1,1,1973,1,1,-1,-1,0,0,-1,201900011781,4,"64 RUE DES MADRONS",0,NULL,2,2,0,1,0,0,1,NULL,NULL,1,0,1,50
201900011781,5,2,2019,13:28:00,1,36,36044,1,1,1,3,"64 RUE DES MADRONS","46,7975500","1,6607600",201900011781,138 284 547,A01,0,1,0,2,4,1,5,NULL,201900011781,138 284 547,A01,1,1,3,1,2002,9,2,8,-1,-1,0,-1,201900011781,4,"64 RUE DES MADRONS",0,NULL,2,2,0,1,0,0,1,NULL,NULL,1,0,1,50
201900011897,5,2,2019,09:35:00,1,82,82121,2,6,2,2,"giratoire bouyer","44,0333450","1,3751630",201900011897,138 284 323,B01,3,1,0,2,1,1,5,NULL,201900011897,138 284 322,A01,1,1,1,2,1952,3,1,8,-1,-1," -1",-1,201900011897,4,"giratoire bouyer",0,NULL,1,1,0,1,0,0,2,NULL,NULL,2,0,1,50
201900011897,5,2,2019,09:35:00,1,82,82121,2,6,2,2,"giratoire bouyer","44,0333450","1,3751630",201900011897,138 284 323,B01,3,1,0,2,1,1,5,NULL,201900011897,138 284 323,B01,1,1,3,2,1952,3,8,0,-1,-1," -1",-1,201900011897,4,"giratoire bouyer",0,NULL,1,1,0,1,0,0,2,NULL,NULL,2,0,1,50
201900014241,4,8,2019,16:10:00,1,75,75117,2,1,1,3,"AVENUE DE WAGRAM","48,8866000","2,3043730",201900014241,138 279 926,B01,2,1,0,2,1,1,5,NULL,201900014241,138 279 926,B01,1,1,4,1,2001,0,2,8,-1,0,0,-1,201900014241,4,"AVENUE DE WAGRAM",0,NULL,2,4,0,1,0,0,1,NULL,NULL,1,0,1,30
201900014241,4,8,2019,16:10:00,1,75,75117,2,1,1,3,"AVENUE DE WAGRAM","48,8866000","2,3043730",201900014241,138 279 926,B01,2,1,0,2,1,1,5,NULL,201900014241,138 279 927,A01,1,1,1,1,1975,5,1,8,-1,0,0,-1,201900014241,4,"AVENUE DE WAGRAM",0,NULL,2,4,0,1,0,0,1,NULL,NULL,1,0,1,30
201900014660,20,11,2019,17:44:00,5,45,45286,2,1,1,3,"RUE DU GENERAL DE GAULLE","47,8910802","1,9210049",201900014660,138 279 049,B01,2,1,0,2,1,1,5,NULL,201900014660,138 279 049,B01,1,1,4,1,1990,5,8,0,-1,0,0,-1,201900014660,4," RUE DU GENERAL DE GAULLE",0,NULL,2,3,1,1,(1),(1),1,NULL,NULL,1,0,5,50
201900014660,20,11,2019,17:44:00,5,45,45286,2,1,1,3,"RUE DU GENERAL DE GAULLE","47,8910802","1,9210049",201900014660,138 279 049,B01,2,1,0,2,1,1,5,NULL,201900014660,138 279 050,A01,2,2,1,1,2010,0,1,8,-1,0,0,-1,201900014660,4," RUE DU GENERAL DE GAULLE",0,NULL,2,3,1,1,(1),(1),1,NULL,NULL,1,0,5,50
201900014660,20,11,2019,17:44:00,5,45,45286,2,1,1,3,"RUE DU GENERAL DE GAULLE","47,8910802","1,9210049",201900014660,138 279 049,B01,2,1,0,2,1,1,5,NULL,201900014660,138 279 050,A01,1,1,1,2,1985,0,1,8,-1,0,0,-1,201900014660,4," RUE DU GENERAL DE GAULLE",0,NULL,2,3,1,1,(1),(1),1,NULL,NULL,1,0,5,50
201900017877,2,7,2019,11:30:00,1,75,75110,2,1,1,2,"RUE LA FAYETTE","48,8823490","2,3686780",201900017877,138 272 988,B01,2,1,0,2,1,2,5,NULL,201900017877,138 272 988,B01,1,1,4,1,1997,5,2,8,-1,0,0,-1,201900017877,4,"RUE LA FAYETTE",0,NULL,2,3,0,1,0,0,1,NULL,NULL,1,0,1,50
201900017877,2,7,2019,11:30:00,1,75,75110,2,1,1,2,"RUE LA FAYETTE","48,8823490","2,3686780",201900017877,138 272 988,B01,2,1,0,2,1,2,5,NULL,201900017877,138 272 989,A01,1,1,1,1,1993,5,1,0,-1,0,0,-1,201900017877,4,"RUE LA FAYETTE",0,NULL,2,3,0,1,0,0,1,NULL,NULL,1,0,1,50
201900018409,11,3,2019,14:40:00,1,47,47032,2,3,1,3,"NOGUES (avenue du)","44,1913604","0,6509695",201900018409,138 272 010,A01,2,1,0,2,1,15,5,NULL,201900018409,138 272 010,A01,1,1,3,1,1990,5,8,0,-1,-1,0,-1,201900018409,3,813,0,NULL,2,2,0,1,13,125,1,NULL,NULL,1,0,1,50
201900018409,11,3,2019,14:40:00,1,47,47032,2,3,1,3,"NOGUES (avenue du)","44,1913604","0,6509695",201900018409,138 272 010,A01,2,1,0,2,1,15,5,NULL,201900018409,138 272 011,B01,1,1,1,1,1985,1,1,-1,-1,-1," -1",-1,201900018409,3,813,0,NULL,2,2,0,1,13,125,1,NULL,NULL,1,0,1,50
201900018409,11,3,2019,14:40:00,1,47,47032,2,3,1,3,"NOGUES (avenue du)","44,1913604","0,6509695",201900018409,138 272 010,A01,2,1,0,2,1,15,5,NULL,201900018409,138 272 011,B01,2,2,1,1,1974,0,1,0,-1,-1," -1",-1,201900018409,3,813,0,NULL,2,2,0,1,13,125,1,NULL,NULL,1,0,1,50
201900025632,13,11,2019,08:20:00,1,74,74298,2,1,7,3,"TANINGES (ROUTE DE )","46,1863000","6,2738900",201900025632,138 258 076,B01,2,1,0,2,1,1,5,NULL,201900025632,138 258 075,A01,1,1,1,1,1966,9,1,8,-1,-1,0,-1,201900025632,3,907,0,NULL,3,4,2,1,1,800,1,NULL,NULL,1,0,1,50
201900025632,13,11,2019,08:20:00,1,74,74298,2,1,7,3,"TANINGES (ROUTE DE )","46,1863000","6,2738900",201900025632,138 258 076,B01,2,1,0,2,1,1,5,NULL,201900025632,138 258 076,B01,1,1,4,1,1977,1,2,6,-1,-1,0,-1,201900025632,3,907,0,NULL,3,4,2,1,1,800,1,NULL,NULL,1,0,1,50
201900025680,13,11,2019,07:45:00,2,17,17415,2,6,8,3,"GENET 2 A 64 COURS","45,7488500"," -0,6591500",201900025680,138 257 993,A01,1,1,0,2,2,16,5,NULL,201900025680,138 257 992,B01,1,1,1,1,1983,1,1,0,-1,-1,0,-1,201900025680,4,"GENET 2 A 64 COURS",0,NULL,1,1,0,1,1,0,2,NULL,NULL,1,5,1,50
201900025680,13,11,2019,07:45:00,2,17,17415,2,6,8,3,"GENET 2 A 64 COURS","45,7488500"," -0,6591500",201900025680,138 257 993,A01,1,1,0,2,2,16,5,NULL,201900025680,138 257 993,A01,1,1,3,2,1988,2,8,0,-1,-1,0,-1,201900025680,4,"GENET 2 A 64 COURS",0,NULL,1,1,0,1,1,0,2,NULL,NULL,1,5,1,50
201900026892,24,7,2019,09:30:00,1,58,58144,2,1,1,6,"D 978A, centre bourg","46,7753440","3,0744840",201900026892,138 255 731,B01,1,1,0,9,4,21,5,NULL,201900026892,138 255 730,C01,1,1,3,1,1941,5,2,-1,-1,0,0,-1,201900026892,3,978,0,A,2,2,0,1,3,(1),1,NULL,NULL,1,0,5,50
201900026892,24,7,2019,09:30:00,1,58,58144,2,1,1,6,"D 978A, centre bourg","46,7753440","3,0744840",201900026892,138 255 730,C01,1,1,0,2,1,21,5,NULL,201900026892,138 255 730,C01,1,1,3,1,1941,5,2,-1,-1,0,0,-1,201900026892,3,978,0,A,2,2,0,1,3,(1),1,NULL,NULL,1,0,5,50
201900026892,24,7,2019,09:30:00,1,58,58144,2,1,1,6,"D 978A, centre bourg","46,7753440","3,0744840",201900026892,138 255 731,B01,1,1,0,9,4,21,5,NULL,201900026892,138 255 731,B01,1,1,1,1,1948,5,2,-1,-1,0,0,-1,201900026892,3,978,0,A,2,2,0,1,3,(1),1,NULL,NULL,1,0,5,50
201900026892,24,7,2019,09:30:00,1,58,58144,2,1,1,6,"D 978A, centre bourg","46,7753440","3,0744840",201900026892,138 255 730,C01,1,1,0,2,1,21,5,NULL,201900026892,138 255 731,B01,1,1,1,1,1948,5,2,-1,-1,0,0,-1,201900026892,3,978,0,A,2,2,0,1,3,(1),1,NULL,NULL,1,0,5,50
201900026892,24,7,2019,09:30:00,1,58,58144,2,1,1,6,"D 978A, centre bourg","46,7753440","3,0744840",201900026892,138 255 731,B01,1,1,0,9,4,21,5,NULL,201900026892,138 255 732,A01,1,1,1,2,1974,5,1,-1,-1,0,0,-1,201900026892,3,978,0,A,2,2,0,1,3,(1),1,NULL,NULL,1,0,5,50
201900026892,24,7,2019,09:30:00,1,58,58144,2,1,1,6,"D 978A, centre bourg","46,7753440","3,0744840",201900026892,138 255 730,C01,1,1,0,2,1,21,5,NULL,201900026892,138 255 732,A01,1,1,1,2,1974,5,1,-1,-1,0,0,-1,201900026892,3,978,0,A,2,2,0,1,3,(1),1,NULL,NULL,1,0,5,50
201900026939,30,7,2019,10:40:00,1,13,13104,2,3,1,1,"Avenue Pierre Matraja","43,3386050","5,1074290",201900026939,138 255 650,B01,2,1,0,2,3,25,0,NULL,201900026939,138 255 649,A01,1,1,1,2,1936,5,1,-1,-1,0,0,-1,201900026939,4,NULL,NULL,NULL,2,2,1,2,(1),(1),1,NULL,NULL,1,0,1,50
201900026939,30,7,2019,10:40:00,1,13,13104,2,3,1,1,"Avenue Pierre Matraja","43,3386050","5,1074290",201900026939,138 255 650,B01,2,1,0,2,3,25,0,NULL,201900026939,138 255 650,B01,1,1,2,1,1937,5,2,-1,-1,0,0,-1,201900026939,4,NULL,NULL,NULL,2,2,1,2,(1),(1),1,NULL,NULL,1,0,1,50
201900029580,7,10,2019,15:30:00,1,75,75104,2,3,1,6,"RUE DE RIVOLI","48,8554569","2,3600888",201900029580,138 250 660,A01,1,1,0,1,8,1,5,NULL,201900029580,138 250 660,A01,10,3,4,2,1959,0,0,-1,-1,4,3,1,201900029580,4,"RUE DE RIVOLI",0,NULL,1,2,1,1,0,0,1,NULL,NULL,1,0,5,50
201900029580,7,10,2019,15:30:00,1,75,75104,2,3,1,6,"RUE DE RIVOLI","48,8554569","2,3600888",201900029580,138 250 660,A01,1,1,0,1,8,1,5,NULL,201900029580,138 250 660,A01,1,1,1,2,1964,0,2,0,-1,0,0,-1,201900029580,4,"RUE DE RIVOLI",0,NULL,1,2,1,1,0,0,1,NULL,NULL,1,0,5,50
201900031373,17,12,2019,17:35:00,3,17,17385,2,3,2,3,"Route des Allées","45,9366690"," -1,3037690",201900031373,138 247 364,B01,0,1,0,2,7,15,0,NULL,201900031373,138 247 364,B01,1,1,3,1,2010,5,2,-1,-1,0,0,-1,201900031373,4,"route des allées",NULL,NULL,2,2,0,1,(1),(1),1,NULL,NULL,2,0,1,50
201900031373,17,12,2019,17:35:00,3,17,17385,2,3,2,3,"Route des Allées","45,9366690"," -1,3037690",201900031373,138 247 364,B01,0,1,0,2,7,15,0,NULL,201900031373,138 247 365,A01,1,1,1,1,1982,5,1,-1,-1,0,0,-1,201900031373,4,"route des allées",NULL,NULL,2,2,0,1,(1),(1),1,NULL,NULL,2,0,1,50
201900032442,10,4,2019,16:40:00,1,75,75119,2,1,2,3,"RUE GASTON TESSIER","48,8960320","2,3741710",201900032442,138 245 319,B01,1,1,0,2,3,19,5,NULL,201900032442,138 245 318,A01,1,1,1,1,1984,0,2,0,-1,0,0,-1,201900032442,4,"RUE GASTON TESSIER",0,NULL,2,2,0,1,0,0,1,NULL,NULL,2,0,1,30
201900032442,10,4,2019,16:40:00,1,75,75119,2,1,2,3,"RUE GASTON TESSIER","48,8960320","2,3741710",201900032442,138 245 319,B01,1,1,0,2,3,19,5,NULL,201900032442,138 245 319,B01,1,1,4,1,1983,1,8,0,-1,0,0,-1,201900032442,4,"RUE GASTON TESSIER",0,NULL,2,2,0,1,0,0,1,NULL,NULL,2,0,1,30
201900033096,15,12,2019,11:40:00,1,59,59641,1,2,1,1,"Route de la Colme","50,9880970","2,5282030",201900033096,138 244 028,B01,2,1,0,2,8,19,0,NULL,201900033096,138 244 028,B01,1,1,3,1,1948,5,2,-1,-1,0,0,-1,201900033096,3,3,0,D,2,2,0,1,7,150,1,NULL,NULL,2,0,1,70
201900033096,15,12,2019,11:40:00,1,59,59641,1,2,1,1,"Route de la Colme","50,9880970","2,5282030",201900033096,138 244 028,B01,2,1,0,2,8,19,0,NULL,201900033096,138 244 051,A01,1,1,1,2,1976,0,1,-1,-1,0,0,-1,201900033096,3,3,0,D,2,2,0,1,7,150,1,NULL,NULL,2,0,1,70
201900034786,1,12,2019,08:40:00,1,44,44184,2,1,1,1,"MITTERRAND (AVENUE FRANÇOIS)","47,2704080"," -2,2247520",201900034786,138 240 781,B01,3,1,0,2,1,1,5,NULL,201900034786,138 240 781,B01,1,1,3,1,1993,5,2,0,-1,0,0,-1,201900034786,4,NULL,0,NULL,2,2,0,1,0,0,1,NULL,NULL,1,0,1,50
201900034786,1,12,2019,08:40:00,1,44,44184,2,1,1,1,"MITTERRAND (AVENUE FRANÇOIS)","47,2704080"," -2,2247520",201900034786,138 240 781,B01,3,1,0,2,1,1,5,NULL,201900034786,138 240 782,A01,1,1,1,1,1992,5,1,0,-1,0,0,-1,201900034786,4,NULL,0,NULL,2,2,0,1,0,0,1,NULL,NULL,1,0,1,50
201900035610,2,9,2019,08:40:00,1,57,57013,2,9,1,3,d32,"49,1793340","6,9983730",201900035610,138 239 164,A01,0,1,0,2,1,9,0,NULL,201900035610,138 239 163,B01,1,1,1,2,1944,5,1,-1,-1,0,0,-1,201900035610,3,32,NULL,NULL,2,2,0,1,(1),(1),1,NULL,NULL,1,0,1,50
201900035610,2,9,2019,08:40:00,1,57,57013,2,9,1,3,d32,"49,1793340","6,9983730",201900035610,138 239 164,A01,0,1,0,2,1,9,0,NULL,201900035610,138 239 164,A01,1,1,3,1,1960,5,2,-1,-1,0,0,-1,201900035610,3,32,NULL,NULL,2,2,0,1,(1),(1),1,NULL,NULL,1,0,1,50
201900036830,19,6,2019,15:53:00,1,49,49007,2,1,1,6,"JUSTICES PLACE","47,4529900"," -0,5263200",201900036830,138 236 817,B01,3,1,0,2,1,19,5,NULL,201900036830,138 236 816,A01,1,1,1,1,1949,0,1,0,-1,-1,0,-1,201900036830,4,"JUSTICES PLACE",0,NULL,2,2,0,1,0,0,1,NULL,NULL,1,0,1,30
201900036830,19,6,2019,15:53:00,1,49,49007,2,1,1,6,"JUSTICES PLACE","47,4529900"," -0,5263200",201900036830,138 236 817,B01,3,1,0,2,1,19,5,NULL,201900036830,138 236 817,B01,1,1,4,1,2004,9,8,0,-1,-1,0,-1,201900036830,4,"JUSTICES PLACE",0,NULL,2,2,0,1,0,0,1,NULL,NULL,1,0,1,30
201900037510,27,2,2019,05:35:00,3,37,37261,2,4,1,3,"MIRABEAU (PONT)","47,4028000","0,7019600",201900037510,138 235 495,A01,2,1,0,2,2,19,5,NULL,201900037510,138 235 495,A01,1,1,4,1,1965,1,8,0,-1,-1,0,-1,201900037510,4,"BERT (QUAI PAUL)",0,NULL,1,1,2,3,0,0,3,NULL,NULL,1,9,1,50
201900037510,27,2,2019,05:35:00,3,37,37261,2,4,1,3,"MIRABEAU (PONT)","47,4028000","0,7019600",201900037510,138 235 495,A01,2,1,0,2,2,19,5,NULL,201900037510,138 235 496,B01,2,2,1,1,1995,0,1,8,-1,-1,0,-1,201900037510,4,"BERT (QUAI PAUL)",0,NULL,1,1,2,3,0,0,3,NULL,NULL,1,9,1,50