Num_Acc,jour,mois,an,hrmn,lum,dep,com,agg,int,atm,col,adr,lat,long,Num_Acc,id_vehicule,num_veh,senc,catv,obs,obsm,choc,manv,motor,occutc,Num_Acc,id_vehicule,num_veh,place,catu,grav,sexe,an_nais,trajet,secu1,secu2,secu3,locp,actp,etatp,Num_Acc,catr,voie,v1,v2,circ,nbv,vosp,prof,pr,pr1,plan,lartpc,larrout,surf,infra,situ,vma
201900037510,27,2,2019,05:35:00,3,37,37261,2,4,1,3,"MIRABEAU (PONT)","47,4028000","0,7019600",201900037510,138 235 495,A01,2,1,0,2,2,19,5,NULL,201900037510,138 235 496,B01,1,1,1,2,1993,5,1,8,-1,-1,0,-1,201900037510,4,"BERT (QUAI PAUL)",0,NULL,1,1,2,3,0,0,3,NULL,NULL,1,9,1,50
201900038250,8,5,2019,04:30:00,5,75,75117,2,2,2,3,"AVENUE DE CLICHY","48,8897100","2,3217210",201900038250,138 234 159,A01,1,1,0,2,7,13,5,NULL,201900038250,138 234 159,A01,1,1,4,1,1988,0,2,0,-1,0,0,-1,201900038250,4,"AVENUE DE CLICHY",0,NULL,2,3,0,2,1,0,1,NULL,NULL,2,0,1,30
201900038250,8,5,2019,04:30:00,5,75,75117,2,2,2,3,"AVENUE DE CLICHY","48,8897100","2,3217210",201900038250,138 234 159,A01,1,1,0,2,7,13,5,NULL,201900038250,138 234 160,B01,4,2,1,2,1975,4,1,0,-1,0,0,-1,201900038250,4,"AVENUE DE CLICHY",0,NULL,2,3,0,2,1,0,1,NULL,NULL,2,0,1,30
201900038250,8,5,2019,04:30:00,5,75,75117,2,2,2,3,"AVENUE DE CLICHY","48,8897100","2,3217210",201900038250,138 234 159,A01,1,1,0,2,7,13,5,NULL,201900038250,138 234 160,B01,3,2,1,2,1971,4,1,0,-1,0,0,-1,201900038250,4,"AVENUE DE CLICHY",0,NULL,2,3,0,2,1,0,1,NULL,NULL,2,0,1,30
201900038250,8,5,2019,04:30:00,5,75,75117,2,2,2,3,"AVENUE DE CLICHY","48,8897100","2,3217210",201900038250,138 234 159,A01,1,1,0,2,7,13,5,NULL,201900038250,138 234 160,B01,2,2,1,2,1991,4,1,0,-1,0,0,-1,201900038250,4,"AVENUE DE CLICHY",0,NULL,2,3,0,2,1,0,1,NULL,NULL,2,0,1,30
201900038250,8,5,2019,04:30:00,5,75,75117,2,2,2,3,"AVENUE DE CLICHY","48,8897100","2,3217210",201900038250,138 234 159,A01,1,1,0,2,7,13,5,NULL,201900038250,138 234 160,B01,1,1,1,1,1970,4,1,0,-1,0,0,-1,201900038250,4,"AVENUE DE CLICHY",0,NULL,2,3,0,2,1,0,1,NULL,NULL,2,0,1,30
201900039405,26,2,2019,12:20:00,1,75,75105,2,1,1,3,"BOULEVARD DE PORT ROYAL","48,8382160","2,3429080",201900039405,138 232 030,B01,1,1,0,2,1,7,5,NULL,201900039405,138 232 030,B01,1,1,4,1,1991,5,2,0,-1,0,0,-1,201900039405,4,"BOULEVARD DE PORT ROYAL",0,NULL,3,5,3,2,0,0,1,NULL,NULL,1,0,6,50
201900039405,26,2,2019,12:20:00,1,75,75105,2,1,1,3,"BOULEVARD DE PORT ROYAL","48,8382160","2,3429080",201900039405,138 232 030,B01,1,1,0,2,1,7,5,NULL,201900039405,138 232 031,A01,1,1,1,1,1992,4,1,0,-1,0,0,-1,201900039405,4,"BOULEVARD DE PORT ROYAL",0,NULL,3,5,3,2,0,0,1,NULL,NULL,1,0,6,50
201900039438,25,2,2019,22:35:00,5,75,75104,2,2,1,6,"BOULEVARD HENRI IV","48,8508240","2,3614290",201900039438,138 231 973,A01,1,1,0,2,4,1,5,NULL,201900039438,138 231 973,A01,1,1,4,1,1992,0,2,0,-1,0,0,-1,201900039438,4,"BOULEVARD HENRI IV",0,NULL,1,2,1,1,0,0,1,NULL,NULL,1,0,1,50
201900039879,28,11,2019,08:45:00,1,74,74012,2,1,8,3,"VERDUN (AVENUE DE)","46,1913300","6,2421800",201900039879,138 231 101,B01,2,1,0,2,1,1,0,NULL,201900039879,138 231 100,A01,1,1,1,2,1985,1,1,0,-1,-1,0,-1,201900039879,4,"AVENUE DE VERDUN ",0,NULL,-1,-1,0,1,0,1,1,NULL,NULL,2,0,1,50
201900039879,28,11,2019,08:45:00,1,74,74012,2,1,8,3,"VERDUN (AVENUE DE)","46,1913300","6,2421800",201900039879,138 231 101,B01,2,1,0,2,1,1,0,NULL,201900039879,138 231 101,B01,2,2,4,1,2002,5,8,0,-1,-1,0,-1,201900039879,4,"AVENUE DE VERDUN ",0,NULL,-1,-1,0,1,0,1,1,NULL,NULL,2,0,1,50
201900039879,28,11,2019,08:45:00,1,74,74012,2,1,8,3,"VERDUN (AVENUE DE)","46,1913300","6,2421800",201900039879,138 231 101,B01,2,1,0,2,1,1,0,NULL,201900039879,138 231 101,B01,1,1,4,1,2002,5,8,0,-1,-1,0,-1,201900039879,4,"AVENUE DE VERDUN ",0,NULL,-1,-1,0,1,0,1,1,NULL,NULL,2,0,1,50
201900041690,18,7,2019,13:15:00,1,31,31157,2,6,1,3,"Avenue du Général Leclerc Philippe de Hautecloque","43,5390390","1,3394990",201900041690,138 227 821,A01,1,1,0,2,7,1,5,NULL,201900041690,138 227 821,A01,1,1,3,1,1944,5,2,-1,-1,0,0,-1,201900041690,3,24,0,NULL,2,2,0,1,(1),(1),1,NULL,NULL,1,0,1,30
201900041690,18,7,2019,13:15:00,1,31,31157,2,6,1,3,"Avenue du Général Leclerc Philippe de Hautecloque","43,5390390","1,3394990",201900041690,138 227 821,A01,1,1,0,2,7,1,5,NULL,201900041690,138 227 822,B01,1,1,1,1,1992,1,1,-1,-1,0,0,-1,201900041690,3,24,0,NULL,2,2,0,1,(1),(1),1,NULL,NULL,1,0,1,30
201900042476,26,2,2019,16:20:00,1,53,53147,2,6,1,2,"Place de l'europe","48,3010870"," -0,6237010",201900042476,138 226 282,B01,1,1,0,2,4,1,5,NULL,201900042476,138 226 281,A01,1,1,1,1,1927,3,1,-1,-1,0,0,-1,201900042476,3,304,NULL,NULL,-1,1,0,1,1,150,1,NULL,NULL,1,0,1,50
201900042476,26,2,2019,16:20:00,1,53,53147,2,6,1,2,"Place de l'europe","48,3010870"," -0,6237010",201900042476,138 226 282,B01,1,1,0,2,4,1,5,NULL,201900042476,138 226 282,B01,1,1,4,1,1954,5,2,-1,-1,0,0,-1,201900042476,3,304,NULL,NULL,-1,1,0,1,1,150,1,NULL,NULL,1,0,1,50
201900045021,3,4,2019,07:05:00,3,44,44087,2,1,2,2,"Rue de Nantes (Machecoul)","46,9915710"," -1,8087580",201900045021,138 221 450,A01,3,1,0,0,4,1,6,NULL,201900045021,138 221 450,A01,1,1,3,1,1988,1,0,-1,-1,0,0,-1,201900045021,4,NULL,NULL,NULL,2,2,0,1,(1),(1),1,NULL,NULL,1,0,1,50
201900045021,3,4,2019,07:05:00,3,44,44087,2,1,2,2,"Rue de Nantes (Machecoul)","46,9915710"," -1,8087580",201900045021,138 221 450,A01,3,1,0,0,4,1,6,NULL,201900045021,138 221 451,B01,1,1,1,1,1980,5,1,-1,-1,0,0,-1,201900045021,4,NULL,NULL,NULL,2,2,0,1,(1),(1),1,NULL,NULL,1,0,1,50
201900045963,22,2,2019,21:00:00,5,69,69387,2,3,1,3,"ARTILLERIE (DE L')                  (BD)","45,7338800","4,8427000",201900045963,138 219 636,B01,1,1,0,2,1,1,0,NULL,201900045963,138 219 636,B01,1,1,4,1,1993,1,8,0,-1,0,0,-1,201900045963,4,"ARTILLERIE (DE L')                  (BD)",0,NULL,2,2,0,1,1,0,1,NULL,NULL,1,5,1,50
201900050721,29,3,2019,06:15:00,2,64,64445,2,1,1,1,"CHANOINE LABORDE DU","43,3035400"," -0,3604100",201900050721,138 210 778,B01,1,1,0,2,1,1,5,NULL,201900050721,138 210 777,A01,1,1,1,1,1975,1,1,8,-1,0,0,-1,201900050721,4,"CHANOINE LABORDE DU",0,NULL,2,2,0,1,0,0,1,NULL,NULL,1,0,1,50
201900050721,29,3,2019,06:15:00,2,64,64445,2,1,1,1,"CHANOINE LABORDE DU","43,3035400"," -0,3604100",201900050721,138 210 778,B01,1,1,0,2,1,1,5,NULL,201900050721,138 210 778,B01,1,1,4,2,1996,1,8,0,-1,0,0,-1,201900050721,4,"CHANOINE LABORDE DU",0,NULL,2,2,0,1,0,0,1,NULL,NULL,1,0,1,50
201900051090,5,12,2019,13:15:00,1,63,63113,2,1,1,6,"FOREST (AVENUE FERNAND)","45,7998220","3,1112999",201900051090,138 210 109,B01,2,1,0,2,1,25,5,NULL,201900051090,138 210 108,A01,1,1,1,2,1983,0,1,0,-1,0,0,-1,201900051090,7,69,0,NULL,-1,0,0,1,7,0,1,NULL,NULL,1,9,1,30
201900051090,5,12,2019,13:15:00,1,63,63113,2,1,1,6,"FOREST (AVENUE FERNAND)","45,7998220","3,1112999",201900051090,138 210 109,B01,2,1,0,2,1,25,5,NULL,201900051090,138 210 109,B01,1,1,4,1,1942,0,8,0,-1,-1," -1",-1,201900051090,7,69,0,NULL,-1,0,0,1,7,0,1,NULL,NULL,1,9,1,30
201900051170,14,6,2019,10:00:00,1,35,35238,2,2,1,3,"CHATEAUGIRON (DE)","48,0951310"," -1,6375700",201900051170,138 209 950,B01,3,1,0,2,0,0,5,NULL,201900051170,138 209 950,B01,2,1,4,1,1960,0,2,0,-1,-1,0,-1,201900051170,4,"CHATEAUGIRON (DE)",0,NULL,2,4,0,1,0,0,1,NULL,NULL,1,0,1,50
201900051170,14,6,2019,10:00:00,1,35,35238,2,2,1,3,"CHATEAUGIRON (DE)","48,0951310"," -1,6375700",201900051170,138 209 950,B01,3,1,0,2,0,0,5,NULL,201900051170,138 209 951,A01,1,1,1,1,1987,1,8,0,-1,-1," -1",-1,201900051170,4,"CHATEAUGIRON (DE)",0,NULL,2,4,0,1,0,0,1,NULL,NULL,1,0,1,50
201900054584,2,5,2019,17:15:00,1,973,97309,2,1,1,3,"Boulevard Edmar Lama","4,9069697"," -52,2776076",201900054584,138 203 455,B01,0,1,0,2,3,19,5,NULL,201900054584,138 203 455,B01,1,1,4,1,2005,9,0,-1,-1,0,0,-1,201900054584,4,NULL,0,NULL,2,2,0,1,(1),(1),1,NULL,NULL,1,9,1,50
201900054584,2,5,2019,17:15:00,1,973,97309,2,1,1,3,"Boulevard Edmar Lama","4,9069697"," -52,2776076",201900054584,138 203 455,B01,0,1,0,2,3,19,5,NULL,201900054584,138 203 456,A01,1,1,1,2,1992,0,8,-1,-1,0,0,-1,201900054584,4,NULL,0,NULL,2,2,0,1,(1),(1),1,NULL,NULL,1,9,1,50
201900055103,7,6,2019,09:01:00,1,75,75119,2,1,8,6,"AVENUE DE FLANDRE","48,8854190","2,3705560",201900055103,138 202 441,A01,1,1,0,2,1,7,5,NULL,201900055103,138 202 441,A01,1,1,4,2,1967,0,2,0,-1,0,0,-1,201900055103,4,"AVENUE DE FLANDRE",0,NULL,1,3,3,1,0,0,1,NULL,NULL,1,0,6,50
201900055406,24,10,2019,15:40:00,1,85,85194,2,6,8,3,"AVENUE DU PAS DU BOIS ","46,5022900"," -1,7408400",201900055406,138 201 898,B01,3,1,0,2,7,2,5,NULL,201900055406,138 201 898,B01,1,1,4,2,1964,5,8,0,-1,0,0,-1,201900055406,4,"AVENUE DU PAS DU BOIS",0,NULL,2,2,0,1,0,0,1,NULL,NULL,2,5,1,50
201900055406,24,10,2019,15:40:00,1,85,85194,2,6,8,3,"AVENUE DU PAS DU BOIS ","46,5022900"," -1,7408400",201900055406,138 201 898,B01,3,1,0,2,7,2,5,NULL,201900055406,138 201 900,A01,1,1,1,1,1949,5,1,0,-1,0,0,-1,201900055406,4,"AVENUE DU PAS DU BOIS",0,NULL,2,2,0,1,0,0,1,NULL,NULL,2,5,1,50
201900056737,14,2,2019,15:45:00,1,10,10081,2,1,7,3,"JULES FERRY (RUE)","48,3180991","4,0581152",201900056737,138 199 465,B01,2,1,0,2,0,0,5,NULL,201900056737,138 199 465,B01,1,1,2,1,1940,5,2,6,-1,-1," -1",-1,201900056737,3,20,0,NULL,2,2,0,1,0,0,1,NULL,NULL,1,0,1,50
201900056737,14,2,2019,15:45:00,1,10,10081,2,1,7,3,"JULES FERRY (RUE)","48,3180991","4,0581152",201900056737,138 199 465,B01,2,1,0,2,0,0,5,NULL,201900056737,138 199 467,A01,1,1,1,1,1990,5,1,0,-1,-1," -1",-1,201900056737,3,20,0,NULL,2,2,0,1,0,0,1,NULL,NULL,1,0,1,50
201900057316,24,10,2019,11:30:00,1,93,93066,2,1,1,2,""LANDY RD 20, NR IMPAIRS 1 A 144"","48,9154500","2,3642600",201900057316,138 198 407,B01,3,1,0,2,1,2,0,NULL,201900057316,138 198 405,A01,1,1,1,1,1959,4,1,0,-1,-1," -1",-1,201900057316,3,20,0,NULL,2,3,0,1,0,1,1,NULL,NULL,1,0,1,50
201900057316,24,10,2019,11:30:00,1,93,93066,2,1,1,2,""LANDY RD 20, NR IMPAIRS 1 A 144"","48,9154500","2,3642600",201900057316,138 198 407,B01,3,1,0,2,1,2,0,NULL,201900057316,138 198 407,B01,1,1,4,1,1992,9,8,0,-1,-1," -1",-1,201900057316,3,20,0,NULL,2,3,0,1,0,1,1,NULL,NULL,1,0,1,50
201900058416,15,2,2019,16:43:00,1,1,01034,1,1,1,7,"RD 1504, pont de Coron","45,7536127","5,7081449",201900058416,138 196 401,A01,1,1,16,0,1,1,5,NULL,201900058416,138 196 401,A01,1,1,3,1,1939,5,2,-1,-1,0,0,-1,201900058416,3,1504,NULL,NULL,2,2,0,2,(1),(1),3,NULL,NULL,1,0,3,80
201900012778,5,7,2019,10:35:00,1,38,38550,1,1,1,1,"D221 B","45,0883370","6,0355000",201900012778,138 282 680,A01,1,1,0,2,1,1,5,NULL,201900012778,138 282 679,B01,1,1,1,1,1985,5,1,-1,-1,0,0,-1,201900012778,3,211,NULL,B,2,2,0,2,2,750,3,NULL,NULL,1,0,1,80
201900012778,5,7,2019,10:35:00,1,38,38550,1,1,1,1,"D221 B","45,0883370","6,0355000",201900012778,138 282 680,A01,1,1,0,2,1,1,5,NULL,201900012778,138 282 680,A01,1,1,3,1,1965,5,2,-1,-1,0,0,-1,201900012778,3,211,NULL,B,2,2,0,2,2,750,3,NULL,NULL,1,0,1,80
201900012779,1,6,2019,12:15:00,1,38,38191,1,1,1,7,"Route du col de sarenne","45,0821210","6,0585710",201900012779,138 282 678,A01,3,1,0,0,0,1,5,NULL,201900012779,138 282 678,A01,1,1,4,1,1977,5,2,-1,-1,0,0,-1,201900012779,4,NULL,NULL,NULL,2,2,0,2,(1),(1),1,NULL,NULL,1,0,1,50
201900016394,18,5,2019,19:30:00,5,976,97611,2,1,1,2,"kaweni-SPPM ( rue de la )"," -12,7709402","45,2226625",201900016394,138 275 834,B01,2,1,0,2,6,0,6,NULL,201900016394,138 275 834,B01,1,1,4,1,1999,9,8,0,-1,-1,0,-1,201900016394,4,"kaweni-SPPM ( rue de la )",0,NULL,2,2,0,1,0,0,1,NULL,NULL,1,0,1,50
201900016394,18,5,2019,19:30:00,5,976,97611,2,1,1,2,"kaweni-SPPM ( rue de la )"," -12,7709402","45,2226625",201900016394,138 275 834,B01,2,1,0,2,6,0,6,NULL,201900016394,138 275 835,A01,1,1,4,1,1998,0,2,8,-1,-1,0,-1,201900016394,4,"kaweni-SPPM ( rue de la )",0,NULL,2,2,0,1,0,0,1,NULL,NULL,1,0,1,50
201900019317,12,10,2019,08:10:00,1,35,35238,2,1,1,3,MARTENOT,"48,1124200"," -1,6735100",201900019317,138 270 316,B01,2,1,0,2,1,1,5,NULL,201900019317,138 270 316,B01,1,1,4,2,1991,4,8,0,-1,-1," -1",-1,201900019317,4,MARTENOT,0,NULL,1,1,2,3,0,0,2,NULL,NULL,1,0,1,30
201900019317,12,10,2019,08:10:00,1,35,35238,2,1,1,3,MARTENOT,"48,1124200"," -1,6735100",201900019317,138 270 316,B01,2,1,0,2,1,1,5,NULL,201900019317,138 270 317,A01,1,1,1,2,1953,9,1,0,-1,-1,0,-1,201900019317,4,MARTENOT,0,NULL,1,1,2,3,0,0,2,NULL,NULL,1,0,1,30
201900024098,29,1,2019,10:50:00,1,17,17396,1,1,2,2,"CD 115","46,2216690"," -0,8775680",201900024098,138 261 037,A01,2,1,0,2,4,2,5,NULL,201900024098,138 261 037,A01,1,1,3,2,1950,5,0,-1,-1,0,0,-1,201900024098,3,115,NULL,NULL,2,2,0,2,5,200,1,NULL,NULL,2,0,1,80
201900024098,29,1,2019,10:50:00,1,17,17396,1,1,2,2,"CD 115","46,2216690"," -0,8775680",201900024098,138 261 037,A01,2,1,0,2,4,2,5,NULL,201900024098,138 261 038,B01,1,1,1,1,1940,3,8,-1,-1,0,0,-1,201900024098,3,115,NULL,NULL,2,2,0,2,5,200,1,NULL,NULL,2,0,1,80
201900026054,2,10,2019,22:10:00,5,54,54395,2,1,1,7,"PHALSBOURG (RUE DE)","48,6838900","6,1809300",201900026054,138 257 282,A01,1,1,0,1,1,25,5,NULL,201900026054,138 257 282,A01,2,1,1,1,1989,0,8,0,-1,-1," -1",-1,201900026054,4,"PHALSBOURG (RUE DE)",0,NULL,1,1,0,1,0,0,1,NULL,NULL,1,0,4,50
201900026054,2,10,2019,22:10:00,5,54,54395,2,1,1,7,"PHALSBOURG (RUE DE)","48,6838900","6,1809300",201900026054,138 257 282,A01,1,1,0,1,1,25,5,NULL,201900026054,138 257 282,A01,10,3,4,2,1977,0,8,0,-1,5,2,-1,201900026054,4,"PHALSBOURG (RUE DE)",0,NULL,1,1,0,1,0,0,1,NULL,NULL,1,0,4,50
201900026599,28,6,2019,17:45:00,1,14,14738,2,1,1,3,"26 Rue Exupère Louis Dubosq","49,1533570"," -0,4665820",201900026599,138 256 251,A01,2,1,0,2,1,1,5,NULL,201900026599,138 256 251,A01,1,1,3,1,2007,5,0,-1,-1,0,0,-1,201900026599,4,NULL,NULL,NULL,2,2,0,2,(1),(1),2,NULL,NULL,1,0,1,50
201900026599,28,6,2019,17:45:00,1,14,14738,2,1,1,3,"26 Rue Exupère Louis Dubosq","49,1533570"," -0,4665820",201900026599,138 256 251,A01,2,1,0,2,1,1,5,NULL,201900026599,138 256 252,B01,2,2,1,1,1997,5,1,-1,-1,0,0,-1,201900026599,4,NULL,NULL,NULL,2,2,0,2,(1),(1),2,NULL,NULL,1,0,1,50
201900026599,28,6,2019,17:45:00,1,14,14738,2,1,1,3,"26 Rue Exupère Louis Dubosq","49,1533570"," -0,4665820",201900026599,138 256 251,A01,2,1,0,2,1,1,5,NULL,201900026599,138 256 252,B01,1,1,1,1,1999,5,1,-1,-1,0,0,-1,201900026599,4,NULL,NULL,NULL,2,2,0,2,(1),(1),2,NULL,NULL,1,0,1,50
201900027317,3,5,2019,13:57:00,1,51,51454,2,2,1,3,"RUE DU JARD","49,2487700","4,0324700",201900027317,138 254 906,A01,2,1,0,2,1,1,5,NULL,201900027317,138 254 905,B01,1,1,1,2,1984,0,1,0,-1,-1,0,-1,201900027317,4,"RUE DU JARD",0,NULL,1,1,0,1,0,0,1,NULL,NULL,1,0,1,50
201900027317,3,5,2019,13:57:00,1,51,51454,2,2,1,3,"RUE DU JARD","49,2487700","4,0324700",201900027317,138 254 906,A01,2,1,0,2,1,1,5,NULL,201900027317,138 254 906,A01,1,1,4,1,1974,0,8,0,-1,-1,0,-1,201900027317,4,"RUE DU JARD",0,NULL,1,1,0,1,0,0,1,NULL,NULL,1,0,1,50
201900027684,19,12,2019,09:05:00,1,75,75107,2,5,1,6,"BOULEVARD RASPAIL","48,8560600","2,3258950",201900027684,138 254 250,Z01,2,1,0,1,8,1,5,NULL,201900027684,138 254 250,Z01,10,3,4,2,1962,0,0,-1,-1,4,3,1,201900027684,4,"BOULEVARD RASPAIL",0,NULL,2,4,0,1,0,0,1,NULL,NULL,1,0,1,50
201900027871,7,10,2019,12:00:00,1,81,81065,2,1,1,2,"LICES (BD. DES)","43,6051700","2,2372300",201900027871,138 253 904,B01,2,1,0,2,8,1,5,NULL,201900027871,138 253 904,B01,1,1,4,2,1933,3,8,0,-1,0,0,-1,201900027871,3,612,0,NULL,1,3,0,1,41,1677,1,NULL,NULL,1,0,1,50
201900027871,7,10,2019,12:00:00,1,81,81065,2,1,1,2,"LICES (BD. DES)","43,6051700","2,2372300",201900027871,138 253 904,B01,2,1,0,2,8,1,5,NULL,201900027871,138 253 905,A01,1,1,1,1,1975,4,1,8,-1,0,0,-1,201900027871,3,612,0,NULL,1,3,0,1,41,1677,1,NULL,NULL,1,0,1,50
201900027913,23,1,2019,16:23:00,1,66,66136,2,1,1,6,"rond point de la Salanque","42,7276000","2,9045500",201900027913,138 253 822,B01,0,1,0,2,1,1,5,NULL,201900027913,138 253 821,A01,1,1,1,1,1980,5,1,8,-1,-1," -1",-1,201900027913,4,"SALANQUE (AVENUE DE)",0,NULL,1,2,0,1,0,0,2,NULL,NULL,1,5,1,50
201900027913,23,1,2019,16:23:00,1,66,66136,2,1,1,6,"rond point de la Salanque","42,7276000","2,9045500",201900027913,138 253 822,B01,0,1,0,2,1,1,5,NULL,201900027913,138 253 822,B01,1,1,4,1,1958,5,8,0,-1,0," -1",-1,201900027913,4,"SALANQUE (AVENUE DE)",0,NULL,1,2,0,1,0,0,2,NULL,NULL,1,5,1,50
201900030072,4,9,2019,17:00:00,1,75,75113,2,2,1,3,"RUE DE TOLBIAC","48,8284661","2,3729348",201900030072,138 249 759,A01,2,1,0,2,6,13,5,NULL,201900030072,138 249 759,A01,1,1,1,1,1998,1,2,0,-1,0,0,-1,201900030072,4,"RUE DE TOLBIAC",0,NULL,2,3,0,2,0,0,1,NULL,NULL,1,0,1,50
201900030072,4,9,2019,17:00:00,1,75,75113,2,2,1,3,"RUE DE TOLBIAC","48,8284661","2,3729348",201900030072,138 249 759,A01,2,1,0,2,6,13,5,NULL,201900030072,138 249 760,B01,1,1,4,1,1972,5,2,6,-1,0,0,-1,201900030072,4,"RUE DE TOLBIAC",0,NULL,2,3,0,2,0,0,1,NULL,NULL,1,0,1,50
201900030555,6,3,2019,08:40:00,1,93,93047,2,2,2,3,"JEAN JAURES (AVENUE)","48,8979300","2,5593300",201900030555,138 248 872,A01,3,1,0,2,7,0,0,NULL,201900030555,138 248 871,B01,1,1,1,2,1970,1,1,8,-1,-1," -1",-1,201900030555,3,117,0,NULL,3,0,0,1,0,0,1,NULL,NULL,2,8,2,50
201900030555,6,3,2019,08:40:00,1,93,93047,2,2,2,3,"JEAN JAURES (AVENUE)","48,8979300","2,5593300",201900030555,138 248 872,A01,3,1,0,2,7,0,0,NULL,201900030555,138 248 872,A01,1,1,3,1,1935,5,8,0,-1,-1," -1",-1,201900030555,3,117,0,NULL,3,0,0,1,0,0,1,NULL,NULL,2,8,2,50
201900030949,28,3,2019,07:40:00,1,33,33200,1,6,1,3,"AVE DE MAGUDAS","44,8617400"," -0,6967300",201900030949,138 248 146,B01,1,1,0,0,0,0,0,NULL,201900030949,138 248 146,B01,1,1,3,1,1961,1,8,0,-1,-1," -1",-1,201900030949,4,"AVE DE MAGUDAS",0,NULL,2,1,0,1,0,0,1,NULL,NULL,1,9,1,70
201900030949,28,3,2019,07:40:00,1,33,33200,1,6,1,3,"AVE DE MAGUDAS","44,8617400"," -0,6967300",201900030949,138 248 146,B01,1,1,0,0,0,0,0,NULL,201900030949,138 248 147,A01,1,1,1,2,1977,1,1,8,-1,-1," -1",-1,201900030949,4,"AVE DE MAGUDAS",0,NULL,2,1,0,1,0,0,1,NULL,NULL,1,9,1,70
201900031039,27,10,2019,09:15:00,1,17,17442,1,1,1,3,"Route de Saintonge","45,6280960"," -0,7782450",201900031039,138 247 973,B01,2,1,0,2,8,1,5,NULL,201900031039,138 247 972,A01,1,1,1,1,1985,1,1,-1,-1,0,0,-1,201900031039,3,114,NULL,NULL,2,2,0,1,95,0,1,NULL,NULL,1,0,1,80
201900031039,27,10,2019,09:15:00,1,17,17442,1,1,1,3,"Route de Saintonge","45,6280960"," -0,7782450",201900031039,138 247 973,B01,2,1,0,2,8,1,5,NULL,201900031039,138 247 973,B01,1,1,3,1,1955,5,2,-1,-1,0,0,-1,201900031039,3,114,NULL,NULL,2,2,0,1,95,0,1,NULL,NULL,1,0,1,80
201900034176,9,4,2019,09:50:00,1,86,86194,2,3,1,3,"IASSY (AVENUE DE)","46,5736865","0,3918225",201900034176,138 241 952,A01,1,1,14,0,1,25,5,NULL,201900034176,138 241 951,B01,1,1,1,2,1950,5,1,0,-1,-1,0,-1,201900034176,4,"IASSY (AVENUE DE)",0,NULL,2,3,0,1,0,0,1,NULL,NULL,1,0,1,50
201900034176,9,4,2019,09:50:00,1,86,86194,2,3,1,3,"IASSY (AVENUE DE)","46,5736865","0,3918225",201900034176,138 241 952,A01,1,1,14,0,1,25,5,NULL,201900034176,138 241 952,A01,1,1,4,1,2000,2,8,0,-1,-1,0,-1,201900034176,4,"IASSY (AVENUE DE)",0,NULL,2,3,0,1,0,0,1,NULL,NULL,1,0,1,50
201900034182,8,4,2019,11:00:00,1,78,78440,2,1,1,2,"HENRI DUNANT (RUE)","48,9935000","1,9123100",201900034182,138 241 937,A01,1,1,0,2,4,1,6,NULL,201900034182,138 241 937,A01,1,1,3,1,1977,5,8,0,-1,-1," -1",-1,201900034182,4,"HENRI DUNANT (RUE)",0,NULL,-1,1,0,1,1,0,1,NULL,NULL,1,0,1,30
201900036866,20,6,2019,08:35:00,1,33,33063,2,1,1,6,"AVE DU MAL DE LATTRE DE TASSIGNY CAUD.","44,8575800"," -0,6214100",201900036866,138 236 753,A01,0,1,0,1,0,1,5,NULL,201900036866,138 236 753,A01,10,3,1,1,2000,0,8,0,-1,4,3,1,201900036866,4,"AVE DU MAL DE LATTRE DE TASSIGNY CAUD.",0,NULL,3,0,1,1,0,0,1,NULL,NULL,1,0,1,50
201900036866,20,6,2019,08:35:00,1,33,33063,2,1,1,6,"AVE DU MAL DE LATTRE DE TASSIGNY CAUD.","44,8575800"," -0,6214100",201900036866,138 236 753,A01,0,1,0,1,0,1,5,NULL,201900036866,138 236 753,A01,1,1,3,1,1986,0,8,0,-1,-1," -1",-1,201900036866,4,"AVE DU MAL DE LATTRE DE TASSIGNY CAUD.",0,NULL,3,0,1,1,0,0,1,NULL,NULL,1,0,1,50
201900037251,17,1,2019,09:30:00,1,94,94076,2,1,1,7,"PARIS (AV DE)","48,8043400","2,3644600",201900037251,138 236 025,A01,2,1,0,1,7,25,6,NULL,201900037251,138 236 025,A01,2,1,1,1,1984,0,2,0,-1,0,0,-1,201900037251,3,7,0,NULL,1,0,1,2,0,0,1,NULL,NULL,3,0,1,30
201900037251,17,1,2019,09:30:00,1,94,94076,2,1,1,7,"PARIS (AV DE)","48,8043400","2,3644600",201900037251,138 236 025,A01,2,1,0,1,7,25,6,NULL,201900037251,138 236 025,A01,10,3,4,1,1960,1,0,0,-1,2,9,1,201900037251,3,7,0,NULL,1,0,1,2,0,0,1,NULL,NULL,3,0,1,30
201900039981,8,12,2019,14:50:00,1,75,75101,2,1,1,3,"RUE DES PYRAMIDES","48,8640970","2,3323620",201900039981,138 230 922,B01,1,1,0,2,0,1,5,NULL,201900039981,138 230 921,A01,1,1,1,1,1967,1,1,0,-1,0,0,-1,201900039981,4,"RUE DES PYRAMIDES",0,NULL,1,2,0,1,0,0,1,NULL,NULL,1,0,1,50
201900039981,8,12,2019,14:50:00,1,75,75101,2,1,1,3,"RUE DES PYRAMIDES","48,8640970","2,3323620",201900039981,138 230 922,B01,1,1,0,2,0,1,5,NULL,201900039981,138 230 922,B01,1,1,2,1,1964,5,2,8,-1,0,0,-1,201900039981,4,"RUE DES PYRAMIDES",0,NULL,1,2,0,1,0,0,1,NULL,NULL,1,0,1,50