Num_Acc,jour,mois,an,hrmn,lum,dep,com,agg,int,atm,col,adr,lat,long,Num_Acc,id_vehicule,num_veh,senc,catv,obs,obsm,choc,manv,motor,occutc,Num_Acc,id_vehicule,num_veh,place,catu,grav,sexe,an_nais,trajet,secu1,secu2,secu3,locp,actp,etatp,Num_Acc,catr,voie,v1,v2,circ,nbv,vosp,prof,pr,pr1,plan,lartpc,larrout,surf,infra,situ,vma
201900040263,20,6,2019,15:00:00,1,70,70284,2,3,1,3,"Hameau d Beuchot","47,8366140","6,2974780",201900040263,138 230 437,B01,1,1,0,2,1,2,5,NULL,201900040263,138 230 437,B01,1,1,3,1,1954,5,2,-1,-1,0,0,-1,201900040263,3,304,NULL,NULL,2,2,0,1,3,800,2,NULL,NULL,1,0,1,-1
201900040263,20,6,2019,15:00:00,1,70,70284,2,3,1,3,"Hameau d Beuchot","47,8366140","6,2974780",201900040263,138 230 437,B01,1,1,0,2,1,2,5,NULL,201900040263,138 230 438,A01,1,1,1,1,1955,0,1,-1,-1,0,0,-1,201900040263,3,304,NULL,NULL,2,2,0,1,3,800,2,NULL,NULL,1,0,1,-1
201900040263,20,6,2019,15:00:00,1,70,70284,2,3,1,3,"Hameau d Beuchot","47,8366140","6,2974780",201900040263,138 230 437,B01,1,1,0,2,1,2,5,NULL,201900040263,138 230 438,A01,2,2,1,2,1998,0,1,-1,-1,0,0,-1,201900040263,3,304,NULL,NULL,2,2,0,1,3,800,2,NULL,NULL,1,0,1,-1
201900041294,27,8,2019,19:00:00,2,68,68295,1,1,1,6,"Route de Herrlisheim","48,0156990","7,3535090",201900041294,138 228 542,A01,1,1,2,0,1,1,5,NULL,201900041294,138 228 542,A01,1,1,4,1,1972,5,2,-1,-1,0,0,-1,201900041294,3,1,NULL,NULL,2,2,0,1,7,480,3,NULL,NULL,1,0,1,80
201900042299,2,11,2019,11:55:00,1,77,77285,2,2,2,3,"D1009T X AV MAURICE DAUVERGNE","48,5429400","2,6315800",201900042299,138 226 608,A01,1,1,0,2,1,19,5,NULL,201900042299,138 226 608,A01,1,1,3,1,2000,5,8,0,-1,-1," -1",-1,201900042299,3,1009,0,T,2,2,0,1,1,43,1,NULL,NULL,2,5,1,50
201900042299,2,11,2019,11:55:00,1,77,77285,2,2,2,3,"D1009T X AV MAURICE DAUVERGNE","48,5429400","2,6315800",201900042299,138 226 608,A01,1,1,0,2,1,19,5,NULL,201900042299,138 226 609,B01,1,1,1,1,1974,5,1,0,-1,-1,0,-1,201900042299,3,1009,0,T,2,2,0,1,1,43,1,NULL,NULL,2,5,1,50
201900045069,2,4,2019,17:00:00,1,972,97209,1,1,1,3,"FONTAINE DIDIER (RUE DE LA)","14,6386900"," -61,0822600",201900045069,138 221 356,B01,2,1,0,2,3,26,5,NULL,201900045069,138 221 355,A01,1,1,4,2,1985,0,1,0,-1,-1,0,-1,201900045069,3,45,0,NULL,2,2,0,2,4,100,1,NULL,NULL,1,0,1,50
201900045069,2,4,2019,17:00:00,1,972,97209,1,1,1,3,"FONTAINE DIDIER (RUE DE LA)","14,6386900"," -61,0822600",201900045069,138 221 356,B01,2,1,0,2,3,26,5,NULL,201900045069,138 221 356,B01,1,1,4,1,2004,5,8,0,-1,0,0,-1,201900045069,3,45,0,NULL,2,2,0,2,4,100,1,NULL,NULL,1,0,1,50
201900045540,9,5,2019,08:50:00,1,92,92063,2,3,2,3,"REPUBLIQUE (AVENUE DE LA)","48,8831700","2,1713100",201900045540,138 220 465,B01,2,1,0,2,8,19,5,NULL,201900045540,138 220 465,B01,1,1,4,2,1975,1,8,0,-1,-1,0,-1,201900045540,4,"REPUBLIQUE (AVENUE DE LA)",0,NULL,1,1,0,1,0,0,1,NULL,NULL,2,5,1,50
201900045540,9,5,2019,08:50:00,1,92,92063,2,3,2,3,"REPUBLIQUE (AVENUE DE LA)","48,8831700","2,1713100",201900045540,138 220 465,B01,2,1,0,2,8,19,5,NULL,201900045540,138 220 466,A01,1,1,1,1,1981,1,2,8,-1,-1,0,-1,201900045540,4,"REPUBLIQUE (AVENUE DE LA)",0,NULL,1,1,0,1,0,0,1,NULL,NULL,2,5,1,50
201900047888,5,11,2019,08:55:00,1,68,68296,1,2,1,3,D1b1,"48,2258930","7,3869930",201900047888,138 216 022,A01,1,1,0,2,8,19,5,NULL,201900047888,138 216 022,A01,1,1,3,2,1952,5,2,-1,-1,0,0,-1,201900047888,3,1B1,NULL,NULL,2,2,0,1,1,400,1,NULL,NULL,1,0,1,80
201900047888,5,11,2019,08:55:00,1,68,68296,1,2,1,3,D1b1,"48,2258930","7,3869930",201900047888,138 216 022,A01,1,1,0,2,8,19,5,NULL,201900047888,138 216 023,B01,1,1,1,1,1955,5,1,-1,-1,0,0,-1,201900047888,3,1B1,NULL,NULL,2,2,0,1,1,400,1,NULL,NULL,1,0,1,80
201900049013,5,5,2019,09:30:00,1,76,76015,2,9,1,6,"Rue d'Iclon","49,8304580","0,7941340",201900049013,138 213 952,A01,1,1,0,0,0,26,5,NULL,201900049013,138 213 951,B01,1,1,3,1,1975,5,2,-1,-1,0,0,-1,201900049013,3,75,NULL,NULL,2,2,0,1,38,800,1,NULL,NULL,1,0,1,70
201900049013,5,5,2019,09:30:00,1,76,76015,2,9,1,6,"Rue d'Iclon","49,8304580","0,7941340",201900049013,138 213 951,B01,1,1,0,9,1,1,5,NULL,201900049013,138 213 951,B01,1,1,3,1,1975,5,2,-1,-1,0,0,-1,201900049013,3,75,NULL,NULL,2,2,0,1,38,800,1,NULL,NULL,1,0,1,70
201900049013,5,5,2019,09:30:00,1,76,76015,2,9,1,6,"Rue d'Iclon","49,8304580","0,7941340",201900049013,138 213 952,A01,1,1,0,0,0,26,5,NULL,201900049013,138 213 952,A01,1,1,1,1,1984,5,2,-1,-1,0,0,-1,201900049013,3,75,NULL,NULL,2,2,0,1,38,800,1,NULL,NULL,1,0,1,70
201900049013,5,5,2019,09:30:00,1,76,76015,2,9,1,6,"Rue d'Iclon","49,8304580","0,7941340",201900049013,138 213 951,B01,1,1,0,9,1,1,5,NULL,201900049013,138 213 952,A01,1,1,1,1,1984,5,2,-1,-1,0,0,-1,201900049013,3,75,NULL,NULL,2,2,0,1,38,800,1,NULL,NULL,1,0,1,70
201900051626,25,10,2019,13:30:00,1,92,92025,2,1,1,3,"STALINGRAD (AV DE)","48,9287980","2,2688651",201900051626,138 209 052,B01,1,1,1,0,7,1,5,NULL,201900051626,138 209 050,A01,1,1,1,2,1999,0,1,0,-1,-1,0,-1,201900051626,3,909,0,NULL,2,2,0,1,0,0,1,NULL,NULL,1,0,1,50
201900051626,25,10,2019,13:30:00,1,92,92025,2,1,1,3,"STALINGRAD (AV DE)","48,9287980","2,2688651",201900051626,138 209 052,B01,1,1,1,0,7,1,5,NULL,201900051626,138 209 052,B01,1,1,4,1,1986,0,2,0,-1,-1,0,-1,201900051626,3,909,0,NULL,2,2,0,1,0,0,1,NULL,NULL,1,0,1,50
201900052181,6,8,2019,19:45:00,1,86,86165,2,1,1,1,"32 Rue Charles Dubois","46,4218900","0,8662360",201900052181,138 207 988,A01,2,1,0,2,7,13,5,NULL,201900052181,138 207 988,A01,1,1,3,1,2003,5,0,-1,-1,0,0,-1,201900052181,3,727,0,NULL,2,2,0,2,(1),(1),3,NULL,NULL,1,0,1,50
201900052181,6,8,2019,19:45:00,1,86,86165,2,1,1,1,"32 Rue Charles Dubois","46,4218900","0,8662360",201900052181,138 207 988,A01,2,1,0,2,7,13,5,NULL,201900052181,138 207 989,B01,1,1,1,1,1940,3,1,-1,-1,0,0,-1,201900052181,3,727,0,NULL,2,2,0,2,(1),(1),3,NULL,NULL,1,0,1,50
201900053658,27,10,2019,18:40:00,3,11,11198,1,1,1,2,RD11,"43,2990742","2,5412170",201900053658,138 205 145,B01,2,1,0,0,7,2,6,NULL,201900053658,138 205 144,A01,1,1,1,2,1941,5,1,-1,-1,0,0,-1,201900053658,3,11,0,D,2,2,0,1,20,700,1,NULL,NULL,1,0,1,80
201900053658,27,10,2019,18:40:00,3,11,11198,1,1,1,2,RD11,"43,2990742","2,5412170",201900053658,138 205 145,B01,2,1,0,0,7,2,6,NULL,201900053658,138 205 145,B01,1,1,2,1,1988,5,0,-1,-1,0,0,-1,201900053658,3,11,0,D,2,2,0,1,20,700,1,NULL,NULL,1,0,1,80
201900054724,3,12,2019,18:00:00,2,75,75116,2,4,1,3,"AVENUE D IENA","48,8717439","2,2953808",201900054724,138 203 208,A01,1,1,0,2,8,17,5,NULL,201900054724,138 203 207,B01,1,1,1,1,1971,4,1,0,-1,0,0,-1,201900054724,4,"AVENUE D IENA",0,NULL,2,2,0,1,92,0,1,NULL,NULL,1,0,1,50
201900054724,3,12,2019,18:00:00,2,75,75116,2,4,1,3,"AVENUE D IENA","48,8717439","2,2953808",201900054724,138 203 208,A01,1,1,0,2,8,17,5,NULL,201900054724,138 203 208,A01,1,1,4,1,1981,4,0,-1,-1,0,0,-1,201900054724,4,"AVENUE D IENA",0,NULL,2,2,0,1,92,0,1,NULL,NULL,1,0,1,50
201900055367,23,9,2019,16:10:00,1,75,75113,2,1,1,3,"AVENUE D ITALIE","48,8294431","2,3562697",201900055367,138 201 978,B01,1,1,0,2,1,1,5,NULL,201900055367,138 201 977,A01,1,1,1,1,1960,4,1,0,-1,0,0,-1,201900055367,4,"AVENUE D ITALIE",0,NULL,2,4,1,2,15,0,1,NULL,NULL,1,0,5,50
201900055367,23,9,2019,16:10:00,1,75,75113,2,1,1,3,"AVENUE D ITALIE","48,8294431","2,3562697",201900055367,138 201 978,B01,1,1,0,2,1,1,5,NULL,201900055367,138 201 977,A01,3,2,1,1,1960,5,1,0,-1,0,0,-1,201900055367,4,"AVENUE D ITALIE",0,NULL,2,4,1,2,15,0,1,NULL,NULL,1,0,5,50
201900055367,23,9,2019,16:10:00,1,75,75113,2,1,1,3,"AVENUE D ITALIE","48,8294431","2,3562697",201900055367,138 201 978,B01,1,1,0,2,1,1,5,NULL,201900055367,138 201 978,B01,1,1,4,1,1992,5,2,8,-1,0,0,-1,201900055367,4,"AVENUE D ITALIE",0,NULL,2,4,1,2,15,0,1,NULL,NULL,1,0,5,50
201900055480,14,9,2019,11:00:00,1,43,43062,2,1,1,6,Fontannes,"45,0679540","3,7733630",201900055480,138 201 777,A01,3,1,0,5,1,1,5,NULL,201900055480,138 201 777,A01,1,1,3,1,1948,5,2,-1,-1,0,0,-1,201900055480,4,NULL,NULL,NULL,2,2,0,2,(1),(1),1,NULL,NULL,1,0,1,50
201900057584,5,5,2019,16:10:00,1,13,13066,2,1,6,1,"Chemin la Draillette","43,8315470","4,9004230",201900057584,138 197 911,B01,3,1,0,2,1,1,6,NULL,201900057584,138 197 911,B01,1,1,2,1,1952,1,0,-1,-1,0,0,-1,201900057584,4,NULL,NULL,NULL,2,2,0,1,(1),(1),1,NULL,NULL,1,0,1,50
201900057584,5,5,2019,16:10:00,1,13,13066,2,1,6,1,"Chemin la Draillette","43,8315470","4,9004230",201900057584,138 197 911,B01,3,1,0,2,1,1,6,NULL,201900057584,138 197 918,A01,1,1,1,2,1998,5,1,-1,-1,0,0,-1,201900057584,4,NULL,NULL,NULL,2,2,0,1,(1),(1),1,NULL,NULL,1,0,1,50
201900058337,18,2,2019,19:44:00,5,92,92023,2,9,1,3,"GENERAL DE GAULLE (AV DU) N°130 A 340 ET","48,7848700","2,2497100",201900058337,138 196 548,B01,2,1,0,2,1,0,5,NULL,201900058337,138 196 545,A01,1,1,1,1,1961,4,1,0,-1,-1,0,-1,201900058337,3,906,0,NULL,1,1,1,1,0,0,1,NULL,NULL,1,0,1,30
201900058337,18,2,2019,19:44:00,5,92,92023,2,9,1,3,"GENERAL DE GAULLE (AV DU) N°130 A 340 ET","48,7848700","2,2497100",201900058337,138 196 548,B01,2,1,0,2,1,0,5,NULL,201900058337,138 196 548,B01,1,1,4,1,1982,1,2,0,-1,-1,0,-1,201900058337,3,906,0,NULL,1,1,1,1,0,0,1,NULL,NULL,1,0,1,30
201900058340,24,10,2019,08:10:00,1,37,37261,2,2,1,6,"MALRAUX (QUAI ANDRE)","47,3973000","0,6896400",201900058340,138 196 543,B01,2,1,0,2,1,1,5,NULL,201900058340,138 196 542,A01,1,1,1,2,1966,1,1,8,-1,-1," -1",-1,201900058340,4,"MALRAUX (QUAI ANDRE)",0,NULL,2,2,2,1,0,0,1,NULL,NULL,1,0,1,50
201900058340,24,10,2019,08:10:00,1,37,37261,2,2,1,6,"MALRAUX (QUAI ANDRE)","47,3973000","0,6896400",201900058340,138 196 543,B01,2,1,0,2,1,1,5,NULL,201900058340,138 196 543,B01,1,1,4,1,1962,1,8,0,-1,-1," -1",-1,201900058340,4,"MALRAUX (QUAI ANDRE)",0,NULL,2,2,2,1,0,0,1,NULL,NULL,1,0,1,50
201900009561,15,9,2019,14:30:00,1,75,75118,2,1,1,3,"RUE ORDENER","48,8919584","2,3474028",201900009561,138 288 609,B01,2,1,0,2,1,1,5,NULL,201900009561,138 288 609,B01,1,1,4,1,1980,5,8,2,-1,0,0,-1,201900009561,4,"RUE ORDENER",0,NULL,2,2,3,1,0,0,1,NULL,NULL,1,0,1,50
201900009561,15,9,2019,14:30:00,1,75,75118,2,1,1,3,"RUE ORDENER","48,8919584","2,3474028",201900009561,138 288 609,B01,2,1,0,2,1,1,5,NULL,201900009561,138 288 610,A01,1,1,1,1,1973,4,1,0,-1,0,0,-1,201900009561,4,"RUE ORDENER",0,NULL,2,2,3,1,0,0,1,NULL,NULL,1,0,1,50
201900011265,16,12,2019,18:10:00,2,52,52121,2,1,1,3,"GAGARINE (RUE YOURI)","48,1046800","5,1476000",201900011265,138 285 574,A01,2,1,0,2,6,2,5,NULL,201900011265,138 285 574,A01,1,1,4,2,2002,2,8,0,-1,-1," -1",-1,201900011265,4,"GAGARINE (RUE YOURI)",0,NULL,-1,1,0,1,0,0,2,NULL,NULL,1,0,1,50
201900014841,1,10,2019,11:00:00,1,73,73008,2,1,1,3,"D991 MARLIOZ AVENUE DE","45,6757954","5,9088265",201900014841,138 278 701,A01,1,1,1,0,1,1,5,NULL,201900014841,138 278 701,A01,1,1,3,2,1959,1,0,0,0,-1," -1",-1,201900014841,3,991,0,NULL,2,2,2,1,31,690,1,NULL,NULL,1,0,1,50
201900014841,1,10,2019,11:00:00,1,73,73008,2,1,1,3,"D991 MARLIOZ AVENUE DE","45,6757954","5,9088265",201900014841,138 278 701,A01,1,1,1,0,1,1,5,NULL,201900014841,138 278 702,B01,1,1,1,2,1961,4,1,8,-1,-1," -1",-1,201900014841,3,991,0,NULL,2,2,2,1,31,690,1,NULL,NULL,1,0,1,50
201900022687,10,10,2019,09:55:00,1,17,17300,2,6,2,3,"COUREILLES   RUE DE","46,1420500"," -1,1575300",201900022687,138 263 902,B01,3,1,0,2,1,2,5,NULL,201900022687,138 263 901,A01,1,1,1,1,1965,1,1,8,-1,-1,0,-1,201900022687,4,"COUREILLES   RUE DE",0,NULL,-1,2,0,1,0,0,1,NULL,NULL,2,0,1,50
201900022687,10,10,2019,09:55:00,1,17,17300,2,6,2,3,"COUREILLES   RUE DE","46,1420500"," -1,1575300",201900022687,138 263 902,B01,3,1,0,2,1,2,5,NULL,201900022687,138 263 902,B01,1,1,4,1,1999,2,8,0,-1,-1,0,-1,201900022687,4,"COUREILLES   RUE DE",0,NULL,-1,2,0,1,0,0,1,NULL,NULL,2,0,1,50
201900025213,11,3,2019,08:30:00,1,75,75106,2,7,8,3,"PLACE SAINT MICHEL","48,8537540","2,3442790",201900025213,138 258 917,B01,2,1,0,2,7,5,5,NULL,201900025213,138 258 917,B01,1,1,4,1,1992,1,2,0,-1,0,0,-1,201900025213,4,"PLACE SAINT MICHEL",0,NULL,1,5,0,1,0,0,1,NULL,NULL,1,0,1,50
201900025213,11,3,2019,08:30:00,1,75,75106,2,7,8,3,"PLACE SAINT MICHEL","48,8537540","2,3442790",201900025213,138 258 917,B01,2,1,0,2,7,5,5,NULL,201900025213,138 258 918,A01,1,1,1,1,1974,1,2,6,-1,0,0,-1,201900025213,4,"PLACE SAINT MICHEL",0,NULL,1,5,0,1,0,0,1,NULL,NULL,1,0,1,50
201900027096,6,3,2019,10:40:00,1,91,91691,2,6,2,3,"HENRI BARBUSSE(RUE)DU N°1 AU N°38","48,7109600","2,4912900",201900027096,138 255 368,B01,3,1,0,2,2,1,5,NULL,201900027096,138 255 367,A01,1,1,1,2,1986,0,1,0,-1,0,0,-1,201900027096,4,"HENRI BARBUSSE(RUE)DU N°1 AU N°38",0,NULL,3,0,1,1,0,0,2,NULL,NULL,9,0,1,50
201900027096,6,3,2019,10:40:00,1,91,91691,2,6,2,3,"HENRI BARBUSSE(RUE)DU N°1 AU N°38","48,7109600","2,4912900",201900027096,138 255 368,B01,3,1,0,2,2,1,5,NULL,201900027096,138 255 368,B01,1,1,4,2,1997,4,2,0,-1,0,0,-1,201900027096,4,"HENRI BARBUSSE(RUE)DU N°1 AU N°38",0,NULL,3,0,1,1,0,0,2,NULL,NULL,9,0,1,50
201900028048,26,1,2019,13:26:00,1,75,75119,2,7,8,6,"PLACE SKANDERBEG","48,9004120","2,3715020",201900028048,138 253 558,B01,3,1,0,2,8,1,5,NULL,201900028048,138 253 558,B01,1,1,4,1,1992,1,2,0,-1,0,0,-1,201900028048,4,"PLACE SKANDERBEG",0,NULL,-1,6,1,1,0,0,2,NULL,NULL,1,5,5,50
201900031637,22,1,2019,13:40:00,1,66,66136,2,1,1,3,"ARGELES SUR MER AVENUE D'","42,6812000","2,9105900",201900031637,138 246 871,B01,0,1,0,2,1,1,5,NULL,201900031637,138 246 870,A01,1,1,1,1,1949,5,1,8,-1,0," -1",-1,201900031637,4,"ARGELES SUR MER AVENUE D'",0,NULL,2,2,0,1,0,0,2,NULL,NULL,1,5,1,50
201900031637,22,1,2019,13:40:00,1,66,66136,2,1,1,3,"ARGELES SUR MER AVENUE D'","42,6812000","2,9105900",201900031637,138 246 871,B01,0,1,0,2,1,1,5,NULL,201900031637,138 246 871,B01,1,1,4,2,1991,0,8,0,-1,0," -1",-1,201900031637,4,"ARGELES SUR MER AVENUE D'",0,NULL,2,2,0,1,0,0,2,NULL,NULL,1,5,1,50
201900032696,23,5,2019,23:10:00,3,27,27375,1,1,2,2,"PARIS (ROUTE DE)","49,2023200","1,2009100",201900032696,138 244 808,B01,1,1,0,2,4,2,5,NULL,201900032696,138 244 807,A01,1,1,1,1,1957,5,1,0,-1,-1,0,-1,201900032696,3,6155,0,NULL,2,2,0,2,2,970,1,NULL,NULL,2,0,1,70
201900032696,23,5,2019,23:10:00,3,27,27375,1,1,2,2,"PARIS (ROUTE DE)","49,2023200","1,2009100",201900032696,138 244 808,B01,1,1,0,2,4,2,5,NULL,201900032696,138 244 808,B01,1,1,4,1,1964,1,8,0,-1,-1,0,-1,201900032696,3,6155,0,NULL,2,2,0,2,2,970,1,NULL,NULL,2,0,1,70
201900034132,12,1,2019,16:55:00,2,93,93001,2,2,2,3,"BERNARD ET MAZOYER (RUE)   => 21/24","48,9122400","2,3811400",201900034132,138 242 046,B01,2,1,0,2,1,1,5,NULL,201900034132,138 242 045,A01,1,1,1,1,1981,9,1,0,-1,-1," -1",-1,201900034132,3,20,0,NULL,1,1,0,1,0,0,1,NULL,NULL,2,0,1,50
201900034132,12,1,2019,16:55:00,2,93,93001,2,2,2,3,"BERNARD ET MAZOYER (RUE)   => 21/24","48,9122400","2,3811400",201900034132,138 242 046,B01,2,1,0,2,1,1,5,NULL,201900034132,138 242 046,B01,1,1,4,1,1939,0,8,0,-1,-1," -1",-1,201900034132,3,20,0,NULL,1,1,0,1,0,0,1,NULL,NULL,2,0,1,50
201900036239,13,12,2019,17:00:00,1,75,75108,2,1,1,3,"RUE DE ROME","48,8810950","2,3210010",201900036239,138 237 986,B01,1,1,0,2,1,1,5,NULL,201900036239,138 237 985,A01,1,1,1,1,1951,5,1,0,-1,0,0,-1,201900036239,4,"RUE DE ROME",0,NULL,2,3,1,1,80,0,1,NULL,NULL,1,0,5,50
201900036239,13,12,2019,17:00:00,1,75,75108,2,1,1,3,"RUE DE ROME","48,8810950","2,3210010",201900036239,138 237 986,B01,1,1,0,2,1,1,5,NULL,201900036239,138 237 986,B01,1,1,4,2,1989,1,8,2,-1,0,0,-1,201900036239,4,"RUE DE ROME",0,NULL,2,3,1,1,80,0,1,NULL,NULL,1,0,5,50
201900036404,17,5,2019,08:30:00,1,6,06088,2,1,1,7,"VITTONE (AV.)","43,6706300","7,2136800",201900036404,138 237 675,A01,2,1,0,0,0,1,5,NULL,201900036404,138 237 675,A01,1,1,4,1,2007,2,8,0,-1,-1," -1",-1,201900036404,4,"VITTONE (AV.)",0,NULL,2,2,0,2,0,0,1,NULL,NULL,1,0,1,50
201900036632,4,11,2019,11:20:00,1,31,31395,2,6,1,3,"Avenue Henri Peyrusse","43,4361530","1,3223060",201900036632,138 237 239,B01,0,1,0,2,3,1,0,NULL,201900036632,138 237 239,B01,1,1,3,1,1953,5,0,2,-1,0,0,-1,201900036632,2,4,0,A,1,2,0,1,(1),(1),1,NULL,NULL,1,9,1,50
201900036632,4,11,2019,11:20:00,1,31,31395,2,6,1,3,"Avenue Henri Peyrusse","43,4361530","1,3223060",201900036632,138 237 239,B01,0,1,0,2,3,1,0,NULL,201900036632,138 237 240,A01,1,1,1,2,1950,0,1,-1,-1,0,0,-1,201900036632,2,4,0,A,1,2,0,1,(1),(1),1,NULL,NULL,1,9,1,50
201900038055,12,12,2019,09:05:00,1,51,51454,2,6,1,3,"AVENUE EDMOND MICHELET","49,2243907","4,0309509",201900038055,138 234 495,B01,3,1,0,2,7,1,0,NULL,201900038055,138 234 495,B01,1,1,4,2,1995,0,2,0,-1,0,0,-1,201900038055,4,"AVENUE EDMOND MICHELET",0,NULL,2,1,0,1,(1),(1),3,NULL,NULL,1,5,1,50
201900038055,12,12,2019,09:05:00,1,51,51454,2,6,1,3,"AVENUE EDMOND MICHELET","49,2243907","4,0309509",201900038055,138 234 495,B01,3,1,0,2,7,1,0,NULL,201900038055,138 234 496,A01,1,1,1,1,1983,1,1,0,-1,0,0,-1,201900038055,4,"AVENUE EDMOND MICHELET",0,NULL,2,1,0,1,(1),(1),3,NULL,NULL,1,5,1,50
201900038883,7,9,2019,19:50:00,2,59,59350,2,1,1,6,"DORMOY MARX AVENUE","50,6339800","3,0324700",201900038883,138 232 996,B01,1,1,1,0,1,1,5,NULL,201900038883,138 232 996,B01,1,1,4,1,1957,0,8,0,-1,-1,0,-1,201900038883,4,"DORMOY MARX AVENUE",0,NULL,2,2,0,1,0,0,1,NULL,NULL,1,0,1,50
201900038883,7,9,2019,19:50:00,2,59,59350,2,1,1,6,"DORMOY MARX AVENUE","50,6339800","3,0324700",201900038883,138 232 996,B01,1,1,1,0,1,1,5,NULL,201900038883,138 232 997,A01,1,1,1,2,1988,0,8,0,-1,-1,0,-1,201900038883,4,"DORMOY MARX AVENUE",0,NULL,2,2,0,1,0,0,1,NULL,NULL,1,0,1,50
201900040936,30,9,2019,08:35:00,1,35,35238,2,6,1,1,"GRIMAULT (BD LEON)","48,0911800"," -1,6504000",201900040936,138 229 175,B01,3,1,0,2,1,26,0,NULL,201900040936,138 229 174,A01,1,1,1,2,1982,0,1,0,-1,-1,0,-1,201900040936,4,"GRIMAULT (BD LEON)",0,NULL,3,2,0,1,0,0,1,NULL,NULL,1,0,1,50
201900040936,30,9,2019,08:35:00,1,35,35238,2,6,1,1,"GRIMAULT (BD LEON)","48,0911800"," -1,6504000",201900040936,138 229 175,B01,3,1,0,2,1,26,0,NULL,201900040936,138 229 175,B01,1,1,4,1,2009,2,0,0,-1,-1," -1",-1,201900040936,4,"GRIMAULT (BD LEON)",0,NULL,3,2,0,1,0,0,1,NULL,NULL,1,0,1,50
201900044840,25,8,2019,11:00:00,1,95,95690,1,1,1,6,"Rue Saint-Romain","49,1035520","1,8344430",201900044840,138 221 797,A01,3,1,13,9,1,1,5,NULL,201900044840,138 221 797,A01,1,1,3,1,1975,5,2,-1,-1,0,0,-1,201900044840,3,159,NULL,D,2,2,0,1,(1),(1),1,NULL,NULL,1,0,1,80
201900047007,16,7,2019,18:50:00,1,37,37261,2,2,1,3,"WEDELLS (RUE JEANNE)","47,4120400","0,7057700",201900047007,138 217 623,B01,2,1,0,2,1,0,0,NULL,201900047007,138 217 622,A01,1,1,1,1,1998,5,1,8,-1,-1,0,-1,201900047007,4,"WEDELLS (RUE JEANNE)",0,NULL,2,2,0,2,0,0,1,NULL,NULL,1,0,1,50
201900047007,16,7,2019,18:50:00,1,37,37261,2,2,1,3,"WEDELLS (RUE JEANNE)","47,4120400","0,7057700",201900047007,138 217 623,B01,2,1,0,2,1,0,0,NULL,201900047007,138 217 623,B01,1,1,4,1,1964,5,2,8,-1,-1,0,-1,201900047007,4,"WEDELLS (RUE JEANNE)",0,NULL,2,2,0,2,0,0,1,NULL,NULL,1,0,1,50
201900047235,7,12,2019,04:25:00,5,75,75120,2,3,1,3,"RUE DE MENILMONTANT","48,8679300","2,3866160",201900047235,138 217 217,B01,2,1,0,2,1,7,5,NULL,201900047235,138 217 216,A01,1,1,1,1,1996,5,1,0,-1,0,0,-1,201900047235,4,"RUE DE MENILMONTANT",0,NULL,2,2,3,2,0,0,1,NULL,NULL,2,0,6,50
201900047235,7,12,2019,04:25:00,5,75,75120,2,3,1,3,"RUE DE MENILMONTANT","48,8679300","2,3866160",201900047235,138 217 217,B01,2,1,0,2,1,7,5,NULL,201900047235,138 217 217,B01,1,1,4,1,1984,5,2,8,-1,0,0,-1,201900047235,4,"RUE DE MENILMONTANT",0,NULL,2,2,3,2,0,0,1,NULL,NULL,2,0,6,50
201900048581,15,7,2019,21:45:00,1,22,22162,1,1,1,1,"route romaine","48,7654750"," -3,0583050",201900048581,138 214 724,B01,3,1,0,2,1,17,5,NULL,201900048581,138 214 723,A01,1,1,1,2,1980,5,1,-1,-1,0,0,-1,201900048581,4,NULL,NULL,NULL,2,2,0,1,(1),(1),1,NULL,NULL,1,0,1,70
201900048581,15,7,2019,21:45:00,1,22,22162,1,1,1,1,"route romaine","48,7654750"," -3,0583050",201900048581,138 214 724,B01,3,1,0,2,1,17,5,NULL,201900048581,138 214 724,B01,1,1,3,1,2007,5,0,-1,-1,0,0,-1,201900048581,4,NULL,NULL,NULL,2,2,0,1,(1),(1),1,NULL,NULL,1,0,1,70
201900048749,21,3,2019,17:45:00,1,19,19289,1,1,1,1,"Les Pouyges","45,2042490","1,3910830",201900048749,138 214 419,A01,3,1,0,2,1,5,5,NULL,201900048749,138 214 419,A01,1,1,4,1,1994,5,2,-1,-1,0,0,-1,201900048749,4,NULL,NULL,NULL,3,2,0,1,(1),(1),1,NULL,NULL,1,0,1,80
201900048749,21,3,2019,17:45:00,1,19,19289,1,1,1,1,"Les Pouyges","45,2042490","1,3910830",201900048749,138 214 419,A01,3,1,0,2,1,5,5,NULL,201900048749,138 214 420,B01,1,1,4,1,1945,5,1,-1,-1,0,0,-1,201900048749,4,NULL,NULL,NULL,3,2,0,1,(1),(1),1,NULL,NULL,1,0,1,80
201900050408,31,3,2019,23:10:00,5,59,59043,1,1,1,2,"LOCRE (ROUTE DE)","50,7527054","2,7477314",201900050408,138 211 364,C01,1,1,0,2,4,1,0,NULL,201900050408,138 211 363,A01,1,1,1,1,1994,5,8,0,-1,-1,0,-1,201900050408,3,23,0,NULL,2,2,0,1,0,0,1,NULL,NULL,1,0,1,80
201900050408,31,3,2019,23:10:00,5,59,59043,1,1,1,2,"LOCRE (ROUTE DE)","50,7527054","2,7477314",201900050408,138 211 364,C01,1,1,0,2,4,1,0,NULL,201900050408,138 211 364,C01,1,1,2,1,1995,4,8,0,-1,-1," -1",-1,201900050408,3,23,0,NULL,2,2,0,1,0,0,1,NULL,NULL,1,0,1,80