Num_Acc,jour,mois,an,hrmn,lum,dep,com,agg,int,atm,col,adr,lat,long,Num_Acc,id_vehicule,num_veh,senc,catv,obs,obsm,choc,manv,motor,occutc,Num_Acc,id_vehicule,num_veh,place,catu,grav,sexe,an_nais,trajet,secu1,secu2,secu3,locp,actp,etatp,Num_Acc,catr,voie,v1,v2,circ,nbv,vosp,prof,pr,pr1,plan,lartpc,larrout,surf,infra,situ,vma
201900051254,29,5,2019,07:10:00,1,33,33249,2,1,1,6,"RTE DE CARBON-BLANC","44,8807000"," -0,5237500",201900051254,138 209 791,A01,0,1,0,2,1,26,5,NULL,201900051254,138 209 790,B01,1,1,1,1,1990,1,8,0,-1,-1," -1",-1,201900051254,6,"RTE DE CARBON-BLANC",0,NULL,-1,0,1,2,0,0,2,NULL,NULL,1,0,1,30
201900051254,29,5,2019,07:10:00,1,33,33249,2,1,1,6,"RTE DE CARBON-BLANC","44,8807000"," -0,5237500",201900051254,138 209 790,B01,0,1,0,2,1,1,5,NULL,201900051254,138 209 790,B01,1,1,1,1,1990,1,8,0,-1,-1," -1",-1,201900051254,6,"RTE DE CARBON-BLANC",0,NULL,-1,0,1,2,0,0,2,NULL,NULL,1,0,1,30
201900051254,29,5,2019,07:10:00,1,33,33249,2,1,1,6,"RTE DE CARBON-BLANC","44,8807000"," -0,5237500",201900051254,138 209 791,A01,0,1,0,2,1,26,5,NULL,201900051254,138 209 791,A01,1,1,4,1,1982,1,8,0,-1,-1," -1",-1,201900051254,6,"RTE DE CARBON-BLANC",0,NULL,-1,0,1,2,0,0,2,NULL,NULL,1,0,1,30
201900051254,29,5,2019,07:10:00,1,33,33249,2,1,1,6,"RTE DE CARBON-BLANC","44,8807000"," -0,5237500",201900051254,138 209 790,B01,0,1,0,2,1,1,5,NULL,201900051254,138 209 791,A01,1,1,4,1,1982,1,8,0,-1,-1," -1",-1,201900051254,6,"RTE DE CARBON-BLANC",0,NULL,-1,0,1,2,0,0,2,NULL,NULL,1,0,1,30
201900054625,30,11,2019,13:00:00,1,75,75116,2,1,1,6,"AVENUE MOZART","48,8505080","2,2670711",201900054625,138 203 377,A01,2,1,1,0,1,14,5,NULL,201900054625,138 203 377,A01,1,1,3,1,1969,5,2,8,-1,0,0,-1,201900054625,4,"AVENUE MOZART",0,NULL,1,2,0,1,110,0,1,NULL,NULL,1,0,1,50
201900058096,18,6,2019,17:00:00,1,56,56098,2,3,1,3,"SEMBAT (RUE MARCEL)","47,7672340"," -3,3450330",201900058096,138 196 969,B01,1,1,0,2,1,1,5,NULL,201900058096,138 196 969,B01,1,1,4,1,1970,5,2,0,-1,0,0,-1,201900058096,4,"SEMBAT (RUE MARCEL)",0,NULL,2,2,0,2,(1),(1),1,NULL,NULL,1,0,1,50
201900058096,18,6,2019,17:00:00,1,56,56098,2,3,1,3,"SEMBAT (RUE MARCEL)","47,7672340"," -3,3450330",201900058096,138 196 969,B01,1,1,0,2,1,1,5,NULL,201900058096,138 196 970,A01,1,1,1,1,1982,5,1,8,-1,0,0,-1,201900058096,4,"SEMBAT (RUE MARCEL)",0,NULL,2,2,0,2,(1),(1),1,NULL,NULL,1,0,1,50
201900058277,21,5,2019,04:00:00,3,9,09235,1,1,2,6,"Route de  Poucas","43,0213500","1,0238980",201900058277,138 196 658,A01,3,1,2,0,1,1,6,NULL,201900058277,138 196 658,A01,1,1,2,1,1985,5,0,-1,-1,0,0,-1,201900058277,4,NULL,NULL,NULL,2,2,0,4,(1),(1),2,NULL,NULL,2,0,3,-1
201900058469,8,6,2019,16:35:00,1,75,75103,2,1,2,3,"RUE SAINT MARTIN","48,8624650","2,3521200",201900058469,138 196 295,B01,2,1,0,2,3,18,5,NULL,201900058469,138 196 293,A01,1,1,1,1,1986,1,1,0,-1,0,0,-1,201900058469,4,"RUE SAINT MARTIN",0,NULL,1,1,0,1,0,0,1,NULL,NULL,2,0,1,30
201900058469,8,6,2019,16:35:00,1,75,75103,2,1,2,3,"RUE SAINT MARTIN","48,8624650","2,3521200",201900058469,138 196 295,B01,2,1,0,2,3,18,5,NULL,201900058469,138 196 293,A01,3,2,1,2,1977,5,1,0,-1,0,0,-1,201900058469,4,"RUE SAINT MARTIN",0,NULL,1,1,0,1,0,0,1,NULL,NULL,2,0,1,30
201900058469,8,6,2019,16:35:00,1,75,75103,2,1,2,3,"RUE SAINT MARTIN","48,8624650","2,3521200",201900058469,138 196 295,B01,2,1,0,2,3,18,5,NULL,201900058469,138 196 295,B01,1,1,4,2,1978,5,8,0,-1,0,0,-1,201900058469,4,"RUE SAINT MARTIN",0,NULL,1,1,0,1,0,0,1,NULL,NULL,2,0,1,30
201900009960,8,2,2019,11:00:00,1,59,59363,1,1,6,3,D934,"50,2129370","3,6412780",201900009960,138 287 931,B01,1,1,0,2,8,2,0,NULL,201900009960,138 287 930,A01,1,1,1,1,1983,4,1,-1,-1,0,0,-1,201900009960,3,934,0,D,2,2,0,3,(1),(1),1,NULL,NULL,1,0,1,80
201900009960,8,2,2019,11:00:00,1,59,59363,1,1,6,3,D934,"50,2129370","3,6412780",201900009960,138 287 931,B01,1,1,0,2,8,2,0,NULL,201900009960,138 287 931,B01,1,1,3,1,1953,0,0,-1,-1,0,0,-1,201900009960,3,934,0,D,2,2,0,3,(1),(1),1,NULL,NULL,1,0,1,80
201900010474,25,4,2019,19:40:00,1,75,75119,2,2,1,6,"BOULEVARD DE LA VILLETTE","48,8738250","2,3751100",201900010474,138 286 981,A01,1,1,0,1,1,1,5,NULL,201900010474,138 286 981,A01,10,3,4,2,1961,0,0,0,0,2,1,1,201900010474,4,"BOULEVARD DE LA VILLETTE",0,NULL,1,2,1,1,0,0,1,NULL,NULL,1,0,5,30
201900010474,25,4,2019,19:40:00,1,75,75119,2,2,1,6,"BOULEVARD DE LA VILLETTE","48,8738250","2,3751100",201900010474,138 286 981,A01,1,1,0,1,1,1,5,NULL,201900010474,138 286 981,A01,1,1,1,1,1989,0,2,0,-1,0,0,-1,201900010474,4,"BOULEVARD DE LA VILLETTE",0,NULL,1,2,1,1,0,0,1,NULL,NULL,1,0,5,30
201900011247,17,12,2019,13:16:00,1,66,66136,2,1,1,6,"MERMOZ (AVENUE JEAN)","42,6964400","2,9084000",201900011247,138 285 606,B01,2,1,0,2,1,1,5,NULL,201900011247,138 285 605,A01,1,1,1,2,1987,5,1,8,-1,-1," -1",-1,201900011247,4,"MERMOZ (AVENUE JEAN)",0,NULL,2,1,0,1,0,0,1,NULL,NULL,1,0,1,50
201900011247,17,12,2019,13:16:00,1,66,66136,2,1,1,6,"MERMOZ (AVENUE JEAN)","42,6964400","2,9084000",201900011247,138 285 606,B01,2,1,0,2,1,1,5,NULL,201900011247,138 285 606,B01,1,1,4,1,1992,5,8,0,-1,-1," -1",-1,201900011247,4,"MERMOZ (AVENUE JEAN)",0,NULL,2,1,0,1,0,0,1,NULL,NULL,1,0,1,50
201900011335,18,12,2019,20:00:00,5,75,75107,2,7,1,2,"ROND POINT DU BLEUET DE FRANCE","48,8588564","2,3129869",201900011335,138 285 440,B01,1,1,0,2,4,23,5,NULL,201900011335,138 285 439,A01,1,1,1,1,1969,4,1,0,-1,0,0,-1,201900011335,4,"ROND POINT DU BLEUET DE FRANCE",0,NULL,1,3,0,1,1,0,2,NULL,NULL,1,0,1,50
201900011335,18,12,2019,20:00:00,5,75,75107,2,7,1,2,"ROND POINT DU BLEUET DE FRANCE","48,8588564","2,3129869",201900011335,138 285 440,B01,1,1,0,2,4,23,5,NULL,201900011335,138 285 440,B01,1,1,4,2,1978,9,8,2,-1,0,0,-1,201900011335,4,"ROND POINT DU BLEUET DE FRANCE",0,NULL,1,3,0,1,1,0,2,NULL,NULL,1,0,1,50
201900011586,26,3,2019,16:45:00,1,69,69009,1,3,1,3,"route de lachassagne","45,9284500","4,7042200",201900011586,138 284 966,B01,0,1,0,2,1,1,5,NULL,201900011586,138 284 965,A01,1,1,1,1,1996,1,1,-1,-1,0,0,-1,201900011586,3,39,NULL,NULL,2,2,0,2,1,850,1,NULL,NULL,1,0,1,70
201900011586,26,3,2019,16:45:00,1,69,69009,1,3,1,3,"route de lachassagne","45,9284500","4,7042200",201900011586,138 284 966,B01,0,1,0,2,1,1,5,NULL,201900011586,138 284 966,B01,1,1,3,1,1954,5,2,-1,-1,0,0,-1,201900011586,3,39,NULL,NULL,2,2,0,2,1,850,1,NULL,NULL,1,0,1,70
201900014584,1,7,2019,14:40:00,1,10,10387,2,2,1,3,"DAMPIERRE (QUAI)","48,2988800","4,0777700",201900014584,138 279 187,B01,3,1,0,2,0,1,5,NULL,201900014584,138 279 187,B01,1,1,4,1,2003,3,2,8,-1,-1," -1",-1,201900014584,4,"DAMPIERRE (QUAI)",0,NULL,2,2,0,1,0,0,1,NULL,NULL,1,0,1,50
201900015560,14,10,2019,12:20:00,1,69,69275,2,8,1,3,"PAUL BERT                           (R )","45,7690300","4,9511700",201900015560,138 277 383,B01,2,1,0,4,8,9,5,NULL,201900015560,138 277 382,A01,1,1,1,1,1986,1,1,0,-1,-1," -1",-1,201900015560,4,"PAUL BERT                           (R )",0,NULL,2,2,1,1,0,0,1,NULL,NULL,1,4,6,50
201900015560,14,10,2019,12:20:00,1,69,69275,2,8,1,3,"PAUL BERT                           (R )","45,7690300","4,9511700",201900015560,138 277 383,B01,2,1,0,4,8,9,5,NULL,201900015560,138 277 383,B01,1,1,4,1,2007,2,8,0,-1,0,0,-1,201900015560,4,"PAUL BERT                           (R )",0,NULL,2,2,1,1,0,0,1,NULL,NULL,1,4,6,50
201900015935,4,8,2019,09:05:00,1,92,92035,2,3,1,3,"République ( boulevard de la )","48,9069363","2,2440309",201900015935,138 276 737,B01,1,1,0,2,3,0,5,NULL,201900015935,138 276 737,B01,1,1,4,1,1970,0,8,0,-1,-1,0,-1,201900015935,3,908,0,NULL,2,2,0,1,0,0,1,NULL,NULL,1,0,1,50
201900015935,4,8,2019,09:05:00,1,92,92035,2,3,1,3,"République ( boulevard de la )","48,9069363","2,2440309",201900015935,138 276 737,B01,1,1,0,2,3,0,5,NULL,201900015935,138 276 738,A01,1,1,1,1,1968,9,8,0,-1,-1,0,-1,201900015935,3,908,0,NULL,2,2,0,1,0,0,1,NULL,NULL,1,0,1,50
201900017011,1,2,2019,22:35:00,1,37,37261,2,1,1,2,"DANIEL MAYER","47,4188500","0,6986200",201900017011,138 274 613,B01,3,1,0,2,6,19,5,NULL,201900017011,138 274 613,B01,1,1,4,1,1975,5,8,0,-1,-1,0,-1,201900017011,4,"DUCLOS (AVENUE JACQUES)",0,NULL,3,4,0,1,0,0,1,NULL,NULL,2,0,1,50
201900022666,7,10,2019,14:30:00,1,59,59178,2,6,1,3,"HAUBERSART (PLACE D')","50,3669900","3,0879800",201900022666,138 263 941,B01,3,1,0,2,2,1,5,NULL,201900022666,138 263 940,A01,1,1,1,1,1934,9,1,0,-1,-1,0,-1,201900022666,3,645,0,NULL,2,2,0,1,1,0,1,NULL,NULL,1,0,3,50
201900022666,7,10,2019,14:30:00,1,59,59178,2,6,1,3,"HAUBERSART (PLACE D')","50,3669900","3,0879800",201900022666,138 263 941,B01,3,1,0,2,2,1,5,NULL,201900022666,138 263 941,B01,1,1,4,1,1996,9,8,0,-1,-1,0,-1,201900022666,3,645,0,NULL,2,2,0,1,1,0,1,NULL,NULL,1,0,3,50
201900023109,17,4,2019,12:05:00,1,65,65025,2,3,1,5,"Avenue des Pyrénées","43,0033140"," -0,0990060",201900023109,138 263 113,B01,2,1,0,2,1,17,5,NULL,201900023109,138 263 111,A01,1,1,1,1,1969,5,1,-1,-1,0,0,-1,201900023109,3,921,NULL,B,2,2,0,2,11,480,1,NULL,NULL,1,0,1,50
201900023109,17,4,2019,12:05:00,1,65,65025,2,3,1,5,"Avenue des Pyrénées","43,0033140"," -0,0990060",201900023109,138 263 113,B01,2,1,0,2,1,17,5,NULL,201900023109,138 263 112,C01,1,1,4,1,1996,1,2,-1,-1,0,0,-1,201900023109,3,921,NULL,B,2,2,0,2,11,480,1,NULL,NULL,1,0,1,50
201900023109,17,4,2019,12:05:00,1,65,65025,2,3,1,5,"Avenue des Pyrénées","43,0033140"," -0,0990060",201900023109,138 263 113,B01,2,1,0,2,1,17,5,NULL,201900023109,138 263 113,B01,1,1,2,1,1956,5,2,-1,-1,0,0,-1,201900023109,3,921,NULL,B,2,2,0,2,11,480,1,NULL,NULL,1,0,1,50
201900029885,25,1,2019,11:50:00,1,44,44020,2,1,1,3,"boulevard nelson mandela","47,1766854"," -1,6192442",201900029885,138 250 136,B01,3,1,0,2,8,1,5,NULL,201900029885,138 250 136,B01,1,1,4,1,1969,5,0,-1,-1,0,0,-1,201900029885,7,NULL,NULL,NULL,3,2,2,2,(1),(1),2,NULL,NULL,1,0,5,50
201900029885,25,1,2019,11:50:00,1,44,44020,2,1,1,3,"boulevard nelson mandela","47,1766854"," -1,6192442",201900029885,138 250 136,B01,3,1,0,2,8,1,5,NULL,201900029885,138 250 137,A01,1,1,4,1,1968,1,1,-1,-1,0,0,-1,201900029885,7,NULL,NULL,NULL,3,2,2,2,(1),(1),2,NULL,NULL,1,0,5,50
201900030661,27,7,2019,00:20:00,5,75,75118,2,2,3,3,"RUE ORDENER","48,8924080","2,3449990",201900030661,138 248 688,A01,2,1,0,2,1,1,5,NULL,201900030661,138 248 687,B01,1,1,1,2,1967,0,1,0,-1,0,0,-1,201900030661,4,"RUE ORDENER",0,NULL,2,2,0,1,0,0,1,NULL,NULL,2,0,1,50
201900030661,27,7,2019,00:20:00,5,75,75118,2,2,3,3,"RUE ORDENER","48,8924080","2,3449990",201900030661,138 248 688,A01,2,1,0,2,1,1,5,NULL,201900030661,138 248 688,A01,1,1,4,1,1998,0,2,0,-1,0,0,-1,201900030661,4,"RUE ORDENER",0,NULL,2,2,0,1,0,0,1,NULL,NULL,2,0,1,50
201900030762,28,7,2019,11:20:00,1,62,62799,1,1,1,2,"departementale 145","50,4589280","1,7217400",201900030762,138 248 493,A01,3,1,0,9,4,2,5,NULL,201900030762,138 248 492,B01,1,1,1,1,1990,5,2,6,-1,0,0,-1,201900030762,3,145,0,D,2,2,0,2,0,550,1,NULL,NULL,1,0,1,80
201900030762,28,7,2019,11:20:00,1,62,62799,1,1,1,2,"departementale 145","50,4589280","1,7217400",201900030762,138 248 492,B01,3,1,0,0,4,2,5,NULL,201900030762,138 248 492,B01,1,1,1,1,1990,5,2,6,-1,0,0,-1,201900030762,3,145,0,D,2,2,0,2,0,550,1,NULL,NULL,1,0,1,80
201900030762,28,7,2019,11:20:00,1,62,62799,1,1,1,2,"departementale 145","50,4589280","1,7217400",201900030762,138 248 493,A01,3,1,0,9,4,2,5,NULL,201900030762,138 248 493,A01,1,1,3,2,1986,5,2,6,-1,0,0,-1,201900030762,3,145,0,D,2,2,0,2,0,550,1,NULL,NULL,1,0,1,80
201900030762,28,7,2019,11:20:00,1,62,62799,1,1,1,2,"departementale 145","50,4589280","1,7217400",201900030762,138 248 492,B01,3,1,0,0,4,2,5,NULL,201900030762,138 248 493,A01,1,1,3,2,1986,5,2,6,-1,0,0,-1,201900030762,3,145,0,D,2,2,0,2,0,550,1,NULL,NULL,1,0,1,80
201900032394,6,4,2019,13:00:00,1,78,78640,2,1,1,3,"ARISTIDE BRIAND (RUE), N°4","48,7855100","2,1890100",201900032394,138 245 411,B01,0,1,0,2,1,1,5,NULL,201900032394,138 245 411,B01,1,1,3,1,1988,5,2,0,-1,-1,0,-1,201900032394,4,"ARISTIDE BRIAND (RUE)",0,NULL,2,2,0,1,0,0,1,NULL,NULL,1,0,1,50
201900032394,6,4,2019,13:00:00,1,78,78640,2,1,1,3,"ARISTIDE BRIAND (RUE), N°4","48,7855100","2,1890100",201900032394,138 245 411,B01,0,1,0,2,1,1,5,NULL,201900032394,138 245 412,A01,1,1,1,2,1979,0,1,0,-1,-1,0,-1,201900032394,4,"ARISTIDE BRIAND (RUE)",0,NULL,2,2,0,1,0,0,1,NULL,NULL,1,0,1,50
201900033601,20,1,2019,08:45:00,1,56,56121,2,1,1,7,"EMBELLIE (RUE  DE L' )","47,7597000"," -3,3943600",201900033601,138 243 062,A01,1,1,16,0,0,1,5,NULL,201900033601,138 243 062,A01,1,1,4,1,1953,0,8,8,-1,0,0,-1,201900033601,4,"EMBELLIE (RUE  DE L' )",0,NULL,2,2,0,1,0,0,1,NULL,NULL,7,0,1,30
201900033909,10,2,2019,06:40:00,5,59,59350,2,1,1,2,"CAMBRAI RUE DE N°PAIRS","50,6243600","3,0698000",201900033909,138 242 475,A01,1,1,0,0,1,14,5,NULL,201900033909,138 242 475,A01,1,1,4,1,1993,0,8,0,-1,-1,0,-1,201900033909,4,"CAMBRAI RUE DE N°PAIRS",0,NULL,2,2,0,1,0,0,1,NULL,NULL,1,0,1,50
201900033909,10,2,2019,06:40:00,5,59,59350,2,1,1,2,"CAMBRAI RUE DE N°PAIRS","50,6243600","3,0698000",201900033909,138 242 475,A01,1,1,0,0,1,14,5,NULL,201900033909,138 242 476,Z01,1,1,1,1,1900,-1,0,0,0,-1," -1",-1,201900033909,4,"CAMBRAI RUE DE N°PAIRS",0,NULL,2,2,0,1,0,0,1,NULL,NULL,1,0,1,50
201900037451,19,2,2019,13:30:00,1,54,54395,2,1,1,6,"LECLERC (AV. DU GENE","48,6771650","6,1782040",201900037451,138 235 608,B01,1,1,0,2,0,1,5,NULL,201900037451,138 235 608,B01,1,1,4,1,1968,0,2,0,-1,-1,0,-1,201900037451,4,"LECLERC (AV. DU GENE",0,NULL,-1,1,0,1,0,0,1,NULL,NULL,1,0,1,50
201900037451,19,2,2019,13:30:00,1,54,54395,2,1,1,6,"LECLERC (AV. DU GENE","48,6771650","6,1782040",201900037451,138 235 608,B01,1,1,0,2,0,1,5,NULL,201900037451,138 235 609,A01,1,1,1,1,1992,0,8,0,-1,-1," -1",-1,201900037451,4,"LECLERC (AV. DU GENE",0,NULL,-1,1,0,1,0,0,1,NULL,NULL,1,0,1,50
201900038915,1,10,2019,10:30:00,1,13,13209,2,1,1,3,"MARÉCHAL DE LATTRE (AVENUE)","43,2448370","5,4256174",201900038915,138 232 928,A01,2,1,0,2,8,1,0,NULL,201900038915,138 232 927,B01,1,1,1,2,1952,3,1,0,-1,-1,0,-1,201900038915,4,"MARÉCHAL DE LATTRE (AVENUE)",0,NULL,2,2,1,1,0,0,1,NULL,NULL,1,0,1,50
201900038915,1,10,2019,10:30:00,1,13,13209,2,1,1,3,"MARÉCHAL DE LATTRE (AVENUE)","43,2448370","5,4256174",201900038915,138 232 928,A01,2,1,0,2,8,1,0,NULL,201900038915,138 232 928,A01,1,1,4,1,1951,5,2,8,-1,-1,0,-1,201900038915,4,"MARÉCHAL DE LATTRE (AVENUE)",0,NULL,2,2,1,1,0,0,1,NULL,NULL,1,0,1,50
201900041921,16,5,2019,15:40:00,1,94,94037,2,1,1,6,"ARCUEIL (R D)","48,8142800","2,3469300",201900041921,138 227 380,B01,1,1,1,0,1,1,5,NULL,201900041921,138 227 379,A01,1,1,1,2,1965,0,8,0,-1,-1,0,-1,201900041921,3,127B,0,NULL,1,1,0,1,0,0,1,NULL,NULL,1,0,2,30
201900041921,16,5,2019,15:40:00,1,94,94037,2,1,1,6,"ARCUEIL (R D)","48,8142800","2,3469300",201900041921,138 227 380,B01,1,1,1,0,1,1,5,NULL,201900041921,138 227 380,B01,1,1,4,2,1963,0,8,0,-1,0,0,-1,201900041921,3,127B,0,NULL,1,1,0,1,0,0,1,NULL,NULL,1,0,2,30
201900043023,23,8,2019,09:00:00,1,63,63350,1,2,1,1,D212,"45,7247870","3,2784400",201900043023,138 225 233,B01,2,1,0,2,6,19,5,NULL,201900043023,138 225 233,B01,1,1,3,1,1947,5,2,-1,-1,0,0,-1,201900043023,3,212,0,NULL,2,2,0,1,13,400,1,NULL,NULL,1,0,1,80
201900043023,23,8,2019,09:00:00,1,63,63350,1,2,1,1,D212,"45,7247870","3,2784400",201900043023,138 225 233,B01,2,1,0,2,6,19,5,NULL,201900043023,138 225 234,A01,1,1,1,2,1984,3,1,-1,-1,0,0,-1,201900043023,3,212,0,NULL,2,2,0,1,13,400,1,NULL,NULL,1,0,1,80
201900046607,24,8,2019,18:00:00,2,69,69266,2,1,1,1,"8 MAI 1945   (Rue du)","45,7811900","4,8913600",201900046607,138 218 375,B01,3,1,0,2,0,0,0,NULL,201900046607,138 218 375,B01,1,1,4,1,1993,5,8,0,-1,-1," -1",-1,201900046607,4,"8 MAI 1945   (Rue du)",0,NULL,2,2,0,1,0,0,1,NULL,NULL,1,0,1,50
201900046713,25,8,2019,14:45:00,1,65,65145,1,1,1,3,D921,"42,9129155"," -0,0371969",201900046713,138 218 181,B01,2,1,0,2,8,1,5,NULL,201900046713,138 218 180,A01,1,1,1,2,1973,5,1,-1,-1,0,0,-1,201900046713,3,921,0,NULL,2,2,0,2,11,950,2,NULL,NULL,1,0,1,80
201900046713,25,8,2019,14:45:00,1,65,65145,1,1,1,3,D921,"42,9129155"," -0,0371969",201900046713,138 218 181,B01,2,1,0,2,8,1,5,NULL,201900046713,138 218 181,B01,1,1,3,1,1972,5,2,4,-1,0,0,-1,201900046713,3,921,0,NULL,2,2,0,2,11,950,2,NULL,NULL,1,0,1,80
201900048619,15,7,2019,09:50:00,1,91,91201,2,3,1,1,"VILLIERS ( AVENUE DE )","48,6818100","2,4051300",201900048619,138 214 644,B01,1,1,0,2,1,2,5,NULL,201900048619,138 214 643,A01,1,1,1,1,1976,0,1,0,-1,0,0,-1,201900048619,4,"VILLIERS ( AVENUE DE )",0,NULL,2,2,0,3,0,0,1,NULL,NULL,1,8,3,50
201900048619,15,7,2019,09:50:00,1,91,91201,2,3,1,1,"VILLIERS ( AVENUE DE )","48,6818100","2,4051300",201900048619,138 214 644,B01,1,1,0,2,1,2,5,NULL,201900048619,138 214 644,B01,1,1,4,1,1963,1,8,0,-1,0,0,-1,201900048619,4,"VILLIERS ( AVENUE DE )",0,NULL,2,2,0,3,0,0,1,NULL,NULL,1,8,3,50
201900049333,16,6,2019,10:55:00,1,54,54469,1,4,7,3,RD135,"49,1756900","5,9982200",201900049333,138 213 351,B01,1,1,0,2,1,1,5,NULL,201900049333,138 213 350,A01,1,1,1,1,1940,5,1,8,-1,-1,0,-1,201900049333,3,135,0,NULL,2,2,0,1,0,1,1,NULL,NULL,1,0,1,80
201900049333,16,6,2019,10:55:00,1,54,54469,1,4,7,3,RD135,"49,1756900","5,9982200",201900049333,138 213 351,B01,1,1,0,2,1,1,5,NULL,201900049333,138 213 351,B01,1,1,3,1,1970,5,2,8,-1,0,0,-1,201900049333,3,135,0,NULL,2,2,0,1,0,1,1,NULL,NULL,1,0,1,80
201900049462,6,6,2019,13:15:00,1,42,42095,2,6,1,6,"SAINT-CHARLES (BOULEVARD)","45,3860100","4,2829400",201900049462,138 213 109,B01,2,1,0,2,1,1,5,NULL,201900049462,138 213 109,B01,1,1,4,1,1966,5,8,0,-1,-1,0,-1,201900049462,4,"SAINT-CHARLES (BOULEVARD)",0,NULL,3,2,0,1,0,0,1,NULL,NULL,1,0,1,50
201900049462,6,6,2019,13:15:00,1,42,42095,2,6,1,6,"SAINT-CHARLES (BOULEVARD)","45,3860100","4,2829400",201900049462,138 213 109,B01,2,1,0,2,1,1,5,NULL,201900049462,138 213 110,A01,1,1,1,1,1960,5,1,0,-1,-1,0,-1,201900049462,4,"SAINT-CHARLES (BOULEVARD)",0,NULL,3,2,0,1,0,0,1,NULL,NULL,1,0,1,50
201900050877,19,5,2019,16:40:00,1,25,25084,1,2,2,3,D105-D107,"47,1444230","5,8899810",201900050877,138 210 490,B01,0,1,0,0,8,19,5,NULL,201900050877,138 210 490,B01,1,1,2,1,1937,0,2,-1,-1,0,0,-1,201900050877,3,107,0,NULL,2,2,0,1,4,120,1,NULL,NULL,2,0,1,80
201900050877,19,5,2019,16:40:00,1,25,25084,1,2,2,3,D105-D107,"47,1444230","5,8899810",201900050877,138 210 490,B01,0,1,0,0,8,19,5,NULL,201900050877,138 210 491,A01,1,1,1,1,1968,0,1,-1,-1,0,0,-1,201900050877,3,107,0,NULL,2,2,0,1,4,120,1,NULL,NULL,2,0,1,80
201900052482,11,7,2019,19:01:00,1,49,49007,2,1,1,2,"RAMON BOULEVARD","47,4863167"," -0,5361468",201900052482,138 207 376,B01,1,1,0,2,4,1,5,NULL,201900052482,138 207 375,A01,1,1,1,2,2000,0,2,8,-1,-1,0,-1,201900052482,4,"RAMON BOULEVARD",0,NULL,2,4,0,1,0,0,1,NULL,NULL,1,0,1,50
201900052482,11,7,2019,19:01:00,1,49,49007,2,1,1,2,"RAMON BOULEVARD","47,4863167"," -0,5361468",201900052482,138 207 376,B01,1,1,0,2,4,1,5,NULL,201900052482,138 207 376,B01,1,1,4,1,1956,0,8,0,-1,-1,0,-1,201900052482,4,"RAMON BOULEVARD",0,NULL,2,4,0,1,0,0,1,NULL,NULL,1,0,1,50
201900052984,8,6,2019,17:45:00,1,14,14220,2,1,1,1,"MARINE (QUAI DE LA )","49,3617800","0,0797700",201900052984,138 206 399,B01,1,1,0,2,2,19,5,NULL,201900052984,138 206 399,B01,1,1,4,1,2007,5,8,0,-1,0,0,-1,201900052984,4,"MARINE (QUAI DE LA )",0,NULL,2,4,0,1,0,0,1,NULL,NULL,1,0,1,50
201900052984,8,6,2019,17:45:00,1,14,14220,2,1,1,1,"MARINE (QUAI DE LA )","49,3617800","0,0797700",201900052984,138 206 399,B01,1,1,0,2,2,19,5,NULL,201900052984,138 206 400,A01,1,1,1,2,1953,0,1,0,-1,0,0,-1,201900052984,4,"MARINE (QUAI DE LA )",0,NULL,2,4,0,1,0,0,1,NULL,NULL,1,0,1,50
201900054258,20,8,2019,07:55:00,1,75,75119,2,2,1,3,"RUE D AUBERVILLIERS","48,8986303","2,3704988",201900054258,138 204 023,B01,2,1,0,2,1,19,5,NULL,201900054258,138 204 023,B01,1,1,4,1,1977,9,2,0,-1,0,0,-1,201900054258,4,"RUE D AUBERVILLIERS",0,NULL,2,4,0,1,0,0,1,NULL,NULL,1,0,1,50
201900054258,20,8,2019,07:55:00,1,75,75119,2,2,1,3,"RUE D AUBERVILLIERS","48,8986303","2,3704988",201900054258,138 204 023,B01,2,1,0,2,1,19,5,NULL,201900054258,138 204 025,A01,1,1,4,1,1975,1,2,6,-1,0,0,-1,201900054258,4,"RUE D AUBERVILLIERS",0,NULL,2,4,0,1,0,0,1,NULL,NULL,1,0,1,50
201900056549,12,2,2019,11:45:00,1,33,33069,2,3,1,3,"BD GODARD","44,8657800"," -0,5764500",201900056549,138 199 810,B01,0,1,0,2,1,1,5,NULL,201900056549,138 199 810,B01,1,1,4,1,2001,5,8,0,-1,-1," -1",-1,201900056549,4,"BD GODARD",0,NULL,2,6,0,1,0,0,1,NULL,NULL,1,0,8,50
201900056549,12,2,2019,11:45:00,1,33,33069,2,3,1,3,"BD GODARD","44,8657800"," -0,5764500",201900056549,138 199 810,B01,0,1,0,2,1,1,5,NULL,201900056549,138 199 812,A01,1,1,1,1,1988,4,8,0,-1,-1," -1",-1,201900056549,4,"BD GODARD",0,NULL,2,6,0,1,0,0,1,NULL,NULL,1,0,8,50
201900056938,6,6,2019,10:35:00,1,75,75110,2,5,1,3,"RUE DU FAUBOURG SAINT DENIS","48,8842000","2,3594070",201900056938,138 199 097,B01,1,1,0,2,6,1,5,NULL,201900056938,138 199 097,B01,1,1,4,2,1987,1,2,0,-1,0,0,-1,201900056938,4,"RUE DU FAUBOURG SAINT DENIS",0,NULL,2,2,0,1,0,0,1,NULL,NULL,1,2,1,50