Num_Acc,jour,mois,an,hrmn,lum,dep,com,agg,int,atm,col,adr,lat,long,Num_Acc,id_vehicule,num_veh,senc,catv,obs,obsm,choc,manv,motor,occutc,Num_Acc,id_vehicule,num_veh,place,catu,grav,sexe,an_nais,trajet,secu1,secu2,secu3,locp,actp,etatp,Num_Acc,catr,voie,v1,v2,circ,nbv,vosp,prof,pr,pr1,plan,lartpc,larrout,surf,infra,situ,vma
201900056938,6,6,2019,10:35:00,1,75,75110,2,5,1,3,"RUE DU FAUBOURG SAINT DENIS","48,8842000","2,3594070",201900056938,138 199 097,B01,1,1,0,2,6,1,5,NULL,201900056938,138 199 098,A01,1,1,1,1,1964,1,1,0,-1,0,0,-1,201900056938,4,"RUE DU FAUBOURG SAINT DENIS",0,NULL,2,2,0,1,0,0,1,NULL,NULL,1,2,1,50
201900058595,5,6,2019,13:14:00,1,94,94018,2,2,2,3,"GRAVELLE (AV DE)","48,8246300","2,4128600",201900058595,138 196 069,A01,1,1,0,2,1,1,5,NULL,201900058595,138 196 069,A01,1,1,3,1,1988,5,8,0,-1,-1," -1",-1,201900058595,4,"GRAVELLE (AV DE)",0,NULL,2,2,1,1,0,0,1,NULL,NULL,2,0,1,30
201900058595,5,6,2019,13:14:00,1,94,94018,2,2,2,3,"GRAVELLE (AV DE)","48,8246300","2,4128600",201900058595,138 196 069,A01,1,1,0,2,1,1,5,NULL,201900058595,138 196 070,B01,1,1,1,2,1988,5,1,8,-1,-1," -1",-1,201900058595,4,"GRAVELLE (AV DE)",0,NULL,2,2,1,1,0,0,1,NULL,NULL,2,0,1,30
201900010763,10,8,2019,11:30:00,1,55,55537,1,2,1,5,D24,"49,2094400","5,4857200",201900010763,138 286 467,C01,0,1,0,2,0,19,5,NULL,201900010763,138 286 466,B01,1,1,1,1,1970,5,2,-1,-1,0,0,-1,201900010763,2,24,NULL,NULL,2,2,0,1,7,600,1,NULL,NULL,1,0,1,80
201900010763,10,8,2019,11:30:00,1,55,55537,1,2,1,5,D24,"49,2094400","5,4857200",201900010763,138 286 466,B01,0,1,0,2,8,1,5,NULL,201900010763,138 286 466,B01,1,1,1,1,1970,5,2,-1,-1,0,0,-1,201900010763,2,24,NULL,NULL,2,2,0,1,7,600,1,NULL,NULL,1,0,1,80
201900010763,10,8,2019,11:30:00,1,55,55537,1,2,1,5,D24,"49,2094400","5,4857200",201900010763,138 286 467,C01,0,1,0,2,0,19,5,NULL,201900010763,138 286 467,C01,1,1,4,1,1991,5,2,-1,-1,0,0,-1,201900010763,2,24,NULL,NULL,2,2,0,1,7,600,1,NULL,NULL,1,0,1,80
201900010763,10,8,2019,11:30:00,1,55,55537,1,2,1,5,D24,"49,2094400","5,4857200",201900010763,138 286 466,B01,0,1,0,2,8,1,5,NULL,201900010763,138 286 467,C01,1,1,4,1,1991,5,2,-1,-1,0,0,-1,201900010763,2,24,NULL,NULL,2,2,0,1,7,600,1,NULL,NULL,1,0,1,80
201900010763,10,8,2019,11:30:00,1,55,55537,1,2,1,5,D24,"49,2094400","5,4857200",201900010763,138 286 467,C01,0,1,0,2,0,19,5,NULL,201900010763,138 286 468,A01,1,1,1,1,1970,5,1,-1,-1,0,0,-1,201900010763,2,24,NULL,NULL,2,2,0,1,7,600,1,NULL,NULL,1,0,1,80
201900010763,10,8,2019,11:30:00,1,55,55537,1,2,1,5,D24,"49,2094400","5,4857200",201900010763,138 286 466,B01,0,1,0,2,8,1,5,NULL,201900010763,138 286 468,A01,1,1,1,1,1970,5,1,-1,-1,0,0,-1,201900010763,2,24,NULL,NULL,2,2,0,1,7,600,1,NULL,NULL,1,0,1,80
201900014510,3,7,2019,15:00:00,1,973,97302,2,1,1,3,"RENOVATION URBAINE (CITE)","4,9341541"," -52,3287392",201900014510,138 279 327,B01,0,1,0,2,8,19,6,NULL,201900014510,138 279 327,B01,1,1,4,1,1979,9,8,0,-1,-1,0,-1,201900014510,4,"RENOVATION URBAINE (CITE)",0,NULL,2,1,0,1,(1),(1),1,NULL,NULL,1,0,1,30
201900014510,3,7,2019,15:00:00,1,973,97302,2,1,1,3,"RENOVATION URBAINE (CITE)","4,9341541"," -52,3287392",201900014510,138 279 327,B01,0,1,0,2,8,19,6,NULL,201900014510,138 279 328,A01,1,1,1,2,1967,9,1,8,-1,-1,0,-1,201900014510,4,"RENOVATION URBAINE (CITE)",0,NULL,2,1,0,1,(1),(1),1,NULL,NULL,1,0,1,30
201900016737,28,12,2019,17:40:00,5,75,75113,2,3,1,3,"RUE DARMESTETER","48,8234000","2,3750320",201900016737,138 275 163,B01,1,1,0,2,1,1,5,NULL,201900016737,138 275 163,B01,1,1,4,1,1987,5,8,2,-1,0,0,-1,201900016737,4,"RUE DARMESTETER",0,NULL,2,2,1,2,0,0,1,NULL,NULL,1,0,5,50
201900016737,28,12,2019,17:40:00,5,75,75113,2,3,1,3,"RUE DARMESTETER","48,8234000","2,3750320",201900016737,138 275 163,B01,1,1,0,2,1,1,5,NULL,201900016737,138 275 164,A01,1,1,1,1,1949,0,1,0,-1,0,0,-1,201900016737,4,"RUE DARMESTETER",0,NULL,2,2,1,2,0,0,1,NULL,NULL,1,0,5,50
201900016932,15,3,2019,00:50:00,5,59,59350,2,7,8,3,"SEBASTOPOL PLACE N°1 - 11","50,6289900","3,0589500",201900016932,138 274 788,B01,1,1,14,2,1,2,5,NULL,201900016932,138 274 787,A01,1,1,1,1,1900,-1,1,0,0,-1," -1",-1,201900016932,4,"SEBASTOPOL PLACE N°1 - 11",0,NULL,4,4,0,1,0,0,1,NULL,NULL,1,0,1,50
201900016932,15,3,2019,00:50:00,5,59,59350,2,7,8,3,"SEBASTOPOL PLACE N°1 - 11","50,6289900","3,0589500",201900016932,138 274 788,B01,1,1,14,2,1,2,5,NULL,201900016932,138 274 788,B01,1,1,4,1,1996,5,8,0,-1,-1,0,-1,201900016932,4,"SEBASTOPOL PLACE N°1 - 11",0,NULL,4,4,0,1,0,0,1,NULL,NULL,1,0,1,50
201900017033,9,1,2019,08:30:00,2,33,33063,2,2,1,1,"BD ALBERT 1ER","44,8134700"," -0,5646500",201900017033,138 274 576,A01,0,1,0,2,1,0,0,NULL,201900017033,138 274 575,B01,1,1,1,1,1994,0,1,0,-1,-1," -1",-1,201900017033,4,"BD ALBERT 1ER",0,NULL,2,5,2,1,0,0,1,NULL,NULL,1,0,1,90
201900017033,9,1,2019,08:30:00,2,33,33063,2,2,1,1,"BD ALBERT 1ER","44,8134700"," -0,5646500",201900017033,138 274 576,A01,0,1,0,2,1,0,0,NULL,201900017033,138 274 576,A01,1,1,4,2,1983,0,8,0,-1,-1," -1",-1,201900017033,4,"BD ALBERT 1ER",0,NULL,2,5,2,1,0,0,1,NULL,NULL,1,0,1,90
201900017479,22,4,2019,15:25:00,1,64,64148,2,1,1,2,"place de la mairie","43,1266424"," -0,3041451",201900017479,138 273 721,B01,2,1,0,0,4,1,5,NULL,201900017479,138 273 720,A01,1,1,1,2,1985,5,1,-1,-1,0,0,-1,201900017479,3,35,0,D,2,2,0,1,7,500,1,NULL,NULL,1,0,1,50
201900017479,22,4,2019,15:25:00,1,64,64148,2,1,1,2,"place de la mairie","43,1266424"," -0,3041451",201900017479,138 273 721,B01,2,1,0,0,4,1,5,NULL,201900017479,138 273 721,B01,1,1,4,1,1950,5,2,-1,-1,0,0,-1,201900017479,3,35,0,D,2,2,0,1,7,500,1,NULL,NULL,1,0,1,50
201900017822,31,7,2019,19:45:00,1,45,45234,2,2,1,3,"R ROYALE - R PERREIRA","47,8990454","1,9041713",201900017822,138 273 088,B01,0,1,0,2,7,1,5,NULL,201900017822,138 273 088,B01,1,1,4,1,1998,5,8,0,-1,0,0,-1,201900017822,4,"R ROYALE",0,NULL,1,2,0,1,1,0,1,NULL,NULL,1,0,1,50
201900017822,31,7,2019,19:45:00,1,45,45234,2,2,1,3,"R ROYALE - R PERREIRA","47,8990454","1,9041713",201900017822,138 273 088,B01,0,1,0,2,7,1,5,NULL,201900017822,138 273 089,A01,1,1,1,2,1955,1,1,0,-1,-1," -1",-1,201900017822,4,"R ROYALE",0,NULL,1,2,0,1,1,0,1,NULL,NULL,1,0,1,50
201900018423,16,3,2019,20:10:00,5,35,35238,2,3,1,3,"PATTON (AVENUE DU GENERAL SIR GEORGES)","48,1260050"," -1,6656970",201900018423,138 271 983,B01,3,1,0,2,8,4,5,NULL,201900018423,138 271 982,A01,1,1,1,2,1946,0,1,0,-1,-1,0,-1,201900018423,4,"PATTON (AVENUE DU GENERAL SIR GEORGES)",0,NULL,2,2,0,2,0,0,1,NULL,NULL,1,9,1,50
201900018423,16,3,2019,20:10:00,5,35,35238,2,3,1,3,"PATTON (AVENUE DU GENERAL SIR GEORGES)","48,1260050"," -1,6656970",201900018423,138 271 983,B01,3,1,0,2,8,4,5,NULL,201900018423,138 271 983,B01,1,1,4,1,1992,9,2,0,-1,-1,0,-1,201900018423,4,"PATTON (AVENUE DU GENERAL SIR GEORGES)",0,NULL,2,2,0,2,0,0,1,NULL,NULL,1,9,1,50
201900018620,27,12,2019,18:04:00,2,973,97302,2,1,1,3,"RABAN (ROUTE DE)","4,9344000"," -52,3138640",201900018620,138 271 620,B01,1,1,0,9,7,15,5,NULL,201900018620,138 271 620,B01,1,1,4,1,1998,0,2,0,-1,-1,0,-1,201900018620,4,"RABAN (ROUTE DE)",0,NULL,2,1,0,1,0,0,1,NULL,NULL,1,0,1,50
201900018620,27,12,2019,18:04:00,2,973,97302,2,1,1,3,"RABAN (ROUTE DE)","4,9344000"," -52,3138640",201900018620,138 271 620,B01,1,1,0,9,7,15,5,NULL,201900018620,138 271 621,A01,1,1,4,1,1979,0,2,0,-1,-1,0,-1,201900018620,4,"RABAN (ROUTE DE)",0,NULL,2,1,0,1,0,0,1,NULL,NULL,1,0,1,50
201900019321,19,4,2019,11:35:00,1,6,06157,1,9,9,7,"1325 Route de Saint-Jeannet","43,7344240","7,1225430",201900019321,138 270 311,A01,3,1,1,0,0,1,5,NULL,201900019321,138 270 311,A01,1,1,2,1,1933,5,2,6,-1,0,0,-1,201900019321,7,2210,0,NULL,2,2,2,1,(1),(1),1,NULL,NULL,1,0,1,50
201900019573,29,6,2019,21:20:00,5,75,75115,2,2,1,3,"RUE DE LA CONVENTION","48,8392570","2,2919850",201900019573,138 269 838,A01,2,1,0,2,8,19,5,NULL,201900019573,138 269 838,A01,1,1,4,1,1996,1,2,0,-1,0,0,-1,201900019573,4,"RUE DE LA CONVENTION",0,NULL,2,2,0,1,0,0,1,NULL,NULL,1,0,1,50
201900019573,29,6,2019,21:20:00,5,75,75115,2,2,1,3,"RUE DE LA CONVENTION","48,8392570","2,2919850",201900019573,138 269 838,A01,2,1,0,2,8,19,5,NULL,201900019573,138 269 839,B01,1,1,4,1,1970,1,2,6,-1,0,0,-1,201900019573,4,"RUE DE LA CONVENTION",0,NULL,2,2,0,1,0,0,1,NULL,NULL,1,0,1,50
201900021150,7,9,2019,11:53:00,1,49,49007,2,1,1,3,"CHAPEAU DE GENDARME","47,4514000"," -0,5533000",201900021150,138 266 870,B01,1,1,0,2,9,0,5,NULL,201900021150,138 266 870,B01,1,1,4,1,1976,0,8,0,-1,-1,0,-1,201900021150,4,"CHAPEAU DE GENDARME",0,NULL,2,2,0,1,0,0,1,NULL,NULL,1,0,1,60
201900021150,7,9,2019,11:53:00,1,49,49007,2,1,1,3,"CHAPEAU DE GENDARME","47,4514000"," -0,5533000",201900021150,138 266 870,B01,1,1,0,2,9,0,5,NULL,201900021150,138 266 871,A01,1,1,1,1,1977,0,1,8,-1,-1," -1",-1,201900021150,4,"CHAPEAU DE GENDARME",0,NULL,2,2,0,1,0,0,1,NULL,NULL,1,0,1,60
201900021245,17,4,2019,16:05:00,1,56,56260,2,1,1,2,"PASTEUR (RUE)","47,6552000"," -2,7639000",201900021245,138 266 659,A01,1,1,0,2,1,2,5,NULL,201900021245,138 266 659,A01,1,1,4,1,2002,5,8,0,-1,0,0,-1,201900021245,4,PASTEUR(RUE),0,NULL,1,1,0,2,0,0,1,NULL,NULL,1,0,1,50
201900021245,17,4,2019,16:05:00,1,56,56260,2,1,1,2,"PASTEUR (RUE)","47,6552000"," -2,7639000",201900021245,138 266 659,A01,1,1,0,2,1,2,5,NULL,201900021245,138 266 660,B01,2,2,1,2,1951,5,1,0,-1,0,0,-1,201900021245,4,PASTEUR(RUE),0,NULL,1,1,0,2,0,0,1,NULL,NULL,1,0,1,50
201900021245,17,4,2019,16:05:00,1,56,56260,2,1,1,2,"PASTEUR (RUE)","47,6552000"," -2,7639000",201900021245,138 266 659,A01,1,1,0,2,1,2,5,NULL,201900021245,138 266 660,B01,1,1,1,1,1946,5,1,0,-1,0,0,-1,201900021245,4,PASTEUR(RUE),0,NULL,1,1,0,2,0,0,1,NULL,NULL,1,0,1,50
201900025445,26,4,2019,19:20:00,1,66,66136,2,2,1,3,"ALDUY (Paul)","42,6871736","2,9018003",201900025445,138 258 463,A01,0,1,0,2,2,0,5,NULL,201900025445,138 258 463,A01,1,1,4,1,1969,5,8,0,-1,0,0,-1,201900025445,4,"ALDUY (Paul)",0,NULL,2,0,1,1,0,0,1,NULL,NULL,1,0,1,50
201900025445,26,4,2019,19:20:00,1,66,66136,2,2,1,3,"ALDUY (Paul)","42,6871736","2,9018003",201900025445,138 258 463,A01,0,1,0,2,2,0,5,NULL,201900025445,138 258 464,B01,1,1,1,1,1973,5,1,0,-1,0,0,-1,201900025445,4,"ALDUY (Paul)",0,NULL,2,0,1,1,0,0,1,NULL,NULL,1,0,1,50
201900026233,23,1,2019,16:00:00,1,971,97107,2,1,1,6,"DUMANOIR ( ALLEE )","16,0310100"," -61,5705000",201900026233,138 256 937,A01,3,1,0,1,1,2,5,NULL,201900026233,138 256 937,A01,2,1,1,1,2013,5,2,8,-1,-1," -1",-1,201900026233,9,"DUMANOIR ( ALLEE )",0,NULL,4,1,0,1,1,0,1,NULL,NULL,9,6,1,10
201900026233,23,1,2019,16:00:00,1,971,97107,2,1,1,6,"DUMANOIR ( ALLEE )","16,0310100"," -61,5705000",201900026233,138 256 937,A01,3,1,0,1,1,2,5,NULL,201900026233,138 256 937,A01,10,3,4,2,1959,5,8,0,-1,8,5,2,201900026233,9,"DUMANOIR ( ALLEE )",0,NULL,4,1,0,1,1,0,1,NULL,NULL,9,6,1,10
201900027598,17,12,2019,20:16:00,5,49,49007,2,1,1,3,"MOULIN BOULEVARD","47,4922200"," -0,5516900",201900027598,138 254 409,B01,1,1,0,2,5,0,5,NULL,201900027598,138 254 408,A01,1,1,1,1,1994,5,1,8,-1,-1," -1",-1,201900027598,4,"MOULIN BOULEVARD",0,NULL,2,2,0,1,0,0,1,NULL,NULL,2,0,1,60
201900027598,17,12,2019,20:16:00,5,49,49007,2,1,1,3,"MOULIN BOULEVARD","47,4922200"," -0,5516900",201900027598,138 254 409,B01,1,1,0,2,5,0,5,NULL,201900027598,138 254 409,B01,1,1,4,1,1999,1,8,0,-1,-1," -1",-1,201900027598,4,"MOULIN BOULEVARD",0,NULL,2,2,0,1,0,0,1,NULL,NULL,2,0,1,60
201900029467,19,12,2019,13:30:00,1,69,69383,2,1,1,1,"BONNEL (DE)                         (R )","45,7627500","4,8591800",201900029467,138 250 879,A01,2,1,1,0,1,5,0,NULL,201900029467,138 250 878,B01,1,1,1,1,1976,0,1,0,-1,-1," -1",-1,201900029467,4,"BONNEL (DE)                         (R )",0,NULL,1,4,3,1,1,0,1,NULL,NULL,1,0,4,50
201900029467,19,12,2019,13:30:00,1,69,69383,2,1,1,1,"BONNEL (DE)                         (R )","45,7627500","4,8591800",201900029467,138 250 879,A01,2,1,1,0,1,5,0,NULL,201900029467,138 250 879,A01,1,1,4,2,2002,9,8,0,-1,-1," -1",-1,201900029467,4,"BONNEL (DE)                         (R )",0,NULL,1,4,3,1,1,0,1,NULL,NULL,1,0,4,50
201900030276,13,4,2019,09:19:00,1,75,75110,2,2,1,3,"QUAI DE VALMY","48,8729030","2,3637390",201900030276,138 249 348,B01,2,1,0,2,1,1,5,NULL,201900030276,138 249 348,B01,1,1,4,2,1993,0,8,6,-1,0,0,-1,201900030276,4,"QUAI DE VALMY",0,NULL,1,3,1,2,0,0,1,NULL,NULL,1,0,1,50
201900030276,13,4,2019,09:19:00,1,75,75110,2,2,1,3,"QUAI DE VALMY","48,8729030","2,3637390",201900030276,138 249 348,B01,2,1,0,2,1,1,5,NULL,201900030276,138 249 349,A01,1,1,1,1,1959,4,1,0,-1,0,0,-1,201900030276,4,"QUAI DE VALMY",0,NULL,1,3,1,2,0,0,1,NULL,NULL,1,0,1,50
201900030304,12,4,2019,13:25:00,1,94,94059,2,1,1,3,"MAURICE BERTEAUX (AV)","48,8158800","2,5623600",201900030304,138 249 298,B01,1,1,0,2,2,1,5,NULL,201900030304,138 249 297,A01,1,1,1,2,1949,5,8,0,-1,-1," -1",-1,201900030304,3,235,0,NULL,2,2,0,1,0,0,2,NULL,NULL,1,0,1,50
201900030304,12,4,2019,13:25:00,1,94,94059,2,1,1,3,"MAURICE BERTEAUX (AV)","48,8158800","2,5623600",201900030304,138 249 298,B01,1,1,0,2,2,1,5,NULL,201900030304,138 249 298,B01,1,1,4,2,1938,5,8,0,-1,0,0,-1,201900030304,3,235,0,NULL,2,2,0,1,0,0,2,NULL,NULL,1,0,1,50
201900031255,16,12,2019,07:00:00,5,74,74268,2,4,1,1,"Route de Sacconges","45,8843850","6,1087250",201900031255,138 247 573,B01,1,1,0,2,1,1,0,NULL,201900031255,138 247 573,B01,1,1,4,1,1988,1,0,-1,-1,0,0,-1,201900031255,3,05,0," -",3,2,1,2,19,200,1,NULL,NULL,1,0,5,50
201900031255,16,12,2019,07:00:00,5,74,74268,2,4,1,1,"Route de Sacconges","45,8843850","6,1087250",201900031255,138 247 573,B01,1,1,0,2,1,1,0,NULL,201900031255,138 247 574,A01,1,1,1,2,1964,1,1,-1,-1,0,0,-1,201900031255,3,05,0," -",3,2,1,2,19,200,1,NULL,NULL,1,0,5,50
201900031754,25,6,2019,21:10:00,2,44,44162,2,1,1,3,"RUE DE LA JOHARDIERE","47,2272400"," -1,6510200",201900031754,138 246 672,B01,1,1,0,2,1,1,0,NULL,201900031754,138 246 672,B01,1,1,3,1,1936,9,8,0,-1,0,0,-1,201900031754,4,NULL,0,NULL,2,0,1,1,1,0,1,NULL,NULL,1,0,1,50
201900031754,25,6,2019,21:10:00,2,44,44162,2,1,1,3,"RUE DE LA JOHARDIERE","47,2272400"," -1,6510200",201900031754,138 246 672,B01,1,1,0,2,1,1,0,NULL,201900031754,138 246 673,A01,1,1,1,1,1973,1,1,0,-1,0,0,-1,201900031754,4,NULL,0,NULL,2,0,1,1,1,0,1,NULL,NULL,1,0,1,50
201900031847,25,6,2019,19:30:00,1,92,92007,2,1,1,2,"BRIAND (AVENUE ARISTIDE) N° 2 A 98","48,8041915","2,3248943",201900031847,138 246 500,A01,1,1,0,0,4,13,5,NULL,201900031847,138 246 498,B01,1,1,1,1,1988,0,2,8,-1,-1,0,-1,201900031847,3,920,0,NULL,1,3,3,1,0,0,1,NULL,NULL,1,0,1,50
201900031847,25,6,2019,19:30:00,1,92,92007,2,1,1,2,"BRIAND (AVENUE ARISTIDE) N° 2 A 98","48,8041915","2,3248943",201900031847,138 246 500,A01,1,1,0,0,4,13,5,NULL,201900031847,138 246 500,A01,1,1,4,2,1985,0,8,0,-1,-1,0,-1,201900031847,3,920,0,NULL,1,3,3,1,0,0,1,NULL,NULL,1,0,1,50
201900032215,12,4,2019,16:30:00,1,74,74042,2,2,1,1,"avenue de la roche Parnale","46,0784436","6,4007643",201900032215,138 245 779,B01,1,1,0,2,7,15,5,NULL,201900032215,138 245 779,B01,1,1,3,1,1958,5,2,-1,-1,0,0,-1,201900032215,4,NULL,NULL,NULL,2,2,2,1,(1),(1),1,NULL,NULL,1,0,1,50
201900032215,12,4,2019,16:30:00,1,74,74042,2,2,1,1,"avenue de la roche Parnale","46,0784436","6,4007643",201900032215,138 245 779,B01,1,1,0,2,7,15,5,NULL,201900032215,138 245 780,A01,1,1,1,1,1992,0,8,-1,-1,0,0,-1,201900032215,4,NULL,NULL,NULL,2,2,2,1,(1),(1),1,NULL,NULL,1,0,1,50
201900032532,28,7,2019,11:10:00,1,84,84004,1,2,1,3,"Route de Caromb","44,0997250","5,0614700",201900032532,138 245 160,B01,3,1,0,2,1,1,6,NULL,201900032532,138 245 160,B01,1,1,3,1,1967,5,0,-1,-1,0,0,-1,201900032532,3,55,0,NULL,2,2,0,1,(1),(1),1,NULL,NULL,1,0,1,80
201900032532,28,7,2019,11:10:00,1,84,84004,1,2,1,3,"Route de Caromb","44,0997250","5,0614700",201900032532,138 245 160,B01,3,1,0,2,1,1,6,NULL,201900032532,138 245 161,A01,1,1,1,2,1962,3,1,-1,-1,0,0,-1,201900032532,3,55,0,NULL,2,2,0,1,(1),(1),1,NULL,NULL,1,0,1,80
201900035601,1,9,2019,11:55:00,1,95,95409,2,1,1,3,"Avenue Jean Rostand","49,0421840","2,3387580",201900035601,138 239 178,B01,3,1,0,2,1,25,0,NULL,201900035601,138 239 177,A01,1,1,1,1,1965,3,1,-1,-1,0,0,-1,201900035601,9,NULL,NULL,NULL,1,1,1,1,(1),(1),1,NULL,NULL,1,0,1,30
201900035601,1,9,2019,11:55:00,1,95,95409,2,1,1,3,"Avenue Jean Rostand","49,0421840","2,3387580",201900035601,138 239 178,B01,3,1,0,2,1,25,0,NULL,201900035601,138 239 178,B01,1,1,4,1,1962,5,2,-1,-1,0,0,-1,201900035601,9,NULL,NULL,NULL,1,1,1,1,(1),(1),1,NULL,NULL,1,0,1,30
201900038080,2,12,2019,13:25:00,1,27,27229,2,2,1,3,"SAINT GERMAIN (RUE)","49,0195500","1,1390100",201900038080,138 234 454,B01,0,1,0,2,1,1,5,NULL,201900038080,138 234 453,A01,1,1,1,1,1995,9,1,5,-1,0,0,-1,201900038080,4,"SAINT GERMAIN (RUE)",0,NULL,2,2,0,1,(1),(1),1,NULL,NULL,1,0,1,50
201900038080,2,12,2019,13:25:00,1,27,27229,2,2,1,3,"SAINT GERMAIN (RUE)","49,0195500","1,1390100",201900038080,138 234 454,B01,0,1,0,2,1,1,5,NULL,201900038080,138 234 454,B01,1,1,4,1,2000,0,8,0,-1,0,0,-1,201900038080,4,"SAINT GERMAIN (RUE)",0,NULL,2,2,0,1,(1),(1),1,NULL,NULL,1,0,1,50
201900039389,25,2,2019,12:30:00,1,75,75116,2,1,1,6,"ROUTE DE SEVRES A NEUILLY","48,8629420","2,2387900",201900039389,138 232 057,A01,3,1,1,0,2,14,5,NULL,201900039389,138 232 057,A01,1,1,4,1,1949,5,2,0,-1,0,0,-1,201900039389,4,"ROUTE DE SEVRES A NEUILLY",0,NULL,1,2,0,1,0,0,1,NULL,NULL,1,0,1,50
201900040245,22,6,2019,15:15:00,1,47,47315,1,1,1,3,"D 911","44,4534193","0,8942080",201900040245,138 230 465,B01,2,1,0,2,0,2,5,NULL,201900040245,138 230 465,B01,1,1,3,1,1935,5,2,-1,-1,0,0,-1,201900040245,3,911,NULL,NULL,2,2,0,1,12,310,1,NULL,NULL,1,0,1,80
201900040245,22,6,2019,15:15:00,1,47,47315,1,1,1,3,"D 911","44,4534193","0,8942080",201900040245,138 230 465,B01,2,1,0,2,0,2,5,NULL,201900040245,138 230 466,A01,1,1,1,1,1944,5,1,-1,-1,0,0,-1,201900040245,3,911,NULL,NULL,2,2,0,1,12,310,1,NULL,NULL,1,0,1,80
201900040245,22,6,2019,15:15:00,1,47,47315,1,1,1,3,"D 911","44,4534193","0,8942080",201900040245,138 230 465,B01,2,1,0,2,0,2,5,NULL,201900040245,138 230 466,A01,2,2,1,2,1949,5,1,-1,-1,0,0,-1,201900040245,3,911,NULL,NULL,2,2,0,1,12,310,1,NULL,NULL,1,0,1,80
201900040531,30,10,2019,08:20:00,1,37,37104,1,1,2,3,"510 Route du Noble Joué","47,3031560","0,7712660",201900040531,138 229 958,A01,2,1,0,2,3,1,5,NULL,201900040531,138 229 957,B01,1,1,1,2,1994,1,1,-1,-1,0,0,-1,201900040531,4,NULL,0,NULL,2,2,0,1,(1),(1),1,NULL,NULL,2,0,1,70
201900040531,30,10,2019,08:20:00,1,37,37104,1,1,2,3,"510 Route du Noble Joué","47,3031560","0,7712660",201900040531,138 229 958,A01,2,1,0,2,3,1,5,NULL,201900040531,138 229 958,A01,1,1,3,1,1967,1,4,-1,-1,0,0,-1,201900040531,4,NULL,0,NULL,2,2,0,1,(1),(1),1,NULL,NULL,2,0,1,70
201900045901,24,2,2019,12:15:00,1,95,95039,1,1,1,3,"Chemin de Cordeville","49,0845810","2,1740280",201900045901,138 219 747,B01,3,1,0,2,3,2,5,NULL,201900045901,138 219 747,B01,1,1,4,1,1967,5,2,6,-1,0,0,-1,201900045901,4,NULL,NULL,NULL,2,2,0,2,(1),(1),1,NULL,NULL,1,9,1,80
201900045901,24,2,2019,12:15:00,1,95,95039,1,1,1,3,"Chemin de Cordeville","49,0845810","2,1740280",201900045901,138 219 747,B01,3,1,0,2,3,2,5,NULL,201900045901,138 219 748,A01,1,1,1,2,1991,5,8,-1,-1,0,0,-1,201900045901,4,NULL,NULL,NULL,2,2,0,2,(1),(1),1,NULL,NULL,1,9,1,80
201900047036,16,7,2019,12:10:00,1,75,75115,2,2,1,6,"RUE DE LA CROIX NIVERT","48,8385980","2,2894310",201900047036,138 217 570,B01,2,1,0,2,1,1,5,NULL,201900047036,138 217 569,A01,1,1,1,1,1989,4,1,0,-1,0,0,-1,201900047036,4,"RUE DE LA CROIX NIVERT",0,NULL,2,2,0,1,0,0,1,NULL,NULL,1,0,1,50
201900047036,16,7,2019,12:10:00,1,75,75115,2,2,1,6,"RUE DE LA CROIX NIVERT","48,8385980","2,2894310",201900047036,138 217 570,B01,2,1,0,2,1,1,5,NULL,201900047036,138 217 570,B01,1,1,4,1,1992,5,2,0,-1,0,0,-1,201900047036,4,"RUE DE LA CROIX NIVERT",0,NULL,2,2,0,1,0,0,1,NULL,NULL,1,0,1,50
201900048454,24,8,2019,12:00:00,1,54,54395,2,1,1,3,"VINGT SIXIEME R.I.","48,6976400","6,1885300",201900048454,138 214 944,B01,1,1,0,2,1,1,0,NULL,201900048454,138 214 944,B01,1,1,3,1,2002,3,8,0,-1,-1,0,-1,201900048454,4,"VINGT SIXIEME R.I.",0,NULL,2,4,1,1,0,0,1,NULL,NULL,1,0,1,50
201900048454,24,8,2019,12:00:00,1,54,54395,2,1,1,3,"VINGT SIXIEME R.I.","48,6976400","6,1885300",201900048454,138 214 944,B01,1,1,0,2,1,1,0,NULL,201900048454,138 214 945,A01,1,1,3,1,1995,5,2,0,-1,-1,0,-1,201900048454,4,"VINGT SIXIEME R.I.",0,NULL,2,4,1,1,0,0,1,NULL,NULL,1,0,1,50
201900049339,16,6,2019,21:30:00,1,51,51454,2,2,1,3,"RUE DU MONT D'ARENE","49,2613056","4,0187444",201900049339,138 213 337,B01,1,1,0,2,1,1,5,NULL,201900049339,138 213 336,A01,1,1,1,1,1996,0,1,8,-1,-1,0,-1,201900049339,4,"RUE DU MONT D'ARENE",0,NULL,-1,2,0,1,0,1,1,NULL,NULL,1,5,1,50
201900049339,16,6,2019,21:30:00,1,51,51454,2,2,1,3,"RUE DU MONT D'ARENE","49,2613056","4,0187444",201900049339,138 213 337,B01,1,1,0,2,1,1,5,NULL,201900049339,138 213 337,B01,2,1,4,1,1995,0,2,0,-1,-1,0,-1,201900049339,4,"RUE DU MONT D'ARENE",0,NULL,-1,2,0,1,0,1,1,NULL,NULL,1,5,1,50