Num_Acc,jour,mois,an,hrmn,lum,dep,com,agg,int,atm,col,adr,lat,long,Num_Acc,id_vehicule,num_veh,senc,catv,obs,obsm,choc,manv,motor,occutc,Num_Acc,id_vehicule,num_veh,place,catu,grav,sexe,an_nais,trajet,secu1,secu2,secu3,locp,actp,etatp,Num_Acc,catr,voie,v1,v2,circ,nbv,vosp,prof,pr,pr1,plan,lartpc,larrout,surf,infra,situ,vma
201900049475,1,6,2019,14:50:00,1,38,38185,2,1,1,3,"BERTHELOT (AV. M.)MALLIFAUD/RUE E. ZOLA","45,1815900","5,7316500",201900049475,138 213 085,B01,3,1,0,0,3,1,5,NULL,201900049475,138 213 085,B01,1,1,4,1,1995,1,8,0,-1,-1," -1",-1,201900049475,4,"BERTHELOT (AV. M.)MALLIFAUD/RUE E. ZOLA",0,NULL,-1,2,1,1,1,0,1,NULL,NULL,1,0,1,50
201900049475,1,6,2019,14:50:00,1,38,38185,2,1,1,3,"BERTHELOT (AV. M.)MALLIFAUD/RUE E. ZOLA","45,1815900","5,7316500",201900049475,138 213 085,B01,3,1,0,0,3,1,5,NULL,201900049475,138 213 086,A01,1,1,4,1,1975,0,2,0,-1,0,0,-1,201900049475,4,"BERTHELOT (AV. M.)MALLIFAUD/RUE E. ZOLA",0,NULL,-1,2,1,1,1,0,1,NULL,NULL,1,0,1,50
201900050213,25,9,2019,20:05:00,3,86,86165,1,1,2,2,"Avenue Fernand Tribot","46,4196280","0,8764400",201900050213,138 211 710,B01,2,1,0,0,8,2,5,NULL,201900050213,138 211 709,A01,1,1,1,1,1947,0,8,-1,-1,0,0,-1,201900050213,3,54,0,NULL,2,2,0,1,26,300,1,NULL,NULL,2,0,1,80
201900050213,25,9,2019,20:05:00,3,86,86165,1,1,2,2,"Avenue Fernand Tribot","46,4196280","0,8764400",201900050213,138 211 710,B01,2,1,0,0,8,2,5,NULL,201900050213,138 211 710,B01,1,1,3,1,1977,1,8,-1,-1,0,0,-1,201900050213,3,54,0,NULL,2,2,0,1,26,300,1,NULL,NULL,2,0,1,80
201900051011,7,12,2019,07:30:00,1,973,97309,2,1,1,2,"Route de Montjoly","4,9239690"," -52,2838730",201900051011,138 210 266,A01,1,1,0,2,1,1,5,NULL,201900051011,138 210 265,B01,1,1,1,2,1955,5,1,-1,-1,0,0,-1,201900051011,3,1,NULL,NULL,2,2,0,1,5,370,1,NULL,NULL,2,0,1,50
201900051011,7,12,2019,07:30:00,1,973,97309,2,1,1,2,"Route de Montjoly","4,9239690"," -52,2838730",201900051011,138 210 266,A01,1,1,0,2,1,1,5,NULL,201900051011,138 210 266,A01,1,1,3,1,1968,5,2,-1,-1,0,0,-1,201900051011,3,1,NULL,NULL,2,2,0,1,5,370,1,NULL,NULL,2,0,1,50
201900051053,23,11,2019,22:00:00,5,14,14118,2,1,1,3,"LEROY (BOULEVARD)","49,1706900"," -0,3531500",201900051053,138 210 187,B01,1,1,0,0,9,1,5,NULL,201900051053,138 210 187,B01,1,1,4,1,2000,-1,0,-1,-1,-1," -1",-1,201900051053,4,NULL,NULL,NULL,2,-1,-1,1,(1),(1),1,NULL,NULL,1,0,1,-1
201900051053,23,11,2019,22:00:00,5,14,14118,2,1,1,3,"LEROY (BOULEVARD)","49,1706900"," -0,3531500",201900051053,138 210 187,B01,1,1,0,0,9,1,5,NULL,201900051053,138 210 188,A01,1,1,1,1,1969,-1,1,-1,-1,0,0,-1,201900051053,4,NULL,NULL,NULL,2,-1,-1,1,(1),(1),1,NULL,NULL,1,0,1,-1
201900051161,2,6,2019,09:20:00,1,37,37233,2,1,1,7,"FOUSSIER (IMPASSE ANDRE)","47,3914500","0,7129800",201900051161,138 209 968,A01,1,1,0,0,8,23,5,NULL,201900051161,138 209 968,A01,1,1,4,2,1960,5,8,0,-1,-1,0,-1,201900051161,4,"FOUSSIER (IMPASSE ANDRE)",0,NULL,2,2,0,1,0,0,1,NULL,NULL,1,0,1,50
201900052485,27,3,2019,07:45:00,1,93,93066,2,3,1,3,"ROUSSEAU JEAN JACQUES","48,9653100","2,3792500",201900052485,138 207 370,B01,3,1,0,2,7,2,5,NULL,201900052485,138 207 370,B01,1,1,4,1,2003,1,8,0,-1,-1," -1",-1,201900052485,4,"ROUSSEAU JEAN JACQUES",0,NULL,2,2,0,1,0,1,1,NULL,NULL,1,0,1,50
201900052485,27,3,2019,07:45:00,1,93,93066,2,3,1,3,"ROUSSEAU JEAN JACQUES","48,9653100","2,3792500",201900052485,138 207 370,B01,3,1,0,2,7,2,5,NULL,201900052485,138 207 371,A01,1,1,1,2,1970,9,8,0,-1,-1," -1",-1,201900052485,4,"ROUSSEAU JEAN JACQUES",0,NULL,2,2,0,1,0,1,1,NULL,NULL,1,0,1,50
201900058022,29,5,2019,20:45:00,2,38,38509,2,1,1,1,"434 Chemin de l'Étang","45,5883430","5,4469260",201900058022,138 197 104,B01,3,1,0,2,8,19,5,NULL,201900058022,138 197 104,B01,1,1,3,1,2008,5,0,-1,-1,0,0,-1,201900058022,4,NULL,0,NULL,2,2,0,1,(1),468,1,NULL,NULL,1,0,1,50
201900058022,29,5,2019,20:45:00,2,38,38509,2,1,1,1,"434 Chemin de l'Étang","45,5883430","5,4469260",201900058022,138 197 104,B01,3,1,0,2,8,19,5,NULL,201900058022,138 197 109,A01,1,1,1,2,1988,3,1,-1,-1,0,0,-1,201900058022,4,NULL,0,NULL,2,2,0,1,(1),468,1,NULL,NULL,1,0,1,50
201900010101,17,10,2019,10:50:00,1,93,93053,2,2,1,3,"NEUILLY (RUE DE) N° 4 A ... - N° 9 A ...","48,8854700","2,4619100",201900010101,138 287 653,B01,1,1,0,2,1,1,5,NULL,201900010101,138 287 653,B01,1,1,4,1,1978,9,2,0,-1,-1," -1",-1,201900010101,4,"NEUILLY (RUE DE) N° 4 A ... - N° 9 A ...",0,NULL,-1,2,0,1,0,0,1,NULL,NULL,2,0,1,50
201900010101,17,10,2019,10:50:00,1,93,93053,2,2,1,3,"NEUILLY (RUE DE) N° 4 A ... - N° 9 A ...","48,8854700","2,4619100",201900010101,138 287 653,B01,1,1,0,2,1,1,5,NULL,201900010101,138 287 654,A01,1,1,1,1,1987,9,1,0,-1,-1," -1",-1,201900010101,4,"NEUILLY (RUE DE) N° 4 A ... - N° 9 A ...",0,NULL,-1,2,0,1,0,0,1,NULL,NULL,2,0,1,50
201900011425,14,9,2019,14:07:00,1,1,01053,2,1,1,3,"BLERIOT (PLACE LOUIS )","46,2112739","5,2326152",201900011425,138 285 252,A01,3,1,0,2,1,19,5,NULL,201900011425,138 285 251,B01,1,1,1,1,1962,5,1,8,-1,0,0,-1,201900011425,4,"BLERIOT (PLACE LOUIS )",0,NULL,2,2,0,1,(1),(1),2,NULL,NULL,1,0,1,30
201900011425,14,9,2019,14:07:00,1,1,01053,2,1,1,3,"BLERIOT (PLACE LOUIS )","46,2112739","5,2326152",201900011425,138 285 252,A01,3,1,0,2,1,19,5,NULL,201900011425,138 285 252,A01,1,1,4,2,2009,5,8,0,-1,0,0,-1,201900011425,4,"BLERIOT (PLACE LOUIS )",0,NULL,2,2,0,1,(1),(1),2,NULL,NULL,1,0,1,30
201900013565,4,2,2019,08:40:00,2,56,56121,2,3,2,3,"LEPINE (RUE  PROFESSEUR )","47,7450300"," -3,3900500",201900013565,138 281 163,B01,1,1,0,2,8,19,5,NULL,201900013565,138 281 162,A01,1,1,1,2,1983,1,1,8,-1,-1," -1",-1,201900013565,4,"LEPINE (RUE  PROFESSEUR )",0,NULL,2,2,0,1,0,0,1,NULL,NULL,2,0,1,30
201900013565,4,2,2019,08:40:00,2,56,56121,2,3,2,3,"LEPINE (RUE  PROFESSEUR )","47,7450300"," -3,3900500",201900013565,138 281 163,B01,1,1,0,2,8,19,5,NULL,201900013565,138 281 163,B01,1,1,4,1,1998,0,2,0,0,0,0,-1,201900013565,4,"LEPINE (RUE  PROFESSEUR )",0,NULL,2,2,0,1,0,0,1,NULL,NULL,2,0,1,30
201900017454,15,10,2019,07:45:00,2,5,05017,2,3,3,3,"Avenue Francois Mitterrand","44,5647564","6,1984831",201900017454,138 273 771,B01,3,1,0,2,8,1,5,NULL,201900017454,138 273 770,A01,1,1,1,2,1961,1,8,-1,-1,0,0,-1,201900017454,3,11,NULL,NULL,2,2,-1,1,0,1,1,NULL,NULL,1,0,1,50
201900017454,15,10,2019,07:45:00,2,5,05017,2,3,3,3,"Avenue Francois Mitterrand","44,5647564","6,1984831",201900017454,138 273 771,B01,3,1,0,2,8,1,5,NULL,201900017454,138 273 771,B01,1,1,4,2,2007,2,0,-1,-1,0,0,-1,201900017454,3,11,NULL,NULL,2,2,-1,1,0,1,1,NULL,NULL,1,0,1,50
201900018587,12,3,2019,06:00:00,2,92,92046,2,2,1,3,"GABRIEL PERI","48,9195900","2,3061800",201900018587,138 271 689,B01,2,1,0,2,1,1,5,NULL,201900018587,138 271 689,B01,1,1,4,1,1975,1,2,8,-1,-1,0,-1,201900018587,3,50,0,NULL,2,2,0,1,0,0,1,NULL,NULL,1,0,1,50
201900018587,12,3,2019,06:00:00,2,92,92046,2,2,1,3,"GABRIEL PERI","48,9195900","2,3061800",201900018587,138 271 689,B01,2,1,0,2,1,1,5,NULL,201900018587,138 271 690,A01,1,1,1,2,1959,0,1,8,-1,-1,0,-1,201900018587,3,50,0,NULL,2,2,0,1,0,0,1,NULL,NULL,1,0,1,50
201900020143,15,11,2019,11:00:00,1,13,13028,2,1,1,6,"CROZET (AVENUE LOUIS )","43,1767000","5,6026100",201900020143,138 268 733,A01,2,1,0,1,1,1,5,NULL,201900020143,138 268 733,A01,1,1,1,1,2006,2,8,0,-1,-1," -1",-1,201900020143,4,"CROZET (AVENUE LOUIS )",0,NULL,1,1,1,2,0,0,2,NULL,NULL,1,0,1,30
201900020143,15,11,2019,11:00:00,1,13,13028,2,1,1,6,"CROZET (AVENUE LOUIS )","43,1767000","5,6026100",201900020143,138 268 733,A01,2,1,0,1,1,1,5,NULL,201900020143,138 268 733,A01,10,3,3,2,1937,5,8,0,-1,3,3,1,201900020143,4,"CROZET (AVENUE LOUIS )",0,NULL,1,1,1,2,0,0,2,NULL,NULL,1,0,1,30
201900021863,13,3,2019,09:00:00,1,31,31555,2,1,1,3,"RUE DES COSMONAUTES","43,5599500","1,4961800",201900021863,138 265 450,B01,3,1,0,2,7,9,5,NULL,201900021863,138 265 450,B01,1,1,4,2,1992,1,8,8,-1,-1,0,-1,201900021863,4,"RUE DES COSMONAUTES",0,NULL,2,2,1,1,0,0,1,NULL,NULL,2,0,1,30
201900021863,13,3,2019,09:00:00,1,31,31555,2,1,1,3,"RUE DES COSMONAUTES","43,5599500","1,4961800",201900021863,138 265 450,B01,3,1,0,2,7,9,5,NULL,201900021863,138 265 451,A01,1,1,1,1,1974,4,1,7,-1,-1,0,-1,201900021863,4,"RUE DES COSMONAUTES",0,NULL,2,2,1,1,0,0,1,NULL,NULL,2,0,1,30
201900025029,27,6,2019,19:18:00,1,92,92022,2,1,1,6,"SALENGRO (AVENUE ROGER)","48,8146800","2,1933400",201900025029,138 259 249,A01,2,1,0,1,1,1,5,NULL,201900025029,138 259 249,A01,10,3,4,2,1953,5,8,0,-1,8,3,1,201900025029,3,181,0,NULL,1,3,0,1,0,0,1,NULL,NULL,1,0,1,50
201900025029,27,6,2019,19:18:00,1,92,92022,2,1,1,6,"SALENGRO (AVENUE ROGER)","48,8146800","2,1933400",201900025029,138 259 249,A01,2,1,0,1,1,1,5,NULL,201900025029,138 259 249,A01,1,1,1,1,2003,5,8,0,-1,-1,0,-1,201900025029,3,181,0,NULL,1,3,0,1,0,0,1,NULL,NULL,1,0,1,50
201900026314,4,9,2019,11:30:00,1,33,33009,2,1,1,3,"44 bis COURS LAMARQUE PLAISANCE","44,6612400"," -1,1724200",201900026314,138 256 778,A01,1,1,0,2,3,13,5,NULL,201900026314,138 256 777,B01,1,1,1,1,1935,5,1,0,-1,-1," -1",-1,201900026314,4,"44 bis COURS LAMARQUE PLAISANCE",0,NULL,1,1,0,1,0,0,1,NULL,NULL,1,0,1,50
201900026314,4,9,2019,11:30:00,1,33,33009,2,1,1,3,"44 bis COURS LAMARQUE PLAISANCE","44,6612400"," -1,1724200",201900026314,138 256 778,A01,1,1,0,2,3,13,5,NULL,201900026314,138 256 778,A01,1,1,3,2,1941,5,8,0,-1,-1," -1",-1,201900026314,4,"44 bis COURS LAMARQUE PLAISANCE",0,NULL,1,1,0,1,0,0,1,NULL,NULL,1,0,1,50
201900027605,20,12,2019,12:35:00,1,44,44109,2,1,1,3,"ROUTE DE VERTOU","47,1846000"," -1,5246000",201900027605,138 254 398,B01,1,1,0,2,7,1,5,NULL,201900027605,138 254 398,B01,1,1,4,2,1963,1,2,0,-1,0,0,-1,201900027605,4,NULL,0,NULL,2,0,0,1,1,0,1,NULL,NULL,2,0,1,50
201900027605,20,12,2019,12:35:00,1,44,44109,2,1,1,3,"ROUTE DE VERTOU","47,1846000"," -1,5246000",201900027605,138 254 398,B01,1,1,0,2,7,1,5,NULL,201900027605,138 254 399,A01,1,1,1,2,1998,5,1,0,-1,0,0,-1,201900027605,4,NULL,0,NULL,2,0,0,1,1,0,1,NULL,NULL,2,0,1,50
201900030042,3,9,2019,18:15:00,1,29,29019,2,1,7,3,"VIEUX BOURG (RAMPE DU)","48,3980548"," -4,4531912",201900030042,138 249 813,B01,3,1,0,2,1,1,0,NULL,201900030042,138 249 813,B01,1,1,4,1,2000,0,2,0,-1,-1,0,-1,201900030042,4,"VIEUX BOURG (RAMPE DU)",0,NULL,2,2,0,2,0,0,1,NULL,NULL,1,0,1,50
201900030042,3,9,2019,18:15:00,1,29,29019,2,1,7,3,"VIEUX BOURG (RAMPE DU)","48,3980548"," -4,4531912",201900030042,138 249 813,B01,3,1,0,2,1,1,0,NULL,201900030042,138 249 814,A01,1,1,1,1,1998,5,1,0,-1,-1,0,-1,201900030042,4,"VIEUX BOURG (RAMPE DU)",0,NULL,2,2,0,2,0,0,1,NULL,NULL,1,0,1,50
201900033763,4,9,2019,14:15:00,1,64,64230,2,1,1,2,"Chemin de Lacau","43,2369120"," -0,3911960",201900033763,138 242 755,A01,3,1,0,0,0,15,5,NULL,201900033763,138 242 754,B01,1,1,4,2,1961,5,2,-1,-1,0,0,-1,201900033763,4,NULL,0,NULL,2,2,0,2,(1),(1),1,NULL,NULL,1,0,1,50
201900033763,4,9,2019,14:15:00,1,64,64230,2,1,1,2,"Chemin de Lacau","43,2369120"," -0,3911960",201900033763,138 242 754,B01,3,1,0,2,2,1,5,NULL,201900033763,138 242 754,B01,1,1,4,2,1961,5,2,-1,-1,0,0,-1,201900033763,4,NULL,0,NULL,2,2,0,2,(1),(1),1,NULL,NULL,1,0,1,50
201900033763,4,9,2019,14:15:00,1,64,64230,2,1,1,2,"Chemin de Lacau","43,2369120"," -0,3911960",201900033763,138 242 755,A01,3,1,0,0,0,15,5,NULL,201900033763,138 242 755,A01,1,1,1,1,1987,4,0,-1,-1,0,0,-1,201900033763,4,NULL,0,NULL,2,2,0,2,(1),(1),1,NULL,NULL,1,0,1,50
201900033763,4,9,2019,14:15:00,1,64,64230,2,1,1,2,"Chemin de Lacau","43,2369120"," -0,3911960",201900033763,138 242 754,B01,3,1,0,2,2,1,5,NULL,201900033763,138 242 755,A01,1,1,1,1,1987,4,0,-1,-1,0,0,-1,201900033763,4,NULL,0,NULL,2,2,0,2,(1),(1),1,NULL,NULL,1,0,1,50
201900033845,30,8,2019,23:50:00,5,11,11262,2,1,1,2,"AUGE (BOULEVARD DU DR LEON)","43,1806200","2,9752900",201900033845,138 242 593,B01,1,1,0,2,4,2,5,NULL,201900033845,138 242 593,B01,1,1,3,1,1992,9,2,8,-1,-1," -1",-1,201900033845,4,"AUGE (BOULEVARD DU DR LEON)",0,NULL,2,2,0,1,0,0,1,NULL,NULL,1,0,1,50
201900033845,30,8,2019,23:50:00,5,11,11262,2,1,1,2,"AUGE (BOULEVARD DU DR LEON)","43,1806200","2,9752900",201900033845,138 242 593,B01,1,1,0,2,4,2,5,NULL,201900033845,138 242 594,A01,1,1,1,1,1993,9,1,8,-1,-1," -1",-1,201900033845,4,"AUGE (BOULEVARD DU DR LEON)",0,NULL,2,2,0,1,0,0,1,NULL,NULL,1,0,1,50
201900035282,29,4,2019,08:45:00,1,54,54300,1,1,1,7,"route de fléville","48,6411410","6,2165020",201900035282,138 239 797,A01,1,1,0,1,1,26,5,NULL,201900035282,138 239 797,A01,10,3,4,2,1957,0,0,0,0,9,3,2,201900035282,4,NULL,0,NULL,-1,1,1,1,0,0,1,NULL,NULL,1,0,1,50
201900035282,29,4,2019,08:45:00,1,54,54300,1,1,1,7,"route de fléville","48,6411410","6,2165020",201900035282,138 239 797,A01,1,1,0,1,1,26,5,NULL,201900035282,138 239 797,A01,1,1,1,1,1973,0,2,0,-1,-1,0,-1,201900035282,4,NULL,0,NULL,-1,1,1,1,0,0,1,NULL,NULL,1,0,1,50
201900038974,19,1,2019,11:15:00,1,22,22193,1,3,7,3,"D44 près lieu dit le rocher","48,3884610"," -2,4470690",201900038974,138 232 829,B01,2,1,0,2,0,1,5,NULL,201900038974,138 232 829,B01,1,1,3,1,1968,5,2,-1,-1,0,0,-1,201900038974,3,44,NULL,NULL,2,2,0,1,22,1240,1,NULL,NULL,2,0,1,80
201900038974,19,1,2019,11:15:00,1,22,22193,1,3,7,3,"D44 près lieu dit le rocher","48,3884610"," -2,4470690",201900038974,138 232 829,B01,2,1,0,2,0,1,5,NULL,201900038974,138 232 830,A01,1,1,1,1,1937,5,1,-1,-1,0,0,-1,201900038974,3,44,NULL,NULL,2,2,0,1,22,1240,1,NULL,NULL,2,0,1,80
201900039305,1,3,2019,13:50:00,1,13,13047,2,6,1,3,"RADOLFZELL AVENUE DE","43,4988400","4,9863700",201900039305,138 232 207,B01,2,1,0,2,7,16,6,NULL,201900039305,138 232 206,A01,1,1,1,2,1961,0,1,8,-1,-1," -1",-1,201900039305,4,"RADOLFZELL AVENUE DE",0,NULL,1,2,0,1,0,0,2,NULL,NULL,1,0,1,50
201900039305,1,3,2019,13:50:00,1,13,13047,2,6,1,3,"RADOLFZELL AVENUE DE","43,4988400","4,9863700",201900039305,138 232 207,B01,2,1,0,2,7,16,6,NULL,201900039305,138 232 207,B01,2,1,4,2,1978,1,8,0,-1,-1," -1",-1,201900039305,4,"RADOLFZELL AVENUE DE",0,NULL,1,2,0,1,0,0,2,NULL,NULL,1,0,1,50
201900041784,10,12,2019,09:23:00,1,91,91645,2,9,9,7,"PARIS (RUE DE)","48,7393720","2,2469100",201900041784,138 227 632,A01,1,1,0,0,0,15,5,NULL,201900041784,138 227 632,A01,1,1,4,1,1954,5,2,0,-1,-1," -1",-1,201900041784,4,"PARIS (RUE DE)",0,NULL,2,2,0,1,0,0,2,NULL,NULL,7,0,1,50
201900041896,27,5,2019,13:25:00,1,94,94058,2,3,1,3,"GABRIEL PERI (AV)","48,8373200","2,5002000",201900041896,138 227 425,B01,1,1,0,2,1,2,5,NULL,201900041896,138 227 424,A01,1,1,1,1,1948,5,1,0,-1,-1,0,-1,201900041896,4,"GABRIEL PERI (AV)",0,NULL,2,2,0,1,1,0,1,NULL,NULL,1,0,1,50
201900041896,27,5,2019,13:25:00,1,94,94058,2,3,1,3,"GABRIEL PERI (AV)","48,8373200","2,5002000",201900041896,138 227 425,B01,1,1,0,2,1,2,5,NULL,201900041896,138 227 425,B01,1,1,4,1,2004,5,8,0,-1,-1,0,-1,201900041896,4,"GABRIEL PERI (AV)",0,NULL,2,2,0,1,1,0,1,NULL,NULL,1,0,1,50
201900044366,4,11,2019,10:45:00,1,67,67482,2,1,1,3,"SCHUTZENBERGER (AVENUE)","48,5951150","7,7583240",201900044366,138 222 710,A01,1,1,0,2,3,19,5,NULL,201900044366,138 222 709,B01,1,1,1,1,1990,3,1,8,-1,-1,0,-1,201900044366,4,"SCHUTZENBERGER (AVENUE)",0,NULL,3,4,1,1,0,0,1,NULL,NULL,1,0,1,50
201900044366,4,11,2019,10:45:00,1,67,67482,2,1,1,3,"SCHUTZENBERGER (AVENUE)","48,5951150","7,7583240",201900044366,138 222 710,A01,1,1,0,2,3,19,5,NULL,201900044366,138 222 710,A01,1,1,4,1,1954,0,8,0,-1,-1,0,-1,201900044366,4,"SCHUTZENBERGER (AVENUE)",0,NULL,3,4,1,1,0,0,1,NULL,NULL,1,0,1,50
201900053145,18,2,2019,19:20:00,5,75,75116,2,1,1,3,"CARREFOUR DES CASCADES","48,8584680","2,2580040",201900053145,138 206 099,B01,2,1,0,2,8,19,5,NULL,201900053145,138 206 099,B01,1,1,4,1,1971,5,2,0,-1,0,0,-1,201900053145,4,"CARREFOUR DES CASCADES",0,NULL,2,4,0,1,0,100,1,NULL,NULL,1,0,1,50
201900053145,18,2,2019,19:20:00,5,75,75116,2,1,1,3,"CARREFOUR DES CASCADES","48,8584680","2,2580040",201900053145,138 206 099,B01,2,1,0,2,8,19,5,NULL,201900053145,138 206 100,A01,1,1,1,1,1988,1,2,6,-1,0,0,-1,201900053145,4,"CARREFOUR DES CASCADES",0,NULL,2,4,0,1,0,100,1,NULL,NULL,1,0,1,50
201900053551,27,10,2019,01:20:00,5,75,75104,2,3,1,3,"QUAI DE L HOTEL DE VILLE","48,8553251","2,3527582",201900053551,138 205 359,A01,2,1,0,2,1,15,5,NULL,201900053551,138 205 356,B01,1,1,1,1,1985,1,1,0,-1,0,0,-1,201900053551,4,"QUAI DE L HOTEL DE VILLE",0,NULL,2,2,0,1,0,0,1,NULL,NULL,1,0,1,50
201900053551,27,10,2019,01:20:00,5,75,75104,2,3,1,3,"QUAI DE L HOTEL DE VILLE","48,8553251","2,3527582",201900053551,138 205 359,A01,2,1,0,2,1,15,5,NULL,201900053551,138 205 359,A01,1,1,4,1,1987,9,8,0,-1,0,0,-1,201900053551,4,"QUAI DE L HOTEL DE VILLE",0,NULL,2,2,0,1,0,0,1,NULL,NULL,1,0,1,50
201900056912,13,6,2019,17:45:00,1,75,75112,2,1,3,6,"BOULEVARD SOULT","48,8428180","2,4099970",201900056912,138 199 143,Z01,0,1,0,2,0,17,5,NULL,201900056912,138 199 142,A01,1,1,4,1,1995,1,8,0,-1,0,0,-1,201900056912,4,"BOULEVARD SOULT",0,NULL,1,2,1,1,0,0,1,NULL,NULL,2,0,5,50
201900056912,13,6,2019,17:45:00,1,75,75112,2,1,3,6,"BOULEVARD SOULT","48,8428180","2,4099970",201900056912,138 199 142,A01,0,1,0,2,8,1,5,NULL,201900056912,138 199 142,A01,1,1,4,1,1995,1,8,0,-1,0,0,-1,201900056912,4,"BOULEVARD SOULT",0,NULL,1,2,1,1,0,0,1,NULL,NULL,2,0,5,50
201900008889,8,7,2019,16:40:00,1,30,30032,2,1,1,1,"AV DES CHARMILLES","43,8180065","4,6158189",201900008889,138 289 880,A01,3,1,0,2,1,5,5,NULL,201900008889,138 289 880,A01,1,1,3,1,2004,5,8,0,-1,-1," -1",-1,201900008889,4,"AV DES CHARMILLES",0,NULL,2,2,0,2,0,0,2,NULL,NULL,1,0,1,50
201900008889,8,7,2019,16:40:00,1,30,30032,2,1,1,1,"AV DES CHARMILLES","43,8180065","4,6158189",201900008889,138 289 880,A01,3,1,0,2,1,5,5,NULL,201900008889,138 289 881,B01,2,2,4,2,1990,5,1,0,-1,-1," -1",-1,201900008889,4,"AV DES CHARMILLES",0,NULL,2,2,0,2,0,0,2,NULL,NULL,1,0,1,50
201900008889,8,7,2019,16:40:00,1,30,30032,2,1,1,1,"AV DES CHARMILLES","43,8180065","4,6158189",201900008889,138 289 880,A01,3,1,0,2,1,5,5,NULL,201900008889,138 289 881,B01,1,1,1,2,2000,5,1,0,-1,-1," -1",-1,201900008889,4,"AV DES CHARMILLES",0,NULL,2,2,0,2,0,0,2,NULL,NULL,1,0,1,50
201900009881,10,2,2019,19:30:00,3,987,98722,2,1,1,3,"PK 25"," -17,5668330"," -149,3290090",201900009881,138 288 064,A01,2,1,0,2,0,13,5,NULL,201900009881,138 288 064,A01,1,1,3,1,1996,5,0,-1,-1,0,0,-1,201900009881,2,2,NULL,NULL,2,2,0,1,25,(1),1,NULL,NULL,1,2,1,60
201900009881,10,2,2019,19:30:00,3,987,98722,2,1,1,3,"PK 25"," -17,5668330"," -149,3290090",201900009881,138 288 064,A01,2,1,0,2,0,13,5,NULL,201900009881,138 288 065,B01,1,1,1,1,1995,5,1,-1,-1,0,0,-1,201900009881,2,2,NULL,NULL,2,2,0,1,25,(1),1,NULL,NULL,1,2,1,60
201900010866,5,7,2019,23:45:00,5,75,75113,2,4,1,3,"BOULEVARD MASSENA","48,8226700","2,3728430",201900010866,138 286 291,B01,2,1,0,2,1,1,5,NULL,201900010866,138 286 290,A01,1,1,1,1,1951,5,1,0,-1,0,0,-1,201900010866,4,"BOULEVARD MASSENA",0,NULL,2,6,0,2,0,0,1,NULL,NULL,1,0,1,50
201900010866,5,7,2019,23:45:00,5,75,75113,2,4,1,3,"BOULEVARD MASSENA","48,8226700","2,3728430",201900010866,138 286 291,B01,2,1,0,2,1,1,5,NULL,201900010866,138 286 291,B01,1,1,4,1,1997,5,2,0,-1,0,0,-1,201900010866,4,"BOULEVARD MASSENA",0,NULL,2,6,0,2,0,0,1,NULL,NULL,1,0,1,50
201900014234,6,8,2019,16:30:00,1,75,75119,2,7,3,3,"AVENUE DE LA PORTE DES LILAS","48,8777771","2,4081677",201900014234,138 279 941,B01,2,1,0,2,7,19,5,NULL,201900014234,138 279 940,A01,1,1,1,1,1965,4,1,0,-1,0,0,-1,201900014234,4,"AVENUE DE LA PORTE DES LILAS",0,NULL,2,2,0,1,0,0,1,NULL,NULL,2,5,1,50
201900014234,6,8,2019,16:30:00,1,75,75119,2,7,3,3,"AVENUE DE LA PORTE DES LILAS","48,8777771","2,4081677",201900014234,138 279 941,B01,2,1,0,2,7,19,5,NULL,201900014234,138 279 941,B01,1,1,4,1,1971,5,2,8,-1,0,0,-1,201900014234,4,"AVENUE DE LA PORTE DES LILAS",0,NULL,2,2,0,1,0,0,1,NULL,NULL,2,5,1,50
201900014443,6,7,2019,09:36:00,1,33,33227,2,1,1,3,"RD932E2 : Boulevard Pierre Lagorce","44,5439800"," -0,2577000",201900014443,138 279 485,B01,2,1,0,2,2,19,5,NULL,201900014443,138 279 484,A01,1,1,1,1,1941,5,1,-1,-1,0,0,-1,201900014443,3,932E2,2,E,2,5,2,1,1,440,1,NULL,NULL,1,0,1,50
201900014443,6,7,2019,09:36:00,1,33,33227,2,1,1,3,"RD932E2 : Boulevard Pierre Lagorce","44,5439800"," -0,2577000",201900014443,138 279 485,B01,2,1,0,2,2,19,5,NULL,201900014443,138 279 485,B01,1,1,3,1,1964,5,0,-1,-1,0,0,-1,201900014443,3,932E2,2,E,2,5,2,1,1,440,1,NULL,NULL,1,0,1,50
201900015292,12,9,2019,07:51:00,1,67,67482,2,1,1,2,"SCHIRMECK (ROUTE DE)","48,5737750","7,7225260",201900015292,138 277 871,B01,2,1,0,2,0,0,5,NULL,201900015292,138 277 871,B01,1,1,4,1,2004,0,8,0,-1,-1,0,-1,201900015292,4,"SCHIRMECK (ROUTE DE)",0,NULL,1,1,0,1,0,0,3,NULL,NULL,1,0,1,50
201900015292,12,9,2019,07:51:00,1,67,67482,2,1,1,2,"SCHIRMECK (ROUTE DE)","48,5737750","7,7225260",201900015292,138 277 871,B01,2,1,0,2,0,0,5,NULL,201900015292,138 277 872,A01,1,1,1,1,1963,0,1,8,-1,-1,0,-1,201900015292,4,"SCHIRMECK (ROUTE DE)",0,NULL,1,1,0,1,0,0,3,NULL,NULL,1,0,1,50
201900015293,12,9,2019,11:40:00,1,64,64132,2,1,1,6,"GEORGES CLEMENCEAU","43,2913900"," -0,3578500",201900015293,138 277 869,B01,2,1,1,0,0,13,5,NULL,201900015293,138 277 869,B01,1,1,4,1,2000,1,8,0,-1,0,0,-1,201900015293,4,"GEORGES CLEMENCEAU",0,NULL,2,0,0,1,0,0,1,NULL,NULL,1,0,1,50