Num_Acc,jour,mois,an,hrmn,lum,dep,com,agg,int,atm,col,adr,lat,long,Num_Acc,id_vehicule,num_veh,senc,catv,obs,obsm,choc,manv,motor,occutc,Num_Acc,id_vehicule,num_veh,place,catu,grav,sexe,an_nais,trajet,secu1,secu2,secu3,locp,actp,etatp,Num_Acc,catr,voie,v1,v2,circ,nbv,vosp,prof,pr,pr1,plan,lartpc,larrout,surf,infra,situ,vma
201900015293,12,9,2019,11:40:00,1,64,64132,2,1,1,6,"GEORGES CLEMENCEAU","43,2913900"," -0,3578500",201900015293,138 277 869,B01,2,1,1,0,0,13,5,NULL,201900015293,138 277 870,A01,1,1,1,2,1965,1,8,0,-1,-1," -1",-1,201900015293,4,"GEORGES CLEMENCEAU",0,NULL,2,0,0,1,0,0,1,NULL,NULL,1,0,1,50
201900018987,11,9,2019,16:16:00,1,75,75119,2,2,1,3,"RUE D AUBERVILLIERS","48,8855430","2,3658050",201900018987,138 270 960,B01,1,1,0,2,1,1,5,NULL,201900018987,138 270 959,A01,1,1,1,1,1946,5,1,0,-1,0,0,-1,201900018987,4,"RUE D AUBERVILLIERS",0,NULL,2,2,1,1,0,0,1,NULL,NULL,1,0,5,30
201900018987,11,9,2019,16:16:00,1,75,75119,2,2,1,3,"RUE D AUBERVILLIERS","48,8855430","2,3658050",201900018987,138 270 960,B01,1,1,0,2,1,1,5,NULL,201900018987,138 270 960,B01,1,1,4,1,1997,5,2,0,-1,0,0,-1,201900018987,4,"RUE D AUBERVILLIERS",0,NULL,2,2,1,1,0,0,1,NULL,NULL,1,0,5,30
201900019619,29,6,2019,09:00:00,1,68,68384,2,1,1,7,"Chm de Galgen","47,6705370","7,3181470",201900019619,138 269 756,A01,3,1,0,0,0,1,5,NULL,201900019619,138 269 756,A01,1,1,3,1,2001,5,2,-1,-1,0,0,-1,201900019619,9,NULL,NULL,NULL,-1,1,0,2,0,0,1,NULL,NULL,1,0,8,50
201900021601,28,7,2019,19:00:00,1,66,66171,2,1,1,3,"cami de la mar","42,6183050","3,0177730",201900021601,138 265 999,B01,3,1,0,2,1,26,5,NULL,201900021601,138 265 998,A01,1,1,1,1,1954,5,1,-1,-1,0,0,-1,201900021601,4,rue,0,NULL,3,2,2,1,(1),(1),1,NULL,NULL,1,0,5,50
201900021601,28,7,2019,19:00:00,1,66,66171,2,1,1,3,"cami de la mar","42,6183050","3,0177730",201900021601,138 265 999,B01,3,1,0,2,1,26,5,NULL,201900021601,138 265 999,B01,1,1,4,1,1996,1,0,-1,-1,0,0,-1,201900021601,4,rue,0,NULL,3,2,2,1,(1),(1),1,NULL,NULL,1,0,5,50
201900021793,21,5,2019,00:35:00,5,80,80021,2,1,1,3,"R SAINT FUSCIEN","49,8743970","2,3065280",201900021793,138 265 606,B01,0,1,0,2,7,1,5,NULL,201900021793,138 265 606,B01,1,1,4,1,1987,0,2,0,-1,0,0,-1,201900021793,4,"SAINT FUSCIEN (RUE)",0,NULL,2,2,0,2,0,0,1,NULL,NULL,1,0,1,50
201900021793,21,5,2019,00:35:00,5,80,80021,2,1,1,3,"R SAINT FUSCIEN","49,8743970","2,3065280",201900021793,138 265 606,B01,0,1,0,2,7,1,5,NULL,201900021793,138 265 607,A01,1,1,1,1,1996,0,1,0,-1,0,0,-1,201900021793,4,"SAINT FUSCIEN (RUE)",0,NULL,2,2,0,2,0,0,1,NULL,NULL,1,0,1,50
201900022757,9,9,2019,19:30:00,2,35,35051,2,9,3,2,"PARIS (RUE DE)","48,1144100"," -1,6100100",201900022757,138 263 777,B01,3,1,0,0,4,2,5,NULL,201900022757,138 263 776,A01,1,1,1,1,1968,9,1,0,-1,-1,0,-1,201900022757,4,"PARIS (RUE DE)",0,NULL,1,1,0,1,0,0,1,NULL,NULL,2,0,1,50
201900022757,9,9,2019,19:30:00,2,35,35051,2,9,3,2,"PARIS (RUE DE)","48,1144100"," -1,6100100",201900022757,138 263 777,B01,3,1,0,0,4,2,5,NULL,201900022757,138 263 777,B01,1,1,4,1,1980,9,2,8,-1,-1,0,-1,201900022757,4,"PARIS (RUE DE)",0,NULL,1,1,0,1,0,0,1,NULL,NULL,2,0,1,50
201900024629,5,9,2019,23:16:00,5,63,63113,2,1,1,3,"SABLON (COURS)","45,7718400","3,0898900",201900024629,138 260 017,B01,1,1,0,2,1,1,5,NULL,201900024629,138 260 016,A01,1,1,1,2,1999,0,1,0,-1,0,0,-1,201900024629,4,"SABLON (COURS)",0,NULL,1,2,0,1,(1),(1),1,NULL,NULL,1,0,1,50
201900024629,5,9,2019,23:16:00,5,63,63113,2,1,1,3,"SABLON (COURS)","45,7718400","3,0898900",201900024629,138 260 017,B01,1,1,0,2,1,1,5,NULL,201900024629,138 260 017,B01,1,1,4,1,2001,0,2,0,-1,0,0,-1,201900024629,4,"SABLON (COURS)",0,NULL,1,2,0,1,(1),(1),1,NULL,NULL,1,0,1,50
201900024786,13,4,2019,16:10:00,1,31,31555,2,1,1,3,"BD DE L EMBOUCHURE","43,6137000","1,4309400",201900024786,138 259 701,B01,0,1,0,2,9,19,5,NULL,201900024786,138 259 701,B01,1,1,4,2,1993,5,2,0,-1,-1,0,-1,201900024786,4,NULL,0,NULL,1,2,3,1,0,0,1,NULL,NULL,1,0,1,50
201900024786,13,4,2019,16:10:00,1,31,31555,2,1,1,3,"BD DE L EMBOUCHURE","43,6137000","1,4309400",201900024786,138 259 701,B01,0,1,0,2,9,19,5,NULL,201900024786,138 259 702,A01,1,1,1,1,1992,9,1,0,-1,-1,0,-1,201900024786,4,NULL,0,NULL,1,2,3,1,0,0,1,NULL,NULL,1,0,1,50
201900027171,7,3,2019,15:15:00,1,62,62643,2,1,1,1,"BIEZ ( Rue du )","50,7043000","1,5978700",201900027171,138 255 214,B01,0,1,1,2,1,0,0,NULL,201900027171,138 255 214,B01,1,1,3,1,1955,1,2,8,-1,0,0,-1,201900027171,4,"BIEZ ( Rue du )",0,NULL,1,1,0,1,40,0,1,NULL,NULL,1,0,2,50
201900027171,7,3,2019,15:15:00,1,62,62643,2,1,1,1,"BIEZ ( Rue du )","50,7043000","1,5978700",201900027171,138 255 214,B01,0,1,1,2,1,0,0,NULL,201900027171,138 255 215,A01,1,1,1,1,1978,0,1,0,-1,0,0,-1,201900027171,4,"BIEZ ( Rue du )",0,NULL,1,1,0,1,40,0,1,NULL,NULL,1,0,2,50
201900027926,17,1,2019,18:40:00,5,59,59350,2,1,1,3,"ARRAS RUE D","50,6196900","3,0649400",201900027926,138 253 799,B01,1,1,0,2,0,0,0,NULL,201900027926,138 253 799,B01,1,1,3,1,1978,0,2,6,-1,-1,0,-1,201900027926,4,"ARRAS RUE D",0,NULL,2,1,0,1,0,0,1,NULL,NULL,1,0,1,50
201900028259,5,9,2019,13:40:00,1,4,04096,1,1,1,7,"Col de la bonette","44,3791590","6,7819290",201900028259,138 253 210,A01,2,1,0,0,0,1,5,NULL,201900028259,138 253 210,A01,1,1,3,1,1956,5,2,-1,-1,0,0,-1,201900028259,4,"Col de la bonette",0,NULL,2,2,2,2,9,600,1,NULL,NULL,1,0,1,50
201900030581,8,3,2019,08:15:00,1,37,37178,2,1,1,7,"la basse pointe vinière","47,1501700","0,3967830",201900030581,138 248 825,A01,2,1,0,0,0,1,5,NULL,201900030581,138 248 825,A01,1,1,2,2,1949,3,0,-1,-1,0,0,-1,201900030581,4,NULL,NULL,NULL,2,2,0,2,(1),(1),1,NULL,NULL,1,0,1,30
201900030869,27,5,2019,12:00:00,1,34,34172,2,1,1,3,"PAVELET (AVENUE DU COLONEL)","43,5852900","3,8599600",201900030869,138 248 298,A01,0,1,0,2,1,19,5,NULL,201900030869,138 248 298,A01,1,1,4,1,1959,0,8,0,-1,0,0,-1,201900030869,4,"PAVELET (AVENUE DU COLONEL)",0,NULL,2,5,0,1,(1),(1),1,NULL,NULL,1,0,1,50
201900030869,27,5,2019,12:00:00,1,34,34172,2,1,1,3,"PAVELET (AVENUE DU COLONEL)","43,5852900","3,8599600",201900030869,138 248 298,A01,0,1,0,2,1,19,5,NULL,201900030869,138 248 299,B01,1,1,1,1,1996,0,1,0,-1,0,0,-1,201900030869,4,"PAVELET (AVENUE DU COLONEL)",0,NULL,2,5,0,1,(1),(1),1,NULL,NULL,1,0,1,50
201900031963,2,9,2019,22:10:00,5,974,97411,2,6,1,3,"JAURES (BLD 2 JEAN)"," -20,8977900","55,4755000",201900031963,138 246 275,B01,3,1,0,2,7,19,5,NULL,201900031963,138 246 275,B01,1,1,4,1,1977,5,8,0,-1,-1," -1",-1,201900031963,2,6,0,NULL,3,2,0,1,0,0,1,NULL,NULL,1,9,1,70
201900031963,2,9,2019,22:10:00,5,974,97411,2,6,1,3,"JAURES (BLD 2 JEAN)"," -20,8977900","55,4755000",201900031963,138 246 275,B01,3,1,0,2,7,19,5,NULL,201900031963,138 246 276,A01,1,1,1,1,1985,5,1,0,-1,-1,0,-1,201900031963,2,6,0,NULL,3,2,0,1,0,0,1,NULL,NULL,1,9,1,70
201900034276,24,7,2019,10:20:00,1,75,75109,2,7,1,3,"PLACE KOSSUTH","48,8760420","2,3402080",201900034276,138 241 758,A01,2,1,0,2,1,1,5,NULL,201900034276,138 241 758,A01,1,1,4,1,1968,9,2,0,-1,0,0,-1,201900034276,4,"PLACE KOSSUTH",0,NULL,1,2,0,1,0,0,1,NULL,NULL,1,0,1,50
201900034276,24,7,2019,10:20:00,1,75,75109,2,7,1,3,"PLACE KOSSUTH","48,8760420","2,3402080",201900034276,138 241 758,A01,2,1,0,2,1,1,5,NULL,201900034276,138 241 759,B01,1,1,1,1,1964,9,1,0,-1,0,0,-1,201900034276,4,"PLACE KOSSUTH",0,NULL,1,2,0,1,0,0,1,NULL,NULL,1,0,1,50
201900038937,17,1,2019,10:20:00,1,92,92012,2,2,1,3,"REPUBLIQUE (BOULEVARD DE LA) 5/77BIS - 6","48,8320700","2,2530400",201900038937,138 232 887,B01,1,1,0,2,3,16,5,NULL,201900038937,138 232 887,B01,2,1,4,1,1978,1,8,0,-1,-1,0,-1,201900038937,3,50,0,NULL,2,1,0,1,0,0,1,NULL,NULL,1,0,1,50
201900038937,17,1,2019,10:20:00,1,92,92012,2,2,1,3,"REPUBLIQUE (BOULEVARD DE LA) 5/77BIS - 6","48,8320700","2,2530400",201900038937,138 232 887,B01,1,1,0,2,3,16,5,NULL,201900038937,138 232 888,A01,1,1,1,1,1987,1,1,8,-1,-1,0,-1,201900038937,3,50,0,NULL,2,1,0,1,0,0,1,NULL,NULL,1,0,1,50
201900041427,4,4,2019,14:45:00,1,33,33250,1,3,2,6,"intersection D21et D129","44,6136800"," -0,0275300",201900041427,138 228 298,C01,2,1,0,2,2,15,5,NULL,201900041427,138 228 297,B01,1,1,3,1,1955,5,2,-1,-1,0,0,-1,201900041427,3,129,0,NULL,2,2,0,1,14,510,1,NULL,NULL,2,0,1,80
201900041427,4,4,2019,14:45:00,1,33,33250,1,3,2,6,"intersection D21et D129","44,6136800"," -0,0275300",201900041427,138 228 297,B01,2,1,0,2,2,15,5,NULL,201900041427,138 228 297,B01,1,1,3,1,1955,5,2,-1,-1,0,0,-1,201900041427,3,129,0,NULL,2,2,0,1,14,510,1,NULL,NULL,2,0,1,80
201900041427,4,4,2019,14:45:00,1,33,33250,1,3,2,6,"intersection D21et D129","44,6136800"," -0,0275300",201900041427,138 228 298,C01,2,1,0,2,2,15,5,NULL,201900041427,138 228 298,C01,1,1,4,1,1955,5,2,-1,-1,0,0,-1,201900041427,3,129,0,NULL,2,2,0,1,14,510,1,NULL,NULL,2,0,1,80
201900041427,4,4,2019,14:45:00,1,33,33250,1,3,2,6,"intersection D21et D129","44,6136800"," -0,0275300",201900041427,138 228 297,B01,2,1,0,2,2,15,5,NULL,201900041427,138 228 298,C01,1,1,4,1,1955,5,2,-1,-1,0,0,-1,201900041427,3,129,0,NULL,2,2,0,1,14,510,1,NULL,NULL,2,0,1,80
201900041427,4,4,2019,14:45:00,1,33,33250,1,3,2,6,"intersection D21et D129","44,6136800"," -0,0275300",201900041427,138 228 298,C01,2,1,0,2,2,15,5,NULL,201900041427,138 228 299,A01,1,1,1,1,1996,4,1,-1,-1,0,0,-1,201900041427,3,129,0,NULL,2,2,0,1,14,510,1,NULL,NULL,2,0,1,80
201900041427,4,4,2019,14:45:00,1,33,33250,1,3,2,6,"intersection D21et D129","44,6136800"," -0,0275300",201900041427,138 228 297,B01,2,1,0,2,2,15,5,NULL,201900041427,138 228 299,A01,1,1,1,1,1996,4,1,-1,-1,0,0,-1,201900041427,3,129,0,NULL,2,2,0,1,14,510,1,NULL,NULL,2,0,1,80
201900041669,18,7,2019,02:45:00,3,22,22259,1,1,1,1,"Rue des Frères l'Hermitte","48,4736250"," -2,0878150",201900041669,138 227 858,B01,3,1,0,2,1,1,5,NULL,201900041669,138 227 858,B01,1,1,3,1,1998,5,0,-1,-1,0,0,-1,201900041669,4,NULL,NULL,NULL,2,2,0,2,(1),(1),1,NULL,NULL,1,0,1,80
201900041772,16,11,2019,18:00:00,1,974,97407,2,1,1,7,"SACRE COEUR (RD POINT) -RIV. DES GALETS "," -20,9567300","55,3134600",201900041772,138 227 658,A01,1,1,0,0,0,25,5,NULL,201900041772,138 227 658,A01,1,1,4,1,1957,5,8,0,-1,-1," -1",-1,201900041772,2,1,0,E,2,2,1,1,0,0,1,NULL,NULL,1,0,4,50
201900042774,14,1,2019,13:40:00,1,37,37261,2,2,1,3,"CHOISEUL (PLACE)","47,4015800","0,6683800",201900042774,138 225 698,A01,2,1,0,2,1,25,5,NULL,201900042774,138 225 698,A01,1,1,4,1,1976,5,8,0,-1,0,0,-1,201900042774,4,"CHOISEUL (PLACE)",0,NULL,1,1,0,1,0,0,1,NULL,NULL,1,5,1,50
201900042774,14,1,2019,13:40:00,1,37,37261,2,2,1,3,"CHOISEUL (PLACE)","47,4015800","0,6683800",201900042774,138 225 698,A01,2,1,0,2,1,25,5,NULL,201900042774,138 225 700,B01,1,1,1,2,2000,5,1,8,-1,0,0,-1,201900042774,4,"CHOISEUL (PLACE)",0,NULL,1,1,0,1,0,0,1,NULL,NULL,1,5,1,50
201900044389,23,2,2019,17:50:00,1,75,75115,2,2,1,3,"RUE DE LA CONVENTION","48,8367550","2,2980600",201900044389,138 222 664,B01,2,1,0,2,2,1,5,NULL,201900044389,138 222 664,B01,1,1,4,1,1968,9,2,0,-1,0,0,-1,201900044389,4,"RUE DE LA CONVENTION",0,NULL,2,2,0,1,0,0,1,NULL,NULL,1,0,1,50
201900044389,23,2,2019,17:50:00,1,75,75115,2,2,1,3,"RUE DE LA CONVENTION","48,8367550","2,2980600",201900044389,138 222 664,B01,2,1,0,2,2,1,5,NULL,201900044389,138 222 666,A01,1,1,1,1,1966,0,1,0,-1,0,0,-1,201900044389,4,"RUE DE LA CONVENTION",0,NULL,2,2,0,1,0,0,1,NULL,NULL,1,0,1,50
201900045290,16,7,2019,11:45:00,1,67,67539,1,9,1,2,"D58 - Roue de Krautwiller","48,7212780","7,6353440",201900045290,138 220 922,A01,3,1,0,2,8,23,0,NULL,201900045290,138 220 921,B01,1,1,1,1,2001,5,1,-1,-1,0,0,-1,201900045290,3,58,NULL,NULL,2,2,1,2,8,650,1,NULL,NULL,1,2,6,80
201900045290,16,7,2019,11:45:00,1,67,67539,1,9,1,2,"D58 - Roue de Krautwiller","48,7212780","7,6353440",201900045290,138 220 922,A01,3,1,0,2,8,23,0,NULL,201900045290,138 220 922,A01,1,1,3,1,1965,5,2,-1,-1,0,0,-1,201900045290,3,58,NULL,NULL,2,2,1,2,8,650,1,NULL,NULL,1,2,6,80
201900046640,25,8,2019,20:20:00,1,93,93066,2,1,1,1,"FRANCE ANATOLE (BOULEVARD) NR AUTRES","48,9251600","2,3500500",201900046640,138 218 301,B01,2,1,0,2,1,5,5,NULL,201900046640,138 218 301,B01,1,1,4,1,2005,0,8,0,-1,-1," -1",-1,201900046640,3,941,0,NULL,3,4,0,2,0,0,1,NULL,NULL,1,0,1,50
201900046640,25,8,2019,20:20:00,1,93,93066,2,1,1,1,"FRANCE ANATOLE (BOULEVARD) NR AUTRES","48,9251600","2,3500500",201900046640,138 218 301,B01,2,1,0,2,1,5,5,NULL,201900046640,138 218 302,A01,1,1,1,1,1958,1,1,0,-1,-1," -1",-1,201900046640,3,941,0,NULL,3,4,0,2,0,0,1,NULL,NULL,1,0,1,50
201900048481,22,8,2019,08:40:00,1,37,37261,2,9,1,1,"MONTJOYEUX (AVENUE)","47,3634000","0,7012000",201900048481,138 214 905,A01,3,1,0,2,1,0,5,NULL,201900048481,138 214 904,B01,1,1,4,1,1990,9,8,0,-1,-1,0,-1,201900048481,9,"MONTJOYEUX (AVENUE)",0,NULL,2,0,1,2,1,0,3,NULL,NULL,1,0,1,30
201900048481,22,8,2019,08:40:00,1,37,37261,2,9,1,1,"MONTJOYEUX (AVENUE)","47,3634000","0,7012000",201900048481,138 214 904,B01,1,1,0,2,0,26,5,NULL,201900048481,138 214 904,B01,1,1,4,1,1990,9,8,0,-1,-1,0,-1,201900048481,9,"MONTJOYEUX (AVENUE)",0,NULL,2,0,1,2,1,0,3,NULL,NULL,1,0,1,30
201900048481,22,8,2019,08:40:00,1,37,37261,2,9,1,1,"MONTJOYEUX (AVENUE)","47,3634000","0,7012000",201900048481,138 214 905,A01,3,1,0,2,1,0,5,NULL,201900048481,138 214 905,A01,1,1,4,1,2000,0,2,8,-1,-1,0,-1,201900048481,9,"MONTJOYEUX (AVENUE)",0,NULL,2,0,1,2,1,0,3,NULL,NULL,1,0,1,30
201900048481,22,8,2019,08:40:00,1,37,37261,2,9,1,1,"MONTJOYEUX (AVENUE)","47,3634000","0,7012000",201900048481,138 214 904,B01,1,1,0,2,0,26,5,NULL,201900048481,138 214 905,A01,1,1,4,1,2000,0,2,8,-1,-1,0,-1,201900048481,9,"MONTJOYEUX (AVENUE)",0,NULL,2,0,1,2,1,0,3,NULL,NULL,1,0,1,30
201900049162,18,5,2019,10:30:00,1,63,63089,1,1,2,6,"D51 - route de Chavaroux","45,8606980","3,2371130",201900049162,138 213 664,A01,1,1,0,9,8,1,6,NULL,201900049162,138 213 663,B01,1,1,1,1,1963,5,2,-1,-1,0,0,-1,201900049162,3,51,NULL,NULL,2,2,0,2,4,200,1,NULL,NULL,2,0,1,80
201900049162,18,5,2019,10:30:00,1,63,63089,1,1,2,6,"D51 - route de Chavaroux","45,8606980","3,2371130",201900049162,138 213 663,B01,1,1,0,0,0,1,6,NULL,201900049162,138 213 663,B01,1,1,1,1,1963,5,2,-1,-1,0,0,-1,201900049162,3,51,NULL,NULL,2,2,0,2,4,200,1,NULL,NULL,2,0,1,80
201900049162,18,5,2019,10:30:00,1,63,63089,1,1,2,6,"D51 - route de Chavaroux","45,8606980","3,2371130",201900049162,138 213 664,A01,1,1,0,9,8,1,6,NULL,201900049162,138 213 664,A01,1,1,3,1,1973,5,2,-1,-1,0,0,-1,201900049162,3,51,NULL,NULL,2,2,0,2,4,200,1,NULL,NULL,2,0,1,80
201900049162,18,5,2019,10:30:00,1,63,63089,1,1,2,6,"D51 - route de Chavaroux","45,8606980","3,2371130",201900049162,138 213 663,B01,1,1,0,0,0,1,6,NULL,201900049162,138 213 664,A01,1,1,3,1,1973,5,2,-1,-1,0,0,-1,201900049162,3,51,NULL,NULL,2,2,0,2,4,200,1,NULL,NULL,2,0,1,80
201900049565,22,2,2019,17:30:00,1,974,97403,2,1,1,6,"rue hubert delisle"," -21,2495630","55,4707640",201900049565,138 212 923,A01,1,1,0,1,1,1,5,NULL,201900049565,138 212 923,A01,1,1,1,1,2002,5,0,-1,-1,0,0,-1,201900049565,9,NULL,NULL,NULL,2,2,0,1,10,70,2,NULL,NULL,2,0,1,30
201900049565,22,2,2019,17:30:00,1,974,97403,2,1,1,6,"rue hubert delisle"," -21,2495630","55,4707640",201900049565,138 212 923,A01,1,1,0,1,1,1,5,NULL,201900049565,138 212 923,A01,10,3,2,1,1935,5,0,-1,-1,3,3,1,201900049565,9,NULL,NULL,NULL,2,2,0,1,10,70,2,NULL,NULL,2,0,1,30
201900052460,30,3,2019,14:04:00,1,94,94043,2,1,1,6,"PROFESSEUR BERGONIE (R DU)","48,8042800","2,3459900",201900052460,138 207 423,A01,0,1,0,1,1,0,5,NULL,201900052460,138 207 423,A01,10,3,3,2,2015,0,8,0,-1,5,1,2,201900052460,5,"PROFESSEUR BERGONIE (R DU)",0,NULL,-1,0,0,1,0,0,1,NULL,NULL,1,6,1,5
201900052460,30,3,2019,14:04:00,1,94,94043,2,1,1,6,"PROFESSEUR BERGONIE (R DU)","48,8042800","2,3459900",201900052460,138 207 423,A01,0,1,0,1,1,0,5,NULL,201900052460,138 207 423,A01,1,1,1,1,2006,5,8,0,-1,-1," -1",-1,201900052460,5,"PROFESSEUR BERGONIE (R DU)",0,NULL,-1,0,0,1,0,0,1,NULL,NULL,1,6,1,5
201900052470,12,7,2019,07:50:00,1,51,51454,2,6,1,3,"RUE DU GENERAL KOENIG","49,2266600","4,0252300",201900052470,138 207 405,B01,0,1,0,2,0,0,5,NULL,201900052470,138 207 401,A01,1,1,1,2,1974,0,1,0,-1,-1,0,-1,201900052470,4,"RUE DU GENERAL KOENIG",0,NULL,2,2,1,1,0,0,2,NULL,NULL,1,0,1,50
201900052470,12,7,2019,07:50:00,1,51,51454,2,6,1,3,"RUE DU GENERAL KOENIG","49,2266600","4,0252300",201900052470,138 207 405,B01,0,1,0,2,0,0,5,NULL,201900052470,138 207 405,B01,1,1,4,1,1970,0,8,0,-1,-1,0,-1,201900052470,4,"RUE DU GENERAL KOENIG",0,NULL,2,2,1,1,0,0,2,NULL,NULL,1,0,1,50
201900054727,3,12,2019,08:30:00,1,75,75112,2,1,1,6,"RUE VILLIOT","48,8419090","2,3759540",201900054727,138 203 204,A01,2,1,0,2,8,1,5,NULL,201900054727,138 203 204,A01,1,1,4,2,1969,1,8,2,-1,0,0,-1,201900054727,4,"RUE VILLIOT",0,NULL,2,2,0,1,31,0,1,NULL,NULL,1,0,1,50
201900056602,2,12,2019,15:29:00,1,88,88196,2,2,1,3,"28 Boulevard de la Jamagne","48,0759050","6,8763990",201900056602,138 199 714,B01,1,1,0,2,1,1,5,NULL,201900056602,138 199 714,B01,1,1,4,1,1980,0,0,-1,-1,0,0,-1,201900056602,3,417,0,D,2,2,2,1,31,(1),1,NULL,NULL,1,0,5,50
201900056602,2,12,2019,15:29:00,1,88,88196,2,2,1,3,"28 Boulevard de la Jamagne","48,0759050","6,8763990",201900056602,138 199 714,B01,1,1,0,2,1,1,5,NULL,201900056602,138 199 716,A01,1,1,1,2,1955,5,1,-1,-1,0,0,-1,201900056602,3,417,0,D,2,2,2,1,31,(1),1,NULL,NULL,1,0,5,50
201900058461,16,8,2019,09:40:00,1,71,71153,2,6,1,3,"RD 984 - RD 28 - ABATTOIRS (boulevard des)","46,7856194","4,4364605",201900058461,138 196 313,B01,1,1,0,2,7,0,0,NULL,201900058461,138 196 313,B01,1,1,2,1,1937,0,2,0,-1,0,0,-1,201900058461,3,984,0,NULL,-1,2,0,1,4,780,3,NULL,NULL,1,0,1,50
201900058461,16,8,2019,09:40:00,1,71,71153,2,6,1,3,"RD 984 - RD 28 - ABATTOIRS (boulevard des)","46,7856194","4,4364605",201900058461,138 196 313,B01,1,1,0,2,7,0,0,NULL,201900058461,138 196 314,A01,1,1,1,1,1956,0,1,0,-1,0,0,-1,201900058461,3,984,0,NULL,-1,2,0,1,4,780,3,NULL,NULL,1,0,1,50
201900010314,5,6,2019,08:45:00,1,34,34143,1,3,7,2,"Route de Villeveyrac","43,4568948","3,6105155",201900010314,138 287 268,B01,3,1,0,2,4,15,5,NULL,201900010314,138 287 266,A01,1,1,3,1,1999,9,2,-1,-1,0,0,-1,201900010314,3,158,0,E,2,2,0,2,(1),(1),1,NULL,NULL,1,9,1,70
201900010314,5,6,2019,08:45:00,1,34,34143,1,3,7,2,"Route de Villeveyrac","43,4568948","3,6105155",201900010314,138 287 268,B01,3,1,0,2,4,15,5,NULL,201900010314,138 287 268,B01,1,1,3,1,1948,5,2,-1,-1,0,0,-1,201900010314,3,158,0,E,2,2,0,2,(1),(1),1,NULL,NULL,1,9,1,70
201900012354,2,8,2019,22:25:00,5,91,91659,2,1,1,3,"4 avenue de la gare","48,5919720","2,4567040",201900012354,138 283 505,B01,1,1,0,2,8,13,5,NULL,201900012354,138 283 505,B01,1,1,4,1,2006,5,0,-1,-1,0,0,-1,201900012354,4,"de la gare (avenue)",NULL,NULL,2,2,0,4,(1),(1),1,NULL,NULL,1,0,1,50
201900012354,2,8,2019,22:25:00,5,91,91659,2,1,1,3,"4 avenue de la gare","48,5919720","2,4567040",201900012354,138 283 505,B01,1,1,0,2,8,13,5,NULL,201900012354,138 283 506,A01,1,1,1,1,2000,5,1,-1,-1,0,0,-1,201900012354,4,"de la gare (avenue)",NULL,NULL,2,2,0,4,(1),(1),1,NULL,NULL,1,0,1,50
201900014188,5,8,2019,23:00:00,5,27,27681,2,1,1,6,"PETIT VAL (CHEMIN DU)","49,0759800","1,5077380",201900014188,138 280 030,A01,3,1,6,0,2,26,6,NULL,201900014188,138 280 030,A01,1,1,3,1,1983,0,8,0,-1,0,0,-1,201900014188,4,"PETIT VAL (CHEMIN DU)",0,NULL,-1,1,0,2,1,0,1,NULL,NULL,1,0,1,30
201900016106,2,7,2019,09:40:00,1,92,92020,2,9,1,3,"CHARTRES RUE DE","48,7984700","2,2944800",201900016106,138 276 429,B01,3,1,0,2,8,1,0,NULL,201900016106,138 276 429,B01,1,1,4,1,1958,1,8,0,-1,-1,0,-1,201900016106,4,"CHARTRES RUE DE",0,NULL,2,2,0,1,0,1,2,NULL,NULL,1,8,1,50
201900017162,12,9,2019,17:15:00,1,68,68384,2,2,7,3,"1 Rue de Flaxlanden","47,6981600","7,3054760",201900017162,138 274 335,B01,1,1,0,0,8,19,5,NULL,201900017162,138 274 334,A01,1,1,1,1,1991,3,1,-1,-1,0,0,-1,201900017162,3,432,0,NULL,2,2,2,1,6,283,1,NULL,NULL,1,0,5,50
201900017162,12,9,2019,17:15:00,1,68,68384,2,2,7,3,"1 Rue de Flaxlanden","47,6981600","7,3054760",201900017162,138 274 335,B01,1,1,0,0,8,19,5,NULL,201900017162,138 274 335,B01,1,1,4,1,2009,2,2,-1,-1,0,0,-1,201900017162,3,432,0,NULL,2,2,2,1,6,283,1,NULL,NULL,1,0,5,50
201900017235,11,9,2019,18:55:00,1,69,69387,2,9,1,3,"VIVIER (DU)                         (R )","45,7416400","4,8482300",201900017235,138 274 196,A01,1,1,0,2,1,19,0,NULL,201900017235,138 274 196,A01,1,1,4,2,1990,0,8,0,-1,-1,0,-1,201900017235,4,"VIVIER (DU)                         (R )",0,NULL,1,2,0,1,1,0,1,NULL,NULL,1,0,1,50
201900017235,11,9,2019,18:55:00,1,69,69387,2,9,1,3,"VIVIER (DU)                         (R )","45,7416400","4,8482300",201900017235,138 274 196,A01,1,1,0,2,1,19,0,NULL,201900017235,138 274 197,B01,1,1,1,1,1981,0,8,0,-1,-1,0,-1,201900017235,4,"VIVIER (DU)                         (R )",0,NULL,1,2,0,1,1,0,1,NULL,NULL,1,0,1,50