Num_Acc,jour,mois,an,hrmn,lum,dep,com,agg,int,atm,col,adr,lat,long,Num_Acc,id_vehicule,num_veh,senc,catv,obs,obsm,choc,manv,motor,occutc,Num_Acc,id_vehicule,num_veh,place,catu,grav,sexe,an_nais,trajet,secu1,secu2,secu3,locp,actp,etatp,Num_Acc,catr,voie,v1,v2,circ,nbv,vosp,prof,pr,pr1,plan,lartpc,larrout,surf,infra,situ,vma
201900017235,11,9,2019,18:55:00,1,69,69387,2,9,1,3,"VIVIER (DU)                         (R )","45,7416400","4,8482300",201900017235,138 274 196,A01,1,1,0,2,1,19,0,NULL,201900017235,138 274 197,B01,6,2,4,2,1932,0,8,0,-1,-1,0,-1,201900017235,4,"VIVIER (DU)                         (R )",0,NULL,1,2,0,1,1,0,1,NULL,NULL,1,0,1,50
201900017235,11,9,2019,18:55:00,1,69,69387,2,9,1,3,"VIVIER (DU)                         (R )","45,7416400","4,8482300",201900017235,138 274 196,A01,1,1,0,2,1,19,0,NULL,201900017235,138 274 197,B01,2,2,4,1,1997,0,8,0,-1,-1,0,-1,201900017235,4,"VIVIER (DU)                         (R )",0,NULL,1,2,0,1,1,0,1,NULL,NULL,1,0,1,50
201900020443,25,12,2019,19:21:00,5,30,30189,2,9,1,7,"CARREAU DE LANES (CHEMIN)","43,8201900","4,3202800",201900020443,138 268 173,A01,3,1,2,0,2,14,2,NULL,201900020443,138 268 173,A01,1,1,2,1,1964,5,8,0,-1,-1," -1",-1,201900020443,7,"CARREAU DE LANES (CHEMIN)",0,NULL,-1,1,0,2,0,0,2,NULL,NULL,1,9,1,50
201900021412,1,7,2019,11:10:00,1,3,03082,2,6,1,3,"rue Docteur Ernest Décloux","46,2881777","2,7554356",201900021412,138 266 349,A01,1,1,0,2,3,1,6,NULL,201900021412,138 266 349,A01,1,1,4,1,2001,5,2,6,-1,0,0,-1,201900021412,3,998,0,NULL,2,2,0,1,7,371,3,NULL,NULL,1,5,1,50
201900021412,1,7,2019,11:10:00,1,3,03082,2,6,1,3,"rue Docteur Ernest Décloux","46,2881777","2,7554356",201900021412,138 266 349,A01,1,1,0,2,3,1,6,NULL,201900021412,138 266 350,B01,1,1,1,1,2001,0,8,-1,-1,0,0,-1,201900021412,3,998,0,NULL,2,2,0,1,7,371,3,NULL,NULL,1,5,1,50
201900022101,15,11,2019,20:05:00,5,35,35238,2,2,2,3,"FOUGERES (RUE DE)","48,1222585"," -1,6617858",201900022101,138 264 995,A01,3,1,0,2,5,18,0,NULL,201900022101,138 264 995,A01,1,1,4,1,1994,4,2,0,-1,-1," -1",-1,201900022101,4,"FOUGERES (RUE DE)",0,NULL,2,0,3,1,0,0,1,NULL,NULL,2,9,-1,50
201900022101,15,11,2019,20:05:00,5,35,35238,2,2,2,3,"FOUGERES (RUE DE)","48,1222585"," -1,6617858",201900022101,138 264 995,A01,3,1,0,2,5,18,0,NULL,201900022101,138 264 996,B01,1,1,1,1,1997,4,1,0,-1,-1," -1",-1,201900022101,4,"FOUGERES (RUE DE)",0,NULL,2,0,3,1,0,0,1,NULL,NULL,2,9,-1,50
201900026380,3,9,2019,20:15:00,5,75,75113,2,3,1,3,"RUE AIME MOROT","48,8206261","2,3494568",201900026380,138 256 636,B01,2,1,0,2,1,19,5,NULL,201900026380,138 256 635,A01,1,1,1,1,1968,1,1,0,-1,0,0,-1,201900026380,4,"RUE AIME MOROT",0,NULL,1,1,0,1,0,0,1,NULL,NULL,1,0,1,50
201900026380,3,9,2019,20:15:00,5,75,75113,2,3,1,3,"RUE AIME MOROT","48,8206261","2,3494568",201900026380,138 256 636,B01,2,1,0,2,1,19,5,NULL,201900026380,138 256 636,B01,1,1,4,1,2005,0,2,8,-1,0,0,-1,201900026380,4,"RUE AIME MOROT",0,NULL,1,1,0,1,0,0,1,NULL,NULL,1,0,1,50
201900026405,5,9,2019,21:00:00,5,75,75113,2,4,1,6,"BOULEVARD DE L HOPITAL","48,8398467","2,3616955",201900026405,138 256 598,A01,2,1,0,1,1,7,5,NULL,201900026405,138 256 598,A01,10,3,4,1,1969,5,0,0,0,4,3,1,201900026405,4,"BOULEVARD DE L HOPITAL",0,NULL,2,4,3,2,0,0,1,NULL,NULL,1,0,6,50
201900026405,5,9,2019,21:00:00,5,75,75113,2,4,1,6,"BOULEVARD DE L HOPITAL","48,8398467","2,3616955",201900026405,138 256 598,A01,2,1,0,1,1,7,5,NULL,201900026405,138 256 598,A01,1,1,4,1,1990,5,2,8,-1,0,0,-1,201900026405,4,"BOULEVARD DE L HOPITAL",0,NULL,2,4,3,2,0,0,1,NULL,NULL,1,0,6,50
201900028202,8,9,2019,13:15:00,1,60,60553,1,1,1,5,"RD 36","49,4416030","2,6248380",201900028202,138 253 307,B01,1,1,0,2,1,1,5,NULL,201900028202,138 253 305,D01,1,1,4,1,1952,5,2,-1,-1,0,0,-1,201900028202,3,36,0,NULL,2,2,0,1,16,625,1,NULL,NULL,1,0,1,80
201900028202,8,9,2019,13:15:00,1,60,60553,1,1,1,5,"RD 36","49,4416030","2,6248380",201900028202,138 253 306,C01,1,1,0,2,1,1,5,NULL,201900028202,138 253 305,D01,1,1,4,1,1952,5,2,-1,-1,0,0,-1,201900028202,3,36,0,NULL,2,2,0,1,16,625,1,NULL,NULL,1,0,1,80
201900028202,8,9,2019,13:15:00,1,60,60553,1,1,1,5,"RD 36","49,4416030","2,6248380",201900028202,138 253 305,D01,1,1,0,2,1,1,5,NULL,201900028202,138 253 305,D01,1,1,4,1,1952,5,2,-1,-1,0,0,-1,201900028202,3,36,0,NULL,2,2,0,1,16,625,1,NULL,NULL,1,0,1,80
201900028202,8,9,2019,13:15:00,1,60,60553,1,1,1,5,"RD 36","49,4416030","2,6248380",201900028202,138 253 307,B01,1,1,0,2,1,1,5,NULL,201900028202,138 253 306,C01,1,1,3,1,1955,5,2,-1,-1,0,0,-1,201900028202,3,36,0,NULL,2,2,0,1,16,625,1,NULL,NULL,1,0,1,80
201900028202,8,9,2019,13:15:00,1,60,60553,1,1,1,5,"RD 36","49,4416030","2,6248380",201900028202,138 253 306,C01,1,1,0,2,1,1,5,NULL,201900028202,138 253 306,C01,1,1,3,1,1955,5,2,-1,-1,0,0,-1,201900028202,3,36,0,NULL,2,2,0,1,16,625,1,NULL,NULL,1,0,1,80
201900028202,8,9,2019,13:15:00,1,60,60553,1,1,1,5,"RD 36","49,4416030","2,6248380",201900028202,138 253 305,D01,1,1,0,2,1,1,5,NULL,201900028202,138 253 306,C01,1,1,3,1,1955,5,2,-1,-1,0,0,-1,201900028202,3,36,0,NULL,2,2,0,1,16,625,1,NULL,NULL,1,0,1,80
201900028202,8,9,2019,13:15:00,1,60,60553,1,1,1,5,"RD 36","49,4416030","2,6248380",201900028202,138 253 307,B01,1,1,0,2,1,1,5,NULL,201900028202,138 253 307,B01,1,1,2,1,1963,5,2,-1,-1,0,0,-1,201900028202,3,36,0,NULL,2,2,0,1,16,625,1,NULL,NULL,1,0,1,80
201900028202,8,9,2019,13:15:00,1,60,60553,1,1,1,5,"RD 36","49,4416030","2,6248380",201900028202,138 253 306,C01,1,1,0,2,1,1,5,NULL,201900028202,138 253 307,B01,1,1,2,1,1963,5,2,-1,-1,0,0,-1,201900028202,3,36,0,NULL,2,2,0,1,16,625,1,NULL,NULL,1,0,1,80
201900028202,8,9,2019,13:15:00,1,60,60553,1,1,1,5,"RD 36","49,4416030","2,6248380",201900028202,138 253 305,D01,1,1,0,2,1,1,5,NULL,201900028202,138 253 307,B01,1,1,2,1,1963,5,2,-1,-1,0,0,-1,201900028202,3,36,0,NULL,2,2,0,1,16,625,1,NULL,NULL,1,0,1,80
201900028202,8,9,2019,13:15:00,1,60,60553,1,1,1,5,"RD 36","49,4416030","2,6248380",201900028202,138 253 307,B01,1,1,0,2,1,1,5,NULL,201900028202,138 253 308,A01,1,1,3,1,1978,0,2,-1,-1,0,0,-1,201900028202,3,36,0,NULL,2,2,0,1,16,625,1,NULL,NULL,1,0,1,80
201900028202,8,9,2019,13:15:00,1,60,60553,1,1,1,5,"RD 36","49,4416030","2,6248380",201900028202,138 253 306,C01,1,1,0,2,1,1,5,NULL,201900028202,138 253 308,A01,1,1,3,1,1978,0,2,-1,-1,0,0,-1,201900028202,3,36,0,NULL,2,2,0,1,16,625,1,NULL,NULL,1,0,1,80
201900028202,8,9,2019,13:15:00,1,60,60553,1,1,1,5,"RD 36","49,4416030","2,6248380",201900028202,138 253 305,D01,1,1,0,2,1,1,5,NULL,201900028202,138 253 308,A01,1,1,3,1,1978,0,2,-1,-1,0,0,-1,201900028202,3,36,0,NULL,2,2,0,1,16,625,1,NULL,NULL,1,0,1,80
201900030942,5,5,2019,11:30:00,1,33,33063,2,3,1,3,"R. de Caudéran / R. de Marseille","44,8455430"," -0,5944310",201900030942,138 248 161,B01,2,1,0,0,0,1,5,NULL,201900030942,138 248 160,A01,1,1,1,2,1963,4,8,0,-1,-1," -1",-1,201900030942,4,"RUE DE CAUDERAN",0,NULL,1,2,1,1,0,0,1,NULL,NULL,1,0,1,50
201900030942,5,5,2019,11:30:00,1,33,33063,2,3,1,3,"R. de Caudéran / R. de Marseille","44,8455430"," -0,5944310",201900030942,138 248 161,B01,2,1,0,0,0,1,5,NULL,201900030942,138 248 161,B01,1,1,4,1,1970,5,2,0,-1,-1," -1",-1,201900030942,4,"RUE DE CAUDERAN",0,NULL,1,2,1,1,0,0,1,NULL,NULL,1,0,1,50
201900034300,25,7,2019,17:00:00,1,63,63163,2,1,1,3,Tracros,"45,7856654","2,7485565",201900034300,138 241 718,A01,0,1,0,2,1,26,5,NULL,201900034300,138 241 718,A01,1,1,3,1,2003,5,0,-1,-1,0,0,-1,201900034300,4,NULL,NULL,NULL,2,2,0,2,(1),(1),1,NULL,NULL,1,0,1,50
201900034300,25,7,2019,17:00:00,1,63,63163,2,1,1,3,Tracros,"45,7856654","2,7485565",201900034300,138 241 718,A01,0,1,0,2,1,26,5,NULL,201900034300,138 241 719,B01,1,1,1,1,1972,4,1,-1,-1,0,0,-1,201900034300,4,NULL,NULL,NULL,2,2,0,2,(1),(1),1,NULL,NULL,1,0,1,50
201900035463,17,1,2019,15:30:00,1,44,44109,1,1,1,3,"route de vannes","47,2528900"," -1,6247700",201900035463,138 239 440,B01,3,1,0,2,1,1,-1,NULL,201900035463,138 239 440,B01,1,1,4,1,1947,5,0,-1,-1,0,0,-1,201900035463,4,NULL,0,NULL,2,-1,-1,1,(1),(1),1,NULL,NULL,1,0,1,-1
201900035463,17,1,2019,15:30:00,1,44,44109,1,1,1,3,"route de vannes","47,2528900"," -1,6247700",201900035463,138 239 440,B01,3,1,0,2,1,1,-1,NULL,201900035463,138 239 441,A01,1,1,1,1,1947,5,0,-1,-1,0,0,-1,201900035463,4,NULL,0,NULL,2,-1,-1,1,(1),(1),1,NULL,NULL,1,0,1,-1
201900035640,26,8,2019,16:20:00,1,94,94068,2,2,1,3,"ALBERT DE MUN (R)","48,7881100","2,4856200",201900035640,138 239 090,A01,1,1,0,2,4,1,0,NULL,201900035640,138 239 090,A01,1,1,4,1,1975,0,8,0,-1,-1,0,-1,201900035640,4,"ALBERT DE MUN (R)",0,NULL,2,2,0,1,0,0,1,NULL,NULL,1,0,1,50
201900035640,26,8,2019,16:20:00,1,94,94068,2,2,1,3,"ALBERT DE MUN (R)","48,7881100","2,4856200",201900035640,138 239 090,A01,1,1,0,2,4,1,0,NULL,201900035640,138 239 091,B01,1,1,1,1,1969,0,1,0,-1,-1," -1",-1,201900035640,4,"ALBERT DE MUN (R)",0,NULL,2,2,0,1,0,0,1,NULL,NULL,1,0,1,50
201900038196,9,5,2019,19:00:00,1,75,75118,2,2,1,3,"RUE LETORT","48,8966080","2,3437490",201900038196,138 234 252,B01,1,1,0,2,8,1,5,NULL,201900038196,138 234 250,A01,1,1,1,1,1967,1,1,0,-1,0,0,-1,201900038196,4,"RUE LETORT",0,NULL,1,1,0,1,0,0,1,NULL,NULL,1,0,1,30
201900038196,9,5,2019,19:00:00,1,75,75118,2,2,1,3,"RUE LETORT","48,8966080","2,3437490",201900038196,138 234 252,B01,1,1,0,2,8,1,5,NULL,201900038196,138 234 252,B01,2,2,1,2,2018,0,2,0,-1,0,0,-1,201900038196,4,"RUE LETORT",0,NULL,1,1,0,1,0,0,1,NULL,NULL,1,0,1,30
201900038196,9,5,2019,19:00:00,1,75,75118,2,2,1,3,"RUE LETORT","48,8966080","2,3437490",201900038196,138 234 252,B01,1,1,0,2,8,1,5,NULL,201900038196,138 234 252,B01,1,1,4,1,1989,0,2,0,-1,0,0,-1,201900038196,4,"RUE LETORT",0,NULL,1,1,0,1,0,0,1,NULL,NULL,1,0,1,30
201900039265,31,8,2019,17:37:00,1,75,75105,2,2,1,6,"BOULEVARD SAINT GERMAIN","48,8513880","2,3431830",201900039265,138 232 263,A01,2,1,0,1,0,7,5,NULL,201900039265,138 232 263,A01,1,1,1,1,2001,0,2,0,-1,0,0,-1,201900039265,4,"BOULEVARD SAINT GERMAIN",0,NULL,1,4,0,1,0,0,1,NULL,NULL,1,0,1,50
201900039265,31,8,2019,17:37:00,1,75,75105,2,2,1,6,"BOULEVARD SAINT GERMAIN","48,8513880","2,3431830",201900039265,138 232 263,A01,2,1,0,1,0,7,5,NULL,201900039265,138 232 263,A01,10,3,4,2,1945,0,0,0,0,4,3,3,201900039265,4,"BOULEVARD SAINT GERMAIN",0,NULL,1,4,0,1,0,0,1,NULL,NULL,1,0,1,50
201900039702,18,7,2019,08:10:00,1,974,97407,2,6,1,3,"ROND POINT TITAN"," -20,9425000","55,2918000",201900039702,138 231 468,B01,3,1,0,2,1,5,5,NULL,201900039702,138 231 468,B01,1,1,4,1,2004,5,8,0,-1,-1," -1",-1,201900039702,4,"ROND POINT TITAN",0,NULL,1,2,0,1,0,0,3,NULL,NULL,1,0,1,10
201900039702,18,7,2019,08:10:00,1,974,97407,2,6,1,3,"ROND POINT TITAN"," -20,9425000","55,2918000",201900039702,138 231 468,B01,3,1,0,2,1,5,5,NULL,201900039702,138 231 469,A01,1,1,1,1,1947,9,1,0,-1,-1," -1",-1,201900039702,4,"ROND POINT TITAN",0,NULL,1,2,0,1,0,0,3,NULL,NULL,1,0,1,10
201900041569,18,7,2019,10:00:00,1,75,75120,2,1,1,2,"RUE DES COURONNES","48,8702710","2,3851910",201900041569,138 228 031,B01,2,1,0,2,1,2,5,NULL,201900041569,138 228 031,B01,1,1,4,2,1995,1,2,0,-1,0,0,-1,201900041569,4,"RUE DES COURONNES",0,NULL,2,2,0,2,0,0,1,NULL,NULL,1,0,1,50
201900041569,18,7,2019,10:00:00,1,75,75120,2,1,1,2,"RUE DES COURONNES","48,8702710","2,3851910",201900041569,138 228 031,B01,2,1,0,2,1,2,5,NULL,201900041569,138 228 032,A01,1,1,1,1,1983,4,1,0,-1,0,0,-1,201900041569,4,"RUE DES COURONNES",0,NULL,2,2,0,2,0,0,1,NULL,NULL,1,0,1,50
201900043913,11,6,2019,23:40:00,5,69,69386,2,7,2,3,"RENE DEROUDILLE                        (","45,7659500","4,8558300",201900043913,138 223 628,B01,2,1,0,2,1,1,5,NULL,201900043913,138 223 628,B01,1,1,4,1,1994,0,5,0,-1,-1,0,-1,201900043913,4,"RENE DEROUDILLE                        (",0,NULL,1,1,0,1,1,0,2,NULL,NULL,2,0,1,50
201900043913,11,6,2019,23:40:00,5,69,69386,2,7,2,3,"RENE DEROUDILLE                        (","45,7659500","4,8558300",201900043913,138 223 628,B01,2,1,0,2,1,1,5,NULL,201900043913,138 223 629,A01,1,1,1,1,1995,0,1,0,-1,-1,0,-1,201900043913,4,"RENE DEROUDILLE                        (",0,NULL,1,1,0,1,1,0,2,NULL,NULL,2,0,1,50
201900046731,22,8,2019,08:52:00,1,91,91027,2,1,1,6,"DUNANT (AVENUE HENRI)","48,7244200","2,4072000",201900046731,138 218 149,B01,3,1,0,2,0,25,5,NULL,201900046731,138 218 149,B01,1,1,4,1,1987,1,8,0,-1,0,0,-1,201900046731,4,"DUNANT (AVENUE HENRI)",0,NULL,2,3,1,1,0,0,3,NULL,NULL,1,0,1,70
201900046731,22,8,2019,08:52:00,1,91,91027,2,1,1,6,"DUNANT (AVENUE HENRI)","48,7244200","2,4072000",201900046731,138 218 149,B01,3,1,0,2,0,25,5,NULL,201900046731,138 218 150,A01,1,1,4,2,1995,5,1,5,-1,0,0,-1,201900046731,4,"DUNANT (AVENUE HENRI)",0,NULL,2,3,1,1,0,0,3,NULL,NULL,1,0,1,70
201900047584,13,6,2019,08:00:00,1,64,64445,2,1,1,3,"14 JUILLET DU","43,2909500"," -0,3788500",201900047584,138 216 586,A01,2,1,0,2,1,13,5,NULL,201900047584,138 216 586,A01,1,1,1,1,1977,1,2,0,-1,0,0,-1,201900047584,4,"14 JUILLET DU",0,NULL,2,2,0,1,0,0,1,NULL,NULL,1,0,1,50
201900047584,13,6,2019,08:00:00,1,64,64445,2,1,1,3,"14 JUILLET DU","43,2909500"," -0,3788500",201900047584,138 216 586,A01,2,1,0,2,1,13,5,NULL,201900047584,138 216 587,B01,1,1,4,1,1971,1,2,8,-1,0,0,-1,201900047584,4,"14 JUILLET DU",0,NULL,2,2,0,1,0,0,1,NULL,NULL,1,0,1,50
201900048641,12,7,2019,14:15:00,1,67,67482,2,1,1,6,"FAUBOURG DE SAVERNE (RUE DU)","48,5849230","7,7404760",201900048641,138 214 598,A01,1,1,0,1,1,1,5,NULL,201900048641,138 214 598,A01,1,1,4,2,1992,0,8,0,-1,0,0,-1,201900048641,4,"FAUBOURG DE SAVERNE (RUE DU)",0,NULL,3,2,1,1,0,0,1,NULL,NULL,1,0,1,50
201900048641,12,7,2019,14:15:00,1,67,67482,2,1,1,6,"FAUBOURG DE SAVERNE (RUE DU)","48,5849230","7,7404760",201900048641,138 214 598,A01,1,1,0,1,1,1,5,NULL,201900048641,138 214 598,A01,10,3,1,1,1968,0,8,0,-1,5,2,1,201900048641,4,"FAUBOURG DE SAVERNE (RUE DU)",0,NULL,3,2,1,1,0,0,1,NULL,NULL,1,0,1,50
201900050191,24,9,2019,08:50:00,1,75,75109,2,3,8,3,"BOULEVARD HAUSSMANN","48,8721277","2,3391918",201900050191,138 211 749,B01,1,1,0,2,6,1,5,NULL,201900050191,138 211 749,B01,1,1,1,1,1970,0,2,8,-1,0,0,-1,201900050191,4,"BOULEVARD HAUSSMANN",0,NULL,1,2,0,1,6,0,1,NULL,NULL,1,0,1,50
201900050191,24,9,2019,08:50:00,1,75,75109,2,3,8,3,"BOULEVARD HAUSSMANN","48,8721277","2,3391918",201900050191,138 211 749,B01,1,1,0,2,6,1,5,NULL,201900050191,138 211 750,A01,2,2,1,2,1991,9,2,6,-1,0,0,-1,201900050191,4,"BOULEVARD HAUSSMANN",0,NULL,1,2,0,1,6,0,1,NULL,NULL,1,0,1,50
201900050191,24,9,2019,08:50:00,1,75,75109,2,3,8,3,"BOULEVARD HAUSSMANN","48,8721277","2,3391918",201900050191,138 211 749,B01,1,1,0,2,6,1,5,NULL,201900050191,138 211 750,A01,1,1,4,1,1995,0,2,6,-1,0,0,-1,201900050191,4,"BOULEVARD HAUSSMANN",0,NULL,1,2,0,1,6,0,1,NULL,NULL,1,0,1,50
201900052964,31,5,2019,17:05:00,1,17,17333,2,3,1,3,"DE LATTRE DE TASSIGNY (BD)","45,6072100"," -1,0068840",201900052964,138 206 446,B01,1,1,0,2,1,1,5,NULL,201900052964,138 206 446,B01,1,1,4,1,1987,5,8,0,-1,-1," -1",-1,201900052964,4,"DE LATTRE DE TASSIGNY (BD)",0,NULL,2,2,0,2,0,0,1,NULL,NULL,1,0,1,50
201900052964,31,5,2019,17:05:00,1,17,17333,2,3,1,3,"DE LATTRE DE TASSIGNY (BD)","45,6072100"," -1,0068840",201900052964,138 206 446,B01,1,1,0,2,1,1,5,NULL,201900052964,138 206 447,A01,1,1,1,1,1945,5,1,0,-1,-1," -1",-1,201900052964,4,"DE LATTRE DE TASSIGNY (BD)",0,NULL,2,2,0,2,0,0,1,NULL,NULL,1,0,1,50
201900054191,19,8,2019,14:30:00,1,35,35278,2,6,1,3,"BETTON (ROND POINT DE)","48,1636160"," -1,6758257",201900054191,138 204 139,B01,1,1,0,0,0,0,0,NULL,201900054191,138 204 139,B01,1,1,4,1,1949,3,8,0,-1,-1," -1",-1,201900054191,3,29,0,NULL,1,2,0,1,8,200,2,NULL,NULL,1,0,1,50
201900054191,19,8,2019,14:30:00,1,35,35278,2,6,1,3,"BETTON (ROND POINT DE)","48,1636160"," -1,6758257",201900054191,138 204 139,B01,1,1,0,0,0,0,0,NULL,201900054191,138 204 142,A01,1,1,1,1,1949,5,1,0,-1,-1," -1",-1,201900054191,3,29,0,NULL,1,2,0,1,8,200,2,NULL,NULL,1,0,1,50
201900055059,18,6,2019,16:45:00,1,75,75120,2,2,1,3,"RUE DE MENILMONTANT","48,8683050","2,3881710",201900055059,138 202 532,A01,2,1,0,2,1,14,5,NULL,201900055059,138 202 532,A01,1,1,4,1,1996,5,8,0,-1,0,0,-1,201900055059,4,"RUE DE MENILMONTANT",0,NULL,2,5,0,2,0,0,1,NULL,NULL,1,0,1,50
201900055059,18,6,2019,16:45:00,1,75,75120,2,2,1,3,"RUE DE MENILMONTANT","48,8683050","2,3881710",201900055059,138 202 532,A01,2,1,0,2,1,14,5,NULL,201900055059,138 202 534,B01,1,1,1,2,1998,5,1,0,-1,0,0,-1,201900055059,4,"RUE DE MENILMONTANT",0,NULL,2,5,0,2,0,0,1,NULL,NULL,1,0,1,50
201900056923,30,5,2019,15:50:00,1,75,75112,2,1,1,6,"RUE DE CHARENTON","48,8498450","2,3740130",201900056923,138 199 123,A01,1,1,0,1,1,1,5,NULL,201900056923,138 199 123,A01,10,3,4,2,1974,0,8,0,-1,2,3,1,201900056923,4,"RUE DE CHARENTON",0,NULL,1,1,0,1,0,0,1,NULL,NULL,1,0,1,50
201900056923,30,5,2019,15:50:00,1,75,75112,2,1,1,6,"RUE DE CHARENTON","48,8498450","2,3740130",201900056923,138 199 123,A01,1,1,0,1,1,1,5,NULL,201900056923,138 199 123,A01,1,1,1,1,1994,5,2,0,-1,0,0,-1,201900056923,4,"RUE DE CHARENTON",0,NULL,1,1,0,1,0,0,1,NULL,NULL,1,0,1,50
201900056951,19,6,2019,09:15:00,1,75,75108,2,7,1,3,"ROND POINT CHAMPS ELYSEES MARCEL DASSAUL","48,8687600","2,3110620",201900056951,138 199 075,A01,1,1,0,2,6,13,5,NULL,201900056951,138 199 075,A01,1,1,4,2,1993,9,8,0,-1,0,0,-1,201900056951,4,"ROND POINT CHAMPS ELYSEES MARCEL DASSAUL",0,NULL,4,4,0,1,0,0,1,NULL,NULL,1,5,1,50
201900056951,19,6,2019,09:15:00,1,75,75108,2,7,1,3,"ROND POINT CHAMPS ELYSEES MARCEL DASSAUL","48,8687600","2,3110620",201900056951,138 199 075,A01,1,1,0,2,6,13,5,NULL,201900056951,138 199 076,B01,1,1,1,1,1969,5,2,6,-1,0,0,-1,201900056951,4,"ROND POINT CHAMPS ELYSEES MARCEL DASSAUL",0,NULL,4,4,0,1,0,0,1,NULL,NULL,1,5,1,50
201900010864,5,7,2019,18:00:00,1,75,75114,2,3,1,3,"BOULEVARD JOURDAN","48,8195990","2,3419280",201900010864,138 286 293,B01,2,1,0,2,1,1,5,NULL,201900010864,138 286 293,B01,1,1,4,1,1997,1,2,0,-1,0,0,-1,201900010864,4,"BOULEVARD JOURDAN",0,NULL,2,5,1,1,0,0,1,NULL,NULL,1,0,5,50
201900010864,5,7,2019,18:00:00,1,75,75114,2,3,1,3,"BOULEVARD JOURDAN","48,8195990","2,3419280",201900010864,138 286 293,B01,2,1,0,2,1,1,5,NULL,201900010864,138 286 294,A01,1,1,1,2,1995,1,1,0,-1,0,0,-1,201900010864,4,"BOULEVARD JOURDAN",0,NULL,2,5,1,1,0,0,1,NULL,NULL,1,0,5,50
201900014810,30,12,2019,23:00:00,5,92,92036,2,3,1,2,"ARGENTEUIL (AVENUE D')","48,9392933","2,2560959",201900014810,138 278 758,A01,1,1,0,2,4,1,5,NULL,201900014810,138 278 758,A01,1,1,4,1,1990,0,2,0,-1,-1," -1",-1,201900014810,3,909,0,NULL,2,2,0,1,0,0,1,NULL,NULL,1,0,1,50
201900015567,14,10,2019,10:50:00,1,67,67482,2,3,1,3,"FRERES EBERTS (RUE DES)","48,5547000","7,7395500",201900015567,138 277 369,B01,2,1,0,2,2,10,5,NULL,201900015567,138 277 369,B01,1,1,4,1,1988,4,8,0,-1,-1,0,-1,201900015567,4,"FRERES EBERTS (RUE DES)",0,NULL,2,3,1,1,0,0,1,NULL,NULL,1,0,1,50
201900015567,14,10,2019,10:50:00,1,67,67482,2,3,1,3,"FRERES EBERTS (RUE DES)","48,5547000","7,7395500",201900015567,138 277 369,B01,2,1,0,2,2,10,5,NULL,201900015567,138 277 370,A01,1,1,1,2,1971,5,1,8,-1,-1,0,-1,201900015567,4,"FRERES EBERTS (RUE DES)",0,NULL,2,3,1,1,0,0,1,NULL,NULL,1,0,1,50
201900016296,9,5,2019,14:55:00,1,41,41295,2,1,1,7,D951,"47,5816700","1,3665500",201900016296,138 276 020,A01,3,1,0,0,1,1,5,NULL,201900016296,138 276 020,A01,1,1,3,1,1999,5,2,0,-1,0," -1",-1,201900016296,9,D951,0,NULL,-1,1,1,1,0,0,1,NULL,NULL,1,0,1,30
201900016634,29,12,2019,15:25:00,1,75,75112,2,1,1,2,"BOULEVARD DIDEROT","48,8463520","2,3780790",201900016634,138 275 349,A01,2,1,0,2,1,2,5,NULL,201900016634,138 275 348,B01,1,1,1,1,1973,1,1,0,-1,0,0,-1,201900016634,4,"BOULEVARD DIDEROT",0,NULL,2,4,0,1,35,0,1,NULL,NULL,1,0,1,50
201900016634,29,12,2019,15:25:00,1,75,75112,2,1,1,2,"BOULEVARD DIDEROT","48,8463520","2,3780790",201900016634,138 275 349,A01,2,1,0,2,1,2,5,NULL,201900016634,138 275 349,A01,1,1,4,1,1987,0,8,2,-1,0,0,-1,201900016634,4,"BOULEVARD DIDEROT",0,NULL,2,4,0,1,35,0,1,NULL,NULL,1,0,1,50
201900021374,30,6,2019,11:50:00,1,75,75116,2,7,1,3,"PLACE DE LA PORTE DE SAINT CLOUD","48,8376170","2,2575220",201900021374,138 266 413,A01,3,1,0,2,8,9,5,NULL,201900021374,138 266 413,A01,1,1,4,1,1987,5,2,0,-1,0,0,-1,201900021374,4,"PLACE DE LA PORTE DE SAINT CLOUD",0,NULL,1,3,0,1,0,0,2,NULL,NULL,1,0,1,50
201900021374,30,6,2019,11:50:00,1,75,75116,2,7,1,3,"PLACE DE LA PORTE DE SAINT CLOUD","48,8376170","2,2575220",201900021374,138 266 413,A01,3,1,0,2,8,9,5,NULL,201900021374,138 266 414,B01,1,1,1,2,1985,1,1,8,-1,0,0,-1,201900021374,4,"PLACE DE LA PORTE DE SAINT CLOUD",0,NULL,1,3,0,1,0,0,2,NULL,NULL,1,0,1,50
201900025056,27,7,2019,18:00:00,1,49,49015,2,1,1,7,"MENDES FRANCE AVENUE PIERRE","47,4995757"," -0,5830479",201900025056,138 259 200,A01,1,1,0,0,0,0,5,NULL,201900025056,138 259 200,A01,1,1,4,2,1972,5,8,0,-1,-1,0,-1,201900025056,4,"MENDES FRANCE AVENUE PIERRE",0,NULL,-1,1,0,1,0,0,1,NULL,NULL,1,0,1,30
201900025136,30,7,2019,18:20:00,1,75,75112,2,1,1,1,"BOULEVARD SOULT","48,8438842","2,4103087",201900025136,138 259 059,B01,1,1,0,2,1,1,5,NULL,201900025136,138 259 058,A01,1,1,1,1,1975,1,2,8,-1,0,0,-1,201900025136,4,"BOULEVARD SOULT",0,NULL,2,1,1,2,0,0,1,NULL,NULL,1,0,5,50