Num_Acc,jour,mois,an,hrmn,lum,dep,com,agg,int,atm,col,adr,lat,long,Num_Acc,id_vehicule,num_veh,senc,catv,obs,obsm,choc,manv,motor,occutc,Num_Acc,id_vehicule,num_veh,place,catu,grav,sexe,an_nais,trajet,secu1,secu2,secu3,locp,actp,etatp,Num_Acc,catr,voie,v1,v2,circ,nbv,vosp,prof,pr,pr1,plan,lartpc,larrout,surf,infra,situ,vma
201900025136,30,7,2019,18:20:00,1,75,75112,2,1,1,1,"BOULEVARD SOULT","48,8438842","2,4103087",201900025136,138 259 058,A01,2,1,0,2,1,5,5,NULL,201900025136,138 259 058,A01,1,1,1,1,1975,1,2,8,-1,0,0,-1,201900025136,4,"BOULEVARD SOULT",0,NULL,2,1,1,2,0,0,1,NULL,NULL,1,0,5,50
201900025136,30,7,2019,18:20:00,1,75,75112,2,1,1,1,"BOULEVARD SOULT","48,8438842","2,4103087",201900025136,138 259 059,B01,1,1,0,2,1,1,5,NULL,201900025136,138 259 059,B01,1,1,4,2,1992,5,2,8,-1,0,0,-1,201900025136,4,"BOULEVARD SOULT",0,NULL,2,1,1,2,0,0,1,NULL,NULL,1,0,5,50
201900025136,30,7,2019,18:20:00,1,75,75112,2,1,1,1,"BOULEVARD SOULT","48,8438842","2,4103087",201900025136,138 259 058,A01,2,1,0,2,1,5,5,NULL,201900025136,138 259 059,B01,1,1,4,2,1992,5,2,8,-1,0,0,-1,201900025136,4,"BOULEVARD SOULT",0,NULL,2,1,1,2,0,0,1,NULL,NULL,1,0,5,50
201900026040,7,10,2019,07:50:00,1,67,67482,2,1,8,6,"OBERHAUSBERGEN (ROUTE D )","48,5912500","7,7231800",201900026040,138 257 301,Z01,1,1,0,1,1,14,5,NULL,201900026040,138 257 301,Z01,10,3,4,2,1998,1,8,0,-1,5,2,1,201900026040,7,41,0,NULL,3,4,1,1,33,0,3,NULL,NULL,1,9,1,50
201900026040,7,10,2019,07:50:00,1,67,67482,2,1,8,6,"OBERHAUSBERGEN (ROUTE D )","48,5912500","7,7231800",201900026040,138 257 301,Z01,1,1,0,1,1,14,5,NULL,201900026040,138 257 301,Z01,1,1,1,1,2000,0,8,0,-1,0,0,-1,201900026040,7,41,0,NULL,3,4,1,1,33,0,3,NULL,NULL,1,9,1,50
201900026088,7,10,2019,19:10:00,2,17,17306,2,2,8,3,"PONTAILLAC (DE) (AVENUE)","45,6203200"," -1,0353300",201900026088,138 257 216,B01,1,1,0,2,1,1,5,NULL,201900026088,138 257 216,B01,1,1,4,1,1962,1,8,0,-1,-1,0,-1,201900026088,4,"PONTAILLAC (DE) (AVENUE)",0,NULL,2,2,1,2,0,0,1,NULL,NULL,1,0,1,30
201900027213,13,5,2019,17:30:00,1,59,59183,2,9,1,3,NATIONALE,"51,0310370","2,2998520",201900027213,138 255 113,B01,3,1,0,2,1,13,5,NULL,201900027213,138 255 112,A01,1,1,1,1,1990,5,1,0,-1,-1,0,-1,201900027213,4,NATIONALE,0,NULL,-1,2,0,1,0,1,1,NULL,NULL,1,0,1,20
201900027213,13,5,2019,17:30:00,1,59,59183,2,9,1,3,NATIONALE,"51,0310370","2,2998520",201900027213,138 255 113,B01,3,1,0,2,1,13,5,NULL,201900027213,138 255 113,B01,1,1,4,1,2008,5,2,0,-1,-1,0,-1,201900027213,4,NATIONALE,0,NULL,-1,2,0,1,0,1,1,NULL,NULL,1,0,1,20
201900027625,17,12,2019,08:05:00,2,32,32013,2,1,1,3,"MARCEL PROUST","43,6390500","0,5967400",201900027625,138 254 360,B01,1,1,0,2,1,0,0,NULL,201900027625,138 254 360,B01,2,1,4,1,1989,1,8,0,-1,-1," -1",-1,201900027625,4,"MARCEL PROUST",0,NULL,2,2,0,1,0,0,1,NULL,NULL,1,0,1,50
201900027625,17,12,2019,08:05:00,2,32,32013,2,1,1,3,"MARCEL PROUST","43,6390500","0,5967400",201900027625,138 254 360,B01,1,1,0,2,1,0,0,NULL,201900027625,138 254 361,A01,1,1,1,1,1970,0,1,0,-1,-1," -1",-1,201900027625,4,"MARCEL PROUST",0,NULL,2,2,0,1,0,0,1,NULL,NULL,1,0,1,50
201900028996,14,5,2019,07:40:00,1,49,49007,2,1,1,2,GEOFFRAY,"47,4583800"," -0,5450400",201900028996,138 251 801,B01,1,1,0,2,0,0,5,NULL,201900028996,138 251 801,B01,1,1,4,2,1982,1,2,8,-1,-1,0,-1,201900028996,4,GEOFFRAY,0,NULL,2,2,0,1,0,0,1,NULL,NULL,1,0,1,60
201900028996,14,5,2019,07:40:00,1,49,49007,2,1,1,2,GEOFFRAY,"47,4583800"," -0,5450400",201900028996,138 251 801,B01,1,1,0,2,0,0,5,NULL,201900028996,138 251 802,A01,1,1,1,1,1935,0,1,8,-1,-1," -1",-1,201900028996,4,GEOFFRAY,0,NULL,2,2,0,1,0,0,1,NULL,NULL,1,0,1,60
201900032784,2,5,2019,08:30:00,1,17,17300,2,1,1,3,"SAINT-LOUIS   RUE","46,1612700"," -1,1455200",201900032784,138 244 628,B01,1,1,0,2,1,1,5,NULL,201900032784,138 244 628,B01,1,1,4,1,1977,1,8,0,-1,-1," -1",-1,201900032784,4,"SAINT-LOUIS   RUE",0,NULL,1,1,0,2,0,0,1,NULL,NULL,1,0,1,30
201900032784,2,5,2019,08:30:00,1,17,17300,2,1,1,3,"SAINT-LOUIS   RUE","46,1612700"," -1,1455200",201900032784,138 244 628,B01,1,1,0,2,1,1,5,NULL,201900032784,138 244 629,A01,1,1,1,2,1957,5,1,0,-1,-1," -1",-1,201900032784,4,"SAINT-LOUIS   RUE",0,NULL,1,1,0,2,0,0,1,NULL,NULL,1,0,1,30
201900034131,6,2,2019,06:45:00,5,93,93046,2,6,2,3,"BOSQUETS ROND POINT DES","48,9264090","2,5408180",201900034131,138 242 047,B01,3,1,0,2,1,1,5,NULL,201900034131,138 242 047,B01,1,1,4,2,1947,0,2,0,-1,-1," -1",-1,201900034131,4,"BOSQUETS ROND POINT DES",0,NULL,-1,3,1,1,0,0,1,NULL,NULL,2,0,2,50
201900034131,6,2,2019,06:45:00,5,93,93046,2,6,2,3,"BOSQUETS ROND POINT DES","48,9264090","2,5408180",201900034131,138 242 047,B01,3,1,0,2,1,1,5,NULL,201900034131,138 242 048,A01,1,1,1,1,1966,0,1,0,-1,-1," -1",-1,201900034131,4,"BOSQUETS ROND POINT DES",0,NULL,-1,3,1,1,0,0,1,NULL,NULL,2,0,2,50
201900034887,16,6,2019,11:50:00,1,5,05046,2,1,1,7,"Boulevard Pasteur","44,5646340","6,4941160",201900034887,138 240 567,A01,2,1,9,0,0,1,0,NULL,201900034887,138 240 567,A01,1,1,2,1,1959,5,2,6,-1,0,0,-1,201900034887,3,994,0,H,2,2,0,2,1,210,1,NULL,NULL,1,0,1,30
201900037782,4,4,2019,13:31:00,1,69,69286,1,1,4,3,"ROUTE DU MAS RILLIER                (RO)","45,8230000","4,9120000",201900037782,138 234 983,B01,1,1,0,2,8,1,5,NULL,201900037782,138 234 983,B01,1,1,2,1,1950,5,2,8,-1,-1," -1",-1,201900037782,4,"ROUTE DU MAS RILLIER                (RO)",0,NULL,1,2,1,1,0,0,1,NULL,NULL,2,8,1,70
201900037782,4,4,2019,13:31:00,1,69,69286,1,1,4,3,"ROUTE DU MAS RILLIER                (RO)","45,8230000","4,9120000",201900037782,138 234 983,B01,1,1,0,2,8,1,5,NULL,201900037782,138 234 984,A01,1,1,1,1,1962,4,8,8,-1,0,0,-1,201900037782,4,"ROUTE DU MAS RILLIER                (RO)",0,NULL,1,2,1,1,0,0,1,NULL,NULL,2,8,1,70
201900039042,17,1,2019,16:55:00,1,85,85179,1,1,1,4,"La Petite Bataillère","46,4787500"," -1,5385600",201900039042,138 232 701,A01,2,1,0,0,0,21,5,NULL,201900039042,138 232 699,C01,1,1,2,1,1939,5,2,-1,-1,0,0,-1,201900039042,3,70,NULL,NULL,2,2,0,1,16,500,1,NULL,NULL,1,0,8,80
201900039042,17,1,2019,16:55:00,1,85,85179,1,1,1,4,"La Petite Bataillère","46,4787500"," -1,5385600",201900039042,138 232 700,B01,2,1,0,0,0,21,5,NULL,201900039042,138 232 699,C01,1,1,2,1,1939,5,2,-1,-1,0,0,-1,201900039042,3,70,NULL,NULL,2,2,0,1,16,500,1,NULL,NULL,1,0,8,80
201900039042,17,1,2019,16:55:00,1,85,85179,1,1,1,4,"La Petite Bataillère","46,4787500"," -1,5385600",201900039042,138 232 699,C01,2,1,0,0,0,21,5,NULL,201900039042,138 232 699,C01,1,1,2,1,1939,5,2,-1,-1,0,0,-1,201900039042,3,70,NULL,NULL,2,2,0,1,16,500,1,NULL,NULL,1,0,8,80
201900039042,17,1,2019,16:55:00,1,85,85179,1,1,1,4,"La Petite Bataillère","46,4787500"," -1,5385600",201900039042,138 232 701,A01,2,1,0,0,0,21,5,NULL,201900039042,138 232 700,B01,1,1,4,1,1938,5,2,-1,-1,0,0,-1,201900039042,3,70,NULL,NULL,2,2,0,1,16,500,1,NULL,NULL,1,0,8,80
201900039042,17,1,2019,16:55:00,1,85,85179,1,1,1,4,"La Petite Bataillère","46,4787500"," -1,5385600",201900039042,138 232 700,B01,2,1,0,0,0,21,5,NULL,201900039042,138 232 700,B01,1,1,4,1,1938,5,2,-1,-1,0,0,-1,201900039042,3,70,NULL,NULL,2,2,0,1,16,500,1,NULL,NULL,1,0,8,80
201900039042,17,1,2019,16:55:00,1,85,85179,1,1,1,4,"La Petite Bataillère","46,4787500"," -1,5385600",201900039042,138 232 699,C01,2,1,0,0,0,21,5,NULL,201900039042,138 232 700,B01,1,1,4,1,1938,5,2,-1,-1,0,0,-1,201900039042,3,70,NULL,NULL,2,2,0,1,16,500,1,NULL,NULL,1,0,8,80
201900039042,17,1,2019,16:55:00,1,85,85179,1,1,1,4,"La Petite Bataillère","46,4787500"," -1,5385600",201900039042,138 232 701,A01,2,1,0,0,0,21,5,NULL,201900039042,138 232 701,A01,1,1,4,1,1955,5,2,-1,-1,0,0,-1,201900039042,3,70,NULL,NULL,2,2,0,1,16,500,1,NULL,NULL,1,0,8,80
201900039042,17,1,2019,16:55:00,1,85,85179,1,1,1,4,"La Petite Bataillère","46,4787500"," -1,5385600",201900039042,138 232 700,B01,2,1,0,0,0,21,5,NULL,201900039042,138 232 701,A01,1,1,4,1,1955,5,2,-1,-1,0,0,-1,201900039042,3,70,NULL,NULL,2,2,0,1,16,500,1,NULL,NULL,1,0,8,80
201900039042,17,1,2019,16:55:00,1,85,85179,1,1,1,4,"La Petite Bataillère","46,4787500"," -1,5385600",201900039042,138 232 699,C01,2,1,0,0,0,21,5,NULL,201900039042,138 232 701,A01,1,1,4,1,1955,5,2,-1,-1,0,0,-1,201900039042,3,70,NULL,NULL,2,2,0,1,16,500,1,NULL,NULL,1,0,8,80
201900039910,30,11,2019,09:50:00,1,70,70550,2,6,1,3,"BRIAND (RUE ARISTIDE)","47,6307000","6,1677100",201900039910,138 231 042,B01,1,1,0,2,7,2,5,NULL,201900039910,138 231 042,B01,1,1,3,1,1964,5,2,0,-1,-1," -1",-1,201900039910,3,118,0,NULL,1,1,0,1,0,245,2,NULL,NULL,1,5,1,50
201900039910,30,11,2019,09:50:00,1,70,70550,2,6,1,3,"BRIAND (RUE ARISTIDE)","47,6307000","6,1677100",201900039910,138 231 042,B01,1,1,0,2,7,2,5,NULL,201900039910,138 231 043,A01,1,1,1,1,1991,5,1,0,-1,-1," -1",-1,201900039910,3,118,0,NULL,1,1,0,1,0,245,2,NULL,NULL,1,5,1,50
201900041117,26,2,2019,07:35:00,2,41,41016,1,6,1,3,D956,"47,3207314","1,4966780",201900041117,138 228 868,C01,2,1,0,2,8,0,5,NULL,201900041117,138 228 868,C01,1,1,2,1,1981,1,6,-1,-1,0,0,-1,201900041117,3,956,NULL,NULL,1,1,0,1,33,580,1,NULL,NULL,1,3,1,80
201900041117,26,2,2019,07:35:00,2,41,41016,1,6,1,3,D956,"47,3207314","1,4966780",201900041117,138 228 868,C01,2,1,0,2,8,0,5,NULL,201900041117,138 228 869,A01,1,1,1,1,1956,4,1,-1,-1,0,0,-1,201900041117,3,956,NULL,NULL,1,1,0,1,33,580,1,NULL,NULL,1,3,1,80
201900041143,26,8,2019,09:40:00,1,75,75112,2,4,1,3,"AVENUE DE NOGENT","48,8420442","2,4491497",201900041143,138 228 823,A01,2,1,0,2,3,15,5,NULL,201900041143,138 228 823,A01,1,1,4,1,1958,9,2,0,-1,0,0,-1,201900041143,4,"AVENUE DE NOGENT",0,NULL,2,4,0,1,0,0,1,NULL,NULL,1,0,1,50
201900041143,26,8,2019,09:40:00,1,75,75112,2,4,1,3,"AVENUE DE NOGENT","48,8420442","2,4491497",201900041143,138 228 823,A01,2,1,0,2,3,15,5,NULL,201900041143,138 228 824,B01,1,1,1,1,1962,4,1,0,-1,0,0,-1,201900041143,4,"AVENUE DE NOGENT",0,NULL,2,4,0,1,0,0,1,NULL,NULL,1,0,1,50
201900042514,14,2,2019,17:00:00,1,33,33192,2,3,1,6,"Rue de Canteloup / impasse Rodin","44,7648900"," -0,6175500",201900042514,138 226 205,B01,2,1,0,0,0,1,5,NULL,201900042514,138 226 204,A01,1,1,1,2,1982,2,1,-1,-1,0,0,-1,201900042514,4,"R. de Canteloup",NULL,NULL,2,2,0,1,(1),(1),1,NULL,NULL,1,0,1,50
201900042514,14,2,2019,17:00:00,1,33,33192,2,3,1,6,"Rue de Canteloup / impasse Rodin","44,7648900"," -0,6175500",201900042514,138 226 205,B01,2,1,0,0,0,1,5,NULL,201900042514,138 226 205,B01,1,1,3,1,1975,5,0,-1,-1,0,0,-1,201900042514,4,"R. de Canteloup",NULL,NULL,2,2,0,1,(1),(1),1,NULL,NULL,1,0,1,50
201900043314,3,4,2019,14:20:00,1,37,37261,2,3,8,6,"BOURDAISIERE (ALLEE DE LA)","47,3863445","0,6953520",201900043314,138 224 701,A01,2,1,0,9,1,15,5,NULL,201900043314,138 224 699,A01,1,1,1,1,1900,-1,9,-1,-1,-1," -1",-1,201900043314,4,"BOURDAISIERE (ALLEE DE LA)",0,NULL,2,2,0,2,0,0,1,NULL,NULL,1,5,1,50
201900043314,3,4,2019,14:20:00,1,37,37261,2,3,8,6,"BOURDAISIERE (ALLEE DE LA)","47,3863445","0,6953520",201900043314,138 224 701,A01,2,1,0,9,1,15,5,NULL,201900043314,138 224 700,B01,1,1,1,1,1982,4,8,0,-1,-1,0,-1,201900043314,4,"BOURDAISIERE (ALLEE DE LA)",0,NULL,2,2,0,2,0,0,1,NULL,NULL,1,5,1,50
201900043314,3,4,2019,14:20:00,1,37,37261,2,3,8,6,"BOURDAISIERE (ALLEE DE LA)","47,3863445","0,6953520",201900043314,138 224 701,A01,2,1,0,9,1,15,5,NULL,201900043314,138 224 701,A01,1,1,4,1,1988,5,8,0,-1,-1,0,-1,201900043314,4,"BOURDAISIERE (ALLEE DE LA)",0,NULL,2,2,0,2,0,0,1,NULL,NULL,1,5,1,50
201900045351,9,12,2019,08:10:00,2,75,75114,2,4,3,3,"RUE DU PERE CORENTIN","48,8241050","2,3277600",201900045351,138 220 816,B01,2,1,0,2,1,1,5,NULL,201900045351,138 220 815,A01,1,1,1,1,1954,1,1,0,-1,0,0,-1,201900045351,4,"RUE DU PERE CORENTIN",0,NULL,2,3,1,1,0,0,1,NULL,NULL,2,0,5,50
201900045351,9,12,2019,08:10:00,2,75,75114,2,4,3,3,"RUE DU PERE CORENTIN","48,8241050","2,3277600",201900045351,138 220 816,B01,2,1,0,2,1,1,5,NULL,201900045351,138 220 816,B01,1,1,4,1,2003,2,2,8,-1,0,0,-1,201900045351,4,"RUE DU PERE CORENTIN",0,NULL,2,3,1,1,0,0,1,NULL,NULL,2,0,5,50
201900045613,5,5,2019,14:15:00,1,92,92025,2,1,1,3,"GENERAL LECLERC (PLACE DU)","48,9227830","2,2526600",201900045613,138 220 327,B01,1,1,0,2,3,1,5,NULL,201900045613,138 220 327,B01,1,1,4,1,1979,5,8,0,-1,-1,0,-1,201900045613,3,986,0,NULL,-1,2,0,1,0,0,1,NULL,NULL,1,0,1,50
201900045613,5,5,2019,14:15:00,1,92,92025,2,1,1,3,"GENERAL LECLERC (PLACE DU)","48,9227830","2,2526600",201900045613,138 220 327,B01,1,1,0,2,3,1,5,NULL,201900045613,138 220 328,A01,1,1,1,1,1957,0,1,0,-1,-1,0,-1,201900045613,3,986,0,NULL,-1,2,0,1,0,0,1,NULL,NULL,1,0,1,50
201900047371,22,5,2019,16:00:00,1,69,69277,2,6,1,3,"CD 29","45,7279304","5,0212294",201900047371,138 216 985,A01,0,1,0,0,8,2,5,NULL,201900047371,138 216 985,A01,1,1,4,1,1942,5,2,-1,-1,0,0,-1,201900047371,3,29,NULL,D,2,2,1,1,(1),(1),3,NULL,NULL,1,5,5,80
201900047524,18,6,2019,15:06:00,1,68,68297,2,9,1,3,"MULHOUSE ( RUE)CITE BOURGLIBRE JUSQUE RU","47,5954590","7,5540310",201900047524,138 216 715,B01,2,1,12,2,8,19,0,NULL,201900047524,138 216 715,B01,1,1,4,1,1950,0,8,0,-1,-1,0,-1,201900047524,3,66,0,NULL,2,2,0,1,72,300,1,NULL,NULL,1,0,1,50
201900047524,18,6,2019,15:06:00,1,68,68297,2,9,1,3,"MULHOUSE ( RUE)CITE BOURGLIBRE JUSQUE RU","47,5954590","7,5540310",201900047524,138 216 715,B01,2,1,12,2,8,19,0,NULL,201900047524,138 216 716,A01,1,1,1,1,1971,0,1,0,-1,-1,0,-1,201900047524,3,66,0,NULL,2,2,0,1,72,300,1,NULL,NULL,1,0,1,50
201900049226,5,12,2019,07:01:00,5,49,49007,2,1,5,3,"BAUMETTE PROMENADE","47,4618300"," -0,5669900",201900049226,138 213 542,B01,1,1,0,2,0,0,5,NULL,201900049226,138 213 541,A01,1,1,1,1,1948,0,1,8,-1,-1," -1",-1,201900049226,4,"BAUMETTE PROMENADE",0,NULL,2,2,0,1,0,0,1,NULL,NULL,1,0,1,60
201900049226,5,12,2019,07:01:00,5,49,49007,2,1,5,3,"BAUMETTE PROMENADE","47,4618300"," -0,5669900",201900049226,138 213 542,B01,1,1,0,2,0,0,5,NULL,201900049226,138 213 542,B01,1,1,4,1,2003,0,8,0,-1,-1," -1",-1,201900049226,4,"BAUMETTE PROMENADE",0,NULL,2,2,0,1,0,0,1,NULL,NULL,1,0,1,60
201900049492,21,2,2019,16:45:00,1,71,71514,1,1,1,3,"lieu-dit condé","46,7318480","5,2777420",201900049492,138 213 052,A01,1,1,0,2,8,10,5,NULL,201900049492,138 213 051,B01,2,2,1,2,1964,5,2,-1,-1,0,0,-1,201900049492,3,87,NULL,NULL,2,2,0,2,2,30,2,NULL,NULL,1,0,1,80
201900049492,21,2,2019,16:45:00,1,71,71514,1,1,1,3,"lieu-dit condé","46,7318480","5,2777420",201900049492,138 213 052,A01,1,1,0,2,8,10,5,NULL,201900049492,138 213 051,B01,1,1,1,1,1962,5,2,-1,-1,0,0,-1,201900049492,3,87,NULL,NULL,2,2,0,2,2,30,2,NULL,NULL,1,0,1,80
201900049492,21,2,2019,16:45:00,1,71,71514,1,1,1,3,"lieu-dit condé","46,7318480","5,2777420",201900049492,138 213 052,A01,1,1,0,2,8,10,5,NULL,201900049492,138 213 052,A01,1,1,3,1,1939,5,4,-1,-1,0,0,-1,201900049492,3,87,NULL,NULL,2,2,0,2,2,30,2,NULL,NULL,1,0,1,80
201900050696,27,3,2019,16:25:00,1,67,67482,2,1,1,6,"HOCHFELDEN (RUE DE)","48,6013700","7,7234000",201900050696,138 210 819,A01,1,1,0,2,1,19,5,NULL,201900050696,138 210 817,B01,1,1,1,1,1956,4,1,8,-1,-1,0,-1,201900050696,4,"HOCHFELDEN (RUE DE)",0,NULL,2,3,3,1,0,0,1,NULL,NULL,1,0,1,50
201900050696,27,3,2019,16:25:00,1,67,67482,2,1,1,6,"HOCHFELDEN (RUE DE)","48,6013700","7,7234000",201900050696,138 210 819,A01,1,1,0,2,1,19,5,NULL,201900050696,138 210 819,A01,1,1,4,1,2005,2,8,0,-1,-1,0,-1,201900050696,4,"HOCHFELDEN (RUE DE)",0,NULL,2,3,3,1,0,0,1,NULL,NULL,1,0,1,50
201900051799,3,1,2019,18:15:00,5,35,35288,2,3,1,3,"ROULAIS (PLACE DE LA )","48,6336870"," -2,0127560",201900051799,138 208 720,B01,0,1,0,2,3,23,5,NULL,201900051799,138 208 720,B01,1,1,4,2,1960,3,8,8,-1,-1,0,-1,201900051799,4,"ROULAIS (PLACE DE LA )",0,NULL,1,1,0,1,0,0,1,NULL,NULL,1,0,1,50
201900051799,3,1,2019,18:15:00,5,35,35288,2,3,1,3,"ROULAIS (PLACE DE LA )","48,6336870"," -2,0127560",201900051799,138 208 720,B01,0,1,0,2,3,23,5,NULL,201900051799,138 208 721,A01,1,1,1,1,1957,5,1,0,-1,-1,0,-1,201900051799,4,"ROULAIS (PLACE DE LA )",0,NULL,1,1,0,1,0,0,1,NULL,NULL,1,0,1,50
201900054310,20,8,2019,10:30:00,1,92,92004,2,1,1,3,"BAS ( RUE DES )","48,9186660","2,2909740",201900054310,138 203 931,B01,0,1,0,2,7,19,0,NULL,201900054310,138 203 931,B01,1,1,4,1,1995,5,8,0,-1,-1,0,-1,201900054310,3,19,0,NULL,-1,2,0,1,0,0,1,NULL,NULL,1,0,1,50
201900054310,20,8,2019,10:30:00,1,92,92004,2,1,1,3,"BAS ( RUE DES )","48,9186660","2,2909740",201900054310,138 203 931,B01,0,1,0,2,7,19,0,NULL,201900054310,138 203 932,A01,1,1,1,1,1969,4,1,0,-1,-1,0,-1,201900054310,3,19,0,NULL,-1,2,0,1,0,0,1,NULL,NULL,1,0,1,50
201900056561,14,2,2019,07:00:00,5,31,31555,2,1,1,6,"RUE SAINT CHARLES","43,6101600","1,4406300",201900056561,138 199 793,A01,1,1,0,1,1,1,5,NULL,201900056561,138 199 793,A01,10,3,3,1,1973,5,8,0,-1,5,4,1,201900056561,4,"RUE SAINT CHARLES",0,NULL,1,2,0,1,0,0,1,NULL,NULL,1,0,1,30
201900056561,14,2,2019,07:00:00,5,31,31555,2,1,1,6,"RUE SAINT CHARLES","43,6101600","1,4406300",201900056561,138 199 793,A01,1,1,0,1,1,1,5,NULL,201900056561,138 199 793,A01,1,1,1,1,2003,2,2,0,-1,-1,0,-1,201900056561,4,"RUE SAINT CHARLES",0,NULL,1,2,0,1,0,0,1,NULL,NULL,1,0,1,30
201900058015,21,9,2019,23:00:00,5,75,75111,2,7,1,6,"PLACE DE LA REPUBLIQUE","48,8667260","2,3651507",201900058015,138 197 151,Z01,1,1,0,1,8,1,5,NULL,201900058015,138 197 151,Z01,10,3,4,1,1990,5,0,0,0,4,3,1,201900058015,4,"PLACE DE LA REPUBLIQUE",0,NULL,2,6,0,1,6,0,1,NULL,NULL,1,0,1,50
201900058432,13,8,2019,15:15:00,1,83,83137,2,9,1,2,"GASSENDI (BD)","43,1199100","5,9492800",201900058432,138 196 371,B01,1,1,0,2,6,0,0,NULL,201900058432,138 196 371,B01,1,1,4,1,1992,5,8,0,-1,-1," -1",-1,201900058432,4,"GASSENDI (BD)",0,NULL,1,2,0,1,0,0,1,NULL,NULL,1,0,1,50
201900058432,13,8,2019,15:15:00,1,83,83137,2,9,1,2,"GASSENDI (BD)","43,1199100","5,9492800",201900058432,138 196 371,B01,1,1,0,2,6,0,0,NULL,201900058432,138 196 372,A01,1,1,1,1,1950,5,1,8,-1,-1," -1",-1,201900058432,4,"GASSENDI (BD)",0,NULL,1,2,0,1,0,0,1,NULL,NULL,1,0,1,50
201900058782,30,11,2019,14:15:00,1,75,75104,2,1,1,6,"RUE SAINT ANTOINE","48,8549420","2,3619770",201900058782,138 195 723,A01,1,1,14,0,0,1,5,NULL,201900058782,138 195 723,A01,1,1,4,1,1950,3,8,2,-1,0,0,-1,201900058782,4,"RUE SAINT ANTOINE",0,NULL,2,4,1,1,96,0,1,NULL,NULL,1,0,5,50
201900010790,9,8,2019,17:30:00,1,15,15122,2,1,1,3,"Rue de la Martinelle","44,7103930","2,2003050",201900010790,138 286 424,B01,2,1,0,2,1,1,6,NULL,201900010790,138 286 423,A01,1,1,2,1,1965,5,1,-1,-1,0,0,-1,201900010790,3,19,NULL,NULL,2,2,0,2,33,100,1,NULL,NULL,1,0,1,50
201900010790,9,8,2019,17:30:00,1,15,15122,2,1,1,3,"Rue de la Martinelle","44,7103930","2,2003050",201900010790,138 286 424,B01,2,1,0,2,1,1,6,NULL,201900010790,138 286 424,B01,1,1,1,1,2000,9,2,-1,-1,0,0,-1,201900010790,3,19,NULL,NULL,2,2,0,2,33,100,1,NULL,NULL,1,0,1,50
201900012361,9,8,2019,10:35:00,1,34,34344,2,1,1,3,"Avenue de Melgueil","43,5604980","4,0880440",201900012361,138 283 491,B01,3,1,0,2,1,19,5,NULL,201900012361,138 283 491,B01,1,1,3,2,1966,5,0,-1,-1,0,0,-1,201900012361,4,NULL,0,NULL,2,3,0,1,(1),(1),1,NULL,NULL,1,6,1,50
201900012361,9,8,2019,10:35:00,1,34,34344,2,1,1,3,"Avenue de Melgueil","43,5604980","4,0880440",201900012361,138 283 491,B01,3,1,0,2,1,19,5,NULL,201900012361,138 283 492,A01,1,1,1,1,1998,4,1,-1,-1,0,0,-1,201900012361,4,NULL,0,NULL,2,3,0,1,(1),(1),1,NULL,NULL,1,6,1,50
201900012378,10,8,2019,16:24:00,1,71,71440,1,1,1,3,"Le Buis","46,9190930","4,0903040",201900012378,138 283 460,A01,2,1,0,2,3,26,5,NULL,201900012378,138 283 459,B01,7,2,1,2,2014,5,1,3,-1,0,0,-1,201900012378,3,3,NULL,NULL,3,2,0,2,21,100,1,NULL,NULL,1,0,1,80
201900012378,10,8,2019,16:24:00,1,71,71440,1,1,1,3,"Le Buis","46,9190930","4,0903040",201900012378,138 283 460,A01,2,1,0,2,3,26,5,NULL,201900012378,138 283 459,B01,2,2,1,2,1957,5,1,-1,-1,0,0,-1,201900012378,3,3,NULL,NULL,3,2,0,2,21,100,1,NULL,NULL,1,0,1,80
201900012378,10,8,2019,16:24:00,1,71,71440,1,1,1,3,"Le Buis","46,9190930","4,0903040",201900012378,138 283 460,A01,2,1,0,2,3,26,5,NULL,201900012378,138 283 459,B01,1,1,1,1,1955,5,1,-1,-1,0,0,-1,201900012378,3,3,NULL,NULL,3,2,0,2,21,100,1,NULL,NULL,1,0,1,80
201900012378,10,8,2019,16:24:00,1,71,71440,1,1,1,3,"Le Buis","46,9190930","4,0903040",201900012378,138 283 460,A01,2,1,0,2,3,26,5,NULL,201900012378,138 283 460,A01,1,1,3,1,1959,5,2,-1,-1,0,0,-1,201900012378,3,3,NULL,NULL,3,2,0,2,21,100,1,NULL,NULL,1,0,1,80
201900015446,16,1,2019,10:00:00,1,93,93078,2,1,1,3,"NATIONS (AVENUE DES)","48,9713100","2,5051200",201900015446,138 277 603,B01,3,1,0,2,4,11,0,NULL,201900015446,138 277 602,A01,1,1,1,1,1990,1,8,0,-1,-1," -1",-1,201900015446,4,"NATIONS (AVENUE DES)",0,NULL,-1,0,0,1,0,0,1,NULL,NULL,1,0,1,50
201900015446,16,1,2019,10:00:00,1,93,93078,2,1,1,3,"NATIONS (AVENUE DES)","48,9713100","2,5051200",201900015446,138 277 603,B01,3,1,0,2,4,11,0,NULL,201900015446,138 277 603,B01,1,1,4,1,1962,0,8,0,-1,-1," -1",-1,201900015446,4,"NATIONS (AVENUE DES)",0,NULL,-1,0,0,1,0,0,1,NULL,NULL,1,0,1,50