Num_Acc,jour,mois,an,hrmn,lum,dep,com,agg,int,atm,col,adr,lat,long,Num_Acc,id_vehicule,num_veh,senc,catv,obs,obsm,choc,manv,motor,occutc,Num_Acc,id_vehicule,num_veh,place,catu,grav,sexe,an_nais,trajet,secu1,secu2,secu3,locp,actp,etatp,Num_Acc,catr,voie,v1,v2,circ,nbv,vosp,prof,pr,pr1,plan,lartpc,larrout,surf,infra,situ,vma
201900015727,19,4,2019,15:45:00,1,80,80680,1,2,7,3,"Croisement Route d'HERLEVILLE et RD 337","49,8312660","2,7238440",201900015727,138 277 089,B01,2,1,0,2,7,1,5,NULL,201900015727,138 277 088,A01,1,1,1,1,1981,4,1,-1,-1,0,0,-1,201900015727,3,337,0,NULL,2,2,0,1,9,200,1,NULL,NULL,1,0,1,80
201900015727,19,4,2019,15:45:00,1,80,80680,1,2,7,3,"Croisement Route d'HERLEVILLE et RD 337","49,8312660","2,7238440",201900015727,138 277 089,B01,2,1,0,2,7,1,5,NULL,201900015727,138 277 089,B01,1,1,3,1,1963,0,2,6,-1,0,0,-1,201900015727,3,337,0,NULL,2,2,0,1,9,200,1,NULL,NULL,1,0,1,80
201900017783,3,8,2019,11:25:00,1,72,72181,2,1,1,3,"RUBILLARD AV N° PAIRS 118 ET >","48,0122200","0,1815600",201900017783,138 273 166,B01,2,1,0,2,4,1,5,NULL,201900017783,138 273 165,A01,1,1,1,1,1928,5,1,0,-1,0,0,-1,201900017783,7,"RUBILLARD AV N° PAIRS 118 ET >",0,NULL,3,2,2,1,0,0,1,NULL,NULL,1,4,1,50
201900017783,3,8,2019,11:25:00,1,72,72181,2,1,1,3,"RUBILLARD AV N° PAIRS 118 ET >","48,0122200","0,1815600",201900017783,138 273 166,B01,2,1,0,2,4,1,5,NULL,201900017783,138 273 166,B01,1,1,4,2,1984,5,8,0,-1,0,0,-1,201900017783,7,"RUBILLARD AV N° PAIRS 118 ET >",0,NULL,3,2,2,1,0,0,1,NULL,NULL,1,4,1,50
201900017840,2,8,2019,09:55:00,1,34,34172,2,1,1,3,"RHODES (RUE DE)","43,6087721","3,8967407",201900017840,138 273 056,B01,3,1,0,2,8,19,5,NULL,201900017840,138 273 056,B01,1,1,4,1,1980,0,2,0,-1,0,0,-1,201900017840,4,"RHODES (RUE DE)",0,NULL,2,2,1,2,(1),(1),1,NULL,NULL,1,0,1,50
201900021681,31,7,2019,09:00:00,1,92,92049,2,1,1,3,"VERDIER AVENUE AUTRES N°","48,8160500","2,3145500",201900021681,138 265 851,B01,2,1,0,2,7,1,0,NULL,201900021681,138 265 851,B01,1,1,4,2,1989,1,2,0,-1,-1,0,-1,201900021681,4,"VERDIER AVENUE AUTRES N°",0,NULL,2,2,0,1,0,0,1,NULL,NULL,1,0,1,50
201900021681,31,7,2019,09:00:00,1,92,92049,2,1,1,3,"VERDIER AVENUE AUTRES N°","48,8160500","2,3145500",201900021681,138 265 851,B01,2,1,0,2,7,1,0,NULL,201900021681,138 265 852,A01,1,1,1,2,1976,1,1,8,-1,-1,0,-1,201900021681,4,"VERDIER AVENUE AUTRES N°",0,NULL,2,2,0,1,0,0,1,NULL,NULL,1,0,1,50
201900023905,13,11,2019,11:35:00,1,75,75110,2,1,2,3,"RUE DE L AQUEDUC","48,8824474","2,3640507",201900023905,138 261 429,B01,1,1,0,2,1,1,5,NULL,201900023905,138 261 429,B01,1,1,4,2,1989,1,8,2,-1,0,0,-1,201900023905,4,"RUE DE L AQUEDUC",0,NULL,2,2,-1,1,42,0,1,NULL,NULL,2,0,1,50
201900023905,13,11,2019,11:35:00,1,75,75110,2,1,2,3,"RUE DE L AQUEDUC","48,8824474","2,3640507",201900023905,138 261 429,B01,1,1,0,2,1,1,5,NULL,201900023905,138 261 430,A01,1,1,1,1,1963,4,1,0,-1,0,0,-1,201900023905,4,"RUE DE L AQUEDUC",0,NULL,2,2,-1,1,42,0,1,NULL,NULL,2,0,1,50
201900025642,8,11,2019,08:35:00,1,67,67482,2,1,1,3,"ALFRED KASTLER (RUE)","48,5715800","7,7701500",201900025642,138 258 059,B01,2,1,0,2,3,19,5,NULL,201900025642,138 258 059,B01,1,1,4,1,1963,0,2,8,-1,-1,0,-1,201900025642,4,"ALFRED KASTLER (RUE)",0,NULL,2,4,0,1,0,0,1,NULL,NULL,1,0,1,50
201900025642,8,11,2019,08:35:00,1,67,67482,2,1,1,3,"ALFRED KASTLER (RUE)","48,5715800","7,7701500",201900025642,138 258 059,B01,2,1,0,2,3,19,5,NULL,201900025642,138 258 060,A01,1,1,1,1,1953,0,1,8,-1,-1,0,-1,201900025642,4,"ALFRED KASTLER (RUE)",0,NULL,2,4,0,1,0,0,1,NULL,NULL,1,0,1,50
201900033385,24,6,2019,14:10:00,1,51,51172,2,1,1,3,"VOIE VERTE","49,2163100","4,0514100",201900033385,138 243 458,A01,3,1,0,2,1,19,5,NULL,201900033385,138 243 457,B01,1,1,1,1,1955,5,1,0,-1,-1,0,-1,201900033385,4,"VOIE VERTE",0,NULL,3,5,0,1,(1),(1),3,NULL,NULL,1,0,1,50
201900033385,24,6,2019,14:10:00,1,51,51172,2,1,1,3,"VOIE VERTE","49,2163100","4,0514100",201900033385,138 243 458,A01,3,1,0,2,1,19,5,NULL,201900033385,138 243 458,A01,1,1,4,1,2001,5,2,0,-1,-1,0,-1,201900033385,4,"VOIE VERTE",0,NULL,3,5,0,1,(1),(1),3,NULL,NULL,1,0,1,50
201900033764,20,2,2019,04:56:00,3,44,44026,1,1,1,2,D37,"47,2877340"," -1,4640390",201900033764,138 242 752,B01,1,1,0,0,4,2,5,NULL,201900033764,138 242 752,B01,1,1,3,1,1998,1,0,-1,-1,0,0,-1,201900033764,7,37,0,NULL,2,2,0,1,(1),(1),1,NULL,NULL,1,0,1,70
201900033764,20,2,2019,04:56:00,3,44,44026,1,1,1,2,D37,"47,2877340"," -1,4640390",201900033764,138 242 752,B01,1,1,0,0,4,2,5,NULL,201900033764,138 242 753,A01,1,1,1,1,1999,1,1,-1,-1,0,0,-1,201900033764,7,37,0,NULL,2,2,0,1,(1),(1),1,NULL,NULL,1,0,1,70
201900035321,3,10,2019,00:01:00,5,75,75107,2,1,1,3,"BOULEVARD SAINT GERMAIN","48,8575470","2,3240402",201900035321,138 239 727,B01,2,1,0,2,2,25,5,NULL,201900035321,138 239 726,A01,1,1,1,1,1988,4,1,0,-1,0,0,-1,201900035321,4,"BOULEVARD SAINT GERMAIN",0,NULL,1,4,3,1,0,0,1,NULL,NULL,1,-1,6,50
201900035321,3,10,2019,00:01:00,5,75,75107,2,1,1,3,"BOULEVARD SAINT GERMAIN","48,8575470","2,3240402",201900035321,138 239 727,B01,2,1,0,2,2,25,5,NULL,201900035321,138 239 727,B01,1,1,4,1,1996,0,8,2,-1,0,0,-1,201900035321,4,"BOULEVARD SAINT GERMAIN",0,NULL,1,4,3,1,0,0,1,NULL,NULL,1,-1,6,50
201900037050,2,10,2019,20:30:00,5,69,69382,2,2,1,1,"COLONEL CHAMBONNET                  (R )","45,7592500","4,8294100",201900037050,138 236 412,B01,3,1,0,2,1,1,0,NULL,201900037050,138 236 412,B01,1,1,4,2,1987,0,8,0,-1,0,0,-1,201900037050,4,"COLONEL CHAMBONNET                  (R )",0,NULL,1,5,1,1,0,1,1,NULL,NULL,1,5,1,50
201900037050,2,10,2019,20:30:00,5,69,69382,2,2,1,1,"COLONEL CHAMBONNET                  (R )","45,7592500","4,8294100",201900037050,138 236 412,B01,3,1,0,2,1,1,0,NULL,201900037050,138 236 413,A01,1,1,1,1,1979,0,8,0,-1,0,0,-1,201900037050,4,"COLONEL CHAMBONNET                  (R )",0,NULL,1,5,1,1,0,1,1,NULL,NULL,1,5,1,50
201900038346,15,5,2019,07:42:00,1,75,75114,2,3,1,7,"AVENUE DU GENERAL LECLERC","48,8313680","2,3299280",201900038346,138 233 999,A01,1,1,0,0,0,15,5,NULL,201900038346,138 233 999,A01,1,1,4,1,1983,0,8,0,-1,0,0,-1,201900038346,4,"AVENUE DU GENERAL LECLERC",0,NULL,2,5,3,1,0,0,1,NULL,NULL,1,0,6,50
201900039838,8,12,2019,14:45:00,1,27,27438,2,3,1,3,"9 Rue Gambetta","48,7703580","1,1993600",201900039838,138 231 182,B01,3,1,0,2,1,19,5,NULL,201900039838,138 231 181,A01,1,1,1,1,1996,9,1,-1,-1,0,0,-1,201900039838,4,NULL,NULL,NULL,2,2,0,2,(1),(1),1,NULL,NULL,1,9,1,50
201900039838,8,12,2019,14:45:00,1,27,27438,2,3,1,3,"9 Rue Gambetta","48,7703580","1,1993600",201900039838,138 231 182,B01,3,1,0,2,1,19,5,NULL,201900039838,138 231 182,B01,1,1,4,1,2007,5,0,-1,-1,0,0,-1,201900039838,4,NULL,NULL,NULL,2,2,0,2,(1),(1),1,NULL,NULL,1,9,1,50
201900047048,16,7,2019,12:15:00,1,94,94073,2,9,1,2,"VERSAILLES (AV DE)","48,7580000","2,3930000",201900047048,138 217 547,B01,2,1,0,2,1,13,5,NULL,201900047048,138 217 547,B01,1,1,3,1,2000,0,2,0,-1,-1," -1",-1,201900047048,3,86,0,NULL,1,2,0,1,0,0,1,NULL,NULL,1,0,1,50
201900047048,16,7,2019,12:15:00,1,94,94073,2,9,1,2,"VERSAILLES (AV DE)","48,7580000","2,3930000",201900047048,138 217 547,B01,2,1,0,2,1,13,5,NULL,201900047048,138 217 548,A01,1,1,1,1,1990,1,8,0,-1,-1," -1",-1,201900047048,3,86,0,NULL,1,2,0,1,0,0,1,NULL,NULL,1,0,1,50
201900048354,24,9,2019,12:45:00,1,75,75102,2,3,2,6,"RUE DE CLERY","48,8689520","2,3494730",201900048354,138 215 141,A01,2,1,0,2,1,1,5,NULL,201900048354,138 215 141,A01,1,1,4,1,1993,1,2,8,-1,0,0,-1,201900048354,4,"RUE DE CLERY",0,NULL,1,2,1,1,0,0,1,NULL,NULL,2,0,5,30
201900048906,1,4,2019,16:25:00,1,17,17064,1,1,1,7,"Route de Coulonges","45,7126370"," -1,0492400",201900048906,138 214 140,A01,3,1,0,0,0,1,5,NULL,201900048906,138 214 140,A01,1,1,2,1,1949,5,2,-1,-1,0,0,-1,201900048906,4,NULL,NULL,NULL,2,2,0,1,(1),(1),1,NULL,NULL,1,0,3,80
201900050280,22,8,2019,21:15:00,3,63,63061,1,1,1,2,"Le Bois","45,9924310","3,2473480",201900050280,138 211 581,A01,2,1,0,2,8,0,5,NULL,201900050280,138 211 580,B01,10,3,3,1,1997,5,0,-1,-1,1,1,2,201900050280,3,12,NULL,NULL,2,2,0,1,18,375,1,NULL,NULL,1,0,1,80
201900050280,22,8,2019,21:15:00,3,63,63061,1,1,1,2,"Le Bois","45,9924310","3,2473480",201900050280,138 211 581,A01,2,1,0,2,8,0,5,NULL,201900050280,138 211 581,A01,1,1,2,1,2000,5,0,-1,-1,0,0,-1,201900050280,3,12,NULL,NULL,2,2,0,1,18,375,1,NULL,NULL,1,0,1,80
201900050398,23,8,2019,18:05:00,1,68,68118,2,1,1,3,"76 Rue du Général de Gaulle","47,7300350","7,4165110",201900050398,138 211 386,B01,1,1,0,0,3,1,5,NULL,201900050398,138 211 385,A01,1,1,1,1,1996,4,8,-1,-1,0,0,-1,201900050398,3,201,NULL,NULL,2,2,0,1,43,610,1,NULL,NULL,1,0,1,30
201900050398,23,8,2019,18:05:00,1,68,68118,2,1,1,3,"76 Rue du Général de Gaulle","47,7300350","7,4165110",201900050398,138 211 386,B01,1,1,0,0,3,1,5,NULL,201900050398,138 211 386,B01,1,1,4,1,1949,3,8,-1,-1,0,0,-1,201900050398,3,201,NULL,NULL,2,2,0,1,43,610,1,NULL,NULL,1,0,1,30
201900054022,29,3,2019,17:05:00,1,22,22310,2,2,1,3,"Lotissement Toul Barrière","48,6150180"," -3,2362470",201900054022,138 204 453,A01,3,1,0,0,1,26,5,NULL,201900054022,138 204 450,B01,1,1,1,1,1994,1,1,-1,-1,0,0,-1,201900054022,4,NULL,NULL,NULL,2,2,0,1,(1),(1),1,NULL,NULL,1,0,1,50
201900054022,29,3,2019,17:05:00,1,22,22310,2,2,1,3,"Lotissement Toul Barrière","48,6150180"," -3,2362470",201900054022,138 204 453,A01,3,1,0,0,1,26,5,NULL,201900054022,138 204 453,A01,1,1,3,1,2006,5,0,-1,-1,0,0,-1,201900054022,4,NULL,NULL,NULL,2,2,0,1,(1),(1),1,NULL,NULL,1,0,1,50
201900055788,12,7,2019,10:30:00,1,83,83059,1,1,1,2,"RD 554","43,3333660","6,0748000",201900055788,138 201 230,B01,2,1,0,2,4,1,5,NULL,201900055788,138 201 229,A01,1,1,1,1,1932,5,1,-1,-1,0,0,-1,201900055788,3,554,NULL,NULL,2,2,0,1,70,800,1,NULL,NULL,1,0,1,80
201900055788,12,7,2019,10:30:00,1,83,83059,1,1,1,2,"RD 554","43,3333660","6,0748000",201900055788,138 201 230,B01,2,1,0,2,4,1,5,NULL,201900055788,138 201 230,B01,1,1,3,1,1934,5,2,-1,-1,0,0,-1,201900055788,3,554,NULL,NULL,2,2,0,1,70,800,1,NULL,NULL,1,0,1,80
201900057166,5,1,2019,14:30:00,1,6,06018,2,2,1,3,"chemin neuf","43,6261630","7,0966940",201900057166,138 198 672,B01,3,1,0,2,1,1,5,NULL,201900057166,138 198 672,B01,1,1,4,1,1963,5,2,-1,-1,0,0,-1,201900057166,9,NULL,NULL,NULL,2,2,0,1,(1),(1),1,NULL,NULL,1,0,1,50
201900057166,5,1,2019,14:30:00,1,6,06018,2,2,1,3,"chemin neuf","43,6261630","7,0966940",201900057166,138 198 672,B01,3,1,0,2,1,1,5,NULL,201900057166,138 198 673,A01,2,2,1,1,1956,5,1,-1,-1,0,0,-1,201900057166,9,NULL,NULL,NULL,2,2,0,1,(1),(1),1,NULL,NULL,1,0,1,50
201900057166,5,1,2019,14:30:00,1,6,06018,2,2,1,3,"chemin neuf","43,6261630","7,0966940",201900057166,138 198 672,B01,3,1,0,2,1,1,5,NULL,201900057166,138 198 673,A01,1,1,1,2,1957,5,1,-1,-1,0,0,-1,201900057166,9,NULL,NULL,NULL,2,2,0,1,(1),(1),1,NULL,NULL,1,0,1,50
201900009093,18,11,2019,13:20:00,1,58,58194,2,3,1,3,"MARECHAL JUIN","47,0055000","3,1533000",201900009093,138 289 513,B01,1,1,0,0,0,0,5,NULL,201900009093,138 289 513,B01,1,1,4,2,1992,2,8,0,-1,-1," -1",-1,201900009093,4,"MARECHAL JUIN",0,NULL,2,2,1,1,0,0,1,NULL,NULL,1,0,5,50
201900009093,18,11,2019,13:20:00,1,58,58194,2,3,1,3,"MARECHAL JUIN","47,0055000","3,1533000",201900009093,138 289 513,B01,1,1,0,0,0,0,5,NULL,201900009093,138 289 514,A01,1,1,1,2,1998,1,1,8,-1,-1," -1",-1,201900009093,4,"MARECHAL JUIN",0,NULL,2,2,1,1,0,0,1,NULL,NULL,1,0,5,50
201900010769,3,8,2019,10:40:00,1,46,46089,1,1,1,7,"Le Trejet","44,5158450","1,0785820",201900010769,138 286 457,A01,3,1,0,0,9,1,5,NULL,201900010769,138 286 457,A01,1,1,3,1,1939,5,0,-1,-1,0,0,-1,201900010769,4,NULL,NULL,NULL,2,2,0,1,0,0,1,NULL,NULL,1,2,1,80
201900012122,25,4,2019,08:00:00,1,75,75111,2,3,2,2,"RUE JEAN PIERRE TIMBAUD","48,8684020","2,3795520",201900012122,138 283 906,B01,2,1,0,2,4,1,5,NULL,201900012122,138 283 905,A01,1,1,1,1,1985,1,2,6,-1,0,0,-1,201900012122,4,"RUE JEAN PIERRE TIMBAUD",0,NULL,1,2,0,2,0,0,1,NULL,NULL,2,0,1,30
201900012122,25,4,2019,08:00:00,1,75,75111,2,3,2,2,"RUE JEAN PIERRE TIMBAUD","48,8684020","2,3795520",201900012122,138 283 906,B01,2,1,0,2,4,1,5,NULL,201900012122,138 283 906,B01,1,1,4,2,1987,1,2,0,-1,0,0,-1,201900012122,4,"RUE JEAN PIERRE TIMBAUD",0,NULL,1,2,0,2,0,0,1,NULL,NULL,2,0,1,30
201900013140,16,12,2019,19:00:00,5,67,67482,2,1,1,3,"MULLENHEIM (QUAI)","48,5862200","7,7604000",201900013140,138 282 009,B01,2,1,0,2,3,1,5,NULL,201900013140,138 282 009,B01,1,1,4,1,1970,0,2,8,-1,-1,0,-1,201900013140,4,"MULLENHEIM (QUAI)",0,NULL,1,2,1,1,0,0,1,NULL,NULL,1,0,1,30
201900013140,16,12,2019,19:00:00,5,67,67482,2,1,1,3,"MULLENHEIM (QUAI)","48,5862200","7,7604000",201900013140,138 282 009,B01,2,1,0,2,3,1,5,NULL,201900013140,138 282 010,A01,1,1,1,1,1957,0,1,8,-1,-1,0,-1,201900013140,4,"MULLENHEIM (QUAI)",0,NULL,1,2,1,1,0,0,1,NULL,NULL,1,0,1,30
201900014174,6,8,2019,08:45:00,1,34,34172,2,1,1,1,"ALCO (ROND-POINT D')","43,6243640","3,8365041",201900014174,138 280 056,B01,1,1,0,2,1,1,5,NULL,201900014174,138 280 056,B01,1,1,4,1,1973,5,2,0,-1,0,0,-1,201900014174,4,"ALCO (ROND-POINT D')",0,NULL,2,-1,1,1,(1),(1),1,NULL,NULL,1,0,1,50
201900014174,6,8,2019,08:45:00,1,34,34172,2,1,1,1,"ALCO (ROND-POINT D')","43,6243640","3,8365041",201900014174,138 280 056,B01,1,1,0,2,1,1,5,NULL,201900014174,138 280 057,A01,1,1,4,1,1991,1,2,0,-1,0,0,-1,201900014174,4,"ALCO (ROND-POINT D')",0,NULL,2,-1,1,1,(1),(1),1,NULL,NULL,1,0,1,50
201900015648,16,10,2019,01:12:00,5,44,44109,2,2,3,1,"RUE PAUL BELLAMY","47,2289300"," -1,5622100",201900015648,138 277 236,A01,1,1,0,2,1,1,5,NULL,201900015648,138 277 235,B01,4,2,1,2,1975,3,8,0,-1,0,0,-1,201900015648,4,NULL,0,NULL,2,0,0,1,1,0,1,NULL,NULL,2,0,1,30
201900015648,16,10,2019,01:12:00,5,44,44109,2,2,3,1,"RUE PAUL BELLAMY","47,2289300"," -1,5622100",201900015648,138 277 236,A01,1,1,0,2,1,1,5,NULL,201900015648,138 277 235,B01,1,1,1,1,1971,4,1,0,-1,0,0,-1,201900015648,4,NULL,0,NULL,2,0,0,1,1,0,1,NULL,NULL,2,0,1,30
201900015648,16,10,2019,01:12:00,5,44,44109,2,2,3,1,"RUE PAUL BELLAMY","47,2289300"," -1,5622100",201900015648,138 277 236,A01,1,1,0,2,1,1,5,NULL,201900015648,138 277 235,B01,2,2,1,1,1973,4,8,0,-1,0,0,-1,201900015648,4,NULL,0,NULL,2,0,0,1,1,0,1,NULL,NULL,2,0,1,30
201900015648,16,10,2019,01:12:00,5,44,44109,2,2,3,1,"RUE PAUL BELLAMY","47,2289300"," -1,5622100",201900015648,138 277 236,A01,1,1,0,2,1,1,5,NULL,201900015648,138 277 236,A01,1,1,4,1,1985,0,8,0,-1,0,0,-1,201900015648,4,NULL,0,NULL,2,0,0,1,1,0,1,NULL,NULL,2,0,1,30
201900015701,11,10,2019,17:20:00,1,17,17300,2,2,1,3,"REPUBLIQUE   BOULEVARD DE LA","46,1409900"," -1,1412800",201900015701,138 277 137,B01,2,1,0,2,6,2,5,NULL,201900015701,138 277 136,A01,1,1,1,2,1993,5,1,0,-1,-1,0,-1,201900015701,4,"REPUBLIQUE   BOULEVARD DE LA",0,NULL,2,2,1,2,0,0,1,NULL,NULL,1,0,1,50
201900015701,11,10,2019,17:20:00,1,17,17300,2,2,1,3,"REPUBLIQUE   BOULEVARD DE LA","46,1409900"," -1,1412800",201900015701,138 277 137,B01,2,1,0,2,6,2,5,NULL,201900015701,138 277 137,B01,1,1,4,1,1998,5,8,0,-1,-1,0,-1,201900015701,4,"REPUBLIQUE   BOULEVARD DE LA",0,NULL,2,2,1,2,0,0,1,NULL,NULL,1,0,1,50
201900018127,14,5,2019,21:45:00,5,69,69388,2,2,1,1,"FRERES LUMIERE (DES)                (AV)","45,7433200","4,8742600",201900018127,138 272 506,A01,1,1,9,0,2,1,5,NULL,201900018127,138 272 506,A01,2,1,4,1,1999,4,8,0,-1,0,0,-1,201900018127,4,"FRERES LUMIERE (DES)                (AV)",0,NULL,1,3,2,1,1,0,1,NULL,NULL,1,0,1,50
201900018127,14,5,2019,21:45:00,5,69,69388,2,2,1,1,"FRERES LUMIERE (DES)                (AV)","45,7433200","4,8742600",201900018127,138 272 506,A01,1,1,9,0,2,1,5,NULL,201900018127,138 272 507,B01,1,1,1,2,1956,5,1,0,-1,-1," -1",-1,201900018127,4,"FRERES LUMIERE (DES)                (AV)",0,NULL,1,3,2,1,1,0,1,NULL,NULL,1,0,1,50
201900026649,26,6,2019,18:15:00,1,74,74081,2,1,7,3,"rue du pont","46,0599810","6,5777990",201900026649,138 256 160,B01,0,1,0,2,8,26,5,NULL,201900026649,138 256 160,B01,1,1,4,1,1942,3,0,-1,-1,0,0,-1,201900026649,9,NULL,NULL,NULL,2,2,2,1,(1),(1),1,NULL,NULL,1,0,5,50
201900026649,26,6,2019,18:15:00,1,74,74081,2,1,7,3,"rue du pont","46,0599810","6,5777990",201900026649,138 256 160,B01,0,1,0,2,8,26,5,NULL,201900026649,138 256 161,A01,1,1,1,1,1979,0,8,-1,-1,0,0,-1,201900026649,9,NULL,NULL,NULL,2,2,2,1,(1),(1),1,NULL,NULL,1,0,5,50
201900027901,7,10,2019,17:32:00,1,37,37233,2,1,1,7,"BONNIN (AVENUE JEAN)","47,3958817","0,7080120",201900027901,138 253 842,A01,1,1,12,0,1,1,2,NULL,201900027901,138 253 842,A01,1,1,3,2,1957,5,8,0,-1,-1," -1",-1,201900027901,4,"BONNIN (AVENUE JEAN)",0,NULL,3,2,1,1,0,0,1,NULL,NULL,1,0,1,50
201900027974,25,1,2019,19:35:00,5,34,34172,2,1,1,6,"MONDIAL 98 (AVENUE DU)","43,6034630","3,9085800",201900027974,138 253 704,B01,3,1,0,2,7,19,5,NULL,201900027974,138 253 704,B01,1,1,3,1,1959,1,2,8,-1,-1," -1",-1,201900027974,4,NULL,0,NULL,1,2,0,1,(1),(1),1,NULL,NULL,1,6,1,50
201900031913,2,9,2019,08:00:00,1,54,54509,2,4,1,3,"41 rue de lorraine","48,6313470","6,3723440",201900031913,138 246 377,B01,2,1,0,2,8,0,5,NULL,201900031913,138 246 377,B01,1,1,3,1,1982,2,2,-1,-1,0,0,-1,201900031913,3,2,0,NULL,2,2,0,1,13,929,1,NULL,NULL,1,0,1,50
201900031913,2,9,2019,08:00:00,1,54,54509,2,4,1,3,"41 rue de lorraine","48,6313470","6,3723440",201900031913,138 246 377,B01,2,1,0,2,8,0,5,NULL,201900031913,138 246 378,A01,1,1,1,1,1971,1,2,6,9,0,0,-1,201900031913,3,2,0,NULL,2,2,0,1,13,929,1,NULL,NULL,1,0,1,50
201900033495,23,6,2019,10:40:00,1,31,31396,1,6,1,2,"RD 19","43,3556730","1,6228400",201900033495,138 243 256,A01,2,1,0,2,1,1,5,NULL,201900033495,138 243 255,B01,1,1,1,1,1987,5,0,-1,-1,0,0,-1,201900033495,3,19,NULL,NULL,2,2,0,1,48,940,1,NULL,NULL,1,0,1,80
201900033495,23,6,2019,10:40:00,1,31,31396,1,6,1,2,"RD 19","43,3556730","1,6228400",201900033495,138 243 255,B01,2,1,0,2,4,1,5,NULL,201900033495,138 243 255,B01,1,1,1,1,1987,5,0,-1,-1,0,0,-1,201900033495,3,19,NULL,NULL,2,2,0,1,48,940,1,NULL,NULL,1,0,1,80
201900033495,23,6,2019,10:40:00,1,31,31396,1,6,1,2,"RD 19","43,3556730","1,6228400",201900033495,138 243 256,A01,2,1,0,2,1,1,5,NULL,201900033495,138 243 256,A01,1,1,3,1,1948,5,0,-1,-1,0,0,-1,201900033495,3,19,NULL,NULL,2,2,0,1,48,940,1,NULL,NULL,1,0,1,80
201900033495,23,6,2019,10:40:00,1,31,31396,1,6,1,2,"RD 19","43,3556730","1,6228400",201900033495,138 243 255,B01,2,1,0,2,4,1,5,NULL,201900033495,138 243 256,A01,1,1,3,1,1948,5,0,-1,-1,0,0,-1,201900033495,3,19,NULL,NULL,2,2,0,1,48,940,1,NULL,NULL,1,0,1,80
201900034048,14,2,2019,16:40:00,1,92,92025,2,2,1,3,"VOIES DU BOIS (RUE DES)","48,9152300","2,2466890",201900034048,138 242 207,A01,3,1,0,2,1,15,5,NULL,201900034048,138 242 206,B01,1,1,1,1,1982,4,1,0,-1,-1,0,-1,201900034048,4,"VOIES DU BOIS (RUE DES)",0,NULL,2,2,0,1,0,0,1,NULL,NULL,1,0,1,50
201900034048,14,2,2019,16:40:00,1,92,92025,2,2,1,3,"VOIES DU BOIS (RUE DES)","48,9152300","2,2466890",201900034048,138 242 207,A01,3,1,0,2,1,15,5,NULL,201900034048,138 242 207,A01,1,1,4,2,2000,0,8,0,-1,-1,0,-1,201900034048,4,"VOIES DU BOIS (RUE DES)",0,NULL,2,2,0,1,0,0,1,NULL,NULL,1,0,1,50
201900036746,20,6,2019,17:30:00,1,91,91687,2,1,1,1,"FORET (AVENUE DE LA)","48,6558700","2,3696000",201900036746,138 236 993,B01,3,1,0,2,1,19,0,NULL,201900036746,138 236 993,B01,1,1,4,1,2008,0,8,0,-1,0,0,-1,201900036746,4,"FORET (AVENUE DE LA)",0,NULL,2,2,0,1,499,0,1,NULL,NULL,1,0,2,50
201900036746,20,6,2019,17:30:00,1,91,91687,2,1,1,1,"FORET (AVENUE DE LA)","48,6558700","2,3696000",201900036746,138 236 993,B01,3,1,0,2,1,19,0,NULL,201900036746,138 236 994,A01,1,1,1,1,1956,0,1,0,-1,0,0,-1,201900036746,4,"FORET (AVENUE DE LA)",0,NULL,2,2,0,1,499,0,1,NULL,NULL,1,0,2,50
201900037128,19,1,2019,10:40:00,1,17,17300,2,2,1,1,"CREPEAU   AVENUE MICHEL","46,1492200"," -1,1586600",201900037128,138 236 239,B01,1,1,0,2,2,1,5,NULL,201900037128,138 236 238,A01,1,1,1,1,1960,1,1,8,-1,-1," -1",-1,201900037128,4,"CREPEAU   AVENUE MICHEL",0,NULL,2,2,0,1,0,0,1,NULL,NULL,2,5,1,50
201900037128,19,1,2019,10:40:00,1,17,17300,2,2,1,1,"CREPEAU   AVENUE MICHEL","46,1492200"," -1,1586600",201900037128,138 236 239,B01,1,1,0,2,2,1,5,NULL,201900037128,138 236 239,B01,1,1,4,2,1998,5,8,0,-1,-1," -1",-1,201900037128,4,"CREPEAU   AVENUE MICHEL",0,NULL,2,2,0,1,0,0,1,NULL,NULL,2,5,1,50
201900037943,20,7,2019,05:40:00,5,83,83047,2,1,1,6,"Quartier la Moutonne","43,1260230","6,0737380",201900037943,138 234 690,B01,1,1,0,2,8,1,5,NULL,201900037943,138 234 690,B01,1,1,3,1,2002,1,2,4,9,0,0,-1,201900037943,3,76,NULL,NULL,2,2,1,1,1,700,1,NULL,NULL,1,9,1,50
201900037943,20,7,2019,05:40:00,5,83,83047,2,1,1,6,"Quartier la Moutonne","43,1260230","6,0737380",201900037943,138 234 690,B01,1,1,0,2,8,1,5,NULL,201900037943,138 234 691,A01,1,1,1,1,1995,5,1,-1,-1,0,0,-1,201900037943,3,76,NULL,NULL,2,2,1,1,1,700,1,NULL,NULL,1,9,1,50
201900038453,20,6,2019,09:30:00,1,75,75103,2,1,1,3,"RUE DU TEMPLE","48,8610440","2,3558540",201900038453,138 233 813,B01,1,1,0,2,1,1,5,NULL,201900038453,138 233 813,B01,1,1,4,2,1992,1,2,0,-1,0,0,-1,201900038453,4,"RUE DU TEMPLE",0,NULL,2,2,0,1,0,0,1,NULL,NULL,2,0,1,30