Num_Acc,jour,mois,an,hrmn,lum,dep,com,agg,int,atm,col,adr,lat,long,Num_Acc,id_vehicule,num_veh,senc,catv,obs,obsm,choc,manv,motor,occutc,Num_Acc,id_vehicule,num_veh,place,catu,grav,sexe,an_nais,trajet,secu1,secu2,secu3,locp,actp,etatp,Num_Acc,catr,voie,v1,v2,circ,nbv,vosp,prof,pr,pr1,plan,lartpc,larrout,surf,infra,situ,vma
201900038453,20,6,2019,09:30:00,1,75,75103,2,1,1,3,"RUE DU TEMPLE","48,8610440","2,3558540",201900038453,138 233 813,B01,1,1,0,2,1,1,5,NULL,201900038453,138 233 814,A01,1,1,1,1,1974,4,8,8,-1,0,0,-1,201900038453,4,"RUE DU TEMPLE",0,NULL,2,2,0,1,0,0,1,NULL,NULL,2,0,1,30
201900039195,25,8,2019,13:00:00,1,14,14117,2,1,1,3,"GUILLAUME LE CONQUERANT (AVENUE)","49,2837000","0,1338600",201900039195,138 232 402,B01,1,1,0,2,0,0,0,NULL,201900039195,138 232 401,A01,1,1,1,1,1984,5,1,0,-1,0,0,-1,201900039195,3,513,0,NULL,2,2,0,1,34,0,1,NULL,NULL,1,0,1,50
201900039195,25,8,2019,13:00:00,1,14,14117,2,1,1,3,"GUILLAUME LE CONQUERANT (AVENUE)","49,2837000","0,1338600",201900039195,138 232 402,B01,1,1,0,2,0,0,0,NULL,201900039195,138 232 402,B01,1,1,4,1,1969,5,2,8,-1,0,0,-1,201900039195,3,513,0,NULL,2,2,0,1,34,0,1,NULL,NULL,1,0,1,50
201900044011,14,6,2019,09:25:00,1,95,95018,2,3,1,1,"ROLLAND (ALLEE ET PLACE ROMAI","48,9508400","2,2310700",201900044011,138 223 445,A01,3,1,0,2,1,5,5,NULL,201900044011,138 223 444,B01,1,1,1,2,1994,1,1,8,-1,-1,0,-1,201900044011,4,"ROLLAND (ALLEE ET PLACE ROMAI",0,NULL,1,1,0,1,0,0,1,NULL,NULL,1,9,1,30
201900044011,14,6,2019,09:25:00,1,95,95018,2,3,1,1,"ROLLAND (ALLEE ET PLACE ROMAI","48,9508400","2,2310700",201900044011,138 223 445,A01,3,1,0,2,1,5,5,NULL,201900044011,138 223 445,A01,1,1,3,2,1952,5,8,4,-1,-1,0,-1,201900044011,4,"ROLLAND (ALLEE ET PLACE ROMAI",0,NULL,1,1,0,1,0,0,1,NULL,NULL,1,9,1,30
201900044764,28,9,2019,21:45:00,3,40,40046,2,1,1,3,"Route de Parentis","44,3790710"," -1,1380480",201900044764,138 221 931,B01,2,1,0,2,0,2,5,NULL,201900044764,138 221 931,B01,1,1,3,1,2002,5,0,-1,-1,0,0,-1,201900044764,3,652,0,D,-1,2,2,1,21,3,1,NULL,NULL,1,0,1,50
201900044764,28,9,2019,21:45:00,3,40,40046,2,1,1,3,"Route de Parentis","44,3790710"," -1,1380480",201900044764,138 221 931,B01,2,1,0,2,0,2,5,NULL,201900044764,138 221 932,A01,1,1,1,1,1976,0,0,-1,-1,0,0,-1,201900044764,3,652,0,D,-1,2,2,1,21,3,1,NULL,NULL,1,0,1,50
201900045250,16,7,2019,18:55:00,1,75,75115,2,2,1,6,"BOULEVARD PASTEUR","48,8406410","2,3149820",201900045250,138 220 991,A01,2,1,0,1,1,1,5,NULL,201900045250,138 220 991,A01,10,3,4,2,1946,9,8,0,-1,4,3,1,201900045250,4,"BOULEVARD PASTEUR",0,NULL,2,6,1,2,0,0,1,NULL,NULL,1,0,1,50
201900045250,16,7,2019,18:55:00,1,75,75115,2,2,1,6,"BOULEVARD PASTEUR","48,8406410","2,3149820",201900045250,138 220 991,A01,2,1,0,1,1,1,5,NULL,201900045250,138 220 991,A01,1,1,4,1,1958,5,2,0,-1,0,0,-1,201900045250,4,"BOULEVARD PASTEUR",0,NULL,2,6,1,2,0,0,1,NULL,NULL,1,0,1,50
201900045645,7,5,2019,12:20:00,1,92,92007,2,2,1,2,"SUISSES (VOIE DES)","48,8000500","2,3013960",201900045645,138 220 276,A01,1,1,0,2,0,0,0,NULL,201900045645,138 220 276,A01,1,1,4,1,2000,2,8,0,-1,-1,0,-1,201900045645,3,128A,0,NULL,2,2,0,1,0,0,1,NULL,NULL,1,0,1,50
201900046516,26,9,2019,09:15:00,1,75,75114,2,3,8,3,"BOULEVARD RASPAIL","48,8387025","2,3308370",201900046516,138 218 559,B01,2,1,0,2,8,7,5,NULL,201900046516,138 218 558,A01,1,1,4,1,1955,0,1,0,-1,0,0,-1,201900046516,4,"BOULEVARD RASPAIL",0,NULL,2,4,3,1,247,0,1,NULL,NULL,1,0,6,50
201900046516,26,9,2019,09:15:00,1,75,75114,2,3,8,3,"BOULEVARD RASPAIL","48,8387025","2,3308370",201900046516,138 218 559,B01,2,1,0,2,8,7,5,NULL,201900046516,138 218 559,B01,1,1,4,1,1981,1,8,2,-1,0,0,-1,201900046516,4,"BOULEVARD RASPAIL",0,NULL,2,4,3,1,247,0,1,NULL,NULL,1,0,6,50
201900053165,20,2,2019,17:20:00,1,32,32213,1,1,7,1,"LIEU DIT DEZE","43,4486550","0,8849860",201900053165,138 206 061,B01,2,1,0,2,1,1,5,NULL,201900053165,138 206 060,A01,1,1,1,1,1948,5,1,-1,-1,0,0,-1,201900053165,3,537,NULL,NULL,2,2,0,1,3,530,1,NULL,NULL,1,0,1,80
201900053165,20,2,2019,17:20:00,1,32,32213,1,1,7,1,"LIEU DIT DEZE","43,4486550","0,8849860",201900053165,138 206 061,B01,2,1,0,2,1,1,5,NULL,201900053165,138 206 061,B01,1,1,3,1,1961,5,2,-1,-1,0,0,-1,201900053165,3,537,NULL,NULL,2,2,0,1,3,530,1,NULL,NULL,1,0,1,80
201900053253,17,2,2019,17:55:00,1,31,31557,2,1,1,3,"PETIT TRAIN (RUE DU)","43,5792900","1,3264500",201900053253,138 205 912,A01,1,1,0,2,8,9,5,NULL,201900053253,138 205 912,A01,1,1,4,1,2007,5,2,8,-1,-1,0,-1,201900053253,4,"PETIT TRAIN (RUE DU)",0,NULL,2,2,1,1,0,0,1,NULL,NULL,1,0,1,50
201900053253,17,2,2019,17:55:00,1,31,31557,2,1,1,3,"PETIT TRAIN (RUE DU)","43,5792900","1,3264500",201900053253,138 205 912,A01,1,1,0,2,8,9,5,NULL,201900053253,138 205 913,B01,1,1,1,1,1987,5,1,8,-1,-1,0,-1,201900053253,4,"PETIT TRAIN (RUE DU)",0,NULL,2,2,1,1,0,0,1,NULL,NULL,1,0,1,50
201900053563,25,9,2019,11:30:00,1,38,38239,2,1,1,2,"Avenue Louis Moyroud","45,3269800","5,5557800",201900053563,138 205 329,A01,1,1,1,2,8,2,5,NULL,201900053563,138 205 329,A01,1,1,3,1,1948,5,0,-1,-1,0,0,-1,201900053563,3,12,NULL,C,2,2,0,1,7,500,1,NULL,NULL,1,0,1,50
201900053563,25,9,2019,11:30:00,1,38,38239,2,1,1,2,"Avenue Louis Moyroud","45,3269800","5,5557800",201900053563,138 205 329,A01,1,1,1,2,8,2,5,NULL,201900053563,138 205 330,B01,1,1,1,2,1977,4,1,-1,-1,0,0,-1,201900053563,3,12,NULL,C,2,2,0,1,7,500,1,NULL,NULL,1,0,1,50
201900054209,29,3,2019,10:35:00,1,77,77270,1,1,1,3,D228,"48,8672900","2,9966000",201900054209,138 204 109,A01,2,1,0,2,3,1,5,NULL,201900054209,138 204 109,A01,1,1,4,1,2000,5,2,-1,-1,0,0,-1,201900054209,3,228,0,NULL,2,2,0,1,13,215,1,NULL,NULL,1,0,1,80
201900055649,22,9,2019,10:16:00,1,75,75113,2,2,8,3,"QUAI D AUSTERLITZ","48,8419153","2,3678797",201900055649,138 201 477,B01,2,1,0,2,1,7,5,NULL,201900055649,138 201 476,A01,1,1,1,1,1943,0,1,9,-1,0,0,-1,201900055649,4,"QUAI D AUSTERLITZ",0,NULL,2,4,3,3,36,0,1,NULL,NULL,1,0,6,50
201900055649,22,9,2019,10:16:00,1,75,75113,2,2,8,3,"QUAI D AUSTERLITZ","48,8419153","2,3678797",201900055649,138 201 477,B01,2,1,0,2,1,7,5,NULL,201900055649,138 201 477,B01,1,1,4,1,1984,5,2,8,-1,0,0,-1,201900055649,4,"QUAI D AUSTERLITZ",0,NULL,2,4,3,3,36,0,1,NULL,NULL,1,0,6,50
201900056211,14,8,2019,18:15:00,1,73,73011,2,1,7,2,"PIQUAND (RUE EDOUARD)","45,6777795","6,3820492",201900056211,138 200 429,B01,1,1,0,2,4,2,6,NULL,201900056211,138 200 428,A01,1,1,4,1,2003,5,2,6,-1,-1," -1",-1,201900056211,4,"PIQUAND (RUE EDOUARD)",0,NULL,2,2,1,2,(1),(1),1,NULL,NULL,1,0,1,50
201900056211,14,8,2019,18:15:00,1,73,73011,2,1,7,2,"PIQUAND (RUE EDOUARD)","45,6777795","6,3820492",201900056211,138 200 429,B01,1,1,0,2,4,2,6,NULL,201900056211,138 200 429,B01,1,1,4,1,1959,5,2,6,-1,-1," -1",-1,201900056211,4,"PIQUAND (RUE EDOUARD)",0,NULL,2,2,1,2,(1),(1),1,NULL,NULL,1,0,1,50
201900057047,8,7,2019,19:00:00,1,69,69275,2,1,1,1,"LEON TOLSTOI                        (AV)","45,7722816","4,9599023",201900057047,138 198 883,B01,2,1,0,2,3,19,5,NULL,201900057047,138 198 882,A01,1,1,1,1,1971,4,1,0,-1,0,0,-1,201900057047,4,"LEON TOLSTOI                        (AV)",0,NULL,2,2,0,2,0,0,1,NULL,NULL,1,0,1,50
201900057047,8,7,2019,19:00:00,1,69,69275,2,1,1,1,"LEON TOLSTOI                        (AV)","45,7722816","4,9599023",201900057047,138 198 883,B01,2,1,0,2,3,19,5,NULL,201900057047,138 198 883,B01,1,1,3,1,2008,5,2,0,-1,0,0,-1,201900057047,4,"LEON TOLSTOI                        (AV)",0,NULL,2,2,0,2,0,0,1,NULL,NULL,1,0,1,50
201900015481,3,2,2019,14:20:00,1,974,97416,2,1,1,1,"AMIRAL LACAZE(RUE)"," -21,3496100","55,4842000",201900015481,138 277 542,A01,2,1,0,2,1,5,0,NULL,201900015481,138 277 541,B01,1,1,1,1,1988,0,1,0,-1,-1," -1",-1,201900015481,4,"AMIRAL LACAZE(RUE)",0,NULL,1,1,0,2,0,0,3,NULL,NULL,1,0,1,50
201900015481,3,2,2019,14:20:00,1,974,97416,2,1,1,1,"AMIRAL LACAZE(RUE)"," -21,3496100","55,4842000",201900015481,138 277 542,A01,2,1,0,2,1,5,0,NULL,201900015481,138 277 542,A01,1,1,4,1,1962,0,8,0,-1,-1," -1",-1,201900015481,4,"AMIRAL LACAZE(RUE)",0,NULL,1,1,0,2,0,0,3,NULL,NULL,1,0,1,50
201900017509,26,4,2019,17:20:00,1,40,40312,1,1,1,2,"avenue du 1er mai","43,5523300"," -1,4650690",201900017509,138 273 675,B01,1,1,0,2,4,13,5,NULL,201900017509,138 273 675,B01,1,1,3,1,2013,5,2,-1,-1,0,0,-1,201900017509,3,85,0,A,3,4,2,2,4,1,1,NULL,NULL,1,0,1,70
201900017509,26,4,2019,17:20:00,1,40,40312,1,1,1,2,"avenue du 1er mai","43,5523300"," -1,4650690",201900017509,138 273 675,B01,1,1,0,2,4,13,5,NULL,201900017509,138 273 676,A01,1,1,1,1,1957,5,1,-1,-1,0,0,-1,201900017509,3,85,0,A,3,4,2,2,4,1,1,NULL,NULL,1,0,1,70
201900017669,6,8,2019,11:30:00,1,71,71510,2,2,1,3,"Route de Sarry","46,2676820","4,0963640",201900017669,138 273 404,A01,1,1,0,2,1,1,5,NULL,201900017669,138 273 403,B01,1,1,1,2,1952,3,1,-1,-1,0,0,-1,201900017669,3,129,0,D,2,2,0,1,0,400,1,NULL,NULL,1,0,1,50
201900017669,6,8,2019,11:30:00,1,71,71510,2,2,1,3,"Route de Sarry","46,2676820","4,0963640",201900017669,138 273 404,A01,1,1,0,2,1,1,5,NULL,201900017669,138 273 404,A01,1,1,3,2,1943,5,2,6,-1,0,0,-1,201900017669,3,129,0,D,2,2,0,1,0,400,1,NULL,NULL,1,0,1,50
201900019654,1,7,2019,07:00:00,1,69,69131,1,1,1,3,"Avenue de l'Ouest Lyonnais","45,7031300","4,6960700",201900019654,138 269 689,B01,2,1,0,2,3,13,5,NULL,201900019654,138 269 688,A01,1,1,1,1,1979,0,1,-1,-1,0,0,-1,201900019654,3,30,NULL,D,2,2,0,2,0,900,1,NULL,NULL,1,0,1,70
201900019654,1,7,2019,07:00:00,1,69,69131,1,1,1,3,"Avenue de l'Ouest Lyonnais","45,7031300","4,6960700",201900019654,138 269 689,B01,2,1,0,2,3,13,5,NULL,201900019654,138 269 689,B01,1,1,3,1,1947,5,2,-1,-1,0,0,-1,201900019654,3,30,NULL,D,2,2,0,2,0,900,1,NULL,NULL,1,0,1,70
201900024147,11,10,2019,17:00:00,1,64,64417,2,6,1,3,"Cours Pasteur","43,1795250"," -0,2588340",201900024147,138 260 938,B01,3,1,0,2,1,2,6,NULL,201900024147,138 260 938,B01,1,1,4,1,1991,5,0,-1,-1,0,0,-1,201900024147,9,NULL,NULL,NULL,-1,1,0,1,(1),(1),1,NULL,NULL,1,0,1,50
201900024147,11,10,2019,17:00:00,1,64,64417,2,6,1,3,"Cours Pasteur","43,1795250"," -0,2588340",201900024147,138 260 938,B01,3,1,0,2,1,2,6,NULL,201900024147,138 260 939,A01,1,1,1,2,1973,9,1,-1,-1,0,0,-1,201900024147,9,NULL,NULL,NULL,-1,1,0,1,(1),(1),1,NULL,NULL,1,0,1,50
201900026143,26,1,2019,15:06:00,1,93,93006,2,3,2,3,"GIRARDOT RUE","48,8747200","2,4253700",201900026143,138 257 113,A01,2,1,1,2,3,0,5,NULL,201900026143,138 257 112,B01,1,1,1,1,1989,9,1,0,-1,-1," -1",-1,201900026143,4,"GIRARDOT RUE",0,NULL,2,3,1,2,0,0,1,NULL,NULL,2,5,1,50
201900026143,26,1,2019,15:06:00,1,93,93006,2,3,2,3,"GIRARDOT RUE","48,8747200","2,4253700",201900026143,138 257 113,A01,2,1,1,2,3,0,5,NULL,201900026143,138 257 113,A01,2,1,4,1,1992,9,8,0,-1,-1," -1",-1,201900026143,4,"GIRARDOT RUE",0,NULL,2,3,1,2,0,0,1,NULL,NULL,2,5,1,50
201900036842,21,6,2019,08:00:00,1,37,37261,2,1,1,3,"LAPIERRE (RUE GEORGES)","47,3916999","0,6709925",201900036842,138 236 795,A01,1,1,0,2,7,17,5,NULL,201900036842,138 236 794,B01,1,1,1,2,1955,1,1,8,-1,-1," -1",-1,201900036842,4,"LAPIERRE (RUE GEORGES)",0,NULL,1,1,0,1,0,0,1,NULL,NULL,1,0,1,50
201900036842,21,6,2019,08:00:00,1,37,37261,2,1,1,3,"LAPIERRE (RUE GEORGES)","47,3916999","0,6709925",201900036842,138 236 795,A01,1,1,0,2,7,17,5,NULL,201900036842,138 236 795,A01,1,1,4,1,2005,2,8,8,-1,-1,0,-1,201900036842,4,"LAPIERRE (RUE GEORGES)",0,NULL,1,1,0,1,0,0,1,NULL,NULL,1,0,1,50
201900036966,3,10,2019,15:17:00,1,4,04088,2,1,1,3,"Ch de la colle","43,9683680","5,7687430",201900036966,138 236 564,B01,3,1,0,2,8,1,5,NULL,201900036966,138 236 564,B01,1,1,4,1,1959,5,2,-1,-1,0,0,-1,201900036966,4,"Ch de la colle",NULL,NULL,2,2,0,1,(1),(1),4,NULL,NULL,1,0,1,50
201900036966,3,10,2019,15:17:00,1,4,04088,2,1,1,3,"Ch de la colle","43,9683680","5,7687430",201900036966,138 236 564,B01,3,1,0,2,8,1,5,NULL,201900036966,138 236 565,A01,1,1,1,1,1966,0,8,-1,-1,0,0,-1,201900036966,4,"Ch de la colle",NULL,NULL,2,2,0,1,(1),(1),4,NULL,NULL,1,0,1,50
201900037792,6,4,2019,10:30:00,1,91,91326,2,9,1,6,"COUR DE FRANCE (AVENUE DE LA)","48,6970700","2,3719200",201900037792,138 234 966,A01,3,1,0,1,0,25,6,NULL,201900037792,138 234 966,A01,1,1,1,2,1996,4,2,8,-1,0,0,-1,201900037792,9,"COUR DE FRANCE (AVENUE DE LA)",0,NULL,-1,0,0,1,0,0,1,NULL,NULL,1,9,1,50
201900037792,6,4,2019,10:30:00,1,91,91326,2,9,1,6,"COUR DE FRANCE (AVENUE DE LA)","48,6970700","2,3719200",201900037792,138 234 966,A01,3,1,0,1,0,25,6,NULL,201900037792,138 234 966,A01,10,3,4,1,1945,0,8,0,-1,5,9,1,201900037792,9,"COUR DE FRANCE (AVENUE DE LA)",0,NULL,-1,0,0,1,0,0,1,NULL,NULL,1,9,1,50
201900038534,21,6,2019,21:30:00,5,1,01450,2,3,1,3,"rue de l'artisanat","45,9166840","5,2363320",201900038534,138 233 662,A01,3,1,0,2,0,15,5,NULL,201900038534,138 233 662,A01,1,1,3,1,2008,5,0,-1,-1,0,0,-1,201900038534,4,NULL,0,NULL,2,2,0,1,(1),(1),1,NULL,NULL,1,0,1,50
201900044896,29,6,2019,16:00:00,1,9,09302,1,1,1,7,"Aygue-Rouge et Arbu","42,8064610","1,4205660",201900044896,138 221 702,A01,3,1,1,0,0,1,5,NULL,201900044896,138 221 702,A01,1,1,3,1,1961,9,2,-1,-1,0,0,-1,201900044896,3,18,NULL,NULL,1,1,0,2,(1),(1),3,NULL,NULL,1,0,3,80
201900048714,21,3,2019,17:20:00,1,974,97404,2,3,1,3,"Rue Octave Bénard"," -21,2675010","55,3346900",201900048714,138 214 476,A01,1,1,0,2,1,26,5,NULL,201900048714,138 214 476,A01,1,1,4,2,1950,5,2,-1,-1,0,0,-1,201900048714,2,1,NULL,A,2,2,2,1,0,0,2,NULL,NULL,1,0,5,50
201900048714,21,3,2019,17:20:00,1,974,97404,2,3,1,3,"Rue Octave Bénard"," -21,2675010","55,3346900",201900048714,138 214 476,A01,1,1,0,2,1,26,5,NULL,201900048714,138 214 478,B01,1,1,1,1,1974,5,1,-1,-1,0,0,-1,201900048714,2,1,NULL,A,2,2,2,1,0,0,2,NULL,NULL,1,0,5,50
201900049750,29,10,2019,19:00:00,5,44,44109,2,1,2,2,"BOULEVARD DE CARDIFF","47,1988200"," -1,5840700",201900049750,138 212 563,B01,1,1,0,2,8,19,5,NULL,201900049750,138 212 563,B01,1,1,3,2,1984,0,8,0,-1,0,0,-1,201900049750,4,NULL,0,NULL,2,0,0,1,1,0,1,NULL,NULL,2,0,1,50
201900049750,29,10,2019,19:00:00,5,44,44109,2,1,2,2,"BOULEVARD DE CARDIFF","47,1988200"," -1,5840700",201900049750,138 212 563,B01,1,1,0,2,8,19,5,NULL,201900049750,138 212 564,A01,1,1,1,1,1992,0,8,0,-1,0,0,-1,201900049750,4,NULL,0,NULL,2,0,0,1,1,0,1,NULL,NULL,2,0,1,50
201900049918,13,1,2019,11:40:00,1,82,82184,1,1,2,2,"D66, lieu dit les taudis bas","44,0075350","1,5212240",201900049918,138 212 254,B01,2,1,0,2,4,13,5,NULL,201900049918,138 212 254,B01,1,1,3,1,1977,5,2,4,6,0,0,-1,201900049918,3,66,NULL,NULL,2,2,0,1,25,500,1,NULL,NULL,2,0,1,80
201900049918,13,1,2019,11:40:00,1,82,82184,1,1,2,2,"D66, lieu dit les taudis bas","44,0075350","1,5212240",201900049918,138 212 254,B01,2,1,0,2,4,13,5,NULL,201900049918,138 212 255,A01,1,1,1,1,1982,5,1,-1,-1,0,0,-1,201900049918,3,66,NULL,NULL,2,2,0,1,25,500,1,NULL,NULL,2,0,1,80
201900051297,9,6,2019,02:50:00,5,30,30189,2,3,1,3,"FAITA VINCENT (RUE)","43,8456900","4,3716500",201900051297,138 209 710,B01,2,1,0,2,3,1,5,NULL,201900051297,138 209 710,B01,1,1,3,1,1994,0,8,0,-1,-1,0,-1,201900051297,4,NULL,0,NULL,2,1,0,1,0,0,1,NULL,NULL,1,0,1,50
201900052564,8,7,2019,11:55:00,1,14,14069,2,3,1,3,"LOGES (CHEMIN DES)","49,1302600","0,2475950",201900052564,138 207 207,A01,1,1,0,2,1,1,5,NULL,201900052564,138 207 207,A01,1,1,4,1,1955,5,2,8,-1,0,0,-1,201900052564,3,164,0,NULL,2,2,0,1,1,954,1,NULL,NULL,1,0,1,30
201900052564,8,7,2019,11:55:00,1,14,14069,2,3,1,3,"LOGES (CHEMIN DES)","49,1302600","0,2475950",201900052564,138 207 207,A01,1,1,0,2,1,1,5,NULL,201900052564,138 207 208,B01,1,1,1,1,1934,5,1,8,-1,0,0,-1,201900052564,3,164,0,NULL,2,2,0,1,1,954,1,NULL,NULL,1,0,1,30
201900053408,23,9,2019,21:28:00,4,94,94011,2,9,1,3,"MOULIN(RUE JEAN)","48,7677000","2,4834800",201900053408,138 205 624,B01,1,1,0,2,7,1,0,NULL,201900053408,138 205 623,A01,1,1,1,1,1974,0,8,0,-1,-1,0,-1,201900053408,4,"MOULIN(RUE JEAN)",0,NULL,2,1,0,1,0,0,1,NULL,NULL,1,9,1,50
201900053408,23,9,2019,21:28:00,4,94,94011,2,9,1,3,"MOULIN(RUE JEAN)","48,7677000","2,4834800",201900053408,138 205 624,B01,1,1,0,2,7,1,0,NULL,201900053408,138 205 624,B01,1,1,4,1,1987,0,2,0,-1,-1," -1",-1,201900053408,4,"MOULIN(RUE JEAN)",0,NULL,2,1,0,1,0,0,1,NULL,NULL,1,9,1,50
201900056020,27,3,2019,15:20:00,1,94,94021,2,3,1,3,"BOULEVARD CIRCULAIRE","48,7688200","2,3519300",201900056020,138 200 766,B01,3,1,0,2,4,1,5,NULL,201900056020,138 200 766,B01,1,1,4,1,1955,5,8,8,-1,-1," -1",-1,201900056020,4,"BOULEVARD CIRCULAIRE",0,NULL,1,2,0,1,0,0,1,NULL,NULL,1,0,1,60
201900056020,27,3,2019,15:20:00,1,94,94021,2,3,1,3,"BOULEVARD CIRCULAIRE","48,7688200","2,3519300",201900056020,138 200 766,B01,3,1,0,2,4,1,5,NULL,201900056020,138 200 767,A01,1,1,1,1,1965,1,8,0,-1,-1,0,-1,201900056020,4,"BOULEVARD CIRCULAIRE",0,NULL,1,2,0,1,0,0,1,NULL,NULL,1,0,1,60
201900057865,17,2,2019,17:00:00,1,10,10412,1,1,1,6,"ROUTE DÉPARTEMENTALE 172","48,3095940","4,1362990",201900057865,138 197 391,B01,2,1,0,0,8,1,6,NULL,201900057865,138 197 390,C01,1,1,4,1,2001,5,0,-1,-1,0,0,-1,201900057865,3,172,0,NULL,-1,2,0,1,(1),(1),1,NULL,NULL,1,0,1,80
201900057865,17,2,2019,17:00:00,1,10,10412,1,1,1,6,"ROUTE DÉPARTEMENTALE 172","48,3095940","4,1362990",201900057865,138 197 390,C01,2,1,0,0,8,1,6,NULL,201900057865,138 197 390,C01,1,1,4,1,2001,5,0,-1,-1,0,0,-1,201900057865,3,172,0,NULL,-1,2,0,1,(1),(1),1,NULL,NULL,1,0,1,80
201900057865,17,2,2019,17:00:00,1,10,10412,1,1,1,6,"ROUTE DÉPARTEMENTALE 172","48,3095940","4,1362990",201900057865,138 197 391,B01,2,1,0,0,8,1,6,NULL,201900057865,138 197 391,B01,1,1,3,2,1970,5,0,-1,-1,0,0,-1,201900057865,3,172,0,NULL,-1,2,0,1,(1),(1),1,NULL,NULL,1,0,1,80
201900057865,17,2,2019,17:00:00,1,10,10412,1,1,1,6,"ROUTE DÉPARTEMENTALE 172","48,3095940","4,1362990",201900057865,138 197 390,C01,2,1,0,0,8,1,6,NULL,201900057865,138 197 391,B01,1,1,3,2,1970,5,0,-1,-1,0,0,-1,201900057865,3,172,0,NULL,-1,2,0,1,(1),(1),1,NULL,NULL,1,0,1,80
201900057865,17,2,2019,17:00:00,1,10,10412,1,1,1,6,"ROUTE DÉPARTEMENTALE 172","48,3095940","4,1362990",201900057865,138 197 391,B01,2,1,0,0,8,1,6,NULL,201900057865,138 197 392,A01,1,1,1,1,1950,5,1,-1,-1,0,0,-1,201900057865,3,172,0,NULL,-1,2,0,1,(1),(1),1,NULL,NULL,1,0,1,80
201900057865,17,2,2019,17:00:00,1,10,10412,1,1,1,6,"ROUTE DÉPARTEMENTALE 172","48,3095940","4,1362990",201900057865,138 197 390,C01,2,1,0,0,8,1,6,NULL,201900057865,138 197 392,A01,1,1,1,1,1950,5,1,-1,-1,0,0,-1,201900057865,3,172,0,NULL,-1,2,0,1,(1),(1),1,NULL,NULL,1,0,1,80
201900057974,25,3,2019,12:25:00,1,59,59512,2,3,1,3,"SEBASTOPOL (RUE DE)","50,6892000","3,1708580",201900057974,138 197 189,B01,1,1,0,2,2,0,5,NULL,201900057974,138 197 189,B01,1,1,3,2,1969,9,8,0,-1,-1,0,-1,201900057974,4,"SEBASTOPOL (RUE DE)",0,NULL,1,1,1,1,(1),(1),1,NULL,NULL,1,0,1,50
201900057974,25,3,2019,12:25:00,1,59,59512,2,3,1,3,"SEBASTOPOL (RUE DE)","50,6892000","3,1708580",201900057974,138 197 189,B01,1,1,0,2,2,0,5,NULL,201900057974,138 197 192,A01,1,1,1,1,1985,1,1,0,-1,-1,0,-1,201900057974,4,"SEBASTOPOL (RUE DE)",0,NULL,1,1,1,1,(1),(1),1,NULL,NULL,1,0,1,50
201900058115,21,9,2019,16:05:00,1,93,93027,2,1,1,3,"LECLERC (AVENUE DU GENERAL)","48,9287300","2,3835800",201900058115,138 196 935,B01,1,1,0,2,3,25,5,NULL,201900058115,138 196 935,B01,1,1,4,1,2006,5,8,0,-1,0,0,-1,201900058115,3,30,0,NULL,2,1,0,1,0,0,1,NULL,NULL,1,0,3,50
201900058115,21,9,2019,16:05:00,1,93,93027,2,1,1,3,"LECLERC (AVENUE DU GENERAL)","48,9287300","2,3835800",201900058115,138 196 935,B01,1,1,0,2,3,25,5,NULL,201900058115,138 196 938,A01,1,1,1,1,1977,3,1,0,-1,-1," -1",-1,201900058115,3,30,0,NULL,2,1,0,1,0,0,1,NULL,NULL,1,0,3,50
201900009820,26,3,2019,17:20:00,1,17,17256,1,1,1,1,"CD 129","45,8586260"," -0,4619560",201900009820,138 288 166,B01,1,1,0,2,1,1,5,NULL,201900009820,138 288 166,B01,1,1,2,1,1936,5,2,-1,-1,0,0,-1,201900009820,3,129,NULL,NULL,2,2,0,1,32,650,1,NULL,NULL,1,0,1,80
201900009820,26,3,2019,17:20:00,1,17,17256,1,1,1,1,"CD 129","45,8586260"," -0,4619560",201900009820,138 288 166,B01,1,1,0,2,1,1,5,NULL,201900009820,138 288 167,A01,1,1,1,1,1988,1,1,-1,-1,0,0,-1,201900009820,3,129,NULL,NULL,2,2,0,1,32,650,1,NULL,NULL,1,0,1,80
201900012123,23,4,2019,08:45:00,1,75,75111,2,3,1,6,"BOULEVARD JULES FERRY","48,8686640","2,3670650",201900012123,138 283 904,A01,2,1,0,1,1,1,5,NULL,201900012123,138 283 904,A01,1,1,4,1,1972,0,2,0,-1,0,0,-1,201900012123,4,"BOULEVARD JULES FERRY",0,NULL,1,3,1,1,0,0,1,NULL,NULL,1,0,5,50
201900012123,23,4,2019,08:45:00,1,75,75111,2,3,1,6,"BOULEVARD JULES FERRY","48,8686640","2,3670650",201900012123,138 283 904,A01,2,1,0,1,1,1,5,NULL,201900012123,138 283 904,A01,10,3,4,1,1982,0,8,0,-1,4,3,1,201900012123,4,"BOULEVARD JULES FERRY",0,NULL,1,3,1,1,0,0,1,NULL,NULL,1,0,5,50
201900013668,5,2,2019,16:50:00,1,94,94046,2,1,1,6,"GENERAL LECLERC (AV DU)","48,8100000","2,4279700",201900013668,138 280 976,B01,2,1,0,2,7,19,0,NULL,201900013668,138 280 975,A01,1,1,1,1,1996,9,1,0,-1,-1,0,-1,201900013668,3,19,0,NULL,1,4,0,1,0,0,1,NULL,NULL,1,0,1,50