Num_Acc,jour,mois,an,hrmn,lum,dep,com,agg,int,atm,col,adr,lat,long,Num_Acc,id_vehicule,num_veh,senc,catv,obs,obsm,choc,manv,motor,occutc,Num_Acc,id_vehicule,num_veh,place,catu,grav,sexe,an_nais,trajet,secu1,secu2,secu3,locp,actp,etatp,Num_Acc,catr,voie,v1,v2,circ,nbv,vosp,prof,pr,pr1,plan,lartpc,larrout,surf,infra,situ,vma
201900013668,5,2,2019,16:50:00,1,94,94046,2,1,1,6,"GENERAL LECLERC (AV DU)","48,8100000","2,4279700",201900013668,138 280 976,B01,2,1,0,2,7,19,0,NULL,201900013668,138 280 976,B01,1,1,4,1,2002,9,8,0,-1,-1,0,-1,201900013668,3,19,0,NULL,1,4,0,1,0,0,1,NULL,NULL,1,0,1,50
201900014082,29,7,2019,17:30:00,1,63,63070,2,2,1,6,WILSON/Brunmurol,"45,7334900","3,0639600",201900014082,138 280 240,B01,2,1,0,0,0,26,5,NULL,201900014082,138 280 239,A01,1,1,1,1,1966,9,1,0,-1,0,0,-1,201900014082,7,133,NULL,NULL,2,-1,-1,2,(1),(1),3,NULL,NULL,1,0,1,-1
201900014082,29,7,2019,17:30:00,1,63,63070,2,2,1,6,WILSON/Brunmurol,"45,7334900","3,0639600",201900014082,138 280 240,B01,2,1,0,0,0,26,5,NULL,201900014082,138 280 240,B01,2,1,4,1,1980,9,8,0,-1,0,0,-1,201900014082,7,133,NULL,NULL,2,-1,-1,2,(1),(1),3,NULL,NULL,1,0,1,-1
201900014870,28,12,2019,08:30:00,2,62,62863,1,1,1,7,CD941,"50,5161700","2,7697800",201900014870,138 278 652,A01,3,1,0,0,0,1,5,NULL,201900014870,138 278 652,A01,1,1,4,2,1992,1,2,4,-1,-1,0,-1,201900014870,3,941,0,NULL,2,3,0,1,1,0,1,NULL,NULL,1,0,1,80
201900016288,13,5,2019,10:50:00,1,51,51454,2,2,1,1,"PLACE LUTON","49,2700900","4,0253700",201900016288,138 276 035,B01,2,1,0,2,7,1,5,NULL,201900016288,138 276 034,A01,1,1,1,2,2000,5,1,0,-1,-1,0,-1,201900016288,4,"PLACE LUTON",0,NULL,1,2,1,1,0,0,1,NULL,NULL,1,0,1,50
201900016288,13,5,2019,10:50:00,1,51,51454,2,2,1,1,"PLACE LUTON","49,2700900","4,0253700",201900016288,138 276 035,B01,2,1,0,2,7,1,5,NULL,201900016288,138 276 035,B01,1,1,4,2,1976,5,8,0,-1,-1,0,-1,201900016288,4,"PLACE LUTON",0,NULL,1,2,1,1,0,0,1,NULL,NULL,1,0,1,50
201900017281,10,9,2019,12:00:00,1,51,51454,2,1,1,1,"BOULEVARD SAINT MARCEAUX","49,2522424","4,0438949",201900017281,138 274 101,Y01,1,1,0,2,7,12,5,NULL,201900017281,138 274 100,A01,1,1,1,1,1942,5,1,0,-1,-1,0,-1,201900017281,4,"BOULEVARD SAINT MARCEAUX",0,NULL,2,4,0,1,(1),(1),1,NULL,NULL,1,0,1,50
201900017281,10,9,2019,12:00:00,1,51,51454,2,1,1,1,"BOULEVARD SAINT MARCEAUX","49,2522424","4,0438949",201900017281,138 274 101,Y01,1,1,0,2,7,12,5,NULL,201900017281,138 274 101,Y01,1,1,4,1,1998,1,8,0,-1,-1," -1",-1,201900017281,4,"BOULEVARD SAINT MARCEAUX",0,NULL,2,4,0,1,(1),(1),1,NULL,NULL,1,0,1,50
201900018642,25,12,2019,11:45:00,1,64,64445,2,2,1,3,"JEAN MERMOZ","43,3080900"," -0,3765100",201900018642,138 271 571,B01,1,1,0,2,8,1,5,NULL,201900018642,138 271 571,B01,1,1,4,1,2003,0,8,0,-1,0,0,-1,201900018642,4,"JEAN MERMOZ",0,NULL,2,3,0,1,0,0,1,NULL,NULL,1,0,1,50
201900018642,25,12,2019,11:45:00,1,64,64445,2,2,1,3,"JEAN MERMOZ","43,3080900"," -0,3765100",201900018642,138 271 571,B01,1,1,0,2,8,1,5,NULL,201900018642,138 271 572,A01,1,1,1,1,1960,5,8,0,-1,0,0,-1,201900018642,4,"JEAN MERMOZ",0,NULL,2,3,0,1,0,0,1,NULL,NULL,1,0,1,50
201900019693,2,8,2019,12:15:00,1,27,27229,2,1,1,3,"BOUIN (RUE JEAN)","49,0235300","1,1248200",201900019693,138 269 604,B01,0,1,0,2,0,0,5,NULL,201900019693,138 269 604,B01,1,1,4,1,2000,0,2,8,-1,-1," -1",-1,201900019693,4,"BOUIN (RUE JEAN)",0,NULL,2,2,0,1,0,0,1,NULL,NULL,1,0,1,50
201900019693,2,8,2019,12:15:00,1,27,27229,2,1,1,3,"BOUIN (RUE JEAN)","49,0235300","1,1248200",201900019693,138 269 604,B01,0,1,0,2,0,0,5,NULL,201900019693,138 269 605,A01,1,1,1,1,1973,0,1,8,-1,-1," -1",-1,201900019693,4,"BOUIN (RUE JEAN)",0,NULL,2,2,0,1,0,0,1,NULL,NULL,1,0,1,50
201900019720,31,7,2019,15:41:00,1,10,10387,2,1,8,2,"PREIZE (RUE DE)","48,3063200","4,0694700",201900019720,138 269 549,A01,2,1,0,2,1,1,5,NULL,201900019720,138 269 549,A01,1,1,4,1,1981,5,2,8,-1,-1," -1",-1,201900019720,4,"PREIZE (RUE DE)",0,NULL,2,2,0,1,1,0,1,NULL,NULL,1,6,1,50
201900019720,31,7,2019,15:41:00,1,10,10387,2,1,8,2,"PREIZE (RUE DE)","48,3063200","4,0694700",201900019720,138 269 549,A01,2,1,0,2,1,1,5,NULL,201900019720,138 269 550,B01,1,1,1,1,1981,5,1,8,-1,-1," -1",-1,201900019720,4,"PREIZE (RUE DE)",0,NULL,2,2,0,1,1,0,1,NULL,NULL,1,6,1,50
201900020786,12,10,2019,17:30:00,1,13,13209,2,1,1,3,"MORGIOU (chemin de )","43,2357700","5,4104910",201900020786,138 267 532,B01,0,1,0,0,0,0,0,NULL,201900020786,138 267 532,B01,1,1,4,1,1973,5,2,0,-1,-1," -1",-1,201900020786,4,"MORGIOU (chemin de )",0,NULL,2,2,0,1,0,0,1,NULL,NULL,1,0,1,1
201900020786,12,10,2019,17:30:00,1,13,13209,2,1,1,3,"MORGIOU (chemin de )","43,2357700","5,4104910",201900020786,138 267 532,B01,0,1,0,0,0,0,0,NULL,201900020786,138 267 533,A01,1,1,1,1,2000,1,1,-1,-1,-1," -1",-1,201900020786,4,"MORGIOU (chemin de )",0,NULL,2,2,0,1,0,0,1,NULL,NULL,1,0,1,1
201900021448,1,7,2019,17:50:00,1,3,03102,2,2,1,6,"Grande Rue","46,5201538","3,6835027",201900021448,138 266 282,B01,1,1,0,2,8,1,5,NULL,201900021448,138 266 282,B01,1,1,4,1,2002,5,0,-1,-1,0,0,-1,201900021448,3,779,0,NULL,2,2,0,2,32,529,1,NULL,NULL,1,0,1,50
201900021448,1,7,2019,17:50:00,1,3,03102,2,2,1,6,"Grande Rue","46,5201538","3,6835027",201900021448,138 266 282,B01,1,1,0,2,8,1,5,NULL,201900021448,138 266 283,A01,1,1,1,2,1942,3,1,-1,-1,0,0,-1,201900021448,3,779,0,NULL,2,2,0,2,32,529,1,NULL,NULL,1,0,1,50
201900021448,1,7,2019,17:50:00,1,3,03102,2,2,1,6,"Grande Rue","46,5201538","3,6835027",201900021448,138 266 282,B01,1,1,0,2,8,1,5,NULL,201900021448,138 266 284,C01,1,1,1,2,1970,3,1,-1,-1,0,0,-1,201900021448,3,779,0,NULL,2,2,0,2,32,529,1,NULL,NULL,1,0,1,50
201900022139,10,11,2019,12:40:00,1,75,75120,2,1,1,3,"BOULEVARD DE BELLEVILLE","48,8715375","2,3775932",201900022139,138 264 929,B01,1,1,0,2,1,1,5,NULL,201900022139,138 264 928,A01,1,1,1,1,2000,0,1,0,-1,0,0,-1,201900022139,4,"BOULEVARD DE BELLEVILLE",0,NULL,3,2,1,1,122,0,1,NULL,NULL,1,0,5,50
201900022139,10,11,2019,12:40:00,1,75,75120,2,1,1,3,"BOULEVARD DE BELLEVILLE","48,8715375","2,3775932",201900022139,138 264 929,B01,1,1,0,2,1,1,5,NULL,201900022139,138 264 929,B01,1,1,4,1,1985,0,8,2,-1,0,0,-1,201900022139,4,"BOULEVARD DE BELLEVILLE",0,NULL,3,2,1,1,122,0,1,NULL,NULL,1,0,5,50
201900022707,10,10,2019,19:35:00,5,75,75118,2,1,1,3,"RUE ORDENER","48,8929894","2,3410362",201900022707,138 263 861,B01,1,1,0,2,3,1,5,NULL,201900022707,138 263 861,B01,1,1,4,1,1992,0,2,8,-1,0,0,-1,201900022707,4,"RUE ORDENER",0,NULL,2,2,0,1,0,0,1,NULL,NULL,1,0,1,50
201900022707,10,10,2019,19:35:00,5,75,75118,2,1,1,3,"RUE ORDENER","48,8929894","2,3410362",201900022707,138 263 861,B01,1,1,0,2,3,1,5,NULL,201900022707,138 263 862,A01,1,1,1,1,1962,9,1,0,-1,0,0,-1,201900022707,4,"RUE ORDENER",0,NULL,2,2,0,1,0,0,1,NULL,NULL,1,0,1,50
201900023154,5,4,2019,03:40:00,3,59,59507,1,1,1,5,"AUTOROUTE A1","50,6028880","3,1021400",201900023154,138 263 025,A01,2,1,0,2,4,1,5,NULL,201900023154,138 263 023,C01,1,1,1,2,1953,1,1,0,-1,-1," -1",-1,201900023154,1,1,0,NULL,3,10,0,1,210,400,1,NULL,NULL,1,0,1,70
201900023154,5,4,2019,03:40:00,3,59,59507,1,1,1,5,"AUTOROUTE A1","50,6028880","3,1021400",201900023154,138 263 025,A01,2,1,0,2,4,1,5,NULL,201900023154,138 263 024,B01,1,1,1,1,1969,1,1,0,-1,-1," -1",-1,201900023154,1,1,0,NULL,3,10,0,1,210,400,1,NULL,NULL,1,0,1,70
201900023154,5,4,2019,03:40:00,3,59,59507,1,1,1,5,"AUTOROUTE A1","50,6028880","3,1021400",201900023154,138 263 025,A01,2,1,0,2,4,1,5,NULL,201900023154,138 263 025,A01,1,1,2,1,1982,0,8,0,-1,-1," -1",-1,201900023154,1,1,0,NULL,3,10,0,1,210,400,1,NULL,NULL,1,0,1,70
201900023274,28,6,2019,09:45:00,1,35,35051,1,3,1,3,"FOUGERES (ROUTE DE)","48,1458454"," -1,6073237",201900023274,138 262 738,B01,1,1,1,0,1,5,5,NULL,201900023274,138 262 738,B01,2,1,4,1,1980,0,2,0,-1,-1,0,-1,201900023274,3,386,0,NULL,2,2,1,1,0,1624,1,NULL,NULL,1,0,1,80
201900023274,28,6,2019,09:45:00,1,35,35051,1,3,1,3,"FOUGERES (ROUTE DE)","48,1458454"," -1,6073237",201900023274,138 262 738,B01,1,1,1,0,1,5,5,NULL,201900023274,138 262 739,A01,1,1,1,1,1975,1,8,0,-1,-1," -1",-1,201900023274,3,386,0,NULL,2,2,1,1,0,1624,1,NULL,NULL,1,0,1,80
201900024265,9,10,2019,12:50:00,1,37,37261,2,1,1,7,"BERANGER (BOULEVARD)","47,3894500","0,6827700",201900024265,138 260 723,A01,1,1,0,0,1,15,5,NULL,201900024265,138 260 723,A01,1,1,4,2,1963,5,8,0,-1,-1," -1",-1,201900024265,4,"BERANGER (BOULEVARD)",0,NULL,3,2,0,1,0,0,1,NULL,NULL,1,0,1,50
201900025403,26,5,2019,17:40:00,1,67,67482,2,3,1,3,"ALTENHEIM (ROUTE D )","48,5401700","7,7677700",201900025403,138 258 534,A01,1,1,0,2,1,1,5,NULL,201900025403,138 258 534,A01,1,1,4,1,2007,5,2,8,-1,-1,0,-1,201900025403,4,"ALTENHEIM (ROUTE D )",0,NULL,2,2,0,1,0,0,1,NULL,NULL,1,0,1,50
201900025403,26,5,2019,17:40:00,1,67,67482,2,3,1,3,"ALTENHEIM (ROUTE D )","48,5401700","7,7677700",201900025403,138 258 534,A01,1,1,0,2,1,1,5,NULL,201900025403,138 258 535,B01,1,1,1,2,1958,5,1,8,-1,-1,0,-1,201900025403,4,"ALTENHEIM (ROUTE D )",0,NULL,2,2,0,1,0,0,1,NULL,NULL,1,0,1,50
201900026619,28,6,2019,18:40:00,1,21,21007,2,3,7,3,"Pont d'Aisy","47,3891440","4,3010720",201900026619,138 256 217,B01,1,1,0,2,0,1,5,NULL,201900026619,138 256 216,A01,1,1,1,1,1934,5,1,-1,-1,0,0,-1,201900026619,3,70,NULL,NULL,2,3,0,2,13,490,1,NULL,NULL,1,5,1,50
201900026619,28,6,2019,18:40:00,1,21,21007,2,3,7,3,"Pont d'Aisy","47,3891440","4,3010720",201900026619,138 256 217,B01,1,1,0,2,0,1,5,NULL,201900026619,138 256 217,B01,1,1,3,1,1960,5,0,-1,-1,0,0,-1,201900026619,3,70,NULL,NULL,2,3,0,2,13,490,1,NULL,NULL,1,5,1,50
201900026951,27,7,2019,10:20:00,1,6,06122,2,1,1,2,"Chemin du moulin","43,7462260","7,1385190",201900026951,138 255 626,A01,3,1,0,2,1,1,5,NULL,201900026951,138 255 625,B01,1,1,1,1,1974,4,8,-1,-1,0,0,-1,201900026951,4,NULL,NULL,NULL,-1,2,0,2,(1),(1),1,NULL,NULL,1,0,1,-1
201900026951,27,7,2019,10:20:00,1,6,06122,2,1,1,2,"Chemin du moulin","43,7462260","7,1385190",201900026951,138 255 626,A01,3,1,0,2,1,1,5,NULL,201900026951,138 255 626,A01,1,1,3,1,1953,5,2,6,-1,0,0,-1,201900026951,4,NULL,NULL,NULL,-1,2,0,2,(1),(1),1,NULL,NULL,1,0,1,-1
201900027303,22,5,2019,21:20:00,2,51,51454,2,1,1,3,"PLACE DES COMBATTANTS D'AFN","49,2200278","4,0219369",201900027303,138 254 931,B01,1,1,0,2,4,1,5,NULL,201900027303,138 254 930,A01,1,1,1,1,1975,0,1,8,-1,-1,0,-1,201900027303,3,951,0,NULL,1,0,0,1,(1),(1),3,NULL,NULL,1,0,1,50
201900027303,22,5,2019,21:20:00,2,51,51454,2,1,1,3,"PLACE DES COMBATTANTS D'AFN","49,2200278","4,0219369",201900027303,138 254 931,B01,1,1,0,2,4,1,5,NULL,201900027303,138 254 931,B01,1,1,4,1,1998,4,8,0,-1,-1,0,-1,201900027303,3,951,0,NULL,1,0,0,1,(1),(1),3,NULL,NULL,1,0,1,50
201900030150,26,6,2019,08:40:00,1,1,01030,2,3,1,1,"impasse de la sablière","46,0021610","4,7533740",201900030150,138 249 614,B01,2,1,0,2,1,23,6,NULL,201900030150,138 249 614,B01,1,1,3,2,1957,5,0,-1,-1,0,0,-1,201900030150,3,44,NULL,NULL,2,2,0,1,7,547,1,NULL,NULL,1,0,1,50
201900030150,26,6,2019,08:40:00,1,1,01030,2,3,1,1,"impasse de la sablière","46,0021610","4,7533740",201900030150,138 249 614,B01,2,1,0,2,1,23,6,NULL,201900030150,138 249 615,A01,1,1,1,2,1959,5,1,-1,-1,0,0,-1,201900030150,3,44,NULL,NULL,2,2,0,1,7,547,1,NULL,NULL,1,0,1,50
201900037520,26,2,2019,17:49:00,1,35,35238,2,3,1,3,GINGUENE,"48,0994500"," -1,6757200",201900037520,138 235 477,B01,2,1,0,2,8,2,5,NULL,201900037520,138 235 477,B01,1,1,4,1,1963,1,8,8,-1,-1," -1",-1,201900037520,4,GINGUENE,0,NULL,2,2,2,1,0,0,1,NULL,NULL,1,1,1,50
201900037520,26,2,2019,17:49:00,1,35,35238,2,3,1,3,GINGUENE,"48,0994500"," -1,6757200",201900037520,138 235 477,B01,2,1,0,2,8,2,5,NULL,201900037520,138 235 478,A01,1,1,1,1,1979,0,1,8,-1,-1,0,-1,201900037520,4,GINGUENE,0,NULL,2,2,2,1,0,0,1,NULL,NULL,1,1,1,50
201900037576,15,2,2019,19:00:00,2,22,22187,2,1,1,1,"ROSELIER (rue du ) ","48,5533700"," -2,7187562",201900037576,138 235 374,B01,1,1,0,2,1,1,5,NULL,201900037576,138 235 373,A01,1,1,4,2,1993,5,8,6,-1,0,0,-1,201900037576,3,36,0,NULL,2,0,0,1,0,0,3,NULL,NULL,1,0,1,50
201900037576,15,2,2019,19:00:00,2,22,22187,2,1,1,1,"ROSELIER (rue du ) ","48,5533700"," -2,7187562",201900037576,138 235 374,B01,1,1,0,2,1,1,5,NULL,201900037576,138 235 374,B01,1,1,4,2,1992,5,8,0,-1,0,0,-1,201900037576,3,36,0,NULL,2,0,0,1,0,0,3,NULL,NULL,1,0,1,50
201900041334,4,4,2019,20:00:00,1,75,75112,2,4,1,3,"ROUTE DE LA PYRAMIDE","48,8400850","2,4367170",201900041334,138 228 471,B01,3,1,0,2,7,19,5,NULL,201900041334,138 228 471,B01,1,1,4,2,1955,5,2,0,-1,0,0,-1,201900041334,4,"ROUTE DE LA PYRAMIDE",0,NULL,2,2,0,1,0,0,1,NULL,NULL,1,0,1,50
201900041334,4,4,2019,20:00:00,1,75,75112,2,4,1,3,"ROUTE DE LA PYRAMIDE","48,8400850","2,4367170",201900041334,138 228 471,B01,3,1,0,2,7,19,5,NULL,201900041334,138 228 472,A01,1,1,1,2,1994,1,1,0,-1,0,0,-1,201900041334,4,"ROUTE DE LA PYRAMIDE",0,NULL,2,2,0,1,0,0,1,NULL,NULL,1,0,1,50
201900041405,4,4,2019,09:30:00,1,92,92062,2,1,1,6,"REPUBLIQUE (RUE DE LA) DU 102 AU 200","48,8837800","2,2335700",201900041405,138 228 334,A01,3,1,0,1,1,1,5,NULL,201900041405,138 228 334,A01,10,3,4,1,1965,0,8,0,-1,4,3,1,201900041405,4,"REPUBLIQUE (RUE DE LA) DU 102 AU 200",0,NULL,2,3,0,2,0,0,1,NULL,NULL,1,0,1,50
201900041405,4,4,2019,09:30:00,1,92,92062,2,1,1,6,"REPUBLIQUE (RUE DE LA) DU 102 AU 200","48,8837800","2,2335700",201900041405,138 228 334,A01,3,1,0,1,1,1,5,NULL,201900041405,138 228 334,A01,1,1,1,2,1995,5,2,8,-1,-1,0,-1,201900041405,4,"REPUBLIQUE (RUE DE LA) DU 102 AU 200",0,NULL,2,3,0,2,0,0,1,NULL,NULL,1,0,1,50
201900041769,28,11,2019,18:20:00,3,976,97611,1,9,1,7,"m'tsapere-Nationale 2 (route)"," -12,8047900","45,2106300",201900041769,138 227 662,B01,2,1,0,2,1,9,6,NULL,201900041769,138 227 662,B01,1,1,4,1,1976,9,0,-1,-1,-1," -1",-1,201900041769,2,2,0,NULL,2,2,0,1,0,0,1,NULL,NULL,1,9,1,50
201900044012,14,6,2019,20:20:00,1,91,91589,2,2,1,3,"PERI (AVENUE GABRIEL)","48,6911300","2,3503100",201900044012,138 223 426,A01,1,1,0,2,1,1,0,NULL,201900044012,138 223 426,A01,1,1,4,1,2007,5,2,0,-1,0,0,-1,201900044012,4,"PERI (AVENUE GABRIEL)",0,NULL,2,2,0,1,0,0,1,NULL,NULL,1,0,1,50
201900044012,14,6,2019,20:20:00,1,91,91589,2,2,1,3,"PERI (AVENUE GABRIEL)","48,6911300","2,3503100",201900044012,138 223 426,A01,1,1,0,2,1,1,0,NULL,201900044012,138 223 427,B01,1,1,1,2,1974,1,1,8,-1,0,0,-1,201900044012,4,"PERI (AVENUE GABRIEL)",0,NULL,2,2,0,1,0,0,1,NULL,NULL,1,0,1,50
201900045654,16,5,2019,17:35:00,1,92,92009,2,3,1,3,"CHARLES-DE-GAULLE ( AVENUE )","48,9199049","2,2770079",201900045654,138 220 257,A01,0,1,0,2,1,15,0,NULL,201900045654,138 220 257,A01,1,1,1,1,2005,0,8,0,-1,-1,0,-1,201900045654,3,11,0,B,-1,2,0,1,0,0,1,NULL,NULL,1,0,1,50
201900045654,16,5,2019,17:35:00,1,92,92009,2,3,1,3,"CHARLES-DE-GAULLE ( AVENUE )","48,9199049","2,2770079",201900045654,138 220 257,A01,0,1,0,2,1,15,0,NULL,201900045654,138 220 258,B01,1,1,4,1,2002,0,2,6,-1,-1,0,-1,201900045654,3,11,0,B,-1,2,0,1,0,0,1,NULL,NULL,1,0,1,50
201900046343,5,1,2019,01:10:00,5,33,33063,2,2,1,4,"départ accident 20 Crs de l'Yser","44,8207200"," -0,5717600",201900046343,138 218 892,C01,1,1,0,2,4,1,5,NULL,201900046343,138 218 892,C01,1,1,3,2,1983,5,8,8,-1,-1," -1",-1,201900046343,4,"YSER (CRS DE L)",0,NULL,2,4,2,1,0,0,1,NULL,NULL,1,0,1,50
201900046343,5,1,2019,01:10:00,5,33,33063,2,2,1,4,"départ accident 20 Crs de l'Yser","44,8207200"," -0,5717600",201900046343,138 218 892,C01,1,1,0,2,4,1,5,NULL,201900046343,138 218 893,B01,1,1,1,1,1999,0,1,0,-1,-1," -1",-1,201900046343,4,"YSER (CRS DE L)",0,NULL,2,4,2,1,0,0,1,NULL,NULL,1,0,1,50
201900046343,5,1,2019,01:10:00,5,33,33063,2,2,1,4,"départ accident 20 Crs de l'Yser","44,8207200"," -0,5717600",201900046343,138 218 892,C01,1,1,0,2,4,1,5,NULL,201900046343,138 218 894,A01,1,1,1,1,1968,5,1,0,-1,-1," -1",-1,201900046343,4,"YSER (CRS DE L)",0,NULL,2,4,2,1,0,0,1,NULL,NULL,1,0,1,50
201900048862,16,7,2019,09:10:00,1,56,56123,1,4,7,3,"RD774 - Route de St Fiacre","47,6912313"," -2,3429310",201900048862,138 214 223,B01,2,1,0,2,1,1,5,NULL,201900048862,138 214 223,B01,1,1,2,1,1951,5,2,-1,-1,0,0,-1,201900048862,3,774,NULL,NULL,2,2,-1,4,15,216,4,NULL,NULL,1,0,1,80
201900048862,16,7,2019,09:10:00,1,56,56123,1,4,7,3,"RD774 - Route de St Fiacre","47,6912313"," -2,3429310",201900048862,138 214 223,B01,2,1,0,2,1,1,5,NULL,201900048862,138 214 224,A01,1,1,1,2,1950,9,1,-1,-1,0,0,-1,201900048862,3,774,NULL,NULL,2,2,-1,4,15,216,4,NULL,NULL,1,0,1,80
201900051214,22,5,2019,11:30:00,1,33,33063,2,2,1,6,"RUE BLANQUI","44,8699180"," -0,5507130",201900051214,138 209 862,B01,0,1,0,2,1,1,5,NULL,201900051214,138 209 861,A01,1,1,1,1,1969,0,8,0,-1,0," -1",-1,201900051214,4,"RUE BLANQUI",0,NULL,1,0,2,1,0,0,1,NULL,NULL,1,0,1,50
201900051214,22,5,2019,11:30:00,1,33,33063,2,2,1,6,"RUE BLANQUI","44,8699180"," -0,5507130",201900051214,138 209 862,B01,0,1,0,2,1,1,5,NULL,201900051214,138 209 862,B01,1,1,4,1,1961,1,8,0,-1,0," -1",-1,201900051214,4,"RUE BLANQUI",0,NULL,1,0,2,1,0,0,1,NULL,NULL,1,0,1,50
201900057854,14,2,2019,12:30:00,1,49,49092,2,2,7,3,"Rue des venelles - CHEMILLE","47,2133880"," -0,7274530",201900057854,138 197 409,B01,0,1,0,2,0,1,5,NULL,201900057854,138 197 409,B01,1,1,3,2,1948,3,0,0,0,-1," -1",-1,201900057854,4,NULL,0,NULL,2,2,1,1,(1),(1),1,NULL,NULL,1,5,1,30
201900057854,14,2,2019,12:30:00,1,49,49092,2,2,7,3,"Rue des venelles - CHEMILLE","47,2133880"," -0,7274530",201900057854,138 197 409,B01,0,1,0,2,0,1,5,NULL,201900057854,138 197 411,A01,1,1,1,2,1988,1,1,-1,-1,0,0,-1,201900057854,4,NULL,0,NULL,2,2,1,1,(1),(1),1,NULL,NULL,1,5,1,30
201900058158,22,10,2019,07:35:00,2,78,78158,2,6,1,3,"VERSAILLES (RUE DE)","48,8224550","2,1274480",201900058158,138 196 865,B01,3,1,0,2,0,19,0,NULL,201900058158,138 196 865,B01,1,1,4,1,1968,1,8,0,-1,-1," -1",-1,201900058158,4,"VERSAILLES (RUE DE)",0,NULL,2,2,0,1,0,0,1,NULL,NULL,1,5,1,50
201900058158,22,10,2019,07:35:00,2,78,78158,2,6,1,3,"VERSAILLES (RUE DE)","48,8224550","2,1274480",201900058158,138 196 865,B01,3,1,0,2,0,19,0,NULL,201900058158,138 196 867,A01,1,1,1,2,1933,5,1,0,-1,-1," -1",-1,201900058158,4,"VERSAILLES (RUE DE)",0,NULL,2,2,0,1,0,0,1,NULL,NULL,1,5,1,50
201900008943,23,11,2019,16:50:00,2,34,34172,2,9,1,3,"GOSSEC (RUE FRANCOIS-JOSEPH)","43,5751200","3,8597400",201900008943,138 289 786,A01,2,1,0,2,6,26,6,NULL,201900008943,138 289 785,B01,1,1,1,1,1998,0,1,0,-1,0,0,-1,201900008943,3,132,0,NULL,-1,2,0,1,8,660,3,NULL,NULL,1,0,1,50
201900008943,23,11,2019,16:50:00,2,34,34172,2,9,1,3,"GOSSEC (RUE FRANCOIS-JOSEPH)","43,5751200","3,8597400",201900008943,138 289 786,A01,2,1,0,2,6,26,6,NULL,201900008943,138 289 786,A01,1,1,4,1,1974,0,8,0,-1,0,0,-1,201900008943,3,132,0,NULL,-1,2,0,1,8,660,3,NULL,NULL,1,0,1,50
201900019096,10,9,2019,17:55:00,1,69,69286,2,4,1,1,"BIEVRE (DE LA)                      (R )","45,8266200","4,8916100",201900019096,138 270 759,B01,2,1,0,2,8,15,5,NULL,201900019096,138 270 758,A01,1,1,1,2,1931,5,1,0,-1,-1,0,-1,201900019096,4,"BIEVRE (DE LA)                      (R )",0,NULL,2,4,0,1,0,0,1,NULL,NULL,1,0,1,50
201900019096,10,9,2019,17:55:00,1,69,69286,2,4,1,1,"BIEVRE (DE LA)                      (R )","45,8266200","4,8916100",201900019096,138 270 759,B01,2,1,0,2,8,15,5,NULL,201900019096,138 270 759,B01,1,1,3,2,2004,2,8,0,-1,-1,0,-1,201900019096,4,"BIEVRE (DE LA)                      (R )",0,NULL,2,4,0,1,0,0,1,NULL,NULL,1,0,1,50
201900019719,1,8,2019,05:06:00,5,10,10333,2,9,1,3,"MARECHAL LECLERC (RUE DU)","48,2770000","4,0499000",201900019719,138 269 552,A01,3,1,0,2,3,15,5,NULL,201900019719,138 269 551,B01,1,1,1,1,1993,1,1,8,-1,-1," -1",-1,201900019719,4,"MARECHAL LECLERC (RUE DU)",0,NULL,2,2,0,1,0,0,1,NULL,NULL,1,0,1,50
201900019719,1,8,2019,05:06:00,5,10,10333,2,9,1,3,"MARECHAL LECLERC (RUE DU)","48,2770000","4,0499000",201900019719,138 269 552,A01,3,1,0,2,3,15,5,NULL,201900019719,138 269 552,A01,1,1,4,1,1989,1,8,0,-1,-1,0,-1,201900019719,4,"MARECHAL LECLERC (RUE DU)",0,NULL,2,2,0,1,0,0,1,NULL,NULL,1,0,1,50
201900019927,27,5,2019,16:49:00,1,95,95051,2,1,1,6,"EGALITE (AVENUE)","49,0171500","2,1843800",201900019927,138 269 162,A01,3,1,0,1,1,1,5,NULL,201900019927,138 269 162,A01,1,1,1,1,1966,5,8,0,-1,-1,0,-1,201900019927,4,"EGALITE (AVENUE)",0,NULL,2,1,0,1,0,0,1,NULL,NULL,1,0,1,10
201900019927,27,5,2019,16:49:00,1,95,95051,2,1,1,6,"EGALITE (AVENUE)","49,0171500","2,1843800",201900019927,138 269 162,A01,3,1,0,1,1,1,5,NULL,201900019927,138 269 162,A01,10,3,1,2,1991,5,8,0,-1,1,3,2,201900019927,4,"EGALITE (AVENUE)",0,NULL,2,1,0,1,0,0,1,NULL,NULL,1,0,1,10
201900019927,27,5,2019,16:49:00,1,95,95051,2,1,1,6,"EGALITE (AVENUE)","49,0171500","2,1843800",201900019927,138 269 162,A01,3,1,0,1,1,1,5,NULL,201900019927,138 269 162,A01,10,3,4,1,2017,5,8,0,-1,1,3,2,201900019927,4,"EGALITE (AVENUE)",0,NULL,2,1,0,1,0,0,1,NULL,NULL,1,0,1,10
201900020515,27,12,2019,20:10:00,3,34,34151,1,1,1,2,D34,"43,6656780","4,1601170",201900020515,138 268 049,A01,2,1,0,2,4,1,5,NULL,201900020515,138 268 049,A01,1,1,3,1,2004,5,0,-1,-1,0,0,-1,201900020515,3,34,NULL,NULL,2,2,0,1,12,700,1,NULL,NULL,1,0,1,-1