Num_Acc,jour,mois,an,hrmn,lum,dep,com,agg,int,atm,col,adr,lat,long,Num_Acc,id_vehicule,num_veh,senc,catv,obs,obsm,choc,manv,motor,occutc,Num_Acc,id_vehicule,num_veh,place,catu,grav,sexe,an_nais,trajet,secu1,secu2,secu3,locp,actp,etatp,Num_Acc,catr,voie,v1,v2,circ,nbv,vosp,prof,pr,pr1,plan,lartpc,larrout,surf,infra,situ,vma
201900020515,27,12,2019,20:10:00,3,34,34151,1,1,1,2,D34,"43,6656780","4,1601170",201900020515,138 268 049,A01,2,1,0,2,4,1,5,NULL,201900020515,138 268 050,B01,1,1,1,1,1971,1,1,-1,-1,0,0,-1,201900020515,3,34,NULL,NULL,2,2,0,1,12,700,1,NULL,NULL,1,0,1,-1
201900021508,31,7,2019,06:00:00,2,33,33394,1,1,1,3,"RD 243","44,9104200"," -0,1941700",201900021508,138 266 163,B01,1,1,0,2,3,15,5,NULL,201900021508,138 266 162,A01,1,1,1,1,1964,1,1,-1,-1,0,0,-1,201900021508,3,243,NULL,NULL,2,2,0,1,3,625,1,NULL,NULL,1,0,1,80
201900021508,31,7,2019,06:00:00,2,33,33394,1,1,1,3,"RD 243","44,9104200"," -0,1941700",201900021508,138 266 163,B01,1,1,0,2,3,15,5,NULL,201900021508,138 266 163,B01,1,1,3,1,1997,1,4,-1,-1,0,0,-1,201900021508,3,243,NULL,NULL,2,2,0,1,3,625,1,NULL,NULL,1,0,1,80
201900021677,30,7,2019,18:20:00,1,13,13209,2,1,1,3,"SAINTE MARGUERITE (BOULEVARD)","43,2654173","5,4088837",201900021677,138 265 857,B01,2,1,0,2,8,1,0,NULL,201900021677,138 265 857,B01,1,1,4,1,1988,5,8,0,-1,-1," -1",-1,201900021677,4,"SAINTE MARGUERITE (BOULEVARD)",0,NULL,2,2,0,1,0,0,1,NULL,NULL,1,0,1,50
201900021677,30,7,2019,18:20:00,1,13,13209,2,1,1,3,"SAINTE MARGUERITE (BOULEVARD)","43,2654173","5,4088837",201900021677,138 265 857,B01,2,1,0,2,8,1,0,NULL,201900021677,138 265 858,A01,1,1,1,2,1982,0,1,0,-1,-1,0,-1,201900021677,4,"SAINTE MARGUERITE (BOULEVARD)",0,NULL,2,2,0,1,0,0,1,NULL,NULL,1,0,1,50
201900023010,16,4,2019,06:50:00,3,69,69382,2,2,2,3,"GENTIL                              (R )","45,7649433","4,8358952",201900023010,138 263 286,B01,2,1,0,2,7,1,5,NULL,201900023010,138 263 285,A01,1,1,1,1,1963,1,1,0,-1,-1," -1",-1,201900023010,4,"GENTIL                              (R )",0,NULL,1,2,0,1,0,0,1,NULL,NULL,2,0,1,30
201900023010,16,4,2019,06:50:00,3,69,69382,2,2,2,3,"GENTIL                              (R )","45,7649433","4,8358952",201900023010,138 263 286,B01,2,1,0,2,7,1,5,NULL,201900023010,138 263 286,B01,1,1,4,1,1974,1,8,0,-1,-1," -1",-1,201900023010,4,"GENTIL                              (R )",0,NULL,1,2,0,1,0,0,1,NULL,NULL,2,0,1,30
201900024559,7,9,2019,09:25:00,1,973,97302,2,1,1,1,"ZEPHIR (ROCADE)","4,9263083"," -52,3210359",201900024559,138 260 157,B01,2,1,0,0,0,0,5,NULL,201900024559,138 260 157,B01,1,1,4,1,2009,0,0,-1,-1,-1,0,-1,201900024559,3,18,0,NULL,2,2,0,1,1,0,1,NULL,NULL,1,0,1,50
201900024559,7,9,2019,09:25:00,1,973,97302,2,1,1,1,"ZEPHIR (ROCADE)","4,9263083"," -52,3210359",201900024559,138 260 157,B01,2,1,0,0,0,0,5,NULL,201900024559,138 260 158,A01,1,1,1,1,1996,5,1,8,-1,-1,0,-1,201900024559,3,18,0,NULL,2,2,0,1,1,0,1,NULL,NULL,1,0,1,50
201900026391,6,9,2019,17:30:00,1,75,75116,2,7,1,3,"CARREFOUR DES ANCIENS COMBATTANTS   BOUL","48,8484932","2,2421175",201900026391,138 256 619,A01,1,1,0,2,3,14,5,NULL,201900026391,138 256 618,B01,1,1,1,2,1930,5,1,0,-1,0,0,-1,201900026391,4,"CARREFOUR DES ANCIENS COMBATTANTS   BOUL",0,NULL,1,2,0,1,0,0,2,NULL,NULL,1,0,1,50
201900026391,6,9,2019,17:30:00,1,75,75116,2,7,1,3,"CARREFOUR DES ANCIENS COMBATTANTS   BOUL","48,8484932","2,2421175",201900026391,138 256 619,A01,1,1,0,2,3,14,5,NULL,201900026391,138 256 619,A01,1,1,4,1,1959,5,2,8,-1,0,0,-1,201900026391,4,"CARREFOUR DES ANCIENS COMBATTANTS   BOUL",0,NULL,1,2,0,1,0,0,2,NULL,NULL,1,0,1,50
201900027043,6,3,2019,10:10:00,1,974,97411,2,9,1,2,"JAURES (BOULEVARD JEAN)"," -20,8974200","55,4753900",201900027043,138 255 463,B01,1,1,0,2,5,1,5,NULL,201900027043,138 255 462,A01,1,1,1,1,1975,1,1,0,-1,-1," -1",-1,201900027043,4,"JAURES (BOULEVARD JEAN)",0,NULL,1,0,1,1,0,0,2,NULL,NULL,1,9,1,50
201900027043,6,3,2019,10:10:00,1,974,97411,2,9,1,2,"JAURES (BOULEVARD JEAN)"," -20,8974200","55,4753900",201900027043,138 255 463,B01,1,1,0,2,5,1,5,NULL,201900027043,138 255 463,B01,1,1,4,1,1967,5,2,8,-1,-1," -1",-1,201900027043,4,"JAURES (BOULEVARD JEAN)",0,NULL,1,0,1,1,0,0,2,NULL,NULL,1,9,1,50
201900030078,4,9,2019,15:45:00,1,75,75107,2,1,1,3,"RUE DE GRENELLE","48,8578840","2,3158900",201900030078,138 249 750,B01,1,1,0,2,7,1,5,NULL,201900030078,138 249 749,A01,1,1,1,1,1994,4,1,0,-1,0,0,-1,201900030078,4,"RUE DE GRENELLE",0,NULL,1,1,0,1,0,0,1,NULL,NULL,1,0,1,50
201900030078,4,9,2019,15:45:00,1,75,75107,2,1,1,3,"RUE DE GRENELLE","48,8578840","2,3158900",201900030078,138 249 750,B01,1,1,0,2,7,1,5,NULL,201900030078,138 249 750,B01,1,1,4,2,1998,2,2,8,-1,0,0,-1,201900030078,4,"RUE DE GRENELLE",0,NULL,1,1,0,1,0,0,1,NULL,NULL,1,0,1,50
201900030474,4,3,2019,09:55:00,1,75,75115,2,7,2,3,"BOULEVARD PASTEUR","48,8403580","2,3148970",201900030474,138 249 014,B01,2,1,0,2,1,1,5,NULL,201900030474,138 249 014,B01,1,1,4,1,1979,0,2,0,-1,0,0,-1,201900030474,4,"BOULEVARD PASTEUR",0,NULL,3,2,0,3,0,0,1,NULL,NULL,2,0,1,50
201900030474,4,3,2019,09:55:00,1,75,75115,2,7,2,3,"BOULEVARD PASTEUR","48,8403580","2,3148970",201900030474,138 249 014,B01,2,1,0,2,1,1,5,NULL,201900030474,138 249 015,A01,1,1,1,1,1968,0,1,0,-1,0,0,-1,201900030474,4,"BOULEVARD PASTEUR",0,NULL,3,2,0,3,0,0,1,NULL,NULL,2,0,1,50
201900031762,24,6,2019,18:00:00,1,31,31555,2,1,1,3,"RUE DU PONT GUILHEMERY","43,6017600","1,4580700",201900031762,138 246 657,B01,2,1,0,2,1,8,5,NULL,201900031762,138 246 656,A01,1,1,1,2,1976,9,1,8,-1,-1,0,-1,201900031762,3,126,0,NULL,2,4,3,2,0,0,2,NULL,NULL,1,0,1,50
201900031762,24,6,2019,18:00:00,1,31,31555,2,1,1,3,"RUE DU PONT GUILHEMERY","43,6017600","1,4580700",201900031762,138 246 657,B01,2,1,0,2,1,8,5,NULL,201900031762,138 246 657,B01,1,1,4,1,1940,5,2,0,-1,-1,0,-1,201900031762,3,126,0,NULL,2,4,3,2,0,0,2,NULL,NULL,1,0,1,50
201900031801,25,6,2019,16:20:00,1,75,75107,2,1,1,6,"ALLEE JEAN PAULHAN","48,8589660","2,2960430",201900031801,138 246 582,A01,3,1,0,1,1,1,5,NULL,201900031801,138 246 582,A01,10,3,4,2,2000,5,8,0,-1,5,1,1,201900031801,4,"ALLEE JEAN PAULHAN",0,NULL,-1,0,0,1,0,0,1,NULL,NULL,1,6,8,10
201900031801,25,6,2019,16:20:00,1,75,75107,2,1,1,6,"ALLEE JEAN PAULHAN","48,8589660","2,2960430",201900031801,138 246 582,A01,3,1,0,1,1,1,5,NULL,201900031801,138 246 582,A01,2,1,4,1,2007,5,8,0,-1,0,0,-1,201900031801,4,"ALLEE JEAN PAULHAN",0,NULL,-1,0,0,1,0,0,1,NULL,NULL,1,6,8,10
201900031815,3,9,2019,18:30:00,1,31,31418,2,1,7,3,"rd 70","43,6270489","1,5305128",201900031815,138 246 561,A01,1,1,0,2,1,1,5,NULL,201900031815,138 246 559,B01,1,1,1,1,1986,0,1,-1,-1,0,0,-1,201900031815,3,70,NULL,NULL,2,2,0,2,5,310,1,NULL,NULL,1,0,1,50
201900031815,3,9,2019,18:30:00,1,31,31418,2,1,7,3,"rd 70","43,6270489","1,5305128",201900031815,138 246 561,A01,1,1,0,2,1,1,5,NULL,201900031815,138 246 561,A01,1,1,3,2,1968,1,2,-1,-1,0,0,-1,201900031815,3,70,NULL,NULL,2,2,0,2,5,310,1,NULL,NULL,1,0,1,50
201900038332,30,4,2019,14:35:00,1,75,75115,2,1,1,3,"RUE DE LA PORTE D ISSY","48,8325180","2,2813690",201900038332,138 234 022,A01,2,1,0,2,1,1,5,NULL,201900038332,138 234 022,A01,1,1,4,1,1987,5,8,0,-1,0,0,-1,201900038332,4,"RUE DE LA PORTE D ISSY",0,NULL,1,2,1,1,0,0,1,NULL,NULL,1,0,4,50
201900038332,30,4,2019,14:35:00,1,75,75115,2,1,1,3,"RUE DE LA PORTE D ISSY","48,8325180","2,2813690",201900038332,138 234 022,A01,2,1,0,2,1,1,5,NULL,201900038332,138 234 023,B01,1,1,1,1,1996,4,1,0,-1,0,0,-1,201900038332,4,"RUE DE LA PORTE D ISSY",0,NULL,1,2,1,1,0,0,1,NULL,NULL,1,0,4,50
201900039467,28,2,2019,09:00:00,1,94,94028,2,9,1,3,LECOQ(PASSAGE),"48,7867800","2,4689200",201900039467,138 231 919,B01,2,1,0,2,8,0,5,NULL,201900039467,138 231 918,A01,1,1,1,1,1964,0,1,8,-1,-1,0,-1,201900039467,4,LECOQ(PASSAGE),0,NULL,-1,2,0,1,0,0,1,NULL,NULL,1,0,1,50
201900039467,28,2,2019,09:00:00,1,94,94028,2,9,1,3,LECOQ(PASSAGE),"48,7867800","2,4689200",201900039467,138 231 919,B01,2,1,0,2,8,0,5,NULL,201900039467,138 231 919,B01,1,1,4,2,1986,1,8,0,-1,-1,0,-1,201900039467,4,LECOQ(PASSAGE),0,NULL,-1,2,0,1,0,0,1,NULL,NULL,1,0,1,50
201900039765,18,7,2019,19:45:00,1,67,67482,2,3,1,1,"CAPUCINS (RUE DES)","48,5779390","7,7039110",201900039765,138 231 319,B01,2,1,0,2,3,1,0,NULL,201900039765,138 231 319,B01,1,1,4,2,1985,0,8,0,-1,-1," -1",-1,201900039765,4,"CAPUCINS (RUE DES)",0,NULL,-1,2,0,1,0,0,1,NULL,NULL,1,0,1,50
201900040363,3,6,2019,11:45:00,1,17,17155,2,1,1,7,"3 Rue de la Matte à la Canette","45,7278010"," -1,0896760",201900040363,138 230 261,A01,3,1,8,0,1,0,5,NULL,201900040363,138 230 261,A01,1,1,3,1,1982,5,2,-1,-1,0,0,-1,201900040363,4,"rue de la Matte à la Canette",NULL,NULL,2,2,0,1,(1),(1),1,NULL,NULL,1,0,3,50
201900042499,24,2,2019,11:50:00,1,78,78406,1,1,1,7,"Route de Romainville","48,7305000","2,0399430",201900042499,138 226 239,A01,3,1,0,0,0,0,5,NULL,201900042499,138 226 239,A01,1,1,2,1,1955,5,2,-1,-1,0,0,-1,201900042499,4,NULL,0,NULL,2,2,0,2,(1),(1),1,NULL,NULL,1,0,8,50
201900044365,4,11,2019,23:50:00,5,67,67482,2,1,1,6,"WILSON (TUNNEL WODLI )","48,5881200","7,7373800",201900044365,138 222 713,B01,1,1,0,2,1,1,5,NULL,201900044365,138 222 713,B01,1,1,4,1,1983,4,2,8,-1,-1,0,-1,201900044365,4,"WILSON (TUNNEL WODLI )",0,NULL,2,2,1,1,0,0,2,NULL,NULL,1,0,5,35
201900045093,1,4,2019,08:20:00,1,67,67482,2,1,1,3,"ROUGET DE L ISLE (QUAI)","48,5876600","7,7636500",201900045093,138 221 303,A01,1,1,0,2,1,18,5,NULL,201900045093,138 221 302,B01,1,1,3,2,1997,0,8,0,-1,-1,0,-1,201900045093,4,"ROUGET DE L ISLE (QUAI)",0,NULL,1,1,2,1,0,0,1,NULL,NULL,1,0,2,50
201900045093,1,4,2019,08:20:00,1,67,67482,2,1,1,3,"ROUGET DE L ISLE (QUAI)","48,5876600","7,7636500",201900045093,138 221 302,B01,1,1,2,2,3,1,5,NULL,201900045093,138 221 302,B01,1,1,3,2,1997,0,8,0,-1,-1,0,-1,201900045093,4,"ROUGET DE L ISLE (QUAI)",0,NULL,1,1,2,1,0,0,1,NULL,NULL,1,0,2,50
201900045093,1,4,2019,08:20:00,1,67,67482,2,1,1,3,"ROUGET DE L ISLE (QUAI)","48,5876600","7,7636500",201900045093,138 221 303,A01,1,1,0,2,1,18,5,NULL,201900045093,138 221 303,A01,1,1,1,1,1951,5,8,0,-1,-1,0,-1,201900045093,4,"ROUGET DE L ISLE (QUAI)",0,NULL,1,1,2,1,0,0,1,NULL,NULL,1,0,2,50
201900045093,1,4,2019,08:20:00,1,67,67482,2,1,1,3,"ROUGET DE L ISLE (QUAI)","48,5876600","7,7636500",201900045093,138 221 302,B01,1,1,2,2,3,1,5,NULL,201900045093,138 221 303,A01,1,1,1,1,1951,5,8,0,-1,-1,0,-1,201900045093,4,"ROUGET DE L ISLE (QUAI)",0,NULL,1,1,2,1,0,0,1,NULL,NULL,1,0,2,50
201900046294,10,1,2019,17:15:00,5,51,51454,2,3,1,3,"BOULEVARD DE LATTRE DE TASSIGNY","49,2561000","4,0616800",201900046294,138 218 987,C01,0,1,0,2,8,15,0,NULL,201900046294,138 218 987,C01,1,1,4,1,1942,0,8,0,-1,-1,0,-1,201900046294,4,"BOULEVARD DE LATTRE DE TASSIGNY",0,NULL,2,4,1,1,1,0,1,NULL,NULL,1,0,1,50
201900046294,10,1,2019,17:15:00,5,51,51454,2,3,1,3,"BOULEVARD DE LATTRE DE TASSIGNY","49,2561000","4,0616800",201900046294,138 218 987,C01,0,1,0,2,8,15,0,NULL,201900046294,138 218 988,A01,1,1,1,1,1989,0,2,6,-1,-1,0,-1,201900046294,4,"BOULEVARD DE LATTRE DE TASSIGNY",0,NULL,2,4,1,1,1,0,1,NULL,NULL,1,0,1,50
201900046336,7,1,2019,15:30:00,1,35,35278,2,6,1,3,"AUGE DE PIERRE (ROND POINT DE L')","48,1366700"," -1,6929100",201900046336,138 218 907,B01,3,1,0,2,2,1,5,NULL,201900046336,138 218 906,A01,1,1,4,1,1988,1,1,0,-1,-1,0,-1,201900046336,3,437,0,NULL,3,4,0,1,0,650,1,NULL,NULL,1,0,1,50
201900046336,7,1,2019,15:30:00,1,35,35278,2,6,1,3,"AUGE DE PIERRE (ROND POINT DE L')","48,1366700"," -1,6929100",201900046336,138 218 907,B01,3,1,0,2,2,1,5,NULL,201900046336,138 218 907,B01,1,1,4,1,1961,1,8,0,-1,-1,0,-1,201900046336,3,437,0,NULL,3,4,0,1,0,650,1,NULL,NULL,1,0,1,50
201900047069,17,7,2019,10:45:00,1,49,49244,2,1,2,1,"LE MARILLAIS","47,3606370"," -1,0373240",201900047069,138 217 509,B01,2,1,0,2,1,1,0,NULL,201900047069,138 217 508,A01,1,1,3,1,1949,5,9,-1,-1,0,0,-1,201900047069,9,NULL,NULL,NULL,2,2,1,1,(1),(1),1,NULL,NULL,1,0,5,-1
201900047069,17,7,2019,10:45:00,1,49,49244,2,1,2,1,"LE MARILLAIS","47,3606370"," -1,0373240",201900047069,138 217 508,A01,1,1,0,9,1,1,6,NULL,201900047069,138 217 508,A01,1,1,3,1,1949,5,9,-1,-1,0,0,-1,201900047069,9,NULL,NULL,NULL,2,2,1,1,(1),(1),1,NULL,NULL,1,0,5,-1
201900048637,14,7,2019,19:09:00,1,74,74013,1,1,1,6,"GENEVE R.N 5 (ROUTE DE)","46,3553500","6,4473700",201900048637,138 214 604,B01,1,1,12,0,0,25,5,NULL,201900048637,138 214 604,B01,1,1,3,1,2004,5,2,0,-1,0,0,-1,201900048637,4,"GENEVE (ROUTE DE)",0,NULL,2,2,1,1,1,0,1,NULL,NULL,1,0,1,70
201900048637,14,7,2019,19:09:00,1,74,74013,1,1,1,6,"GENEVE R.N 5 (ROUTE DE)","46,3553500","6,4473700",201900048637,138 214 604,B01,1,1,12,0,0,25,5,NULL,201900048637,138 214 605,A01,1,1,1,1,1940,5,1,0,-1,0,0,-1,201900048637,4,"GENEVE (ROUTE DE)",0,NULL,2,2,1,1,1,0,1,NULL,NULL,1,0,1,70
201900051330,18,2,2019,22:25:00,5,86,86194,2,1,8,1,"BEL AIR (RUE)","46,5937500","0,3349500",201900051330,138 209 635,B01,2,1,0,2,1,1,0,NULL,201900051330,138 209 635,B01,1,1,4,1,1997,5,8,0,-1,-1,0,-1,201900051330,4,"BEL AIR (RUE)",0,NULL,-1,2,0,2,0,0,1,NULL,NULL,1,0,1,50
201900051330,18,2,2019,22:25:00,5,86,86194,2,1,8,1,"BEL AIR (RUE)","46,5937500","0,3349500",201900051330,138 209 635,B01,2,1,0,2,1,1,0,NULL,201900051330,138 209 636,A01,1,1,1,1,1992,5,1,0,-1,-1,0,-1,201900051330,4,"BEL AIR (RUE)",0,NULL,-1,2,0,2,0,0,1,NULL,NULL,1,0,1,50
201900054877,14,6,2019,11:15:00,1,6,06123,2,1,1,1,"11 NOVEMBRE AVENUE DU","43,6764000","7,1909000",201900054877,138 202 906,A01,3,1,0,2,8,26,5,NULL,201900054877,138 202 906,A01,1,1,4,2,1987,5,2,0,-1,0,0,-1,201900054877,7,"(95)     11 NOVEMBRE AVENUE DU",0,NULL,2,2,0,1,0,0,1,NULL,NULL,1,0,1,50
201900054877,14,6,2019,11:15:00,1,6,06123,2,1,1,1,"11 NOVEMBRE AVENUE DU","43,6764000","7,1909000",201900054877,138 202 906,A01,3,1,0,2,8,26,5,NULL,201900054877,138 202 907,B01,1,1,1,1,1966,1,1,8,-1,0,0,-1,201900054877,7,"(95)     11 NOVEMBRE AVENUE DU",0,NULL,2,2,0,1,0,0,1,NULL,NULL,1,0,1,50
201900056927,15,6,2019,16:05:00,1,75,75111,2,1,1,3,"BOULEVARD DE BELLEVILLE","48,8713200","2,3775230",201900056927,138 199 117,B01,2,1,0,2,3,9,5,NULL,201900056927,138 199 116,A01,1,1,1,1,1979,0,1,8,-1,0,0,-1,201900056927,4,"BOULEVARD DE BELLEVILLE",0,NULL,3,1,2,1,0,0,1,NULL,NULL,1,0,1,30
201900056927,15,6,2019,16:05:00,1,75,75111,2,1,1,3,"BOULEVARD DE BELLEVILLE","48,8713200","2,3775230",201900056927,138 199 117,B01,2,1,0,2,3,9,5,NULL,201900056927,138 199 117,B01,1,1,4,2,1980,5,2,0,-1,0,0,-1,201900056927,4,"BOULEVARD DE BELLEVILLE",0,NULL,3,1,2,1,0,0,1,NULL,NULL,1,0,1,30
201900057074,9,7,2019,08:58:00,1,49,49007,2,1,1,7,LETANDUERE,"47,4582100"," -0,5542400",201900057074,138 198 830,A01,1,1,0,0,0,1,5,NULL,201900057074,138 198 830,A01,1,1,4,2,1995,0,8,0,-1,-1,0,-1,201900057074,4,LETANDUERE,0,NULL,1,1,0,1,0,0,1,NULL,NULL,1,4,1,50
201900009533,13,9,2019,19:55:00,2,81,81244,2,2,1,3,"PARC (AVENUE DU)","44,0475440","2,1333200",201900009533,138 288 670,A01,3,1,0,2,1,1,6,NULL,201900009533,138 288 669,B01,1,1,1,1,1953,9,1,8,-1,0,0,-1,201900009533,4,"PARC (AVENUE DU)",0,NULL,2,0,0,2,0,0,1,NULL,NULL,1,0,1,50
201900009533,13,9,2019,19:55:00,2,81,81244,2,2,1,3,"PARC (AVENUE DU)","44,0475440","2,1333200",201900009533,138 288 670,A01,3,1,0,2,1,1,6,NULL,201900009533,138 288 670,A01,1,1,3,1,2007,5,8,0,-1,0,0,-1,201900009533,4,"PARC (AVENUE DU)",0,NULL,2,0,0,2,0,0,1,NULL,NULL,1,0,1,50
201900011189,20,7,2019,13:52:00,1,75,75105,2,2,1,2,"RUE SAINT JACQUES","48,8502089","2,3452202",201900011189,138 285 715,A01,1,1,0,2,1,21,5,NULL,201900011189,138 285 715,A01,1,1,4,1,1964,5,2,0,-1,0,0,-1,201900011189,4,"RUE SAINT JACQUES",0,NULL,1,2,0,2,0,0,1,NULL,NULL,1,0,1,30
201900011189,20,7,2019,13:52:00,1,75,75105,2,2,1,2,"RUE SAINT JACQUES","48,8502089","2,3452202",201900011189,138 285 715,A01,1,1,0,2,1,21,5,NULL,201900011189,138 285 716,B01,1,1,1,1,1992,5,1,0,-1,0,0,-1,201900011189,4,"RUE SAINT JACQUES",0,NULL,1,2,0,2,0,0,1,NULL,NULL,1,0,1,30
201900011820,6,2,2019,13:00:00,1,92,92046,2,1,1,3,"ETIENNE DOLET (RUE)","48,8141780","2,3000170",201900011820,138 284 474,B01,1,1,0,2,8,15,5,NULL,201900011820,138 284 474,B01,1,1,4,2,1946,9,2,0,-1,-1,0,-1,201900011820,4,"ETIENNE DOLET (RUE)",0,NULL,2,2,0,2,0,0,1,NULL,NULL,1,0,1,50
201900011820,6,2,2019,13:00:00,1,92,92046,2,1,1,3,"ETIENNE DOLET (RUE)","48,8141780","2,3000170",201900011820,138 284 474,B01,1,1,0,2,8,15,5,NULL,201900011820,138 284 475,A01,1,1,1,1,1966,5,1,8,-1,-1,0,-1,201900011820,4,"ETIENNE DOLET (RUE)",0,NULL,2,2,0,2,0,0,1,NULL,NULL,1,0,1,50
201900015604,15,10,2019,08:45:00,1,59,59350,2,2,9,3,"MASSENA RUE N°66 et 96-101 et 125","50,6313300","3,0547800",201900015604,138 277 305,B01,2,1,0,2,1,26,5,NULL,201900015604,138 277 305,B01,1,1,4,1,1982,1,2,8,-1,-1,0,-1,201900015604,4,"MASSENA RUE N°66 et 96-101 et 125",0,NULL,2,2,1,1,0,9,1,NULL,NULL,2,0,1,50
201900015604,15,10,2019,08:45:00,1,59,59350,2,2,9,3,"MASSENA RUE N°66 et 96-101 et 125","50,6313300","3,0547800",201900015604,138 277 305,B01,2,1,0,2,1,26,5,NULL,201900015604,138 277 306,A01,1,1,1,2,1997,1,1,8,-1,-1,0,-1,201900015604,4,"MASSENA RUE N°66 et 96-101 et 125",0,NULL,2,2,1,1,0,9,1,NULL,NULL,2,0,1,50
201900015706,14,10,2019,07:50:00,1,13,13117,2,1,1,6,"PIGNES ( CHEMIN DES )","43,4268300","5,2793900",201900015706,138 277 125,A01,0,1,0,2,8,19,5,NULL,201900015706,138 277 124,B01,1,1,1,1,1960,1,1,0,-1,-1," -1",-1,201900015706,4,"PIGNES ( CHEMIN DES )",0,NULL,2,2,0,1,0,0,1,NULL,NULL,1,0,1,50
201900015706,14,10,2019,07:50:00,1,13,13117,2,1,1,6,"PIGNES ( CHEMIN DES )","43,4268300","5,2793900",201900015706,138 277 125,A01,0,1,0,2,8,19,5,NULL,201900015706,138 277 125,A01,1,1,4,1,2006,2,8,0,-1,-1," -1",-1,201900015706,4,"PIGNES ( CHEMIN DES )",0,NULL,2,2,0,1,0,0,1,NULL,NULL,1,0,1,50
201900019413,18,4,2019,14:45:00,1,35,35256,2,3,1,3,"Rue du Buot","48,6211570"," -2,1316760",201900019413,138 270 155,A01,3,1,0,2,1,1,5,NULL,201900019413,138 270 154,B01,1,1,1,2,2005,5,0,-1,-1,0,0,-1,201900019413,4,NULL,0,NULL,2,2,1,2,(1),(1),1,NULL,NULL,1,9,5,30
201900019413,18,4,2019,14:45:00,1,35,35256,2,3,1,3,"Rue du Buot","48,6211570"," -2,1316760",201900019413,138 270 154,B01,3,1,0,2,3,15,5,NULL,201900019413,138 270 154,B01,1,1,1,2,2005,5,0,-1,-1,0,0,-1,201900019413,4,NULL,0,NULL,2,2,1,2,(1),(1),1,NULL,NULL,1,9,5,30
201900019413,18,4,2019,14:45:00,1,35,35256,2,3,1,3,"Rue du Buot","48,6211570"," -2,1316760",201900019413,138 270 155,A01,3,1,0,2,1,1,5,NULL,201900019413,138 270 155,A01,1,1,4,2,1951,5,0,-1,-1,0,0,-1,201900019413,4,NULL,0,NULL,2,2,1,2,(1),(1),1,NULL,NULL,1,9,5,30
201900019413,18,4,2019,14:45:00,1,35,35256,2,3,1,3,"Rue du Buot","48,6211570"," -2,1316760",201900019413,138 270 154,B01,3,1,0,2,3,15,5,NULL,201900019413,138 270 155,A01,1,1,4,2,1951,5,0,-1,-1,0,0,-1,201900019413,4,NULL,0,NULL,2,2,1,2,(1),(1),1,NULL,NULL,1,9,5,30
201900023639,12,3,2019,16:20:00,1,92,92072,2,2,1,3,"LECLERC (AVENUE DE LA DIVISION)","48,8259700","2,2196700",201900023639,138 261 967,A01,2,1,0,2,1,1,5,NULL,201900023639,138 261 966,B01,1,1,1,2,1985,5,1,0,-1,-1,0,-1,201900023639,3,406,0,NULL,2,3,0,2,0,0,1,NULL,NULL,1,5,1,50
201900023639,12,3,2019,16:20:00,1,92,92072,2,2,1,3,"LECLERC (AVENUE DE LA DIVISION)","48,8259700","2,2196700",201900023639,138 261 967,A01,2,1,0,2,1,1,5,NULL,201900023639,138 261 967,A01,1,1,4,2,1995,5,8,0,-1,-1,0,-1,201900023639,3,406,0,NULL,2,3,0,2,0,0,1,NULL,NULL,1,5,1,50
201900023790,15,11,2019,16:15:00,1,971,97114,1,1,1,5,N1,"16,1525210"," -61,5847030",201900023790,138 261 663,B01,1,1,0,2,6,26,5,NULL,201900023790,138 261 662,C01,1,1,4,1,1963,5,2,6,-1,0,0,-1,201900023790,2,1,NULL,NULL,1,2,0,1,39,200,1,NULL,NULL,1,0,2,-1
201900023790,15,11,2019,16:15:00,1,971,97114,1,1,1,5,N1,"16,1525210"," -61,5847030",201900023790,138 261 662,C01,1,1,0,2,6,2,5,NULL,201900023790,138 261 662,C01,1,1,4,1,1963,5,2,6,-1,0,0,-1,201900023790,2,1,NULL,NULL,1,2,0,1,39,200,1,NULL,NULL,1,0,2,-1
201900023790,15,11,2019,16:15:00,1,971,97114,1,1,1,5,N1,"16,1525210"," -61,5847030",201900023790,138 261 663,B01,1,1,0,2,6,26,5,NULL,201900023790,138 261 663,B01,1,1,2,1,1969,5,2,6,-1,0,0,-1,201900023790,2,1,NULL,NULL,1,2,0,1,39,200,1,NULL,NULL,1,0,2,-1
201900023790,15,11,2019,16:15:00,1,971,97114,1,1,1,5,N1,"16,1525210"," -61,5847030",201900023790,138 261 662,C01,1,1,0,2,6,2,5,NULL,201900023790,138 261 663,B01,1,1,2,1,1969,5,2,6,-1,0,0,-1,201900023790,2,1,NULL,NULL,1,2,0,1,39,200,1,NULL,NULL,1,0,2,-1
201900023790,15,11,2019,16:15:00,1,971,97114,1,1,1,5,N1,"16,1525210"," -61,5847030",201900023790,138 261 663,B01,1,1,0,2,6,26,5,NULL,201900023790,138 261 664,A01,1,1,1,1,1965,4,1,-1,-1,0,0,-1,201900023790,2,1,NULL,NULL,1,2,0,1,39,200,1,NULL,NULL,1,0,2,-1
201900023790,15,11,2019,16:15:00,1,971,97114,1,1,1,5,N1,"16,1525210"," -61,5847030",201900023790,138 261 662,C01,1,1,0,2,6,2,5,NULL,201900023790,138 261 664,A01,1,1,1,1,1965,4,1,-1,-1,0,0,-1,201900023790,2,1,NULL,NULL,1,2,0,1,39,200,1,NULL,NULL,1,0,2,-1
201900024711,13,2,2019,07:50:00,3,92,92014,2,3,5,3,"BIEVRE (RUE DE LA)","48,7807178","2,3206754",201900024711,138 259 859,B01,1,1,0,2,1,1,5,NULL,201900024711,138 259 858,A01,1,1,1,1,1978,1,1,8,-1,-1,0,-1,201900024711,3,74,0,NULL,2,2,0,1,0,0,1,NULL,NULL,1,0,1,50