Num_Acc,jour,mois,an,hrmn,lum,dep,com,agg,int,atm,col,adr,lat,long,Num_Acc,id_vehicule,num_veh,senc,catv,obs,obsm,choc,manv,motor,occutc,Num_Acc,id_vehicule,num_veh,place,catu,grav,sexe,an_nais,trajet,secu1,secu2,secu3,locp,actp,etatp,Num_Acc,catr,voie,v1,v2,circ,nbv,vosp,prof,pr,pr1,plan,lartpc,larrout,surf,infra,situ,vma
201900024711,13,2,2019,07:50:00,3,92,92014,2,3,5,3,"BIEVRE (RUE DE LA)","48,7807178","2,3206754",201900024711,138 259 859,B01,1,1,0,2,1,1,5,NULL,201900024711,138 259 859,B01,1,1,4,1,1963,1,2,8,-1,-1,0,-1,201900024711,3,74,0,NULL,2,2,0,1,0,0,1,NULL,NULL,1,0,1,50
201900025620,13,11,2019,18:56:00,5,69,69389,2,2,1,3,"MARIETTON                           (R )","45,7759000","4,8008600",201900025620,138 258 103,A01,2,1,0,2,2,1,5,NULL,201900025620,138 258 102,B01,1,1,1,1,1966,5,8,0,-1,-1," -1",-1,201900025620,4,"MARIETTON                           (R )",0,NULL,2,4,0,1,0,1,1,NULL,NULL,1,0,1,50
201900025620,13,11,2019,18:56:00,5,69,69389,2,2,1,3,"MARIETTON                           (R )","45,7759000","4,8008600",201900025620,138 258 103,A01,2,1,0,2,2,1,5,NULL,201900025620,138 258 103,A01,1,1,4,1,1956,5,8,0,-1,-1," -1",-1,201900025620,4,"MARIETTON                           (R )",0,NULL,2,4,0,1,0,1,1,NULL,NULL,1,0,1,50
201900025709,13,11,2019,19:15:00,5,75,75110,2,2,1,3,"RUE LA FAYETTE","48,8815740","2,3657000",201900025709,138 257 942,B01,1,1,0,2,3,1,5,NULL,201900025709,138 257 941,A01,1,1,1,1,1991,0,1,0,-1,0,0,-1,201900025709,4,"RUE LA FAYETTE",0,NULL,2,2,0,1,0,0,1,NULL,NULL,1,0,1,50
201900025709,13,11,2019,19:15:00,5,75,75110,2,2,1,3,"RUE LA FAYETTE","48,8815740","2,3657000",201900025709,138 257 942,B01,1,1,0,2,3,1,5,NULL,201900025709,138 257 942,B01,1,1,4,2,1990,1,2,8,-1,0,0,-1,201900025709,4,"RUE LA FAYETTE",0,NULL,2,2,0,1,0,0,1,NULL,NULL,1,0,1,50
201900027686,20,12,2019,07:55:00,2,75,75102,2,1,2,3,"RUE DE GRAMONT","48,8708478","2,3369398",201900027686,138 254 248,B01,2,1,0,2,0,1,5,NULL,201900027686,138 254 247,A01,1,1,1,1,1989,1,1,0,-1,0,0,-1,201900027686,4,"RUE DE GRAMONT",0,NULL,2,1,-1,1,0,0,1,NULL,NULL,2,0,1,30
201900027686,20,12,2019,07:55:00,2,75,75102,2,1,2,3,"RUE DE GRAMONT","48,8708478","2,3369398",201900027686,138 254 248,B01,2,1,0,2,0,1,5,NULL,201900027686,138 254 248,B01,1,1,4,1,1978,0,8,2,-1,0,0,-1,201900027686,4,"RUE DE GRAMONT",0,NULL,2,1,-1,1,0,0,1,NULL,NULL,2,0,1,30
201900028444,26,6,2019,08:20:00,1,49,49007,2,1,1,2,"RESISTANCE ET DEPORTATION BLD","47,4735300"," -0,5452500",201900028444,138 252 844,A01,1,1,0,2,1,2,5,NULL,201900028444,138 252 844,A01,1,1,4,1,2002,0,2,8,-1,-1,0,-1,201900028444,4,"RESISTANCE ET DEPORTATION BLD",0,NULL,3,4,0,1,0,0,1,NULL,NULL,1,8,1,30
201900028444,26,6,2019,08:20:00,1,49,49007,2,1,1,2,"RESISTANCE ET DEPORTATION BLD","47,4735300"," -0,5452500",201900028444,138 252 844,A01,1,1,0,2,1,2,5,NULL,201900028444,138 252 845,B01,1,1,1,2,1981,1,1,0,-1,-1,0,-1,201900028444,4,"RESISTANCE ET DEPORTATION BLD",0,NULL,3,4,0,1,0,0,1,NULL,NULL,1,8,1,30
201900028541,10,4,2019,12:00:00,1,33,33063,2,1,1,3,"RUE EDMOND BESSE","44,8868400"," -0,5429300",201900028541,138 252 641,A01,2,1,0,2,1,1,5,NULL,201900028541,138 252 641,A01,1,1,4,1,2001,4,8,0,-1,-1," -1",-1,201900028541,4,"RUE EDMOND BESSE",0,NULL,4,2,0,1,0,0,1,NULL,NULL,1,0,1,10
201900028541,10,4,2019,12:00:00,1,33,33063,2,1,1,3,"RUE EDMOND BESSE","44,8868400"," -0,5429300",201900028541,138 252 641,A01,2,1,0,2,1,1,5,NULL,201900028541,138 252 642,B01,1,1,1,1,1995,4,8,0,-1,-1," -1",-1,201900028541,4,"RUE EDMOND BESSE",0,NULL,4,2,0,1,0,0,1,NULL,NULL,1,0,1,10
201900029641,3,10,2019,11:55:00,1,29,29161,2,6,1,3,"Toul An Ael","47,9021690"," -4,0282800",201900029641,138 250 554,A01,1,1,0,2,5,19,5,NULL,201900029641,138 250 553,B01,1,1,4,1,1947,3,1,-1,-1,0,0,-1,201900029641,3,45,NULL,NULL,2,2,1,2,5,190,1,NULL,NULL,1,6,1,50
201900029641,3,10,2019,11:55:00,1,29,29161,2,6,1,3,"Toul An Ael","47,9021690"," -4,0282800",201900029641,138 250 554,A01,1,1,0,2,5,19,5,NULL,201900029641,138 250 554,A01,1,1,3,2,1946,5,0,-1,-1,0,0,-1,201900029641,3,45,NULL,NULL,2,2,1,2,5,190,1,NULL,NULL,1,6,1,50
201900030774,26,7,2019,17:10:00,1,56,56186,2,1,1,3,"Boulevard Louison Bobet","47,4749280"," -3,1015280",201900030774,138 248 471,A01,1,1,0,2,8,1,5,NULL,201900030774,138 248 471,A01,1,1,3,1,1972,5,0,-1,-1,0,0,-1,201900030774,4,NULL,0,NULL,2,2,2,2,(1),(1),3,NULL,NULL,1,0,3,50
201900030774,26,7,2019,17:10:00,1,56,56186,2,1,1,3,"Boulevard Louison Bobet","47,4749280"," -3,1015280",201900030774,138 248 471,A01,1,1,0,2,8,1,5,NULL,201900030774,138 248 472,B01,1,1,1,1,1958,1,0,1,-1,0,0,-1,201900030774,4,NULL,0,NULL,2,2,2,2,(1),(1),3,NULL,NULL,1,0,3,50
201900032178,7,3,2019,18:00:00,2,69,69033,1,1,1,2,"RD 85","45,8622500","4,8935800",201900032178,138 245 850,B01,2,1,0,2,4,1,5,NULL,201900032178,138 245 850,B01,1,1,4,1,1938,5,2,-1,-1,0,0,-1,201900032178,3,85,NULL,NULL,2,2,1,1,5,300,1,NULL,NULL,1,0,5,80
201900032178,7,3,2019,18:00:00,2,69,69033,1,1,1,2,"RD 85","45,8622500","4,8935800",201900032178,138 245 850,B01,2,1,0,2,4,1,5,NULL,201900032178,138 245 853,A01,1,1,1,1,1991,4,1,-1,-1,0,0,-1,201900032178,3,85,NULL,NULL,2,2,1,1,5,300,1,NULL,NULL,1,0,5,80
201900033732,4,9,2019,08:50:00,1,26,26108,2,3,1,3,"Avenue Félix Rozier","44,7352780","5,0099190",201900033732,138 242 815,B01,1,1,0,2,1,1,5,NULL,201900033732,138 242 814,A01,1,1,1,1,1972,1,1,-1,-1,0,0,-1,201900033732,3,93,NULL,NULL,2,2,2,1,15,845,1,NULL,NULL,1,0,1,50
201900033732,4,9,2019,08:50:00,1,26,26108,2,3,1,3,"Avenue Félix Rozier","44,7352780","5,0099190",201900033732,138 242 815,B01,1,1,0,2,1,1,5,NULL,201900033732,138 242 815,B01,1,1,3,1,1954,5,2,-1,-1,0,0,-1,201900033732,3,93,NULL,NULL,2,2,2,1,15,845,1,NULL,NULL,1,0,1,50
201900034413,23,7,2019,18:20:00,1,35,35238,2,3,1,3,"MAGINOT (AVENUE SERGENT)","48,1099100"," -1,6628500",201900034413,138 241 499,A01,1,1,0,2,1,19,5,NULL,201900034413,138 241 498,B01,1,1,1,2,1995,5,8,0,-1,-1," -1",-1,201900034413,4,"MAGINOT (AVENUE SERGENT)",0,NULL,1,1,0,1,0,0,1,NULL,NULL,1,0,1,50
201900034413,23,7,2019,18:20:00,1,35,35238,2,3,1,3,"MAGINOT (AVENUE SERGENT)","48,1099100"," -1,6628500",201900034413,138 241 499,A01,1,1,0,2,1,19,5,NULL,201900034413,138 241 499,A01,1,1,4,1,1993,5,8,0,-1,-1," -1",-1,201900034413,4,"MAGINOT (AVENUE SERGENT)",0,NULL,1,1,0,1,0,0,1,NULL,NULL,1,0,1,50
201900034930,7,11,2019,09:00:00,1,35,35238,2,1,1,2,"ALSACE (D')","48,1226400"," -1,7037800",201900034930,138 240 483,B01,3,1,0,2,1,1,0,NULL,201900034930,138 240 482,A01,1,1,1,2,1973,1,1,0,-1,-1,0,-1,201900034930,4,"ALSACE (D')",0,NULL,-1,2,0,2,0,0,1,NULL,NULL,2,0,1,50
201900034930,7,11,2019,09:00:00,1,35,35238,2,1,1,2,"ALSACE (D')","48,1226400"," -1,7037800",201900034930,138 240 483,B01,3,1,0,2,1,1,0,NULL,201900034930,138 240 482,A01,2,2,1,1,1973,0,1,0,-1,-1,0,-1,201900034930,4,"ALSACE (D')",0,NULL,-1,2,0,2,0,0,1,NULL,NULL,2,0,1,50
201900034930,7,11,2019,09:00:00,1,35,35238,2,1,1,2,"ALSACE (D')","48,1226400"," -1,7037800",201900034930,138 240 483,B01,3,1,0,2,1,1,0,NULL,201900034930,138 240 483,B01,1,1,4,1,1995,0,8,0,-1,-1,0,-1,201900034930,4,"ALSACE (D')",0,NULL,-1,2,0,2,0,0,1,NULL,NULL,2,0,1,50
201900035985,9,4,2019,07:45:00,1,81,81054,1,1,2,3,"RN 126 PK 45+450","43,5691150","2,1324900",201900035985,138 238 447,A01,2,1,0,2,6,19,5,NULL,201900035985,138 238 447,A01,1,1,2,1,1948,5,0,-1,-1,0,0,-1,201900035985,2,126,NULL,NULL,2,2,0,1,45,450,1,NULL,NULL,2,9,1,80
201900035985,9,4,2019,07:45:00,1,81,81054,1,1,2,3,"RN 126 PK 45+450","43,5691150","2,1324900",201900035985,138 238 447,A01,2,1,0,2,6,19,5,NULL,201900035985,138 238 448,B01,1,1,1,2,1995,5,1,-1,-1,0,0,-1,201900035985,2,126,NULL,NULL,2,2,0,1,45,450,1,NULL,NULL,2,9,1,80
201900036983,24,6,2019,16:00:00,1,987,98714,1,1,1,7,"FAANUI (CONDOMINIUM)"," -16,4954170"," -151,7388890",201900036983,138 236 535,A01,0,1,14,0,1,1,5,NULL,201900036983,138 236 535,A01,1,1,3,1,1968,5,2,-1,-1,0,0,-1,201900036983,2,101,NULL,NULL,2,2,0,1,(1),(1),1,NULL,NULL,1,0,1,60
201900037225,17,1,2019,21:00:00,5,75,75110,2,1,1,3,"QUAI DE VALMY","48,8768480","2,3646880",201900037225,138 236 067,B01,2,1,0,2,1,1,5,NULL,201900037225,138 236 067,B01,1,1,4,1,1991,4,2,6,-1,0,0,-1,201900037225,4,"QUAI DE VALMY",0,NULL,1,2,1,2,0,0,1,NULL,NULL,1,0,5,50
201900037225,17,1,2019,21:00:00,5,75,75110,2,1,1,3,"QUAI DE VALMY","48,8768480","2,3646880",201900037225,138 236 067,B01,2,1,0,2,1,1,5,NULL,201900037225,138 236 068,A01,1,1,1,2,1968,5,1,0,-1,0,0,-1,201900037225,4,"QUAI DE VALMY",0,NULL,1,2,1,2,0,0,1,NULL,NULL,1,0,5,50
201900037858,22,7,2019,10:00:00,1,83,83064,1,1,1,2,"RD 554","43,3227830","6,0282050",201900037858,138 234 837,B01,2,1,0,2,4,2,5,NULL,201900037858,138 234 836,A01,1,1,1,1,1942,3,1,-1,-1,0,0,-1,201900037858,3,554,NULL,NULL,2,2,0,1,75,600,1,NULL,NULL,1,0,1,80
201900037858,22,7,2019,10:00:00,1,83,83064,1,1,1,2,"RD 554","43,3227830","6,0282050",201900037858,138 234 837,B01,2,1,0,2,4,2,5,NULL,201900037858,138 234 837,B01,1,1,3,1,1949,5,2,-1,-1,0,0,-1,201900037858,3,554,NULL,NULL,2,2,0,1,75,600,1,NULL,NULL,1,0,1,80
201900038127,12,12,2019,18:15:00,5,75,75119,2,4,3,6,"RUE DE CRIMEE","48,8806739","2,3882413",201900038127,138 234 363,A01,1,1,0,2,4,2,5,NULL,201900038127,138 234 363,A01,1,1,4,1,1989,5,2,8,-1,0,0,-1,201900038127,4,"RUE DE CRIMEE",0,NULL,1,2,0,2,0,0,1,NULL,NULL,2,0,1,50
201900039256,28,8,2019,08:40:00,1,5,05023,2,1,8,1,"PROVENCE (AVENUE DE)","44,8994300","6,6311500",201900039256,138 232 285,B01,2,1,0,2,1,13,5,NULL,201900039256,138 232 284,A01,1,1,1,1,1978,1,1,8,-1,0,0,-1,201900039256,2,94,0,NULL,2,2,0,2,159,78,3,NULL,NULL,1,0,1,50
201900039256,28,8,2019,08:40:00,1,5,05023,2,1,8,1,"PROVENCE (AVENUE DE)","44,8994300","6,6311500",201900039256,138 232 285,B01,2,1,0,2,1,13,5,NULL,201900039256,138 232 285,B01,1,1,3,1,1949,5,2,8,-1,0,0,-1,201900039256,2,94,0,NULL,2,2,0,2,159,78,3,NULL,NULL,1,0,1,50
201900039421,25,2,2019,19:20:00,5,75,75111,2,2,1,3,"AVENUE DE LA REPUBLIQUE","48,8640090","2,3811940",201900039421,138 231 998,B01,1,1,0,2,2,1,5,NULL,201900039421,138 231 998,B01,1,1,4,2,1988,5,2,0,-1,0,0,-1,201900039421,4,"AVENUE DE LA REPUBLIQUE",0,NULL,2,2,0,1,0,0,1,NULL,NULL,1,0,1,30
201900039421,25,2,2019,19:20:00,5,75,75111,2,2,1,3,"AVENUE DE LA REPUBLIQUE","48,8640090","2,3811940",201900039421,138 231 998,B01,1,1,0,2,2,1,5,NULL,201900039421,138 231 999,A01,1,1,1,1,1981,5,1,0,-1,0,0,-1,201900039421,4,"AVENUE DE LA REPUBLIQUE",0,NULL,2,2,0,1,0,0,1,NULL,NULL,1,0,1,30
201900039744,17,7,2019,13:20:00,1,83,83034,2,1,1,7,"ROUTE DE LA BENOITE","43,0909800","6,0764600",201900039744,138 231 388,A01,2,1,0,0,0,0,5,NULL,201900039744,138 231 388,A01,1,1,2,1,1958,5,8,0,-1,-1,0,-1,201900039744,4,"ROUTE DE LA BENOITE",0,NULL,2,2,0,2,1,0,1,NULL,NULL,1,0,1,50
201900040172,15,5,2019,19:45:00,1,75,75104,2,2,1,3,"RUE DE L HOTEL DE VILLE","48,8546070","2,3551760",201900040172,138 230 590,A01,2,1,0,2,2,1,5,NULL,201900040172,138 230 590,A01,1,1,4,2,1994,0,8,0,-1,0,0,-1,201900040172,4,"RUE DE L HOTEL DE VILLE",0,NULL,1,2,0,1,0,0,1,NULL,NULL,1,0,1,30
201900040172,15,5,2019,19:45:00,1,75,75104,2,2,1,3,"RUE DE L HOTEL DE VILLE","48,8546070","2,3551760",201900040172,138 230 590,A01,2,1,0,2,2,1,5,NULL,201900040172,138 230 591,B01,1,1,1,1,1971,5,1,0,-1,0,0,-1,201900040172,4,"RUE DE L HOTEL DE VILLE",0,NULL,1,2,0,1,0,0,1,NULL,NULL,1,0,1,30
201900040878,30,9,2019,10:15:00,1,69,69383,2,2,1,6,"GARIBALDI                           (R )","45,7529200","4,8533600",201900040878,138 229 288,B01,1,1,1,0,1,1,0,NULL,201900040878,138 229 288,B01,1,1,4,2,1993,2,8,0,-1,-1,0,-1,201900040878,4,"GARIBALDI                           (R )",0,NULL,1,0,0,1,1,0,1,NULL,NULL,1,5,1,50
201900041198,30,8,2019,13:00:00,1,93,93055,2,3,1,3,"JEAN JAURES (AVENUE)(130 AU 172)","48,9090800","2,3982300",201900041198,138 228 730,B01,3,1,0,2,8,0,5,NULL,201900041198,138 228 730,B01,1,1,4,1,1961,0,2,0,-1,-1," -1",-1,201900041198,3,932,0,NULL,2,4,0,1,0,0,1,NULL,NULL,1,5,1,50
201900041198,30,8,2019,13:00:00,1,93,93055,2,3,1,3,"JEAN JAURES (AVENUE)(130 AU 172)","48,9090800","2,3982300",201900041198,138 228 730,B01,3,1,0,2,8,0,5,NULL,201900041198,138 228 731,A01,1,1,1,1,1974,1,1,0,-1,-1," -1",-1,201900041198,3,932,0,NULL,2,4,0,1,0,0,1,NULL,NULL,1,5,1,50
201900042754,12,1,2019,17:18:00,1,49,49007,2,1,1,2,"JOUVET SQUARE","47,4514900"," -0,5266500",201900042754,138 225 728,B01,3,1,0,2,7,1,5,NULL,201900042754,138 225 728,B01,1,1,4,1,2008,9,8,0,-1,-1,0,-1,201900042754,6,"JOUVET SQUARE",0,NULL,-1,-1,0,1,0,0,1,NULL,NULL,1,0,1,30
201900042754,12,1,2019,17:18:00,1,49,49007,2,1,1,2,"JOUVET SQUARE","47,4514900"," -0,5266500",201900042754,138 225 728,B01,3,1,0,2,7,1,5,NULL,201900042754,138 225 729,A01,1,1,1,1,1973,0,1,0,-1,-1,0,-1,201900042754,6,"JOUVET SQUARE",0,NULL,-1,-1,0,1,0,0,1,NULL,NULL,1,0,1,30
201900045704,12,6,2019,16:46:00,1,86,86194,2,1,1,3,"JEAN BRUNET (RUE)","46,1947000","0,1947000",201900045704,138 220 173,A01,1,1,0,2,8,10,5,NULL,201900045704,138 220 172,B01,1,1,1,2,1997,0,1,0,-1,-1,0,-1,201900045704,4,"JEAN BRUNET (RUE)",0,NULL,2,3,0,1,0,0,1,NULL,NULL,1,0,1,50
201900045704,12,6,2019,16:46:00,1,86,86194,2,1,1,3,"JEAN BRUNET (RUE)","46,1947000","0,1947000",201900045704,138 220 173,A01,1,1,0,2,8,10,5,NULL,201900045704,138 220 173,A01,1,1,4,1,1965,0,8,0,-1,-1,0,-1,201900045704,4,"JEAN BRUNET (RUE)",0,NULL,2,3,0,1,0,0,1,NULL,NULL,1,0,1,50
201900047679,23,2,2019,17:30:00,1,14,14118,2,1,1,3,"MOULIN (RUE DU GENERAL)","49,2967700"," -0,3709400",201900047679,138 216 380,A01,3,1,0,2,1,19,5,NULL,201900047679,138 216 380,A01,1,1,3,1,1942,5,8,0,-1,-1,0,-1,201900047679,4,"MOULIN (RUE DU GENERAL)",0,NULL,2,2,0,1,0,0,1,NULL,NULL,1,0,1,50
201900047679,23,2,2019,17:30:00,1,14,14118,2,1,1,3,"MOULIN (RUE DU GENERAL)","49,2967700"," -0,3709400",201900047679,138 216 380,A01,3,1,0,2,1,19,5,NULL,201900047679,138 216 381,B01,1,1,1,1,1937,5,1,0,-1,-1,0,-1,201900047679,4,"MOULIN (RUE DU GENERAL)",0,NULL,2,2,0,1,0,0,1,NULL,NULL,1,0,1,50
201900048118,9,1,2019,09:35:00,1,75,75117,2,1,1,3,"AVENUE DE LA PORTE DE CLICHY","48,8954920","2,3112800",201900048118,138 215 594,A01,1,1,0,2,3,1,5,NULL,201900048118,138 215 593,B01,1,1,1,2,1941,5,8,0,-1,0,0,-1,201900048118,4,"AVENUE DE LA PORTE DE CLICHY",0,NULL,3,4,0,1,0,0,1,NULL,NULL,1,0,1,30
201900048118,9,1,2019,09:35:00,1,75,75117,2,1,1,3,"AVENUE DE LA PORTE DE CLICHY","48,8954920","2,3112800",201900048118,138 215 594,A01,1,1,0,2,3,1,5,NULL,201900048118,138 215 594,A01,1,1,4,1,1974,4,2,0,-1,0,0,-1,201900048118,4,"AVENUE DE LA PORTE DE CLICHY",0,NULL,3,4,0,1,0,0,1,NULL,NULL,1,0,1,30
201900053717,26,10,2019,10:50:00,1,974,97416,2,1,1,3,SUFFREN(RUE)," -21,3386692","55,4722357",201900053717,138 205 021,B01,1,1,0,2,1,1,6,NULL,201900053717,138 205 020,A01,1,1,1,1,1989,9,1,8,-1,-1," -1",-1,201900053717,9,SUFFREN(RUE),0,NULL,1,1,0,2,(1),(1),1,NULL,NULL,1,9,1,50
201900053717,26,10,2019,10:50:00,1,974,97416,2,1,1,3,SUFFREN(RUE)," -21,3386692","55,4722357",201900053717,138 205 021,B01,1,1,0,2,1,1,6,NULL,201900053717,138 205 021,B01,1,1,4,1,1971,9,8,0,-1,-1," -1",-1,201900053717,9,SUFFREN(RUE),0,NULL,1,1,0,2,(1),(1),1,NULL,NULL,1,9,1,50
201900054578,3,12,2019,18:15:00,3,31,31555,2,2,1,6,"BD DEODAT DE SEVERAC","43,5894070","1,4219110",201900054578,138 203 470,B01,2,1,0,2,8,1,5,NULL,201900054578,138 203 470,B01,1,1,1,1,1972,5,8,8,-1,-1," -1",-1,201900054578,4,NULL,0,NULL,2,2,0,1,0,0,1,NULL,NULL,1,0,1,50
201900054578,3,12,2019,18:15:00,3,31,31555,2,2,1,6,"BD DEODAT DE SEVERAC","43,5894070","1,4219110",201900054578,138 203 470,B01,2,1,0,2,8,1,5,NULL,201900054578,138 203 470,B01,2,2,4,1,2015,5,8,8,-1,-1,0,-1,201900054578,4,NULL,0,NULL,2,2,0,1,0,0,1,NULL,NULL,1,0,1,50
201900054578,3,12,2019,18:15:00,3,31,31555,2,2,1,6,"BD DEODAT DE SEVERAC","43,5894070","1,4219110",201900054578,138 203 470,B01,2,1,0,2,8,1,5,NULL,201900054578,138 203 473,A01,1,1,1,2,1989,9,1,8,-1,-1,0,-1,201900054578,4,NULL,0,NULL,2,2,0,1,0,0,1,NULL,NULL,1,0,1,50
201900054674,29,11,2019,10:10:00,1,44,44102,1,1,7,3,"La Noisetterie","47,0420093"," -1,4739259",201900054674,138 203 297,B01,1,1,0,2,8,2,5,NULL,201900054674,138 203 297,B01,1,1,4,1,1946,5,2,-1,-1,0,0,-1,201900054674,3,57,0,NULL,2,2,0,1,13,400,1,NULL,NULL,1,0,1,70
201900054674,29,11,2019,10:10:00,1,44,44102,1,1,7,3,"La Noisetterie","47,0420093"," -1,4739259",201900054674,138 203 297,B01,1,1,0,2,8,2,5,NULL,201900054674,138 203 298,A01,1,1,1,2,1945,3,8,-1,-1,0,0,-1,201900054674,3,57,0,NULL,2,2,0,1,13,400,1,NULL,NULL,1,0,1,70
201900058146,26,3,2019,09:15:00,1,17,17300,2,2,1,3,"JOURDAN   RUE","46,1644300"," -1,1617500",201900058146,138 196 880,A01,2,1,0,2,3,26,5,NULL,201900058146,138 196 879,B01,1,1,1,1,1990,4,1,0,-1,-1," -1",-1,201900058146,4,"JOURDAN   RUE",0,NULL,2,2,0,1,0,0,1,NULL,NULL,1,5,1,50
201900058146,26,3,2019,09:15:00,1,17,17300,2,2,1,3,"JOURDAN   RUE","46,1644300"," -1,1617500",201900058146,138 196 880,A01,2,1,0,2,3,26,5,NULL,201900058146,138 196 880,A01,1,1,4,2,1994,1,8,0,-1,-1," -1",-1,201900058146,4,"JOURDAN   RUE",0,NULL,2,2,0,1,0,0,1,NULL,NULL,1,5,1,50
201900009354,14,12,2019,11:15:00,1,45,45130,2,1,1,3,"Rue Francis Carret","47,7953237","1,7113202",201900009354,138 289 009,B01,0,1,0,2,3,0,5,NULL,201900009354,138 289 008,A01,1,1,1,1,1937,0,8,-1,-1,0,0,-1,201900009354,4," Rue Francis Carret",0,NULL,2,2,0,1,(1),(1),1,NULL,NULL,1,0,1,50
201900009354,14,12,2019,11:15:00,1,45,45130,2,1,1,3,"Rue Francis Carret","47,7953237","1,7113202",201900009354,138 289 009,B01,0,1,0,2,3,0,5,NULL,201900009354,138 289 009,B01,1,1,4,1,1953,5,2,-1,-1,0,0,-1,201900009354,4," Rue Francis Carret",0,NULL,2,2,0,1,(1),(1),1,NULL,NULL,1,0,1,50
201900009402,16,12,2019,18:05:00,2,33,33281,2,1,1,6,"AVE DE SAINT-MEDARD - Vélo traverse des n°pairs vers n°impairs sur passage piéton","44,8625300"," -0,6476000",201900009402,138 288 918,A01,2,1,0,2,3,19,5,NULL,201900009402,138 288 918,A01,1,1,4,2,1990,0,8,0,-1,-1," -1",-1,201900009402,4,"AVE DE SAINT-MEDARD",0,NULL,2,2,0,1,(1),(1),1,NULL,NULL,1,0,1,50
201900009402,16,12,2019,18:05:00,2,33,33281,2,1,1,6,"AVE DE SAINT-MEDARD - Vélo traverse des n°pairs vers n°impairs sur passage piéton","44,8625300"," -0,6476000",201900009402,138 288 918,A01,2,1,0,2,3,19,5,NULL,201900009402,138 288 919,B01,1,1,1,2,2000,0,8,0,-1,-1," -1",-1,201900009402,4,"AVE DE SAINT-MEDARD",0,NULL,2,2,0,1,(1),(1),1,NULL,NULL,1,0,1,50
201900012026,16,10,2019,15:00:00,2,26,26210,1,1,7,2,D67,"45,1999560","5,1205620",201900012026,138 284 088,B01,2,1,0,2,6,1,5,NULL,201900012026,138 284 088,B01,1,1,4,1,1947,5,2,-1,-1,0,0,-1,201900012026,3,67,NULL,NULL,2,2,0,1,36,200,1,NULL,NULL,1,0,1,80
201900012026,16,10,2019,15:00:00,2,26,26210,1,1,7,2,D67,"45,1999560","5,1205620",201900012026,138 284 088,B01,2,1,0,2,6,1,5,NULL,201900012026,138 284 089,A01,1,1,1,1,1941,5,1,-1,-1,0,0,-1,201900012026,3,67,NULL,NULL,2,2,0,1,36,200,1,NULL,NULL,1,0,1,80
201900013334,13,9,2019,08:20:00,1,75,75120,2,1,8,1,"AVENUE GAMBETTA","48,8642975","2,3930598",201900013334,138 281 639,A01,2,1,0,2,1,9,5,NULL,201900013334,138 281 639,A01,1,1,4,1,1973,0,2,8,-1,0,0,-1,201900013334,4,"AVENUE GAMBETTA",2,NULL,2,2,0,2,0,0,1,NULL,NULL,1,0,1,50
201900013334,13,9,2019,08:20:00,1,75,75120,2,1,8,1,"AVENUE GAMBETTA","48,8642975","2,3930598",201900013334,138 281 639,A01,2,1,0,2,1,9,5,NULL,201900013334,138 281 640,B01,1,1,1,1,1983,2,1,0,-1,0,0,-1,201900013334,4,"AVENUE GAMBETTA",2,NULL,2,2,0,2,0,0,1,NULL,NULL,1,0,1,50
201900014252,6,8,2019,08:30:00,1,75,75111,2,2,1,3,"RUE DE CHARONNE","48,8557651","2,3913253",201900014252,138 279 909,A01,2,1,0,2,1,17,5,NULL,201900014252,138 279 909,A01,1,1,4,2,1959,0,2,0,-1,0,0,-1,201900014252,4,"RUE DE CHARONNE",0,NULL,2,2,0,2,0,0,1,NULL,NULL,1,5,1,30
201900014252,6,8,2019,08:30:00,1,75,75111,2,2,1,3,"RUE DE CHARONNE","48,8557651","2,3913253",201900014252,138 279 909,A01,2,1,0,2,1,17,5,NULL,201900014252,138 279 910,B01,1,1,1,1,1996,0,2,6,-1,0,0,-1,201900014252,4,"RUE DE CHARONNE",0,NULL,2,2,0,2,0,0,1,NULL,NULL,1,5,1,30
201900016331,30,4,2019,08:47:00,1,7,07102,2,3,1,3,"LANGUEDOC (Rue du)","44,9276600","4,8621800",201900016331,138 275 944,A01,3,1,0,2,1,15,5,NULL,201900016331,138 275 944,A01,1,1,4,2,1999,5,8,0,-1,-1," -1",-1,201900016331,4,"LANGUEDOC (Rue du)",0,NULL,2,2,0,1,0,0,1,NULL,NULL,1,0,1,50
201900016331,30,4,2019,08:47:00,1,7,07102,2,3,1,3,"LANGUEDOC (Rue du)","44,9276600","4,8621800",201900016331,138 275 944,A01,3,1,0,2,1,15,5,NULL,201900016331,138 275 945,B01,1,1,1,2,1961,5,1,0,-1,-1," -1",-1,201900016331,4,"LANGUEDOC (Rue du)",0,NULL,2,2,0,1,0,0,1,NULL,NULL,1,0,1,50
201900016392,1,5,2019,09:05:00,1,988,98818,2,3,2,3,"RUE TINDALE/RUE JULES GARNIER"," -22,2899200","166,4426700",201900016392,138 275 838,B01,0,1,0,0,3,1,5,NULL,201900016392,138 275 838,B01,1,1,4,1,1973,5,2,2,-1,-1,0,-1,201900016392,4,594,0,NULL,2,2,0,1,0,0,1,NULL,NULL,2,0,1,50