Num_Acc,jour,mois,an,hrmn,lum,dep,com,agg,int,atm,col,adr,lat,long,Num_Acc,id_vehicule,num_veh,senc,catv,obs,obsm,choc,manv,motor,occutc,Num_Acc,id_vehicule,num_veh,place,catu,grav,sexe,an_nais,trajet,secu1,secu2,secu3,locp,actp,etatp,Num_Acc,catr,voie,v1,v2,circ,nbv,vosp,prof,pr,pr1,plan,lartpc,larrout,surf,infra,situ,vma
201900016392,1,5,2019,09:05:00,1,988,98818,2,3,2,3,"RUE TINDALE/RUE JULES GARNIER"," -22,2899200","166,4426700",201900016392,138 275 838,B01,0,1,0,0,3,1,5,NULL,201900016392,138 275 839,A01,1,1,1,1,1949,5,8,8,-1,-1,0,-1,201900016392,4,594,0,NULL,2,2,0,1,0,0,1,NULL,NULL,2,0,1,50
201900017336,14,10,2019,16:20:00,1,93,93053,2,9,1,3,"GENERAL DE GAULLE (ROND POINT DU)","48,8880000","2,4580000",201900017336,138 273 993,A01,3,1,12,2,5,9,5,NULL,201900017336,138 273 992,B01,1,1,1,1,1995,1,1,0,-1,-1," -1",-1,201900017336,4,"GENERAL DE GAULLE (ROND POINT DU)",0,NULL,4,2,0,2,0,0,3,NULL,NULL,1,9,1,50
201900017336,14,10,2019,16:20:00,1,93,93053,2,9,1,3,"GENERAL DE GAULLE (ROND POINT DU)","48,8880000","2,4580000",201900017336,138 273 993,A01,3,1,12,2,5,9,5,NULL,201900017336,138 273 993,A01,1,1,4,1,1957,0,2,0,-1,-1," -1",-1,201900017336,4,"GENERAL DE GAULLE (ROND POINT DU)",0,NULL,4,2,0,2,0,0,3,NULL,NULL,1,9,1,50
201900021017,10,9,2019,20:40:00,5,75,75107,2,3,1,3,"BOULEVARD DES INVALIDES","48,8482960","2,3157790",201900021017,138 267 123,B01,2,1,0,2,8,15,5,NULL,201900021017,138 267 122,A01,1,1,1,1,1979,0,2,6,-1,0,0,-1,201900021017,4,"BOULEVARD DES INVALIDES",0,NULL,2,2,-1,1,0,0,1,NULL,NULL,1,0,1,50
201900021017,10,9,2019,20:40:00,5,75,75107,2,3,1,3,"BOULEVARD DES INVALIDES","48,8482960","2,3157790",201900021017,138 267 123,B01,2,1,0,2,8,15,5,NULL,201900021017,138 267 123,B01,1,1,4,1,1997,0,2,8,-1,0,0,-1,201900021017,4,"BOULEVARD DES INVALIDES",0,NULL,2,2,-1,1,0,0,1,NULL,NULL,1,0,1,50
201900022078,13,11,2019,08:40:00,1,67,67482,2,3,1,3,"ANKARA (RUE D )","48,5743400","7,7712700",201900022078,138 265 040,B01,2,1,0,2,8,19,5,NULL,201900022078,138 265 039,A01,1,1,1,1,1943,0,1,0,-1,-1,0,-1,201900022078,4,"ANKARA (RUE D )",0,NULL,2,3,0,1,0,0,1,NULL,NULL,1,0,1,50
201900022078,13,11,2019,08:40:00,1,67,67482,2,3,1,3,"ANKARA (RUE D )","48,5743400","7,7712700",201900022078,138 265 040,B01,2,1,0,2,8,19,5,NULL,201900022078,138 265 040,B01,1,1,4,1,1977,0,8,0,-1,-1,0,-1,201900022078,4,"ANKARA (RUE D )",0,NULL,2,3,0,1,0,0,1,NULL,NULL,1,0,1,50
201900022097,14,11,2019,21:00:00,5,44,44162,2,1,1,1,"AVENUE CONDORCET","47,2285700"," -1,6056700",201900022097,138 265 001,B01,0,1,0,1,1,26,5,NULL,201900022097,138 265 001,B01,1,1,3,2,1994,0,2,4,-1,0,0,-1,201900022097,4,NULL,0,NULL,-1,0,2,1,1,0,1,NULL,NULL,1,0,1,30
201900022766,9,9,2019,06:55:00,5,29,29019,2,3,1,3,"LOTI PIERRE","48,3826200"," -4,5057100",201900022766,138 263 758,B01,3,1,0,2,1,1,0,NULL,201900022766,138 263 758,B01,1,1,4,1,1986,1,2,4,-1,-1,0,-1,201900022766,4,"LOTI PIERRE",0,NULL,2,2,0,1,0,0,1,NULL,NULL,1,0,1,50
201900022766,9,9,2019,06:55:00,5,29,29019,2,3,1,3,"LOTI PIERRE","48,3826200"," -4,5057100",201900022766,138 263 758,B01,3,1,0,2,1,1,0,NULL,201900022766,138 263 759,A01,1,1,1,1,1992,1,1,0,-1,-1,0,-1,201900022766,4,"LOTI PIERRE",0,NULL,2,2,0,1,0,0,1,NULL,NULL,1,0,1,50
201900023287,29,7,2019,10:30:00,1,67,67482,2,3,1,1,"MITTELHAUSBERGEN (ROUTE DE)","48,5940770","7,7202400",201900023287,138 262 703,B01,2,1,0,2,1,1,5,NULL,201900023287,138 262 702,A01,1,1,1,2,1997,3,1,8,-1,-1,0,-1,201900023287,4,"MITTELHAUSBERGEN (ROUTE DE)",0,NULL,2,2,0,1,0,0,1,NULL,NULL,9,0,1,30
201900023287,29,7,2019,10:30:00,1,67,67482,2,3,1,1,"MITTELHAUSBERGEN (ROUTE DE)","48,5940770","7,7202400",201900023287,138 262 703,B01,2,1,0,2,1,1,5,NULL,201900023287,138 262 703,B01,1,1,4,1,1955,0,8,0,-1,-1,0,-1,201900023287,4,"MITTELHAUSBERGEN (ROUTE DE)",0,NULL,2,2,0,1,0,0,1,NULL,NULL,9,0,1,30
201900024863,28,6,2019,08:30:00,1,32,32013,2,3,1,3,"PIERRE DE MONTESQUIOU (AVENUE)","43,6335300","0,5883100",201900024863,138 259 556,A01,3,1,0,2,1,9,5,NULL,201900024863,138 259 555,B01,1,1,4,2,1991,1,1,0,-1,-1," -1",-1,201900024863,4,"PIERRE DE MONTESQUIOU (AVENUE)",0,NULL,2,2,0,1,0,0,1,NULL,NULL,1,0,1,50
201900024863,28,6,2019,08:30:00,1,32,32013,2,3,1,3,"PIERRE DE MONTESQUIOU (AVENUE)","43,6335300","0,5883100",201900024863,138 259 556,A01,3,1,0,2,1,9,5,NULL,201900024863,138 259 556,A01,1,1,4,1,2002,1,8,0,-1,0,0,-1,201900024863,4,"PIERRE DE MONTESQUIOU (AVENUE)",0,NULL,2,2,0,1,0,0,1,NULL,NULL,1,0,1,50
201900025140,29,7,2019,18:10:00,1,75,75111,2,4,1,3,"BOULEVARD BEAUMARCHAIS","48,8540433","2,3689348",201900025140,138 259 050,A01,1,1,0,2,3,18,5,NULL,201900025140,138 259 050,A01,1,1,4,1,1993,1,2,0,-1,0,0,-1,201900025140,4,"BOULEVARD BEAUMARCHAIS",0,NULL,3,2,0,1,0,0,1,NULL,NULL,1,0,1,50
201900025140,29,7,2019,18:10:00,1,75,75111,2,4,1,3,"BOULEVARD BEAUMARCHAIS","48,8540433","2,3689348",201900025140,138 259 050,A01,1,1,0,2,3,18,5,NULL,201900025140,138 259 051,B01,1,1,1,1,1971,5,1,0,-1,0,0,-1,201900025140,4,"BOULEVARD BEAUMARCHAIS",0,NULL,3,2,0,1,0,0,1,NULL,NULL,1,0,1,50
201900027197,18,4,2019,21:10:00,4,59,59350,2,2,1,2,"ISLY RUE","50,6248000","3,0387600",201900027197,138 255 157,B01,1,1,0,2,3,19,5,NULL,201900027197,138 255 157,B01,1,1,4,1,1996,0,8,0,-1,-1,0,-1,201900027197,4,"ISLY RUE",0,NULL,2,2,2,1,0,0,1,NULL,NULL,1,0,1,50
201900028499,9,4,2019,14:25:00,1,64,64122,2,6,1,2,"ROND POINT LUIS MARIANO ","43,4586000"," -1,5473900",201900028499,138 252 730,B01,3,1,0,2,4,2,5,NULL,201900028499,138 252 729,A01,1,1,1,2,1964,0,1,0,-1,0,0,-1,201900028499,4,"ROND POINT LUIS MARIANO",0,NULL,1,1,0,1,0,0,2,NULL,NULL,1,0,1,50
201900028499,9,4,2019,14:25:00,1,64,64122,2,6,1,2,"ROND POINT LUIS MARIANO ","43,4586000"," -1,5473900",201900028499,138 252 730,B01,3,1,0,2,4,2,5,NULL,201900028499,138 252 730,B01,1,1,4,1,1937,5,8,0,-1,0,0,-1,201900028499,4,"ROND POINT LUIS MARIANO",0,NULL,1,1,0,1,0,0,2,NULL,NULL,1,0,1,50
201900032954,7,11,2019,13:58:00,1,49,49007,2,1,1,7,"MUSSES CHEMIN","47,4565900"," -0,5704000",201900032954,138 244 276,A01,3,1,0,0,8,26,5,NULL,201900032954,138 244 276,A01,1,1,4,1,2001,9,2,8,-1,-1," -1",-1,201900032954,4,"MUSSES CHEMIN",0,NULL,-1,1,0,1,0,0,1,NULL,NULL,1,0,1,30
201900033051,8,11,2019,12:02:00,1,75,75115,2,2,1,3,"RUE EMERIAU","48,8496240","2,2861540",201900033051,138 244 097,B01,2,1,0,2,8,18,5,NULL,201900033051,138 244 096,A01,1,1,1,1,1978,4,1,0,-1,0,0,-1,201900033051,4,"RUE EMERIAU",0,NULL,3,1,0,1,0,0,1,NULL,NULL,1,0,1,50
201900033051,8,11,2019,12:02:00,1,75,75115,2,2,1,3,"RUE EMERIAU","48,8496240","2,2861540",201900033051,138 244 097,B01,2,1,0,2,8,18,5,NULL,201900033051,138 244 096,A01,2,2,1,2,1996,0,1,0,-1,0,0,-1,201900033051,4,"RUE EMERIAU",0,NULL,3,1,0,1,0,0,1,NULL,NULL,1,0,1,50
201900033051,8,11,2019,12:02:00,1,75,75115,2,2,1,3,"RUE EMERIAU","48,8496240","2,2861540",201900033051,138 244 097,B01,2,1,0,2,8,18,5,NULL,201900033051,138 244 097,B01,1,1,4,1,1961,0,8,2,-1,0,0,-1,201900033051,4,"RUE EMERIAU",0,NULL,3,1,0,1,0,0,1,NULL,NULL,1,0,1,50
201900033279,2,10,2019,18:41:00,1,49,49007,2,1,1,3,RABELAIS,"47,4578400"," -0,5445500",201900033279,138 243 671,B01,1,1,0,2,8,0,5,NULL,201900033279,138 243 670,A01,1,1,1,1,1946,0,1,8,-1,-1,0,-1,201900033279,4,RABELAIS,0,NULL,2,2,0,1,0,0,1,NULL,NULL,1,0,1,60
201900033279,2,10,2019,18:41:00,1,49,49007,2,1,1,3,RABELAIS,"47,4578400"," -0,5445500",201900033279,138 243 671,B01,1,1,0,2,8,0,5,NULL,201900033279,138 243 671,B01,2,1,4,2,1999,0,2,0,-1,-1,0,-1,201900033279,4,RABELAIS,0,NULL,2,2,0,1,0,0,1,NULL,NULL,1,0,1,60
201900038953,19,1,2019,16:00:00,1,972,97216,1,1,1,1,"Axe D15 - fleury","14,8053270"," -61,0353930",201900038953,138 232 858,A01,1,1,0,2,1,1,5,NULL,201900038953,138 232 858,A01,1,1,3,1,2004,5,0,-1,-1,0,0,-1,201900038953,3,15,NULL,NULL,2,2,0,2,25,0,4,NULL,NULL,1,0,1,-1
201900038953,19,1,2019,16:00:00,1,972,97216,1,1,1,1,"Axe D15 - fleury","14,8053270"," -61,0353930",201900038953,138 232 858,A01,1,1,0,2,1,1,5,NULL,201900038953,138 232 859,B01,1,1,1,1,1953,5,1,-1,-1,0,0,-1,201900038953,3,15,NULL,NULL,2,2,0,2,25,0,4,NULL,NULL,1,0,1,-1
201900039198,27,8,2019,17:20:00,1,14,14118,2,1,1,3,"FALAISE (RUE DE  - 90-142 IMPAIR - 95)","49,1735700"," -0,3539400",201900039198,138 232 395,B01,3,1,0,2,7,19,5,NULL,201900039198,138 232 395,B01,1,1,4,1,1958,5,8,0,-1,-1," -1",-1,201900039198,4,"FALAISE (RUE DE  - 90-142 IMPAIR - 95)",0,NULL,2,0,0,1,1,0,1,NULL,NULL,1,0,1,50
201900039198,27,8,2019,17:20:00,1,14,14118,2,1,1,3,"FALAISE (RUE DE  - 90-142 IMPAIR - 95)","49,1735700"," -0,3539400",201900039198,138 232 395,B01,3,1,0,2,7,19,5,NULL,201900039198,138 232 396,A01,1,1,1,2,1945,5,1,0,-1,0,0,-1,201900039198,4,"FALAISE (RUE DE  - 90-142 IMPAIR - 95)",0,NULL,2,0,0,1,1,0,1,NULL,NULL,1,0,1,50
201900043016,26,8,2019,08:20:00,1,11,11170,2,4,8,6,"BOULEVARD PECH MAYAUD","43,1116300","3,0948600",201900043016,138 225 246,A01,1,1,0,0,0,15,5,NULL,201900043016,138 225 246,A01,1,1,3,1,1977,5,2,-1,-1,0,0,-1,201900043016,7,NULL,NULL,NULL,2,-1,-1,-1,(1),(1),-1,NULL,NULL,-1,-1,-1,-1
201900045622,24,5,2019,20:30:00,1,92,92023,2,1,1,6,"PAIX (AVENUE DE LA)","48,8151700","2,2723700",201900045622,138 220 311,B01,3,1,0,2,0,1,5,NULL,201900045622,138 220 310,A01,1,1,4,1,1987,5,2,8,-1,-1,0,-1,201900045622,4,"PAIX (AVENUE DE LA)",0,NULL,2,2,1,1,0,0,1,NULL,NULL,1,0,1,30
201900045622,24,5,2019,20:30:00,1,92,92023,2,1,1,6,"PAIX (AVENUE DE LA)","48,8151700","2,2723700",201900045622,138 220 311,B01,3,1,0,2,0,1,5,NULL,201900045622,138 220 311,B01,1,1,4,1,2000,5,2,0,-1,-1,0,-1,201900045622,4,"PAIX (AVENUE DE LA)",0,NULL,2,2,1,1,0,0,1,NULL,NULL,1,0,1,30
201900045622,24,5,2019,20:30:00,1,92,92023,2,1,1,6,"PAIX (AVENUE DE LA)","48,8151700","2,2723700",201900045622,138 220 311,B01,3,1,0,2,0,1,5,NULL,201900045622,138 220 312,C01,1,1,1,2,1964,5,1,8,-1,-1,0,-1,201900045622,4,"PAIX (AVENUE DE LA)",0,NULL,2,2,1,1,0,0,1,NULL,NULL,1,0,1,30
201900049453,16,6,2019,09:54:00,1,42,42170,1,3,1,3,"R.D 504","46,0388100","4,1110300",201900049453,138 213 125,A01,3,1,0,2,1,26,5,NULL,201900049453,138 213 124,B01,1,1,1,1,1943,5,1,8,-1,-1,0,-1,201900049453,3,504,0,NULL,2,2,0,4,1,0,1,NULL,NULL,1,0,1,50
201900049453,16,6,2019,09:54:00,1,42,42170,1,3,1,3,"R.D 504","46,0388100","4,1110300",201900049453,138 213 125,A01,3,1,0,2,1,26,5,NULL,201900049453,138 213 125,A01,1,1,3,1,1981,5,2,8,-1,-1,0,-1,201900049453,3,504,0,NULL,2,2,0,4,1,0,1,NULL,NULL,1,0,1,50
201900050126,25,9,2019,07:45:00,1,67,67482,2,1,1,3,"ROME (RUE DE)","48,5773620","7,7665400",201900050126,138 211 877,B01,1,1,0,2,8,1,0,NULL,201900050126,138 211 877,B01,1,1,3,2,1998,2,8,0,-1,-1,0,-1,201900050126,4,"ROME (RUE DE)",0,NULL,2,2,0,1,0,0,1,NULL,NULL,2,0,1,50
201900050126,25,9,2019,07:45:00,1,67,67482,2,1,1,3,"ROME (RUE DE)","48,5773620","7,7665400",201900050126,138 211 877,B01,1,1,0,2,8,1,0,NULL,201900050126,138 211 878,A01,2,2,1,1,2002,2,1,8,-1,-1,0,-1,201900050126,4,"ROME (RUE DE)",0,NULL,2,2,0,1,0,0,1,NULL,NULL,2,0,1,50
201900050126,25,9,2019,07:45:00,1,67,67482,2,1,1,3,"ROME (RUE DE)","48,5773620","7,7665400",201900050126,138 211 877,B01,1,1,0,2,8,1,0,NULL,201900050126,138 211 878,A01,1,1,1,1,1966,1,1,8,-1,-1,0,-1,201900050126,4,"ROME (RUE DE)",0,NULL,2,2,0,1,0,0,1,NULL,NULL,2,0,1,50
201900050455,30,3,2019,08:45:00,1,75,75101,2,3,1,3,"RUE DE TURBIGO","48,8632830","2,3463230",201900050455,138 211 274,B01,2,1,0,2,0,1,5,NULL,201900050455,138 211 274,B01,1,1,4,2,1993,1,2,0,-1,0,0,-1,201900050455,4,"RUE DE TURBIGO",0,NULL,1,1,2,1,0,0,1,NULL,NULL,1,0,5,30
201900050455,30,3,2019,08:45:00,1,75,75101,2,3,1,3,"RUE DE TURBIGO","48,8632830","2,3463230",201900050455,138 211 274,B01,2,1,0,2,0,1,5,NULL,201900050455,138 211 275,A01,1,1,1,1,1900,0,2,6,-1,0,0,-1,201900050455,4,"RUE DE TURBIGO",0,NULL,1,1,2,1,0,0,1,NULL,NULL,1,0,5,30
201900053540,27,10,2019,15:30:00,1,75,75111,2,3,2,6,"AVENUE PARMENTIER","48,8591370","2,3794960",201900053540,138 205 381,A01,2,1,0,2,3,18,5,NULL,201900053540,138 205 381,A01,1,1,4,1,1993,0,8,0,-1,0,0,-1,201900053540,4,"AVENUE PARMENTIER",0,NULL,-1,4,0,1,0,0,1,NULL,NULL,2,0,1,50
201900010893,5,7,2019,09:25:00,1,94,94076,2,1,1,1,"HENRI BARBUSSE (R)","48,8030500","2,3653800",201900010893,138 286 243,A01,2,1,0,2,1,13,5,NULL,201900010893,138 286 243,A01,1,1,4,1,1995,0,8,0,-1,-1," -1",-1,201900010893,4,"HENRI BARBUSSE (R)",0,NULL,3,2,0,2,0,0,1,NULL,NULL,1,0,1,50
201900010893,5,7,2019,09:25:00,1,94,94076,2,1,1,1,"HENRI BARBUSSE (R)","48,8030500","2,3653800",201900010893,138 286 243,A01,2,1,0,2,1,13,5,NULL,201900010893,138 286 244,B01,1,1,1,1,1993,0,1,0,-1,-1," -1",-1,201900010893,4,"HENRI BARBUSSE (R)",0,NULL,3,2,0,2,0,0,1,NULL,NULL,1,0,1,50
201900013231,13,9,2019,07:55:00,1,85,85191,2,6,1,3,"ROND POINT DU 5 PRAIRIAL AN XII","46,6647300"," -1,4237500",201900013231,138 281 853,B01,1,1,0,2,7,1,0,NULL,201900013231,138 281 852,A01,1,1,1,2,1970,1,1,0,-1,0,0,-1,201900013231,3,248,0,NULL,-1,2,1,1,33,388,3,NULL,NULL,1,5,1,30
201900013231,13,9,2019,07:55:00,1,85,85191,2,6,1,3,"ROND POINT DU 5 PRAIRIAL AN XII","46,6647300"," -1,4237500",201900013231,138 281 853,B01,1,1,0,2,7,1,0,NULL,201900013231,138 281 853,B01,1,1,3,1,1972,1,2,0,-1,0,0,-1,201900013231,3,248,0,NULL,-1,2,1,1,33,388,3,NULL,NULL,1,5,1,30
201900016625,29,12,2019,06:20:00,5,75,75119,2,2,1,6,"AVENUE DE FLANDRE","48,8843830","2,3691950",201900016625,138 275 361,A01,1,1,0,2,3,1,5,NULL,201900016625,138 275 361,A01,1,1,4,1,2000,0,2,8,-1,0,0,-1,201900016625,4,"AVENUE DE FLANDRE",0,NULL,3,2,1,1,0,0,2,NULL,NULL,1,0,5,50
201900021904,13,3,2019,19:30:00,5,94,94038,2,9,1,7,"BERGERE (R DE LA)","48,7600000","2,3320000",201900021904,138 265 382,A01,3,1,1,0,0,23,5,NULL,201900021904,138 265 382,A01,1,1,4,1,2005,0,8,0,-1,0,0,-1,201900021904,4,"BERGERE (R DE LA)",0,NULL,1,0,0,1,0,0,1,NULL,NULL,1,0,1,1
201900023331,31,7,2019,00:45:00,5,93,93027,2,1,1,2,"BARBUSSE (AVENUE HENRI)","48,9317000","2,3943300",201900023331,138 262 618,B01,1,1,0,2,1,1,0,NULL,201900023331,138 262 618,B01,1,1,4,1,1978,5,8,0,-1,-1," -1",-1,201900023331,3,30,0,NULL,2,2,1,1,0,0,1,NULL,NULL,1,0,3,50
201900023331,31,7,2019,00:45:00,5,93,93027,2,1,1,2,"BARBUSSE (AVENUE HENRI)","48,9317000","2,3943300",201900023331,138 262 618,B01,1,1,0,2,1,1,0,NULL,201900023331,138 262 619,A01,1,1,1,2,1994,5,8,0,-1,-1," -1",-1,201900023331,3,30,0,NULL,2,2,1,1,0,0,1,NULL,NULL,1,0,3,50
201900024793,14,4,2019,16:07:00,1,26,26362,2,2,1,3,"BOUIN RUE JEAN","44,9337900","4,8881500",201900024793,138 259 689,B01,0,1,0,2,0,5,5,NULL,201900024793,138 259 689,B01,1,1,4,1,2004,5,2,0,-1,-1,0,-1,201900024793,4,"BOUIN RUE JEAN",0,NULL,2,2,0,1,0,0,1,NULL,NULL,1,0,1,50
201900024793,14,4,2019,16:07:00,1,26,26362,2,2,1,3,"BOUIN RUE JEAN","44,9337900","4,8881500",201900024793,138 259 689,B01,0,1,0,2,0,5,5,NULL,201900024793,138 259 690,A01,1,1,1,2,1994,5,1,0,-1,-1,0,-1,201900024793,4,"BOUIN RUE JEAN",0,NULL,2,2,0,1,0,0,1,NULL,NULL,1,0,1,50
201900025235,11,3,2019,17:30:00,1,92,92051,2,2,1,3,"BINEAU (BOULEVARD, N°53 A 131 ET 52 A 13","48,8875450","2,2787440",201900025235,138 258 878,B01,1,1,0,2,1,1,0,NULL,201900025235,138 258 877,A01,1,1,1,1,1945,0,1,0,-1,-1,0,-1,201900025235,3,908,0,NULL,2,5,0,1,0,0,1,NULL,NULL,1,0,1,50
201900025235,11,3,2019,17:30:00,1,92,92051,2,2,1,3,"BINEAU (BOULEVARD, N°53 A 131 ET 52 A 13","48,8875450","2,2787440",201900025235,138 258 878,B01,1,1,0,2,1,1,0,NULL,201900025235,138 258 878,B01,1,1,4,1,1976,4,8,0,-1,-1,0,-1,201900025235,3,908,0,NULL,2,5,0,1,0,0,1,NULL,NULL,1,0,1,50
201900031495,5,10,2019,11:11:00,1,7,07102,2,1,1,3,"SADI-CARNOT (AV.) ","44,9313500","4,8776700",201900031495,138 247 136,B01,2,1,0,2,1,1,5,NULL,201900031495,138 247 136,B01,1,1,4,1,1948,5,2,8,-1,-1," -1",-1,201900031495,4,"SADI-CARNOT (AV.) ",0,NULL,2,2,0,1,0,0,1,NULL,NULL,1,0,1,50
201900031495,5,10,2019,11:11:00,1,7,07102,2,1,1,3,"SADI-CARNOT (AV.) ","44,9313500","4,8776700",201900031495,138 247 136,B01,2,1,0,2,1,1,5,NULL,201900031495,138 247 137,A01,1,1,1,2,1942,5,1,8,-1,-1," -1",-1,201900031495,4,"SADI-CARNOT (AV.) ",0,NULL,2,2,0,1,0,0,1,NULL,NULL,1,0,1,50
201900032382,10,4,2019,12:50:00,1,69,69383,2,2,1,3,"PAUL BERT                           (R )","45,7570400","4,8585900",201900032382,138 245 429,B01,1,1,0,2,8,0,0,NULL,201900032382,138 245 429,B01,1,1,4,1,1988,0,8,0,-1,0,0,-1,201900032382,4,"PAUL BERT                           (R )",0,NULL,2,3,1,1,1,0,1,NULL,NULL,1,0,1,50
201900032382,10,4,2019,12:50:00,1,69,69383,2,2,1,3,"PAUL BERT                           (R )","45,7570400","4,8585900",201900032382,138 245 429,B01,1,1,0,2,8,0,0,NULL,201900032382,138 245 430,A01,1,1,1,2,1951,0,1,0,-1,0,0,-1,201900032382,4,"PAUL BERT                           (R )",0,NULL,2,3,1,1,1,0,1,NULL,NULL,1,0,1,50
201900033058,8,11,2019,10:56:00,1,75,75109,2,1,1,3,"RUE DE DOUAI","48,8814238","2,3356149",201900033058,138 244 087,B01,2,1,0,2,1,5,5,NULL,201900033058,138 244 087,B01,1,1,4,2,1989,0,8,2,-1,0,0,-1,201900033058,4,"RUE DE DOUAI",0,NULL,1,1,0,1,7,0,1,NULL,NULL,1,0,1,30
201900033058,8,11,2019,10:56:00,1,75,75109,2,1,1,3,"RUE DE DOUAI","48,8814238","2,3356149",201900033058,138 244 087,B01,2,1,0,2,1,5,5,NULL,201900033058,138 244 088,A01,1,1,1,2,1989,1,2,6,-1,0,0,-1,201900033058,4,"RUE DE DOUAI",0,NULL,1,1,0,1,7,0,1,NULL,NULL,1,0,1,30
201900033943,4,3,2019,09:20:00,1,75,75118,2,4,8,6,"BOULEVARD ORNANO","48,8936630","2,3479490",201900033943,138 242 417,A01,2,1,0,2,4,1,5,NULL,201900033943,138 242 417,A01,1,1,4,2,1977,1,2,0,-1,0,0,-1,201900033943,4,"BOULEVARD ORNANO",0,NULL,-1,4,1,1,0,0,1,NULL,NULL,2,9,5,50
201900036790,19,6,2019,12:15:00,1,67,67482,2,3,1,3,"HAGUENAU (PLACE DE)","48,5910400","7,7425510",201900036790,138 236 900,A01,1,1,0,2,2,1,5,NULL,201900036790,138 236 899,B01,1,1,1,2,1968,0,1,8,-1,-1," -1",-1,201900036790,4,"HAGUENAU (PLACE DE)",0,NULL,1,4,0,1,0,0,1,NULL,NULL,1,0,1,50
201900036790,19,6,2019,12:15:00,1,67,67482,2,3,1,3,"HAGUENAU (PLACE DE)","48,5910400","7,7425510",201900036790,138 236 900,A01,1,1,0,2,2,1,5,NULL,201900036790,138 236 900,A01,1,1,4,2,1986,0,8,0,-1,-1," -1",-1,201900036790,4,"HAGUENAU (PLACE DE)",0,NULL,1,4,0,1,0,0,1,NULL,NULL,1,0,1,50
201900039366,28,2,2019,12:05:00,1,75,75119,2,3,1,3,"BOULEVARD MACDONALD","48,8987720","2,3741050",201900039366,138 232 097,B01,2,1,0,2,1,19,5,NULL,201900039366,138 232 096,A01,1,1,1,1,1994,4,1,0,-1,0,0,-1,201900039366,4,"BOULEVARD MACDONALD",0,NULL,-1,0,0,1,0,0,1,NULL,NULL,1,9,1,50
201900039366,28,2,2019,12:05:00,1,75,75119,2,3,1,3,"BOULEVARD MACDONALD","48,8987720","2,3741050",201900039366,138 232 097,B01,2,1,0,2,1,19,5,NULL,201900039366,138 232 097,B01,1,1,4,1,2008,5,2,0,-1,0,0,-1,201900039366,4,"BOULEVARD MACDONALD",0,NULL,-1,0,0,1,0,0,1,NULL,NULL,1,9,1,50
201900039458,28,2,2019,07:00:00,2,94,94041,2,1,1,3,"GEORGES GOSNAT (AV)","48,8136300","2,3888300",201900039458,138 231 937,B01,1,1,0,2,1,7,5,NULL,201900039458,138 231 937,B01,1,1,4,1,1972,1,8,0,-1,0,0,-1,201900039458,3,154,0,NULL,3,0,3,1,0,0,1,NULL,NULL,1,0,1,50
201900039458,28,2,2019,07:00:00,2,94,94041,2,1,1,3,"GEORGES GOSNAT (AV)","48,8136300","2,3888300",201900039458,138 231 937,B01,1,1,0,2,1,7,5,NULL,201900039458,138 231 938,A01,1,1,1,1,1977,1,1,0,-1,0,0,-1,201900039458,3,154,0,NULL,3,0,3,1,0,0,1,NULL,NULL,1,0,1,50
201900040162,30,4,2019,19:20:00,1,75,75104,2,2,1,3,"RUE SAINT ANTOINE","48,8539210","2,3648420",201900040162,138 230 607,A01,1,1,0,2,1,1,5,NULL,201900040162,138 230 607,A01,1,1,4,1,1995,5,8,0,-1,0,0,-1,201900040162,4,"RUE SAINT ANTOINE",0,NULL,2,3,1,1,0,0,1,NULL,NULL,1,0,1,50
201900040162,30,4,2019,19:20:00,1,75,75104,2,2,1,3,"RUE SAINT ANTOINE","48,8539210","2,3648420",201900040162,138 230 607,A01,1,1,0,2,1,1,5,NULL,201900040162,138 230 608,B01,1,1,1,1,2000,0,0,0,-1,0,0,-1,201900040162,4,"RUE SAINT ANTOINE",0,NULL,2,3,1,1,0,0,1,NULL,NULL,1,0,1,50
201900041255,27,8,2019,09:10:00,1,92,92060,2,1,1,3,"DESCARTES (AVENUE)","48,7767100","2,2462100",201900041255,138 228 620,B01,0,1,0,2,0,0,5,NULL,201900041255,138 228 619,A01,1,1,1,1,1999,4,1,0,-1,-1,0,-1,201900041255,4,"DESCARTES (AVENUE)",0,NULL,2,4,2,1,0,0,1,NULL,NULL,1,0,1,50
201900041255,27,8,2019,09:10:00,1,92,92060,2,1,1,3,"DESCARTES (AVENUE)","48,7767100","2,2462100",201900041255,138 228 620,B01,0,1,0,2,0,0,5,NULL,201900041255,138 228 620,B01,1,1,2,1,1956,1,2,4,-1,-1,0,-1,201900041255,4,"DESCARTES (AVENUE)",0,NULL,2,4,2,1,0,0,1,NULL,NULL,1,0,1,50
201900041360,5,4,2019,16:30:00,1,94,94052,2,1,1,2,"VICTOR HUGO (R)","48,8337450","2,4741260",201900041360,138 228 419,B01,1,1,0,0,1,0,0,NULL,201900041360,138 228 419,B01,1,1,4,1,1972,1,2,0,-1,-1,0,-1,201900041360,4,"VICTOR HUGO (R)",0,NULL,2,1,0,2,1,0,4,NULL,NULL,1,0,1,30
201900041360,5,4,2019,16:30:00,1,94,94052,2,1,1,2,"VICTOR HUGO (R)","48,8337450","2,4741260",201900041360,138 228 419,B01,1,1,0,0,1,0,0,NULL,201900041360,138 228 420,A01,1,1,1,1,1982,0,1,0,-1,-1,0,-1,201900041360,4,"VICTOR HUGO (R)",0,NULL,2,1,0,2,1,0,4,NULL,NULL,1,0,1,30