Num_Acc,jour,mois,an,hrmn,lum,dep,com,agg,int,atm,col,adr,lat,long,Num_Acc,id_vehicule,num_veh,senc,catv,obs,obsm,choc,manv,motor,occutc,Num_Acc,id_vehicule,num_veh,place,catu,grav,sexe,an_nais,trajet,secu1,secu2,secu3,locp,actp,etatp,Num_Acc,catr,voie,v1,v2,circ,nbv,vosp,prof,pr,pr1,plan,lartpc,larrout,surf,infra,situ,vma
201900041688,19,7,2019,18:50:00,1,41,41010,2,1,1,3,"Route de Galette","47,8489620","0,9954200",201900041688,138 227 826,A01,2,1,0,2,7,13,5,NULL,201900041688,138 227 825,B01,1,1,1,2,1972,5,1,-1,-1,0,0,-1,201900041688,3,24,NULL,NULL,2,2,0,1,12,660,1,NULL,NULL,1,0,1,50
201900041688,19,7,2019,18:50:00,1,41,41010,2,1,1,3,"Route de Galette","47,8489620","0,9954200",201900041688,138 227 826,A01,2,1,0,2,7,13,5,NULL,201900041688,138 227 826,A01,1,1,3,1,2003,3,0,-1,-1,0,0,-1,201900041688,3,24,NULL,NULL,2,2,0,1,12,660,1,NULL,NULL,1,0,1,50
201900042342,6,11,2019,09:00:00,1,35,35238,1,2,1,3,"PREVALAYE (CHEMIN DE LA)","48,0980400"," -1,7272000",201900042342,138 226 516,A01,3,1,0,2,8,19,5,NULL,201900042342,138 226 516,A01,1,1,4,2,1992,1,2,8,-1,-1," -1",-1,201900042342,4,"PREVALAYE (CHEMIN DE LA)",0,NULL,2,2,0,1,0,0,1,NULL,NULL,2,9,-1,50
201900042342,6,11,2019,09:00:00,1,35,35238,1,2,1,3,"PREVALAYE (CHEMIN DE LA)","48,0980400"," -1,7272000",201900042342,138 226 516,A01,3,1,0,2,8,19,5,NULL,201900042342,138 226 517,B01,1,1,1,2,1963,1,1,0,-1,-1," -1",-1,201900042342,4,"PREVALAYE (CHEMIN DE LA)",0,NULL,2,2,0,1,0,0,1,NULL,NULL,2,9,-1,50
201900045497,7,12,2019,12:44:00,1,75,75108,2,4,1,3,"AVENUE MONTAIGNE","48,8677213","2,3076868",201900045497,138 220 536,B01,2,1,0,2,1,7,5,NULL,201900045497,138 220 536,B01,1,1,4,1,1990,5,2,8,-1,0,0,-1,201900045497,4,"AVENUE MONTAIGNE",0,NULL,2,3,3,1,44,0,1,NULL,NULL,1,0,6,30
201900045497,7,12,2019,12:44:00,1,75,75108,2,4,1,3,"AVENUE MONTAIGNE","48,8677213","2,3076868",201900045497,138 220 536,B01,2,1,0,2,1,7,5,NULL,201900045497,138 220 537,A01,1,1,1,1,1948,1,1,0,-1,0,0,-1,201900045497,4,"AVENUE MONTAIGNE",0,NULL,2,3,3,1,44,0,1,NULL,NULL,1,0,6,30
201900046638,25,8,2019,06:10:00,2,75,75107,2,7,1,3,"PLACE DE LA RESISTANCE","48,8624350","2,3016010",201900046638,138 218 306,A01,1,1,0,2,0,1,5,NULL,201900046638,138 218 305,B01,1,1,1,1,1973,4,1,0,-1,0,0,-1,201900046638,4,"PLACE DE LA RESISTANCE",0,NULL,2,4,0,1,0,0,1,NULL,NULL,1,8,1,50
201900046638,25,8,2019,06:10:00,2,75,75107,2,7,1,3,"PLACE DE LA RESISTANCE","48,8624350","2,3016010",201900046638,138 218 306,A01,1,1,0,2,0,1,5,NULL,201900046638,138 218 306,A01,1,1,4,1,1993,0,2,0,-1,0,0,-1,201900046638,4,"PLACE DE LA RESISTANCE",0,NULL,2,4,0,1,0,0,1,NULL,NULL,1,8,1,50
201900046864,31,3,2019,12:10:00,1,72,72181,2,1,1,6,"JOINVILLE (RUE)","47,9968700","0,2049200",201900046864,138 217 893,B01,1,1,0,2,1,1,5,NULL,201900046864,138 217 893,B01,1,1,4,1,1984,5,8,0,-1,0,0,-1,201900046864,4,"JOINVILLE (RUE)",0,NULL,1,1,0,1,0,0,1,NULL,NULL,1,0,2,50
201900046864,31,3,2019,12:10:00,1,72,72181,2,1,1,6,"JOINVILLE (RUE)","47,9968700","0,2049200",201900046864,138 217 893,B01,1,1,0,2,1,1,5,NULL,201900046864,138 217 894,A01,1,1,1,1,1936,0,1,0,-1,0,0,-1,201900046864,4,"JOINVILLE (RUE)",0,NULL,1,1,0,1,0,0,1,NULL,NULL,1,0,2,50
201900048554,22,8,2019,08:20:00,1,75,75113,2,2,1,3,"RUE NATIONALE","48,8216993","2,3693634",201900048554,138 214 768,A01,1,1,0,2,8,1,5,NULL,201900048554,138 214 768,A01,1,1,4,1,1981,0,2,0,-1,0,0,-1,201900048554,4,"RUE NATIONALE",0,NULL,1,1,0,1,0,0,1,NULL,NULL,1,0,1,50
201900048554,22,8,2019,08:20:00,1,75,75113,2,2,1,3,"RUE NATIONALE","48,8216993","2,3693634",201900048554,138 214 768,A01,1,1,0,2,8,1,5,NULL,201900048554,138 214 769,B01,1,1,1,1,1959,1,1,0,-1,0,0,-1,201900048554,4,"RUE NATIONALE",0,NULL,1,1,0,1,0,0,1,NULL,NULL,1,0,1,50
201900051779,4,1,2019,18:24:00,5,80,80021,2,1,1,3,"124, R ALEXANDRE DUMAS","49,8746000","2,2866700",201900051779,138 208 757,B01,0,1,0,2,0,1,5,NULL,201900051779,138 208 756,A01,1,1,1,1,1951,0,1,0,-1,-1,0,-1,201900051779,4,"ALEXANDRE DUMAS (RUE)",0,NULL,2,2,0,1,0,0,1,NULL,NULL,1,0,1,50
201900051779,4,1,2019,18:24:00,5,80,80021,2,1,1,3,"124, R ALEXANDRE DUMAS","49,8746000","2,2866700",201900051779,138 208 757,B01,0,1,0,2,0,1,5,NULL,201900051779,138 208 757,B01,1,1,4,1,2000,0,2,0,-1,-1,0,-1,201900051779,4,"ALEXANDRE DUMAS (RUE)",0,NULL,2,2,0,1,0,0,1,NULL,NULL,1,0,1,50
201900054815,11,6,2019,19:50:00,1,10,10081,2,1,1,1,"MARIE NOEL (RUE)","48,3090700","4,0329700",201900054815,138 203 055,B01,3,1,0,2,3,19,1,NULL,201900054815,138 203 054,A01,1,1,1,1,1998,0,1,0,-1,-1," -1",-1,201900054815,7,"MARIE NOEL (RUE)",0,NULL,2,1,0,1,0,0,1,NULL,NULL,1,0,1,50
201900054815,11,6,2019,19:50:00,1,10,10081,2,1,1,1,"MARIE NOEL (RUE)","48,3090700","4,0329700",201900054815,138 203 055,B01,3,1,0,2,3,19,1,NULL,201900054815,138 203 055,B01,1,1,4,1,2001,0,8,0,-1,-1," -1",-1,201900054815,7,"MARIE NOEL (RUE)",0,NULL,2,1,0,1,0,0,1,NULL,NULL,1,0,1,50
201900055048,11,6,2019,15:39:00,1,75,75106,2,1,1,3,"RUE DE RENNES","48,8453100","2,3252750",201900055048,138 202 556,B01,2,1,0,2,5,1,5,NULL,201900055048,138 202 556,B01,1,1,4,1,1998,5,2,0,-1,0,0,-1,201900055048,4,"RUE DE RENNES",0,NULL,2,2,1,1,0,0,1,NULL,NULL,1,0,5,50
201900055048,11,6,2019,15:39:00,1,75,75106,2,1,1,3,"RUE DE RENNES","48,8453100","2,3252750",201900055048,138 202 556,B01,2,1,0,2,5,1,5,NULL,201900055048,138 202 557,A01,1,1,1,1,1981,4,1,0,-1,0,0,-1,201900055048,4,"RUE DE RENNES",0,NULL,2,2,1,1,0,0,1,NULL,NULL,1,0,5,50
201900055509,22,10,2019,05:45:00,5,49,49099,2,1,8,2,"MOINIE(BOULEVARD DE LA )","47,0587300"," -0,9042100",201900055509,138 201 736,A01,2,1,0,2,4,1,5,NULL,201900055509,138 201 736,A01,1,1,4,2,2001,9,8,8,-1,-1," -1",-1,201900055509,7,"MOINIE(BOULEVARD DE LA )",0,NULL,3,6,1,2,0,0,4,NULL,NULL,1,0,1,50
201900056015,27,3,2019,10:10:00,1,75,75107,2,2,1,3,"AVENUE DE TOURVILLE","48,8539570","2,3095310",201900056015,138 200 773,A01,1,1,0,2,1,1,5,NULL,201900056015,138 200 773,A01,1,1,4,1,1934,5,8,0,-1,0,0,-1,201900056015,4,"AVENUE DE TOURVILLE",0,NULL,2,3,0,1,0,0,1,NULL,NULL,1,0,1,50
201900056015,27,3,2019,10:10:00,1,75,75107,2,2,1,3,"AVENUE DE TOURVILLE","48,8539570","2,3095310",201900056015,138 200 773,A01,1,1,0,2,1,1,5,NULL,201900056015,138 200 774,B01,1,1,1,1,1984,0,2,6,-1,0,0,-1,201900056015,4,"AVENUE DE TOURVILLE",0,NULL,2,3,0,1,0,0,1,NULL,NULL,1,0,1,50
201900056517,14,2,2019,20:55:00,5,34,34172,2,2,1,3,"GLAIZE (RUE)","43,6111000","3,8192100",201900056517,138 199 869,B01,3,1,0,2,1,1,5,NULL,201900056517,138 199 868,A01,1,1,4,1,1984,4,8,0,-1,-1,0,-1,201900056517,4,"GLAIZE (RUE)",0,NULL,-1,1,0,2,(1),(1),2,NULL,NULL,1,6,1,50
201900056517,14,2,2019,20:55:00,5,34,34172,2,2,1,3,"GLAIZE (RUE)","43,6111000","3,8192100",201900056517,138 199 868,A01,3,1,0,2,1,1,5,NULL,201900056517,138 199 868,A01,1,1,4,1,1984,4,8,0,-1,-1,0,-1,201900056517,4,"GLAIZE (RUE)",0,NULL,-1,1,0,2,(1),(1),2,NULL,NULL,1,6,1,50
201900056517,14,2,2019,20:55:00,5,34,34172,2,2,1,3,"GLAIZE (RUE)","43,6111000","3,8192100",201900056517,138 199 869,B01,3,1,0,2,1,1,5,NULL,201900056517,138 199 869,B01,1,1,4,1,1999,4,2,0,-1,-1,0,-1,201900056517,4,"GLAIZE (RUE)",0,NULL,-1,1,0,2,(1),(1),2,NULL,NULL,1,6,1,50
201900056517,14,2,2019,20:55:00,5,34,34172,2,2,1,3,"GLAIZE (RUE)","43,6111000","3,8192100",201900056517,138 199 868,A01,3,1,0,2,1,1,5,NULL,201900056517,138 199 869,B01,1,1,4,1,1999,4,2,0,-1,-1,0,-1,201900056517,4,"GLAIZE (RUE)",0,NULL,-1,1,0,2,(1),(1),2,NULL,NULL,1,6,1,50
201900008799,6,8,2019,13:05:00,1,63,63113,2,1,1,3,"CLOS FOUR (RUE DU)","45,7893500","3,1039600",201900008799,138 290 052,B01,1,1,0,2,7,15,5,NULL,201900008799,138 290 051,A01,1,1,1,1,1993,9,1,0,-1,0,0,-1,201900008799,4,"CLOS FOUR (RUE DU)",0,NULL,2,1,0,1,(1),(1),2,NULL,NULL,1,0,1,50
201900008799,6,8,2019,13:05:00,1,63,63113,2,1,1,3,"CLOS FOUR (RUE DU)","45,7893500","3,1039600",201900008799,138 290 052,B01,1,1,0,2,7,15,5,NULL,201900008799,138 290 052,B01,1,1,4,1,1993,0,8,0,-1,-1," -1",-1,201900008799,4,"CLOS FOUR (RUE DU)",0,NULL,2,1,0,1,(1),(1),2,NULL,NULL,1,0,1,50
201900010046,17,10,2019,08:15:00,1,31,31069,2,6,1,3,"ANDROMEDE (AV)","43,6553300","1,3653600",201900010046,138 287 758,B01,1,1,0,2,7,1,5,NULL,201900010046,138 287 757,A01,1,1,1,1,1978,9,1,8,-1,-1," -1",-1,201900010046,4,NULL,0,NULL,2,2,0,1,0,0,1,NULL,NULL,1,0,1,50
201900010046,17,10,2019,08:15:00,1,31,31069,2,6,1,3,"ANDROMEDE (AV)","43,6553300","1,3653600",201900010046,138 287 758,B01,1,1,0,2,7,1,5,NULL,201900010046,138 287 758,B01,1,1,4,1,1969,9,2,8,-1,-1," -1",-1,201900010046,4,NULL,0,NULL,2,2,0,1,0,0,1,NULL,NULL,1,0,1,50
201900013102,31,12,2019,15:10:00,1,37,37122,2,1,5,6,"CHINON (BOULEVARD DE)","47,3524895","0,6883621",201900013102,138 282 086,A01,3,1,0,2,2,15,5,NULL,201900013102,138 282 085,B01,1,1,1,1,1964,5,1,0,-1,0,0,-1,201900013102,4,"CHINON (BOULEVARD DE)",0,NULL,1,1,1,1,1,0,1,NULL,NULL,1,5,5,50
201900013102,31,12,2019,15:10:00,1,37,37122,2,1,5,6,"CHINON (BOULEVARD DE)","47,3524895","0,6883621",201900013102,138 282 086,A01,3,1,0,2,2,15,5,NULL,201900013102,138 282 086,A01,1,1,4,1,1987,5,8,8,-1,0,0,-1,201900013102,4,"CHINON (BOULEVARD DE)",0,NULL,1,1,1,1,1,0,1,NULL,NULL,1,5,5,50
201900013735,15,10,2019,15:50:00,1,62,62178,2,6,1,3,"LAMENDIN ( ARTHUR )","50,4825350","2,5422030",201900013735,138 280 849,B01,2,1,0,2,1,1,5,NULL,201900013735,138 280 848,A01,1,1,1,2,1981,1,1,0,-1,0,0,-1,201900013735,4,"LAMENDIN ( ARTHUR )",0,NULL,1,1,0,1,0,0,2,NULL,NULL,1,0,1,50
201900013735,15,10,2019,15:50:00,1,62,62178,2,6,1,3,"LAMENDIN ( ARTHUR )","50,4825350","2,5422030",201900013735,138 280 849,B01,2,1,0,2,1,1,5,NULL,201900013735,138 280 849,B01,1,1,4,1,1985,3,8,0,-1,0,0,-1,201900013735,4,"LAMENDIN ( ARTHUR )",0,NULL,1,1,0,1,0,0,2,NULL,NULL,1,0,1,50
201900015575,11,10,2019,17:45:00,1,67,67482,2,1,2,6,"ALTENHEIM (ROUTE D )","48,5362600","7,7710900",201900015575,138 277 355,B01,2,1,0,2,2,1,5,NULL,201900015575,138 277 355,B01,1,1,4,1,2000,0,8,0,-1,-1,0,-1,201900015575,4,"ALTENHEIM (ROUTE D )",0,NULL,2,3,0,1,0,0,1,NULL,NULL,2,0,1,50
201900015575,11,10,2019,17:45:00,1,67,67482,2,1,2,6,"ALTENHEIM (ROUTE D )","48,5362600","7,7710900",201900015575,138 277 355,B01,2,1,0,2,2,1,5,NULL,201900015575,138 277 356,A01,1,1,1,2,1963,0,1,8,-1,-1,0,-1,201900015575,4,"ALTENHEIM (ROUTE D )",0,NULL,2,3,0,1,0,0,1,NULL,NULL,2,0,1,50
201900015653,11,10,2019,07:45:00,2,38,38185,2,2,1,3,"BRENIER (RUE C.)","45,1917600","5,7184300",201900015653,138 277 225,A01,3,1,0,2,1,19,5,NULL,201900015653,138 277 225,A01,1,1,4,1,1963,1,8,0,-1,-1," -1",-1,201900015653,4,"BRENIER (RUE C.)",0,NULL,1,1,2,1,0,0,1,NULL,NULL,1,0,1,50
201900015653,11,10,2019,07:45:00,2,38,38185,2,2,1,3,"BRENIER (RUE C.)","45,1917600","5,7184300",201900015653,138 277 225,A01,3,1,0,2,1,19,5,NULL,201900015653,138 277 226,B01,1,1,1,2,1976,1,1,0,-1,-1," -1",-1,201900015653,4,"BRENIER (RUE C.)",0,NULL,1,1,2,1,0,0,1,NULL,NULL,1,0,1,50
201900019222,13,10,2019,15:49:00,1,68,68005,1,1,1,7,Ammerschwihr,"48,1154020","7,2379910",201900019222,138 270 500,A01,1,1,5,0,9,1,5,NULL,201900019222,138 270 500,A01,1,1,3,1,1971,5,2,-1,-1,0,0,-1,201900019222,3,11.8,NULL,NULL,2,2,0,2,3,400,2,NULL,NULL,1,0,1,80
201900019582,1,7,2019,09:00:00,1,75,75114,2,1,1,3,"BOULEVARD ADOLPHE PINARD","48,8226160","2,3128630",201900019582,138 269 825,A01,1,1,0,2,1,25,5,NULL,201900019582,138 269 824,B01,1,1,1,1,1994,1,2,6,-1,0,0,-1,201900019582,4,"BOULEVARD ADOLPHE PINARD",0,NULL,1,1,0,1,0,0,1,NULL,NULL,1,8,4,50
201900019582,1,7,2019,09:00:00,1,75,75114,2,1,1,3,"BOULEVARD ADOLPHE PINARD","48,8226160","2,3128630",201900019582,138 269 825,A01,1,1,0,2,1,25,5,NULL,201900019582,138 269 825,A01,1,1,4,2,1957,9,2,0,-1,0,0,-1,201900019582,4,"BOULEVARD ADOLPHE PINARD",0,NULL,1,1,0,1,0,0,1,NULL,NULL,1,8,4,50
201900020712,28,1,2019,13:15:00,1,71,71076,2,1,1,7,"LUMIERE (RUE DES FRERES)","46,8002500","4,8735300",201900020712,138 267 674,A01,3,1,0,0,0,1,5,NULL,201900020712,138 267 674,A01,1,1,3,1,1962,0,2,0,-1,-1,0,-1,201900020712,4,"LUMIERE (RUE DES FRERES)",0,NULL,2,-1,0,1,0,0,1,NULL,NULL,1,0,1,50
201900022080,14,11,2019,13:50:00,1,64,64445,2,1,1,1,"JEAN MERMOZ","43,3100000"," -0,3773000",201900022080,138 265 036,A01,2,1,0,2,1,13,5,NULL,201900022080,138 265 035,B01,1,1,1,1,1971,0,8,0,-1,0,0,-1,201900022080,4,"JEAN MERMOZ",0,NULL,3,2,0,1,0,0,1,NULL,NULL,1,0,1,50
201900022080,14,11,2019,13:50:00,1,64,64445,2,1,1,1,"JEAN MERMOZ","43,3100000"," -0,3773000",201900022080,138 265 036,A01,2,1,0,2,1,13,5,NULL,201900022080,138 265 036,A01,1,1,4,1,1995,0,8,0,-1,0,0,-1,201900022080,4,"JEAN MERMOZ",0,NULL,3,2,0,1,0,0,1,NULL,NULL,1,0,1,50
201900022967,16,4,2019,17:20:00,1,26,26071,1,6,1,3,"route départementale D532","45,0522610","4,9275460",201900022967,138 263 390,A01,1,1,0,2,7,0,5,NULL,201900022967,138 263 390,A01,1,1,4,1,1972,5,0,-1,-1,0,0,-1,201900022967,3,67,0,D,2,2,2,1,(1),(1),2,NULL,NULL,1,0,1,70
201900022967,16,4,2019,17:20:00,1,26,26071,1,6,1,3,"route départementale D532","45,0522610","4,9275460",201900022967,138 263 390,A01,1,1,0,2,7,0,5,NULL,201900022967,138 263 391,B01,1,1,1,1,1981,1,1,-1,-1,0,0,-1,201900022967,3,67,0,D,2,2,2,1,(1),(1),2,NULL,NULL,1,0,1,70
201900030380,8,4,2019,22:00:00,3,59,59445,1,1,2,2,D963,"50,0486070","4,1161710",201900030380,138 249 167,B01,1,1,0,2,4,1,5,NULL,201900030380,138 249 167,B01,1,1,3,1,2001,5,9,-1,-1,0,0,-1,201900030380,3,963,0,D,2,2,0,1,9,953,1,NULL,NULL,2,0,1,80
201900030380,8,4,2019,22:00:00,3,59,59445,1,1,2,2,D963,"50,0486070","4,1161710",201900030380,138 249 167,B01,1,1,0,2,4,1,5,NULL,201900030380,138 249 168,A01,1,1,1,1,1970,-1,1,0,0,-1," -1",-1,201900030380,3,963,0,D,2,2,0,1,9,953,1,NULL,NULL,2,0,1,80
201900030977,23,5,2019,06:50:00,1,31,31149,2,6,7,3,"BRUNAUD (AVENUE YVES)","43,6155500","1,3418700",201900030977,138 248 096,B01,1,1,0,2,4,1,6,NULL,201900030977,138 248 095,A01,1,1,1,1,1979,0,1,0,-1,-1,0,-1,201900030977,4,"BRUNAUD (AVENUE YVES)",0,NULL,1,2,0,2,0,0,1,NULL,NULL,1,0,1,50
201900030977,23,5,2019,06:50:00,1,31,31149,2,6,7,3,"BRUNAUD (AVENUE YVES)","43,6155500","1,3418700",201900030977,138 248 096,B01,1,1,0,2,4,1,6,NULL,201900030977,138 248 096,B01,1,1,4,1,1968,0,2,0,-1,-1,0,-1,201900030977,4,"BRUNAUD (AVENUE YVES)",0,NULL,1,2,0,2,0,0,1,NULL,NULL,1,0,1,50
201900033570,21,1,2019,08:45:00,1,91,91345,2,1,9,2,"SAVIGNY (RUE DE)","48,6883310","2,3227500",201900033570,138 243 114,B01,2,1,0,2,4,14,0,NULL,201900033570,138 243 114,B01,1,1,4,1,1981,1,8,0,-1,0,0,-1,201900033570,4,"SAVIGNY (RUE DE)",0,NULL,2,1,0,2,0,0,2,NULL,NULL,1,0,1,30
201900034688,14,12,2019,15:18:00,1,32,32171,1,1,1,2,D634,"43,5255260","0,9854010",201900034688,138 240 994,B01,1,1,0,2,5,1,5,NULL,201900034688,138 240 994,B01,1,1,3,1,1959,5,2,-1,-1,0,0,-1,201900034688,3,634,NULL,NULL,2,2,0,3,13,300,1,NULL,NULL,1,0,1,80
201900035459,18,1,2019,07:30:00,3,45,45234,2,6,1,3,"ROND POINT BOTANIC","47,9242560","1,9412410",201900035459,138 239 448,B01,3,1,0,2,8,1,5,NULL,201900035459,138 239 447,A01,1,1,1,2,1980,1,1,8,-1,-1," -1",-1,201900035459,3,906094,0,NULL,1,1,1,1,4,255,1,NULL,NULL,1,3,1,50
201900035459,18,1,2019,07:30:00,3,45,45234,2,6,1,3,"ROND POINT BOTANIC","47,9242560","1,9412410",201900035459,138 239 448,B01,3,1,0,2,8,1,5,NULL,201900035459,138 239 448,B01,2,1,4,2,1982,1,8,4,-1,-1," -1",-1,201900035459,3,906094,0,NULL,1,1,1,1,4,255,1,NULL,NULL,1,3,1,50
201900037643,6,4,2019,11:50:00,1,91,91114,2,1,1,6,"VALLEES (RUE)","48,6989200","2,5112700",201900037643,138 235 240,A01,2,1,0,1,1,1,5,NULL,201900037643,138 235 240,A01,1,1,4,1,1965,9,8,0,-1,0,0,-1,201900037643,4,"VALLEES (RUE)",0,NULL,1,1,0,1,1,0,1,NULL,NULL,1,9,1,50
201900037643,6,4,2019,11:50:00,1,91,91114,2,1,1,6,"VALLEES (RUE)","48,6989200","2,5112700",201900037643,138 235 240,A01,2,1,0,1,1,1,5,NULL,201900037643,138 235 240,A01,10,3,3,1,1946,3,8,0,-1,1,3,1,201900037643,4,"VALLEES (RUE)",0,NULL,1,1,0,1,1,0,1,NULL,NULL,1,9,1,50
201900038515,21,6,2019,11:00:00,1,92,92051,2,2,1,2,"BINEAU (BOULEVARD, N°53 A 131 ET 52 A 13","48,8880600","2,2752800",201900038515,138 233 698,A01,1,1,0,2,1,2,5,NULL,201900038515,138 233 698,A01,1,1,4,1,1968,1,2,0,-1,-1,0,-1,201900038515,3,908,0,NULL,3,5,0,1,0,0,1,NULL,NULL,1,0,1,50
201900038515,21,6,2019,11:00:00,1,92,92051,2,2,1,2,"BINEAU (BOULEVARD, N°53 A 131 ET 52 A 13","48,8880600","2,2752800",201900038515,138 233 698,A01,1,1,0,2,1,2,5,NULL,201900038515,138 233 699,B01,1,1,1,2,1966,1,1,0,-1,-1,0,-1,201900038515,3,908,0,NULL,3,5,0,1,0,0,1,NULL,NULL,1,0,1,50
201900041908,10,5,2019,11:30:00,1,94,94046,2,1,1,3,"GENERAL DE GAULLE (AV DU)","48,8026800","2,4286200",201900041908,138 227 403,B01,1,1,1,0,7,1,5,NULL,201900041908,138 227 403,B01,1,1,4,1,2004,0,2,0,-1,-1," -1",-1,201900041908,3,6,0,NULL,2,4,0,1,0,0,1,NULL,NULL,1,0,1,50
201900041908,10,5,2019,11:30:00,1,94,94046,2,1,1,3,"GENERAL DE GAULLE (AV DU)","48,8026800","2,4286200",201900041908,138 227 403,B01,1,1,1,0,7,1,5,NULL,201900041908,138 227 404,A01,1,1,1,1,1953,0,1,8,-1,-1," -1",-1,201900041908,3,6,0,NULL,2,4,0,1,0,0,1,NULL,NULL,1,0,1,50
201900043540,10,12,2019,08:50:00,1,75,75104,2,1,1,3,"QUAI DE L HOTEL DE VILLE","48,8536450","2,3569073",201900043540,138 224 303,B01,1,1,0,2,6,15,5,NULL,201900043540,138 224 302,A01,1,1,1,1,1968,9,2,6,-1,0,0,-1,201900043540,4,"QUAI DE L HOTEL DE VILLE",0,NULL,2,4,0,1,18,0,1,NULL,NULL,1,0,1,50
201900043540,10,12,2019,08:50:00,1,75,75104,2,1,1,3,"QUAI DE L HOTEL DE VILLE","48,8536450","2,3569073",201900043540,138 224 303,B01,1,1,0,2,6,15,5,NULL,201900043540,138 224 303,B01,1,1,4,1,1958,0,2,8,-1,0,0,-1,201900043540,4,"QUAI DE L HOTEL DE VILLE",0,NULL,2,4,0,1,18,0,1,NULL,NULL,1,0,1,50
201900048461,21,8,2019,20:15:00,1,51,51108,2,3,1,3,"AVENUE DU GENERAL SARRAIL","48,9754902","4,3576315",201900048461,138 214 935,B01,2,1,0,2,1,1,5,NULL,201900048461,138 214 934,A01,1,1,1,2,1995,5,1,8,-1,-1,0,-1,201900048461,4,"AVENUE DU GENERAL SARRAIL",0,NULL,2,2,0,1,0,0,1,NULL,NULL,1,0,1,50
201900048461,21,8,2019,20:15:00,1,51,51108,2,3,1,3,"AVENUE DU GENERAL SARRAIL","48,9754902","4,3576315",201900048461,138 214 935,B01,2,1,0,2,1,1,5,NULL,201900048461,138 214 935,B01,1,1,2,1,1959,1,8,0,-1,-1,0,-1,201900048461,4,"AVENUE DU GENERAL SARRAIL",0,NULL,2,2,0,1,0,0,1,NULL,NULL,1,0,1,50
201900048470,22,8,2019,08:30:00,1,49,49353,2,1,1,3,CAMUS,"47,4563200"," -0,5082700",201900048470,138 214 919,A01,1,1,0,2,7,0,5,NULL,201900048470,138 214 919,A01,1,1,4,1,1980,0,8,0,-1,-1," -1",-1,201900048470,4,CAMUS,0,NULL,2,2,0,1,0,0,1,NULL,NULL,1,0,1,60
201900048470,22,8,2019,08:30:00,1,49,49353,2,1,1,3,CAMUS,"47,4563200"," -0,5082700",201900048470,138 214 919,A01,1,1,0,2,7,0,5,NULL,201900048470,138 214 920,B01,1,1,1,1,1951,0,1,8,-1,-1," -1",-1,201900048470,4,CAMUS,0,NULL,2,2,0,1,0,0,1,NULL,NULL,1,0,1,60
201900048472,22,8,2019,11:30:00,1,44,44184,2,1,1,6,"VECQUERIE (RUE DE LA)","47,2565000"," -2,2588000",201900048472,138 214 916,A01,1,1,0,1,1,25,5,NULL,201900048472,138 214 916,A01,10,3,4,2,1958,0,0,0,-1,5,9,1,201900048472,4,NULL,0,NULL,1,2,0,1,45,0,1,NULL,NULL,1,0,4,50
201900048472,22,8,2019,11:30:00,1,44,44184,2,1,1,6,"VECQUERIE (RUE DE LA)","47,2565000"," -2,2588000",201900048472,138 214 916,A01,1,1,0,1,1,25,5,NULL,201900048472,138 214 916,A01,1,1,4,1,1968,5,8,0,-1,0,0,-1,201900048472,4,NULL,0,NULL,1,2,0,1,45,0,1,NULL,NULL,1,0,4,50
201900050038,22,9,2019,15:55:00,1,14,14370,2,1,1,6,"rd 5","49,2425760"," -0,8725360",201900050038,138 212 048,A01,1,1,0,1,1,1,5,NULL,201900050038,138 212 048,A01,1,1,1,1,1974,-1,2,-1,-1,0,0,-1,201900050038,3,10,NULL,NULL,2,-1,-1,1,(1),(1),1,NULL,NULL,1,0,1,30
201900050038,22,9,2019,15:55:00,1,14,14370,2,1,1,6,"rd 5","49,2425760"," -0,8725360",201900050038,138 212 048,A01,1,1,0,1,1,1,5,NULL,201900050038,138 212 048,A01,10,3,3,1,1961,0,-1,-1,-1,5,9,1,201900050038,3,10,NULL,NULL,2,-1,-1,1,(1),(1),1,NULL,NULL,1,0,1,30
201900051210,15,6,2019,19:45:00,1,33,33281,2,3,1,3,"AVE PIERRE MENDES FRANCE","44,8147900"," -0,6347900",201900051210,138 209 869,B01,1,1,0,2,1,1,5,NULL,201900051210,138 209 869,B01,1,1,3,2,1971,0,8,0,-1,0,0,-1,201900051210,4,"AVE PIERRE MENDES FRANCE",0,NULL,3,4,2,1,0,0,1,NULL,NULL,1,0,1,50
201900051210,15,6,2019,19:45:00,1,33,33281,2,3,1,3,"AVE PIERRE MENDES FRANCE","44,8147900"," -0,6347900",201900051210,138 209 869,B01,1,1,0,2,1,1,5,NULL,201900051210,138 209 870,A01,2,2,1,2,1991,0,8,0,-1,0,0,-1,201900051210,4,"AVE PIERRE MENDES FRANCE",0,NULL,3,4,2,1,0,0,1,NULL,NULL,1,0,1,50
201900051210,15,6,2019,19:45:00,1,33,33281,2,3,1,3,"AVE PIERRE MENDES FRANCE","44,8147900"," -0,6347900",201900051210,138 209 869,B01,1,1,0,2,1,1,5,NULL,201900051210,138 209 870,A01,1,1,1,2,1995,0,8,0,-1,0,0,-1,201900051210,4,"AVE PIERRE MENDES FRANCE",0,NULL,3,4,2,1,0,0,1,NULL,NULL,1,0,1,50
201900052690,4,12,2019,13:50:00,1,69,69381,2,1,1,6,"LOUIS PRADEL                        (PL)","45,7683600","4,8364600",201900052690,138 206 970,A01,2,1,0,1,1,1,5,NULL,201900052690,138 206 970,A01,1,1,1,1,2000,0,8,0,-1,-1,0,-1,201900052690,9,"LOUIS PRADEL                        (PL)",0,NULL,-1,0,0,1,0,1,1,NULL,NULL,1,6,1,6