Num_Acc,jour,mois,an,hrmn,lum,dep,com,agg,int,atm,col,adr,lat,long,Num_Acc,id_vehicule,num_veh,senc,catv,obs,obsm,choc,manv,motor,occutc,Num_Acc,id_vehicule,num_veh,place,catu,grav,sexe,an_nais,trajet,secu1,secu2,secu3,locp,actp,etatp,Num_Acc,catr,voie,v1,v2,circ,nbv,vosp,prof,pr,pr1,plan,lartpc,larrout,surf,infra,situ,vma
201900052690,4,12,2019,13:50:00,1,69,69381,2,1,1,6,"LOUIS PRADEL                        (PL)","45,7683600","4,8364600",201900052690,138 206 970,A01,2,1,0,1,1,1,5,NULL,201900052690,138 206 970,A01,10,3,3,1,1982,0,8,0,-1,5,3,1,201900052690,9,"LOUIS PRADEL                        (PL)",0,NULL,-1,0,0,1,0,1,1,NULL,NULL,1,6,1,6
201900053893,13,7,2019,18:10:00,1,75,75113,2,1,1,6,"AVENUE D IVRY","48,8222670","2,3678270",201900053893,138 204 673,B01,1,1,0,2,2,1,1,NULL,201900053893,138 204 673,B01,1,1,4,2,1992,5,2,0,-1,0,0,-1,201900053893,4,"AVENUE D IVRY",0,NULL,1,2,0,1,0,0,1,NULL,NULL,1,0,1,50
201900053893,13,7,2019,18:10:00,1,75,75113,2,1,1,6,"AVENUE D IVRY","48,8222670","2,3678270",201900053893,138 204 673,B01,1,1,0,2,2,1,1,NULL,201900053893,138 204 674,A01,1,1,1,1,1953,9,1,0,-1,0,0,-1,201900053893,4,"AVENUE D IVRY",0,NULL,1,2,0,1,0,0,1,NULL,NULL,1,0,1,50
201900054208,23,3,2019,17:30:00,1,33,33245,1,3,1,3,"D115 / Chemin de Peybotte","44,8048700"," -0,4409900",201900054208,138 204 115,B01,1,1,0,2,1,2,5,NULL,201900054208,138 204 115,B01,1,1,3,1,1973,5,2,-1,-1,0,0,-1,201900054208,3,115,0,NULL,2,2,0,1,59,120,1,NULL,NULL,1,0,1,80
201900054347,16,8,2019,17:35:00,1,66,66065,2,1,1,1,"Avenue Paul Reig","42,5970040","2,9748650",201900054347,138 203 864,B01,0,1,0,2,8,1,5,NULL,201900054347,138 203 863,A01,1,1,1,1,1981,1,1,-1,-1,0,0,-1,201900054347,4,NULL,NULL,NULL,2,2,0,1,(1),(1),1,NULL,NULL,1,0,1,50
201900054347,16,8,2019,17:35:00,1,66,66065,2,1,1,1,"Avenue Paul Reig","42,5970040","2,9748650",201900054347,138 203 864,B01,0,1,0,2,8,1,5,NULL,201900054347,138 203 864,B01,1,1,3,2,1956,3,0,-1,-1,0,0,-1,201900054347,4,NULL,NULL,NULL,2,2,0,1,(1),(1),1,NULL,NULL,1,0,1,50
201900008802,26,7,2019,16:00:00,1,62,62510,2,6,1,3,"LECLERC (AV DU MARECHAL)","50,4229300","2,7772000",201900008802,138 290 045,B01,2,1,0,2,7,19,5,NULL,201900008802,138 290 045,B01,1,1,3,1,2004,5,8,0,-1,-1," -1",-1,201900008802,3,58,0,NULL,1,4,0,1,17,10,1,NULL,NULL,1,0,1,50
201900008802,26,7,2019,16:00:00,1,62,62510,2,6,1,3,"LECLERC (AV DU MARECHAL)","50,4229300","2,7772000",201900008802,138 290 045,B01,2,1,0,2,7,19,5,NULL,201900008802,138 290 046,A01,1,1,1,2,1956,5,1,8,-1,-1," -1",-1,201900008802,3,58,0,NULL,1,4,0,1,17,10,1,NULL,NULL,1,0,1,50
201900010687,10,8,2019,10:10:00,1,92,92012,2,1,1,3,"MARCEL SEMBAT (PLACE)","48,8336139","2,2435788",201900010687,138 286 599,B01,3,1,0,2,8,1,5,NULL,201900010687,138 286 599,B01,1,1,4,1,1955,0,8,0,-1,-1,0,-1,201900010687,3,910,0,NULL,1,0,0,1,1,0,2,NULL,NULL,1,0,1,50
201900010687,10,8,2019,10:10:00,1,92,92012,2,1,1,3,"MARCEL SEMBAT (PLACE)","48,8336139","2,2435788",201900010687,138 286 599,B01,3,1,0,2,8,1,5,NULL,201900010687,138 286 600,A01,1,1,1,1,1950,1,1,0,-1,-1,0,-1,201900010687,3,910,0,NULL,1,0,0,1,1,0,2,NULL,NULL,1,0,1,50
201900012753,6,7,2019,11:30:00,1,30,30280,1,1,1,3,D110,"43,9344440","3,6533280",201900012753,138 282 729,A01,1,1,0,2,8,1,5,NULL,201900012753,138 282 728,B01,1,1,1,1,1964,5,1,-1,-1,0,0,-1,201900012753,3,110,0,D,2,2,0,2,15,0,3,NULL,NULL,1,0,1,80
201900012753,6,7,2019,11:30:00,1,30,30280,1,1,1,3,D110,"43,9344440","3,6533280",201900012753,138 282 729,A01,1,1,0,2,8,1,5,NULL,201900012753,138 282 729,A01,1,1,3,1,1971,5,2,6,-1,0,0,-1,201900012753,3,110,0,D,2,2,0,2,15,0,3,NULL,NULL,1,0,1,80
201900015102,15,3,2019,09:00:00,1,34,34172,2,6,1,3,"FRANKLIN (ROND-POINT BENJAMIN)","43,6189400","3,9135800",201900015102,138 278 224,A01,2,1,0,2,8,19,5,NULL,201900015102,138 278 224,A01,1,1,4,2,1993,0,8,0,-1,0,0,-1,201900015102,4,"FRANKLIN (ROND-POINT BENJAMIN)",0,NULL,1,2,0,1,(1),(1),1,NULL,NULL,1,0,1,50
201900015102,15,3,2019,09:00:00,1,34,34172,2,6,1,3,"FRANKLIN (ROND-POINT BENJAMIN)","43,6189400","3,9135800",201900015102,138 278 224,A01,2,1,0,2,8,19,5,NULL,201900015102,138 278 225,B01,1,1,1,2,1965,1,1,0,-1,0,0,-1,201900015102,4,"FRANKLIN (ROND-POINT BENJAMIN)",0,NULL,1,2,0,1,(1),(1),1,NULL,NULL,1,0,1,50
201900015472,30,1,2019,12:15:00,1,14,14118,2,7,2,3,"LETELLIER (PLACE JEAN)","49,1841100"," -0,3631400",201900015472,138 277 557,D01,1,1,0,2,0,1,5,NULL,201900015472,138 277 557,D01,1,1,4,1,1992,-1,0,-1,-1,-1," -1",-1,201900015472,4,"LETELLIER (PLACE JEAN)",0,NULL,2,2,0,1,0,0,1,NULL,NULL,2,0,1,50
201900015472,30,1,2019,12:15:00,1,14,14118,2,7,2,3,"LETELLIER (PLACE JEAN)","49,1841100"," -0,3631400",201900015472,138 277 557,D01,1,1,0,2,0,1,5,NULL,201900015472,138 277 558,C01,1,1,1,1,1994,-1,0,-1,-1,-1," -1",-1,201900015472,4,"LETELLIER (PLACE JEAN)",0,NULL,2,2,0,1,0,0,1,NULL,NULL,2,0,1,50
201900015674,13,10,2019,07:00:00,5,33,33281,2,3,1,3,"ALL DES CONVIVIALES","44,8266700"," -0,6216200",201900015674,138 277 190,A01,0,1,0,2,1,5,5,NULL,201900015674,138 277 189,B01,1,1,1,2,1991,4,1,0,-1,-1," -1",-1,201900015674,4,"ALL DES CONVIVIALES",0,NULL,2,2,0,1,0,0,1,NULL,NULL,1,0,1,50
201900015674,13,10,2019,07:00:00,5,33,33281,2,3,1,3,"ALL DES CONVIVIALES","44,8266700"," -0,6216200",201900015674,138 277 190,A01,0,1,0,2,1,5,5,NULL,201900015674,138 277 190,A01,1,1,4,1,1987,0,8,0,-1,-1," -1",-1,201900015674,4,"ALL DES CONVIVIALES",0,NULL,2,2,0,1,0,0,1,NULL,NULL,1,0,1,50
201900016223,1,7,2019,16:30:00,1,67,67447,2,1,1,3,"BISCHWILLER (ROUTE DE)","48,5992800","7,7427600",201900016223,138 276 203,B01,2,1,0,2,0,1,5,NULL,201900016223,138 276 202,A01,1,1,1,2,1931,5,1,8,-1,-1,0,-1,201900016223,4,"BISCHWILLER (ROUTE DE)",0,NULL,3,2,1,1,0,0,1,NULL,NULL,1,0,1,50
201900016223,1,7,2019,16:30:00,1,67,67447,2,1,1,3,"BISCHWILLER (ROUTE DE)","48,5992800","7,7427600",201900016223,138 276 203,B01,2,1,0,2,0,1,5,NULL,201900016223,138 276 203,B01,1,1,4,1,1983,5,8,0,-1,-1,0,-1,201900016223,4,"BISCHWILLER (ROUTE DE)",0,NULL,3,2,1,1,0,0,1,NULL,NULL,1,0,1,50
201900016669,28,12,2019,10:15:00,1,49,49323,2,6,1,3,"Avenue de la Francaiserie","47,5206610"," -0,4664620",201900016669,138 275 289,B01,0,1,0,2,2,1,5,NULL,201900016669,138 275 288,A01,1,1,1,1,1962,5,1,-1,-1,0,0,-1,201900016669,4,NULL,NULL,NULL,-1,2,0,1,(1),(1),4,NULL,NULL,2,0,1,50
201900016669,28,12,2019,10:15:00,1,49,49323,2,6,1,3,"Avenue de la Francaiserie","47,5206610"," -0,4664620",201900016669,138 275 289,B01,0,1,0,2,2,1,5,NULL,201900016669,138 275 289,B01,1,1,3,1,1945,5,0,-1,-1,0,0,-1,201900016669,4,NULL,NULL,NULL,-1,2,0,1,(1),(1),4,NULL,NULL,2,0,1,50
201900017937,24,5,2019,16:10:00,1,29,29146,1,3,1,3,KERHUIDET,"47,9225020"," -3,8147760",201900017937,138 272 882,B01,2,1,0,2,7,21,5,NULL,201900017937,138 272 881,A01,1,1,1,1,1930,3,1,-1,-1,0,0,-1,201900017937,3,24,NULL,NULL,2,2,0,1,3,950,1,NULL,NULL,1,0,1,80
201900017937,24,5,2019,16:10:00,1,29,29146,1,3,1,3,KERHUIDET,"47,9225020"," -3,8147760",201900017937,138 272 882,B01,2,1,0,2,7,21,5,NULL,201900017937,138 272 882,B01,1,1,3,1,1949,5,2,-1,-1,0,0,-1,201900017937,3,24,NULL,NULL,2,2,0,1,3,950,1,NULL,NULL,1,0,1,80
201900020007,10,5,2019,14:50:00,1,91,91021,2,9,1,7,"HOCHE (AVENUE)","48,5900000","2,2550000",201900020007,138 268 967,A01,3,1,0,0,0,21,5,NULL,201900020007,138 268 967,A01,1,1,4,1,1946,5,8,0,-1,0,0,-1,201900020007,4,"HOCHE (AVENUE)",0,NULL,-1,0,1,1,0,0,1,NULL,NULL,1,9,1,50
201900022491,29,1,2019,13:30:00,1,92,92007,2,6,1,6,"RAVERA (AVENUE HENRI) N° 1 A 109 ET 2 A","48,7995967","2,3070163",201900022491,138 264 290,B01,0,1,0,2,8,19,5,NULL,201900022491,138 264 290,B01,1,1,4,1,2001,2,8,0,-1,-1," -1",-1,201900022491,3,128,0,NULL,2,2,0,1,0,0,1,NULL,NULL,1,5,1,50
201900023374,31,7,2019,14:40:00,1,972,97228,1,1,1,2,"RD 15","14,7558550"," -60,9959620",201900023374,138 262 546,B01,1,1,0,2,4,13,5,NULL,201900023374,138 262 545,A01,1,1,1,1,2000,5,1,-1,-1,0,0,-1,201900023374,3,15,NULL,NULL,2,2,0,2,(1),(1),1,NULL,NULL,1,0,1,80
201900023374,31,7,2019,14:40:00,1,972,97228,1,1,1,2,"RD 15","14,7558550"," -60,9959620",201900023374,138 262 546,B01,1,1,0,2,4,13,5,NULL,201900023374,138 262 546,B01,1,1,2,1,2002,5,0,-1,-1,0,0,-1,201900023374,3,15,NULL,NULL,2,2,0,2,(1),(1),1,NULL,NULL,1,0,1,80
201900023746,11,3,2019,20:30:00,5,37,37208,2,1,1,1,"FONTAINES (AVENUE DES)","47,3668377","0,7214509",201900023746,138 261 751,B01,1,1,0,2,8,19,5,NULL,201900023746,138 261 751,B01,1,1,4,1,1954,5,2,8,-1,-1,0,-1,201900023746,4,"FONTAINES (AVENUE DES)",0,NULL,1,1,0,2,0,0,3,NULL,NULL,1,0,1,50
201900023746,11,3,2019,20:30:00,5,37,37208,2,1,1,1,"FONTAINES (AVENUE DES)","47,3668377","0,7214509",201900023746,138 261 751,B01,1,1,0,2,8,19,5,NULL,201900023746,138 261 752,A01,1,1,1,1,1988,5,1,8,-1,-1,0,-1,201900023746,4,"FONTAINES (AVENUE DES)",0,NULL,1,1,0,2,0,0,3,NULL,NULL,1,0,1,50
201900035326,3,10,2019,17:40:00,1,94,94003,2,3,1,3,"LAPLACE (AV)","48,8099000","2,3274700",201900035326,138 239 717,B01,3,1,0,2,1,1,5,NULL,201900035326,138 239 716,A01,1,1,1,2,1961,9,1,0,-1,0,0,-1,201900035326,3,161,0,NULL,2,1,3,1,0,0,1,NULL,NULL,1,0,6,50
201900035326,3,10,2019,17:40:00,1,94,94003,2,3,1,3,"LAPLACE (AV)","48,8099000","2,3274700",201900035326,138 239 717,B01,3,1,0,2,1,1,5,NULL,201900035326,138 239 717,B01,1,1,4,1,2000,9,0,-1,-1,0,0,-1,201900035326,3,161,0,NULL,2,1,3,1,0,0,1,NULL,NULL,1,0,6,50
201900035717,27,2,2019,16:50:00,1,91,91657,2,3,1,6,"CONCORDE (AVENUE)","48,7037300","2,4255000",201900035717,138 238 959,P01,1,1,0,2,1,16,5,NULL,201900035717,138 238 959,P01,1,1,4,2,1954,5,8,0,0,0,0,-1,201900035717,4,"RESISTANCE (RUE DE LA )",0,NULL,2,2,0,1,0,100,1,NULL,NULL,1,6,1,50
201900035717,27,2,2019,16:50:00,1,91,91657,2,3,1,6,"CONCORDE (AVENUE)","48,7037300","2,4255000",201900035717,138 238 959,P01,1,1,0,2,1,16,5,NULL,201900035717,138 238 960,A01,1,1,1,2,1982,1,8,0,-1,0,0,-1,201900035717,4,"RESISTANCE (RUE DE LA )",0,NULL,2,2,0,1,0,100,1,NULL,NULL,1,6,1,50
201900036796,21,6,2019,18:45:00,1,64,64445,2,6,2,2,"ALSACE LORRAINE D'","43,3042300"," -0,3674200",201900036796,138 236 888,B01,1,1,0,2,5,1,5,NULL,201900036796,138 236 887,A01,1,1,1,1,1996,0,1,0,-1,0,0,-1,201900036796,4,"ALSACE LORRAINE D'",0,NULL,1,1,0,1,55,0,1,NULL,NULL,2,5,1,50
201900036796,21,6,2019,18:45:00,1,64,64445,2,6,2,2,"ALSACE LORRAINE D'","43,3042300"," -0,3674200",201900036796,138 236 888,B01,1,1,0,2,5,1,5,NULL,201900036796,138 236 888,B01,1,1,4,2,1996,1,8,0,-1,0,0,-1,201900036796,4,"ALSACE LORRAINE D'",0,NULL,1,1,0,1,55,0,1,NULL,NULL,2,5,1,50
201900036950,3,10,2019,20:30:00,3,68,68082,1,1,1,2,"route départementale 20","47,8424610","7,3442920",201900036950,138 236 592,B01,1,1,0,2,4,2,5,NULL,201900036950,138 236 592,B01,1,1,3,1,1986,0,0,-1,-1,0,0,-1,201900036950,3,20,0,D,2,2,0,1,2,30,1,NULL,NULL,1,0,1,80
201900036950,3,10,2019,20:30:00,3,68,68082,1,1,1,2,"route départementale 20","47,8424610","7,3442920",201900036950,138 236 592,B01,1,1,0,2,4,2,5,NULL,201900036950,138 236 593,A01,1,1,1,1,1970,5,1,-1,-1,0,0,-1,201900036950,3,20,0,D,2,2,0,1,2,30,1,NULL,NULL,1,0,1,80
201900038496,22,6,2019,21:20:00,2,93,93014,2,4,1,3,"JOACHIM DU BELLAY (ALLEE)","48,9058500","2,5439400",201900038496,138 233 729,B01,0,1,0,2,1,26,6,NULL,201900038496,138 233 729,B01,2,1,4,1,2010,9,8,0,-1,-1," -1",-1,201900038496,4,"JOACHIM DU BELLAY (ALLEE)",0,NULL,2,1,0,1,0,0,3,NULL,NULL,1,9,1,50
201900038496,22,6,2019,21:20:00,2,93,93014,2,4,1,3,"JOACHIM DU BELLAY (ALLEE)","48,9058500","2,5439400",201900038496,138 233 729,B01,0,1,0,2,1,26,6,NULL,201900038496,138 233 730,A01,1,1,1,1,1995,0,1,0,-1,-1," -1",-1,201900038496,4,"JOACHIM DU BELLAY (ALLEE)",0,NULL,2,1,0,1,0,0,3,NULL,NULL,1,9,1,50
201900038809,25,9,2019,10:50:00,1,17,17299,2,1,3,1,"Rue Jean-René Quoy","45,9449210"," -0,9633380",201900038809,138 233 161,B01,3,1,1,0,1,1,5,NULL,201900038809,138 233 161,B01,1,1,4,1,2003,2,2,-1,-1,0,0,-1,201900038809,4,NULL,0,NULL,2,2,0,1,(1),(1),1,NULL,NULL,2,0,1,50
201900038809,25,9,2019,10:50:00,1,17,17299,2,1,3,1,"Rue Jean-René Quoy","45,9449210"," -0,9633380",201900038809,138 233 161,B01,3,1,1,0,1,1,5,NULL,201900038809,138 233 162,A01,1,1,1,1,1964,4,0,-1,-1,0,0,-1,201900038809,4,NULL,0,NULL,2,2,0,1,(1),(1),1,NULL,NULL,2,0,1,50
201900039811,20,7,2019,19:35:00,1,34,34172,2,9,1,6,"SAINT EXUPERY (ROND-POINT)","43,5972700","3,8400600",201900039811,138 231 233,B01,2,1,0,2,7,15,5,NULL,201900039811,138 231 232,A01,1,1,1,2,1964,5,1,8,-1,0,0,-1,201900039811,4,"SAINT EXUPERY (ROND-POINT)",0,NULL,1,2,1,1,(1),(1),3,NULL,NULL,1,5,1,50
201900039811,20,7,2019,19:35:00,1,34,34172,2,9,1,6,"SAINT EXUPERY (ROND-POINT)","43,5972700","3,8400600",201900039811,138 231 233,B01,2,1,0,2,7,15,5,NULL,201900039811,138 231 233,B01,1,1,4,2,1957,5,2,8,-1,0,0,-1,201900039811,4,"SAINT EXUPERY (ROND-POINT)",0,NULL,1,2,1,1,(1),(1),3,NULL,NULL,1,5,1,50
201900040289,20,6,2019,09:30:00,1,24,24211,2,1,1,3,"D38 Le bourg","45,0147590","0,4506420",201900040289,138 230 394,B01,1,1,0,2,1,1,5,NULL,201900040289,138 230 394,B01,1,1,3,1,1951,5,8,-1,-1,0,0,-1,201900040289,3,38,NULL,NULL,2,2,0,2,19,530,1,NULL,NULL,1,0,1,30
201900040289,20,6,2019,09:30:00,1,24,24211,2,1,1,3,"D38 Le bourg","45,0147590","0,4506420",201900040289,138 230 394,B01,1,1,0,2,1,1,5,NULL,201900040289,138 230 395,A01,1,1,1,1,1944,3,1,-1,-1,0,0,-1,201900040289,3,38,NULL,NULL,2,2,0,2,19,530,1,NULL,NULL,1,0,1,30
201900041401,12,2,2019,17:30:00,1,92,92046,2,9,1,3,"GABRIEL PERI","48,8192000","2,3021900",201900041401,138 228 342,B01,1,1,0,2,0,0,5,NULL,201900041401,138 228 341,A01,1,1,1,1,1958,5,1,8,-1,-1,0,-1,201900041401,3,50,0,NULL,2,3,0,1,0,0,1,NULL,NULL,1,0,1,50
201900041401,12,2,2019,17:30:00,1,92,92046,2,9,1,3,"GABRIEL PERI","48,8192000","2,3021900",201900041401,138 228 342,B01,1,1,0,2,0,0,5,NULL,201900041401,138 228 342,B01,1,1,4,1,1978,1,2,4,-1,-1,0,-1,201900041401,3,50,0,NULL,2,3,0,1,0,0,1,NULL,NULL,1,0,1,50
201900041548,17,7,2019,10:25:00,1,5,05023,2,1,1,3,"FORGUES (AVENUE DU PROF.)","44,9055400","6,6303100",201900041548,138 228 073,B01,2,1,0,2,3,18,5,NULL,201900041548,138 228 073,B01,1,1,4,2,1988,5,2,0,-1,0,0,-1,201900041548,2,94,0,NULL,2,2,0,2,160,770,1,NULL,NULL,1,9,1,50
201900041548,17,7,2019,10:25:00,1,5,05023,2,1,1,3,"FORGUES (AVENUE DU PROF.)","44,9055400","6,6303100",201900041548,138 228 073,B01,2,1,0,2,3,18,5,NULL,201900041548,138 228 074,A01,1,1,1,1,1961,5,1,0,-1,0,0,-1,201900041548,2,94,0,NULL,2,2,0,2,160,770,1,NULL,NULL,1,9,1,50
201900041592,18,7,2019,06:50:00,1,75,75114,2,7,1,6,"AVENUE PAUL VAILLANT COUTURIER","48,8159300","2,3439220",201900041592,138 227 993,B01,2,1,0,2,7,1,5,NULL,201900041592,138 227 992,A01,1,1,1,1,1966,4,1,0,-1,0,0,-1,201900041592,4,"AVENUE PAUL VAILLANT COUTURIER",0,NULL,2,2,0,1,0,0,2,NULL,NULL,1,0,1,50
201900041592,18,7,2019,06:50:00,1,75,75114,2,7,1,6,"AVENUE PAUL VAILLANT COUTURIER","48,8159300","2,3439220",201900041592,138 227 993,B01,2,1,0,2,7,1,5,NULL,201900041592,138 227 993,B01,1,1,4,1,1995,4,2,0,-1,0,0,-1,201900041592,4,"AVENUE PAUL VAILLANT COUTURIER",0,NULL,2,2,0,1,0,0,2,NULL,NULL,1,0,1,50
201900043337,19,7,2019,18:30:00,1,76,76605,2,3,1,1,"Chemin Sous les Bruyères","49,9098310","0,9579206",201900043337,138 224 652,B01,0,1,0,2,0,0,5,NULL,201900043337,138 224 651,A01,1,1,1,1,1938,5,8,-1,-1,0,0,-1,201900043337,4,"chemin sous les bruyeres",NULL,NULL,-1,2,0,1,(1),(1),1,NULL,NULL,1,0,1,50
201900043337,19,7,2019,18:30:00,1,76,76605,2,3,1,1,"Chemin Sous les Bruyères","49,9098310","0,9579206",201900043337,138 224 652,B01,0,1,0,2,0,0,5,NULL,201900043337,138 224 652,B01,1,1,4,1,1988,5,0,-1,-1,0,0,-1,201900043337,4,"chemin sous les bruyeres",NULL,NULL,-1,2,0,1,(1),(1),1,NULL,NULL,1,0,1,50
201900045811,1,6,2019,13:25:00,1,76,76341,2,6,1,2,BREQUE,"49,5045000","0,1962000",201900045811,138 219 912,A01,1,1,0,2,1,1,5,NULL,201900045811,138 219 911,B01,2,2,1,2,1980,4,1,0,-1,-1,0,-1,201900045811,3,982,0,NULL,3,5,0,1,70,1900,2,NULL,NULL,1,0,1,50
201900045811,1,6,2019,13:25:00,1,76,76341,2,6,1,2,BREQUE,"49,5045000","0,1962000",201900045811,138 219 912,A01,1,1,0,2,1,1,5,NULL,201900045811,138 219 911,B01,1,1,1,1,2000,9,1,0,-1,-1,0,-1,201900045811,3,982,0,NULL,3,5,0,1,70,1900,2,NULL,NULL,1,0,1,50
201900045811,1,6,2019,13:25:00,1,76,76341,2,6,1,2,BREQUE,"49,5045000","0,1962000",201900045811,138 219 912,A01,1,1,0,2,1,1,5,NULL,201900045811,138 219 912,A01,1,1,4,1,1971,0,2,0,-1,-1,0,-1,201900045811,3,982,0,NULL,3,5,0,1,70,1900,2,NULL,NULL,1,0,1,50
201900051062,5,12,2019,22:45:00,5,69,69383,2,1,5,3,"GAMBETTA                            (CO)","45,7519900","4,8526800",201900051062,138 210 173,B01,3,1,0,2,0,0,0,NULL,201900051062,138 210 172,A01,1,1,1,1,1952,0,1,0,-1,-1," -1",-1,201900051062,4,"GAMBETTA                            (CO)",0,NULL,2,4,0,1,0,0,1,NULL,NULL,1,0,1,50
201900051062,5,12,2019,22:45:00,5,69,69383,2,1,5,3,"GAMBETTA                            (CO)","45,7519900","4,8526800",201900051062,138 210 173,B01,3,1,0,2,0,0,0,NULL,201900051062,138 210 173,B01,1,1,4,2,1999,0,8,0,-1,-1," -1",-1,201900051062,4,"GAMBETTA                            (CO)",0,NULL,2,4,0,1,0,0,1,NULL,NULL,1,0,1,50
201900052354,30,3,2019,15:30:00,1,13,13047,1,1,1,2,"RASSUEN ROUTE DE","43,4971570","4,9752140",201900052354,138 207 647,B01,3,1,0,2,8,2,0,NULL,201900052354,138 207 647,B01,1,1,3,1,1937,5,8,0,-1,-1,0,-1,201900052354,4,"RASSUEN ROUTE DE",0,NULL,2,2,0,1,0,0,1,NULL,NULL,1,0,1,30
201900057234,8,7,2019,12:40:00,1,44,44003,2,6,7,3,"rue Jules Vernes","47,3827810"," -1,1792360",201900057234,138 198 546,A01,0,1,0,2,1,1,5,NULL,201900057234,138 198 544,B01,1,1,1,2,1998,1,1,-1,-1,0,0,-1,201900057234,4,NULL,0,NULL,2,2,0,1,(1),(1),1,NULL,NULL,1,0,1,50
201900057234,8,7,2019,12:40:00,1,44,44003,2,6,7,3,"rue Jules Vernes","47,3827810"," -1,1792360",201900057234,138 198 546,A01,0,1,0,2,1,1,5,NULL,201900057234,138 198 546,A01,1,1,3,1,1986,1,0,-1,-1,0,0,-1,201900057234,4,NULL,0,NULL,2,2,0,1,(1),(1),1,NULL,NULL,1,0,1,50
201900057594,14,2,2019,12:45:00,1,94,94068,2,2,1,3,"CAFFIN (AV)","48,7932600","2,5025000",201900057594,138 197 892,B01,1,1,0,2,1,1,5,NULL,201900057594,138 197 892,B01,2,1,4,2,1984,1,8,0,-1,-1," -1",-1,201900057594,4,"CAFFIN (AV)",0,NULL,2,2,0,1,0,0,1,NULL,NULL,1,0,1,50
201900057594,14,2,2019,12:45:00,1,94,94068,2,2,1,3,"CAFFIN (AV)","48,7932600","2,5025000",201900057594,138 197 892,B01,1,1,0,2,1,1,5,NULL,201900057594,138 197 894,A01,1,1,1,1,1975,4,1,8,-1,-1," -1",-1,201900057594,4,"CAFFIN (AV)",0,NULL,2,2,0,1,0,0,1,NULL,NULL,1,0,1,50
201900058727,30,11,2019,18:30:00,5,69,69389,2,1,1,1,"PAUL SEDAILLIAN                     (QU)","45,7870800","4,8142600",201900058727,138 195 826,B01,1,1,0,6,1,1,5,NULL,201900058727,138 195 825,A01,1,1,4,1,1999,0,8,0,-1,-1,0,-1,201900058727,4,"PAUL SEDAILLIAN                     (QU)",0,NULL,2,4,1,1,0,0,1,NULL,NULL,1,0,1,50
201900058727,30,11,2019,18:30:00,5,69,69389,2,1,1,1,"PAUL SEDAILLIAN                     (QU)","45,7870800","4,8142600",201900058727,138 195 826,B01,1,1,0,6,1,1,5,NULL,201900058727,138 195 826,B01,1,1,1,1,1997,1,2,0,-1,-1,0,-1,201900058727,4,"PAUL SEDAILLIAN                     (QU)",0,NULL,2,4,1,1,0,0,1,NULL,NULL,1,0,1,50
201900058819,1,12,2019,07:20:00,1,973,97309,1,1,1,2,"Route de Degrad des Cannes","4,8705585"," -52,2761919",201900058819,138 195 667,B01,1,1,0,0,4,2,5,NULL,201900058819,138 195 667,B01,1,1,2,1,2004,5,0,-1,-1,0,0,-1,201900058819,3,24,NULL,NULL,2,2,0,1,7,0,1,NULL,NULL,1,0,1,80
201900058819,1,12,2019,07:20:00,1,973,97309,1,1,1,2,"Route de Degrad des Cannes","4,8705585"," -52,2761919",201900058819,138 195 667,B01,1,1,0,0,4,2,5,NULL,201900058819,138 195 668,A01,1,1,1,1,1993,5,1,-1,-1,0,0,-1,201900058819,3,24,NULL,NULL,2,2,0,1,7,0,1,NULL,NULL,1,0,1,80
201900008950,22,11,2019,11:47:00,1,10,10362,2,3,1,1,"VOIE DE CORPS (CHEMIN)","48,2906800","4,0198400",201900008950,138 289 773,B01,3,1,0,2,8,9,6,NULL,201900008950,138 289 772,A01,1,1,1,1,1944,5,1,8,-1,-1," -1",-1,201900008950,4,"VOIE DE CORPS (CHEMIN)",0,NULL,2,2,0,1,0,0,1,NULL,NULL,1,0,1,50
201900008950,22,11,2019,11:47:00,1,10,10362,2,3,1,1,"VOIE DE CORPS (CHEMIN)","48,2906800","4,0198400",201900008950,138 289 773,B01,3,1,0,2,8,9,6,NULL,201900008950,138 289 773,B01,1,1,4,1,2004,2,8,0,-1,-1," -1",-1,201900008950,4,"VOIE DE CORPS (CHEMIN)",0,NULL,2,2,0,1,0,0,1,NULL,NULL,1,0,1,50
201900011457,14,9,2019,17:52:00,1,33,33138,2,3,1,3,"RD674 / RD674E4","45,0446370"," -0,1217240",201900011457,138 285 196,A01,2,1,0,2,8,15,0,NULL,201900011457,138 285 195,B01,1,1,1,2,1966,5,1,-1,-1,0,0,-1,201900011457,3,674,0,NULL,2,2,0,1,12,710,1,NULL,NULL,1,0,1,50
201900011457,14,9,2019,17:52:00,1,33,33138,2,3,1,3,"RD674 / RD674E4","45,0446370"," -0,1217240",201900011457,138 285 196,A01,2,1,0,2,8,15,0,NULL,201900011457,138 285 196,A01,1,1,3,1,2006,5,0,-1,-1,0,0,-1,201900011457,3,674,0,NULL,2,2,0,1,12,710,1,NULL,NULL,1,0,1,50