Num_Acc,jour,mois,an,hrmn,lum,dep,com,agg,int,atm,col,adr,lat,long,Num_Acc,id_vehicule,num_veh,senc,catv,obs,obsm,choc,manv,motor,occutc,Num_Acc,id_vehicule,num_veh,place,catu,grav,sexe,an_nais,trajet,secu1,secu2,secu3,locp,actp,etatp,Num_Acc,catr,voie,v1,v2,circ,nbv,vosp,prof,pr,pr1,plan,lartpc,larrout,surf,infra,situ,vma
201900012164,25,4,2019,08:25:00,1,75,75101,2,2,1,3,"RUE DE L AMIRAL DE COLIGNY","48,8609130","2,3408490",201900012164,138 283 837,B01,1,1,0,2,1,17,5,NULL,201900012164,138 283 837,B01,1,1,4,1,1970,1,2,0,-1,0,0,-1,201900012164,4,"RUE DE L AMIRAL DE COLIGNY",0,NULL,-1,4,0,1,0,0,1,NULL,NULL,1,0,1,50
201900012164,25,4,2019,08:25:00,1,75,75101,2,2,1,3,"RUE DE L AMIRAL DE COLIGNY","48,8609130","2,3408490",201900012164,138 283 837,B01,1,1,0,2,1,17,5,NULL,201900012164,138 283 838,A01,1,1,1,1,1997,4,1,0,-1,0,0,-1,201900012164,4,"RUE DE L AMIRAL DE COLIGNY",0,NULL,-1,4,0,1,0,0,1,NULL,NULL,1,0,1,50
201900012817,6,7,2019,15:17:00,1,71,71512,2,3,1,1,"Route de Gigny","46,6388910","4,8739610",201900012817,138 282 604,B01,3,1,0,0,4,15,5,NULL,201900012817,138 282 604,B01,1,1,3,1,2008,5,0,-1,-1,0,0,-1,201900012817,4,NULL,0,NULL,2,2,0,2,(1),(1),1,NULL,NULL,1,0,1,50
201900012817,6,7,2019,15:17:00,1,71,71512,2,3,1,1,"Route de Gigny","46,6388910","4,8739610",201900012817,138 282 604,B01,3,1,0,0,4,15,5,NULL,201900012817,138 282 605,A01,1,1,1,1,1975,5,1,-1,-1,0,0,-1,201900012817,4,NULL,0,NULL,2,2,0,2,(1),(1),1,NULL,NULL,1,0,1,50
201900013244,12,9,2019,18:05:00,1,71,71153,2,4,7,1,"ANEMONES (RUE DES)","46,8097900","4,4312200",201900013244,138 281 814,B01,3,1,0,2,1,0,5,NULL,201900013244,138 281 814,B01,1,1,4,1,1940,5,2,0,-1,0,0,-1,201900013244,4,"ANEMONES (RUE DES)",0,NULL,2,2,0,2,0,0,2,NULL,NULL,1,0,1,50
201900013244,12,9,2019,18:05:00,1,71,71153,2,4,7,1,"ANEMONES (RUE DES)","46,8097900","4,4312200",201900013244,138 281 814,B01,3,1,0,2,1,0,5,NULL,201900013244,138 281 815,A01,1,1,1,2,1935,5,1,0,-1,0,0,-1,201900013244,4,"ANEMONES (RUE DES)",0,NULL,2,2,0,2,0,0,2,NULL,NULL,1,0,1,50
201900015271,12,9,2019,09:00:00,1,69,69388,2,2,1,3,"FRERES LUMIERE (DES)                (AV)","45,7446600","4,8683400",201900015271,138 277 918,B01,2,1,0,2,1,1,5,NULL,201900015271,138 277 919,A01,10,3,4,2,1985,0,0,-1,-1,0,0,-1,201900015271,4,"FRERES LUMIERE (DES)                (AV)",0,NULL,2,4,1,1,0,0,1,NULL,NULL,1,0,1,50
201900015271,12,9,2019,09:00:00,1,69,69388,2,2,1,3,"FRERES LUMIERE (DES)                (AV)","45,7446600","4,8683400",201900015271,138 277 918,B01,2,1,0,2,1,1,5,NULL,201900015271,138 277 919,A01,1,1,1,1,1991,0,8,0,-1,-1," -1",-1,201900015271,4,"FRERES LUMIERE (DES)                (AV)",0,NULL,2,4,1,1,0,0,1,NULL,NULL,1,0,1,50
201900017156,13,9,2019,08:00:00,1,71,71332,1,1,1,2,"Route de Vergennes","46,6333950","4,9742760",201900017156,138 274 344,B01,1,1,0,2,4,1,5,NULL,201900017156,138 274 343,A01,1,1,1,1,1940,5,1,-1,-1,0,0,-1,201900017156,3,344,0,NULL,2,2,0,1,3,300,1,NULL,NULL,1,0,1,80
201900017156,13,9,2019,08:00:00,1,71,71332,1,1,1,2,"Route de Vergennes","46,6333950","4,9742760",201900017156,138 274 344,B01,1,1,0,2,4,1,5,NULL,201900017156,138 274 344,B01,1,1,2,1,1952,5,2,4,-1,0,0,-1,201900017156,3,344,0,NULL,2,2,0,1,3,300,1,NULL,NULL,1,0,1,80
201900017384,15,10,2019,18:00:00,1,77,77420,2,2,1,3,"D41 X RUE GAMBETTA","49,0374290","2,6965330",201900017384,138 273 905,B01,2,1,0,2,1,1,5,NULL,201900017384,138 273 905,B01,1,1,4,1,1982,5,2,-1,-1,0,0,-1,201900017384,3,41,NULL,NULL,2,2,0,1,0,234,1,NULL,NULL,1,0,1,50
201900017384,15,10,2019,18:00:00,1,77,77420,2,2,1,3,"D41 X RUE GAMBETTA","49,0374290","2,6965330",201900017384,138 273 905,B01,2,1,0,2,1,1,5,NULL,201900017384,138 273 906,A01,1,1,1,2,1999,4,1,-1,-1,0,0,-1,201900017384,3,41,NULL,NULL,2,2,0,1,0,234,1,NULL,NULL,1,0,1,50
201900017450,4,10,2019,08:20:00,1,38,38249,2,3,1,3,"Chemin de la Laurelle","45,2248400","5,8082000",201900017450,138 273 778,A01,3,1,0,2,1,25,5,NULL,201900017450,138 273 777,B01,1,1,1,1,1982,1,1,-1,-1,0,0,-1,201900017450,4,"Chemin de la Laurelle",NULL,NULL,2,2,1,2,(1),(1),1,NULL,NULL,1,0,5,30
201900017450,4,10,2019,08:20:00,1,38,38249,2,3,1,3,"Chemin de la Laurelle","45,2248400","5,8082000",201900017450,138 273 778,A01,3,1,0,2,1,25,5,NULL,201900017450,138 273 778,A01,1,1,4,1,1994,1,2,-1,-1,0,0,-1,201900017450,4,"Chemin de la Laurelle",NULL,NULL,2,2,1,2,(1),(1),1,NULL,NULL,1,0,5,30
201900017905,2,7,2019,15:00:00,1,93,93001,2,3,1,6,"FIRMIN GEMIER (RUE)","48,9095270","2,3821230",201900017905,138 272 937,A01,1,1,0,1,8,11,5,NULL,201900017905,138 272 937,A01,1,1,4,1,1987,4,8,0,-1,-1," -1",-1,201900017905,4,"FIRMIN GEMIER (RUE)",0,NULL,2,2,0,1,1,0,1,NULL,NULL,1,0,1,50
201900017905,2,7,2019,15:00:00,1,93,93001,2,3,1,6,"FIRMIN GEMIER (RUE)","48,9095270","2,3821230",201900017905,138 272 937,A01,1,1,0,1,8,11,5,NULL,201900017905,138 272 937,A01,10,3,4,1,1963,0,0,0,-1,0,3,1,201900017905,4,"FIRMIN GEMIER (RUE)",0,NULL,2,2,0,1,1,0,1,NULL,NULL,1,0,1,50
201900018991,11,9,2019,17:40:00,1,75,75112,2,1,1,3,"AVENUE DAUMESNIL","48,8335532","2,4147756",201900018991,138 270 952,B01,2,1,0,2,2,1,5,NULL,201900018991,138 270 952,B01,1,1,4,1,1977,0,2,0,-1,0,0,-1,201900018991,4,"AVENUE DAUMESNIL",0,NULL,2,2,0,1,0,0,1,NULL,NULL,1,0,1,50
201900018991,11,9,2019,17:40:00,1,75,75112,2,1,1,3,"AVENUE DAUMESNIL","48,8335532","2,4147756",201900018991,138 270 952,B01,2,1,0,2,2,1,5,NULL,201900018991,138 270 953,A01,1,1,1,1,1983,5,1,0,-1,0,0,-1,201900018991,4,"AVENUE DAUMESNIL",0,NULL,2,2,0,1,0,0,1,NULL,NULL,1,0,1,50
201900021447,28,6,2019,22:00:00,2,57,57206,2,1,1,1,"5 Rue de Picardie","49,3056770","6,1034570",201900021447,138 266 285,B01,0,1,0,2,7,19,0,NULL,201900021447,138 266 285,B01,1,1,3,1,2009,5,0,-1,-1,0,0,-1,201900021447,4,rue,0,NULL,2,2,0,1,(1),(1),1,NULL,NULL,1,0,1,50
201900021447,28,6,2019,22:00:00,2,57,57206,2,1,1,1,"5 Rue de Picardie","49,3056770","6,1034570",201900021447,138 266 285,B01,0,1,0,2,7,19,0,NULL,201900021447,138 266 286,A01,1,1,3,2,1999,3,1,-1,-1,0,0,-1,201900021447,4,rue,0,NULL,2,2,0,1,(1),(1),1,NULL,NULL,1,0,1,50
201900021447,28,6,2019,22:00:00,2,57,57206,2,1,1,1,"5 Rue de Picardie","49,3056770","6,1034570",201900021447,138 266 285,B01,0,1,0,2,7,19,0,NULL,201900021447,138 266 286,A01,2,2,4,2,2001,5,1,-1,-1,0,0,-1,201900021447,4,rue,0,NULL,2,2,0,1,(1),(1),1,NULL,NULL,1,0,1,50
201900024721,15,4,2019,17:05:00,1,69,69388,2,2,1,6,"GUILLAUME PARADIN                   (R )","45,7390900","4,8859000",201900024721,138 259 838,A01,2,1,0,1,1,1,5,NULL,201900024721,138 259 838,A01,1,1,1,1,1979,1,2,8,-1,-1,0,-1,201900024721,4,"GUILLAUME PARADIN                   (R )",0,NULL,2,2,0,1,1,0,1,NULL,NULL,1,0,1,50
201900024721,15,4,2019,17:05:00,1,69,69388,2,2,1,6,"GUILLAUME PARADIN                   (R )","45,7390900","4,8859000",201900024721,138 259 838,A01,2,1,0,1,1,1,5,NULL,201900024721,138 259 838,A01,10,3,4,1,2013,2,0,0,0,3,3,2,201900024721,4,"GUILLAUME PARADIN                   (R )",0,NULL,2,2,0,1,1,0,1,NULL,NULL,1,0,1,50
201900025114,29,7,2019,08:40:00,1,6,06088,2,1,1,3,"DESBOUTINS (RUE)","43,6957200","7,2697900",201900025114,138 259 097,A01,2,1,0,2,1,17,0,NULL,201900025114,138 259 096,B01,1,1,1,1,1964,4,1,0,-1,0,0,-1,201900025114,4,"DESBOUTINS (RUE)",0,NULL,1,1,0,1,0,0,1,NULL,NULL,1,0,1,50
201900025114,29,7,2019,08:40:00,1,6,06088,2,1,1,3,"DESBOUTINS (RUE)","43,6957200","7,2697900",201900025114,138 259 097,A01,2,1,0,2,1,17,0,NULL,201900025114,138 259 097,A01,1,1,4,1,1995,0,8,0,-1,0,0,-1,201900025114,4,"DESBOUTINS (RUE)",0,NULL,1,1,0,1,0,0,1,NULL,NULL,1,0,1,50
201900026129,27,1,2019,16:05:00,1,75,75119,2,2,2,3,"RUE PETIT","48,8851020","2,3837680",201900026129,138 257 135,A01,1,1,0,2,1,1,5,NULL,201900026129,138 257 135,A01,1,1,4,1,1980,5,2,0,-1,0,0,-1,201900026129,4,"RUE PETIT",0,NULL,1,1,0,1,1,0,1,NULL,NULL,2,0,1,50
201900026129,27,1,2019,16:05:00,1,75,75119,2,2,2,3,"RUE PETIT","48,8851020","2,3837680",201900026129,138 257 135,A01,1,1,0,2,1,1,5,NULL,201900026129,138 257 136,B01,1,1,1,1,1981,5,1,0,-1,0,0,-1,201900026129,4,"RUE PETIT",0,NULL,1,1,0,1,1,0,1,NULL,NULL,2,0,1,50
201900026860,24,7,2019,13:00:00,1,49,49307,2,1,1,2,"6 Rue de la Vilaine (Saint-Mathurin-sur-Loire)","47,4148360"," -0,3166950",201900026860,138 255 785,B01,2,1,0,2,4,2,5,NULL,201900026860,138 255 784,A01,1,1,4,1,2000,1,8,-1,-1,0,0,-1,201900026860,4,NULL,NULL,NULL,2,2,0,1,(1),(1),1,NULL,NULL,1,0,1,50
201900026860,24,7,2019,13:00:00,1,49,49307,2,1,1,2,"6 Rue de la Vilaine (Saint-Mathurin-sur-Loire)","47,4148360"," -0,3166950",201900026860,138 255 785,B01,2,1,0,2,4,2,5,NULL,201900026860,138 255 785,B01,1,1,3,1,1958,1,0,-1,-1,0,0,-1,201900026860,4,NULL,NULL,NULL,2,2,0,1,(1),(1),1,NULL,NULL,1,0,1,50
201900027941,24,1,2019,12:00:00,1,50,50173,2,3,1,3,"TROIS HANGARS (RUE DES)","49,6489900"," -1,6439700",201900027941,138 253 764,A01,2,1,0,2,1,19,5,NULL,201900027941,138 253 763,B01,1,1,1,1,1984,1,1,0,-1,0,0,-1,201900027941,3,901,0,NULL,3,4,1,1,0,0,1,NULL,NULL,1,5,1,70
201900027941,24,1,2019,12:00:00,1,50,50173,2,3,1,3,"TROIS HANGARS (RUE DES)","49,6489900"," -1,6439700",201900027941,138 253 764,A01,2,1,0,2,1,19,5,NULL,201900027941,138 253 764,A01,1,1,4,1,1955,5,2,0,-1,0,0,-1,201900027941,3,901,0,NULL,3,4,1,1,0,0,1,NULL,NULL,1,5,1,70
201900029020,23,5,2019,09:30:00,1,45,45234,2,1,1,7,"RUE DE PATAY","47,9085640","1,8985540",201900029020,138 251 770,A01,1,1,0,0,1,14,5,NULL,201900029020,138 251 770,A01,1,1,4,2,1996,1,8,0,-1,0,0,-1,201900029020,4,"RUE DE PATAY",0,NULL,1,1,0,1,(1),(1),1,NULL,NULL,1,0,1,30
201900030496,6,3,2019,09:30:00,1,75,75107,2,1,1,3,"PLACE HENRY DE MONTHERLANT","48,8605930","2,3259540",201900030496,138 248 977,B01,1,1,4,2,7,17,5,NULL,201900030496,138 248 976,A01,1,1,1,1,1949,5,1,0,-1,0,0,-1,201900030496,4,"PLACE HENRY DE MONTHERLANT",0,NULL,1,2,0,1,0,0,1,NULL,NULL,1,0,1,50
201900030496,6,3,2019,09:30:00,1,75,75107,2,1,1,3,"PLACE HENRY DE MONTHERLANT","48,8605930","2,3259540",201900030496,138 248 977,B01,1,1,4,2,7,17,5,NULL,201900030496,138 248 977,B01,1,1,4,1,1995,4,2,0,-1,0,0,-1,201900030496,4,"PLACE HENRY DE MONTHERLANT",0,NULL,1,2,0,1,0,0,1,NULL,NULL,1,0,1,50
201900030720,25,7,2019,19:10:00,1,92,92040,2,2,1,3,"PAIX (AVENUE DE LA)","48,8166200","2,2750000",201900030720,138 248 566,B01,2,1,0,2,2,1,5,NULL,201900030720,138 248 565,A01,1,1,1,1,1992,5,2,0,-1,-1,0,-1,201900030720,3,71,0,NULL,2,2,0,1,0,0,1,NULL,NULL,1,0,1,50
201900030720,25,7,2019,19:10:00,1,92,92040,2,2,1,3,"PAIX (AVENUE DE LA)","48,8166200","2,2750000",201900030720,138 248 566,B01,2,1,0,2,2,1,5,NULL,201900030720,138 248 566,B01,1,1,4,1,1989,5,8,0,-1,-1,0,-1,201900030720,3,71,0,NULL,2,2,0,1,0,0,1,NULL,NULL,1,0,1,50
201900037073,2,10,2019,08:30:00,1,56,56121,2,1,1,3,"BLUM ( BD LEON )","47,7452500"," -3,3811600",201900037073,138 236 353,B01,1,1,0,2,1,1,5,NULL,201900037073,138 236 352,A01,1,1,1,2,2000,2,1,8,-1,-1,0,-1,201900037073,4,"BLUM ( BD LEON )",0,NULL,2,2,0,1,0,0,1,NULL,NULL,1,0,2,30
201900037073,2,10,2019,08:30:00,1,56,56121,2,1,1,3,"BLUM ( BD LEON )","47,7452500"," -3,3811600",201900037073,138 236 353,B01,1,1,0,2,1,1,5,NULL,201900037073,138 236 353,B01,1,1,4,2,2003,2,2,8,-1,-1,0,-1,201900037073,4,"BLUM ( BD LEON )",0,NULL,2,2,0,1,0,0,1,NULL,NULL,1,0,2,30
201900037194,16,1,2019,18:30:00,5,75,75118,2,2,1,3,"RUE ORDENER","48,8904060","2,3558280",201900037194,138 236 123,A01,1,1,0,2,7,15,5,NULL,201900037194,138 236 123,A01,1,1,4,2,1989,1,2,0,-1,0,0,-1,201900037194,4,"RUE ORDENER",0,NULL,2,2,0,1,0,0,1,NULL,NULL,1,0,1,50
201900037194,16,1,2019,18:30:00,5,75,75118,2,2,1,3,"RUE ORDENER","48,8904060","2,3558280",201900037194,138 236 123,A01,1,1,0,2,7,15,5,NULL,201900037194,138 236 124,B01,1,1,1,1,1986,1,1,0,-1,0,0,-1,201900037194,4,"RUE ORDENER",0,NULL,2,2,0,1,0,0,1,NULL,NULL,1,0,1,50
201900038141,17,5,2019,12:00:00,1,75,75119,2,1,1,3,"AVENUE JEAN JAURES","48,8847390","2,3776530",201900038141,138 234 342,B01,0,1,0,2,1,1,0,NULL,201900038141,138 234 342,B01,1,1,4,1,1953,0,2,0,-1,0,0,-1,201900038141,4,"AVENUE JEAN JAURES",0,NULL,2,1,0,1,0,0,1,NULL,NULL,1,0,5,50
201900038141,17,5,2019,12:00:00,1,75,75119,2,1,1,3,"AVENUE JEAN JAURES","48,8847390","2,3776530",201900038141,138 234 342,B01,0,1,0,2,1,1,0,NULL,201900038141,138 234 343,A01,1,1,1,1,1953,4,1,0,-1,-1," -1",-1,201900038141,4,"AVENUE JEAN JAURES",0,NULL,2,1,0,1,0,0,1,NULL,NULL,1,0,5,50
201900038426,21,6,2019,19:30:00,1,75,75113,2,3,1,2,"RUE BOBILLOT","48,8303660","2,3545660",201900038426,138 233 867,A01,2,1,0,2,4,1,5,NULL,201900038426,138 233 866,B01,1,1,1,1,1954,5,1,0,-1,0,0,-1,201900038426,4,"RUE BOBILLOT",0,NULL,1,3,0,1,0,0,1,NULL,NULL,1,0,1,50
201900038426,21,6,2019,19:30:00,1,75,75113,2,3,1,2,"RUE BOBILLOT","48,8303660","2,3545660",201900038426,138 233 867,A01,2,1,0,2,4,1,5,NULL,201900038426,138 233 867,A01,1,1,4,1,1954,1,2,0,-1,0,0,-1,201900038426,4,"RUE BOBILLOT",0,NULL,1,3,0,1,0,0,1,NULL,NULL,1,0,1,50
201900040266,21,6,2019,15:30:00,1,58,58295,1,1,1,3,D4,"47,3183860","2,9060080",201900040266,138 230 433,B01,2,1,0,0,4,1,5,NULL,201900040266,138 230 433,B01,1,1,3,1,1948,5,2,-1,-1,0,0,-1,201900040266,3,4,NULL,D,2,2,0,2,(1),(1),4,NULL,NULL,1,0,1,50
201900040266,21,6,2019,15:30:00,1,58,58295,1,1,1,3,D4,"47,3183860","2,9060080",201900040266,138 230 433,B01,2,1,0,0,4,1,5,NULL,201900040266,138 230 434,A01,1,1,1,1,1932,0,1,-1,-1,0,0,-1,201900040266,3,4,NULL,D,2,2,0,2,(1),(1),4,NULL,NULL,1,0,1,50
201900042511,1,3,2019,15:40:00,1,973,97309,2,1,1,3,"Route de Dégrade","4,8909047"," -52,2882485",201900042511,138 226 211,B01,2,1,0,2,8,1,5,NULL,201900042511,138 226 211,B01,1,1,4,1,1991,4,0,-1,-1,0,0,-1,201900042511,3,24,0,NULL,2,2,0,1,4,340,1,NULL,NULL,1,0,1,70
201900042511,1,3,2019,15:40:00,1,973,97309,2,1,1,3,"Route de Dégrade","4,8909047"," -52,2882485",201900042511,138 226 211,B01,2,1,0,2,8,1,5,NULL,201900042511,138 226 212,A01,1,1,1,1,1949,3,1,-1,-1,0,0,-1,201900042511,3,24,0,NULL,2,2,0,1,4,340,1,NULL,NULL,1,0,1,70
201900046054,4,11,2019,12:30:00,1,94,94011,2,2,1,3,"STAINS(ROUTE DE)","48,7823000","2,4944100",201900046054,138 219 462,B01,1,1,0,6,1,15,0,NULL,201900046054,138 219 461,A01,1,1,1,1,1972,4,1,8,-1,-1,0,-1,201900046054,3,130,0,NULL,1,1,0,1,0,0,1,NULL,NULL,1,0,1,50
201900046054,4,11,2019,12:30:00,1,94,94011,2,2,1,3,"STAINS(ROUTE DE)","48,7823000","2,4944100",201900046054,138 219 462,B01,1,1,0,6,1,15,0,NULL,201900046054,138 219 462,B01,2,1,4,1,1992,0,8,0,-1,-1,0,-1,201900046054,3,130,0,NULL,1,1,0,1,0,0,1,NULL,NULL,1,0,1,50
201900048703,31,3,2019,12:15:00,1,31,31053,1,1,1,3,"Route de Gragnague","43,6560190","1,5548000",201900048703,138 214 500,B01,2,1,0,2,8,2,5,NULL,201900048703,138 214 500,B01,1,1,3,1,1965,5,2,-1,-1,0,0,-1,201900048703,3,77,NULL,G,2,2,0,2,1,0,2,NULL,NULL,1,0,1,90
201900048703,31,3,2019,12:15:00,1,31,31053,1,1,1,3,"Route de Gragnague","43,6560190","1,5548000",201900048703,138 214 500,B01,2,1,0,2,8,2,5,NULL,201900048703,138 214 502,A01,1,1,1,1,1930,5,1,-1,-1,0,0,-1,201900048703,3,77,NULL,G,2,2,0,2,1,0,2,NULL,NULL,1,0,1,90
201900050562,14,7,2019,08:50:00,1,77,77407,2,1,1,2,"236 GARENNES(CHEMIN DE)","48,5361700","2,5341800",201900050562,138 211 067,B01,2,1,0,2,4,2,5,NULL,201900050562,138 211 066,A01,1,1,2,1,1957,5,2,8,-1,0,0,-1,201900050562,4,"GARENNES(CHEMIN DE)",0,NULL,2,2,0,2,0,0,1,NULL,NULL,1,0,1,30
201900050562,14,7,2019,08:50:00,1,77,77407,2,1,1,2,"236 GARENNES(CHEMIN DE)","48,5361700","2,5341800",201900050562,138 211 066,A01,2,1,0,2,1,2,5,NULL,201900050562,138 211 066,A01,1,1,2,1,1957,5,2,8,-1,0,0,-1,201900050562,4,"GARENNES(CHEMIN DE)",0,NULL,2,2,0,2,0,0,1,NULL,NULL,1,0,1,30
201900050562,14,7,2019,08:50:00,1,77,77407,2,1,1,2,"236 GARENNES(CHEMIN DE)","48,5361700","2,5341800",201900050562,138 211 067,B01,2,1,0,2,4,2,5,NULL,201900050562,138 211 067,B01,1,1,1,1,1973,5,2,8,-1,0,0,-1,201900050562,4,"GARENNES(CHEMIN DE)",0,NULL,2,2,0,2,0,0,1,NULL,NULL,1,0,1,30
201900050562,14,7,2019,08:50:00,1,77,77407,2,1,1,2,"236 GARENNES(CHEMIN DE)","48,5361700","2,5341800",201900050562,138 211 066,A01,2,1,0,2,1,2,5,NULL,201900050562,138 211 067,B01,1,1,1,1,1973,5,2,8,-1,0,0,-1,201900050562,4,"GARENNES(CHEMIN DE)",0,NULL,2,2,0,2,0,0,1,NULL,NULL,1,0,1,30
201900050958,25,5,2019,12:10:00,1,84,84066,1,1,1,1,"Route de Javon","43,9457820","5,3009520",201900050958,138 210 354,A01,1,1,0,2,1,13,5,NULL,201900050958,138 210 353,B01,1,1,1,2,1984,5,1,-1,-1,0,0,-1,201900050958,3,943,NULL,NULL,2,2,0,2,16,500,3,NULL,NULL,1,0,1,80
201900050958,25,5,2019,12:10:00,1,84,84066,1,1,1,1,"Route de Javon","43,9457820","5,3009520",201900050958,138 210 354,A01,1,1,0,2,1,13,5,NULL,201900050958,138 210 354,A01,1,1,3,1,1956,5,2,-1,-1,0,0,-1,201900050958,3,943,NULL,NULL,2,2,0,2,16,500,3,NULL,NULL,1,0,1,80
201900051444,20,2,2019,15:10:00,1,85,85232,2,9,1,7,"Rue du Cormier","46,6843900"," -1,1299700",201900051444,138 209 411,A01,2,1,14,0,1,1,5,NULL,201900051444,138 209 411,A01,1,1,4,1,1957,5,2,-1,-1,0,0,-1,201900051444,3,48,0,NULL,2,2,0,2,19,165,1,NULL,NULL,1,9,1,50
201900011431,14,9,2019,20:30:00,5,75,75112,2,1,1,6,"COURS DE VINCENNES","48,8470710","2,4107510",201900011431,138 285 238,A01,2,1,0,2,0,19,5,NULL,201900011431,138 285 238,A01,1,1,4,2,2004,5,2,8,-1,0,0,-1,201900011431,4,"COURS DE VINCENNES",0,NULL,2,4,1,1,0,0,1,NULL,NULL,1,0,5,50
201900011693,19,3,2019,15:30:00,1,69,69259,2,1,1,3,"CLOS VERGER (DU)                    (R )","45,7181900","4,8921500",201900011693,138 284 717,A01,3,1,0,2,1,1,0,NULL,201900011693,138 284 716,B01,1,1,1,1,1979,0,1,8,-1,0,0,-1,201900011693,6,"CLOS VERGER (DU)                    (R )",0,NULL,-1,-1,0,1,0,0,1,NULL,NULL,1,0,1,50
201900011693,19,3,2019,15:30:00,1,69,69259,2,1,1,3,"CLOS VERGER (DU)                    (R )","45,7181900","4,8921500",201900011693,138 284 717,A01,3,1,0,2,1,1,0,NULL,201900011693,138 284 717,A01,1,1,4,1,1952,5,2,0,-1,0,0,-1,201900011693,6,"CLOS VERGER (DU)                    (R )",0,NULL,-1,-1,0,1,0,0,1,NULL,NULL,1,0,1,50
201900012305,8,8,2019,17:30:00,1,43,43159,1,1,1,1,"La détourbe","45,1717800","4,2851720",201900012305,138 283 589,B01,1,1,0,2,1,0,5,NULL,201900012305,138 283 588,A01,1,1,1,1,1998,1,8,-1,-1,0,0,-1,201900012305,3,105,NULL,D,2,2,0,1,14,57,1,NULL,NULL,1,0,1,80
201900012305,8,8,2019,17:30:00,1,43,43159,1,1,1,1,"La détourbe","45,1717800","4,2851720",201900012305,138 283 589,B01,1,1,0,2,1,0,5,NULL,201900012305,138 283 589,B01,1,1,2,1,1958,5,0,-1,-1,0,0,-1,201900012305,3,105,NULL,D,2,2,0,1,14,57,1,NULL,NULL,1,0,1,80
201900014196,3,8,2019,12:00:00,1,17,17299,2,6,1,3,"VERCORS BD DU","45,9481980"," -0,9674090",201900014196,138 280 009,B01,1,1,0,2,7,1,5,NULL,201900014196,138 280 008,A01,1,1,1,1,1971,5,1,8,-1,-1," -1",-1,201900014196,4,"VERCORS BD DU",0,NULL,2,2,0,1,0,0,1,NULL,NULL,1,0,1,50
201900014196,3,8,2019,12:00:00,1,17,17299,2,6,1,3,"VERCORS BD DU","45,9481980"," -0,9674090",201900014196,138 280 009,B01,1,1,0,2,7,1,5,NULL,201900014196,138 280 009,B01,1,1,3,1,1970,5,8,0,-1,-1,0,-1,201900014196,4,"VERCORS BD DU",0,NULL,2,2,0,1,0,0,1,NULL,NULL,1,0,1,50
201900014709,20,11,2019,18:20:00,5,92,92049,2,2,1,3,"RACINE RUE AUTRES N°","48,8123610","2,3142480",201900014709,138 278 958,B01,1,1,0,2,1,1,5,NULL,201900014709,138 278 957,A01,1,1,1,2,1988,1,1,0,-1,-1,0,-1,201900014709,4,"RACINE RUE AUTRES N°",0,NULL,1,1,0,1,0,0,1,NULL,NULL,2,0,1,50
201900014709,20,11,2019,18:20:00,5,92,92049,2,2,1,3,"RACINE RUE AUTRES N°","48,8123610","2,3142480",201900014709,138 278 958,B01,1,1,0,2,1,1,5,NULL,201900014709,138 278 958,B01,1,1,4,1,1975,1,2,0,-1,-1,0,-1,201900014709,4,"RACINE RUE AUTRES N°",0,NULL,1,1,0,1,0,0,1,NULL,NULL,2,0,1,50
201900017425,14,10,2019,16:50:00,1,93,93070,2,1,1,1,"ROSIERS(DES) : APRES 61","48,9137968","2,3298365",201900017425,138 273 828,B01,2,1,1,0,1,20,5,NULL,201900017425,138 273 827,A01,1,1,4,2,1992,0,2,6,-1,-1," -1",-1,201900017425,4,"ROSIERS(DES) : APRES 61",0,NULL,2,2,0,1,1,0,1,NULL,NULL,1,0,1,50
201900017425,14,10,2019,16:50:00,1,93,93070,2,1,1,1,"ROSIERS(DES) : APRES 61","48,9137968","2,3298365",201900017425,138 273 828,B01,2,1,1,0,1,20,5,NULL,201900017425,138 273 828,B01,1,1,4,2,1994,0,8,0,-1,-1," -1",-1,201900017425,4,"ROSIERS(DES) : APRES 61",0,NULL,2,2,0,1,1,0,1,NULL,NULL,1,0,1,50
201900017943,2,7,2019,23:10:00,3,45,45095,1,1,1,5,"route de neuville","48,0706440","2,1215250",201900017943,138 272 871,C01,1,1,0,0,4,1,5,NULL,201900017943,138 272 869,A01,1,1,4,1,1990,5,1,5,-1,0,0,-1,201900017943,3,5,NULL,NULL,2,2,0,1,34,800,1,NULL,NULL,1,0,1,80
201900017943,2,7,2019,23:10:00,3,45,45095,1,1,1,5,"route de neuville","48,0706440","2,1215250",201900017943,138 272 871,C01,1,1,0,0,4,1,5,NULL,201900017943,138 272 870,B01,1,1,3,1,2004,5,2,-1,-1,0,0,-1,201900017943,3,5,NULL,NULL,2,2,0,1,34,800,1,NULL,NULL,1,0,1,80
201900017943,2,7,2019,23:10:00,3,45,45095,1,1,1,5,"route de neuville","48,0706440","2,1215250",201900017943,138 272 871,C01,1,1,0,0,4,1,5,NULL,201900017943,138 272 870,B01,2,2,2,1,2000,5,2,-1,-1,0,0,-1,201900017943,3,5,NULL,NULL,2,2,0,1,34,800,1,NULL,NULL,1,0,1,80