Num_Acc,jour,mois,an,hrmn,lum,dep,com,agg,int,atm,col,adr,lat,long,Num_Acc,id_vehicule,num_veh,senc,catv,obs,obsm,choc,manv,motor,occutc,Num_Acc,id_vehicule,num_veh,place,catu,grav,sexe,an_nais,trajet,secu1,secu2,secu3,locp,actp,etatp,Num_Acc,catr,voie,v1,v2,circ,nbv,vosp,prof,pr,pr1,plan,lartpc,larrout,surf,infra,situ,vma
201900017943,2,7,2019,23:10:00,3,45,45095,1,1,1,5,"route de neuville","48,0706440","2,1215250",201900017943,138 272 871,C01,1,1,0,0,4,1,5,NULL,201900017943,138 272 871,C01,1,1,3,1,2000,5,0,-1,-1,0,0,-1,201900017943,3,5,NULL,NULL,2,2,0,1,34,800,1,NULL,NULL,1,0,1,80
201900019825,3,8,2019,09:30:00,1,36,36191,1,1,7,2,"RD 34 - PK 28+800","47,0741120","1,7857070",201900019825,138 269 351,B01,1,1,0,2,4,2,5,NULL,201900019825,138 269 350,A01,1,1,1,1,1941,5,8,-1,-1,0,0,-1,201900019825,3,34,NULL,NULL,2,2,0,2,28,800,1,NULL,NULL,1,0,1,80
201900019825,3,8,2019,09:30:00,1,36,36191,1,1,7,2,"RD 34 - PK 28+800","47,0741120","1,7857070",201900019825,138 269 351,B01,1,1,0,2,4,2,5,NULL,201900019825,138 269 351,B01,1,1,3,1,1954,5,9,-1,-1,0,0,-1,201900019825,3,34,NULL,NULL,2,2,0,2,28,800,1,NULL,NULL,1,0,1,80
201900020479,27,12,2019,13:50:00,1,9,09061,1,1,1,3,"Lieu Dit les Mances","43,1104470","1,3708870",201900020479,138 268 110,B01,2,1,0,2,8,1,5,NULL,201900020479,138 268 110,B01,1,1,3,1,1944,5,2,9,-1,0,0,-1,201900020479,3,628,NULL,D,2,2,0,1,14,400,1,NULL,NULL,1,0,1,80
201900020479,27,12,2019,13:50:00,1,9,09061,1,1,1,3,"Lieu Dit les Mances","43,1104470","1,3708870",201900020479,138 268 110,B01,2,1,0,2,8,1,5,NULL,201900020479,138 268 111,A01,1,1,1,2,1959,1,1,-1,-1,0,0,-1,201900020479,3,628,NULL,D,2,2,0,1,14,400,1,NULL,NULL,1,0,1,80
201900026910,29,7,2019,06:10:00,2,40,40181,1,1,1,2,"D 652","43,8531860"," -1,3920910",201900026910,138 255 698,B01,2,1,0,2,4,2,5,NULL,201900026910,138 255 698,B01,1,1,4,2,2001,5,0,-1,-1,0,0,-1,201900026910,3,652,0,D,2,2,0,1,97,200,1,NULL,NULL,1,0,1,80
201900026910,29,7,2019,06:10:00,2,40,40181,1,1,1,2,"D 652","43,8531860"," -1,3920910",201900026910,138 255 698,B01,2,1,0,2,4,2,5,NULL,201900026910,138 255 699,A01,1,1,1,1,1982,4,1,-1,-1,0,0,-1,201900026910,3,652,0,D,2,2,0,1,97,200,1,NULL,NULL,1,0,1,80
201900027844,6,10,2019,08:45:00,1,13,13203,2,1,1,2,"PLOMBIERES (BOULEVARD DES)","43,3203200","5,3776870",201900027844,138 253 957,A01,3,1,0,2,4,1,0,NULL,201900027844,138 253 957,A01,1,1,3,1,1973,0,8,0,-1,-1," -1",-1,201900027844,4,"PLOMBIERES (BOULEVARD DES)",0,NULL,1,2,0,1,0,0,1,NULL,NULL,1,2,1,50
201900030636,7,3,2019,11:30:00,1,29,29153,2,2,7,3,"route de port manec'h","47,8155520"," -3,7881250",201900030636,138 248 738,B01,2,1,0,2,1,1,5,NULL,201900030636,138 248 737,A01,1,1,1,1,1955,1,1,-1,-1,0,0,-1,201900030636,4,"rte de Port Manech",NULL,NULL,2,2,0,1,(1),(1),1,NULL,NULL,2,0,1,50
201900030636,7,3,2019,11:30:00,1,29,29153,2,2,7,3,"route de port manec'h","47,8155520"," -3,7881250",201900030636,138 248 738,B01,2,1,0,2,1,1,5,NULL,201900030636,138 248 738,B01,1,1,3,1,1952,5,0,-1,-1,0,0,-1,201900030636,4,"rte de Port Manech",NULL,NULL,2,2,0,1,(1),(1),1,NULL,NULL,2,0,1,50
201900032728,15,5,2019,19:55:00,1,22,22278,1,1,1,7,"NOGUES (MAURICE)","48,5181100"," -2,8099300",201900032728,138 244 735,A01,3,1,0,0,0,0,5,NULL,201900032728,138 244 735,A01,1,1,3,1,1984,5,2,8,-1,0,0,-1,201900032728,4,"NOGUES (MAURICE)",0,NULL,-1,2,0,1,0,0,1,NULL,NULL,1,0,1,80
201900035642,26,8,2019,08:00:00,1,92,92049,2,1,1,1,"BRIAND AVENUE ARISTIDE N°1 A 129","48,8122230","2,3262690",201900035642,138 239 087,B01,2,1,0,2,3,19,0,NULL,201900035642,138 239 086,A01,1,1,1,1,1992,1,1,0,-1,-1,0,-1,201900035642,3,920,0,NULL,3,4,3,1,0,0,1,NULL,NULL,1,0,1,50
201900035642,26,8,2019,08:00:00,1,92,92049,2,1,1,1,"BRIAND AVENUE ARISTIDE N°1 A 129","48,8122230","2,3262690",201900035642,138 239 087,B01,2,1,0,2,3,19,0,NULL,201900035642,138 239 087,B01,10,3,4,2,1985,1,0,0,0,4,3,1,201900035642,3,920,0,NULL,3,4,3,1,0,0,1,NULL,NULL,1,0,1,50
201900035653,27,8,2019,07:15:00,1,974,97416,2,9,1,3,"HUBERT DE LISLE(BOULEVARD)"," -21,3435690","55,4747540",201900035653,138 239 069,B01,1,1,0,2,7,1,6,NULL,201900035653,138 239 069,B01,1,1,4,1,1963,0,8,0,-1,-1," -1",-1,201900035653,4,"HUBERT DE LISLE(BOULEVARD)",0,NULL,2,2,0,1,(1),(1),1,NULL,NULL,1,9,3,50
201900035653,27,8,2019,07:15:00,1,974,97416,2,9,1,3,"HUBERT DE LISLE(BOULEVARD)"," -21,3435690","55,4747540",201900035653,138 239 069,B01,1,1,0,2,7,1,6,NULL,201900035653,138 239 070,A01,1,1,1,2,1977,9,1,8,-1,-1," -1",-1,201900035653,4,"HUBERT DE LISLE(BOULEVARD)",0,NULL,2,2,0,1,(1),(1),1,NULL,NULL,1,9,3,50
201900042586,25,2,2019,14:50:00,1,42,42319,1,1,1,3,"d 10","45,7125630","4,2980250",201900042586,138 226 079,B01,3,1,0,2,8,1,5,NULL,201900042586,138 226 078,A01,1,1,1,1,1957,5,1,-1,-1,0,0,-1,201900042586,3,10,0,NULL,2,2,0,1,386,20,1,NULL,NULL,1,0,1,80
201900042586,25,2,2019,14:50:00,1,42,42319,1,1,1,3,"d 10","45,7125630","4,2980250",201900042586,138 226 079,B01,3,1,0,2,8,1,5,NULL,201900042586,138 226 079,B01,1,1,4,1,1957,5,0,-1,-1,0,0,-1,201900042586,3,10,0,NULL,2,2,0,1,386,20,1,NULL,NULL,1,0,1,80
201900043300,3,4,2019,11:10:00,1,67,67447,2,1,1,6,"BISCHWILLER (ROUTE DE)","48,6030500","7,7462300",201900043300,138 224 728,B01,1,1,1,0,1,1,5,NULL,201900043300,138 224 728,B01,1,1,4,1,1960,0,8,0,-1,-1,0,-1,201900043300,4,"BISCHWILLER (ROUTE DE)",0,NULL,2,2,0,1,0,0,1,NULL,NULL,1,0,1,50
201900043300,3,4,2019,11:10:00,1,67,67447,2,1,1,6,"BISCHWILLER (ROUTE DE)","48,6030500","7,7462300",201900043300,138 224 728,B01,1,1,1,0,1,1,5,NULL,201900043300,138 224 729,A01,1,1,1,2,1993,1,8,0,-1,-1,0,-1,201900043300,4,"BISCHWILLER (ROUTE DE)",0,NULL,2,2,0,1,0,0,1,NULL,NULL,1,0,1,50
201900046529,26,9,2019,08:00:00,2,94,94016,2,1,2,6,"DIVISION LECLERC (AV DE LA)","48,7863006","2,3291539",201900046529,138 218 534,B01,1,1,0,2,1,1,5,NULL,201900046529,138 218 534,B01,2,1,4,1,1992,1,2,8,-1,-1," -1",-1,201900046529,3,127,0,NULL,1,4,0,1,0,0,1,NULL,NULL,2,6,1,20
201900046529,26,9,2019,08:00:00,2,94,94016,2,1,2,6,"DIVISION LECLERC (AV DE LA)","48,7863006","2,3291539",201900046529,138 218 534,B01,1,1,0,2,1,1,5,NULL,201900046529,138 218 535,A01,1,1,1,1,1987,1,1,8,-1,-1," -1",-1,201900046529,3,127,0,NULL,1,4,0,1,0,0,1,NULL,NULL,2,6,1,20
201900046938,17,7,2019,18:15:00,1,17,17161,2,1,1,2,"Cours Eugène Chauffour","46,1900170"," -1,3282170",201900046938,138 217 760,B01,2,1,0,2,1,2,5,NULL,201900046938,138 217 760,B01,1,1,4,1,2005,9,0,-1,-1,0,0,-1,201900046938,4,NULL,NULL,NULL,2,2,0,1,(1),(1),1,NULL,NULL,1,0,1,30
201900046938,17,7,2019,18:15:00,1,17,17161,2,1,1,2,"Cours Eugène Chauffour","46,1900170"," -1,3282170",201900046938,138 217 760,B01,2,1,0,2,1,2,5,NULL,201900046938,138 217 761,A01,1,1,1,1,2004,9,2,-1,-1,0,0,-1,201900046938,4,NULL,NULL,NULL,2,2,0,1,(1),(1),1,NULL,NULL,1,0,1,30
201900053854,11,7,2019,19:00:00,1,6,06027,2,1,1,6,"JAURES AVENUE JEAN","43,6585189","7,1696198",201900053854,138 204 749,B01,3,1,1,0,1,0,0,NULL,201900053854,138 204 749,B01,1,1,4,1,1968,5,8,0,-1,0,0,-1,201900053854,7,"(141)    JAURES AVENUE JEAN",0,NULL,2,2,0,1,0,0,1,NULL,NULL,1,0,1,50
201900053854,11,7,2019,19:00:00,1,6,06027,2,1,1,6,"JAURES AVENUE JEAN","43,6585189","7,1696198",201900053854,138 204 749,B01,3,1,1,0,1,0,0,NULL,201900053854,138 204 750,A01,1,1,1,2,1951,5,1,0,-1,0,0,-1,201900053854,7,"(141)    JAURES AVENUE JEAN",0,NULL,2,2,0,1,0,0,1,NULL,NULL,1,0,1,50
201900009090,21,11,2019,14:00:00,1,63,63164,2,3,1,3,"Bois ( Allée Claude )","45,8276891","3,1525873",201900009090,138 289 520,B01,1,1,0,2,1,19,5,NULL,201900009090,138 289 519,A01,1,1,1,2,1992,0,1,8,-1,-1," -1",-1,201900009090,4,"Bois ( Allée Claude )",0,NULL,2,2,0,1,0,0,1,NULL,NULL,1,0,1,50
201900009090,21,11,2019,14:00:00,1,63,63164,2,3,1,3,"Bois ( Allée Claude )","45,8276891","3,1525873",201900009090,138 289 520,B01,1,1,0,2,1,19,5,NULL,201900009090,138 289 520,B01,1,1,4,1,2008,2,8,0,-1,-1," -1",-1,201900009090,4,"Bois ( Allée Claude )",0,NULL,2,2,0,1,0,0,1,NULL,NULL,1,0,1,50
201900011938,17,10,2019,07:58:00,5,37,37261,2,1,2,6,"BAUGE (RUE MICHEL)","47,3816162","0,6694880",201900011938,138 284 246,B01,3,1,0,2,1,1,5,NULL,201900011938,138 284 245,A01,1,1,1,1,1980,1,1,0,-1,-1," -1",-1,201900011938,4,"BAUGE (RUE MICHEL)",0,NULL,-1,2,0,1,0,0,1,NULL,NULL,2,0,1,30
201900011938,17,10,2019,07:58:00,5,37,37261,2,1,2,6,"BAUGE (RUE MICHEL)","47,3816162","0,6694880",201900011938,138 284 246,B01,3,1,0,2,1,1,5,NULL,201900011938,138 284 246,B01,1,1,4,1,1997,1,8,0,-1,-1," -1",-1,201900011938,4,"BAUGE (RUE MICHEL)",0,NULL,-1,2,0,1,0,0,1,NULL,NULL,2,0,1,30
201900012004,17,10,2019,08:55:00,1,93,93045,2,4,2,3,"JAURES BD JEAN","48,8860500","2,4267900",201900012004,138 284 123,B01,3,1,0,2,3,16,0,NULL,201900012004,138 284 123,B01,1,1,4,1,1983,2,2,8,-1,-1," -1",-1,201900012004,4,"JAURES BD JEAN",0,NULL,2,2,0,1,48,886,4,NULL,NULL,2,6,1,50
201900012004,17,10,2019,08:55:00,1,93,93045,2,4,2,3,"JAURES BD JEAN","48,8860500","2,4267900",201900012004,138 284 123,B01,3,1,0,2,3,16,0,NULL,201900012004,138 284 124,A01,1,1,1,2,1988,2,1,8,-1,-1," -1",-1,201900012004,4,"JAURES BD JEAN",0,NULL,2,2,0,1,48,886,4,NULL,NULL,2,6,1,50
201900013701,4,2,2019,19:15:00,1,38,38130,2,9,1,2,"CAMILLE JOUFFRAY(PLACE)","45,3531770","5,2648410",201900013701,138 280 914,A01,1,1,0,2,4,1,5,NULL,201900013701,138 280 914,A01,1,1,3,1,2002,5,0,-1,-1,0,0,-1,201900013701,3,71,0,NULL,2,2,0,1,42,500,1,NULL,NULL,1,0,1,80
201900018160,30,4,2019,23:30:00,5,69,69259,2,3,1,1,"IRENE JOLIOT CURIE                  (BD)","45,7182700","4,8759600",201900018160,138 272 448,B01,2,1,0,2,4,19,0,NULL,201900018160,138 272 448,B01,1,1,3,1,1972,0,8,0,-1,-1,0,-1,201900018160,3,95,0,NULL,1,2,2,1,1,0,1,NULL,NULL,1,3,1,50
201900018160,30,4,2019,23:30:00,5,69,69259,2,3,1,1,"IRENE JOLIOT CURIE                  (BD)","45,7182700","4,8759600",201900018160,138 272 448,B01,2,1,0,2,4,19,0,NULL,201900018160,138 272 449,A01,1,1,1,1,1944,5,1,0,-1,0,0,-1,201900018160,3,95,0,NULL,1,2,2,1,1,0,1,NULL,NULL,1,3,1,50
201900019996,27,5,2019,18:00:00,1,91,91103,2,6,1,3,"DE GAULLE (ROND POINT DU GENERAL)","48,6057200","2,3176800",201900019996,138 268 988,B01,0,1,0,2,0,0,5,NULL,201900019996,138 268 987,A01,1,1,1,1,1950,5,1,8,-1,0,0,-1,201900019996,4,"DE GAULLE (ROND POINT DU GENERAL)",0,NULL,1,2,0,1,0,0,3,NULL,NULL,1,0,1,50
201900019996,27,5,2019,18:00:00,1,91,91103,2,6,1,3,"DE GAULLE (ROND POINT DU GENERAL)","48,6057200","2,3176800",201900019996,138 268 988,B01,0,1,0,2,0,0,5,NULL,201900019996,138 268 988,B01,1,1,4,2,1996,0,8,8,-1,0,0,-1,201900019996,4,"DE GAULLE (ROND POINT DU GENERAL)",0,NULL,1,2,0,1,0,0,3,NULL,NULL,1,0,1,50
201900020492,10,12,2019,14:05:00,1,68,68320,2,2,1,3,"Rue de Thann (Spechbach-le-Bas)","47,6800290","7,2174520",201900020492,138 268 091,B01,1,1,0,0,8,19,5,NULL,201900020492,138 268 090,A01,1,1,1,1,1957,5,2,-1,-1,0,0,-1,201900020492,3,466,0,NULL,2,2,0,1,41,268,1,NULL,NULL,1,0,1,50
201900020492,10,12,2019,14:05:00,1,68,68320,2,2,1,3,"Rue de Thann (Spechbach-le-Bas)","47,6800290","7,2174520",201900020492,138 268 091,B01,1,1,0,0,8,19,5,NULL,201900020492,138 268 091,B01,1,1,4,1,1947,5,2,-1,-1,0,0,-1,201900020492,3,466,0,NULL,2,2,0,1,41,268,1,NULL,NULL,1,0,1,50
201900023300,31,7,2019,05:40:00,5,35,35238,2,9,1,6,"LORIENT (DE)","48,1072780"," -1,7193850",201900023300,138 262 677,A01,1,1,0,2,0,26,5,NULL,201900023300,138 262 677,A01,1,1,4,1,1996,1,8,0,-1,-1,0,-1,201900023300,2,24,0,NULL,3,4,0,1,1,250,1,NULL,NULL,1,0,1,50
201900024965,27,6,2019,06:40:00,2,75,75107,2,1,1,6,"RUE DU BAC","48,8585880","2,3285970",201900024965,138 259 357,A01,1,1,0,1,1,1,5,NULL,201900024965,138 259 357,A01,1,1,1,1,1992,0,8,0,-1,0,0,-1,201900024965,4,"RUE DU BAC",0,NULL,1,1,0,1,0,0,1,NULL,NULL,1,0,1,30
201900024965,27,6,2019,06:40:00,2,75,75107,2,1,1,6,"RUE DU BAC","48,8585880","2,3285970",201900024965,138 259 357,A01,1,1,0,1,1,1,5,NULL,201900024965,138 259 357,A01,10,3,4,1,1966,0,8,0,-1,2,A,1,201900024965,4,"RUE DU BAC",0,NULL,1,1,0,1,0,0,1,NULL,NULL,1,0,1,30
201900035768,28,2,2019,17:45:00,1,72,72095,2,1,1,3,"PAIX (RUE DE LA)","48,0242000","0,2033600",201900035768,138 238 849,A01,2,1,0,2,1,2,5,NULL,201900035768,138 238 848,B01,1,1,1,2,1979,0,1,0,-1,0,0,-1,201900035768,4,"PAIX (RUE DE LA)",0,NULL,2,2,0,2,0,0,1,NULL,NULL,1,0,1,50
201900035768,28,2,2019,17:45:00,1,72,72095,2,1,1,3,"PAIX (RUE DE LA)","48,0242000","0,2033600",201900035768,138 238 849,A01,2,1,0,2,1,2,5,NULL,201900035768,138 238 849,A01,1,1,4,1,2001,5,8,0,-1,0,0,-1,201900035768,4,"PAIX (RUE DE LA)",0,NULL,2,2,0,2,0,0,1,NULL,NULL,1,0,1,50
201900035768,28,2,2019,17:45:00,1,72,72095,2,1,1,3,"PAIX (RUE DE LA)","48,0242000","0,2033600",201900035768,138 238 849,A01,2,1,0,2,1,2,5,NULL,201900035768,138 238 849,A01,2,2,1,1,2004,5,8,0,-1,0,0,-1,201900035768,4,"PAIX (RUE DE LA)",0,NULL,2,2,0,2,0,0,1,NULL,NULL,1,0,1,50
201900035912,8,4,2019,19:00:00,1,92,92063,2,1,1,2,"COLMAR (AVENUE DE)","48,8264372","2,2442365",201900035912,138 238 570,B01,3,1,1,0,1,1,5,NULL,201900035912,138 238 570,B01,1,1,4,1,1995,1,8,0,-1,-1,0,-1,201900035912,4,"YVES KERMEN (RUE) 3/49 - 2/38",0,NULL,3,4,0,1,0,0,1,NULL,NULL,1,0,1,50
201900035912,8,4,2019,19:00:00,1,92,92063,2,1,1,2,"COLMAR (AVENUE DE)","48,8264372","2,2442365",201900035912,138 238 570,B01,3,1,1,0,1,1,5,NULL,201900035912,138 238 571,A01,1,1,1,1,1953,1,1,0,-1,-1,0,-1,201900035912,4,"YVES KERMEN (RUE) 3/49 - 2/38",0,NULL,3,4,0,1,0,0,1,NULL,NULL,1,0,1,50
201900036078,24,7,2019,09:05:00,1,73,73186,2,1,1,1,"D71 B","45,8062090","6,5172303",201900036078,138 238 296,B01,1,1,0,2,1,5,5,NULL,201900036078,138 238 295,A01,1,1,1,1,1943,3,1,-1,-1,0,0,-1,201900036078,3,71,0,B,2,2,0,2,0,245,2,NULL,NULL,1,0,1,50
201900036078,24,7,2019,09:05:00,1,73,73186,2,1,1,1,"D71 B","45,8062090","6,5172303",201900036078,138 238 296,B01,1,1,0,2,1,5,5,NULL,201900036078,138 238 296,B01,1,1,4,1,1985,5,2,-1,-1,0,0,-1,201900036078,3,71,0,B,2,2,0,2,0,245,2,NULL,NULL,1,0,1,50
201900036525,28,5,2019,05:20:00,2,75,75116,2,7,1,3,"PLACE DE LA PORTE DE SAINT CLOUD","48,8375100","2,2568140",201900036525,138 237 427,B01,1,1,0,2,3,18,5,NULL,201900036525,138 237 427,B01,1,1,2,1,1980,0,2,0,-1,0,0,-1,201900036525,4,"PLACE DE LA PORTE DE SAINT CLOUD",0,NULL,1,3,0,1,0,0,1,NULL,NULL,1,0,1,50
201900036525,28,5,2019,05:20:00,2,75,75116,2,7,1,3,"PLACE DE LA PORTE DE SAINT CLOUD","48,8375100","2,2568140",201900036525,138 237 427,B01,1,1,0,2,3,18,5,NULL,201900036525,138 237 428,A01,1,1,1,1,1994,4,1,0,-1,0,0,-1,201900036525,4,"PLACE DE LA PORTE DE SAINT CLOUD",0,NULL,1,3,0,1,0,0,1,NULL,NULL,1,0,1,50
201900036630,4,11,2019,08:35:00,2,69,69236,1,3,2,3,D488e,"45,5659900","4,7030510",201900036630,138 237 244,B01,2,1,0,2,7,1,5,NULL,201900036630,138 237 243,A01,1,1,1,2,1988,0,1,-1,-1,0,0,-1,201900036630,3,488,0,E,2,2,0,1,6,400,1,NULL,NULL,2,0,1,70
201900036630,4,11,2019,08:35:00,2,69,69236,1,3,2,3,D488e,"45,5659900","4,7030510",201900036630,138 237 244,B01,2,1,0,2,7,1,5,NULL,201900036630,138 237 244,B01,1,1,3,1,1959,5,2,-1,-1,0,0,-1,201900036630,3,488,0,E,2,2,0,1,6,400,1,NULL,NULL,2,0,1,70
201900040035,29,5,2019,09:45:00,1,75,75112,2,1,1,3,"RUE TAINE","48,8382430","2,3926890",201900040035,138 230 836,B01,2,1,0,2,3,17,5,NULL,201900040035,138 230 836,B01,1,1,4,1,1979,1,2,0,-1,0,0,-1,201900040035,4,"RUE TAINE",0,NULL,2,2,0,2,0,0,1,NULL,NULL,1,0,1,50
201900040035,29,5,2019,09:45:00,1,75,75112,2,1,1,3,"RUE TAINE","48,8382430","2,3926890",201900040035,138 230 836,B01,2,1,0,2,3,17,5,NULL,201900040035,138 230 837,A01,1,1,1,2,1968,9,1,0,-1,0,0,-1,201900040035,4,"RUE TAINE",0,NULL,2,2,0,2,0,0,1,NULL,NULL,1,0,1,50
201900042883,29,9,2019,05:58:00,5,37,37214,2,1,1,7,"CROIX PERIGOURD (RUE DE LA)","47,4121925","0,6592749",201900042883,138 225 495,A01,1,1,0,0,0,0,5,NULL,201900042883,138 225 495,A01,1,1,4,1,2000,5,8,0,-1,-1,0,-1,201900042883,4,"CROIX PERIGOURD (RUE DE LA)",0,NULL,2,2,0,1,0,0,1,NULL,NULL,1,0,1,30
201900043935,30,5,2019,15:45:00,1,69,69383,2,1,1,3,"FELIX FAURE                         (AV)","45,7531600","4,8549000",201900043935,138 223 590,B01,2,1,0,2,8,2,0,NULL,201900043935,138 223 590,B01,1,1,3,1,1936,5,8,0,-1,-1,0,-1,201900043935,4,"FELIX FAURE                         (AV)",0,NULL,2,0,1,1,0,0,1,NULL,NULL,1,0,1,30
201900045477,8,12,2019,11:05:00,1,17,17300,2,1,2,3,"CHAMP DE MARS   AVENUE DU","46,1691200"," -1,1495300",201900045477,138 220 573,B01,1,1,0,2,8,1,5,NULL,201900045477,138 220 573,B01,1,1,4,2,1974,5,2,0,-1,-1,0,-1,201900045477,4,"CHAMP DE MARS   AVENUE DU",0,NULL,2,4,0,1,1,0,1,NULL,NULL,2,0,1,50
201900045477,8,12,2019,11:05:00,1,17,17300,2,1,2,3,"CHAMP DE MARS   AVENUE DU","46,1691200"," -1,1495300",201900045477,138 220 573,B01,1,1,0,2,8,1,5,NULL,201900045477,138 220 574,A01,1,1,1,2,1944,5,1,0,-1,-1,0,-1,201900045477,4,"CHAMP DE MARS   AVENUE DU",0,NULL,2,4,0,1,1,0,1,NULL,NULL,2,0,1,50
201900047583,13,6,2019,08:45:00,1,64,64132,2,1,1,1,"COMMANDANT RENE MOUCHOTTE DU","43,3034500"," -0,3222000",201900047583,138 216 589,A01,1,1,0,2,1,5,5,NULL,201900047583,138 216 588,B01,1,1,1,1,1961,0,1,0,-1,0,0,-1,201900047583,4,"COMMANDANT RENE MOUCHOTTE DU",0,NULL,3,2,0,1,0,0,1,NULL,NULL,1,0,1,50
201900047583,13,6,2019,08:45:00,1,64,64132,2,1,1,1,"COMMANDANT RENE MOUCHOTTE DU","43,3034500"," -0,3222000",201900047583,138 216 589,A01,1,1,0,2,1,5,5,NULL,201900047583,138 216 589,A01,1,1,4,1,1965,0,8,0,-1,0,0,-1,201900047583,4,"COMMANDANT RENE MOUCHOTTE DU",0,NULL,3,2,0,1,0,0,1,NULL,NULL,1,0,1,50
201900048148,9,1,2019,08:13:00,1,75,75105,2,3,1,3,"BOULEVARD DE L HOPITAL","48,8423600","2,3635650",201900048148,138 215 547,B01,2,1,0,2,4,7,5,NULL,201900048148,138 215 547,B01,1,1,4,2,1990,1,2,0,-1,-1,0,-1,201900048148,4,"BOULEVARD DE L HOPITAL",0,NULL,2,6,3,2,0,0,1,NULL,NULL,1,0,6,50
201900048148,9,1,2019,08:13:00,1,75,75105,2,3,1,3,"BOULEVARD DE L HOPITAL","48,8423600","2,3635650",201900048148,138 215 547,B01,2,1,0,2,4,7,5,NULL,201900048148,138 215 548,A01,1,1,1,1,1978,4,1,0,-1,0,0,-1,201900048148,4,"BOULEVARD DE L HOPITAL",0,NULL,2,6,3,2,0,0,1,NULL,NULL,1,0,6,50
201900048473,24,8,2019,14:00:00,1,44,44114,2,1,1,3,"ROUTE DE VANNES","47,2434719"," -1,5977798",201900048473,138 214 915,A01,1,1,0,2,8,1,5,NULL,201900048473,138 214 914,B01,1,1,1,1,1980,5,1,0,-1,0,0,-1,201900048473,4,NULL,0,NULL,3,0,0,1,1,0,1,NULL,NULL,1,0,1,50
201900048473,24,8,2019,14:00:00,1,44,44114,2,1,1,3,"ROUTE DE VANNES","47,2434719"," -1,5977798",201900048473,138 214 915,A01,1,1,0,2,8,1,5,NULL,201900048473,138 214 915,A01,1,1,4,2,1970,5,8,0,-1,0,0,-1,201900048473,4,NULL,0,NULL,3,0,0,1,1,0,1,NULL,NULL,1,0,1,50
201900048547,24,8,2019,18:35:00,1,75,75114,2,7,1,6,"PLACE DU VINGT CINQ AOUT 1944","48,8230617","2,3254943",201900048547,138 214 778,A01,1,1,14,0,1,14,5,NULL,201900048547,138 214 778,A01,1,1,3,1,1995,0,2,0,-1,0,0,-1,201900048547,4,"PLACE DU VINGT CINQ AOUT 1944",0,NULL,2,8,0,1,0,0,1,NULL,NULL,1,0,1,50
201900049314,5,6,2019,08:00:00,1,56,56121,2,8,1,3,"Cours de CHAZELLES","47,7557400"," -3,3638200",201900049314,138 213 380,B01,1,1,0,2,7,1,5,NULL,201900049314,138 213 380,B01,1,1,4,1,1965,5,2,0,-1,0,0,-1,201900049314,4,"CHAZELLES ( COURS LOUIS  DE )",0,NULL,2,4,0,1,0,0,1,NULL,NULL,1,4,1,50
201900049444,13,6,2019,17:20:00,1,44,44143,2,1,1,2,"RUE CHARLES RIVIERE","47,1771100"," -1,5441500",201900049444,138 213 145,A01,1,1,0,2,1,1,5,NULL,201900049444,138 213 145,A01,1,1,4,1,1984,5,2,0,-1,0,0,-1,201900049444,4,NULL,0,NULL,2,0,0,1,1,0,1,NULL,NULL,1,0,1,50
201900049444,13,6,2019,17:20:00,1,44,44143,2,1,1,2,"RUE CHARLES RIVIERE","47,1771100"," -1,5441500",201900049444,138 213 145,A01,1,1,0,2,1,1,5,NULL,201900049444,138 213 146,B01,1,1,1,2,1964,5,1,0,-1,0,0,-1,201900049444,4,NULL,0,NULL,2,0,0,1,1,0,1,NULL,NULL,1,0,1,50
201900052007,23,9,2019,23:30:00,5,33,33063,2,3,1,2,"Bd Georges Pompidou / R. du Commandant Marchand","44,8333820"," -0,6003550",201900052007,138 208 339,B01,0,1,0,0,6,10,5,NULL,201900052007,138 208 339,B01,1,1,3,1,1998,5,8,0,-1,-1," -1",-1,201900052007,4,"BD GEORGES POMPIDOU",0,NULL,3,6,2,1,0,0,1,NULL,NULL,1,0,1,50
201900052007,23,9,2019,23:30:00,5,33,33063,2,3,1,2,"Bd Georges Pompidou / R. du Commandant Marchand","44,8333820"," -0,6003550",201900052007,138 208 339,B01,0,1,0,0,6,10,5,NULL,201900052007,138 208 340,A01,1,1,1,1,1999,5,1,0,-1,-1," -1",-1,201900052007,4,"BD GEORGES POMPIDOU",0,NULL,3,6,2,1,0,0,1,NULL,NULL,1,0,1,50
201900054000,31,3,2019,08:30:00,1,61,61324,1,1,7,2,"La Jariais (L'Épinay-le-Comte)","48,4774230"," -0,7824350",201900054000,138 204 488,B01,2,1,0,2,6,1,5,NULL,201900054000,138 204 488,B01,1,1,3,1,1950,5,0,-1,-1,0,0,-1,201900054000,3,839,NULL,NULL,2,2,0,2,1,100,1,NULL,NULL,1,0,1,80
201900054000,31,3,2019,08:30:00,1,61,61324,1,1,7,2,"La Jariais (L'Épinay-le-Comte)","48,4774230"," -0,7824350",201900054000,138 204 488,B01,2,1,0,2,6,1,5,NULL,201900054000,138 204 489,A01,1,1,1,1,1962,5,1,-1,-1,0,0,-1,201900054000,3,839,NULL,NULL,2,2,0,2,1,100,1,NULL,NULL,1,0,1,80