Num_Acc,jour,mois,an,hrmn,lum,dep,com,agg,int,atm,col,adr,lat,long,Num_Acc,id_vehicule,num_veh,senc,catv,obs,obsm,choc,manv,motor,occutc,Num_Acc,id_vehicule,num_veh,place,catu,grav,sexe,an_nais,trajet,secu1,secu2,secu3,locp,actp,etatp,Num_Acc,catr,voie,v1,v2,circ,nbv,vosp,prof,pr,pr1,plan,lartpc,larrout,surf,infra,situ,vma
201900056094,19,8,2019,19:15:00,1,14,14338,2,3,1,1,"LECLERC (RUE DU GAL)","49,3000000","0,0760000",201900056094,138 200 638,B01,1,1,0,2,1,0,6,NULL,201900056094,138 200 637,A01,1,1,1,1,1933,5,1,-1,-1,0,0,-1,201900056094,4,"LECLERC (RUE DU GAL)",0,NULL,1,1,0,1,1,0,1,NULL,NULL,1,0,1,30
201900056094,19,8,2019,19:15:00,1,14,14338,2,3,1,1,"LECLERC (RUE DU GAL)","49,3000000","0,0760000",201900056094,138 200 638,B01,1,1,0,2,1,0,6,NULL,201900056094,138 200 638,B01,1,1,4,1,2003,5,8,0,-1,0,0,-1,201900056094,4,"LECLERC (RUE DU GAL)",0,NULL,1,1,0,1,1,0,1,NULL,NULL,1,0,1,30
201900056891,15,2,2019,20:34:00,5,75,75106,2,1,1,3,"BOULEVARD DU MONTPARNASSE","48,8459300","2,3183400",201900056891,138 199 174,B01,1,1,0,2,5,19,5,NULL,201900056891,138 199 173,A01,1,1,1,1,1996,5,2,6,-1,0,0,-1,201900056891,4,"BOULEVARD DU MONTPARNASSE",0,NULL,2,6,0,1,0,0,1,NULL,NULL,1,0,1,50
201900056891,15,2,2019,20:34:00,5,75,75106,2,1,1,3,"BOULEVARD DU MONTPARNASSE","48,8459300","2,3183400",201900056891,138 199 174,B01,1,1,0,2,5,19,5,NULL,201900056891,138 199 174,B01,1,1,4,2,1978,5,2,0,-1,0,0,-1,201900056891,4,"BOULEVARD DU MONTPARNASSE",0,NULL,2,6,0,1,0,0,1,NULL,NULL,1,0,1,50
201900057159,10,7,2019,10:10:00,1,75,75108,2,2,1,6,"AVENUE DU PRESIDENT WILSON","48,8650560","2,3002060",201900057159,138 198 684,A01,1,1,0,2,1,1,5,NULL,201900057159,138 198 684,A01,1,1,4,1,1986,5,2,0,-1,0,0,-1,201900057159,4,"AVENUE DU PRESIDENT WILSON",0,NULL,2,6,0,4,0,0,1,NULL,NULL,1,0,1,50
201900011472,14,9,2019,09:40:00,1,42,42206,1,3,1,3,"La Cartala","45,5333940","4,3199120",201900011472,138 285 164,B01,2,1,0,2,1,1,5,NULL,201900011472,138 285 164,B01,1,1,4,1,1973,5,2,-1,-1,0,0,-1,201900011472,3,10,NULL,NULL,2,2,0,1,34,250,1,NULL,NULL,1,0,1,80
201900011472,14,9,2019,09:40:00,1,42,42206,1,3,1,3,"La Cartala","45,5333940","4,3199120",201900011472,138 285 164,B01,2,1,0,2,1,1,5,NULL,201900011472,138 285 165,A01,1,1,1,1,1940,3,1,-1,-1,0,0,-1,201900011472,3,10,NULL,NULL,2,2,0,1,34,250,1,NULL,NULL,1,0,1,80
201900011936,17,10,2019,15:20:00,1,37,37233,2,1,1,6,"LABOURDE (RUE JEANNE)","47,3936552","0,7419205",201900011936,138 284 248,B01,3,1,0,2,1,23,0,NULL,201900011936,138 284 248,B01,1,1,3,1,1940,0,8,0,-1,-1," -1",-1,201900011936,4,"LABOURDE (RUE JEANNE)",0,NULL,2,2,0,1,0,0,1,NULL,NULL,1,0,1,50
201900011936,17,10,2019,15:20:00,1,37,37233,2,1,1,6,"LABOURDE (RUE JEANNE)","47,3936552","0,7419205",201900011936,138 284 248,B01,3,1,0,2,1,23,0,NULL,201900011936,138 284 249,A01,1,1,1,1,1994,0,1,0,-1,-1," -1",-1,201900011936,4,"LABOURDE (RUE JEANNE)",0,NULL,2,2,0,1,0,0,1,NULL,NULL,1,0,1,50
201900012517,15,6,2019,12:01:00,1,57,57245,1,1,1,2,"RD 62","49,4274260","6,2896130",201900012517,138 283 210,B01,1,1,1,0,1,2,5,NULL,201900012517,138 283 210,B01,1,1,3,1,2001,5,2,-1,-1,0,0,-1,201900012517,3,62,NULL,NULL,2,2,0,1,9,300,3,NULL,NULL,1,0,1,80
201900016027,5,8,2019,04:50:00,3,26,26213,1,1,1,3,"Route de Saint-Sorlin","45,2885340","4,9841680",201900016027,138 276 581,A01,1,1,0,0,8,1,5,NULL,201900016027,138 276 580,B01,1,1,4,1,1987,1,8,8,8,0,0,-1,201900016027,3,1,0,NULL,2,2,0,2,16,600,1,NULL,NULL,1,0,1,80
201900016027,5,8,2019,04:50:00,3,26,26213,1,1,1,3,"Route de Saint-Sorlin","45,2885340","4,9841680",201900016027,138 276 581,A01,1,1,0,0,8,1,5,NULL,201900016027,138 276 581,A01,1,1,4,1,1987,1,0,-1,-1,0,0,-1,201900016027,3,1,0,NULL,2,2,0,2,16,600,1,NULL,NULL,1,0,1,80
201900016241,29,6,2019,23:05:00,2,49,49007,2,1,1,6,"GARE PLACE","47,4654600"," -0,5567000",201900016241,138 276 172,A01,1,1,0,1,7,25,5,NULL,201900016241,138 276 172,A01,10,3,4,2,1994,4,8,0,-1,5,9,1,201900016241,4,"GARE PLACE",0,NULL,-1,1,0,1,0,0,1,NULL,NULL,1,9,1,10
201900020112,16,11,2019,16:50:00,1,91,91377,2,6,1,2,"DIX-NEUF MARS 1962 (ROND POINT DU)","48,7375400","2,2725500",201900020112,138 268 787,B01,3,1,0,2,4,12,0,NULL,201900020112,138 268 786,A01,1,1,1,1,1990,4,8,0,-1,0,0,-1,201900020112,7,"DIX-NEUF MARS 1962 (ROND POINT DU)",0,NULL,1,2,0,1,1,0,2,NULL,NULL,1,5,1,50
201900020112,16,11,2019,16:50:00,1,91,91377,2,6,1,2,"DIX-NEUF MARS 1962 (ROND POINT DU)","48,7375400","2,2725500",201900020112,138 268 787,B01,3,1,0,2,4,12,0,NULL,201900020112,138 268 787,B01,1,1,4,1,1967,0,2,8,-1,0,0,-1,201900020112,7,"DIX-NEUF MARS 1962 (ROND POINT DU)",0,NULL,1,2,0,1,1,0,2,NULL,NULL,1,5,1,50
201900024204,8,10,2019,12:20:00,1,54,54395,2,2,2,3,"LECLERC (AV. DU GENE","48,6841200","6,1859500",201900024204,138 260 845,A01,1,1,0,2,1,1,5,NULL,201900024204,138 260 844,B01,1,1,1,1,1954,9,1,0,-1,-1,0,-1,201900024204,4,"LECLERC (AV. DU GENE",0,NULL,2,8,3,1,0,0,1,NULL,NULL,1,0,1,50
201900024204,8,10,2019,12:20:00,1,54,54395,2,2,2,3,"LECLERC (AV. DU GENE","48,6841200","6,1859500",201900024204,138 260 845,A01,1,1,0,2,1,1,5,NULL,201900024204,138 260 845,A01,1,1,4,2,2004,0,2,0,-1,-1,0,-1,201900024204,4,"LECLERC (AV. DU GENE",0,NULL,2,8,3,1,0,0,1,NULL,NULL,1,0,1,50
201900024579,5,9,2019,17:45:00,1,69,69381,2,2,1,7,"ST SEBASTIEN                        (MO)","45,7731200","4,8347100",201900024579,138 260 119,A01,1,1,0,0,0,1,5,NULL,201900024579,138 260 119,A01,1,1,4,1,1979,0,8,0,-1,-1," -1",-1,201900024579,4,"ST SEBASTIEN                        (MO)",0,NULL,2,1,0,2,0,1,1,NULL,NULL,1,0,1,50
201900024661,6,1,2019,08:55:00,1,54,54395,2,3,1,1,"LOUIS (RUE BARON)","48,6957400","6,1710600",201900024661,138 259 959,B01,1,1,0,2,0,0,0,NULL,201900024661,138 259 958,A01,2,1,1,1,1992,0,1,0,-1,0,0,-1,201900024661,4,"LOUIS (RUE BARON)",0,NULL,-1,2,0,1,0,0,1,NULL,NULL,1,0,1,50
201900024661,6,1,2019,08:55:00,1,54,54395,2,3,1,1,"LOUIS (RUE BARON)","48,6957400","6,1710600",201900024661,138 259 959,B01,1,1,0,2,0,0,0,NULL,201900024661,138 259 959,B01,2,1,4,1,1946,0,8,0,-1,0,0,-1,201900024661,4,"LOUIS (RUE BARON)",0,NULL,-1,2,0,1,0,0,1,NULL,NULL,1,0,1,50
201900025068,29,7,2019,08:05:00,1,35,35238,2,3,7,3,LEGRAVEREND,"48,1171700"," -1,6809400",201900025068,138 259 181,B01,1,1,0,2,1,1,0,NULL,201900025068,138 259 180,A01,1,1,1,1,1997,4,1,8,-1,-1," -1",-1,201900025068,4,LEGRAVEREND,0,NULL,2,3,3,2,0,0,1,NULL,NULL,1,5,1,30
201900025068,29,7,2019,08:05:00,1,35,35238,2,3,7,3,LEGRAVEREND,"48,1171700"," -1,6809400",201900025068,138 259 181,B01,1,1,0,2,1,1,0,NULL,201900025068,138 259 181,B01,1,1,4,1,1987,1,2,8,-1,-1," -1",-1,201900025068,4,LEGRAVEREND,0,NULL,2,3,3,2,0,0,1,NULL,NULL,1,5,1,30
201900027276,26,4,2019,12:50:00,1,56,56121,2,2,1,3,"DU COUEDIC (RUE)","47,7505200"," -3,3629900",201900027276,138 254 992,A01,1,1,0,2,1,1,5,NULL,201900027276,138 254 992,A01,1,1,4,1,1985,5,2,0,-1,0,0,-1,201900027276,4,"DU COUEDIC (RUE)",0,NULL,2,2,0,1,0,0,1,NULL,NULL,1,0,1,50
201900027276,26,4,2019,12:50:00,1,56,56121,2,2,1,3,"DU COUEDIC (RUE)","47,7505200"," -3,3629900",201900027276,138 254 992,A01,1,1,0,2,1,1,5,NULL,201900027276,138 254 993,B01,1,1,1,2,1980,5,1,8,-1,0,0,-1,201900027276,4,"DU COUEDIC (RUE)",0,NULL,2,2,0,1,0,0,1,NULL,NULL,1,0,1,50
201900031559,13,9,2019,11:45:00,1,47,47054,2,6,7,3,"Rue du 11 Novembre 1918","44,3975670","0,4950290",201900031559,138 247 018,A01,0,1,0,0,5,15,5,NULL,201900031559,138 247 017,B01,1,1,1,1,1931,3,1,-1,-1,0,0,-1,201900031559,3,13,NULL,NULL,2,2,0,1,31,170,1,NULL,NULL,1,5,1,50
201900031559,13,9,2019,11:45:00,1,47,47054,2,6,7,3,"Rue du 11 Novembre 1918","44,3975670","0,4950290",201900031559,138 247 018,A01,0,1,0,0,5,15,5,NULL,201900031559,138 247 018,A01,1,1,3,1,1959,5,2,6,-1,0,0,-1,201900031559,3,13,NULL,NULL,2,2,0,1,31,170,1,NULL,NULL,1,5,1,50
201900031624,22,1,2019,08:30:00,1,69,69386,2,2,1,3,"CHARMETTES (DES)                    (R )","45,7663600","4,8671400",201900031624,138 246 895,B01,1,1,0,2,6,2,0,NULL,201900031624,138 246 895,B01,1,1,3,2,1990,1,8,0,-1,0,0,-1,201900031624,4,"CHARMETTES (DES)                    (R )",0,NULL,1,1,0,1,1,0,1,NULL,NULL,1,0,1,50
201900031624,22,1,2019,08:30:00,1,69,69386,2,2,1,3,"CHARMETTES (DES)                    (R )","45,7663600","4,8671400",201900031624,138 246 895,B01,1,1,0,2,6,2,0,NULL,201900031624,138 246 896,A01,1,1,1,2,1993,1,8,0,-1,0,0,-1,201900031624,4,"CHARMETTES (DES)                    (R )",0,NULL,1,1,0,1,1,0,1,NULL,NULL,1,0,1,50
201900032710,15,5,2019,18:25:00,1,25,25462,2,1,1,1,"CHARDONNET (COMTE DE)","46,9112800","6,3529400",201900032710,138 244 775,A01,2,1,0,2,3,5,0,NULL,201900032710,138 244 775,A01,1,1,3,1,2007,5,8,0,-1,-1,0,-1,201900032710,4,"CHARDONNET (COMTE DE)",0,NULL,1,1,0,4,0,0,2,NULL,NULL,1,0,2,50
201900032710,15,5,2019,18:25:00,1,25,25462,2,1,1,1,"CHARDONNET (COMTE DE)","46,9112800","6,3529400",201900032710,138 244 775,A01,2,1,0,2,3,5,0,NULL,201900032710,138 244 776,B01,1,1,1,2,1992,5,1,8,-1,-1,0,-1,201900032710,4,"CHARDONNET (COMTE DE)",0,NULL,1,1,0,4,0,0,2,NULL,NULL,1,0,2,50
201900033445,24,6,2019,14:07:00,1,75,75104,2,1,1,3,"BOULEVARD BOURDON","48,8500150","2,3668720",201900033445,138 243 350,B01,2,1,0,2,2,1,5,NULL,201900033445,138 243 350,B01,1,1,4,1,1967,9,2,0,-1,0,0,-1,201900033445,4,"BOULEVARD BOURDON",0,NULL,2,0,1,1,0,0,1,NULL,NULL,1,0,5,50
201900033445,24,6,2019,14:07:00,1,75,75104,2,1,1,3,"BOULEVARD BOURDON","48,8500150","2,3668720",201900033445,138 243 350,B01,2,1,0,2,2,1,5,NULL,201900033445,138 243 351,A01,1,1,1,2,1992,1,1,0,-1,0,0,-1,201900033445,4,"BOULEVARD BOURDON",0,NULL,2,0,1,1,0,0,1,NULL,NULL,1,0,5,50
201900033563,21,1,2019,06:45:00,2,974,97407,1,1,1,2,"VOIE DE LIAISON PORTUAIRE EST/ OUEST"," -20,9275800","55,2953600",201900033563,138 243 130,B01,1,1,0,2,4,19,5,NULL,201900033563,138 243 129,A01,1,1,1,1,1959,1,1,8,-1,-1," -1",-1,201900033563,9,"VOIE DE LIAISON PORTUAIRE EST/ OUEST",0,NULL,1,2,1,1,0,0,1,NULL,NULL,1,0,1,70
201900033563,21,1,2019,06:45:00,2,974,97407,1,1,1,2,"VOIE DE LIAISON PORTUAIRE EST/ OUEST"," -20,9275800","55,2953600",201900033563,138 243 130,B01,1,1,0,2,4,19,5,NULL,201900033563,138 243 130,B01,1,1,4,1,1995,5,2,0,-1,-1," -1",-1,201900033563,9,"VOIE DE LIAISON PORTUAIRE EST/ OUEST",0,NULL,1,2,1,1,0,0,1,NULL,NULL,1,0,1,70
201900034931,7,11,2019,08:15:00,1,35,35238,2,6,1,3,"CANADA (AVENUE DU)","48,0869600"," -1,6823800",201900034931,138 240 481,B01,1,1,0,2,2,1,5,NULL,201900034931,138 240 480,A01,1,1,1,1,1965,1,8,0,-1,-1," -1",-1,201900034931,4,"CANADA (AVENUE DU)",0,NULL,-1,2,2,1,0,0,2,NULL,NULL,1,0,5,50
201900034931,7,11,2019,08:15:00,1,35,35238,2,6,1,3,"CANADA (AVENUE DU)","48,0869600"," -1,6823800",201900034931,138 240 481,B01,1,1,0,2,2,1,5,NULL,201900034931,138 240 481,B01,1,1,4,1,1964,1,8,0,-1,-1,0,-1,201900034931,4,"CANADA (AVENUE DU)",0,NULL,-1,2,2,1,0,0,2,NULL,NULL,1,0,5,50
201900040174,13,5,2019,16:45:00,1,75,75102,2,3,1,3,"BOULEVARD DE BONNE NOUVELLE","48,8705320","2,3486890",201900040174,138 230 587,A01,2,1,0,2,2,1,5,NULL,201900040174,138 230 586,B01,1,1,1,1,1964,4,1,0,-1,0,0,-1,201900040174,4,"BOULEVARD DE BONNE NOUVELLE",0,NULL,2,5,1,1,0,0,1,NULL,NULL,1,0,1,50
201900040174,13,5,2019,16:45:00,1,75,75102,2,3,1,3,"BOULEVARD DE BONNE NOUVELLE","48,8705320","2,3486890",201900040174,138 230 587,A01,2,1,0,2,2,1,5,NULL,201900040174,138 230 587,A01,1,1,4,1,1989,0,2,0,-1,0,0,-1,201900040174,4,"BOULEVARD DE BONNE NOUVELLE",0,NULL,2,5,1,1,0,0,1,NULL,NULL,1,0,1,50
201900041836,10,12,2019,07:30:00,5,37,37261,2,2,1,3,"CURIE (RUE PIERRE ET MARIE)","47,4289200","0,6838700",201900041836,138 227 534,B01,3,1,0,2,0,0,5,NULL,201900041836,138 227 533,A01,1,1,1,1,1966,1,1,0,-1,-1,0,-1,201900041836,4,"CURIE (RUE PIERRE ET MARIE)",0,NULL,1,3,1,1,0,0,1,NULL,NULL,1,0,1,50
201900041836,10,12,2019,07:30:00,5,37,37261,2,2,1,3,"CURIE (RUE PIERRE ET MARIE)","47,4289200","0,6838700",201900041836,138 227 534,B01,3,1,0,2,0,0,5,NULL,201900041836,138 227 534,B01,1,1,4,1,2007,2,2,4,-1,-1,0,-1,201900041836,4,"CURIE (RUE PIERRE ET MARIE)",0,NULL,1,3,1,1,0,0,1,NULL,NULL,1,0,1,50
201900041869,10,12,2019,14:00:00,1,75,75120,2,1,1,6,"RUE D AVRON","48,8529980","2,4077770",201900041869,138 227 473,Z01,1,1,0,1,1,1,5,NULL,201900041869,138 227 473,Z01,10,3,4,2,1956,5,0,8,-1,1,3,1,201900041869,4,"RUE D AVRON",0,NULL,2,3,0,1,120,0,1,NULL,NULL,1,0,1,30
201900042213,28,5,2019,18:10:00,5,974,97407,2,3,1,6,"Avenue Raymond Vergès"," -20,9395600","55,3026700",201900042213,138 226 787,B01,1,1,0,2,3,0,0,NULL,201900042213,138 226 787,B01,1,1,3,1,2002,0,8,0,-1,0,0,-1,201900042213,4,VERGES(AVENUE),0,NULL,1,1,0,1,0,0,1,NULL,NULL,1,0,1,50
201900044438,13,1,2019,18:50:00,5,17,17300,2,1,1,6,"POINCARE   AVENUE RAYMOND","46,1669000"," -1,1923700",201900044438,138 222 572,A01,1,1,0,1,1,1,5,NULL,201900044438,138 222 572,A01,10,3,1,1,1998,5,8,0,-1,5,2,1,201900044438,4,"AVENUE RAYMOND POINCARE",0,NULL,4,2,1,1,0,0,1,NULL,NULL,1,2,4,30
201900044438,13,1,2019,18:50:00,5,17,17300,2,1,1,6,"POINCARE   AVENUE RAYMOND","46,1669000"," -1,1923700",201900044438,138 222 572,A01,1,1,0,1,1,1,5,NULL,201900044438,138 222 572,A01,1,1,4,1,1972,5,8,0,-1,0,0,-1,201900044438,4,"AVENUE RAYMOND POINCARE",0,NULL,4,2,1,1,0,0,1,NULL,NULL,1,2,4,30
201900046941,17,7,2019,11:40:00,1,44,44215,2,8,1,3,"Rue les Mortiers","47,1788660"," -1,4463790",201900046941,138 217 755,A01,2,1,9,4,1,1,6,NULL,201900046941,138 217 755,A01,1,1,3,1,1957,5,2,6,-1,0,0,-1,201900046941,7,105,0,NULL,2,2,0,1,(1),(1),2,NULL,NULL,1,4,1,50
201900046941,17,7,2019,11:40:00,1,44,44215,2,8,1,3,"Rue les Mortiers","47,1788660"," -1,4463790",201900046941,138 217 755,A01,2,1,9,4,1,1,6,NULL,201900046941,138 217 756,B01,1,1,1,1,1985,4,8,-1,-1,0,0,-1,201900046941,7,105,0,NULL,2,2,0,1,(1),(1),2,NULL,NULL,1,4,1,50
201900047367,22,5,2019,11:45:00,1,28,28088,2,2,1,3,"2 Boulevard Toutin","48,0712160","1,3373900",201900047367,138 216 990,A01,2,1,0,2,3,26,2,NULL,201900047367,138 216 989,B01,1,1,1,1,1952,9,1,-1,-1,0,0,-1,201900047367,3,955,NULL,NULL,2,2,1,1,47,300,1,NULL,NULL,1,5,1,50
201900047367,22,5,2019,11:45:00,1,28,28088,2,2,1,3,"2 Boulevard Toutin","48,0712160","1,3373900",201900047367,138 216 990,A01,2,1,0,2,3,26,2,NULL,201900047367,138 216 990,A01,1,1,4,2,1971,1,2,-1,-1,0,0,-1,201900047367,3,955,NULL,NULL,2,2,1,1,47,300,1,NULL,NULL,1,5,1,50
201900048582,10,7,2019,17:34:00,1,22,22093,2,6,1,3,"Boulevard Jobert","48,4667625"," -2,5081245",201900048582,138 214 721,B01,3,1,0,2,1,15,5,NULL,201900048582,138 214 721,B01,1,1,3,2,1975,5,0,-1,-1,0,0,-1,201900048582,3,791,0,NULL,1,1,0,1,(1),(1),3,NULL,NULL,1,5,1,50
201900048582,10,7,2019,17:34:00,1,22,22093,2,6,1,3,"Boulevard Jobert","48,4667625"," -2,5081245",201900048582,138 214 721,B01,3,1,0,2,1,15,5,NULL,201900048582,138 214 722,A01,1,1,1,1,1972,1,1,-1,-1,0,0,-1,201900048582,3,791,0,NULL,1,1,0,1,(1),(1),3,NULL,NULL,1,5,1,50
201900050447,31,3,2019,14:40:00,1,75,75112,2,2,1,3,"ROUTE DE BOURDON","48,8279850","2,4438910",201900050447,138 211 292,B01,0,1,0,2,0,1,5,NULL,201900050447,138 211 289,A01,1,1,4,1,1963,5,2,8,-1,0,0,-1,201900050447,4,"ROUTE DE BOURDON",0,NULL,1,1,1,1,0,0,1,NULL,NULL,1,0,5,50
201900050447,31,3,2019,14:40:00,1,75,75112,2,2,1,3,"ROUTE DE BOURDON","48,8279850","2,4438910",201900050447,138 211 289,A01,0,1,0,2,7,1,5,NULL,201900050447,138 211 289,A01,1,1,4,1,1963,5,2,8,-1,0,0,-1,201900050447,4,"ROUTE DE BOURDON",0,NULL,1,1,1,1,0,0,1,NULL,NULL,1,0,5,50
201900050447,31,3,2019,14:40:00,1,75,75112,2,2,1,3,"ROUTE DE BOURDON","48,8279850","2,4438910",201900050447,138 211 292,B01,0,1,0,2,0,1,5,NULL,201900050447,138 211 292,B01,1,1,1,1,1981,5,8,0,-1,0,0,-1,201900050447,4,"ROUTE DE BOURDON",0,NULL,1,1,1,1,0,0,1,NULL,NULL,1,0,5,50
201900050447,31,3,2019,14:40:00,1,75,75112,2,2,1,3,"ROUTE DE BOURDON","48,8279850","2,4438910",201900050447,138 211 289,A01,0,1,0,2,7,1,5,NULL,201900050447,138 211 292,B01,1,1,1,1,1981,5,8,0,-1,0,0,-1,201900050447,4,"ROUTE DE BOURDON",0,NULL,1,1,1,1,0,0,1,NULL,NULL,1,0,5,50
201900050727,14,7,2019,09:15:00,1,37,37089,2,1,1,3,"12 Les Coteaux de Sonnay","47,1606310","0,3299500",201900050727,138 210 763,B01,2,1,0,2,1,1,5,NULL,201900050727,138 210 763,B01,1,1,3,1,1987,5,2,-1,-1,0,0,-1,201900050727,3,21,NULL,NULL,2,2,0,2,6,800,3,NULL,NULL,1,0,1,50
201900050727,14,7,2019,09:15:00,1,37,37089,2,1,1,3,"12 Les Coteaux de Sonnay","47,1606310","0,3299500",201900050727,138 210 763,B01,2,1,0,2,1,1,5,NULL,201900050727,138 210 764,A01,1,1,1,2,1992,5,1,-1,-1,0,0,-1,201900050727,3,21,NULL,NULL,2,2,0,2,6,800,3,NULL,NULL,1,0,1,50
201900053673,26,10,2019,17:00:00,1,40,40125,1,1,1,3,"601 Route de Dax","43,6499840"," -1,0981840",201900053673,138 205 117,B01,1,1,0,2,8,2,5,NULL,201900053673,138 205 117,B01,1,1,3,2,1957,5,2,-1,-1,0,0,-1,201900053673,3,6,0,NULL,2,2,0,2,8,200,1,NULL,NULL,1,0,1,80
201900053673,26,10,2019,17:00:00,1,40,40125,1,1,1,3,"601 Route de Dax","43,6499840"," -1,0981840",201900053673,138 205 117,B01,1,1,0,2,8,2,5,NULL,201900053673,138 205 118,A01,1,1,1,2,1937,5,1,-1,-1,0,0,-1,201900053673,3,6,0,NULL,2,2,0,2,8,200,1,NULL,NULL,1,0,1,80
201900057705,24,5,2019,13:45:00,1,59,59560,2,1,1,3,"HENTGES JOSEPH BOULEVARD","50,5512800","3,0305800",201900057705,138 197 683,B01,3,1,0,2,1,1,5,NULL,201900057705,138 197 682,A01,1,1,1,1,1981,9,1,0,-1,0,0,-1,201900057705,4,"HENTGES JOSEPH BOULEVARD",0,NULL,4,2,1,1,0,0,1,NULL,NULL,1,0,1,50
201900057705,24,5,2019,13:45:00,1,59,59560,2,1,1,3,"HENTGES JOSEPH BOULEVARD","50,5512800","3,0305800",201900057705,138 197 683,B01,3,1,0,2,1,1,5,NULL,201900057705,138 197 683,B01,1,1,4,1,2003,0,2,0,-1,0,0,-1,201900057705,4,"HENTGES JOSEPH BOULEVARD",0,NULL,4,2,1,1,0,0,1,NULL,NULL,1,0,1,50
201900057813,14,2,2019,16:20:00,1,29,29277,1,4,1,3,KERFEOS,"48,4000960"," -4,0208770",201900057813,138 197 485,A01,0,1,0,2,3,15,0,NULL,201900057813,138 197 485,A01,1,1,3,1,1949,5,2,-1,-1,0,0,-1,201900057813,4,4,0,NULL,2,1,0,2,(1),(1),1,NULL,NULL,1,5,1,80
201900057813,14,2,2019,16:20:00,1,29,29277,1,4,1,3,KERFEOS,"48,4000960"," -4,0208770",201900057813,138 197 485,A01,0,1,0,2,3,15,0,NULL,201900057813,138 197 487,B01,1,1,1,2,1941,5,1,-1,-1,0,0,-1,201900057813,4,4,0,NULL,2,1,0,2,(1),(1),1,NULL,NULL,1,5,1,80
201900009538,15,9,2019,15:35:00,1,64,64445,2,1,1,3,"MONTARDON DE","43,3262800"," -0,3684300",201900009538,138 288 660,B01,1,1,0,2,1,1,5,NULL,201900009538,138 288 659,A01,1,1,1,2,1946,5,1,0,-1,0,0,-1,201900009538,4,"MONTARDON DE",0,NULL,2,2,0,1,0,0,1,NULL,NULL,1,0,1,50
201900009538,15,9,2019,15:35:00,1,64,64445,2,1,1,3,"MONTARDON DE","43,3262800"," -0,3684300",201900009538,138 288 660,B01,1,1,0,2,1,1,5,NULL,201900009538,138 288 660,B01,1,1,4,1,1973,5,8,0,-1,0,0,-1,201900009538,4,"MONTARDON DE",0,NULL,2,2,0,1,0,0,1,NULL,NULL,1,0,1,50
201900010305,19,6,2019,17:20:00,1,48,48198,2,1,1,1,"Avenue de la Gare","44,4392620","3,9216350",201900010305,138 287 284,B01,2,1,0,2,1,2,2,NULL,201900010305,138 287 284,B01,1,1,3,2,1968,5,2,-1,-1,0,0,-1,201900010305,3,66,NULL,NULL,2,2,0,2,0,830,4,NULL,NULL,1,2,1,50
201900010305,19,6,2019,17:20:00,1,48,48198,2,1,1,1,"Avenue de la Gare","44,4392620","3,9216350",201900010305,138 287 284,B01,2,1,0,2,1,2,2,NULL,201900010305,138 287 285,A01,1,1,1,1,2002,5,2,-1,-1,0,0,-1,201900010305,3,66,NULL,NULL,2,2,0,2,0,830,4,NULL,NULL,1,2,1,50
201900011036,21,11,2019,20:40:00,5,75,75106,2,7,1,6,"PLACE SAINT MICHEL","48,8537523","2,3442794",201900011036,138 285 990,A01,1,1,0,1,8,7,5,NULL,201900011036,138 285 990,A01,1,1,1,1,1982,0,2,8,-1,0,0,-1,201900011036,4,"PLACE SAINT MICHEL",0,NULL,2,4,3,1,0,0,1,NULL,NULL,1,0,6,30
201900011036,21,11,2019,20:40:00,5,75,75106,2,7,1,6,"PLACE SAINT MICHEL","48,8537523","2,3442794",201900011036,138 285 990,A01,1,1,0,1,8,7,5,NULL,201900011036,138 285 990,A01,10,3,4,1,1946,9,0,-1,-1,4,3,1,201900011036,4,"PLACE SAINT MICHEL",0,NULL,2,4,3,1,0,0,1,NULL,NULL,1,0,6,30
201900012894,21,11,2019,10:23:00,1,75,75113,2,2,1,3,"BOULEVARD AUGUSTE BLANQUI","48,8311050","2,3442410",201900012894,138 282 456,A01,1,1,0,2,8,16,5,NULL,201900012894,138 282 455,B01,1,1,4,1,1993,0,2,6,-1,0,0,-1,201900012894,4,"BOULEVARD AUGUSTE BLANQUI",0,NULL,2,4,1,1,0,0,1,NULL,NULL,1,0,1,50
201900012894,21,11,2019,10:23:00,1,75,75113,2,2,1,3,"BOULEVARD AUGUSTE BLANQUI","48,8311050","2,3442410",201900012894,138 282 456,A01,1,1,0,2,8,16,5,NULL,201900012894,138 282 456,A01,1,1,1,1,1983,0,8,2,-1,0,0,-1,201900012894,4,"BOULEVARD AUGUSTE BLANQUI",0,NULL,2,4,1,1,0,0,1,NULL,NULL,1,0,1,50
201900013900,19,4,2019,15:15:00,1,93,93008,2,1,1,3,"JAURES (AVENUE JEAN)","48,9050000","2,4380000",201900013900,138 280 540,A01,3,1,0,2,0,19,5,NULL,201900013900,138 280 539,B01,1,1,1,1,2001,0,8,0,-1,-1," -1",-1,201900013900,3,30,0,NULL,2,2,0,1,0,0,1,NULL,NULL,1,0,1,50
201900013900,19,4,2019,15:15:00,1,93,93008,2,1,1,3,"JAURES (AVENUE JEAN)","48,9050000","2,4380000",201900013900,138 280 540,A01,3,1,0,2,0,19,5,NULL,201900013900,138 280 540,A01,1,1,4,1,2005,5,8,0,-1,-1," -1",-1,201900013900,3,30,0,NULL,2,2,0,1,0,0,1,NULL,NULL,1,0,1,50