Num_Acc,jour,mois,an,hrmn,lum,dep,com,agg,int,atm,col,adr,lat,long,Num_Acc,id_vehicule,num_veh,senc,catv,obs,obsm,choc,manv,motor,occutc,Num_Acc,id_vehicule,num_veh,place,catu,grav,sexe,an_nais,trajet,secu1,secu2,secu3,locp,actp,etatp,Num_Acc,catr,voie,v1,v2,circ,nbv,vosp,prof,pr,pr1,plan,lartpc,larrout,surf,infra,situ,vma
201900014912,30,12,2019,14:12:00,1,75,75108,2,7,1,3,"PLACE CLEMENCEAU","48,8677870","2,3138510",201900014912,138 278 578,B01,2,1,0,2,8,1,5,NULL,201900014912,138 278 577,A01,1,1,1,1,1978,0,1,0,-1,0,0,-1,201900014912,4,"AVENUE DES CHAMPS ELYSEES",0,NULL,2,8,-1,1,0,0,1,NULL,NULL,1,0,1,50
201900014912,30,12,2019,14:12:00,1,75,75108,2,7,1,3,"PLACE CLEMENCEAU","48,8677870","2,3138510",201900014912,138 278 578,B01,2,1,0,2,8,1,5,NULL,201900014912,138 278 578,B01,1,1,4,1,1970,1,2,8,-1,0,0,-1,201900014912,4,"AVENUE DES CHAMPS ELYSEES",0,NULL,2,8,-1,1,0,0,1,NULL,NULL,1,0,1,50
201900019763,31,7,2019,21:00:00,2,94,94042,2,3,1,1,"GENERAL GALLIENI (AV DU)","48,8201300","2,4802500",201900019763,138 269 467,B01,1,1,0,2,1,1,5,NULL,201900019763,138 269 467,B01,2,1,4,1,1979,0,8,0,-1,-1,0,-1,201900019763,3,4,0,NULL,2,3,0,1,5,0,1,NULL,NULL,1,0,1,50
201900019763,31,7,2019,21:00:00,2,94,94042,2,3,1,1,"GENERAL GALLIENI (AV DU)","48,8201300","2,4802500",201900019763,138 269 467,B01,1,1,0,2,1,1,5,NULL,201900019763,138 269 468,A01,2,1,1,1,1995,5,2,6,-1,-1,0,-1,201900019763,3,4,0,NULL,2,3,0,1,5,0,1,NULL,NULL,1,0,1,50
201900022317,30,1,2019,10:05:00,1,37,37261,2,1,1,3,"VAILLANT (RUE EDOUARD)","47,3818300","0,7056600",201900022317,138 264 604,B01,3,1,0,2,8,19,5,NULL,201900022317,138 264 603,A01,1,1,1,1,1936,5,1,0,-1,-1,0,-1,201900022317,4,"VAILLANT (RUE EDOUARD)",0,NULL,2,2,0,1,0,0,1,NULL,NULL,1,0,1,50
201900022317,30,1,2019,10:05:00,1,37,37261,2,1,1,3,"VAILLANT (RUE EDOUARD)","47,3818300","0,7056600",201900022317,138 264 604,B01,3,1,0,2,8,19,5,NULL,201900022317,138 264 604,B01,1,1,4,1,1934,4,8,0,-1,-1,0,-1,201900022317,4,"VAILLANT (RUE EDOUARD)",0,NULL,2,2,0,1,0,0,1,NULL,NULL,1,0,1,50
201900022674,3,10,2019,12:01:00,1,45,45208,2,1,1,3,"CARREFOUR PERRUCHOT","47,9992430","2,7289650",201900022674,138 263 928,B01,3,1,3,2,8,1,0,NULL,201900022674,138 263 928,B01,1,1,3,1,1969,9,8,0,-1,0,0,-1,201900022674,4," CARREFOUR PERRUCHOT",0,NULL,1,2,0,1,(1),(1),2,NULL,NULL,1,0,1,30
201900025702,13,11,2019,09:50:00,1,75,75118,2,2,8,3,"RUE ORDENER","48,8917229","2,3487301",201900025702,138 257 955,B01,1,1,0,2,2,17,5,NULL,201900025702,138 257 955,B01,1,1,4,1,1992,0,8,2,-1,0,0,-1,201900025702,4,"RUE ORDENER",0,NULL,2,2,0,1,0,0,1,NULL,NULL,1,0,1,50
201900025702,13,11,2019,09:50:00,1,75,75118,2,2,8,3,"RUE ORDENER","48,8917229","2,3487301",201900025702,138 257 955,B01,1,1,0,2,2,17,5,NULL,201900025702,138 257 956,A01,1,1,1,1,1974,4,1,0,-1,0,0,-1,201900025702,4,"RUE ORDENER",0,NULL,2,2,0,1,0,0,1,NULL,NULL,1,0,1,50
201900026496,28,6,2019,14:45:00,1,63,63163,1,1,1,1,D204,"45,7675828","2,7444470",201900026496,138 256 430,A01,1,1,0,2,4,13,5,NULL,201900026496,138 256 430,A01,1,1,3,1,1945,0,2,-1,-1,0,0,-1,201900026496,3,204,0,NULL,2,2,0,1,8,450,1,NULL,NULL,1,0,1,80
201900026496,28,6,2019,14:45:00,1,63,63163,1,1,1,1,D204,"45,7675828","2,7444470",201900026496,138 256 430,A01,1,1,0,2,4,13,5,NULL,201900026496,138 256 431,B01,1,1,1,2,1983,0,1,-1,-1,0,0,-1,201900026496,3,204,0,NULL,2,2,0,1,8,450,1,NULL,NULL,1,0,1,80
201900027118,5,3,2019,19:50:00,5,80,80021,2,1,1,3,"49, AV DE GRECE","49,8679100","2,2788800",201900027118,138 255 319,A01,0,1,0,2,0,1,5,NULL,201900027118,138 255 319,A01,1,1,4,1,1997,0,2,0,-1,-1,0,-1,201900027118,4,"GRECE (AVENUE DE)",0,NULL,2,2,0,2,0,0,1,NULL,NULL,1,0,1,50
201900027118,5,3,2019,19:50:00,5,80,80021,2,1,1,3,"49, AV DE GRECE","49,8679100","2,2788800",201900027118,138 255 319,A01,0,1,0,2,0,1,5,NULL,201900027118,138 255 320,B01,1,1,1,1,1955,0,1,0,-1,-1,0,-1,201900027118,4,"GRECE (AVENUE DE)",0,NULL,2,2,0,2,0,0,1,NULL,NULL,1,0,1,50
201900028851,27,2,2019,18:15:00,2,35,35238,2,9,1,3,"LECLERC (AVENUE DU GENERAL)","48,1146800"," -1,6557300",201900028851,138 252 056,B01,0,1,0,2,1,1,5,NULL,201900028851,138 252 056,B01,1,1,4,1,1998,5,8,0,-1,-1,0,-1,201900028851,4,"LECLERC (AVENUE DU GENERAL)",0,NULL,2,2,2,1,0,0,1,NULL,NULL,1,0,1,50
201900036185,21,7,2019,20:30:00,1,75,75116,2,2,1,6,"ALLEE DE LA REINE MARGUERITE","48,8585740","2,2448590",201900036185,138 238 079,B01,2,1,0,2,1,1,5,NULL,201900036185,138 238 078,A01,4,2,1,1,1990,5,1,0,-1,0,0,-1,201900036185,4,"ALLEE DE LA REINE MARGUERITE",0,NULL,2,4,0,1,0,0,1,NULL,NULL,1,0,1,50
201900036185,21,7,2019,20:30:00,1,75,75116,2,2,1,6,"ALLEE DE LA REINE MARGUERITE","48,8585740","2,2448590",201900036185,138 238 079,B01,2,1,0,2,1,1,5,NULL,201900036185,138 238 078,A01,1,1,1,1,1985,5,1,0,-1,0,0,-1,201900036185,4,"ALLEE DE LA REINE MARGUERITE",0,NULL,2,4,0,1,0,0,1,NULL,NULL,1,0,1,50
201900036185,21,7,2019,20:30:00,1,75,75116,2,2,1,6,"ALLEE DE LA REINE MARGUERITE","48,8585740","2,2448590",201900036185,138 238 079,B01,2,1,0,2,1,1,5,NULL,201900036185,138 238 078,A01,2,2,1,1,1994,5,1,0,-1,0,0,-1,201900036185,4,"ALLEE DE LA REINE MARGUERITE",0,NULL,2,4,0,1,0,0,1,NULL,NULL,1,0,1,50
201900036185,21,7,2019,20:30:00,1,75,75116,2,2,1,6,"ALLEE DE LA REINE MARGUERITE","48,8585740","2,2448590",201900036185,138 238 079,B01,2,1,0,2,1,1,5,NULL,201900036185,138 238 078,A01,5,2,1,1,1998,5,1,0,-1,0,0,-1,201900036185,4,"ALLEE DE LA REINE MARGUERITE",0,NULL,2,4,0,1,0,0,1,NULL,NULL,1,0,1,50
201900036185,21,7,2019,20:30:00,1,75,75116,2,2,1,6,"ALLEE DE LA REINE MARGUERITE","48,8585740","2,2448590",201900036185,138 238 079,B01,2,1,0,2,1,1,5,NULL,201900036185,138 238 079,B01,1,1,4,1,1964,5,2,0,-1,0,0,-1,201900036185,4,"ALLEE DE LA REINE MARGUERITE",0,NULL,2,4,0,1,0,0,1,NULL,NULL,1,0,1,50
201900037332,26,8,2019,13:20:00,1,85,85194,2,6,1,3,"RUE GEORGES CLEMENCEAU ","46,4996500"," -1,7564500",201900037332,138 235 866,B01,3,1,0,2,0,1,0,NULL,201900037332,138 235 865,A01,1,1,1,2,1931,5,1,0,-1,0,0,-1,201900037332,4,"RUE GEORGES CLEMENCEAU ",0,NULL,1,2,1,1,0,0,2,NULL,NULL,1,0,1,50
201900037332,26,8,2019,13:20:00,1,85,85194,2,6,1,3,"RUE GEORGES CLEMENCEAU ","46,4996500"," -1,7564500",201900037332,138 235 866,B01,3,1,0,2,0,1,0,NULL,201900037332,138 235 866,B01,1,1,4,1,1963,1,8,0,-1,0,0,-1,201900037332,4,"RUE GEORGES CLEMENCEAU ",0,NULL,1,2,1,1,0,0,2,NULL,NULL,1,0,1,50
201900037975,18,7,2019,07:34:00,1,85,85012,1,3,1,3,"D 38 - LA GUITONNIERE","46,8636200"," -2,1155400",201900037975,138 234 640,B01,1,1,0,2,0,15,5,NULL,201900037975,138 234 640,B01,1,1,3,2,1937,5,0,-1,-1,0,0,-1,201900037975,3,38,NULL,NULL,2,2,0,1,49,345,1,NULL,NULL,1,0,1,80
201900037975,18,7,2019,07:34:00,1,85,85012,1,3,1,3,"D 38 - LA GUITONNIERE","46,8636200"," -2,1155400",201900037975,138 234 640,B01,1,1,0,2,0,15,5,NULL,201900037975,138 234 641,A01,1,1,1,2,1991,1,1,-1,-1,0,0,-1,201900037975,3,38,NULL,NULL,2,2,0,1,49,345,1,NULL,NULL,1,0,1,80
201900038077,12,12,2019,13:25:00,1,27,27229,2,6,2,3,"VERNON (RUE DE)","49,0232500","1,1692900",201900038077,138 234 459,B01,0,1,0,2,0,0,5,NULL,201900038077,138 234 458,A01,1,1,1,1,1945,0,1,5,-1,0,0,-1,201900038077,4,"VERNON (RUE DE)",0,NULL,2,2,0,1,0,0,3,NULL,NULL,2,0,1,50
201900038077,12,12,2019,13:25:00,1,27,27229,2,6,2,3,"VERNON (RUE DE)","49,0232500","1,1692900",201900038077,138 234 459,B01,0,1,0,2,0,0,5,NULL,201900038077,138 234 459,B01,2,1,4,1,1977,0,8,8,-1,0,0,-1,201900038077,4,"VERNON (RUE DE)",0,NULL,2,2,0,1,0,0,3,NULL,NULL,2,0,1,50
201900038145,13,5,2019,18:00:00,1,75,75119,2,2,1,3,"RUE DE CRIMEE","48,8907200","2,3766990",201900038145,138 234 337,B01,2,1,0,2,3,7,5,NULL,201900038145,138 234 336,A01,1,1,1,1,1936,0,1,0,-1,0,0,-1,201900038145,4,"RUE DE CRIMEE",0,NULL,1,2,0,1,0,0,1,NULL,NULL,1,0,6,50
201900038145,13,5,2019,18:00:00,1,75,75119,2,2,1,3,"RUE DE CRIMEE","48,8907200","2,3766990",201900038145,138 234 337,B01,2,1,0,2,3,7,5,NULL,201900038145,138 234 337,B01,1,1,4,1,1985,0,2,0,-1,0,0,-1,201900038145,4,"RUE DE CRIMEE",0,NULL,1,2,0,1,0,0,1,NULL,NULL,1,0,6,50
201900038511,21,6,2019,08:20:00,1,92,92063,2,1,1,1,"COLMAR (AVENUE DE)","48,8873457","2,1816840",201900038511,138 233 704,B01,1,1,0,2,1,1,5,NULL,201900038511,138 233 704,B01,1,1,4,1,1993,1,8,8,-1,-1,0,-1,201900038511,3,991,0,NULL,1,5,0,1,0,0,1,NULL,NULL,1,9,1,50
201900038511,21,6,2019,08:20:00,1,92,92063,2,1,1,1,"COLMAR (AVENUE DE)","48,8873457","2,1816840",201900038511,138 233 704,B01,1,1,0,2,1,1,5,NULL,201900038511,138 233 705,A01,1,1,1,1,1980,1,1,8,-1,-1,0,-1,201900038511,3,991,0,NULL,1,5,0,1,0,0,1,NULL,NULL,1,9,1,50
201900039153,27,8,2019,15:25:00,1,33,33009,2,6,1,3,"Av. de la Libération","44,6535500"," -1,1592200",201900039153,138 232 507,B01,1,1,0,2,8,1,0,NULL,201900039153,138 232 506,A01,1,1,1,2,1995,0,1,0,-1,-1," -1",-1,201900039153,4,"LIBERATION (AVE)",0,NULL,1,1,0,1,0,0,3,NULL,NULL,1,0,1,50
201900039153,27,8,2019,15:25:00,1,33,33009,2,6,1,3,"Av. de la Libération","44,6535500"," -1,1592200",201900039153,138 232 507,B01,1,1,0,2,8,1,0,NULL,201900039153,138 232 507,B01,1,1,4,1,1998,0,8,0,-1,-1," -1",-1,201900039153,4,"LIBERATION (AVE)",0,NULL,1,1,0,1,0,0,3,NULL,NULL,1,0,1,50
201900040074,14,5,2019,08:55:00,1,75,75111,2,1,1,6,"RUE DE CHARONNE","48,8534260","2,3795950",201900040074,138 230 762,A01,2,1,0,1,7,1,5,NULL,201900040074,138 230 762,A01,1,1,1,2,1992,1,2,0,-1,0,0,-1,201900040074,4,"RUE DE CHARONNE",0,NULL,2,2,0,1,0,0,1,NULL,NULL,1,0,1,30
201900040074,14,5,2019,08:55:00,1,75,75111,2,1,1,6,"RUE DE CHARONNE","48,8534260","2,3795950",201900040074,138 230 762,A01,2,1,0,1,7,1,5,NULL,201900040074,138 230 762,A01,10,3,4,1,2007,2,8,0,-1,2,3,1,201900040074,4,"RUE DE CHARONNE",0,NULL,2,2,0,1,0,0,1,NULL,NULL,1,0,1,30
201900042206,29,5,2019,12:15:00,1,974,97409,2,1,1,3,"Rue Arc en ciel"," -20,9634200","55,6437000",201900042206,138 226 797,A01,3,1,0,2,1,16,5,NULL,201900042206,138 226 796,B01,1,1,1,1,1999,5,1,0,-1,0,0,-1,201900042206,4,"Rue Arc en ciel",0,NULL,2,1,0,1,0,0,1,NULL,NULL,1,0,1,50
201900042206,29,5,2019,12:15:00,1,974,97409,2,1,1,3,"Rue Arc en ciel"," -20,9634200","55,6437000",201900042206,138 226 797,A01,3,1,0,2,1,16,5,NULL,201900042206,138 226 797,A01,1,1,4,1,2006,5,8,0,-1,0,0,-1,201900042206,4,"Rue Arc en ciel",0,NULL,2,1,0,1,0,0,1,NULL,NULL,1,0,1,50
201900042728,3,1,2019,19:00:00,5,68,68066,2,7,2,3,"LATTRE DE TASSIGNY (PLACE JEAN DE)","48,0785750","7,3518690",201900042728,138 225 788,B01,1,1,0,2,4,19,5,NULL,201900042728,138 225 788,B01,1,1,4,2,1986,9,8,0,-1,-1," -1",-1,201900042728,3,30,0,NULL,1,1,0,1,4,735,1,NULL,NULL,2,5,1,50
201900042728,3,1,2019,19:00:00,5,68,68066,2,7,2,3,"LATTRE DE TASSIGNY (PLACE JEAN DE)","48,0785750","7,3518690",201900042728,138 225 788,B01,1,1,0,2,4,19,5,NULL,201900042728,138 225 789,A01,1,1,1,2,1972,1,1,0,-1,-1," -1",-1,201900042728,3,30,0,NULL,1,1,0,1,4,735,1,NULL,NULL,2,5,1,50
201900043481,20,7,2019,19:05:00,1,59,59466,2,1,7,1,"Rue des Tisserands","50,5209940","3,1173860",201900043481,138 224 418,B01,0,1,0,0,1,1,5,NULL,201900043481,138 224 418,B01,1,1,3,2,1961,5,0,-1,-1,0,0,-1,201900043481,4,NULL,NULL,NULL,2,2,0,1,(1),(1),2,NULL,NULL,1,0,1,50
201900043481,20,7,2019,19:05:00,1,59,59466,2,1,7,1,"Rue des Tisserands","50,5209940","3,1173860",201900043481,138 224 418,B01,0,1,0,0,1,1,5,NULL,201900043481,138 224 419,A01,1,1,1,2,1971,5,1,-1,-1,0,0,-1,201900043481,4,NULL,NULL,NULL,2,2,0,1,(1),(1),2,NULL,NULL,1,0,1,50
201900045680,5,5,2019,11:42:00,1,35,35276,1,2,1,3,"Rue de la Croisade","48,2653830"," -1,8401500",201900045680,138 220 210,B01,2,1,0,2,1,1,5,NULL,201900045680,138 220 210,B01,1,1,3,1,1942,5,2,-1,-1,0,0,-1,201900045680,3,80,0,NULL,2,2,0,1,24,360,1,NULL,NULL,1,0,1,50
201900045680,5,5,2019,11:42:00,1,35,35276,1,2,1,3,"Rue de la Croisade","48,2653830"," -1,8401500",201900045680,138 220 210,B01,2,1,0,2,1,1,5,NULL,201900045680,138 220 211,A01,1,1,1,1,1963,9,1,-1,-1,0,0,-1,201900045680,3,80,0,NULL,2,2,0,1,24,360,1,NULL,NULL,1,0,1,50
201900046542,27,9,2019,16:20:00,1,92,92050,2,1,1,3,"ALLENDE SALVADOR RUE","48,8955840","2,2207310",201900046542,138 218 514,B01,3,1,0,2,1,1,6,NULL,201900046542,138 218 513,A01,1,1,1,1,1995,0,8,0,-1,-1,0,-1,201900046542,4,"ALLENDE SALVADOR RUE",0,NULL,2,2,0,1,0,0,1,NULL,NULL,1,0,1,50
201900046542,27,9,2019,16:20:00,1,92,92050,2,1,1,3,"ALLENDE SALVADOR RUE","48,8955840","2,2207310",201900046542,138 218 514,B01,3,1,0,2,1,1,6,NULL,201900046542,138 218 514,B01,1,1,4,1,1990,0,8,0,-1,-1,0,-1,201900046542,4,"ALLENDE SALVADOR RUE",0,NULL,2,2,0,1,0,0,1,NULL,NULL,1,0,1,50
201900046709,26,8,2019,13:30:00,1,57,57256,1,1,1,7,"RD 603","49,1176444","6,0384705",201900046709,138 218 187,A01,2,1,0,0,0,0,5,NULL,201900046709,138 218 187,A01,1,1,3,2,1997,5,0,-1,-1,0,0,-1,201900046709,3,603,0,D,2,3,0,2,4,100,1,NULL,NULL,1,0,1,80
201900047084,17,7,2019,16:00:00,1,49,49362,2,2,1,3,"Allée des Tilleuls","47,2170720"," -0,0619910",201900047084,138 217 482,B01,3,1,0,2,7,1,5,NULL,201900047084,138 217 482,B01,1,1,4,1,1992,5,0,-1,-1,0,0,-1,201900047084,4,NULL,NULL,NULL,2,2,0,1,(1),(1),1,NULL,NULL,1,0,1,50
201900047084,17,7,2019,16:00:00,1,49,49362,2,2,1,3,"Allée des Tilleuls","47,2170720"," -0,0619910",201900047084,138 217 482,B01,3,1,0,2,7,1,5,NULL,201900047084,138 217 483,A01,2,2,1,2,2008,-1,8,8,8,-1," -1",-1,201900047084,4,NULL,NULL,NULL,2,2,0,1,(1),(1),1,NULL,NULL,1,0,1,50
201900047084,17,7,2019,16:00:00,1,49,49362,2,2,1,3,"Allée des Tilleuls","47,2170720"," -0,0619910",201900047084,138 217 482,B01,3,1,0,2,7,1,5,NULL,201900047084,138 217 483,A01,1,1,1,2,2000,0,8,8,8,-1," -1",-1,201900047084,4,NULL,NULL,NULL,2,2,0,1,(1),(1),1,NULL,NULL,1,0,1,50
201900047891,30,10,2019,10:45:00,1,65,65328,2,9,1,3,D26,"43,0764170","0,0694790",201900047891,138 216 018,B01,2,1,0,2,1,15,5,NULL,201900047891,138 216 017,A01,1,1,1,1,1948,5,1,-1,-1,0,0,-1,201900047891,3,26,0,NULL,2,2,0,2,12,590,2,NULL,NULL,1,0,1,50
201900047891,30,10,2019,10:45:00,1,65,65328,2,9,1,3,D26,"43,0764170","0,0694790",201900047891,138 216 018,B01,2,1,0,2,1,15,5,NULL,201900047891,138 216 018,B01,1,1,3,1,1949,5,2,-1,-1,0,0,-1,201900047891,3,26,0,NULL,2,2,0,2,12,590,2,NULL,NULL,1,0,1,50
201900048718,2,4,2019,05:30:00,3,83,83004,1,1,1,1,"Les Founses","43,4574670","6,4882800",201900048718,138 214 470,A01,3,1,0,9,1,1,5,NULL,201900048718,138 214 469,B01,1,1,4,1,1978,1,0,-1,-1,0,0,-1,201900048718,4,NULL,0,NULL,2,2,0,1,(1),(1),1,NULL,NULL,1,0,1,50
201900048718,2,4,2019,05:30:00,3,83,83004,1,1,1,1,"Les Founses","43,4574670","6,4882800",201900048718,138 214 469,B01,3,1,0,2,1,1,5,NULL,201900048718,138 214 469,B01,1,1,4,1,1978,1,0,-1,-1,0,0,-1,201900048718,4,NULL,0,NULL,2,2,0,1,(1),(1),1,NULL,NULL,1,0,1,50
201900048718,2,4,2019,05:30:00,3,83,83004,1,1,1,1,"Les Founses","43,4574670","6,4882800",201900048718,138 214 470,A01,3,1,0,9,1,1,5,NULL,201900048718,138 214 470,A01,1,1,4,1,1994,1,0,-1,-1,0,0,-1,201900048718,4,NULL,0,NULL,2,2,0,1,(1),(1),1,NULL,NULL,1,0,1,50
201900048718,2,4,2019,05:30:00,3,83,83004,1,1,1,1,"Les Founses","43,4574670","6,4882800",201900048718,138 214 469,B01,3,1,0,2,1,1,5,NULL,201900048718,138 214 470,A01,1,1,4,1,1994,1,0,-1,-1,0,0,-1,201900048718,4,NULL,0,NULL,2,2,0,1,(1),(1),1,NULL,NULL,1,0,1,50
201900049597,22,2,2019,15:30:00,1,44,44103,2,2,1,6,"rue des pâtures","47,3328250"," -2,1780870",201900049597,138 212 871,B01,0,1,0,2,7,1,5,NULL,201900049597,138 212 871,B01,1,1,4,2,1957,5,0,-1,-1,0,0,-1,201900049597,4,NULL,0,NULL,2,2,0,1,(1),(1),1,NULL,NULL,1,5,5,30
201900050959,25,5,2019,12:25:00,1,84,84085,1,1,1,3,D4,"43,9688700","5,2413070",201900050959,138 210 352,A01,0,1,0,2,8,1,5,NULL,201900050959,138 210 352,A01,1,1,4,1,1965,5,2,-1,-1,0,0,-1,201900050959,3,4,NULL,NULL,2,2,0,2,(1),(1),1,NULL,NULL,1,0,1,80
201900052538,7,7,2019,15:20:00,1,33,33063,2,1,1,2,"CRS DU MEDOC","44,8571100"," -0,5653900",201900052538,138 207 267,A01,0,1,0,2,1,1,5,NULL,201900052538,138 207 266,B01,1,1,1,1,1998,5,1,0,-1,-1," -1",-1,201900052538,4,"CRS DU MEDOC",0,NULL,2,2,2,1,0,0,1,NULL,NULL,1,0,1,50
201900052538,7,7,2019,15:20:00,1,33,33063,2,1,1,2,"CRS DU MEDOC","44,8571100"," -0,5653900",201900052538,138 207 267,A01,0,1,0,2,1,1,5,NULL,201900052538,138 207 267,A01,1,1,4,1,1998,5,8,0,-1,-1," -1",-1,201900052538,4,"CRS DU MEDOC",0,NULL,2,2,2,1,0,0,1,NULL,NULL,1,0,1,50
201900054810,17,2,2019,16:33:00,2,69,69255,2,2,7,3,"7 route de Bordeaux","45,7367500","4,6836600",201900054810,138 203 066,B01,2,1,0,2,1,1,5,NULL,201900054810,138 203 066,B01,1,1,4,1,1972,5,2,-1,-1,0,0,-1,201900054810,3,489,NULL,NULL,2,2,0,2,9,70,1,NULL,NULL,1,0,1,70
201900054810,17,2,2019,16:33:00,2,69,69255,2,2,7,3,"7 route de Bordeaux","45,7367500","4,6836600",201900054810,138 203 066,B01,2,1,0,2,1,1,5,NULL,201900054810,138 203 067,A01,1,1,1,2,1952,5,1,-1,-1,0,0,-1,201900054810,3,489,NULL,NULL,2,2,0,2,9,70,1,NULL,NULL,1,0,1,70
201900056440,12,2,2019,19:35:00,5,50,50129,2,2,1,3,"LEMONNIER (AVENUE AMIRAL)","49,6350100"," -1,6009500",201900056440,138 200 021,A01,2,1,0,2,1,19,5,NULL,201900056440,138 200 018,B01,1,1,1,2,1968,0,1,8,-1,0,0,-1,201900056440,3,901,0,NULL,3,4,1,1,0,0,1,NULL,NULL,1,5,1,70
201900056440,12,2,2019,19:35:00,5,50,50129,2,2,1,3,"LEMONNIER (AVENUE AMIRAL)","49,6350100"," -1,6009500",201900056440,138 200 021,A01,2,1,0,2,1,19,5,NULL,201900056440,138 200 021,A01,1,1,3,1,1984,0,8,0,-1,0,0,-1,201900056440,3,901,0,NULL,3,4,1,1,0,0,1,NULL,NULL,1,5,1,70
201900014235,5,8,2019,10:40:00,1,75,75120,2,2,1,3,"RUE PAGANINI","48,8513042","2,4118916",201900014235,138 279 939,A01,2,1,0,2,2,1,5,NULL,201900014235,138 279 938,B01,1,1,1,1,1986,5,1,0,-1,0,0,-1,201900014235,4,"RUE PAGANINI",0,NULL,2,2,0,1,0,0,1,NULL,NULL,1,0,1,30
201900014235,5,8,2019,10:40:00,1,75,75120,2,2,1,3,"RUE PAGANINI","48,8513042","2,4118916",201900014235,138 279 939,A01,2,1,0,2,2,1,5,NULL,201900014235,138 279 939,A01,1,1,4,1,1986,4,2,0,-1,0,0,-1,201900014235,4,"RUE PAGANINI",0,NULL,2,2,0,1,0,0,1,NULL,NULL,1,0,1,30
201900015178,13,9,2019,17:10:00,1,92,92024,2,1,1,2,"CLICHY (QUAI DE) DE (104 A 202)","48,9076770","2,2980344",201900015178,138 278 098,B01,0,1,0,0,4,1,0,NULL,201900015178,138 278 097,A01,1,1,1,1,1934,5,1,0,-1,-1,0,-1,201900015178,3,1,0,NULL,1,2,1,1,0,0,1,NULL,NULL,1,0,1,50
201900015178,13,9,2019,17:10:00,1,92,92024,2,1,1,2,"CLICHY (QUAI DE) DE (104 A 202)","48,9076770","2,2980344",201900015178,138 278 098,B01,0,1,0,0,4,1,0,NULL,201900015178,138 278 098,B01,1,1,4,2,1978,1,8,0,-1,-1,0,-1,201900015178,3,1,0,NULL,1,2,1,1,0,0,1,NULL,NULL,1,0,1,50
201900015180,13,9,2019,12:25:00,1,92,92002,2,6,1,3,"AUBEPINE (RUE DE L')","48,7407690","2,3123523",201900015180,138 278 094,B01,2,1,0,2,2,1,5,NULL,201900015180,138 278 093,A01,1,1,1,1,1961,4,1,8,-1,-1,0,-1,201900015180,4,"AUBEPINE (RUE DE L')",0,NULL,2,2,0,1,0,0,1,NULL,NULL,1,0,1,30
201900015180,13,9,2019,12:25:00,1,92,92002,2,6,1,3,"AUBEPINE (RUE DE L')","48,7407690","2,3123523",201900015180,138 278 094,B01,2,1,0,2,2,1,5,NULL,201900015180,138 278 094,B01,1,1,4,2,1982,1,2,0,-1,-1,0,-1,201900015180,4,"AUBEPINE (RUE DE L')",0,NULL,2,2,0,1,0,0,1,NULL,NULL,1,0,1,30
201900015898,5,8,2019,11:15:00,1,75,75110,2,3,1,2,"RUE DE LANCRY","48,8725499","2,3632908",201900015898,138 276 805,B01,1,1,0,2,1,2,5,NULL,201900015898,138 276 804,A01,1,1,1,1,1988,4,1,0,-1,0,0,-1,201900015898,4,"RUE DE LANCRY",0,NULL,2,2,0,1,0,0,1,NULL,NULL,1,0,1,30
201900015898,5,8,2019,11:15:00,1,75,75110,2,3,1,2,"RUE DE LANCRY","48,8725499","2,3632908",201900015898,138 276 805,B01,1,1,0,2,1,2,5,NULL,201900015898,138 276 805,B01,1,1,4,1,2001,9,2,0,-1,0,0,-1,201900015898,4,"RUE DE LANCRY",0,NULL,2,2,0,1,0,0,1,NULL,NULL,1,0,1,30
201900017792,31,7,2019,18:15:00,1,67,67482,2,1,1,6,"MURHOF (QUAI DU)","48,5695720","7,7131040",201900017792,138 273 142,A01,1,1,10,0,0,0,5,NULL,201900017792,138 273 142,A01,1,1,3,1,1970,1,8,0,-1,0,0,-1,201900017792,4,"MURHOF (QUAI DU)",0,NULL,2,2,1,1,0,0,1,NULL,NULL,1,2,1,30
201900017867,2,7,2019,06:15:00,1,75,75118,2,1,1,1,"RUE RIQUET","48,8899000","2,3644220",201900017867,138 273 007,A01,1,1,0,2,1,1,5,NULL,201900017867,138 273 006,B01,1,1,4,1,1990,1,8,0,-1,0,0,-1,201900017867,4,"RUE RIQUET",0,NULL,1,1,0,1,0,0,1,NULL,NULL,1,2,1,50
201900017867,2,7,2019,06:15:00,1,75,75118,2,1,1,1,"RUE RIQUET","48,8899000","2,3644220",201900017867,138 273 006,B01,2,1,0,2,1,1,5,NULL,201900017867,138 273 006,B01,1,1,4,1,1990,1,8,0,-1,0,0,-1,201900017867,4,"RUE RIQUET",0,NULL,1,1,0,1,0,0,1,NULL,NULL,1,2,1,50
201900017867,2,7,2019,06:15:00,1,75,75118,2,1,1,1,"RUE RIQUET","48,8899000","2,3644220",201900017867,138 273 007,A01,1,1,0,2,1,1,5,NULL,201900017867,138 273 007,A01,1,1,4,1,1981,5,8,0,-1,0,0,-1,201900017867,4,"RUE RIQUET",0,NULL,1,1,0,1,0,0,1,NULL,NULL,1,2,1,50
201900017867,2,7,2019,06:15:00,1,75,75118,2,1,1,1,"RUE RIQUET","48,8899000","2,3644220",201900017867,138 273 006,B01,2,1,0,2,1,1,5,NULL,201900017867,138 273 007,A01,1,1,4,1,1981,5,8,0,-1,0,0,-1,201900017867,4,"RUE RIQUET",0,NULL,1,1,0,1,0,0,1,NULL,NULL,1,2,1,50