Num_Acc,jour,mois,an,hrmn,lum,dep,com,agg,int,atm,col,adr,lat,long,Num_Acc,id_vehicule,num_veh,senc,catv,obs,obsm,choc,manv,motor,occutc,Num_Acc,id_vehicule,num_veh,place,catu,grav,sexe,an_nais,trajet,secu1,secu2,secu3,locp,actp,etatp,Num_Acc,catr,voie,v1,v2,circ,nbv,vosp,prof,pr,pr1,plan,lartpc,larrout,surf,infra,situ,vma
201900021281,17,4,2019,12:30:00,1,75,75106,2,2,1,3,"BOULEVARD SAINT GERMAIN","48,8516760","2,3420380",201900021281,138 266 592,B01,2,1,0,2,0,7,5,NULL,201900021281,138 266 592,B01,1,1,4,1,1963,1,2,0,-1,0,0,-1,201900021281,4,"BOULEVARD SAINT GERMAIN",0,NULL,1,4,0,1,0,0,1,NULL,NULL,1,0,6,50
201900021281,17,4,2019,12:30:00,1,75,75106,2,2,1,3,"BOULEVARD SAINT GERMAIN","48,8516760","2,3420380",201900021281,138 266 592,B01,2,1,0,2,0,7,5,NULL,201900021281,138 266 593,A01,1,1,1,1,1964,4,1,0,-1,0,0,-1,201900021281,4,"BOULEVARD SAINT GERMAIN",0,NULL,1,4,0,1,0,0,1,NULL,NULL,1,0,6,50
201900021557,14,7,2019,11:50:00,1,21,21060,1,1,1,2,"D34 - PR 3+450","47,3577120","5,2367790",201900021557,138 266 076,B01,1,1,0,2,0,1,5,NULL,201900021557,138 266 076,B01,1,1,4,1,1968,5,2,-1,-1,0,0,-1,201900021557,3,34,0,NULL,2,2,0,1,3,450,1,NULL,NULL,1,0,1,80
201900021557,14,7,2019,11:50:00,1,21,21060,1,1,1,2,"D34 - PR 3+450","47,3577120","5,2367790",201900021557,138 266 076,B01,1,1,0,2,0,1,5,NULL,201900021557,138 266 077,A01,1,1,1,1,1929,3,8,-1,-1,0,0,-1,201900021557,3,34,0,NULL,2,2,0,1,3,450,1,NULL,NULL,1,0,1,80
201900023068,16,4,2019,15:40:00,1,75,75105,2,1,1,6,"RUE GAY LUSSAC","48,8453060","2,3415520",201900023068,138 263 178,B01,2,1,0,2,1,17,5,NULL,201900023068,138 263 177,A01,1,1,1,1,1976,1,1,0,-1,0,0,-1,201900023068,4,"RUE GAY LUSSAC",0,NULL,2,3,0,2,0,0,1,NULL,NULL,1,0,6,50
201900023068,16,4,2019,15:40:00,1,75,75105,2,1,1,6,"RUE GAY LUSSAC","48,8453060","2,3415520",201900023068,138 263 178,B01,2,1,0,2,1,17,5,NULL,201900023068,138 263 177,A01,10,3,4,1,1972,1,8,0,-1,2,3,1,201900023068,4,"RUE GAY LUSSAC",0,NULL,2,3,0,2,0,0,1,NULL,NULL,1,0,6,50
201900023068,16,4,2019,15:40:00,1,75,75105,2,1,1,6,"RUE GAY LUSSAC","48,8453060","2,3415520",201900023068,138 263 178,B01,2,1,0,2,1,17,5,NULL,201900023068,138 263 178,B01,1,1,4,1,1981,1,2,0,-1,0,0,-1,201900023068,4,"RUE GAY LUSSAC",0,NULL,2,3,0,2,0,0,1,NULL,NULL,1,0,6,50
201900024617,7,9,2019,08:50:00,1,69,69092,1,6,1,2,"DE L'OASIS (rond point)","46,0076900","4,7132800",201900024617,138 260 038,B01,3,1,0,2,4,1,5,NULL,201900024617,138 260 038,B01,1,1,4,1,1986,5,2,8,-1,-1,0,-1,201900024617,4,"DE L'OASIS (rond point)",0,NULL,1,1,0,1,0,0,2,NULL,NULL,1,0,1,50
201900024617,7,9,2019,08:50:00,1,69,69092,1,6,1,2,"DE L'OASIS (rond point)","46,0076900","4,7132800",201900024617,138 260 038,B01,3,1,0,2,4,1,5,NULL,201900024617,138 260 039,A01,1,1,1,1,1950,0,1,8,-1,-1,0,-1,201900024617,4,"DE L'OASIS (rond point)",0,NULL,1,1,0,1,0,0,2,NULL,NULL,1,0,1,50
201900028470,9,4,2019,11:40:00,1,78,78158,2,3,1,6,"KLEBER (RUE)","48,8201000","2,1326200",201900028470,138 252 789,B01,3,1,0,2,8,1,5,NULL,201900028470,138 252 788,A01,1,1,1,1,1986,4,1,8,-1,-1,0,-1,201900028470,4,"BAYARD (RUE)",0,NULL,2,2,0,1,0,0,1,NULL,NULL,1,0,1,50
201900028470,9,4,2019,11:40:00,1,78,78158,2,3,1,6,"KLEBER (RUE)","48,8201000","2,1326200",201900028470,138 252 789,B01,3,1,0,2,8,1,5,NULL,201900028470,138 252 789,B01,1,1,3,2,1965,0,2,0,-1,-1,0,-1,201900028470,4,"BAYARD (RUE)",0,NULL,2,2,0,1,0,0,1,NULL,NULL,1,0,1,50
201900030526,9,3,2019,12:40:00,1,94,94022,2,1,1,7,"JEAN JAURES (R)","48,7650500","2,4080500",201900030526,138 248 922,A01,3,1,0,0,0,25,5,NULL,201900030526,138 248 922,A01,1,1,4,1,1947,5,8,0,-1,-1," -1",-1,201900030526,3,86,0,NULL,-1,0,1,1,0,1,1,NULL,NULL,1,9,4,50
201900030798,26,7,2019,09:10:00,1,29,29206,1,1,1,3,RD10,"48,6501570"," -4,2073020",201900030798,138 248 424,B01,1,1,0,2,8,1,5,NULL,201900030798,138 248 424,B01,1,1,4,1,1966,5,2,-1,-1,0,0,-1,201900030798,3,10,NULL,NULL,2,2,0,1,17,450,1,NULL,NULL,1,0,1,80
201900030798,26,7,2019,09:10:00,1,29,29206,1,1,1,3,RD10,"48,6501570"," -4,2073020",201900030798,138 248 424,B01,1,1,0,2,8,1,5,NULL,201900030798,138 248 425,A01,1,1,1,1,1998,1,8,-1,-1,0,0,-1,201900030798,3,10,NULL,NULL,2,2,0,1,17,450,1,NULL,NULL,1,0,1,80
201900031494,3,10,2019,14:10:00,1,7,07281,2,1,1,3,"TREMOLETS (RUE DES)","44,9379600","4,8630600",201900031494,138 247 139,B01,3,1,0,2,7,1,5,NULL,201900031494,138 247 138,A01,1,1,1,1,1992,1,1,0,-1,-1," -1",-1,201900031494,4,"TREMOLETS (RUE DES)",0,NULL,2,2,1,1,0,0,1,NULL,NULL,1,0,1,50
201900031494,3,10,2019,14:10:00,1,7,07281,2,1,1,3,"TREMOLETS (RUE DES)","44,9379600","4,8630600",201900031494,138 247 139,B01,3,1,0,2,7,1,5,NULL,201900031494,138 247 139,B01,1,1,4,2,1950,5,8,0,-1,-1," -1",-1,201900031494,4,"TREMOLETS (RUE DES)",0,NULL,2,2,1,1,0,0,1,NULL,NULL,1,0,1,50
201900032030,2,9,2019,20:05:00,1,37,37122,2,3,1,3,"PILON (RUE GERMAIN)","47,3461811","0,6567455",201900032030,138 246 116,A01,3,1,0,2,5,19,5,NULL,201900032030,138 246 116,A01,1,1,4,2,2009,5,8,0,-1,-1,0,-1,201900032030,4,"PILON (RUE GERMAIN)",0,NULL,2,2,0,1,0,0,1,NULL,NULL,1,0,1,50
201900032030,2,9,2019,20:05:00,1,37,37122,2,3,1,3,"PILON (RUE GERMAIN)","47,3461811","0,6567455",201900032030,138 246 116,A01,3,1,0,2,5,19,5,NULL,201900032030,138 246 118,B01,1,1,1,1,1992,5,1,8,-1,-1,0,-1,201900032030,4,"PILON (RUE GERMAIN)",0,NULL,2,2,0,1,0,0,1,NULL,NULL,1,0,1,50
201900033739,31,8,2019,18:03:00,1,85,85234,2,1,1,6,"Rue Auguste Lepère","46,7845500"," -2,0707900",201900033739,138 242 800,B01,3,1,1,0,0,26,5,NULL,201900033739,138 242 799,A01,1,1,1,1,1989,5,0,-1,-1,0,0,-1,201900033739,4,NULL,NULL,NULL,2,2,0,1,(1),(1),1,NULL,NULL,1,0,1,50
201900033739,31,8,2019,18:03:00,1,85,85234,2,1,1,6,"Rue Auguste Lepère","46,7845500"," -2,0707900",201900033739,138 242 800,B01,3,1,1,0,0,26,5,NULL,201900033739,138 242 800,B01,1,1,3,2,1958,5,0,-1,-1,0,0,-1,201900033739,4,NULL,NULL,NULL,2,2,0,1,(1),(1),1,NULL,NULL,1,0,1,50
201900037215,20,1,2019,14:25:00,1,75,75112,2,2,1,2,"BOULEVARD DIDEROT","48,8473410","2,3867790",201900037215,138 236 082,A01,2,1,0,2,6,15,5,NULL,201900037215,138 236 082,A01,1,1,1,1,2005,5,8,0,-1,0,0,-1,201900037215,4,"BOULEVARD DIDEROT",0,NULL,2,4,2,1,0,0,1,NULL,NULL,1,5,1,50
201900037215,20,1,2019,14:25:00,1,75,75112,2,2,1,2,"BOULEVARD DIDEROT","48,8473410","2,3867790",201900037215,138 236 082,A01,2,1,0,2,6,15,5,NULL,201900037215,138 236 083,B01,1,1,1,1,1996,5,2,6,-1,0,0,-1,201900037215,4,"BOULEVARD DIDEROT",0,NULL,2,4,2,1,0,0,1,NULL,NULL,1,5,1,50
201900037215,20,1,2019,14:25:00,1,75,75112,2,2,1,2,"BOULEVARD DIDEROT","48,8473410","2,3867790",201900037215,138 236 082,A01,2,1,0,2,6,15,5,NULL,201900037215,138 236 083,B01,2,2,4,1,1996,5,2,0,-1,0,0,-1,201900037215,4,"BOULEVARD DIDEROT",0,NULL,2,4,2,1,0,0,1,NULL,NULL,1,5,1,50
201900037860,23,7,2019,08:45:00,1,13,13111,1,1,7,7,"Departementale 10","43,5539240","5,6924770",201900037860,138 234 834,A01,1,1,0,0,7,1,5,NULL,201900037860,138 234 834,A01,1,1,3,1,1944,5,0,-1,-1,0,0,-1,201900037860,3,10,NULL,NULL,2,2,0,2,68,100,1,NULL,NULL,1,0,3,80
201900037910,21,7,2019,21:00:00,1,10,10333,2,6,1,6,"ANDRE MAUGOUT (RUE)","48,2850700","4,0610400",201900037910,138 234 743,A01,3,1,8,0,0,25,0,NULL,201900037910,138 234 743,A01,1,1,3,1,2002,0,8,0,-1,-1,0,-1,201900037910,4,"ANDRE MAUGOUT (RUE)",0,NULL,2,1,0,1,0,0,1,NULL,NULL,1,0,1,50
201900039108,28,8,2019,21:55:00,5,45,45234,2,1,1,3,"AV DE LA MOUILLERE","47,8868262","1,9068950",201900039108,138 232 587,A01,2,1,0,4,8,15,5,NULL,201900039108,138 232 586,B01,1,1,1,1,1991,4,1,0,-1,-1," -1",-1,201900039108,4,"AV DE LA MOUILLERE",0,NULL,2,2,-1,1,(1),(1),1,NULL,NULL,1,4,6,50
201900039108,28,8,2019,21:55:00,5,45,45234,2,1,1,3,"AV DE LA MOUILLERE","47,8868262","1,9068950",201900039108,138 232 587,A01,2,1,0,4,8,15,5,NULL,201900039108,138 232 587,A01,1,1,3,1,1997,4,2,0,-1,0,0,-1,201900039108,4,"AV DE LA MOUILLERE",0,NULL,2,2,-1,1,(1),(1),1,NULL,NULL,1,4,6,50
201900039549,3,4,2019,09:30:00,1,35,35238,2,4,1,3,"ROUTE DE ST MALO","48,1213650"," -1,6830170",201900039549,138 231 759,B01,1,1,0,2,3,1,5,NULL,201900039549,138 231 758,A01,1,1,1,2,1956,1,1,5,-1,-1,0,-1,201900039549,4,"ROUTE DE ST MALO",0,NULL,1,1,1,1,0,0,3,NULL,NULL,1,0,1,50
201900039549,3,4,2019,09:30:00,1,35,35238,2,4,1,3,"ROUTE DE ST MALO","48,1213650"," -1,6830170",201900039549,138 231 759,B01,1,1,0,2,3,1,5,NULL,201900039549,138 231 759,B01,1,1,4,1,1988,1,8,0,-1,-1," -1",-1,201900039549,4,"ROUTE DE ST MALO",0,NULL,1,1,1,1,0,0,3,NULL,NULL,1,0,1,50
201900040057,9,5,2019,15:45:00,1,75,75112,2,2,8,6,"BOULEVARD DIDEROT","48,8470030","2,3837740",201900040057,138 230 793,A01,1,1,0,2,8,1,5,NULL,201900040057,138 230 793,A01,1,1,4,2,1972,3,2,0,-1,0,0,-1,201900040057,4,"BOULEVARD DIDEROT",0,NULL,2,2,2,2,0,0,1,NULL,NULL,1,0,5,50
201900040429,30,10,2019,10:30:00,1,92,92075,2,3,1,3,"FABIEN (BOULEVARD DU COLONEL)","48,8118600","2,2806800",201900040429,138 230 124,A01,3,1,0,2,0,0,5,NULL,201900040429,138 230 124,A01,2,1,4,1,1986,1,8,0,-1,-1,0,-1,201900040429,4,"FABIEN (BOULEVARD DU COLONEL)",0,NULL,2,2,0,2,0,0,1,NULL,NULL,2,0,1,50
201900040429,30,10,2019,10:30:00,1,92,92075,2,3,1,3,"FABIEN (BOULEVARD DU COLONEL)","48,8118600","2,2806800",201900040429,138 230 124,A01,3,1,0,2,0,0,5,NULL,201900040429,138 230 125,B01,1,1,1,1,1978,4,1,0,-1,-1,0,-1,201900040429,4,"FABIEN (BOULEVARD DU COLONEL)",0,NULL,2,2,0,2,0,0,1,NULL,NULL,2,0,1,50
201900041865,10,12,2019,09:30:00,1,6,06069,2,1,1,3,"RENOIR (AVENUE AUGUSTE)","43,6797930","6,9482970",201900041865,138 227 481,A01,2,1,0,2,1,13,5,NULL,201900041865,138 227 480,B01,1,1,4,2,1970,9,1,0,-1,0,0,-1,201900041865,3,2085,0,NULL,2,2,0,1,4,253,2,NULL,NULL,1,0,1,50
201900041865,10,12,2019,09:30:00,1,6,06069,2,1,1,3,"RENOIR (AVENUE AUGUSTE)","43,6797930","6,9482970",201900041865,138 227 481,A01,2,1,0,2,1,13,5,NULL,201900041865,138 227 481,A01,1,1,4,1,1947,5,2,0,-1,0,0,-1,201900041865,3,2085,0,NULL,2,2,0,1,4,253,2,NULL,NULL,1,0,1,50
201900045790,2,6,2019,15:35:00,1,77,77450,1,1,1,3,"D 51","48,7249900","2,5951100",201900045790,138 219 974,B01,1,1,0,2,4,1,0,NULL,201900045790,138 219 973,A01,1,1,1,1,1993,0,1,0,-1,-1,0,-1,201900045790,3,51,0,NULL,2,2,0,1,2,0,3,NULL,NULL,1,0,1,70
201900045790,2,6,2019,15:35:00,1,77,77450,1,1,1,3,"D 51","48,7249900","2,5951100",201900045790,138 219 974,B01,1,1,0,2,4,1,0,NULL,201900045790,138 219 974,B01,1,1,4,1,1943,0,2,8,-1,-1,0,-1,201900045790,3,51,0,NULL,2,2,0,1,2,0,3,NULL,NULL,1,0,1,70
201900045858,24,2,2019,17:05:00,1,93,93005,2,3,1,2,"PREFET CHALEIL (CD44) (RUE DU)","48,9396230","2,5080230",201900045858,138 219 818,B01,3,1,0,2,6,16,5,NULL,201900045858,138 219 818,B01,10,3,4,1,1993,5,8,0,-1,2,3,1,201900045858,3,44,0,NULL,2,2,0,1,1,0,1,NULL,NULL,1,5,2,30
201900046209,30,10,2019,14:05:00,1,93,93027,2,3,1,3,"SALENGRO (AVENUE ROGER)","48,9415700","2,3876000",201900046209,138 219 171,B01,3,1,0,0,1,19,5,NULL,201900046209,138 219 171,B01,1,1,3,1,1944,5,8,0,-1,-1," -1",-1,201900046209,3,901,0,NULL,1,3,0,1,0,1,1,NULL,NULL,1,0,1,50
201900046209,30,10,2019,14:05:00,1,93,93027,2,3,1,3,"SALENGRO (AVENUE ROGER)","48,9415700","2,3876000",201900046209,138 219 171,B01,3,1,0,0,1,19,5,NULL,201900046209,138 219 172,A01,1,1,1,2,1968,1,1,0,-1,-1," -1",-1,201900046209,3,901,0,NULL,1,3,0,1,0,1,1,NULL,NULL,1,0,1,50
201900046758,1,4,2019,23:00:00,5,93,93048,2,1,1,3,"PARIS (RUE DE)","48,8561950","2,4257100",201900046758,138 218 100,B01,3,1,0,2,3,2,5,NULL,201900046758,138 218 099,A01,1,1,1,1,1957,4,1,0,-1,-1," -1",-1,201900046758,3,902,0,NULL,2,0,0,1,0,1,1,NULL,NULL,1,0,1,50
201900046758,1,4,2019,23:00:00,5,93,93048,2,1,1,3,"PARIS (RUE DE)","48,8561950","2,4257100",201900046758,138 218 100,B01,3,1,0,2,3,2,5,NULL,201900046758,138 218 100,B01,1,1,4,1,1961,0,2,0,-1,-1," -1",-1,201900046758,3,902,0,NULL,2,0,0,1,0,1,1,NULL,NULL,1,0,1,50
201900047428,17,5,2019,12:10:00,1,51,51031,1,1,1,2,"RD 335","49,1520560","4,3486084",201900047428,138 216 892,B01,2,1,0,2,8,2,5,NULL,201900047428,138 216 892,B01,1,1,4,1,1958,1,8,-1,-1,0,0,-1,201900047428,3,335,0,D,2,2,0,1,1,0,1,NULL,NULL,1,0,1,80
201900047428,17,5,2019,12:10:00,1,51,51031,1,1,1,2,"RD 335","49,1520560","4,3486084",201900047428,138 216 892,B01,2,1,0,2,8,2,5,NULL,201900047428,138 216 893,A01,1,1,1,2,1982,4,1,-1,-1,0,0,-1,201900047428,3,335,0,D,2,2,0,1,1,0,1,NULL,NULL,1,0,1,80
201900047543,8,6,2019,11:30:00,1,67,67482,2,1,1,3,"RATHSAMHAUSEN (RUE DE)","48,5671430","7,7611920",201900047543,138 216 662,B01,2,1,0,2,3,19,5,NULL,201900047543,138 216 662,B01,1,1,4,1,1983,0,8,0,-1,-1,0,-1,201900047543,4,"RATHSAMHAUSEN (RUE DE)",0,NULL,2,2,0,1,0,0,1,NULL,NULL,1,0,1,30
201900047543,8,6,2019,11:30:00,1,67,67482,2,1,1,3,"RATHSAMHAUSEN (RUE DE)","48,5671430","7,7611920",201900047543,138 216 662,B01,2,1,0,2,3,19,5,NULL,201900047543,138 216 663,A01,1,1,1,2,1964,0,1,8,-1,-1,0,-1,201900047543,4,"RATHSAMHAUSEN (RUE DE)",0,NULL,2,2,0,1,0,0,1,NULL,NULL,1,0,1,30
201900050154,24,9,2019,11:00:00,1,35,35238,2,3,1,3,"ALBERT 1ER (BD)","48,0900800"," -1,6910000",201900050154,138 211 822,B01,3,1,0,2,7,1,0,NULL,201900050154,138 211 822,B01,1,1,4,1,1954,9,8,0,-1,-1,0,-1,201900050154,4,"ALBERT 1ER (BD)",0,NULL,1,2,2,1,0,0,1,NULL,NULL,2,0,1,30
201900050154,24,9,2019,11:00:00,1,35,35238,2,3,1,3,"ALBERT 1ER (BD)","48,0900800"," -1,6910000",201900050154,138 211 822,B01,3,1,0,2,7,1,0,NULL,201900050154,138 211 823,A01,1,1,1,1,1971,4,1,0,-1,-1,0,-1,201900050154,4,"ALBERT 1ER (BD)",0,NULL,1,2,2,1,0,0,1,NULL,NULL,2,0,1,30
201900050456,3,7,2019,16:30:00,1,60,60636,2,3,1,3,"Route de Plessis Brion","49,4743294","2,8832737",201900050456,138 211 271,B01,3,1,0,2,1,18,5,NULL,201900050456,138 211 271,B01,1,1,4,1,1968,5,2,-1,-1,0,0,-1,201900050456,3,15,NULL,NULL,2,2,0,1,20,850,1,NULL,NULL,1,0,1,50
201900050456,3,7,2019,16:30:00,1,60,60636,2,3,1,3,"Route de Plessis Brion","49,4743294","2,8832737",201900050456,138 211 271,B01,3,1,0,2,1,18,5,NULL,201900050456,138 211 272,A01,1,1,1,1,1975,5,1,-1,-1,0,0,-1,201900050456,3,15,NULL,NULL,2,2,0,1,20,850,1,NULL,NULL,1,0,1,50
201900050739,30,3,2019,15:40:00,1,59,59279,2,1,1,3,"LILLE (RUE DE)","50,7860600","3,1270000",201900050739,138 210 742,B01,1,1,0,0,0,0,6,NULL,201900050739,138 210 741,A01,1,1,1,1,1900,-1,1,0,0,-1," -1",-1,201900050739,7,917,0,NULL,2,2,0,1,0,0,1,NULL,NULL,1,0,1,10
201900050739,30,3,2019,15:40:00,1,59,59279,2,1,1,3,"LILLE (RUE DE)","50,7860600","3,1270000",201900050739,138 210 742,B01,1,1,0,0,0,0,6,NULL,201900050739,138 210 742,B01,1,1,4,1,1969,5,2,8,-1,-1,0,-1,201900050739,7,917,0,NULL,2,2,0,1,0,0,1,NULL,NULL,1,0,1,10
201900051365,19,2,2019,18:36:00,2,10,10387,2,2,1,3,"JACQUIN (RUE)","48,3039900","4,0809200",201900051365,138 209 560,B01,2,1,0,2,1,25,5,NULL,201900051365,138 209 560,B01,1,1,4,1,2002,5,8,0,-1,-1," -1",-1,201900051365,4,"JACQUIN (RUE)",0,NULL,2,2,0,1,0,0,3,NULL,NULL,1,0,1,50
201900051365,19,2,2019,18:36:00,2,10,10387,2,2,1,3,"JACQUIN (RUE)","48,3039900","4,0809200",201900051365,138 209 560,B01,2,1,0,2,1,25,5,NULL,201900051365,138 209 561,A01,1,1,1,2,1967,5,1,8,-1,-1," -1",-1,201900051365,4,"JACQUIN (RUE)",0,NULL,2,2,0,1,0,0,3,NULL,NULL,1,0,1,50
201900052016,23,9,2019,09:45:00,1,25,25056,2,9,1,3,"EDISON RUE THOMAS","47,2326800","5,9733600",201900052016,138 208 321,A01,3,1,0,2,8,26,5,NULL,201900052016,138 208 321,A01,1,1,4,1,1990,0,2,0,-1,-1,0,-1,201900052016,4,"EDISON RUE THOMAS",0,NULL,2,3,1,1,0,0,1,NULL,NULL,1,0,1,50
201900052016,23,9,2019,09:45:00,1,25,25056,2,9,1,3,"EDISON RUE THOMAS","47,2326800","5,9733600",201900052016,138 208 321,A01,3,1,0,2,8,26,5,NULL,201900052016,138 208 322,B01,1,1,1,1,1955,4,1,0,-1,-1,0,-1,201900052016,4,"EDISON RUE THOMAS",0,NULL,2,3,1,1,0,0,1,NULL,NULL,1,0,1,50
201900052429,24,6,2019,08:20:00,1,59,59346,2,9,1,3,"CHANZY RUE","50,6073700","3,1275300",201900052429,138 207 488,B01,3,1,0,2,1,1,5,NULL,201900052429,138 207 486,A01,1,1,1,1,1990,4,8,0,-1,-1," -1",-1,201900052429,7,146,0,NULL,3,6,1,1,0,0,1,NULL,NULL,1,0,1,50
201900052429,24,6,2019,08:20:00,1,59,59346,2,9,1,3,"CHANZY RUE","50,6073700","3,1275300",201900052429,138 207 488,B01,3,1,0,2,1,1,5,NULL,201900052429,138 207 488,B01,1,1,4,1,1990,4,8,0,-1,-1," -1",-1,201900052429,7,146,0,NULL,3,6,1,1,0,0,1,NULL,NULL,1,0,1,50
201900054434,27,5,2019,13:30:00,1,40,40333,1,1,2,2,"RD38 - route de mont de marsan","43,9754310"," -0,7376510",201900054434,138 203 710,B01,1,1,1,0,1,1,5,NULL,201900054434,138 203 710,B01,1,1,3,1,1948,5,2,-1,-1,0,0,-1,201900054434,3,38,NULL,NULL,2,2,0,1,15,100,1,NULL,NULL,2,0,1,80
201900054434,27,5,2019,13:30:00,1,40,40333,1,1,2,2,"RD38 - route de mont de marsan","43,9754310"," -0,7376510",201900054434,138 203 710,B01,1,1,1,0,1,1,5,NULL,201900054434,138 203 711,A01,1,1,1,1,1986,3,1,-1,-1,0,0,-1,201900054434,3,38,NULL,NULL,2,2,0,1,15,100,1,NULL,NULL,2,0,1,80
201900057011,9,7,2019,19:45:00,2,2B,2B033,2,9,1,1,"ROUTE ROYALE","42,6760200","9,4364200",201900057011,138 198 956,B01,1,1,0,2,9,1,5,NULL,201900057011,138 198 955,A01,1,1,1,1,1948,0,1,0,-1,-1," -1",-1,201900057011,4,"ROUTE ROYALE",0,NULL,2,2,0,2,1,0,3,NULL,NULL,1,0,1,50
201900057011,9,7,2019,19:45:00,2,2B,2B033,2,9,1,1,"ROUTE ROYALE","42,6760200","9,4364200",201900057011,138 198 956,B01,1,1,0,2,9,1,5,NULL,201900057011,138 198 956,B01,1,1,4,1,1971,5,8,0,-1,-1," -1",-1,201900057011,4,"ROUTE ROYALE",0,NULL,2,2,0,2,1,0,3,NULL,NULL,1,0,1,50
201900011263,16,12,2019,08:00:00,2,54,54300,2,1,8,3,"PATTON (RUE DU GENERAL)","48,6545570","6,2323810",201900011263,138 285 577,B01,1,1,0,2,7,1,5,NULL,201900011263,138 285 577,B01,1,1,4,1,2001,0,8,0,-1,-1," -1",-1,201900011263,4,"PATTON (RUE DU GENERAL)",0,NULL,2,2,0,1,0,0,1,NULL,NULL,2,0,1,50
201900011263,16,12,2019,08:00:00,2,54,54300,2,1,8,3,"PATTON (RUE DU GENERAL)","48,6545570","6,2323810",201900011263,138 285 577,B01,1,1,0,2,7,1,5,NULL,201900011263,138 285 578,A01,1,1,1,1,1974,0,1,0,-1,-1," -1",-1,201900011263,4,"PATTON (RUE DU GENERAL)",0,NULL,2,2,0,1,0,0,1,NULL,NULL,2,0,1,50
201900011927,16,10,2019,09:30:00,2,50,50173,2,3,2,2,"BRANLY (RUE EDOUARD)","49,6450000"," -1,6477800",201900011927,138 284 265,B01,0,1,0,2,4,23,5,NULL,201900011927,138 284 265,B01,1,1,4,1,1943,5,8,8,-1,0,0,-1,201900011927,4,"BRANLY (RUE EDOUARD)",0,NULL,2,2,0,1,0,0,1,NULL,NULL,2,0,1,50
201900011927,16,10,2019,09:30:00,2,50,50173,2,3,2,2,"BRANLY (RUE EDOUARD)","49,6450000"," -1,6477800",201900011927,138 284 265,B01,0,1,0,2,4,23,5,NULL,201900011927,138 284 266,A01,1,1,1,1,1941,5,1,0,-1,0,0,-1,201900011927,4,"BRANLY (RUE EDOUARD)",0,NULL,2,2,0,1,0,0,1,NULL,NULL,2,0,1,50
201900012911,21,11,2019,16:30:00,2,93,93048,2,2,1,3,"RESISTANCE S3 (AVENUE DE LA)","48,8692000","2,4329000",201900012911,138 282 432,B01,0,1,0,2,3,2,5,NULL,201900012911,138 282 431,A01,1,1,1,2,1955,0,1,0,-1,-1," -1",-1,201900012911,3,20,0,NULL,3,4,0,2,0,1,1,NULL,NULL,1,0,1,50
201900012911,21,11,2019,16:30:00,2,93,93048,2,2,1,3,"RESISTANCE S3 (AVENUE DE LA)","48,8692000","2,4329000",201900012911,138 282 432,B01,0,1,0,2,3,2,5,NULL,201900012911,138 282 432,B01,1,1,4,1,1965,0,2,0,-1,-1," -1",-1,201900012911,3,20,0,NULL,3,4,0,2,0,1,1,NULL,NULL,1,0,1,50
201900013936,23,4,2019,12:30:00,1,92,92036,2,1,1,3,"PRINCIPALE DU PORT (ROUTE) (1/17)","48,9373200","2,2783900",201900013936,138 280 474,B01,1,1,0,2,1,15,5,NULL,201900013936,138 280 474,B01,1,1,4,1,1970,1,8,0,-1,-1,0,-1,201900013936,4,"PRINCIPALE DU PORT (ROUTE) (1/17)",0,NULL,2,4,0,1,0,0,1,NULL,NULL,1,0,1,50
201900013936,23,4,2019,12:30:00,1,92,92036,2,1,1,3,"PRINCIPALE DU PORT (ROUTE) (1/17)","48,9373200","2,2783900",201900013936,138 280 474,B01,1,1,0,2,1,15,5,NULL,201900013936,138 280 475,A01,1,1,1,1,1986,4,1,8,-1,-1,0,-1,201900013936,4,"PRINCIPALE DU PORT (ROUTE) (1/17)",0,NULL,2,4,0,1,0,0,1,NULL,NULL,1,0,1,50
201900015496,31,1,2019,15:00:00,1,69,69386,2,2,2,3,"DUGUESCLIN  (R)","45,7745200","4,8462500",201900015496,138 277 516,B01,3,1,0,2,8,19,5,NULL,201900015496,138 277 515,A01,1,1,1,1,1957,5,1,8,-1,0,0,-1,201900015496,4,"DUGUESCLIN  (R)",0,NULL,1,1,1,1,0,0,1,NULL,NULL,2,0,1,50
201900015496,31,1,2019,15:00:00,1,69,69386,2,2,2,3,"DUGUESCLIN  (R)","45,7745200","4,8462500",201900015496,138 277 516,B01,3,1,0,2,8,19,5,NULL,201900015496,138 277 516,B01,1,1,4,2,1989,5,8,0,-1,0,0,-1,201900015496,4,"DUGUESCLIN  (R)",0,NULL,1,1,1,1,0,0,1,NULL,NULL,2,0,1,50
201900016035,7,8,2019,16:13:00,1,50,50551,2,1,7,2,"Rue du Onze Novembre","49,3835410"," -1,5404420",201900016035,138 276 564,B01,3,1,0,0,4,2,0,NULL,201900016035,138 276 564,B01,1,1,2,1,1960,5,2,-1,-1,0,0,-1,201900016035,3,15,0,NULL,2,2,0,2,(1),(1),1,NULL,NULL,1,0,1,50
201900016035,7,8,2019,16:13:00,1,50,50551,2,1,7,2,"Rue du Onze Novembre","49,3835410"," -1,5404420",201900016035,138 276 564,B01,3,1,0,0,4,2,0,NULL,201900016035,138 276 565,A01,1,1,1,1,1938,5,1,-1,-1,0,0,-1,201900016035,3,15,0,NULL,2,2,0,2,(1),(1),1,NULL,NULL,1,0,1,50
201900016425,19,11,2019,08:20:00,1,77,77294,2,2,1,2,"LILAS (AVENUE DES)","48,9553678","2,6067612",201900016425,138 275 760,Y01,3,1,0,2,4,19,0,NULL,201900016425,138 275 760,Y01,1,1,4,1,2006,2,8,0,-1,-1,0,-1,201900016425,4,"LILAS (AVENUE DES)",0,NULL,2,2,0,1,1,0,1,NULL,NULL,1,0,1,50