Num_Acc,jour,mois,an,hrmn,lum,dep,com,agg,int,atm,col,adr,lat,long,Num_Acc,id_vehicule,num_veh,senc,catv,obs,obsm,choc,manv,motor,occutc,Num_Acc,id_vehicule,num_veh,place,catu,grav,sexe,an_nais,trajet,secu1,secu2,secu3,locp,actp,etatp,Num_Acc,catr,voie,v1,v2,circ,nbv,vosp,prof,pr,pr1,plan,lartpc,larrout,surf,infra,situ,vma
201900016425,19,11,2019,08:20:00,1,77,77294,2,2,1,2,"LILAS (AVENUE DES)","48,9553678","2,6067612",201900016425,138 275 760,Y01,3,1,0,2,4,19,0,NULL,201900016425,138 275 761,A01,1,1,1,2,1967,2,8,0,-1,-1," -1",-1,201900016425,4,"LILAS (AVENUE DES)",0,NULL,2,2,0,1,1,0,1,NULL,NULL,1,0,1,50
201900018775,31,1,2019,08:15:00,5,75,75120,2,3,1,2,"RUE DE TLEMCEN","48,8645910","2,3872770",201900018775,138 271 321,B01,1,1,0,2,1,1,5,NULL,201900018775,138 271 321,B01,1,1,4,2,1984,1,2,0,-1,0,0,-1,201900018775,4,"RUE DE TLEMCEN",0,NULL,1,1,0,1,0,0,1,NULL,NULL,1,0,1,30
201900018775,31,1,2019,08:15:00,5,75,75120,2,3,1,2,"RUE DE TLEMCEN","48,8645910","2,3872770",201900018775,138 271 321,B01,1,1,0,2,1,1,5,NULL,201900018775,138 271 322,A01,1,1,1,1,1977,4,1,0,-1,0,0,-1,201900018775,4,"RUE DE TLEMCEN",0,NULL,1,1,0,1,0,0,1,NULL,NULL,1,0,1,30
201900019899,6,5,2019,15:19:00,1,971,97113,2,1,1,1,"SECTION MOREAU","16,2400000"," -61,4700000",201900019899,138 269 213,A01,0,1,0,2,0,13,6,NULL,201900019899,138 269 213,A01,1,1,3,1,2004,0,2,0,-1,-1," -1",-1,201900019899,4,"ROUTE DE MOREAU",0,NULL,2,2,0,4,0,0,1,NULL,NULL,1,0,1,50
201900019899,6,5,2019,15:19:00,1,971,97113,2,1,1,1,"SECTION MOREAU","16,2400000"," -61,4700000",201900019899,138 269 213,A01,0,1,0,2,0,13,6,NULL,201900019899,138 269 214,B01,1,1,1,1,1986,0,1,8,-1,-1," -1",-1,201900019899,4,"ROUTE DE MOREAU",0,NULL,2,2,0,4,0,0,1,NULL,NULL,1,0,1,50
201900020223,15,3,2019,18:52:00,5,92,92026,2,2,1,3,"VERDUN (DE 01 A 61)","48,9004200","2,2607900",201900020223,138 268 589,A01,1,1,0,2,1,7,5,NULL,201900020223,138 268 588,B01,1,1,1,1,1981,4,1,0,-1,-1,0,-1,201900020223,3,908,0,NULL,2,5,3,1,0,0,1,NULL,NULL,1,0,1,50
201900020223,15,3,2019,18:52:00,5,92,92026,2,2,1,3,"VERDUN (DE 01 A 61)","48,9004200","2,2607900",201900020223,138 268 589,A01,1,1,0,2,1,7,5,NULL,201900020223,138 268 589,A01,1,1,4,1,1981,1,8,0,-1,0,0,-1,201900020223,3,908,0,NULL,2,5,3,1,0,0,1,NULL,NULL,1,0,1,50
201900022146,15,11,2019,06:00:00,5,75,75116,2,4,2,3,"ROUTE DE LA MUETTE A NEUILLY","48,8645060","2,2665030",201900022146,138 264 915,A01,1,1,0,2,4,13,5,NULL,201900022146,138 264 915,A01,1,1,1,1,1967,0,8,2,-1,0,0,-1,201900022146,4,"ROUTE DE LA MUETTE A NEUILLY",0,NULL,2,2,0,1,0,0,1,NULL,NULL,2,0,1,50
201900022146,15,11,2019,06:00:00,5,75,75116,2,4,2,3,"ROUTE DE LA MUETTE A NEUILLY","48,8645060","2,2665030",201900022146,138 264 915,A01,1,1,0,2,4,13,5,NULL,201900022146,138 264 916,B01,1,1,4,1,1958,0,1,0,-1,0,0,-1,201900022146,4,"ROUTE DE LA MUETTE A NEUILLY",0,NULL,2,2,0,1,0,0,1,NULL,NULL,2,0,1,50
201900024296,9,10,2019,10:50:00,1,75,75115,2,1,2,7,"RUE FALGUIERE","48,8409000","2,3132700",201900024296,138 260 667,A01,2,1,0,0,1,21,5,NULL,201900024296,138 260 667,A01,1,1,4,2,1957,5,8,2,-1,0,0,-1,201900024296,4,"RUE FALGUIERE",0,NULL,2,2,1,1,62,0,1,NULL,NULL,2,0,5,30
201900025406,24,5,2019,08:30:00,1,67,67482,2,3,7,3,"ROBERTSAU (ALLEE DE LA)","48,5920160","7,7694710",201900025406,138 258 530,B01,2,1,0,2,1,1,0,NULL,201900025406,138 258 529,A01,1,1,1,1,1978,0,1,8,-1,-1,0,-1,201900025406,4,"ROBERTSAU (ALLEE DE LA)",0,NULL,3,4,0,1,0,0,1,NULL,NULL,1,0,1,50
201900025406,24,5,2019,08:30:00,1,67,67482,2,3,7,3,"ROBERTSAU (ALLEE DE LA)","48,5920160","7,7694710",201900025406,138 258 530,B01,2,1,0,2,1,1,0,NULL,201900025406,138 258 530,B01,1,1,4,2,1961,0,8,8,-1,-1,0,-1,201900025406,4,"ROBERTSAU (ALLEE DE LA)",0,NULL,3,4,0,1,0,0,1,NULL,NULL,1,0,1,50
201900025809,21,12,2019,07:35:00,5,75,75107,2,4,1,3,"RUE DE LUYNES","48,8547300","2,3259960",201900025809,138 257 739,B01,1,1,0,2,1,1,5,NULL,201900025809,138 257 738,A01,1,1,1,1,1970,0,1,0,-1,0,0,-1,201900025809,4,"RUE DE LUYNES",0,NULL,1,1,1,1,0,0,1,NULL,NULL,1,0,5,30
201900025809,21,12,2019,07:35:00,5,75,75107,2,4,1,3,"RUE DE LUYNES","48,8547300","2,3259960",201900025809,138 257 739,B01,1,1,0,2,1,1,5,NULL,201900025809,138 257 739,B01,1,1,4,2,1996,0,8,2,-1,0,0,-1,201900025809,4,"RUE DE LUYNES",0,NULL,1,1,1,1,0,0,1,NULL,NULL,1,0,5,30
201900026397,6,9,2019,07:00:00,2,75,75115,2,7,1,7,"BOULEVARD PASTEUR","48,8406120","2,3149750",201900026397,138 256 609,A01,2,1,0,0,0,1,5,NULL,201900026397,138 256 609,A01,1,1,4,2,1958,1,2,8,-1,0,0,-1,201900026397,4,"BOULEVARD PASTEUR",0,NULL,3,2,0,2,0,0,1,NULL,NULL,1,5,1,50
201900027447,11,11,2019,18:12:00,5,77,77083,2,2,8,3,"BLAISE PASCAL (AVENUE)","48,8404175","2,5862647",201900027447,138 254 678,B01,1,1,0,2,1,19,5,NULL,201900027447,138 254 677,A01,1,1,1,2,1982,5,1,0,-1,-1," -1",-1,201900027447,4,"BLAISE PASCAL (AVENUE)",0,NULL,2,2,0,1,0,0,1,NULL,NULL,2,5,1,50
201900027447,11,11,2019,18:12:00,5,77,77083,2,2,8,3,"BLAISE PASCAL (AVENUE)","48,8404175","2,5862647",201900027447,138 254 678,B01,1,1,0,2,1,19,5,NULL,201900027447,138 254 678,B01,1,1,4,1,1962,5,8,0,-1,0,0,-1,201900027447,4,"BLAISE PASCAL (AVENUE)",0,NULL,2,2,0,1,0,0,1,NULL,NULL,2,5,1,50
201900029174,21,4,2019,04:05:00,5,37,37122,2,1,1,7,"MARTYRS (RUE DES)","47,3554900","0,6671200",201900029174,138 251 486,A01,3,1,0,0,0,1,5,NULL,201900029174,138 251 486,A01,1,1,3,1,1988,5,8,0,-1,-1,0,-1,201900029174,4,"MARTYRS (RUE DES)",0,NULL,2,2,0,1,0,0,1,NULL,NULL,1,0,1,50
201900031333,14,12,2019,19:03:00,5,92,92025,2,2,1,3,"GABRIEL PERI (RUE)","48,9145400","2,2292090",201900031333,138 247 433,A01,3,1,0,4,2,1,5,NULL,201900031333,138 247 432,B01,1,1,1,1,1976,4,1,0,-1,-1,0,-1,201900031333,3,986,0,NULL,2,4,0,1,0,0,1,NULL,NULL,1,4,1,50
201900031333,14,12,2019,19:03:00,5,92,92025,2,2,1,3,"GABRIEL PERI (RUE)","48,9145400","2,2292090",201900031333,138 247 433,A01,3,1,0,4,2,1,5,NULL,201900031333,138 247 432,B01,2,2,4,2,1979,9,8,0,-1,-1,0,-1,201900031333,3,986,0,NULL,2,4,0,1,0,0,1,NULL,NULL,1,4,1,50
201900031333,14,12,2019,19:03:00,5,92,92025,2,2,1,3,"GABRIEL PERI (RUE)","48,9145400","2,2292090",201900031333,138 247 433,A01,3,1,0,4,2,1,5,NULL,201900031333,138 247 432,B01,2,2,4,2,1966,0,8,0,-1,-1,0,-1,201900031333,3,986,0,NULL,2,4,0,1,0,0,1,NULL,NULL,1,4,1,50
201900031333,14,12,2019,19:03:00,5,92,92025,2,2,1,3,"GABRIEL PERI (RUE)","48,9145400","2,2292090",201900031333,138 247 433,A01,3,1,0,4,2,1,5,NULL,201900031333,138 247 433,A01,1,1,3,1,1956,0,8,0,-1,-1,0,-1,201900031333,3,986,0,NULL,2,4,0,1,0,0,1,NULL,NULL,1,4,1,50
201900034635,13,12,2019,20:35:00,5,29,29039,2,1,2,6,"LAPEROUSE ( RUE)","47,8711700"," -3,9218800",201900034635,138 241 078,A01,3,1,0,1,8,26,5,NULL,201900034635,138 241 078,A01,1,1,1,1,1968,5,8,0,-1,0,0,-1,201900034635,4,"LAPEROUSE ( RUE)",0,NULL,1,1,0,1,0,0,1,NULL,NULL,2,0,1,30
201900034635,13,12,2019,20:35:00,5,29,29039,2,1,2,6,"LAPEROUSE ( RUE)","47,8711700"," -3,9218800",201900034635,138 241 078,A01,3,1,0,1,8,26,5,NULL,201900034635,138 241 078,A01,10,3,4,2,1966,5,0,-1,-1,1,3,1,201900034635,4,"LAPEROUSE ( RUE)",0,NULL,1,1,0,1,0,0,1,NULL,NULL,2,0,1,30
201900036067,24,7,2019,12:35:00,1,29,29228,1,1,1,3,D784,"48,0302406"," -4,6166718",201900036067,138 238 312,B01,1,1,0,0,8,2,5,NULL,201900036067,138 238 311,A01,1,1,1,2,1949,3,1,-1,-1,0,0,-1,201900036067,3,784,NULL,NULL,2,2,0,1,38,20,1,NULL,NULL,1,0,1,80
201900036067,24,7,2019,12:35:00,1,29,29228,1,1,1,3,D784,"48,0302406"," -4,6166718",201900036067,138 238 312,B01,1,1,0,0,8,2,5,NULL,201900036067,138 238 312,B01,1,1,3,1,1944,5,8,-1,-1,0,0,-1,201900036067,3,784,NULL,NULL,2,2,0,1,38,20,1,NULL,NULL,1,0,1,80
201900037220,16,1,2019,20:55:00,5,75,75112,2,3,1,3,"RUE DE CHARENTON","48,8479830","2,3766280",201900037220,138 236 075,B01,1,1,0,2,6,15,5,NULL,201900037220,138 236 075,B01,1,1,4,2,1990,5,2,0,-1,0,0,-1,201900037220,4,"RUE DE CHARENTON",0,NULL,1,1,0,1,0,0,1,NULL,NULL,1,0,1,50
201900037220,16,1,2019,20:55:00,5,75,75112,2,3,1,3,"RUE DE CHARENTON","48,8479830","2,3766280",201900037220,138 236 075,B01,1,1,0,2,6,15,5,NULL,201900037220,138 236 076,A01,1,1,1,1,2000,4,2,6,-1,0,0,-1,201900037220,4,"RUE DE CHARENTON",0,NULL,1,1,0,1,0,0,1,NULL,NULL,1,0,1,50
201900037220,16,1,2019,20:55:00,5,75,75112,2,3,1,3,"RUE DE CHARENTON","48,8479830","2,3766280",201900037220,138 236 075,B01,1,1,0,2,6,15,5,NULL,201900037220,138 236 076,A01,2,2,1,1,1999,4,2,6,-1,0,0,-1,201900037220,4,"RUE DE CHARENTON",0,NULL,1,1,0,1,0,0,1,NULL,NULL,1,0,1,50
201900039086,19,1,2019,09:13:00,1,77,77508,1,6,1,3,"RD 231/ RD 21","48,8188110","2,8180220",201900039086,138 232 623,B01,1,1,0,2,2,1,0,NULL,201900039086,138 232 622,A01,1,1,1,1,1987,4,1,-1,-1,0,0,-1,201900039086,3,231,0,NULL,2,2,0,1,44,756,1,NULL,NULL,1,5,1,80
201900039086,19,1,2019,09:13:00,1,77,77508,1,6,1,3,"RD 231/ RD 21","48,8188110","2,8180220",201900039086,138 232 623,B01,1,1,0,2,2,1,0,NULL,201900039086,138 232 623,B01,1,1,3,1,1963,5,2,-1,-1,0,0,-1,201900039086,3,231,0,NULL,2,2,0,1,44,756,1,NULL,NULL,1,5,1,80
201900039143,29,8,2019,22:50:00,5,33,33063,2,2,1,3,"Crs de la Marne / R. Malbec","44,8281880"," -0,5607620",201900039143,138 232 525,A01,1,1,0,2,1,1,5,NULL,201900039143,138 232 524,B01,1,1,1,2,1954,0,8,0,-1,-1," -1",-1,201900039143,4,"CRS DE LA MARNE",0,NULL,2,3,0,1,0,0,1,NULL,NULL,1,0,1,50
201900039143,29,8,2019,22:50:00,5,33,33063,2,2,1,3,"Crs de la Marne / R. Malbec","44,8281880"," -0,5607620",201900039143,138 232 525,A01,1,1,0,2,1,1,5,NULL,201900039143,138 232 525,A01,1,1,4,1,1992,0,8,0,-1,-1," -1",-1,201900039143,4,"CRS DE LA MARNE",0,NULL,2,3,0,1,0,0,1,NULL,NULL,1,0,1,50
201900042571,24,2,2019,11:20:00,1,13,13030,2,2,1,3,"RD8N PK 60.100","43,2755120","5,7156730",201900042571,138 226 107,A01,2,1,0,2,1,1,5,NULL,201900042571,138 226 106,B01,1,1,1,1,1982,5,2,-1,-1,0,0,-1,201900042571,3,8,NULL,N,2,2,0,2,60,100,2,NULL,NULL,1,5,1,70
201900042571,24,2,2019,11:20:00,1,13,13030,2,2,1,3,"RD8N PK 60.100","43,2755120","5,7156730",201900042571,138 226 107,A01,2,1,0,2,1,1,5,NULL,201900042571,138 226 106,B01,2,2,1,2,1992,5,2,6,-1,0,0,-1,201900042571,3,8,NULL,N,2,2,0,2,60,100,2,NULL,NULL,1,5,1,70
201900042571,24,2,2019,11:20:00,1,13,13030,2,2,1,3,"RD8N PK 60.100","43,2755120","5,7156730",201900042571,138 226 107,A01,2,1,0,2,1,1,5,NULL,201900042571,138 226 107,A01,1,1,4,1,1975,5,2,-1,-1,0,0,-1,201900042571,3,8,NULL,N,2,2,0,2,60,100,2,NULL,NULL,1,5,1,70
201900043039,25,8,2019,11:00:00,1,39,39261,1,1,1,3,NULL,"46,4636070","5,4487560",201900043039,138 225 210,A01,1,1,10,2,8,13,5,NULL,201900043039,138 225 209,B01,1,1,4,1,1968,5,2,-1,-1,0,0,-1,201900043039,3,51E2,NULL,NULL,2,2,0,1,0,120,1,NULL,NULL,1,2,1,80
201900043039,25,8,2019,11:00:00,1,39,39261,1,1,1,3,NULL,"46,4636070","5,4487560",201900043039,138 225 209,B01,1,1,0,2,7,14,5,NULL,201900043039,138 225 209,B01,1,1,4,1,1968,5,2,-1,-1,0,0,-1,201900043039,3,51E2,NULL,NULL,2,2,0,1,0,120,1,NULL,NULL,1,2,1,80
201900043039,25,8,2019,11:00:00,1,39,39261,1,1,1,3,NULL,"46,4636070","5,4487560",201900043039,138 225 210,A01,1,1,10,2,8,13,5,NULL,201900043039,138 225 210,A01,1,1,4,1,1966,5,2,-1,-1,0,0,-1,201900043039,3,51E2,NULL,NULL,2,2,0,1,0,120,1,NULL,NULL,1,2,1,80
201900043039,25,8,2019,11:00:00,1,39,39261,1,1,1,3,NULL,"46,4636070","5,4487560",201900043039,138 225 209,B01,1,1,0,2,7,14,5,NULL,201900043039,138 225 210,A01,1,1,4,1,1966,5,2,-1,-1,0,0,-1,201900043039,3,51E2,NULL,NULL,2,2,0,1,0,120,1,NULL,NULL,1,2,1,80
201900045547,14,5,2019,08:35:00,1,92,92062,2,1,7,3,"GENERAL DE GAULLE (AV) DU 44 AU 106","48,8865900","2,2315200",201900045547,138 220 454,B01,1,1,0,2,7,19,6,NULL,201900045547,138 220 453,A01,1,1,4,1,1961,1,2,6,-1,-1,0,-1,201900045547,3,913,0,NULL,1,4,3,1,0,0,1,NULL,NULL,1,6,1,50
201900045547,14,5,2019,08:35:00,1,92,92062,2,1,7,3,"GENERAL DE GAULLE (AV) DU 44 AU 106","48,8865900","2,2315200",201900045547,138 220 454,B01,1,1,0,2,7,19,6,NULL,201900045547,138 220 454,B01,1,1,4,1,2005,2,8,0,-1,-1,0,-1,201900045547,3,913,0,NULL,1,4,3,1,0,0,1,NULL,NULL,1,6,1,50
201900047323,16,5,2019,17:45:00,1,33,33352,2,1,1,3,"RD9E1/Parking agents SNCF","44,5796200"," -0,0297000",201900047323,138 217 062,A01,2,1,0,2,3,19,0,NULL,201900047323,138 217 062,A01,1,1,4,1,2003,9,0,-1,-1,0,0,-1,201900047323,3,9E1,NULL,E,2,2,0,1,4,550,1,NULL,NULL,1,0,1,50
201900047323,16,5,2019,17:45:00,1,33,33352,2,1,1,3,"RD9E1/Parking agents SNCF","44,5796200"," -0,0297000",201900047323,138 217 062,A01,2,1,0,2,3,19,0,NULL,201900047323,138 217 063,B01,1,1,1,2,1974,0,1,-1,-1,0,0,-1,201900047323,3,9E1,NULL,E,2,2,0,1,4,550,1,NULL,NULL,1,0,1,50
201900048341,26,9,2019,10:10:00,1,75,75105,2,4,1,3,"PONT DE SULLY","48,8494060","2,3567876",201900048341,138 215 166,B01,1,1,0,2,8,16,5,NULL,201900048341,138 215 166,B01,1,1,4,2,1955,0,8,2,-1,0,0,-1,201900048341,4,"PONT DE SULLY",0,NULL,1,2,-1,1,0,0,1,NULL,NULL,1,8,1,50
201900048341,26,9,2019,10:10:00,1,75,75105,2,4,1,3,"PONT DE SULLY","48,8494060","2,3567876",201900048341,138 215 166,B01,1,1,0,2,8,16,5,NULL,201900048341,138 215 167,A01,1,1,1,1,1972,0,1,0,-1,0,0,-1,201900048341,4,"PONT DE SULLY",0,NULL,1,2,-1,1,0,0,1,NULL,NULL,1,8,1,50
201900048661,1,4,2019,18:10:00,1,94,94034,2,1,1,3,"ORMES (R DES)","48,7531400","2,3276500",201900048661,138 214 564,B01,3,1,0,2,1,19,5,NULL,201900048661,138 214 564,B01,1,1,4,2,2009,0,8,0,-1,-1," -1",-1,201900048661,4,"ORMES (R DES)",0,NULL,2,2,0,1,0,0,1,NULL,NULL,1,0,1,30
201900048661,1,4,2019,18:10:00,1,94,94034,2,1,1,3,"ORMES (R DES)","48,7531400","2,3276500",201900048661,138 214 564,B01,3,1,0,2,1,19,5,NULL,201900048661,138 214 565,A01,1,1,1,1,1991,5,1,0,-1,-1,0,-1,201900048661,4,"ORMES (R DES)",0,NULL,2,2,0,1,0,0,1,NULL,NULL,1,0,1,30
201900053430,4,1,2019,16:25:00,1,972,97209,2,1,1,2,"22 MAI 1848 (PLACE DU)","14,6133900"," -61,0708400",201900053430,138 205 583,B01,3,1,0,2,1,2,5,NULL,201900053430,138 205 583,B01,1,1,4,1,2004,5,8,0,-1,-1," -1",-1,201900053430,4,"22 MAI 1848 (PLACE DU)",0,NULL,2,2,0,2,0,0,1,NULL,NULL,1,6,2,50
201900053430,4,1,2019,16:25:00,1,972,97209,2,1,1,2,"22 MAI 1848 (PLACE DU)","14,6133900"," -61,0708400",201900053430,138 205 583,B01,3,1,0,2,1,2,5,NULL,201900053430,138 205 584,A01,1,1,1,1,1956,0,1,0,-1,-1,0,-1,201900053430,4,"22 MAI 1848 (PLACE DU)",0,NULL,2,2,0,2,0,0,1,NULL,NULL,1,6,2,50
201900054900,8,6,2019,08:39:00,1,6,06004,2,1,1,6,"BORD DE MER RN.98 LA SIESTA","43,5999000","7,1254900",201900054900,138 202 852,B01,3,1,0,2,4,2,6,NULL,201900054900,138 202 851,C01,1,1,3,1,1959,5,8,8,-1,0,0,-1,201900054900,3,6098,0,NULL,2,4,1,1,0,0,1,NULL,NULL,1,0,1,50
201900054900,8,6,2019,08:39:00,1,6,06004,2,1,1,6,"BORD DE MER RN.98 LA SIESTA","43,5999000","7,1254900",201900054900,138 202 851,C01,3,1,0,2,4,1,6,NULL,201900054900,138 202 851,C01,1,1,3,1,1959,5,8,8,-1,0,0,-1,201900054900,3,6098,0,NULL,2,4,1,1,0,0,1,NULL,NULL,1,0,1,50
201900054900,8,6,2019,08:39:00,1,6,06004,2,1,1,6,"BORD DE MER RN.98 LA SIESTA","43,5999000","7,1254900",201900054900,138 202 852,B01,3,1,0,2,4,2,6,NULL,201900054900,138 202 852,B01,1,1,3,1,1953,5,8,8,-1,0,0,-1,201900054900,3,6098,0,NULL,2,4,1,1,0,0,1,NULL,NULL,1,0,1,50
201900054900,8,6,2019,08:39:00,1,6,06004,2,1,1,6,"BORD DE MER RN.98 LA SIESTA","43,5999000","7,1254900",201900054900,138 202 851,C01,3,1,0,2,4,1,6,NULL,201900054900,138 202 852,B01,1,1,3,1,1953,5,8,8,-1,0,0,-1,201900054900,3,6098,0,NULL,2,4,1,1,0,0,1,NULL,NULL,1,0,1,50
201900054900,8,6,2019,08:39:00,1,6,06004,2,1,1,6,"BORD DE MER RN.98 LA SIESTA","43,5999000","7,1254900",201900054900,138 202 852,B01,3,1,0,2,4,2,6,NULL,201900054900,138 202 853,A01,10,3,4,1,1950,0,8,0,-1,6,1,2,201900054900,3,6098,0,NULL,2,4,1,1,0,0,1,NULL,NULL,1,0,1,50
201900054900,8,6,2019,08:39:00,1,6,06004,2,1,1,6,"BORD DE MER RN.98 LA SIESTA","43,5999000","7,1254900",201900054900,138 202 851,C01,3,1,0,2,4,1,6,NULL,201900054900,138 202 853,A01,10,3,4,1,1950,0,8,0,-1,6,1,2,201900054900,3,6098,0,NULL,2,4,1,1,0,0,1,NULL,NULL,1,0,1,50
201900054900,8,6,2019,08:39:00,1,6,06004,2,1,1,6,"BORD DE MER RN.98 LA SIESTA","43,5999000","7,1254900",201900054900,138 202 852,B01,3,1,0,2,4,2,6,NULL,201900054900,138 202 853,A01,1,1,1,1,1982,1,1,8,-1,0,0,-1,201900054900,3,6098,0,NULL,2,4,1,1,0,0,1,NULL,NULL,1,0,1,50
201900054900,8,6,2019,08:39:00,1,6,06004,2,1,1,6,"BORD DE MER RN.98 LA SIESTA","43,5999000","7,1254900",201900054900,138 202 851,C01,3,1,0,2,4,1,6,NULL,201900054900,138 202 853,A01,1,1,1,1,1982,1,1,8,-1,0,0,-1,201900054900,3,6098,0,NULL,2,4,1,1,0,0,1,NULL,NULL,1,0,1,50
201900055375,3,1,2019,10:00:00,1,93,93070,2,1,1,3,"BATELIERS (RUE DES)","48,9149400","2,3304200",201900055375,138 201 965,B01,1,1,0,2,3,1,5,NULL,201900055375,138 201 963,A01,1,1,1,2,1978,1,1,0,-1,-1,0,-1,201900055375,4,"BATELIERS (RUE DES)",0,NULL,2,3,1,1,0,0,1,NULL,NULL,1,0,1,50
201900055375,3,1,2019,10:00:00,1,93,93070,2,1,1,3,"BATELIERS (RUE DES)","48,9149400","2,3304200",201900055375,138 201 965,B01,1,1,0,2,3,1,5,NULL,201900055375,138 201 965,B01,1,1,4,1,1990,4,2,8,-1,-1," -1",-1,201900055375,4,"BATELIERS (RUE DES)",0,NULL,2,3,1,1,0,0,1,NULL,NULL,1,0,1,50
201900055510,23,9,2019,16:50:00,2,974,97415,2,6,1,3,"Giratoire route du Trou d'Eau / Avenue de la Mer - HERMITAGE LES BAINS"," -21,0751600","55,2273690",201900055510,138 201 734,B01,2,1,0,2,5,1,5,NULL,201900055510,138 201 734,B01,1,1,3,1,1962,5,2,-1,-1,0,0,-1,201900055510,4,1,NULL,NULL,2,2,2,1,(1),(1),1,NULL,NULL,1,0,1,50
201900055510,23,9,2019,16:50:00,2,974,97415,2,6,1,3,"Giratoire route du Trou d'Eau / Avenue de la Mer - HERMITAGE LES BAINS"," -21,0751600","55,2273690",201900055510,138 201 734,B01,2,1,0,2,5,1,5,NULL,201900055510,138 201 735,A01,1,1,1,2,1970,0,1,-1,-1,0,0,-1,201900055510,4,1,NULL,NULL,2,2,2,1,(1),(1),1,NULL,NULL,1,0,1,50
201900057936,21,9,2019,17:15:00,1,75,75115,2,2,1,3,"RUE DE L ABBE GROULT","48,8396525","2,2965330",201900057936,138 197 274,A01,1,1,0,2,7,1,5,NULL,201900057936,138 197 251,B01,1,1,1,1,1948,5,1,0,-1,0,0,-1,201900057936,4,"RUE DE L ABBE GROULT",0,NULL,1,1,0,1,0,0,1,NULL,NULL,1,0,1,50
201900057936,21,9,2019,17:15:00,1,75,75115,2,2,1,3,"RUE DE L ABBE GROULT","48,8396525","2,2965330",201900057936,138 197 274,A01,1,1,0,2,7,1,5,NULL,201900057936,138 197 274,A01,1,1,4,1,2002,5,8,2,-1,0,0,-1,201900057936,4,"RUE DE L ABBE GROULT",0,NULL,1,1,0,1,0,0,1,NULL,NULL,1,0,1,50
201900009104,22,11,2019,08:05:00,2,45,45234,2,3,8,3,"R A SAVARY - R ST FIACRE","47,8905900","1,9099800",201900009104,138 289 493,B01,3,1,0,2,8,1,5,NULL,201900009104,138 289 493,B01,1,1,4,2,2005,2,2,0,-1,0,0,-1,201900009104,4,"RUE SAINT FIACRE",0,NULL,2,2,0,1,(1),(1),1,NULL,NULL,2,0,1,50
201900009104,22,11,2019,08:05:00,2,45,45234,2,3,8,3,"R A SAVARY - R ST FIACRE","47,8905900","1,9099800",201900009104,138 289 493,B01,3,1,0,2,8,1,5,NULL,201900009104,138 289 494,A01,1,1,1,1,1973,1,1,0,-1,0,0,-1,201900009104,4,"RUE SAINT FIACRE",0,NULL,2,2,0,1,(1),(1),1,NULL,NULL,2,0,1,50
201900009879,8,2,2019,23:03:00,5,987,98714,2,9,1,3,"Vaitape - quartier Tiipoto"," -16,4988880"," -145,7382180",201900009879,138 288 068,B01,3,1,0,2,6,26,5,NULL,201900009879,138 288 067,A01,1,1,1,2,1980,5,1,-1,-1,0,0,-1,201900009879,2,101,NULL,R,2,2,0,1,(1),(1),1,NULL,NULL,1,0,1,40
201900009879,8,2,2019,23:03:00,5,987,98714,2,9,1,3,"Vaitape - quartier Tiipoto"," -16,4988880"," -145,7382180",201900009879,138 288 068,B01,3,1,0,2,6,26,5,NULL,201900009879,138 288 068,B01,1,1,3,1,1976,5,0,-1,-1,0,0,-1,201900009879,2,101,NULL,R,2,2,0,1,(1),(1),1,NULL,NULL,1,0,1,40
201900011336,18,12,2019,17:10:00,5,75,75107,2,2,1,3,"BOULEVARD SAINT GERMAIN","48,8599960","2,3216880",201900011336,138 285 437,A01,1,1,0,2,1,12,5,NULL,201900011336,138 285 437,A01,1,1,1,1,1985,0,8,2,-1,0,0,-1,201900011336,4,"BOULEVARD SAINT GERMAIN",0,NULL,1,3,-1,1,0,0,1,NULL,NULL,1,0,1,50
201900011336,18,12,2019,17:10:00,5,75,75107,2,2,1,3,"BOULEVARD SAINT GERMAIN","48,8599960","2,3216880",201900011336,138 285 437,A01,1,1,0,2,1,12,5,NULL,201900011336,138 285 438,B01,1,1,4,2,1964,0,2,6,-1,0,0,-1,201900011336,4,"BOULEVARD SAINT GERMAIN",0,NULL,1,3,-1,1,0,0,1,NULL,NULL,1,0,1,50
201900013685,4,2,2019,18:30:00,3,62,62221,1,1,9,2,D77,"50,3826000","2,4658548",201900013685,138 280 942,B01,2,1,0,0,4,2,6,NULL,201900013685,138 280 942,B01,1,1,3,1,1971,5,0,-1,-1,0,0,-1,201900013685,3,77,0,NULL,2,2,0,1,12,400,1,NULL,NULL,2,0,1,80
201900016228,2,7,2019,17:30:00,1,64,64483,2,1,1,3,"CHANTACO (AVENUE DE )","43,3825395"," -1,6483494",201900016228,138 276 194,B01,2,1,0,2,8,1,5,NULL,201900016228,138 276 193,A01,1,1,1,2,1935,0,1,0,-1,-1,0,-1,201900016228,3,918,0,NULL,2,-1,1,1,1,200,1,NULL,NULL,1,0,1,50
201900016228,2,7,2019,17:30:00,1,64,64483,2,1,1,3,"CHANTACO (AVENUE DE )","43,3825395"," -1,6483494",201900016228,138 276 194,B01,2,1,0,2,8,1,5,NULL,201900016228,138 276 194,B01,1,1,4,1,1991,0,2,0,-1,-1,0,-1,201900016228,3,918,0,NULL,2,-1,1,1,1,200,1,NULL,NULL,1,0,1,50