Num_Acc,jour,mois,an,hrmn,lum,dep,com,agg,int,atm,col,adr,lat,long,Num_Acc,id_vehicule,num_veh,senc,catv,obs,obsm,choc,manv,motor,occutc,Num_Acc,id_vehicule,num_veh,place,catu,grav,sexe,an_nais,trajet,secu1,secu2,secu3,locp,actp,etatp,Num_Acc,catr,voie,v1,v2,circ,nbv,vosp,prof,pr,pr1,plan,lartpc,larrout,surf,infra,situ,vma
201900018151,2,5,2019,21:50:00,5,69,69386,2,2,1,3,"CREQUI (DE)                         (R )","45,7669900","4,8463900",201900018151,138 272 461,B01,1,1,0,2,4,1,6,NULL,201900018151,138 272 460,A01,1,1,1,1,1995,0,8,0,-1,0,0,-1,201900018151,4,"CREQUI (DE)                         (R )",0,NULL,1,1,1,1,1,0,1,NULL,NULL,1,0,1,50
201900018151,2,5,2019,21:50:00,5,69,69386,2,2,1,3,"CREQUI (DE)                         (R )","45,7669900","4,8463900",201900018151,138 272 461,B01,1,1,0,2,4,1,6,NULL,201900018151,138 272 461,B01,1,1,4,1,1989,0,8,0,-1,0,0,-1,201900018151,4,"CREQUI (DE)                         (R )",0,NULL,1,1,1,1,1,0,1,NULL,NULL,1,0,1,50
201900021713,2,5,2019,17:45:00,1,87,87085,2,1,2,7,"SAINTE CLAIRE (RUE)","45,8240800","1,2453900",201900021713,138 265 790,A01,2,1,0,0,0,1,5,NULL,201900021713,138 265 790,A01,1,1,4,1,1967,5,8,0,-1,0,0,-1,201900021713,4,"SAINTE CLAIRE (RUE)",0,NULL,2,2,0,1,0,0,1,NULL,NULL,2,0,1,50
201900022970,11,4,2019,11:50:00,1,33,33238,2,3,1,3,"rue du 19 mars 1962","44,7306400"," -0,5977700",201900022970,138 263 384,A01,1,1,0,2,4,1,5,NULL,201900022970,138 263 383,B01,1,1,1,2,1936,3,1,-1,-1,0,0,-1,201900022970,4,"Rue du 19 mars 1962",0,NULL,2,2,0,1,(1),(1),2,NULL,NULL,1,0,1,50
201900022970,11,4,2019,11:50:00,1,33,33238,2,3,1,3,"rue du 19 mars 1962","44,7306400"," -0,5977700",201900022970,138 263 384,A01,1,1,0,2,4,1,5,NULL,201900022970,138 263 384,A01,1,1,4,2,2004,5,0,-1,-1,0,0,-1,201900022970,4,"Rue du 19 mars 1962",0,NULL,2,2,0,1,(1),(1),2,NULL,NULL,1,0,1,50
201900025412,15,5,2019,19:00:00,1,67,67482,2,3,7,3,"MARECHAL FOCH (RUE DU)","48,5885800","7,7521600",201900025412,138 258 520,B01,2,1,0,2,7,1,5,NULL,201900025412,138 258 520,B01,1,1,4,2,1979,1,8,0,-1,-1,0,-1,201900025412,4,"MARECHAL FOCH (RUE DU)",0,NULL,2,2,0,1,0,0,1,NULL,NULL,1,0,1,50
201900025412,15,5,2019,19:00:00,1,67,67482,2,3,7,3,"MARECHAL FOCH (RUE DU)","48,5885800","7,7521600",201900025412,138 258 520,B01,2,1,0,2,7,1,5,NULL,201900025412,138 258 521,A01,1,1,1,2,1985,5,1,8,-1,-1,0,-1,201900025412,4,"MARECHAL FOCH (RUE DU)",0,NULL,2,2,0,1,0,0,1,NULL,NULL,1,0,1,50
201900026409,6,9,2019,09:35:00,1,75,75111,2,7,1,6,"PLACE DE LA REPUBLIQUE","48,8667400","2,3651600",201900026409,138 256 591,A01,1,1,0,2,6,15,5,NULL,201900026409,138 256 591,A01,1,1,4,2,1951,1,2,0,0,0,0,-1,201900026409,4,"PLACE DE LA REPUBLIQUE",0,NULL,2,2,1,1,0,0,1,NULL,NULL,1,0,5,50
201900026409,6,9,2019,09:35:00,1,75,75111,2,7,1,6,"PLACE DE LA REPUBLIQUE","48,8667400","2,3651600",201900026409,138 256 590,Z01,1,1,0,2,1,2,5,NULL,201900026409,138 256 591,A01,1,1,4,2,1951,1,2,0,0,0,0,-1,201900026409,4,"PLACE DE LA REPUBLIQUE",0,NULL,2,2,1,1,0,0,1,NULL,NULL,1,0,5,50
201900029529,19,12,2019,11:30:00,1,75,75104,2,4,8,7,"QUAI DES CELESTINS","48,8510270","2,3611270",201900029529,138 250 749,A01,2,1,0,0,7,16,5,NULL,201900029529,138 250 749,A01,1,1,4,1,1947,9,8,2,-1,0,0,-1,201900029529,4,"VOIE GEORGES POMPIDOU",0,NULL,2,2,-1,2,0,0,1,NULL,NULL,3,6,6,30
201900030328,11,4,2019,07:40:00,2,93,93001,2,3,1,3,"VICTOR HUGO (AVE)  => 120","48,9062500","2,3753300",201900030328,138 249 256,B01,2,1,0,0,8,19,0,NULL,201900030328,138 249 256,B01,1,1,4,1,1985,1,8,0,-1,-1," -1",-1,201900030328,3,901,0,NULL,2,4,0,1,0,1,1,NULL,NULL,1,0,1,50
201900030328,11,4,2019,07:40:00,2,93,93001,2,3,1,3,"VICTOR HUGO (AVE)  => 120","48,9062500","2,3753300",201900030328,138 249 256,B01,2,1,0,0,8,19,0,NULL,201900030328,138 249 257,A01,1,1,4,1,1999,0,2,6,-1,-1," -1",-1,201900030328,3,901,0,NULL,2,4,0,1,0,1,1,NULL,NULL,1,0,1,50
201900030657,25,7,2019,00:05:00,5,75,75120,2,2,1,3,"RUE D AVRON","48,8527070","2,4061290",201900030657,138 248 695,B01,1,1,0,2,6,1,5,NULL,201900030657,138 248 695,B01,1,1,1,1,1975,5,2,0,-1,0,0,-1,201900030657,4,"RUE D AVRON",0,NULL,2,2,0,1,0,0,1,NULL,NULL,1,6,1,50
201900030657,25,7,2019,00:05:00,5,75,75120,2,2,1,3,"RUE D AVRON","48,8527070","2,4061290",201900030657,138 248 695,B01,1,1,0,2,6,1,5,NULL,201900030657,138 248 696,A01,1,1,4,1,2000,4,2,6,-1,0,0,-1,201900030657,4,"RUE D AVRON",0,NULL,2,2,0,1,0,0,1,NULL,NULL,1,6,1,50
201900031217,18,12,2019,18:15:00,5,33,33088,2,1,1,3,"10 Rue de la Republique","45,0152200"," -0,0438200",201900031217,138 247 636,B01,1,1,0,2,1,5,5,NULL,201900031217,138 247 636,B01,1,1,3,2,1999,5,0,-1,-1,0,0,-1,201900031217,3,1089,0,NULL,2,2,1,1,6,337,1,NULL,NULL,2,0,5,70
201900031217,18,12,2019,18:15:00,5,33,33088,2,1,1,3,"10 Rue de la Republique","45,0152200"," -0,0438200",201900031217,138 247 636,B01,1,1,0,2,1,5,5,NULL,201900031217,138 247 637,A01,1,1,1,1,1984,5,8,-1,-1,0,0,-1,201900031217,3,1089,0,NULL,2,2,1,1,6,337,1,NULL,NULL,2,0,5,70
201900035109,18,6,2019,18:25:00,1,45,45284,2,1,1,3,"RUE DU CLOCHETON","47,9163245","1,9660526",201900035109,138 240 137,A01,3,1,0,2,1,19,5,NULL,201900035109,138 240 137,A01,1,1,4,1,2009,9,8,0,-1,0,0,-1,201900035109,4,"RUE DU CLOCHETON",0,NULL,2,2,0,1,(1),(1),1,NULL,NULL,1,0,1,50
201900035109,18,6,2019,18:25:00,1,45,45284,2,1,1,3,"RUE DU CLOCHETON","47,9163245","1,9660526",201900035109,138 240 137,A01,3,1,0,2,1,19,5,NULL,201900035109,138 240 138,B01,1,1,1,1,1979,9,1,0,-1,0,0,-1,201900035109,4,"RUE DU CLOCHETON",0,NULL,2,2,0,1,(1),(1),1,NULL,NULL,1,0,1,50
201900037407,31,8,2019,10:44:00,1,54,54395,2,1,1,1,"LORRAIN (QUAI CLAUDE","48,6964040","6,1707370",201900037407,138 235 683,B01,1,1,0,6,1,1,5,NULL,201900037407,138 235 682,A01,2,1,4,1,1952,0,8,0,-1,-1," -1",-1,201900037407,4,"LORRAIN (QUAI CLAUDE",0,NULL,1,1,1,1,0,0,1,NULL,NULL,1,0,1,30
201900037407,31,8,2019,10:44:00,1,54,54395,2,1,1,1,"LORRAIN (QUAI CLAUDE","48,6964040","6,1707370",201900037407,138 235 682,A01,1,1,0,6,1,26,5,NULL,201900037407,138 235 682,A01,2,1,4,1,1952,0,8,0,-1,-1," -1",-1,201900037407,4,"LORRAIN (QUAI CLAUDE",0,NULL,1,1,1,1,0,0,1,NULL,NULL,1,0,1,30
201900037407,31,8,2019,10:44:00,1,54,54395,2,1,1,1,"LORRAIN (QUAI CLAUDE","48,6964040","6,1707370",201900037407,138 235 683,B01,1,1,0,6,1,1,5,NULL,201900037407,138 235 683,B01,2,1,4,1,2000,0,8,0,-1,-1," -1",-1,201900037407,4,"LORRAIN (QUAI CLAUDE",0,NULL,1,1,1,1,0,0,1,NULL,NULL,1,0,1,30
201900037407,31,8,2019,10:44:00,1,54,54395,2,1,1,1,"LORRAIN (QUAI CLAUDE","48,6964040","6,1707370",201900037407,138 235 682,A01,1,1,0,6,1,26,5,NULL,201900037407,138 235 683,B01,2,1,4,1,2000,0,8,0,-1,-1," -1",-1,201900037407,4,"LORRAIN (QUAI CLAUDE",0,NULL,1,1,1,1,0,0,1,NULL,NULL,1,0,1,30
201900037465,24,2,2019,16:30:00,1,50,50173,2,1,1,7,"SALINE (BOULEVARD DE LA)","49,6569200"," -1,6546600",201900037465,138 235 582,A01,0,1,0,0,7,1,5,NULL,201900037465,138 235 582,A01,1,1,4,1,2006,5,8,0,-1,-1,0,-1,201900037465,9,"SALINE (BOULEVARD DE LA)",0,NULL,3,4,1,1,0,0,1,NULL,NULL,1,0,1,50
201900041328,4,4,2019,08:35:00,1,75,75115,2,2,1,6,"RUE PAUL BARRUEL","48,8373520","2,3059950",201900041328,138 228 482,A01,2,1,0,1,8,1,5,NULL,201900041328,138 228 482,A01,10,3,4,2,1966,0,8,0,-1,3,3,1,201900041328,4,"RUE PAUL BARRUEL",0,NULL,2,2,0,1,0,0,1,NULL,NULL,1,0,1,30
201900041328,4,4,2019,08:35:00,1,75,75115,2,2,1,6,"RUE PAUL BARRUEL","48,8373520","2,3059950",201900041328,138 228 482,A01,2,1,0,1,8,1,5,NULL,201900041328,138 228 482,A01,1,1,1,1,1980,1,2,0,-1,0,0,-1,201900041328,4,"RUE PAUL BARRUEL",0,NULL,2,2,0,1,0,0,1,NULL,NULL,1,0,1,30
201900041724,12,12,2019,13:35:00,1,37,37109,2,1,2,3,"Rue François Rabelais","47,4036904","0,6031199",201900041724,138 227 763,B01,3,1,0,2,0,26,5,NULL,201900041724,138 227 763,B01,1,1,3,1,2013,5,2,-1,-1,0,0,-1,201900041724,4,NULL,0,NULL,2,2,0,1,(1),(1),1,NULL,NULL,2,0,1,50
201900041724,12,12,2019,13:35:00,1,37,37109,2,1,2,3,"Rue François Rabelais","47,4036904","0,6031199",201900041724,138 227 763,B01,3,1,0,2,0,26,5,NULL,201900041724,138 227 764,A01,1,1,1,1,1981,4,8,-1,-1,0,0,-1,201900041724,4,NULL,0,NULL,2,2,0,1,(1),(1),1,NULL,NULL,2,0,1,50
201900043049,25,8,2019,10:11:00,1,29,29135,2,3,1,2,"général de gaulle","47,8338018"," -4,1706952",201900043049,138 225 191,B01,1,1,0,0,6,19,5,NULL,201900043049,138 225 190,A01,1,1,1,2,1956,5,1,-1,-1,0,0,-1,201900043049,3,2,0,D,2,2,2,1,32,500,1,NULL,NULL,1,0,5,50
201900043049,25,8,2019,10:11:00,1,29,29135,2,3,1,2,"général de gaulle","47,8338018"," -4,1706952",201900043049,138 225 191,B01,1,1,0,0,6,19,5,NULL,201900043049,138 225 191,B01,1,1,3,2,1950,5,0,-1,-1,0,0,-1,201900043049,3,2,0,D,2,2,2,1,32,500,1,NULL,NULL,1,0,5,50
201900043536,10,12,2019,19:15:00,5,75,75108,2,7,2,3,"PLACE DE LA CONCORDE","48,8649441","2,3193693",201900043536,138 224 309,B01,3,1,0,2,4,14,5,NULL,201900043536,138 224 308,A01,1,1,1,1,1988,1,2,6,-1,0,0,-1,201900043536,4,"PLACE DE LA CONCORDE",0,NULL,1,4,0,1,0,0,1,NULL,NULL,2,0,1,50
201900043536,10,12,2019,19:15:00,5,75,75108,2,7,2,3,"PLACE DE LA CONCORDE","48,8649441","2,3193693",201900043536,138 224 309,B01,3,1,0,2,4,14,5,NULL,201900043536,138 224 309,B01,1,1,4,2,1997,1,2,8,-1,0,0,-1,201900043536,4,"PLACE DE LA CONCORDE",0,NULL,1,4,0,1,0,0,1,NULL,NULL,2,0,1,50
201900045114,2,4,2019,18:10:00,1,45,45234,2,1,2,7,"RUE DE LA REPUBLIQUE","47,9041480","1,9043520",201900045114,138 221 269,A01,2,1,0,0,8,1,5,NULL,201900045114,138 221 269,A01,1,1,3,2,1987,5,8,0,-1,0,0,-1,201900045114,4,"RUE DE LA REPUBLIQUE",0,NULL,2,2,3,1,1,0,1,NULL,NULL,2,6,1,10
201900045662,21,5,2019,07:00:00,1,92,92002,2,3,1,2,"ABBAYE (RUE DE L')","48,7520281","2,2982585",201900045662,138 220 243,A01,1,1,0,2,4,19,5,NULL,201900045662,138 220 242,B01,1,1,1,2,1966,9,1,8,-1,-1,0,-1,201900045662,4,"ABBAYE (RUE DE L')",0,NULL,1,1,2,1,0,0,1,NULL,NULL,1,0,1,30
201900045662,21,5,2019,07:00:00,1,92,92002,2,3,1,2,"ABBAYE (RUE DE L')","48,7520281","2,2982585",201900045662,138 220 243,A01,1,1,0,2,4,19,5,NULL,201900045662,138 220 243,A01,1,1,4,1,1996,1,8,0,-1,-1,0,-1,201900045662,4,"ABBAYE (RUE DE L')",0,NULL,1,1,2,1,0,0,1,NULL,NULL,1,0,1,30
201900046487,20,9,2019,19:20:00,1,33,33063,2,3,1,2,"Bd Godard / R. Ampère (à proximité de)","44,8622200"," -0,5851000",201900046487,138 218 621,B01,1,1,0,2,4,1,5,NULL,201900046487,138 218 620,A01,1,1,3,1,1967,0,8,0,-1,-1," -1",-1,201900046487,4,"BD GODARD",0,NULL,3,6,2,1,(1),(1),1,NULL,NULL,1,0,1,50
201900046487,20,9,2019,19:20:00,1,33,33063,2,3,1,2,"Bd Godard / R. Ampère (à proximité de)","44,8622200"," -0,5851000",201900046487,138 218 621,B01,1,1,0,2,4,1,5,NULL,201900046487,138 218 621,B01,1,1,1,1,1957,0,8,0,-1,-1," -1",-1,201900046487,4,"BD GODARD",0,NULL,3,6,2,1,(1),(1),1,NULL,NULL,1,0,1,50
201900046599,25,8,2019,19:10:00,2,69,69199,2,3,1,3,"ALBERT THOMAS                       (AV)","45,7079800","4,8589300",201900046599,138 218 393,B01,0,1,0,2,8,1,5,NULL,201900046599,138 218 393,B01,1,1,4,1,1959,0,8,0,-1,-1,0,-1,201900046599,4,"ALBERT THOMAS                       (AV)",0,NULL,1,1,0,1,1,0,1,NULL,NULL,1,0,1,50
201900046599,25,8,2019,19:10:00,2,69,69199,2,3,1,3,"ALBERT THOMAS                       (AV)","45,7079800","4,8589300",201900046599,138 218 393,B01,0,1,0,2,8,1,5,NULL,201900046599,138 218 394,A01,1,1,1,2,1985,0,8,0,-1,-1,0,-1,201900046599,4,"ALBERT THOMAS                       (AV)",0,NULL,1,1,0,1,1,0,1,NULL,NULL,1,0,1,50
201900051221,13,5,2019,09:30:00,1,33,33063,2,2,1,6,"CRS MARECHAL JUIN","44,8345100"," -0,5884500",201900051221,138 209 849,A01,0,1,0,1,1,1,1,NULL,201900051221,138 209 849,A01,1,1,1,1,1977,0,8,0,-1,0,0,-1,201900051221,4,"CRS MARECHAL JUIN",0,NULL,3,6,2,1,0,0,1,NULL,NULL,1,0,1,50
201900051221,13,5,2019,09:30:00,1,33,33063,2,2,1,6,"CRS MARECHAL JUIN","44,8345100"," -0,5884500",201900051221,138 209 849,A01,0,1,0,1,1,1,1,NULL,201900051221,138 209 849,A01,10,3,3,2,1965,0,8,0,-1,4,3,1,201900051221,4,"CRS MARECHAL JUIN",0,NULL,3,6,2,1,0,0,1,NULL,NULL,1,0,1,50
201900051962,23,9,2019,17:00:00,1,77,77146,2,6,1,3,"D10P X D1406-SOUBRIARDE (AVENUE DE LA)","48,8235661","2,6408182",201900051962,138 208 432,B01,1,1,0,2,7,1,5,NULL,201900051962,138 208 432,B01,1,1,4,1,1939,5,2,6,-1,-1,0,-1,201900051962,3,10,0,P,2,4,0,1,11,854,1,NULL,NULL,1,5,1,50
201900051962,23,9,2019,17:00:00,1,77,77146,2,6,1,3,"D10P X D1406-SOUBRIARDE (AVENUE DE LA)","48,8235661","2,6408182",201900051962,138 208 432,B01,1,1,0,2,7,1,5,NULL,201900051962,138 208 433,A01,1,1,1,1,1961,4,1,8,-1,-1,0,-1,201900051962,3,10,0,P,2,4,0,1,11,854,1,NULL,NULL,1,5,1,50
201900051975,24,9,2019,10:10:00,1,59,59508,2,1,1,3,"LOEUL (AVENUE ALPHONSE)","50,7588000","3,1214600",201900051975,138 208 401,B01,2,1,1,0,2,21,5,NULL,201900051975,138 208 401,B01,1,1,4,1,1985,4,2,4,-1,-1," -1",-1,201900051975,4,"LOEUL (AVENUE ALPHONSE)",0,NULL,2,4,1,1,0,0,1,NULL,NULL,1,0,1,50
201900051975,24,9,2019,10:10:00,1,59,59508,2,1,1,3,"LOEUL (AVENUE ALPHONSE)","50,7588000","3,1214600",201900051975,138 208 401,B01,2,1,1,0,2,21,5,NULL,201900051975,138 208 402,A01,1,1,1,2,1978,4,1,0,-1,-1," -1",-1,201900051975,4,"LOEUL (AVENUE ALPHONSE)",0,NULL,2,4,1,1,0,0,1,NULL,NULL,1,0,1,50
201900052042,24,9,2019,07:30:00,1,75,75118,2,2,1,6,"AVENUE DE LA PORTE DE CLIGNANCOURT","48,8993669","2,3441495",201900052042,138 208 266,A01,1,1,0,2,8,1,5,NULL,201900052042,138 208 266,A01,1,1,4,1,1954,1,2,8,-1,0,0,-1,201900052042,4,"AVENUE DE LA PORTE DE CLIGNANCOURT",0,NULL,2,6,1,1,0,0,1,NULL,NULL,1,0,5,50
201900052398,10,7,2019,16:20:00,1,66,66136,2,1,1,7,"CABESTANY-A-BOMPAS CHEMIN DE","42,6996700","2,9283000",201900052398,138 207 541,A01,2,1,0,2,0,2,5,NULL,201900052398,138 207 541,A01,1,1,3,1,1988,0,8,0,-1,0,0,-1,201900052398,4,"CABESTANY-A-BOMPAS CHEMIN DE",0,NULL,2,2,0,2,0,0,1,NULL,NULL,1,0,1,50
201900052611,5,12,2019,19:00:00,3,83,83025,1,1,1,3,"Route de Barjols","43,5327780","5,9818990",201900052611,138 207 123,B01,1,1,0,9,0,1,6,NULL,201900052611,138 207 123,B01,1,1,4,1,1987,5,4,9,-1,0,0,-1,201900052611,3,560,0,NULL,3,2,0,1,35,300,1,NULL,NULL,2,0,1,80
201900053011,16,6,2019,11:00:00,1,13,13208,2,1,1,2,"MENDES FRANCE (AVENUE)","43,2539100","5,3761300",201900053011,138 206 351,B01,0,1,0,0,4,11,5,NULL,201900053011,138 206 351,B01,1,1,3,1,1954,5,8,0,-1,-1," -1",-1,201900053011,4,"MENDES FRANCE (AVENUE)",0,NULL,1,4,0,1,0,0,1,NULL,NULL,1,0,1,50
201900053011,16,6,2019,11:00:00,1,13,13208,2,1,1,2,"MENDES FRANCE (AVENUE)","43,2539100","5,3761300",201900053011,138 206 351,B01,0,1,0,0,4,11,5,NULL,201900053011,138 206 352,A01,1,1,1,1,1998,0,1,8,-1,-1," -1",-1,201900053011,4,"MENDES FRANCE (AVENUE)",0,NULL,1,4,0,1,0,0,1,NULL,NULL,1,0,1,50
201900053236,17,2,2019,05:25:00,5,56,56121,2,3,8,1,"MARNE ( AV DE LA )","47,7435510"," -3,3682800",201900053236,138 205 942,A01,1,1,0,2,1,1,5,NULL,201900053236,138 205 941,B01,1,1,1,1,1962,4,1,8,-1,0,0,-1,201900053236,4,"MARNE ( AV DE LA )",0,NULL,2,2,0,1,0,0,1,NULL,NULL,2,0,1,50
201900053236,17,2,2019,05:25:00,5,56,56121,2,3,8,1,"MARNE ( AV DE LA )","47,7435510"," -3,3682800",201900053236,138 205 942,A01,1,1,0,2,1,1,5,NULL,201900053236,138 205 942,A01,1,1,4,2,1998,5,8,0,-1,0,0,-1,201900053236,4,"MARNE ( AV DE LA )",0,NULL,2,2,0,1,0,0,1,NULL,NULL,2,0,1,50
201900053932,12,7,2019,16:30:00,1,75,75107,2,2,1,3,"QUAI D ORSAY","48,8624010","2,3104010",201900053932,138 204 608,B01,3,1,0,2,8,19,5,NULL,201900053932,138 204 606,A01,1,1,4,1,1977,9,2,6,-1,0,0,-1,201900053932,4,"QUAI D ORSAY",0,NULL,2,2,0,1,0,0,1,NULL,NULL,1,0,1,50
201900053932,12,7,2019,16:30:00,1,75,75107,2,2,1,3,"QUAI D ORSAY","48,8624010","2,3104010",201900053932,138 204 608,B01,3,1,0,2,8,19,5,NULL,201900053932,138 204 608,B01,1,1,4,2,2001,9,8,0,-1,0,0,-1,201900053932,4,"QUAI D ORSAY",0,NULL,2,2,0,1,0,0,1,NULL,NULL,1,0,1,50
201900056863,13,6,2019,09:40:00,1,75,75113,2,1,2,6,"QUAI PANHARD ET LEVASSOR","48,8285330","2,3843870",201900056863,138 199 226,A01,1,1,0,1,2,1,5,NULL,201900056863,138 199 226,A01,10,3,4,2,1942,0,8,0,-1,2,3,1,201900056863,4,"QUAI PANHARD ET LEVASSOR",0,NULL,2,6,1,1,0,0,1,NULL,NULL,1,0,5,30
201900056863,13,6,2019,09:40:00,1,75,75113,2,1,2,6,"QUAI PANHARD ET LEVASSOR","48,8285330","2,3843870",201900056863,138 199 226,A01,1,1,0,1,2,1,5,NULL,201900056863,138 199 226,A01,1,1,4,1,1971,4,2,8,-1,0,0,-1,201900056863,4,"QUAI PANHARD ET LEVASSOR",0,NULL,2,6,1,1,0,0,1,NULL,NULL,1,0,5,30
201900058528,2,6,2019,10:28:00,1,94,94042,2,1,1,6,"CHAPSAL (R)","48,8235700","2,4654700",201900058528,138 196 189,B01,1,1,1,2,1,9,5,NULL,201900058528,138 196 188,A01,1,1,1,2,1985,5,1,0,-1,-1," -1",-1,201900058528,3,86,0,B,3,4,0,1,1,0,1,NULL,NULL,1,0,1,50
201900058528,2,6,2019,10:28:00,1,94,94042,2,1,1,6,"CHAPSAL (R)","48,8235700","2,4654700",201900058528,138 196 189,B01,1,1,1,2,1,9,5,NULL,201900058528,138 196 189,B01,1,1,4,1,2014,5,8,0,-1,-1,0,-1,201900058528,3,86,0,B,3,4,0,1,1,0,1,NULL,NULL,1,0,1,50
201900009274,4,7,2019,08:45:00,1,14,14242,2,1,1,3,"RD N° 7 (DE CAEN A DOUVRES )","49,2243700"," -0,3687800",201900009274,138 289 145,B01,1,1,0,0,8,1,-1,NULL,201900009274,138 289 144,A01,1,1,1,1,1957,0,1,-1,-1,0,0,-1,201900009274,3,7,NULL,NULL,2,-1,-1,1,(1),(1),1,NULL,NULL,1,0,1,-1
201900009274,4,7,2019,08:45:00,1,14,14242,2,1,1,3,"RD N° 7 (DE CAEN A DOUVRES )","49,2243700"," -0,3687800",201900009274,138 289 145,B01,1,1,0,0,8,1,-1,NULL,201900009274,138 289 145,B01,1,1,4,1,1964,-1,0,-1,-1,-1," -1",-1,201900009274,3,7,NULL,NULL,2,-1,-1,1,(1),(1),1,NULL,NULL,1,0,1,-1
201900012800,4,7,2019,20:00:00,2,77,77470,2,3,1,2,"Boulevard Isaac Pereire","48,7402650","2,7586050",201900012800,138 282 637,B01,3,1,0,0,4,0,0,NULL,201900012800,138 282 637,B01,1,1,4,1,2001,5,0,-1,-1,0,0,-1,201900012800,4,NC,0,N,1,1,1,1,0,0,1,NULL,NULL,1,0,5,50
201900017278,10,9,2019,08:15:00,1,56,56083,2,1,1,6,"JOFFRE (RUE  DU MARECHAL )","47,8076683"," -3,2713294",201900017278,138 274 106,A01,3,1,0,1,1,25,5,NULL,201900017278,138 274 106,A01,10,3,4,1,1958,4,8,0,-1,5,A,1,201900017278,4,"JOFFRE (RUE  DU MARECHAL )",0,NULL,2,2,0,1,0,0,1,NULL,NULL,1,9,4,30
201900017278,10,9,2019,08:15:00,1,56,56083,2,1,1,6,"JOFFRE (RUE  DU MARECHAL )","47,8076683"," -3,2713294",201900017278,138 274 106,A01,3,1,0,1,1,25,5,NULL,201900017278,138 274 106,A01,1,1,1,1,1987,5,2,0,-1,0,0,-1,201900017278,4,"JOFFRE (RUE  DU MARECHAL )",0,NULL,2,2,0,1,0,0,1,NULL,NULL,1,9,4,30
201900017495,27,4,2019,13:30:00,1,16,16011,1,1,1,2,"Ld Montseraud","45,7717140","0,2011880",201900017495,138 273 701,B01,2,1,0,0,4,13,5,NULL,201900017495,138 273 700,A01,1,1,1,2,1939,5,1,-1,-1,0,0,-1,201900017495,3,11,0,NULL,2,2,-1,2,16,385,1,0,6,1,0,1,80
201900017495,27,4,2019,13:30:00,1,16,16011,1,1,1,2,"Ld Montseraud","45,7717140","0,2011880",201900017495,138 273 701,B01,2,1,0,0,4,13,5,NULL,201900017495,138 273 701,B01,1,1,3,1,1952,5,2,-1,-1,0,0,-1,201900017495,3,11,0,NULL,2,2,-1,2,16,385,1,0,6,1,0,1,80
201900017660,24,4,2019,13:40:00,1,84,84129,2,1,1,2,"161 Avenue du Griffon","44,0117440","4,8749410",201900017660,138 273 417,B01,1,1,0,2,1,2,5,NULL,201900017660,138 273 417,B01,1,1,3,1,2002,5,2,-1,-1,0,0,-1,201900017660,9,161,NULL,NULL,1,1,0,1,(1),(1),1,NULL,NULL,1,9,1,30
201900017660,24,4,2019,13:40:00,1,84,84129,2,1,1,2,"161 Avenue du Griffon","44,0117440","4,8749410",201900017660,138 273 417,B01,1,1,0,2,1,2,5,NULL,201900017660,138 273 418,A01,1,1,1,1,1979,0,1,8,-1,0,0,-1,201900017660,9,161,NULL,NULL,1,1,0,1,(1),(1),1,NULL,NULL,1,9,1,30
201900017924,2,7,2019,10:50:00,1,56,56184,2,1,7,2,"Avenue des Bruyères","47,6625700"," -2,4407600",201900017924,138 272 904,B01,3,1,0,2,4,2,5,NULL,201900017924,138 272 903,A01,1,1,1,2,1945,0,1,-1,-1,0,0,-1,201900017924,4,NULL,NULL,NULL,2,2,0,1,(1),(1),1,NULL,NULL,1,0,1,50
201900017924,2,7,2019,10:50:00,1,56,56184,2,1,7,2,"Avenue des Bruyères","47,6625700"," -2,4407600",201900017924,138 272 904,B01,3,1,0,2,4,2,5,NULL,201900017924,138 272 904,B01,1,1,3,1,1942,5,2,-1,-1,0,0,-1,201900017924,4,NULL,NULL,NULL,2,2,0,1,(1),(1),1,NULL,NULL,1,0,1,50
201900017966,2,7,2019,08:20:00,1,67,67348,2,2,1,3,"29 Chemin des Aulnes","48,4634680","7,4316370",201900017966,138 272 826,B01,3,1,0,2,3,1,5,NULL,201900017966,138 272 826,B01,1,1,4,1,1955,5,0,-1,-1,0,0,-1,201900017966,4,"chemin des aulnes",0,NULL,2,2,0,1,(1),(1),1,NULL,NULL,1,8,5,30
201900017966,2,7,2019,08:20:00,1,67,67348,2,2,1,3,"29 Chemin des Aulnes","48,4634680","7,4316370",201900017966,138 272 826,B01,3,1,0,2,3,1,5,NULL,201900017966,138 272 827,A01,1,1,1,1,1979,0,1,-1,-1,0,0,-1,201900017966,4,"chemin des aulnes",0,NULL,2,2,0,1,(1),(1),1,NULL,NULL,1,8,5,30
201900019134,13,10,2019,11:22:00,1,69,69093,1,3,1,2,"lieu-dit Montgrand","46,0448100","4,4572800",201900019134,138 270 674,B01,2,1,0,2,1,1,5,NULL,201900019134,138 270 674,B01,1,1,3,1,1958,5,2,-1,-1,0,0,-1,201900019134,3,504,0,D,2,2,0,2,28,100,2,NULL,NULL,1,0,1,80
201900019134,13,10,2019,11:22:00,1,69,69093,1,3,1,2,"lieu-dit Montgrand","46,0448100","4,4572800",201900019134,138 270 674,B01,2,1,0,2,1,1,5,NULL,201900019134,138 270 675,A01,1,1,1,1,1985,9,1,-1,-1,0,0,-1,201900019134,3,504,0,D,2,2,0,2,28,100,2,NULL,NULL,1,0,1,80