Num_Acc,jour,mois,an,hrmn,lum,dep,com,agg,int,atm,col,adr,lat,long,Num_Acc,id_vehicule,num_veh,senc,catv,obs,obsm,choc,manv,motor,occutc,Num_Acc,id_vehicule,num_veh,place,catu,grav,sexe,an_nais,trajet,secu1,secu2,secu3,locp,actp,etatp,Num_Acc,catr,voie,v1,v2,circ,nbv,vosp,prof,pr,pr1,plan,lartpc,larrout,surf,infra,situ,vma
201900020541,23,12,2019,17:33:00,5,67,67462,2,9,2,3,"COLMAR (ROUTE DE)","48,2504700","7,4380000",201900020541,138 267 996,B01,1,1,0,2,1,25,5,NULL,201900020541,138 267 995,A01,1,1,1,1,1972,3,8,0,-1,-1," -1",-1,201900020541,4,"COLMAR (ROUTE DE)",0,NULL,2,2,1,1,0,0,1,NULL,NULL,2,0,5,50
201900020541,23,12,2019,17:33:00,5,67,67462,2,9,2,3,"COLMAR (ROUTE DE)","48,2504700","7,4380000",201900020541,138 267 996,B01,1,1,0,2,1,25,5,NULL,201900020541,138 267 996,B01,1,1,4,1,1991,9,8,0,-1,-1," -1",-1,201900020541,4,"COLMAR (ROUTE DE)",0,NULL,2,2,1,1,0,0,1,NULL,NULL,2,0,5,50
201900020583,26,12,2019,17:30:00,3,55,55463,1,1,2,4,"Route de Commercy","48,8849710","5,5351690",201900020583,138 267 921,A01,1,1,0,2,0,2,6,NULL,201900020583,138 267 921,A01,1,1,4,1,2001,5,2,4,-1,0,0,-1,201900020583,3,964,0,NULL,2,3,0,2,52,500,1,NULL,NULL,2,0,1,-1
201900020583,26,12,2019,17:30:00,3,55,55463,1,1,2,4,"Route de Commercy","48,8849710","5,5351690",201900020583,138 267 921,A01,1,1,0,2,0,2,6,NULL,201900020583,138 267 923,C01,1,1,1,1,1984,5,1,-1,-1,0,0,-1,201900020583,3,964,0,NULL,2,3,0,2,52,500,1,NULL,NULL,2,0,1,-1
201900020583,26,12,2019,17:30:00,3,55,55463,1,1,2,4,"Route de Commercy","48,8849710","5,5351690",201900020583,138 267 921,A01,1,1,0,2,0,2,6,NULL,201900020583,138 267 924,D01,1,1,4,1,1980,5,1,-1,-1,0,0,-1,201900020583,3,964,0,NULL,2,3,0,2,52,500,1,NULL,NULL,2,0,1,-1
201900024301,9,10,2019,20:30:00,5,75,75113,2,3,1,3,"QUAI D AUSTERLITZ","48,8383304","2,3728006",201900024301,138 260 660,B01,1,1,0,2,1,1,5,NULL,201900024301,138 260 659,A01,1,1,1,1,1972,5,1,0,-1,0,0,-1,201900024301,4,"QUAI D AUSTERLITZ",0,NULL,2,4,1,1,0,0,1,NULL,NULL,1,0,5,50
201900024301,9,10,2019,20:30:00,5,75,75113,2,3,1,3,"QUAI D AUSTERLITZ","48,8383304","2,3728006",201900024301,138 260 660,B01,1,1,0,2,1,1,5,NULL,201900024301,138 260 660,B01,1,1,4,2,1989,5,8,2,-1,0,0,-1,201900024301,4,"QUAI D AUSTERLITZ",0,NULL,2,4,1,1,0,0,1,NULL,NULL,1,0,5,50
201900025811,20,12,2019,17:45:00,5,75,75101,2,3,1,2,"RUE DE RIVOLI","48,8643902","2,3301115",201900025811,138 257 736,B01,1,1,0,2,4,2,5,NULL,201900025811,138 257 735,A01,1,1,4,1,1985,9,8,2,-1,0,0,-1,201900025811,4,"RUE DE RIVOLI",0,NULL,2,5,1,1,208,0,1,NULL,NULL,1,0,5,50
201900025811,20,12,2019,17:45:00,5,75,75101,2,3,1,2,"RUE DE RIVOLI","48,8643902","2,3301115",201900025811,138 257 735,A01,1,1,0,2,1,2,5,NULL,201900025811,138 257 735,A01,1,1,4,1,1985,9,8,2,-1,0,0,-1,201900025811,4,"RUE DE RIVOLI",0,NULL,2,5,1,1,208,0,1,NULL,NULL,1,0,5,50
201900025811,20,12,2019,17:45:00,5,75,75101,2,3,1,2,"RUE DE RIVOLI","48,8643902","2,3301115",201900025811,138 257 736,B01,1,1,0,2,4,2,5,NULL,201900025811,138 257 736,B01,1,1,1,1,1980,9,8,2,-1,0,0,-1,201900025811,4,"RUE DE RIVOLI",0,NULL,2,5,1,1,208,0,1,NULL,NULL,1,0,5,50
201900025811,20,12,2019,17:45:00,5,75,75101,2,3,1,2,"RUE DE RIVOLI","48,8643902","2,3301115",201900025811,138 257 735,A01,1,1,0,2,1,2,5,NULL,201900025811,138 257 736,B01,1,1,1,1,1980,9,8,2,-1,0,0,-1,201900025811,4,"RUE DE RIVOLI",0,NULL,2,5,1,1,208,0,1,NULL,NULL,1,0,5,50
201900027051,8,3,2019,11:30:00,1,69,69386,2,2,1,3,"EMERAUDES (DES)                     (R )","45,7696400","4,8616600",201900027051,138 255 446,B01,2,1,0,2,0,1,0,NULL,201900027051,138 255 445,A01,1,1,1,1,1983,4,1,0,-1,0,0,-1,201900027051,4,"EMERAUDES (DES)                     (R )",0,NULL,1,4,3,1,0,0,1,NULL,NULL,1,0,1,50
201900027051,8,3,2019,11:30:00,1,69,69386,2,2,1,3,"EMERAUDES (DES)                     (R )","45,7696400","4,8616600",201900027051,138 255 446,B01,2,1,0,2,0,1,0,NULL,201900027051,138 255 446,B01,1,1,4,2,1998,5,2,0,-1,0,0,-1,201900027051,4,"EMERAUDES (DES)                     (R )",0,NULL,1,4,3,1,0,0,1,NULL,NULL,1,0,1,50
201900027530,12,11,2019,11:20:00,1,93,93077,2,1,1,3,"RAINCY (AVENUE DU)","48,8884600","2,5103700",201900027530,138 254 538,B01,3,1,1,0,1,1,0,NULL,201900027530,138 254 538,B01,1,1,4,2,2005,0,8,0,-1,-1," -1",-1,201900027530,4,"RAINCY (AVENUE DU)",0,NULL,1,1,0,1,0,0,1,NULL,NULL,1,0,1,50
201900027530,12,11,2019,11:20:00,1,93,93077,2,1,1,3,"RAINCY (AVENUE DU)","48,8884600","2,5103700",201900027530,138 254 538,B01,3,1,1,0,1,1,0,NULL,201900027530,138 254 539,A01,1,1,1,1,1953,0,8,0,-1,-1," -1",-1,201900027530,4,"RAINCY (AVENUE DU)",0,NULL,1,1,0,1,0,0,1,NULL,NULL,1,0,1,50
201900028316,27,6,2019,16:45:00,1,67,67282,2,6,7,3,"RD 1004","48,6222580","7,4920200",201900028316,138 253 106,B01,0,1,0,0,7,26,5,NULL,201900028316,138 253 106,B01,1,1,3,1,2002,0,0,-1,-1,0,0,-1,201900028316,3,1004,0,NULL,1,1,0,1,(1),(1),1,NULL,NULL,1,5,8,40
201900028316,27,6,2019,16:45:00,1,67,67282,2,6,7,3,"RD 1004","48,6222580","7,4920200",201900028316,138 253 106,B01,0,1,0,0,7,26,5,NULL,201900028316,138 253 107,A01,1,1,1,2,1958,0,1,-1,-1,0,0,-1,201900028316,3,1004,0,NULL,1,1,0,1,(1),(1),1,NULL,NULL,1,5,8,40
201900029411,20,12,2019,20:50:00,5,74,74220,1,1,2,2,"Route d'Annemasse","46,1522570","6,2522340",201900029411,138 251 006,B01,2,1,0,2,4,1,5,NULL,201900029411,138 251 006,B01,1,1,3,2,1972,1,2,4,-1,0,0,-1,201900029411,3,2,NULL,NULL,2,2,0,1,50,700,1,NULL,NULL,2,0,1,70
201900034306,25,7,2019,05:20:00,2,57,57082,1,1,1,2,D24,"49,0572810","6,7788273",201900034306,138 241 706,A01,2,1,0,2,8,2,5,NULL,201900034306,138 241 706,A01,1,1,4,1,1970,1,6,4,-1,0,0,-1,201900034306,3,24,NULL,NULL,2,2,0,1,14,400,1,NULL,NULL,1,0,1,80
201900034945,7,11,2019,08:50:00,1,17,17300,2,6,2,3,"MONNET   AVENUE JEAN","46,1432400"," -1,1538100",201900034945,138 240 453,B01,1,1,0,2,7,1,5,NULL,201900034945,138 240 452,A01,1,1,1,1,1952,9,1,0,-1,-1," -1",-1,201900034945,4,"MONNET   AVENUE JEAN",0,NULL,1,2,1,1,0,0,2,NULL,NULL,2,0,1,30
201900034945,7,11,2019,08:50:00,1,17,17300,2,6,2,3,"MONNET   AVENUE JEAN","46,1432400"," -1,1538100",201900034945,138 240 453,B01,1,1,0,2,7,1,5,NULL,201900034945,138 240 453,B01,1,1,4,2,1975,1,2,0,-1,-1," -1",-1,201900034945,4,"MONNET   AVENUE JEAN",0,NULL,1,2,1,1,0,0,2,NULL,NULL,2,0,1,30
201900035012,23,6,2019,08:10:00,1,75,75112,2,1,1,5,"AVENUE DE NOGENT","48,8443430","2,4416650",201900035012,138 240 319,A01,1,1,0,2,1,9,5,NULL,201900035012,138 240 317,C01,1,1,1,1,1974,4,1,0,-1,0,0,-1,201900035012,4,"AVENUE DE NOGENT",0,NULL,2,2,0,1,0,0,1,NULL,NULL,1,0,1,50
201900035012,23,6,2019,08:10:00,1,75,75112,2,1,1,5,"AVENUE DE NOGENT","48,8443430","2,4416650",201900035012,138 240 319,A01,1,1,0,2,1,9,5,NULL,201900035012,138 240 318,B01,1,1,1,1,1978,5,1,0,-1,0,0,-1,201900035012,4,"AVENUE DE NOGENT",0,NULL,2,2,0,1,0,0,1,NULL,NULL,1,0,1,50
201900035012,23,6,2019,08:10:00,1,75,75112,2,1,1,5,"AVENUE DE NOGENT","48,8443430","2,4416650",201900035012,138 240 319,A01,1,1,0,2,1,9,5,NULL,201900035012,138 240 318,B01,2,2,1,1,1995,5,1,0,-1,0,0,-1,201900035012,4,"AVENUE DE NOGENT",0,NULL,2,2,0,1,0,0,1,NULL,NULL,1,0,1,50
201900035012,23,6,2019,08:10:00,1,75,75112,2,1,1,5,"AVENUE DE NOGENT","48,8443430","2,4416650",201900035012,138 240 319,A01,1,1,0,2,1,9,5,NULL,201900035012,138 240 319,A01,1,1,4,1,1979,5,2,0,-1,0,0,-1,201900035012,4,"AVENUE DE NOGENT",0,NULL,2,2,0,1,0,0,1,NULL,NULL,1,0,1,50
201900035790,25,2,2019,08:20:00,1,67,67482,2,1,1,6,"SCHIRMECK (ROUTE DE)","48,5734000","7,7521100",201900035790,138 238 807,A01,1,1,0,1,1,1,5,NULL,201900035790,138 238 807,A01,1,1,1,1,1991,0,8,8,-1,0,0,-1,201900035790,4,"SCHIRMECK (ROUTE DE)",0,NULL,2,3,3,1,0,0,1,NULL,NULL,1,0,1,50
201900035790,25,2,2019,08:20:00,1,67,67482,2,1,1,6,"SCHIRMECK (ROUTE DE)","48,5734000","7,7521100",201900035790,138 238 807,A01,1,1,0,1,1,1,5,NULL,201900035790,138 238 807,A01,10,3,4,1,1977,0,8,0,-1,2,4,1,201900035790,4,"SCHIRMECK (ROUTE DE)",0,NULL,2,3,3,1,0,0,1,NULL,NULL,1,0,1,50
201900037154,17,1,2019,06:00:00,1,13,13215,1,9,7,7,"ALPHONSE CANOVAS (PLACE)","43,3714210","5,3553920",201900037154,138 236 196,A01,0,1,0,0,0,9,0,NULL,201900037154,138 236 196,A01,1,1,4,1,2001,9,5,-1,-1,-1," -1",-1,201900037154,4,"ALPHONSE CANOVAS (PLACE)",0,NULL,-1,0,0,1,0,0,1,NULL,NULL,1,0,1,50
201900037690,6,4,2019,15:00:00,1,76,76396,1,1,1,6,"Route départementale 206","49,5511280","1,2842770",201900037690,138 235 159,C01,1,1,0,2,8,2,5,NULL,201900037690,138 235 157,A01,1,1,1,2,1943,5,1,-1,-1,0,0,-1,201900037690,3,206,NULL,NULL,2,2,0,2,3,200,3,NULL,NULL,1,0,1,80
201900037690,6,4,2019,15:00:00,1,76,76396,1,1,1,6,"Route départementale 206","49,5511280","1,2842770",201900037690,138 235 158,B01,1,1,0,2,8,2,5,NULL,201900037690,138 235 157,A01,1,1,1,2,1943,5,1,-1,-1,0,0,-1,201900037690,3,206,NULL,NULL,2,2,0,2,3,200,3,NULL,NULL,1,0,1,80
201900037690,6,4,2019,15:00:00,1,76,76396,1,1,1,6,"Route départementale 206","49,5511280","1,2842770",201900037690,138 235 159,C01,1,1,0,2,8,2,5,NULL,201900037690,138 235 158,B01,1,1,4,1,1956,5,2,-1,-1,0,0,-1,201900037690,3,206,NULL,NULL,2,2,0,2,3,200,3,NULL,NULL,1,0,1,80
201900037690,6,4,2019,15:00:00,1,76,76396,1,1,1,6,"Route départementale 206","49,5511280","1,2842770",201900037690,138 235 158,B01,1,1,0,2,8,2,5,NULL,201900037690,138 235 158,B01,1,1,4,1,1956,5,2,-1,-1,0,0,-1,201900037690,3,206,NULL,NULL,2,2,0,2,3,200,3,NULL,NULL,1,0,1,80
201900037690,6,4,2019,15:00:00,1,76,76396,1,1,1,6,"Route départementale 206","49,5511280","1,2842770",201900037690,138 235 159,C01,1,1,0,2,8,2,5,NULL,201900037690,138 235 159,C01,1,1,3,1,1965,5,2,-1,-1,0,0,-1,201900037690,3,206,NULL,NULL,2,2,0,2,3,200,3,NULL,NULL,1,0,1,80
201900037690,6,4,2019,15:00:00,1,76,76396,1,1,1,6,"Route départementale 206","49,5511280","1,2842770",201900037690,138 235 158,B01,1,1,0,2,8,2,5,NULL,201900037690,138 235 159,C01,1,1,3,1,1965,5,2,-1,-1,0,0,-1,201900037690,3,206,NULL,NULL,2,2,0,2,3,200,3,NULL,NULL,1,0,1,80
201900038098,10,5,2019,13:00:00,1,75,75120,2,1,1,3,"AVENUE GAMBETTA","48,8649660","2,3967570",201900038098,138 234 421,B01,1,1,0,2,3,19,5,NULL,201900038098,138 234 421,B01,1,1,1,1,1995,5,2,0,-1,0,0,-1,201900038098,4,"AVENUE GAMBETTA",0,NULL,2,2,0,1,0,0,1,NULL,NULL,1,0,1,50
201900038098,10,5,2019,13:00:00,1,75,75120,2,1,1,3,"AVENUE GAMBETTA","48,8649660","2,3967570",201900038098,138 234 421,B01,1,1,0,2,3,19,5,NULL,201900038098,138 234 422,A01,1,1,4,1,1989,5,2,6,-1,0,0,-1,201900038098,4,"AVENUE GAMBETTA",0,NULL,2,2,0,1,0,0,1,NULL,NULL,1,0,1,50
201900039266,28,8,2019,12:30:00,1,75,75106,2,5,1,6,"RUE DE L ANCIENNE COMEDIE","48,8536680","2,3383981",201900039266,138 232 262,A01,1,1,0,1,1,1,5,NULL,201900039266,138 232 262,A01,10,3,3,1,1929,5,0,0,0,3,3,1,201900039266,4,"RUE DE L ANCIENNE COMEDIE",0,NULL,2,2,0,1,0,0,1,NULL,NULL,1,0,1,30
201900039266,28,8,2019,12:30:00,1,75,75106,2,5,1,6,"RUE DE L ANCIENNE COMEDIE","48,8536680","2,3383981",201900039266,138 232 262,A01,1,1,0,1,1,1,5,NULL,201900039266,138 232 262,A01,1,1,1,1,1984,4,2,0,-1,0,0,-1,201900039266,4,"RUE DE L ANCIENNE COMEDIE",0,NULL,2,2,0,1,0,0,1,NULL,NULL,1,0,1,30
201900039787,18,7,2019,16:43:00,1,49,49007,2,1,1,6,"CHAPEAU DE GENDARME","47,4515800"," -0,5548400",201900039787,138 231 276,B01,3,1,0,2,0,0,5,NULL,201900039787,138 231 275,A01,1,1,1,1,1966,0,1,0,-1,-1,0,-1,201900039787,6,"CHAPEAU DE GENDARME",0,NULL,-1,-1,0,1,0,0,1,NULL,NULL,1,0,1,15
201900039787,18,7,2019,16:43:00,1,49,49007,2,1,1,6,"CHAPEAU DE GENDARME","47,4515800"," -0,5548400",201900039787,138 231 276,B01,3,1,0,2,0,0,5,NULL,201900039787,138 231 276,B01,1,1,4,1,2005,9,8,0,-1,-1,0,-1,201900039787,6,"CHAPEAU DE GENDARME",0,NULL,-1,-1,0,1,0,0,1,NULL,NULL,1,0,1,15
201900043007,30,8,2019,16:00:00,1,80,80010,2,3,1,1,"17 Rue Saint-Martin","49,7568400","2,3629760",201900043007,138 225 263,B01,0,1,0,2,2,15,6,NULL,201900043007,138 225 262,A01,1,1,1,1,1968,1,1,-1,-1,0,0,-1,201900043007,3,920,0,NULL,2,2,0,2,(1),(1),1,NULL,NULL,1,0,1,50
201900043007,30,8,2019,16:00:00,1,80,80010,2,3,1,1,"17 Rue Saint-Martin","49,7568400","2,3629760",201900043007,138 225 263,B01,0,1,0,2,2,15,6,NULL,201900043007,138 225 263,B01,1,1,4,1,1978,5,2,-1,-1,0,0,-1,201900043007,3,920,0,NULL,2,2,0,2,(1),(1),1,NULL,NULL,1,0,1,50
201900043094,31,8,2019,10:45:00,1,45,45182,1,1,1,3,"Route de Villeny","47,6786350","1,7811590",201900043094,138 225 108,B01,1,1,16,0,1,2,5,NULL,201900043094,138 225 107,A01,1,1,3,1,1967,5,2,-1,-1,0,0,-1,201900043094,3,15,0,NULL,2,2,0,2,23,500,3,NULL,NULL,1,0,1,80
201900043094,31,8,2019,10:45:00,1,45,45182,1,1,1,3,"Route de Villeny","47,6786350","1,7811590",201900043094,138 225 107,A01,1,1,16,0,4,2,5,NULL,201900043094,138 225 107,A01,1,1,3,1,1967,5,2,-1,-1,0,0,-1,201900043094,3,15,0,NULL,2,2,0,2,23,500,3,NULL,NULL,1,0,1,80
201900043094,31,8,2019,10:45:00,1,45,45182,1,1,1,3,"Route de Villeny","47,6786350","1,7811590",201900043094,138 225 108,B01,1,1,16,0,1,2,5,NULL,201900043094,138 225 108,B01,1,1,3,1,1961,5,2,-1,-1,0,0,-1,201900043094,3,15,0,NULL,2,2,0,2,23,500,3,NULL,NULL,1,0,1,80
201900043094,31,8,2019,10:45:00,1,45,45182,1,1,1,3,"Route de Villeny","47,6786350","1,7811590",201900043094,138 225 107,A01,1,1,16,0,4,2,5,NULL,201900043094,138 225 108,B01,1,1,3,1,1961,5,2,-1,-1,0,0,-1,201900043094,3,15,0,NULL,2,2,0,2,23,500,3,NULL,NULL,1,0,1,80
201900043531,10,12,2019,09:20:00,1,75,75115,2,1,1,2,"BOULEVARD VICTOR","48,8355172","2,2801791",201900043531,138 224 316,A01,1,1,0,2,1,2,5,NULL,201900043531,138 224 315,B01,1,1,4,2,1973,1,2,8,-1,0,0,-1,201900043531,4,"BOULEVARD VICTOR",0,NULL,3,2,1,1,0,0,1,NULL,NULL,1,0,5,50
201900043531,10,12,2019,09:20:00,1,75,75115,2,1,1,2,"BOULEVARD VICTOR","48,8355172","2,2801791",201900043531,138 224 315,B01,1,1,0,2,4,2,5,NULL,201900043531,138 224 315,B01,1,1,4,2,1973,1,2,8,-1,0,0,-1,201900043531,4,"BOULEVARD VICTOR",0,NULL,3,2,1,1,0,0,1,NULL,NULL,1,0,5,50
201900043531,10,12,2019,09:20:00,1,75,75115,2,1,1,2,"BOULEVARD VICTOR","48,8355172","2,2801791",201900043531,138 224 316,A01,1,1,0,2,1,2,5,NULL,201900043531,138 224 316,A01,1,1,1,1,1999,1,2,8,-1,0,0,-1,201900043531,4,"BOULEVARD VICTOR",0,NULL,3,2,1,1,0,0,1,NULL,NULL,1,0,5,50
201900043531,10,12,2019,09:20:00,1,75,75115,2,1,1,2,"BOULEVARD VICTOR","48,8355172","2,2801791",201900043531,138 224 315,B01,1,1,0,2,4,2,5,NULL,201900043531,138 224 316,A01,1,1,1,1,1999,1,2,8,-1,0,0,-1,201900043531,4,"BOULEVARD VICTOR",0,NULL,3,2,1,1,0,0,1,NULL,NULL,1,0,5,50
201900043543,10,12,2019,09:00:00,1,94,94046,2,1,1,3,"GENERAL LECLERC - CAR DE LA RESISTANCE (","48,8126500","2,4280700",201900043543,138 224 297,B01,2,1,1,0,1,0,0,NULL,201900043543,138 224 297,B01,5,2,4,1,2016,0,2,0,-1,-1," -1",-1,201900043543,4,"GENERAL LECLERC - CAR DE LA RESISTANCE (",0,NULL,1,2,0,1,0,0,1,NULL,NULL,1,0,1,50
201900043543,10,12,2019,09:00:00,1,94,94046,2,1,1,3,"GENERAL LECLERC - CAR DE LA RESISTANCE (","48,8126500","2,4280700",201900043543,138 224 297,B01,2,1,1,0,1,0,0,NULL,201900043543,138 224 297,B01,1,1,1,1,1975,0,8,0,-1,-1," -1",-1,201900043543,4,"GENERAL LECLERC - CAR DE LA RESISTANCE (",0,NULL,1,2,0,1,0,0,1,NULL,NULL,1,0,1,50
201900043543,10,12,2019,09:00:00,1,94,94046,2,1,1,3,"GENERAL LECLERC - CAR DE LA RESISTANCE (","48,8126500","2,4280700",201900043543,138 224 297,B01,2,1,1,0,1,0,0,NULL,201900043543,138 224 298,A01,1,1,1,1,1986,0,8,0,-1,-1," -1",-1,201900043543,4,"GENERAL LECLERC - CAR DE LA RESISTANCE (",0,NULL,1,2,0,1,0,0,1,NULL,NULL,1,0,1,50
201900045793,13,6,2019,15:35:00,1,77,77058,2,1,1,6,"D35-LAGNY (BOULEVARD DE)","48,8335000","2,7059000",201900045793,138 219 963,B01,1,1,0,0,7,19,5,NULL,201900045793,138 219 963,B01,1,1,4,2,1994,5,8,0,-1,0,0,-1,201900045793,3,35,0,NULL,3,3,-1,1,4,315,1,NULL,NULL,1,0,1,50
201900045793,13,6,2019,15:35:00,1,77,77058,2,1,1,6,"D35-LAGNY (BOULEVARD DE)","48,8335000","2,7059000",201900045793,138 219 963,B01,1,1,0,0,7,19,5,NULL,201900045793,138 219 964,A01,1,1,1,2,1983,5,1,8,-1,-1,0,-1,201900045793,3,35,0,NULL,3,3,-1,1,4,315,1,NULL,NULL,1,0,1,50
201900045927,12,2,2019,10:00:00,1,93,93006,2,1,8,3,"GAMBETTA AV.","48,8709400","2,4173800",201900045927,138 219 694,B01,3,1,8,0,0,0,5,NULL,201900045927,138 219 693,A01,1,1,1,1,1980,4,1,8,-1,-1," -1",-1,201900045927,3,20,0,B,2,2,2,2,0,0,1,NULL,NULL,1,0,2,50
201900045927,12,2,2019,10:00:00,1,93,93006,2,1,8,3,"GAMBETTA AV.","48,8709400","2,4173800",201900045927,138 219 694,B01,3,1,8,0,0,0,5,NULL,201900045927,138 219 694,B01,1,1,4,1,1990,0,2,0,-1,-1," -1",-1,201900045927,3,20,0,B,2,2,2,2,0,0,1,NULL,NULL,1,0,2,50
201900046305,7,1,2019,07:51:00,2,49,49007,2,1,8,3,"ROI RENE BOULEVARD","47,4673700"," -0,5558800",201900046305,138 218 967,B01,3,1,0,2,8,26,5,NULL,201900046305,138 218 967,B01,1,1,4,1,1958,9,2,8,-1,-1,0,-1,201900046305,4,"ROI RENE BOULEVARD",0,NULL,-1,1,0,1,0,0,1,NULL,NULL,2,0,1,30
201900046305,7,1,2019,07:51:00,2,49,49007,2,1,8,3,"ROI RENE BOULEVARD","47,4673700"," -0,5558800",201900046305,138 218 967,B01,3,1,0,2,8,26,5,NULL,201900046305,138 218 968,A01,1,1,1,2,1974,0,1,8,-1,-1," -1",-1,201900046305,4,"ROI RENE BOULEVARD",0,NULL,-1,1,0,1,0,0,1,NULL,NULL,2,0,1,30
201900048284,26,9,2019,17:50:00,1,971,97113,2,1,1,3,BESSON,"16,2300000"," -61,5100000",201900048284,138 215 284,A01,3,1,16,2,0,10,5,NULL,201900048284,138 215 283,B01,1,1,1,1,1949,0,1,0,-1,-1," -1",-1,201900048284,4,"C10 BESSON",0,NULL,2,2,0,1,0,0,1,NULL,NULL,1,0,1,50
201900048284,26,9,2019,17:50:00,1,971,97113,2,1,1,3,BESSON,"16,2300000"," -61,5100000",201900048284,138 215 284,A01,3,1,16,2,0,10,5,NULL,201900048284,138 215 283,B01,2,2,1,2,1970,0,1,0,-1,-1," -1",-1,201900048284,4,"C10 BESSON",0,NULL,2,2,0,1,0,0,1,NULL,NULL,1,0,1,50
201900048284,26,9,2019,17:50:00,1,971,97113,2,1,1,3,BESSON,"16,2300000"," -61,5100000",201900048284,138 215 284,A01,3,1,16,2,0,10,5,NULL,201900048284,138 215 284,A01,1,1,3,1,1970,0,2,8,-1,-1," -1",-1,201900048284,4,"C10 BESSON",0,NULL,2,2,0,1,0,0,1,NULL,NULL,1,0,1,50
201900049128,29,11,2019,07:25:00,5,59,59654,2,6,2,3,"TOURNAI (ROUTE DE)","50,3910300","3,1066300",201900049128,138 213 719,B01,1,1,0,2,3,1,5,NULL,201900049128,138 213 718,A01,1,1,1,1,1972,1,1,8,-1,-1,0,-1,201900049128,3,917,0,NULL,1,1,2,1,12,123,2,NULL,NULL,1,0,1,50
201900049128,29,11,2019,07:25:00,5,59,59654,2,6,2,3,"TOURNAI (ROUTE DE)","50,3910300","3,1066300",201900049128,138 213 719,B01,1,1,0,2,3,1,5,NULL,201900049128,138 213 719,B01,1,1,3,1,1963,1,8,8,-1,-1,0,-1,201900049128,3,917,0,NULL,1,1,2,1,12,123,2,NULL,NULL,1,0,1,50
201900049388,5,6,2019,16:58:00,1,49,49007,2,1,1,7,LETANDUERE,"47,4546300"," -0,5535100",201900049388,138 213 248,A01,1,1,14,0,1,0,5,NULL,201900049388,138 213 248,A01,1,1,3,2,1959,5,2,8,-1,-1,0,-1,201900049388,4,LETANDUERE,0,NULL,1,2,1,1,0,0,1,NULL,NULL,1,5,1,20
201900052238,27,3,2019,17:21:00,1,49,49246,2,3,1,3,"EUROPE AVENUE","47,4407300"," -0,5288500",201900052238,138 207 879,B01,2,1,0,2,1,1,5,NULL,201900052238,138 207 879,B01,1,1,4,1,1998,4,8,8,-1,-1,0,-1,201900052238,4,"EUROPE AVENUE",0,NULL,2,4,2,1,0,0,1,NULL,NULL,1,5,1,50
201900052238,27,3,2019,17:21:00,1,49,49246,2,3,1,3,"EUROPE AVENUE","47,4407300"," -0,5288500",201900052238,138 207 879,B01,2,1,0,2,1,1,5,NULL,201900052238,138 207 880,A01,1,1,1,2,1988,0,1,8,-1,-1,0,-1,201900052238,4,"EUROPE AVENUE",0,NULL,2,4,2,1,0,0,1,NULL,NULL,1,5,1,50
201900052391,28,3,2019,14:40:00,1,75,75106,2,2,1,3,"RUE DE VAUGIRARD","48,8484150","2,3316640",201900052391,138 207 554,B01,2,1,0,2,1,18,5,NULL,201900052391,138 207 553,A01,1,1,1,1,1975,9,1,0,-1,0,0,-1,201900052391,4,"RUE DE VAUGIRARD",0,NULL,2,2,0,1,0,0,1,NULL,NULL,1,0,1,30
201900052391,28,3,2019,14:40:00,1,75,75106,2,2,1,3,"RUE DE VAUGIRARD","48,8484150","2,3316640",201900052391,138 207 554,B01,2,1,0,2,1,18,5,NULL,201900052391,138 207 553,A01,2,2,1,1,1987,0,1,0,-1,0,0,-1,201900052391,4,"RUE DE VAUGIRARD",0,NULL,2,2,0,1,0,0,1,NULL,NULL,1,0,1,30
201900052391,28,3,2019,14:40:00,1,75,75106,2,2,1,3,"RUE DE VAUGIRARD","48,8484150","2,3316640",201900052391,138 207 554,B01,2,1,0,2,1,18,5,NULL,201900052391,138 207 554,B01,1,1,4,1,1961,5,2,0,-1,0,0,-1,201900052391,4,"RUE DE VAUGIRARD",0,NULL,2,2,0,1,0,0,1,NULL,NULL,1,0,1,30
201900056026,27,3,2019,14:30:00,1,93,93048,2,1,1,6,"LAGNY (RUE DE)","48,8492310","2,4212410",201900056026,138 200 758,B01,3,1,1,0,1,1,5,NULL,201900056026,138 200 758,B01,1,1,4,1,1983,0,2,0,-1,-1," -1",-1,201900056026,3,143,0,A,1,1,0,1,0,0,1,NULL,NULL,1,0,1,50
201900056026,27,3,2019,14:30:00,1,93,93048,2,1,1,6,"LAGNY (RUE DE)","48,8492310","2,4212410",201900056026,138 200 758,B01,3,1,1,0,1,1,5,NULL,201900056026,138 200 759,A01,1,1,1,2,1979,0,8,0,-1,-1," -1",-1,201900056026,3,143,0,A,1,1,0,1,0,0,1,NULL,NULL,1,0,1,50
201900058405,27,3,2019,11:30:00,1,33,33305,2,3,7,3,"La Gare","44,4625500"," -0,2916900",201900058405,138 196 424,B01,1,1,0,2,3,15,5,NULL,201900058405,138 196 424,B01,1,1,3,1,1972,5,2,-1,-1,0,0,-1,201900058405,3,3,NULL,NULL,2,2,1,1,163,680,1,NULL,NULL,1,0,1,70