Num_Acc,jour,mois,an,hrmn,lum,dep,com,agg,int,atm,col,adr,lat,long,Num_Acc,id_vehicule,num_veh,senc,catv,obs,obsm,choc,manv,motor,occutc,Num_Acc,id_vehicule,num_veh,place,catu,grav,sexe,an_nais,trajet,secu1,secu2,secu3,locp,actp,etatp,Num_Acc,catr,voie,v1,v2,circ,nbv,vosp,prof,pr,pr1,plan,lartpc,larrout,surf,infra,situ,vma
201900058405,27,3,2019,11:30:00,1,33,33305,2,3,7,3,"La Gare","44,4625500"," -0,2916900",201900058405,138 196 424,B01,1,1,0,2,3,15,5,NULL,201900058405,138 196 426,A01,1,1,1,1,1989,4,1,-1,-1,0,0,-1,201900058405,3,3,NULL,NULL,2,2,1,1,163,680,1,NULL,NULL,1,0,1,70
201900008846,9,8,2019,11:35:00,1,33,33009,2,6,1,3,"ROOSEVELT (PL. F.D.)","44,6601600"," -1,1682000",201900008846,138 289 961,A01,2,1,0,2,4,1,5,NULL,201900008846,138 289 961,A01,1,1,4,2,1951,5,8,0,-1,-1," -1",-1,201900008846,4,"ROOSEVELT (PL. F.D.)",0,NULL,1,1,0,1,0,0,2,NULL,NULL,1,0,1,50
201900008846,9,8,2019,11:35:00,1,33,33009,2,6,1,3,"ROOSEVELT (PL. F.D.)","44,6601600"," -1,1682000",201900008846,138 289 961,A01,2,1,0,2,4,1,5,NULL,201900008846,138 289 962,B01,1,1,1,1,1937,5,1,0,-1,-1," -1",-1,201900008846,4,"ROOSEVELT (PL. F.D.)",0,NULL,1,1,0,1,0,0,2,NULL,NULL,1,0,1,50
201900010087,16,10,2019,19:55:00,5,75,75104,2,3,2,3,"BOULEVARD DE SEBASTOPOL","48,8612120","2,3497250",201900010087,138 287 678,B01,1,1,0,2,2,1,5,NULL,201900010087,138 287 677,A01,1,1,1,1,1965,1,1,0,-1,0,0,-1,201900010087,4,"BOULEVARD DE SEBASTOPOL",0,NULL,2,2,1,1,0,0,1,NULL,NULL,2,0,5,50
201900010087,16,10,2019,19:55:00,5,75,75104,2,3,2,3,"BOULEVARD DE SEBASTOPOL","48,8612120","2,3497250",201900010087,138 287 678,B01,1,1,0,2,2,1,5,NULL,201900010087,138 287 678,B01,1,1,4,1,1999,0,8,2,-1,0,0,-1,201900010087,4,"BOULEVARD DE SEBASTOPOL",0,NULL,2,2,1,1,0,0,1,NULL,NULL,2,0,5,50
201900010569,17,6,2019,19:30:00,1,26,26315,2,1,1,7,"Route du Buëch","45,0210340","5,4444040",201900010569,138 286 811,A01,3,1,0,0,7,1,5,NULL,201900010569,138 286 811,A01,1,1,2,1,1958,5,0,-1,-1,0,0,-1,201900010569,4,NULL,0,NULL,2,2,0,2,(1),(1),1,NULL,NULL,1,0,1,50
201900012156,24,4,2019,01:45:00,5,75,75103,2,7,1,6,"PLACE DE LA REPUBLIQUE","48,8666020","2,3646720",201900012156,138 283 850,Z01,1,1,0,2,8,9,5,NULL,201900012156,138 283 849,A01,2,2,1,2,1994,1,2,6,-1,0,0,-1,201900012156,4,"PLACE DE LA REPUBLIQUE",0,NULL,2,4,0,1,0,0,2,NULL,NULL,1,0,1,50
201900012156,24,4,2019,01:45:00,5,75,75103,2,7,1,6,"PLACE DE LA REPUBLIQUE","48,8666020","2,3646720",201900012156,138 283 850,Z01,1,1,0,2,8,9,5,NULL,201900012156,138 283 849,A01,1,1,3,1,1989,1,2,6,-1,0,0,-1,201900012156,4,"PLACE DE LA REPUBLIQUE",0,NULL,2,4,0,1,0,0,2,NULL,NULL,1,0,1,50
201900012255,22,4,2019,18:25:00,1,93,93051,2,9,1,2,"PAVE NEUF (AVENUE)","48,8378400","2,5618000",201900012255,138 283 674,A01,2,1,0,2,1,2,5,NULL,201900012255,138 283 673,B01,1,1,1,2,1981,5,1,0,-1,-1," -1",-1,201900012255,3,194,0,NULL,3,4,0,2,0,0,1,NULL,NULL,1,5,1,50
201900012255,22,4,2019,18:25:00,1,93,93051,2,9,1,2,"PAVE NEUF (AVENUE)","48,8378400","2,5618000",201900012255,138 283 674,A01,2,1,0,2,1,2,5,NULL,201900012255,138 283 674,A01,1,1,4,1,2003,5,2,8,-1,-1," -1",-1,201900012255,3,194,0,NULL,3,4,0,2,0,0,1,NULL,NULL,1,5,1,50
201900013926,21,4,2019,20:52:00,5,92,92050,2,1,1,3,"ARAGO FRANCOIS AVENUE","48,9008780","2,2246710",201900013926,138 280 494,B01,1,1,0,2,7,14,5,NULL,201900013926,138 280 493,A01,2,2,1,1,1995,5,1,0,-1,-1,0,-1,201900013926,3,131,0,NULL,2,4,0,1,0,0,1,NULL,NULL,1,0,1,50
201900013926,21,4,2019,20:52:00,5,92,92050,2,1,1,3,"ARAGO FRANCOIS AVENUE","48,9008780","2,2246710",201900013926,138 280 494,B01,1,1,0,2,7,14,5,NULL,201900013926,138 280 493,A01,1,1,1,1,1987,5,1,0,-1,-1,0,-1,201900013926,3,131,0,NULL,2,4,0,1,0,0,1,NULL,NULL,1,0,1,50
201900013926,21,4,2019,20:52:00,5,92,92050,2,1,1,3,"ARAGO FRANCOIS AVENUE","48,9008780","2,2246710",201900013926,138 280 494,B01,1,1,0,2,7,14,5,NULL,201900013926,138 280 494,B01,1,1,4,1,1997,5,8,0,-1,-1,0,-1,201900013926,3,131,0,NULL,2,4,0,1,0,0,1,NULL,NULL,1,0,1,50
201900014140,5,8,2019,17:37:00,1,64,64445,2,3,1,3,"RECTEUR JEAN SARRAILH","43,3081300"," -0,3764800",201900014140,138 280 122,B01,1,1,0,2,3,2,5,NULL,201900014140,138 280 122,B01,1,1,4,1,1953,5,2,0,-1,0,0,-1,201900014140,4,"JEAN MERMOZ",0,NULL,2,2,0,1,0,0,1,NULL,NULL,1,0,1,50
201900014140,5,8,2019,17:37:00,1,64,64445,2,3,1,3,"RECTEUR JEAN SARRAILH","43,3081300"," -0,3764800",201900014140,138 280 122,B01,1,1,0,2,3,2,5,NULL,201900014140,138 280 123,A01,1,1,1,2,1973,5,1,0,-1,0,0,-1,201900014140,4,"JEAN MERMOZ",0,NULL,2,2,0,1,0,0,1,NULL,NULL,1,0,1,50
201900014657,20,11,2019,21:30:00,5,51,51454,2,3,1,3,"BOULEVARD LUNDY","49,2612371","4,0306847",201900014657,138 279 057,B01,1,1,0,2,1,1,5,NULL,201900014657,138 279 056,A01,1,1,1,2,1972,0,1,0,-1,-1,0,-1,201900014657,4,"BOULEVARD LUNDY",0,NULL,2,2,0,1,(1),(1),1,NULL,NULL,1,5,1,50
201900014657,20,11,2019,21:30:00,5,51,51454,2,3,1,3,"BOULEVARD LUNDY","49,2612371","4,0306847",201900014657,138 279 057,B01,1,1,0,2,1,1,5,NULL,201900014657,138 279 057,B01,1,1,3,1,1996,4,8,6,-1,-1,0,-1,201900014657,4,"BOULEVARD LUNDY",0,NULL,2,2,0,1,(1),(1),1,NULL,NULL,1,5,1,50
201900017052,29,1,2019,10:45:00,1,22,22278,2,4,1,3,MOLIERE,"48,5115248"," -2,7500957",201900017052,138 274 540,A01,1,1,0,2,7,1,5,NULL,201900017052,138 274 539,B01,1,1,1,1,1961,4,8,0,-1,-1,0,-1,201900017052,4,MOLIERE,0,NULL,2,2,0,1,0,0,1,NULL,NULL,1,8,1,50
201900017052,29,1,2019,10:45:00,1,22,22278,2,4,1,3,MOLIERE,"48,5115248"," -2,7500957",201900017052,138 274 540,A01,1,1,0,2,7,1,5,NULL,201900017052,138 274 540,A01,1,1,4,1,1957,3,8,0,-1,-1,0,-1,201900017052,4,MOLIERE,0,NULL,2,2,0,1,0,0,1,NULL,NULL,1,8,1,50
201900020313,15,3,2019,06:15:00,2,971,97103,2,1,1,6,c16,"16,2723500"," -61,5808810",201900020313,138 268 427,B01,3,1,0,2,1,1,5,NULL,201900020313,138 268 427,B01,1,1,4,1,1964,5,2,-1,-1,0,0,-1,201900020313,4,16,0,C,2,2,0,2,0,4,2,NULL,NULL,1,0,1,50
201900020313,15,3,2019,06:15:00,2,971,97103,2,1,1,6,c16,"16,2723500"," -61,5808810",201900020313,138 268 427,B01,3,1,0,2,1,1,5,NULL,201900020313,138 268 428,A01,1,1,1,1,1954,5,1,-1,-1,0,0,-1,201900020313,4,16,0,C,2,2,0,2,0,4,2,NULL,NULL,1,0,1,50
201900026191,19,1,2019,15:28:00,1,22,22106,1,1,2,2,"SAINT-ILAN (RUE DE)","48,5062300"," -2,7032600",201900026191,138 257 005,B01,3,1,0,2,4,1,0,NULL,201900026191,138 257 005,B01,1,1,4,1,1968,5,2,8,-1,0,0,-1,201900026191,4,"SAINT-ILAN (RUE DE)",0,NULL,2,2,0,2,0,0,1,NULL,NULL,2,0,1,50
201900026191,19,1,2019,15:28:00,1,22,22106,1,1,2,2,"SAINT-ILAN (RUE DE)","48,5062300"," -2,7032600",201900026191,138 257 005,B01,3,1,0,2,4,1,0,NULL,201900026191,138 257 006,A01,1,1,1,2,1935,3,1,8,-1,0,0,-1,201900026191,4,"SAINT-ILAN (RUE DE)",0,NULL,2,2,0,2,0,0,1,NULL,NULL,2,0,1,50
201900027730,8,10,2019,19:25:00,5,75,75115,2,5,1,6,"BOULEVARD DU MONTPARNASSE","48,8450978","2,3201241",201900027730,138 254 173,Z01,1,1,0,1,0,1,5,NULL,201900027730,138 254 173,Z01,10,3,4,2,1990,0,0,-1,-1,4,3,1,201900027730,4,"BOULEVARD DU MONTPARNASSE",0,NULL,2,2,0,2,0,0,1,NULL,NULL,2,0,1,50
201900027812,8,10,2019,17:15:00,1,7,07323,2,3,1,3,"Route de Monsano","44,9047510","4,8223110",201900027812,138 254 024,B01,0,1,0,2,5,17,5,NULL,201900027812,138 254 023,A01,2,2,1,1,1958,0,1,-1,-1,0,0,-1,201900027812,3,279,NULL,NULL,2,2,0,1,4,980,1,NULL,NULL,1,0,1,50
201900027812,8,10,2019,17:15:00,1,7,07323,2,3,1,3,"Route de Monsano","44,9047510","4,8223110",201900027812,138 254 024,B01,0,1,0,2,5,17,5,NULL,201900027812,138 254 023,A01,7,2,1,1,1933,5,1,-1,-1,0,0,-1,201900027812,3,279,NULL,NULL,2,2,0,1,4,980,1,NULL,NULL,1,0,1,50
201900027812,8,10,2019,17:15:00,1,7,07323,2,3,1,3,"Route de Monsano","44,9047510","4,8223110",201900027812,138 254 024,B01,0,1,0,2,5,17,5,NULL,201900027812,138 254 023,A01,9,2,1,2,1934,5,1,-1,-1,0,0,-1,201900027812,3,279,NULL,NULL,2,2,0,1,4,980,1,NULL,NULL,1,0,1,50
201900027812,8,10,2019,17:15:00,1,7,07323,2,3,1,3,"Route de Monsano","44,9047510","4,8223110",201900027812,138 254 024,B01,0,1,0,2,5,17,5,NULL,201900027812,138 254 023,A01,1,1,1,1,1957,5,1,-1,-1,0,0,-1,201900027812,3,279,NULL,NULL,2,2,0,1,4,980,1,NULL,NULL,1,0,1,50
201900027812,8,10,2019,17:15:00,1,7,07323,2,3,1,3,"Route de Monsano","44,9047510","4,8223110",201900027812,138 254 024,B01,0,1,0,2,5,17,5,NULL,201900027812,138 254 024,B01,1,1,3,1,1941,5,2,6,-1,0,0,-1,201900027812,3,279,NULL,NULL,2,2,0,1,4,980,1,NULL,NULL,1,0,1,50
201900029030,16,5,2019,12:10:00,1,45,45232,2,1,1,2,"RUE DE LA SOURCE","47,8589700","1,9125700",201900029030,138 251 755,A01,1,1,0,2,1,2,5,NULL,201900029030,138 251 755,A01,1,1,3,1,1999,0,2,0,-1,0,0,-1,201900029030,4,"RUE DE LA SOURCE",0,NULL,2,2,0,1,(1),(1),1,NULL,NULL,1,2,1,50
201900029030,16,5,2019,12:10:00,1,45,45232,2,1,1,2,"RUE DE LA SOURCE","47,8589700","1,9125700",201900029030,138 251 755,A01,1,1,0,2,1,2,5,NULL,201900029030,138 251 756,B01,1,1,1,2,1999,1,1,0,-1,0,0,-1,201900029030,4,"RUE DE LA SOURCE",0,NULL,2,2,0,1,(1),(1),1,NULL,NULL,1,2,1,50
201900029927,7,9,2019,19:50:00,2,62,62001,2,1,2,3,"9 bis rue lancino","50,3900910","2,7209250",201900029927,138 250 069,B01,1,1,0,0,8,10,5,NULL,201900029927,138 250 069,B01,1,1,3,1,2002,5,0,-1,-1,0,0,-1,201900029927,3,57,NULL,NULL,2,2,0,1,1,500,1,NULL,NULL,2,0,1,50
201900029927,7,9,2019,19:50:00,2,62,62001,2,1,2,3,"9 bis rue lancino","50,3900910","2,7209250",201900029927,138 250 069,B01,1,1,0,0,8,10,5,NULL,201900029927,138 250 070,A01,1,1,1,2,1990,5,1,-1,-1,0,0,-1,201900029927,3,57,NULL,NULL,2,2,0,1,1,500,1,NULL,NULL,2,0,1,50
201900030193,27,6,2019,07:00:00,1,16,16232,1,1,1,6,"Ld Les Groies","45,6799230","0,2708910",201900030193,138 249 532,A01,1,1,0,6,1,1,5,NULL,201900030193,138 249 532,A01,1,1,3,1,1960,5,2,-1,-1,0,0,-1,201900030193,3,699,NULL,NULL,2,2,0,1,30,865,1,0,6.4,1,0,1,80
201900031032,9,11,2019,12:00:00,1,75,75109,2,4,1,6,"RUE DU FAUBOURG MONTMARTRE","48,8766588","2,3394497",201900031032,138 247 990,A01,2,1,0,1,1,1,5,NULL,201900031032,138 247 990,A01,1,1,1,1,1999,0,8,2,-1,0,0,-1,201900031032,4,"RUE DU FAUBOURG MONTMARTRE",0,NULL,1,2,-1,2,0,0,2,NULL,NULL,1,0,1,30
201900031032,9,11,2019,12:00:00,1,75,75109,2,4,1,6,"RUE DU FAUBOURG MONTMARTRE","48,8766588","2,3394497",201900031032,138 247 990,A01,2,1,0,1,1,1,5,NULL,201900031032,138 247 990,A01,10,3,4,2,1936,0,0,8,-1,4,3,2,201900031032,4,"RUE DU FAUBOURG MONTMARTRE",0,NULL,1,2,-1,2,0,0,2,NULL,NULL,1,0,1,30
201900032423,9,4,2019,17:23:00,1,32,32013,2,1,1,6,"ETIGNY (RUE D')","43,6461900","0,5831900",201900032423,138 245 350,A01,1,1,0,1,1,1,5,NULL,201900032423,138 245 350,A01,10,3,4,1,1974,9,8,0,-1,3,3,1,201900032423,4,"ETIGNY (RUE D')",0,NULL,2,2,0,2,0,0,1,NULL,NULL,1,0,1,50
201900032423,9,4,2019,17:23:00,1,32,32013,2,1,1,6,"ETIGNY (RUE D')","43,6461900","0,5831900",201900032423,138 245 350,A01,1,1,0,1,1,1,5,NULL,201900032423,138 245 350,A01,1,1,1,1,1991,9,8,0,-1,-1," -1",-1,201900032423,4,"ETIGNY (RUE D')",0,NULL,2,2,0,2,0,0,1,NULL,NULL,1,0,1,50
201900033993,3,3,2019,11:10:00,1,17,17018,1,1,1,7,D111,"46,0569060"," -0,8788250",201900033993,138 242 323,A01,2,1,16,0,1,1,5,NULL,201900033993,138 242 323,A01,1,1,3,1,1963,5,2,-1,-1,0,0,-1,201900033993,3,111,NULL,NULL,2,2,0,1,27,600,1,NULL,NULL,1,0,1,80
201900034122,8,4,2019,08:01:00,1,49,49007,2,1,1,6,RABELAIS,"47,4635800"," -0,5481600",201900034122,138 242 062,A01,1,1,12,0,1,1,5,NULL,201900034122,138 242 062,A01,1,1,4,2,2000,0,8,8,-1,-1,0,-1,201900034122,4,RABELAIS,0,NULL,2,2,2,1,0,0,1,NULL,NULL,1,0,1,30
201900035702,2,3,2019,09:00:00,1,2A,2A004,2,1,1,2,"LANTIVY BD","41,9170872","8,7360081",201900035702,138 238 991,B01,3,1,0,2,4,2,5,NULL,201900035702,138 238 991,B01,1,1,4,2,1981,1,8,4,-1,-1,0,-1,201900035702,4,NULL,0,NULL,2,2,0,1,(1),(1),1,NULL,NULL,1,0,1,50
201900035702,2,3,2019,09:00:00,1,2A,2A004,2,1,1,2,"LANTIVY BD","41,9170872","8,7360081",201900035702,138 238 991,B01,3,1,0,2,4,2,5,NULL,201900035702,138 238 992,A01,1,1,1,1,1942,5,1,8,-1,-1,0,-1,201900035702,4,NULL,0,NULL,2,2,0,1,(1),(1),1,NULL,NULL,1,0,1,50
201900037916,21,7,2019,13:45:00,1,75,75119,2,1,1,7,"RUE BOTZARIS","48,8766110","2,3812580",201900037916,138 234 733,A01,2,1,0,0,0,1,5,NULL,201900037916,138 234 733,A01,1,1,4,1,1961,5,2,-1,-1,0,0,-1,201900037916,4,"RUE BOTZARIS",0,NULL,2,-1,0,2,0,0,2,NULL,NULL,1,0,1,50
201900041485,6,4,2019,14:35:00,1,38,38027,2,3,1,1,"route du faye - D9","45,4287400","5,9780400",201900041485,138 228 186,B01,2,1,0,2,1,1,5,NULL,201900041485,138 228 185,A01,1,1,1,1,1999,5,8,-1,-1,0,0,-1,201900041485,3,9,NULL,D,2,2,0,1,8,0,1,NULL,NULL,1,0,1,50
201900041485,6,4,2019,14:35:00,1,38,38027,2,3,1,1,"route du faye - D9","45,4287400","5,9780400",201900041485,138 228 186,B01,2,1,0,2,1,1,5,NULL,201900041485,138 228 186,B01,1,1,3,1,1937,5,0,-1,-1,0,0,-1,201900041485,3,9,NULL,D,2,2,0,1,8,0,1,NULL,NULL,1,0,1,50
201900045711,16,6,2019,09:25:00,1,85,85194,2,1,1,6," RUE DES DEUX PHARES","46,4921100"," -1,7719100",201900045711,138 220 160,B01,3,1,0,2,0,0,5,NULL,201900045711,138 220 160,B01,1,1,3,2,1950,5,8,0,-1,0,0,-1,201900045711,4," RUE DES DEUX PHARES",0,NULL,1,1,0,2,0,0,1,NULL,NULL,1,0,1,50
201900045711,16,6,2019,09:25:00,1,85,85194,2,1,1,6," RUE DES DEUX PHARES","46,4921100"," -1,7719100",201900045711,138 220 160,B01,3,1,0,2,0,0,5,NULL,201900045711,138 220 161,A01,1,1,1,2,1957,9,1,0,-1,0,0,-1,201900045711,4," RUE DES DEUX PHARES",0,NULL,1,1,0,2,0,0,1,NULL,NULL,1,0,1,50
201900047729,21,2,2019,15:50:00,1,75,75115,2,4,1,3,"RUE LEBLANC","48,8366100","2,2813200",201900047729,138 216 291,A01,2,1,0,2,7,19,5,NULL,201900047729,138 216 290,B01,1,1,1,1,1975,0,1,0,-1,0,0,-1,201900047729,4,"RUE LEBLANC",0,NULL,1,2,0,1,0,0,2,NULL,NULL,1,9,1,50
201900047729,21,2,2019,15:50:00,1,75,75115,2,4,1,3,"RUE LEBLANC","48,8366100","2,2813200",201900047729,138 216 291,A01,2,1,0,2,7,19,5,NULL,201900047729,138 216 291,A01,1,1,4,1,2005,0,2,0,-1,0,0,-1,201900047729,4,"RUE LEBLANC",0,NULL,1,2,0,1,0,0,2,NULL,NULL,1,9,1,50
201900051190,13,6,2019,09:30:00,1,34,34129,2,1,1,3,D132,"43,5724800","3,8936500",201900051190,138 209 909,B01,2,1,0,2,1,0,0,NULL,201900051190,138 209 908,A01,1,1,1,1,1953,5,1,8,-1,0,0,-1,201900051190,3,132,0,NULL,3,3,1,1,5,570,1,NULL,NULL,1,0,1,50
201900051190,13,6,2019,09:30:00,1,34,34129,2,1,1,3,D132,"43,5724800","3,8936500",201900051190,138 209 909,B01,2,1,0,2,1,0,0,NULL,201900051190,138 209 909,B01,1,1,3,2,1952,5,2,6,-1,0,0,-1,201900051190,3,132,0,NULL,3,3,1,1,5,570,1,NULL,NULL,1,0,1,50
201900053664,28,10,2019,15:45:00,1,89,89156,1,1,1,2,D943,"47,9892880","3,5943410",201900053664,138 205 134,B01,1,1,0,2,6,1,5,NULL,201900053664,138 205 133,A01,1,1,1,1,1982,4,1,-1,-1,0,0,-1,201900053664,3,943,0,NULL,2,2,0,1,42,190,1,NULL,NULL,1,0,1,-1
201900053664,28,10,2019,15:45:00,1,89,89156,1,1,1,2,D943,"47,9892880","3,5943410",201900053664,138 205 134,B01,1,1,0,2,6,1,5,NULL,201900053664,138 205 134,B01,1,1,4,1,2000,5,0,-1,-1,0,0,-1,201900053664,3,943,0,NULL,2,2,0,1,42,190,1,NULL,NULL,1,0,1,-1
201900055974,27,3,2019,10:50:00,1,34,34172,2,1,1,2,"CHASSEURS (RUE DES)","43,6014100","3,8577600",201900055974,138 200 847,B01,1,1,0,2,4,1,5,NULL,201900055974,138 200 846,A01,1,1,1,1,2001,0,8,0,-1,0,0,-1,201900055974,4,"CHASSEURS (RUE DES)",0,NULL,2,2,0,1,(1),(1),1,NULL,NULL,1,0,1,50
201900055974,27,3,2019,10:50:00,1,34,34172,2,1,1,2,"CHASSEURS (RUE DES)","43,6014100","3,8577600",201900055974,138 200 847,B01,1,1,0,2,4,1,5,NULL,201900055974,138 200 847,B01,1,1,3,1,1954,0,8,0,-1,-1,0,-1,201900055974,4,"CHASSEURS (RUE DES)",0,NULL,2,2,0,1,(1),(1),1,NULL,NULL,1,0,1,50
201900056132,20,8,2019,14:30:00,1,83,83070,2,1,7,2,"Boulevard de l'Hubac du Bleu","43,1590790","6,4323960",201900056132,138 200 571,B01,2,1,12,0,4,1,5,NULL,201900056132,138 200 571,B01,1,1,4,2,1953,5,2,-1,-1,0,0,-1,201900056132,4,NULL,NULL,NULL,2,2,0,2,(1),(1),3,NULL,NULL,1,0,1,50
201900056132,20,8,2019,14:30:00,1,83,83070,2,1,7,2,"Boulevard de l'Hubac du Bleu","43,1590790","6,4323960",201900056132,138 200 571,B01,2,1,12,0,4,1,5,NULL,201900056132,138 200 572,A01,1,1,4,1,1985,0,2,-1,-1,0,0,-1,201900056132,4,NULL,NULL,NULL,2,2,0,2,(1),(1),3,NULL,NULL,1,0,1,50
201900056557,14,2,2019,07:35:00,2,31,31149,2,3,1,3,"GRAMONT (CHEMIN DE)","43,6182100","1,3389700",201900056557,138 199 800,B01,1,1,0,2,1,1,5,NULL,201900056557,138 199 798,A01,1,1,1,2,1988,9,1,8,-1,-1,0,-1,201900056557,4,"GRAMONT (CHEMIN DE)",0,NULL,2,2,1,1,0,0,1,NULL,NULL,1,0,1,50
201900056557,14,2,2019,07:35:00,2,31,31149,2,3,1,3,"GRAMONT (CHEMIN DE)","43,6182100","1,3389700",201900056557,138 199 800,B01,1,1,0,2,1,1,5,NULL,201900056557,138 199 800,B01,1,1,4,1,1966,1,2,8,-1,-1,0,-1,201900056557,4,"GRAMONT (CHEMIN DE)",0,NULL,2,2,1,1,0,0,1,NULL,NULL,1,0,1,50
201900056875,4,6,2019,19:00:00,1,75,75113,2,2,1,2,"BOULEVARD DE L HOPITAL","48,8365600","2,3592870",201900056875,138 199 203,A01,1,1,0,2,1,14,5,NULL,201900056875,138 199 200,B01,1,1,1,1,1981,1,1,0,-1,0,0,-1,201900056875,4,"BOULEVARD DE L HOPITAL",0,NULL,3,2,0,1,0,0,1,NULL,NULL,2,0,1,50
201900056875,4,6,2019,19:00:00,1,75,75113,2,2,1,2,"BOULEVARD DE L HOPITAL","48,8365600","2,3592870",201900056875,138 199 203,A01,1,1,0,2,1,14,5,NULL,201900056875,138 199 203,A01,1,1,4,1,1982,1,2,0,-1,0,0,-1,201900056875,4,"BOULEVARD DE L HOPITAL",0,NULL,3,2,0,1,0,0,1,NULL,NULL,2,0,1,50
201900058477,31,5,2019,21:10:00,5,75,75102,2,2,1,3,"RUE ETIENNE MARCEL","48,8636710","2,3500170",201900058477,138 196 278,A01,2,1,0,2,1,1,5,NULL,201900058477,138 196 277,B01,1,1,1,1,1968,4,1,0,-1,0,0,-1,201900058477,4,"RUE ETIENNE MARCEL",0,NULL,2,4,3,1,0,0,1,NULL,NULL,1,0,6,50
201900058477,31,5,2019,21:10:00,5,75,75102,2,2,1,3,"RUE ETIENNE MARCEL","48,8636710","2,3500170",201900058477,138 196 278,A01,2,1,0,2,1,1,5,NULL,201900058477,138 196 278,A01,1,1,4,1,1993,5,8,0,-1,0,0,-1,201900058477,4,"RUE ETIENNE MARCEL",0,NULL,2,4,3,1,0,0,1,NULL,NULL,1,0,6,50
201900018017,30,6,2019,11:15:00,1,45,45284,2,1,1,1,"AV P ET M CURIE","47,9081841","1,9782268",201900018017,138 272 728,A01,1,1,0,2,1,5,5,NULL,201900018017,138 272 727,B01,1,1,1,1,1991,9,8,0,-1,0,0,-1,201900018017,4,"AV P ET M CURIE",0,NULL,2,2,-1,1,(1),(1),1,NULL,NULL,1,0,5,50
201900018017,30,6,2019,11:15:00,1,45,45284,2,1,1,1,"AV P ET M CURIE","47,9081841","1,9782268",201900018017,138 272 727,B01,2,1,0,2,1,1,5,NULL,201900018017,138 272 727,B01,1,1,1,1,1991,9,8,0,-1,0,0,-1,201900018017,4,"AV P ET M CURIE",0,NULL,2,2,-1,1,(1),(1),1,NULL,NULL,1,0,5,50
201900018017,30,6,2019,11:15:00,1,45,45284,2,1,1,1,"AV P ET M CURIE","47,9081841","1,9782268",201900018017,138 272 728,A01,1,1,0,2,1,5,5,NULL,201900018017,138 272 728,A01,1,1,4,2,1946,0,8,0,-1,0,0,-1,201900018017,4,"AV P ET M CURIE",0,NULL,2,2,-1,1,(1),(1),1,NULL,NULL,1,0,5,50
201900018017,30,6,2019,11:15:00,1,45,45284,2,1,1,1,"AV P ET M CURIE","47,9081841","1,9782268",201900018017,138 272 727,B01,2,1,0,2,1,1,5,NULL,201900018017,138 272 728,A01,1,1,4,2,1946,0,8,0,-1,0,0,-1,201900018017,4,"AV P ET M CURIE",0,NULL,2,2,-1,1,(1),(1),1,NULL,NULL,1,0,5,50
201900018773,2,2,2019,02:25:00,5,75,75120,2,2,3,3,"COURS DE VINCENNES","48,8475480","2,4063140",201900018773,138 271 324,B01,1,1,0,2,5,15,5,NULL,201900018773,138 271 324,B01,1,1,4,1,1990,0,2,0,-1,0,0,-1,201900018773,4,"RUE DES PYRENEES",0,NULL,2,3,0,1,0,0,1,NULL,NULL,2,5,1,50
201900018773,2,2,2019,02:25:00,5,75,75120,2,2,3,3,"COURS DE VINCENNES","48,8475480","2,4063140",201900018773,138 271 324,B01,1,1,0,2,5,15,5,NULL,201900018773,138 271 325,A01,2,2,1,1,1994,0,1,0,-1,0,0,-1,201900018773,4,"RUE DES PYRENEES",0,NULL,2,3,0,1,0,0,1,NULL,NULL,2,5,1,50
201900018773,2,2,2019,02:25:00,5,75,75120,2,2,3,3,"COURS DE VINCENNES","48,8475480","2,4063140",201900018773,138 271 324,B01,1,1,0,2,5,15,5,NULL,201900018773,138 271 325,A01,1,1,1,1,1995,0,1,0,-1,0,0,-1,201900018773,4,"RUE DES PYRENEES",0,NULL,2,3,0,1,0,0,1,NULL,NULL,2,5,1,50
201900019679,1,8,2019,18:35:00,1,33,33529,2,6,8,3,"D112 / R.Jean de Grailly","44,6267200"," -1,1415600",201900019679,138 269 629,B01,2,1,0,2,7,1,5,NULL,201900019679,138 269 628,A01,1,1,1,2,1954,5,1,0,-1,-1," -1",-1,201900019679,3,112,0,NULL,1,1,0,1,0,778,2,NULL,NULL,1,0,1,50
201900019679,1,8,2019,18:35:00,1,33,33529,2,6,8,3,"D112 / R.Jean de Grailly","44,6267200"," -1,1415600",201900019679,138 269 629,B01,2,1,0,2,7,1,5,NULL,201900019679,138 269 629,B01,1,1,4,1,1959,5,0,0,-1,-1," -1",-1,201900019679,3,112,0,NULL,1,1,0,1,0,778,2,NULL,NULL,1,0,1,50
201900020305,12,3,2019,11:00:00,1,30,30089,1,3,1,3,"Intersection D2 - D 986L","43,8418290","4,6190720",201900020305,138 268 442,B01,1,1,0,2,8,15,5,NULL,201900020305,138 268 442,B01,1,1,3,1,1948,5,2,6,-1,0,0,-1,201900020305,3,986,0,L,2,2,0,1,12,100,1,NULL,NULL,1,9,1,50
201900020305,12,3,2019,11:00:00,1,30,30089,1,3,1,3,"Intersection D2 - D 986L","43,8418290","4,6190720",201900020305,138 268 442,B01,1,1,0,2,8,15,5,NULL,201900020305,138 268 443,A01,1,1,1,2,1996,3,8,-1,-1,0,0,-1,201900020305,3,986,0,L,2,2,0,1,12,100,1,NULL,NULL,1,9,1,50
201900024453,23,12,2019,17:35:00,3,62,62407,1,1,1,2,"Rue de Bourecq","50,5880440","2,4475750",201900024453,138 260 363,B01,2,1,0,0,4,2,5,NULL,201900024453,138 260 363,B01,1,1,3,1,1985,5,4,-1,-1,0,0,-1,201900024453,3,188,0,NULL,2,2,0,1,7,100,1,NULL,NULL,1,0,1,80