Num_Acc,jour,mois,an,hrmn,lum,dep,com,agg,int,atm,col,adr,lat,long,Num_Acc,id_vehicule,num_veh,senc,catv,obs,obsm,choc,manv,motor,occutc,Num_Acc,id_vehicule,num_veh,place,catu,grav,sexe,an_nais,trajet,secu1,secu2,secu3,locp,actp,etatp,Num_Acc,catr,voie,v1,v2,circ,nbv,vosp,prof,pr,pr1,plan,lartpc,larrout,surf,infra,situ,vma
201900024453,23,12,2019,17:35:00,3,62,62407,1,1,1,2,"Rue de Bourecq","50,5880440","2,4475750",201900024453,138 260 363,B01,2,1,0,0,4,2,5,NULL,201900024453,138 260 364,A01,7,2,1,1,2015,5,1,-1,-1,0,0,-1,201900024453,3,188,0,NULL,2,2,0,1,7,100,1,NULL,NULL,1,0,1,80
201900024453,23,12,2019,17:35:00,3,62,62407,1,1,1,2,"Rue de Bourecq","50,5880440","2,4475750",201900024453,138 260 363,B01,2,1,0,0,4,2,5,NULL,201900024453,138 260 364,A01,1,1,1,1,1986,1,1,-1,-1,0,0,-1,201900024453,3,188,0,NULL,2,2,0,1,7,100,1,NULL,NULL,1,0,1,80
201900024453,23,12,2019,17:35:00,3,62,62407,1,1,1,2,"Rue de Bourecq","50,5880440","2,4475750",201900024453,138 260 363,B01,2,1,0,0,4,2,5,NULL,201900024453,138 260 364,A01,9,2,1,1,2017,5,1,-1,-1,0,0,-1,201900024453,3,188,0,NULL,2,2,0,1,7,100,1,NULL,NULL,1,0,1,80
201900025405,24,5,2019,13:40:00,1,67,67482,2,3,1,6,"HOPITAL (ROUTE DE L )","48,5689310","7,7513550",201900025405,138 258 531,B01,2,1,0,2,4,1,5,NULL,201900025405,138 258 531,B01,1,1,4,1,2009,2,8,0,-1,-1,0,-1,201900025405,4,"HOPITAL (ROUTE DE L )",0,NULL,3,4,0,1,0,0,1,NULL,NULL,1,0,1,50
201900025405,24,5,2019,13:40:00,1,67,67482,2,3,1,6,"HOPITAL (ROUTE DE L )","48,5689310","7,7513550",201900025405,138 258 531,B01,2,1,0,2,4,1,5,NULL,201900025405,138 258 532,A01,1,1,1,1,1961,1,1,8,-1,-1,0,-1,201900025405,4,"HOPITAL (ROUTE DE L )",0,NULL,3,4,0,1,0,0,1,NULL,NULL,1,0,1,50
201900027980,17,1,2019,12:10:00,1,33,33318,2,2,1,3,"AV BECQUEREL/A630 ECH14","44,7881900"," -0,6463400",201900027980,138 253 693,B01,1,1,0,0,0,1,5,NULL,201900027980,138 253 693,B01,1,1,2,1,2000,4,8,0,-1,-1," -1",-1,201900027980,1,630,0,NULL,3,3,0,1,23,83,1,NULL,NULL,1,3,8,50
201900027980,17,1,2019,12:10:00,1,33,33318,2,2,1,3,"AV BECQUEREL/A630 ECH14","44,7881900"," -0,6463400",201900027980,138 253 693,B01,1,1,0,0,0,1,5,NULL,201900027980,138 253 694,A01,1,1,1,1,1971,4,8,0,-1,-1," -1",-1,201900027980,1,630,0,NULL,3,3,0,1,23,83,1,NULL,NULL,1,3,8,50
201900028049,25,1,2019,07:55:00,2,75,75119,2,1,2,3,"AVENUE SIMON BOLIVAR","48,8751100","2,3824570",201900028049,138 253 555,B01,1,1,0,2,3,1,5,NULL,201900028049,138 253 555,B01,2,1,4,2,1964,1,8,0,-1,0,0,-1,201900028049,4,"AVENUE SIMON BOLIVAR",0,NULL,2,2,0,1,0,1,1,NULL,NULL,2,0,1,50
201900028049,25,1,2019,07:55:00,2,75,75119,2,1,2,3,"AVENUE SIMON BOLIVAR","48,8751100","2,3824570",201900028049,138 253 555,B01,1,1,0,2,3,1,5,NULL,201900028049,138 253 556,A01,1,1,1,1,1963,1,1,5,-1,0,0,-1,201900028049,4,"AVENUE SIMON BOLIVAR",0,NULL,2,2,0,1,0,1,1,NULL,NULL,2,0,1,50
201900029583,7,10,2019,13:30:00,1,94,94041,2,1,1,3,"JEAN LE GALLEU (R)","48,8140500","2,3765900",201900029583,138 250 656,B01,1,1,0,2,2,25,5,NULL,201900029583,138 250 655,A01,1,1,1,1,1976,4,1,0,-1,-1," -1",-1,201900029583,3,223,0,B,1,1,0,1,0,0,1,NULL,NULL,1,0,1,50
201900029583,7,10,2019,13:30:00,1,94,94041,2,1,1,3,"JEAN LE GALLEU (R)","48,8140500","2,3765900",201900029583,138 250 656,B01,1,1,0,2,2,25,5,NULL,201900029583,138 250 656,B01,2,1,4,1,2005,2,8,0,-1,-1," -1",-1,201900029583,3,223,0,B,1,1,0,1,0,0,1,NULL,NULL,1,0,1,50
201900030080,4,9,2019,09:45:00,1,94,94080,2,1,1,3,"EGALITE (R DE L)","48,8480000","2,4280000",201900030080,138 249 746,B01,1,1,1,0,1,22,5,NULL,201900030080,138 249 746,B01,1,1,4,1,1973,1,8,0,-1,-1," -1",-1,201900030080,4,"EGALITE (R DE L)",0,NULL,1,1,0,1,0,0,1,NULL,NULL,1,0,1,30
201900030080,4,9,2019,09:45:00,1,94,94080,2,1,1,3,"EGALITE (R DE L)","48,8480000","2,4280000",201900030080,138 249 746,B01,1,1,1,0,1,22,5,NULL,201900030080,138 249 747,A01,1,1,1,1,1971,4,8,0,-1,-1,0,-1,201900030080,4,"EGALITE (R DE L)",0,NULL,1,1,0,1,0,0,1,NULL,NULL,1,0,1,30
201900030872,23,5,2019,18:00:00,1,34,34172,2,2,1,2,"PONT DE LAVERUNE (RUE DU)","43,6064600","3,8370900",201900030872,138 248 294,B01,1,1,0,2,4,1,5,NULL,201900030872,138 248 293,A01,1,1,1,1,1967,4,1,8,-1,0,0,-1,201900030872,4,"PONT DE LAVERUNE (RUE DU)",0,NULL,2,2,2,2,(1),(1),1,NULL,NULL,1,5,1,50
201900030872,23,5,2019,18:00:00,1,34,34172,2,2,1,2,"PONT DE LAVERUNE (RUE DU)","43,6064600","3,8370900",201900030872,138 248 294,B01,1,1,0,2,4,1,5,NULL,201900030872,138 248 294,B01,1,1,4,1,2004,5,8,0,-1,0,0,-1,201900030872,4,"PONT DE LAVERUNE (RUE DU)",0,NULL,2,2,2,2,(1),(1),1,NULL,NULL,1,5,1,50
201900032403,9,4,2019,21:55:00,5,64,64102,2,1,1,1,"AVENUE DE L' AQUITAINE","43,4857826"," -1,4734707",201900032403,138 245 393,A01,2,1,0,2,1,5,5,NULL,201900032403,138 245 392,B01,1,1,1,2,1965,5,1,0,-1,0,0,-1,201900032403,3,810,0,NULL,3,4,0,4,6,600,1,NULL,NULL,1,0,1,50
201900032403,9,4,2019,21:55:00,5,64,64102,2,1,1,1,"AVENUE DE L' AQUITAINE","43,4857826"," -1,4734707",201900032403,138 245 393,A01,2,1,0,2,1,5,5,NULL,201900032403,138 245 393,A01,1,1,4,1,1984,5,8,0,-1,0,0,-1,201900032403,3,810,0,NULL,3,4,0,4,6,600,1,NULL,NULL,1,0,1,50
201900032992,7,11,2019,11:34:00,1,26,26362,2,2,1,3,"JONCHERE RUE","44,9318200","4,8938900",201900032992,138 244 210,B01,0,1,0,2,1,1,5,NULL,201900032992,138 244 206,A01,1,1,1,1,1994,1,8,0,-1,-1,0,-1,201900032992,4,"JEU DE PAUME RUE DU",0,NULL,1,1,0,1,0,(1),1,NULL,NULL,1,0,1,30
201900032992,7,11,2019,11:34:00,1,26,26362,2,2,1,3,"JONCHERE RUE","44,9318200","4,8938900",201900032992,138 244 206,A01,3,1,0,2,7,19,5,NULL,201900032992,138 244 206,A01,1,1,1,1,1994,1,8,0,-1,-1,0,-1,201900032992,4,"JEU DE PAUME RUE DU",0,NULL,1,1,0,1,0,(1),1,NULL,NULL,1,0,1,30
201900032992,7,11,2019,11:34:00,1,26,26362,2,2,1,3,"JONCHERE RUE","44,9318200","4,8938900",201900032992,138 244 210,B01,0,1,0,2,1,1,5,NULL,201900032992,138 244 210,B01,1,1,3,2,1967,5,8,0,-1,-1,0,-1,201900032992,4,"JEU DE PAUME RUE DU",0,NULL,1,1,0,1,0,(1),1,NULL,NULL,1,0,1,30
201900032992,7,11,2019,11:34:00,1,26,26362,2,2,1,3,"JONCHERE RUE","44,9318200","4,8938900",201900032992,138 244 206,A01,3,1,0,2,7,19,5,NULL,201900032992,138 244 210,B01,1,1,3,2,1967,5,8,0,-1,-1,0,-1,201900032992,4,"JEU DE PAUME RUE DU",0,NULL,1,1,0,1,0,(1),1,NULL,NULL,1,0,1,30
201900033046,8,11,2019,16:10:00,1,75,75116,2,3,1,6,"RUE DE PASSY","48,8579035","2,2807574",201900033046,138 244 108,A01,1,1,0,1,1,5,5,NULL,201900033046,138 244 108,A01,1,1,1,1,2003,1,2,8,-1,0,0,-1,201900033046,4,"RUE DE PASSY",0,NULL,1,2,0,1,0,0,1,NULL,NULL,1,0,1,50
201900033046,8,11,2019,16:10:00,1,75,75116,2,3,1,6,"RUE DE PASSY","48,8579035","2,2807574",201900033046,138 244 108,A01,1,1,0,1,1,5,5,NULL,201900033046,138 244 108,A01,10,3,4,2,1950,0,0,-1,-1,2,4,1,201900033046,4,"RUE DE PASSY",0,NULL,1,2,0,1,0,0,1,NULL,NULL,1,0,1,50
201900033648,21,1,2019,17:20:00,2,75,75101,2,5,1,3,"RUE DE SEZE","48,8699120","2,3280070",201900033648,138 242 977,B01,3,1,0,2,1,1,5,NULL,201900033648,138 242 977,B01,1,1,4,2,1976,0,2,0,-1,-1,0,-1,201900033648,4,"RUE DE SEZE",0,NULL,1,1,0,1,0,0,1,NULL,NULL,1,0,1,50
201900033648,21,1,2019,17:20:00,2,75,75101,2,5,1,3,"RUE DE SEZE","48,8699120","2,3280070",201900033648,138 242 977,B01,3,1,0,2,1,1,5,NULL,201900033648,138 242 978,A01,1,1,1,1,1989,1,1,0,-1,0,0,-1,201900033648,4,"RUE DE SEZE",0,NULL,1,1,0,1,0,0,1,NULL,NULL,1,0,1,50
201900040256,20,6,2019,17:56:00,1,2,02361,2,6,1,2,"Place Louis Meurisse","49,9006230","3,6303000",201900040256,138 230 448,A01,3,1,0,0,7,1,5,NULL,201900040256,138 230 447,B01,1,1,1,1,2000,1,1,-1,-1,0,0,-1,201900040256,3,1029,NULL,D,1,1,0,1,(1),(1),2,NULL,NULL,1,0,1,50
201900040256,20,6,2019,17:56:00,1,2,02361,2,6,1,2,"Place Louis Meurisse","49,9006230","3,6303000",201900040256,138 230 448,A01,3,1,0,0,7,1,5,NULL,201900040256,138 230 448,A01,1,1,4,2,1952,3,0,-1,-1,0,0,-1,201900040256,3,1029,NULL,D,1,1,0,1,(1),(1),2,NULL,NULL,1,0,1,50
201900040782,30,9,2019,07:00:00,2,75,75114,2,1,1,6,"BOULEVARD JOURDAN","48,8217542","2,3325128",201900040782,138 229 467,A01,1,1,9,0,1,1,5,NULL,201900040782,138 229 467,A01,1,1,4,1,1986,1,2,8,-1,0,0,-1,201900040782,4,"BOULEVARD JOURDAN",0,NULL,3,4,1,1,42,0,1,NULL,NULL,1,0,5,50
201900042118,1,6,2019,20:50:00,1,25,25056,2,1,1,5,"20 rue de Vesoul","47,2504300","6,0186000",201900042118,138 226 960,B01,1,1,0,2,8,15,0,NULL,201900042118,138 226 960,B01,1,1,3,1,1989,0,2,0,-1,-1,0,-1,201900042118,4,"DOLE RUE DE (inf 82)",0,NULL,2,2,1,2,0,0,1,NULL,NULL,1,0,1,50
201900042118,1,6,2019,20:50:00,1,25,25056,2,1,1,5,"20 rue de Vesoul","47,2504300","6,0186000",201900042118,138 226 960,B01,1,1,0,2,8,15,0,NULL,201900042118,138 226 962,A01,1,1,1,1,1986,0,1,8,-1,-1," -1",-1,201900042118,4,"DOLE RUE DE (inf 82)",0,NULL,2,2,1,2,0,0,1,NULL,NULL,1,0,1,50
201900043753,1,5,2019,06:50:00,2,93,93048,2,3,1,1,"ETIENNE MARCEL (RUE)","48,8576100","2,4274200",201900043753,138 223 913,B01,1,1,0,2,4,1,5,NULL,201900043753,138 223 913,B01,1,1,3,1,1986,1,8,0,-1,-1," -1",-1,201900043753,4,"ETIENNE MARCEL (RUE)",0,NULL,2,2,0,1,0,1,1,NULL,NULL,1,0,1,35
201900043753,1,5,2019,06:50:00,2,93,93048,2,3,1,1,"ETIENNE MARCEL (RUE)","48,8576100","2,4274200",201900043753,138 223 913,B01,1,1,0,2,4,1,5,NULL,201900043753,138 223 914,A01,1,1,1,1,1974,1,1,0,-1,-1," -1",-1,201900043753,4,"ETIENNE MARCEL (RUE)",0,NULL,2,2,0,1,0,1,1,NULL,NULL,1,0,1,35
201900044541,10,1,2019,17:30:00,5,69,69388,2,1,1,6,"ETATS UNIS (DES)                    (BD)","45,7361000","4,8620900",201900044541,138 222 371,B01,1,1,1,0,0,0,0,NULL,201900044541,138 222 370,A01,1,1,1,2,1981,1,8,0,-1,0,0,-1,201900044541,4,"ETATS UNIS (DES)                    (BD)",0,NULL,3,3,2,1,1,0,1,NULL,NULL,1,0,2,50
201900044541,10,1,2019,17:30:00,5,69,69388,2,1,1,6,"ETATS UNIS (DES)                    (BD)","45,7361000","4,8620900",201900044541,138 222 371,B01,1,1,1,0,0,0,0,NULL,201900044541,138 222 371,B01,1,1,4,1,1972,0,8,0,-1,0,0,-1,201900044541,4,"ETATS UNIS (DES)                    (BD)",0,NULL,3,3,2,1,1,0,1,NULL,NULL,1,0,2,50
201900044768,29,9,2019,19:15:00,1,30,30006,2,6,1,2,"Chemin d'Aigues Vives","43,6988860","4,2031820",201900044768,138 221 926,B01,0,1,0,2,1,19,5,NULL,201900044768,138 221 925,A01,1,1,1,1,1974,5,1,-1,-1,0,0,-1,201900044768,4,NULL,NULL,NULL,2,2,0,1,(1),(1),1,NULL,NULL,1,0,1,50
201900044768,29,9,2019,19:15:00,1,30,30006,2,6,1,2,"Chemin d'Aigues Vives","43,6988860","4,2031820",201900044768,138 221 926,B01,0,1,0,2,1,19,5,NULL,201900044768,138 221 926,B01,1,1,4,1,2001,5,0,-1,-1,0,0,-1,201900044768,4,NULL,NULL,NULL,2,2,0,1,(1),(1),1,NULL,NULL,1,0,1,50
201900045067,2,4,2019,11:10:00,1,69,69259,2,7,1,1,"ACACIAS (DES)                       (AL)","45,7247697","4,8690838",201900045067,138 221 360,B01,3,1,0,2,8,0,5,NULL,201900045067,138 221 359,A01,1,1,1,1,1981,5,8,8,-1,-1,0,-1,201900045067,6,"ACACIAS (DES)                       (AL)",0,NULL,-1,0,0,1,0,0,1,NULL,NULL,1,0,1,20
201900045067,2,4,2019,11:10:00,1,69,69259,2,7,1,1,"ACACIAS (DES)                       (AL)","45,7247697","4,8690838",201900045067,138 221 360,B01,3,1,0,2,8,0,5,NULL,201900045067,138 221 360,B01,1,1,4,1,1988,1,8,0,-1,-1,0,-1,201900045067,6,"ACACIAS (DES)                       (AL)",0,NULL,-1,0,0,1,0,0,1,NULL,NULL,1,0,1,20
201900045226,17,7,2019,19:00:00,1,13,13208,2,1,1,3,"MONTREDON (AVENUE DE)","43,2446210","5,3721760",201900045226,138 221 038,B01,1,1,0,2,1,2,5,NULL,201900045226,138 221 037,A01,1,1,1,1,1971,5,1,0,-1,-1,0,-1,201900045226,7,"MONTREDON (AVENUE DE)",0,NULL,2,2,0,1,0,0,1,NULL,NULL,1,0,1,50
201900045226,17,7,2019,19:00:00,1,13,13208,2,1,1,3,"MONTREDON (AVENUE DE)","43,2446210","5,3721760",201900045226,138 221 038,B01,1,1,0,2,1,2,5,NULL,201900045226,138 221 038,B01,1,1,4,1,1964,1,2,0,-1,-1," -1",-1,201900045226,7,"MONTREDON (AVENUE DE)",0,NULL,2,2,0,1,0,0,1,NULL,NULL,1,0,1,50
201900045350,9,12,2019,14:10:00,1,75,75114,2,1,1,3,"RUE DE L ABBE CARTON","48,8281134","2,3197944",201900045350,138 220 818,A01,1,1,0,2,1,25,5,NULL,201900045350,138 220 817,B01,1,1,1,2,1946,5,1,0,-1,0,0,-1,201900045350,4,"RUE DE L ABBE CARTON",0,NULL,1,1,0,1,77,0,1,NULL,NULL,2,0,4,50
201900045350,9,12,2019,14:10:00,1,75,75114,2,1,1,3,"RUE DE L ABBE CARTON","48,8281134","2,3197944",201900045350,138 220 818,A01,1,1,0,2,1,25,5,NULL,201900045350,138 220 818,A01,1,1,4,1,2001,1,2,8,-1,0,0,-1,201900045350,4,"RUE DE L ABBE CARTON",0,NULL,1,1,0,1,77,0,1,NULL,NULL,2,0,4,50
201900045394,7,12,2019,16:15:00,1,61,61145,1,1,1,1,"La Semasiere","48,5870900"," -0,6145870",201900045394,138 220 729,B01,3,1,0,2,1,1,5,NULL,201900045394,138 220 728,A01,1,1,1,1,1993,5,1,-1,-1,0,0,-1,201900045394,4,1,NULL,NULL,2,2,0,1,(1),(1),4,NULL,NULL,6,0,1,80
201900045394,7,12,2019,16:15:00,1,61,61145,1,1,1,1,"La Semasiere","48,5870900"," -0,6145870",201900045394,138 220 729,B01,3,1,0,2,1,1,5,NULL,201900045394,138 220 729,B01,1,1,3,1,1949,5,2,-1,-1,0,0,-1,201900045394,4,1,NULL,NULL,2,2,0,1,(1),(1),4,NULL,NULL,6,0,1,80
201900045750,14,6,2019,07:15:00,1,80,80021,2,1,2,3,"R DE VIGNACOURT ","49,9058680","2,2896630",201900045750,138 220 069,B01,0,1,0,2,1,1,5,NULL,201900045750,138 220 069,B01,1,1,4,1,1965,1,8,0,-1,0,0,-1,201900045750,4,"VIGNACOURT (RUE DE)",0,NULL,2,2,0,2,0,0,1,NULL,NULL,2,0,1,50
201900045750,14,6,2019,07:15:00,1,80,80021,2,1,2,3,"R DE VIGNACOURT ","49,9058680","2,2896630",201900045750,138 220 069,B01,0,1,0,2,1,1,5,NULL,201900045750,138 220 070,A01,1,1,1,2,1993,1,1,0,-1,0,0,-1,201900045750,4,"VIGNACOURT (RUE DE)",0,NULL,2,2,0,2,0,0,1,NULL,NULL,2,0,1,50
201900045755,11,6,2019,09:15:00,1,80,80021,2,3,1,3,"11, R SAINT GERMAIN","49,8962600","2,2963400",201900045755,138 220 060,B01,0,1,0,2,4,1,5,NULL,201900045755,138 220 060,B01,1,1,4,1,1998,0,2,0,-1,0,0,-1,201900045755,4,"JULES VERNE (BOULEVARD)",0,NULL,1,2,0,1,0,0,1,NULL,NULL,1,0,1,50
201900046094,5,11,2019,19:50:00,5,6,06079,2,1,1,2,"Avenue du Général de Gaulle","43,5322460","6,9490360",201900046094,138 219 392,B01,2,1,0,0,4,1,5,NULL,201900046094,138 219 391,A01,1,1,1,1,1975,5,1,-1,-1,0,0,-1,201900046094,3,6098,NULL,NULL,2,2,0,1,10,263,1,NULL,NULL,1,0,1,50
201900046094,5,11,2019,19:50:00,5,6,06079,2,1,1,2,"Avenue du Général de Gaulle","43,5322460","6,9490360",201900046094,138 219 392,B01,2,1,0,0,4,1,5,NULL,201900046094,138 219 392,B01,1,1,3,1,1983,1,9,-1,-1,0,0,-1,201900046094,3,6098,NULL,NULL,2,2,0,1,10,263,1,NULL,NULL,1,0,1,50
201900046519,27,9,2019,12:35:00,1,75,75112,2,3,1,6,"BOULEVARD PONIATOWSKI","48,8325640","2,4001330",201900046519,138 218 555,A01,2,1,0,1,1,1,5,NULL,201900046519,138 218 555,A01,10,3,4,1,1972,0,0,-1,-1,2,3,1,201900046519,4,"BOULEVARD PONIATOWSKI",0,NULL,2,8,1,2,0,0,1,NULL,NULL,1,0,5,50
201900046519,27,9,2019,12:35:00,1,75,75112,2,3,1,6,"BOULEVARD PONIATOWSKI","48,8325640","2,4001330",201900046519,138 218 555,A01,2,1,0,1,1,1,5,NULL,201900046519,138 218 555,A01,1,1,1,1,1991,1,2,8,-1,0,0,-1,201900046519,4,"BOULEVARD PONIATOWSKI",0,NULL,2,8,1,2,0,0,1,NULL,NULL,1,0,5,50
201900046927,17,7,2019,18:30:00,1,37,37129,1,3,1,1,"Rue Saint-Martin","47,1082121","0,2694023",201900046927,138 217 777,B01,3,1,0,2,7,19,5,NULL,201900046927,138 217 777,B01,1,1,3,1,2003,5,0,-1,-1,0,0,-1,201900046927,3,426,NULL,NULL,2,2,0,1,(1),(1),1,NULL,NULL,1,0,1,80
201900046927,17,7,2019,18:30:00,1,37,37129,1,3,1,1,"Rue Saint-Martin","47,1082121","0,2694023",201900046927,138 217 777,B01,3,1,0,2,7,19,5,NULL,201900046927,138 217 778,A01,1,1,1,1,1997,5,1,-1,-1,0,0,-1,201900046927,3,426,NULL,NULL,2,2,0,1,(1),(1),1,NULL,NULL,1,0,1,80
201900046927,17,7,2019,18:30:00,1,37,37129,1,3,1,1,"Rue Saint-Martin","47,1082121","0,2694023",201900046927,138 217 777,B01,3,1,0,2,7,19,5,NULL,201900046927,138 217 778,A01,2,2,1,2,2001,5,1,-1,-1,0,0,-1,201900046927,3,426,NULL,NULL,2,2,0,1,(1),(1),1,NULL,NULL,1,0,1,80
201900048436,22,8,2019,08:30:00,1,67,67204,1,1,1,6,"FONTAINE (RUE DE LA)","48,6244500","7,7413900",201900048436,138 214 978,A01,1,1,0,1,1,1,5,NULL,201900048436,138 214 978,A01,1,1,1,1,1994,1,8,0,-1,0,0,-1,201900048436,7,184,0,NULL,2,2,1,1,0,920,1,NULL,NULL,1,9,1,35
201900048436,22,8,2019,08:30:00,1,67,67204,1,1,1,6,"FONTAINE (RUE DE LA)","48,6244500","7,7413900",201900048436,138 214 978,A01,1,1,0,1,1,1,5,NULL,201900048436,138 214 978,A01,10,3,4,2,1950,0,8,0,-1,6,1,1,201900048436,7,184,0,NULL,2,2,1,1,0,920,1,NULL,NULL,1,9,1,35
201900049369,7,6,2019,12:10:00,1,49,49099,2,1,6,3,"CHENONCEAUX (RUE DE)","47,0545400"," -0,8960400",201900049369,138 213 283,B01,2,1,0,2,7,25,5,NULL,201900049369,138 213 283,B01,1,1,3,1,2005,2,8,0,-1,-1,0,-1,201900049369,7,"CHENONCEAUX (RUE DE)",0,NULL,2,2,0,1,0,0,3,NULL,NULL,2,0,2,50
201900049369,7,6,2019,12:10:00,1,49,49099,2,1,6,3,"CHENONCEAUX (RUE DE)","47,0545400"," -0,8960400",201900049369,138 213 283,B01,2,1,0,2,7,25,5,NULL,201900049369,138 213 284,A01,1,1,1,2,1985,2,1,8,-1,-1,0,-1,201900049369,7,"CHENONCEAUX (RUE DE)",0,NULL,2,2,0,1,0,0,3,NULL,NULL,2,0,2,50
201900050405,24,8,2019,12:10:00,1,95,95409,2,1,1,3,"RD 11","49,0436990","2,3390210",201900050405,138 211 370,B01,1,1,0,2,1,1,0,NULL,201900050405,138 211 369,A01,1,1,1,2,1984,3,1,-1,-1,0,0,-1,201900050405,3,11,NULL,NULL,2,2,0,1,6,100,2,NULL,NULL,1,2,1,50
201900050405,24,8,2019,12:10:00,1,95,95409,2,1,1,3,"RD 11","49,0436990","2,3390210",201900050405,138 211 370,B01,1,1,0,2,1,1,0,NULL,201900050405,138 211 370,B01,1,1,4,1,1994,1,0,-1,-1,0,0,-1,201900050405,3,11,NULL,NULL,2,2,0,1,6,100,2,NULL,NULL,1,2,1,50
201900051131,5,12,2019,22:30:00,5,75,75116,2,3,5,6,"AVENUE VICTOR HUGO","48,8724919","2,2919798",201900051131,138 210 017,A01,2,1,0,2,4,3,5,NULL,201900051131,138 210 017,A01,1,1,4,1,1981,1,8,2,-1,0,0,-1,201900051131,4,"AVENUE VICTOR HUGO",0,NULL,2,4,0,1,0,0,1,NULL,NULL,1,0,1,50
201900052520,28,3,2019,18:30:00,1,92,92051,2,1,1,3,"CHATEAU (RUE DU)","48,8867860","2,2623310",201900052520,138 207 301,A01,0,1,0,2,7,17,0,NULL,201900052520,138 207 301,A01,1,1,4,1,1982,1,8,0,-1,-1,0,-1,201900052520,4,"CHATEAU (RUE DU)",0,NULL,2,4,0,2,0,0,1,NULL,NULL,1,0,1,50
201900052520,28,3,2019,18:30:00,1,92,92051,2,1,1,3,"CHATEAU (RUE DU)","48,8867860","2,2623310",201900052520,138 207 301,A01,0,1,0,2,7,17,0,NULL,201900052520,138 207 302,B01,1,1,1,1,1961,1,1,0,-1,-1,0,-1,201900052520,4,"CHATEAU (RUE DU)",0,NULL,2,4,0,2,0,0,1,NULL,NULL,1,0,1,50
201900054462,19,5,2019,05:20:00,3,85,85234,2,1,1,2,NULL,"46,7996100"," -2,0596100",201900054462,138 203 662,A01,1,1,0,0,4,1,5,NULL,201900054462,138 203 662,A01,1,1,2,1,1988,5,0,-1,-1,0,0,-1,201900054462,3,38,2,NULL,2,2,0,1,38,600,1,NULL,NULL,1,0,1,80
201900054462,19,5,2019,05:20:00,3,85,85234,2,1,1,2,NULL,"46,7996100"," -2,0596100",201900054462,138 203 662,A01,1,1,0,0,4,1,5,NULL,201900054462,138 203 663,B01,1,1,1,1,1992,5,1,-1,-1,0,0,-1,201900054462,3,38,2,NULL,2,2,0,1,38,600,1,NULL,NULL,1,0,1,80
201900055277,27,10,2019,13:15:00,1,38,38059,2,3,1,3,"Route de Grenoble","45,1310800","5,7766500",201900055277,138 202 145,B01,2,1,0,2,1,1,5,NULL,201900055277,138 202 145,B01,1,1,2,1,1971,5,2,-1,-1,0,0,-1,201900055277,3,5,NULL,NULL,2,2,0,2,7,750,1,NULL,NULL,1,0,1,50
201900055277,27,10,2019,13:15:00,1,38,38059,2,3,1,3,"Route de Grenoble","45,1310800","5,7766500",201900055277,138 202 145,B01,2,1,0,2,1,1,5,NULL,201900055277,138 202 149,A01,1,1,1,1,1957,9,0,-1,-1,0,0,-1,201900055277,3,5,NULL,NULL,2,2,0,2,7,750,1,NULL,NULL,1,0,1,50
201900055343,23,9,2019,19:45:00,2,75,75117,2,2,1,3,"AVENUE DE VILLIERS","48,8838196","2,3047593",201900055343,138 202 015,B01,2,1,0,2,1,1,5,NULL,201900055343,138 202 014,A01,1,1,1,1,1951,1,1,0,-1,0,0,-1,201900055343,4,"AVENUE DE VILLIERS",0,NULL,2,2,2,1,0,0,1,NULL,NULL,1,0,1,50
201900055343,23,9,2019,19:45:00,2,75,75117,2,2,1,3,"AVENUE DE VILLIERS","48,8838196","2,3047593",201900055343,138 202 015,B01,2,1,0,2,1,1,5,NULL,201900055343,138 202 015,B01,1,1,4,1,1997,1,8,2,-1,0,0,-1,201900055343,4,"AVENUE DE VILLIERS",0,NULL,2,2,2,1,0,0,1,NULL,NULL,1,0,1,50
201900055613,25,10,2019,15:45:00,1,29,29019,2,1,1,3,"LE GORGEU (N°29 (TOTAL)-UBO(ALBERT 1ER )","48,3988400"," -4,4944900",201900055613,138 201 552,B01,1,1,0,2,1,19,5,NULL,201900055613,138 201 552,B01,1,1,4,1,1991,0,8,0,-1,0,0,-1,201900055613,4,"LE GORGEU (N°29 (TOTAL)-UBO(ALBERT 1ER )",0,NULL,2,0,3,1,0,0,1,NULL,NULL,1,0,1,50
201900055613,25,10,2019,15:45:00,1,29,29019,2,1,1,3,"LE GORGEU (N°29 (TOTAL)-UBO(ALBERT 1ER )","48,3988400"," -4,4944900",201900055613,138 201 552,B01,1,1,0,2,1,19,5,NULL,201900055613,138 201 554,A01,1,1,1,1,1972,4,1,0,-1,-1,0,-1,201900055613,4,"LE GORGEU (N°29 (TOTAL)-UBO(ALBERT 1ER )",0,NULL,2,0,3,1,0,0,1,NULL,NULL,1,0,1,50
201900010333,23,4,2019,15:15:00,1,11,11069,2,3,1,3,"VARSOVIE -BD-","43,2148400","2,3473300",201900010333,138 287 235,A01,2,1,0,0,0,3,5,NULL,201900010333,138 287 233,B01,1,1,1,1,1942,5,1,0,-1,0,0,-1,201900010333,4,"VARSOVIE -BD-",0,NULL,1,2,0,1,1,0,1,NULL,NULL,1,0,1,50