Num_Acc,jour,mois,an,hrmn,lum,dep,com,agg,int,atm,col,adr,lat,long,Num_Acc,id_vehicule,num_veh,senc,catv,obs,obsm,choc,manv,motor,occutc,Num_Acc,id_vehicule,num_veh,place,catu,grav,sexe,an_nais,trajet,secu1,secu2,secu3,locp,actp,etatp,Num_Acc,catr,voie,v1,v2,circ,nbv,vosp,prof,pr,pr1,plan,lartpc,larrout,surf,infra,situ,vma
201900010333,23,4,2019,15:15:00,1,11,11069,2,3,1,3,"VARSOVIE -BD-","43,2148400","2,3473300",201900010333,138 287 235,A01,2,1,0,0,0,3,5,NULL,201900010333,138 287 235,A01,1,1,3,1,1993,0,2,0,-1,0,0,-1,201900010333,4,"VARSOVIE -BD-",0,NULL,1,2,0,1,1,0,1,NULL,NULL,1,0,1,50
201900010682,7,8,2019,14:30:00,1,92,92048,2,1,1,6,"MARECHAL JUIN (AVENUE DU)","48,7872600","2,2184600",201900010682,138 286 609,A01,1,1,0,1,1,1,5,NULL,201900010682,138 286 609,A01,10,3,4,1,1959,4,8,0,-1,2,3,1,201900010682,4,"MARECHAL JUIN (AVENUE DU)",0,NULL,2,2,0,1,0,0,1,NULL,NULL,1,0,1,50
201900010682,7,8,2019,14:30:00,1,92,92048,2,1,1,6,"MARECHAL JUIN (AVENUE DU)","48,7872600","2,2184600",201900010682,138 286 609,A01,1,1,0,1,1,1,5,NULL,201900010682,138 286 609,A01,1,1,1,1,1961,1,8,0,-1,0,0,-1,201900010682,4,"MARECHAL JUIN (AVENUE DU)",0,NULL,2,2,0,1,0,0,1,NULL,NULL,1,0,1,50
201900011847,7,2,2019,15:45:00,1,77,77175,1,1,1,7,"Route départementale 48","48,6494200","2,6514200",201900011847,138 284 423,A01,2,1,0,0,0,17,5,NULL,201900011847,138 284 423,A01,1,1,3,1,1975,5,0,-1,-1,0,0,-1,201900011847,3,48,NULL,NULL,2,2,0,1,14,500,1,NULL,NULL,2,0,1,80
201900013360,13,9,2019,06:15:00,5,94,94046,2,1,1,1,"GENERAL LECLERC - CAR DE LA RESISTANCE (","48,8161400","2,4198900",201900013360,138 281 594,B01,1,1,0,2,1,1,0,NULL,201900013360,138 281 593,A01,1,1,4,1,1964,1,2,6,-1,-1," -1",-1,201900013360,3,6,0,NULL,2,0,1,2,1,0,1,NULL,NULL,1,6,1,30
201900013360,13,9,2019,06:15:00,5,94,94046,2,1,1,1,"GENERAL LECLERC - CAR DE LA RESISTANCE (","48,8161400","2,4198900",201900013360,138 281 594,B01,1,1,0,2,1,1,0,NULL,201900013360,138 281 594,B01,1,1,4,1,1967,1,2,0,-1,-1," -1",-1,201900013360,3,6,0,NULL,2,0,1,2,1,0,1,NULL,NULL,1,6,1,30
201900013860,10,10,2019,10:25:00,1,69,69386,2,2,1,6,"BROTTEAUX (DES)                     (BD)","45,7661300","4,8569500",201900013860,138 280 616,A01,2,1,0,1,1,1,5,NULL,201900013860,138 280 616,A01,10,3,4,2,1958,3,8,0,-1,4,3,1,201900013860,4,"BROTTEAUX (DES)                     (BD)",0,NULL,2,4,2,1,0,0,1,NULL,NULL,1,0,1,30
201900013860,10,10,2019,10:25:00,1,69,69386,2,2,1,6,"BROTTEAUX (DES)                     (BD)","45,7661300","4,8569500",201900013860,138 280 616,A01,2,1,0,1,1,1,5,NULL,201900013860,138 280 616,A01,1,1,1,2,1993,5,2,8,-1,-1,0,-1,201900013860,4,"BROTTEAUX (DES)                     (BD)",0,NULL,2,4,2,1,0,0,1,NULL,NULL,1,0,1,30
201900014132,5,8,2019,18:50:00,1,69,69275,2,1,1,1,"GREBES (DES)                        (CH)","45,7768200","4,9733300",201900014132,138 280 137,B01,3,1,0,2,1,1,0,NULL,201900014132,138 280 136,A01,1,1,3,1,1998,1,2,0,-1,-1," -1",-1,201900014132,9,"GREBES (DES)                        (CH)",0,NULL,2,2,1,4,0,0,1,NULL,NULL,1,0,5,30
201900014132,5,8,2019,18:50:00,1,69,69275,2,1,1,1,"GREBES (DES)                        (CH)","45,7768200","4,9733300",201900014132,138 280 137,B01,3,1,0,2,1,1,0,NULL,201900014132,138 280 137,B01,1,1,4,1,1988,5,8,0,-1,-1,0,-1,201900014132,9,"GREBES (DES)                        (CH)",0,NULL,2,2,1,4,0,0,1,NULL,NULL,1,0,5,30
201900014134,1,8,2019,18:44:00,1,68,68066,2,2,1,3,"POINCARE (AVENUE RAYMOND)","48,0713500","7,3497600",201900014134,138 280 132,A01,1,1,0,2,1,26,0,NULL,201900014134,138 280 132,A01,1,1,3,1,2002,9,8,0,-1,-1,0,-1,201900014134,4,"POINCARE (AVENUE RAYMOND)",0,NULL,2,3,0,1,0,0,1,NULL,NULL,1,0,1,50
201900014134,1,8,2019,18:44:00,1,68,68066,2,2,1,3,"POINCARE (AVENUE RAYMOND)","48,0713500","7,3497600",201900014134,138 280 132,A01,1,1,0,2,1,26,0,NULL,201900014134,138 280 133,B01,1,1,1,2,1985,0,1,0,-1,-1,0,-1,201900014134,4,"POINCARE (AVENUE RAYMOND)",0,NULL,2,3,0,1,0,0,1,NULL,NULL,1,0,1,50
201900015258,11,9,2019,17:50:00,1,63,63070,2,4,1,3,"WILSON (AVENUE)","45,7335800","3,0639700",201900015258,138 277 946,Y01,1,1,0,2,1,1,5,NULL,201900015258,138 277 945,A01,1,1,1,1,1975,0,1,0,-1,-1," -1",-1,201900015258,4,"WILSON (AVENUE)",0,NULL,2,2,0,1,(1),(1),1,NULL,NULL,1,0,1,50
201900015258,11,9,2019,17:50:00,1,63,63070,2,4,1,3,"WILSON (AVENUE)","45,7335800","3,0639700",201900015258,138 277 946,Y01,1,1,0,2,1,1,5,NULL,201900015258,138 277 946,Y01,1,1,4,2,1962,0,2,0,-1,-1," -1",-1,201900015258,4,"WILSON (AVENUE)",0,NULL,2,2,0,1,(1),(1),1,NULL,NULL,1,0,1,50
201900017054,10,1,2019,13:47:00,1,22,22187,2,1,1,2,"RUE DE LA PRUNELLE","48,5345899"," -2,7523733",201900017054,138 274 534,B01,1,1,0,2,4,1,5,NULL,201900017054,138 274 534,B01,1,1,4,1,1957,5,8,0,-1,0,0,-1,201900017054,4,"RUE DE LA CROIX LORMEL",0,NULL,4,2,0,1,(1),(1),1,NULL,NULL,1,0,1,50
201900017719,8,7,2019,09:00:00,1,86,86066,2,1,1,2,"CHEVALIER DE TERNAY (RUE DU)","46,8269000","0,5637400",201900017719,138 273 306,B01,3,1,0,2,4,2,5,NULL,201900017719,138 273 306,B01,1,1,4,1,1944,5,8,0,-1,-1,0,-1,201900017719,4,"CHEVALIER DE TERNAY (RUE DU)",0,NULL,2,3,1,1,0,0,1,NULL,NULL,1,0,1,50
201900017719,8,7,2019,09:00:00,1,86,86066,2,1,1,2,"CHEVALIER DE TERNAY (RUE DU)","46,8269000","0,5637400",201900017719,138 273 306,B01,3,1,0,2,4,2,5,NULL,201900017719,138 273 307,A01,1,1,1,2,1987,1,1,0,-1,-1,0,-1,201900017719,4,"CHEVALIER DE TERNAY (RUE DU)",0,NULL,2,3,1,1,0,0,1,NULL,NULL,1,0,1,50
201900017803,2,8,2019,18:20:00,1,59,59009,2,1,1,2,"SAINT GHISLAIN ROND POINT","50,6520200","3,1274400",201900017803,138 273 119,B01,0,1,0,2,4,1,5,NULL,201900017803,138 273 119,B01,1,1,3,2,1992,0,8,0,-1,-1,0,-1,201900017803,7,14,0,NULL,1,3,0,1,0,0,2,NULL,NULL,1,0,1,50
201900017803,2,8,2019,18:20:00,1,59,59009,2,1,1,2,"SAINT GHISLAIN ROND POINT","50,6520200","3,1274400",201900017803,138 273 119,B01,0,1,0,2,4,1,5,NULL,201900017803,138 273 120,A01,2,2,1,2,1901,0,1,0,-1,-1,0,-1,201900017803,7,14,0,NULL,1,3,0,1,0,0,2,NULL,NULL,1,0,1,50
201900017803,2,8,2019,18:20:00,1,59,59009,2,1,1,2,"SAINT GHISLAIN ROND POINT","50,6520200","3,1274400",201900017803,138 273 119,B01,0,1,0,2,4,1,5,NULL,201900017803,138 273 120,A01,1,1,1,2,1968,9,1,0,-1,-1,0,-1,201900017803,7,14,0,NULL,1,3,0,1,0,0,2,NULL,NULL,1,0,1,50
201900021127,6,9,2019,15:00:00,1,67,67482,2,1,1,2,"SOULTZ (RUE DE)","48,5659200","7,7784810",201900021127,138 266 912,B01,2,1,0,2,3,1,5,NULL,201900021127,138 266 912,B01,1,1,4,1,1950,0,8,0,-1,-1,0,-1,201900021127,4,"SOULTZ (RUE DE)",0,NULL,2,3,1,1,0,0,1,NULL,NULL,1,8,1,30
201900021127,6,9,2019,15:00:00,1,67,67482,2,1,1,2,"SOULTZ (RUE DE)","48,5659200","7,7784810",201900021127,138 266 912,B01,2,1,0,2,3,1,5,NULL,201900021127,138 266 913,A01,1,1,1,1,1963,4,1,8,-1,-1,0,-1,201900021127,4,"SOULTZ (RUE DE)",0,NULL,2,3,1,1,0,0,1,NULL,NULL,1,8,1,30
201900024411,23,12,2019,17:45:00,5,75,75105,2,4,1,6,"BOULEVARD DE L HOPITAL","48,8403300","2,3620230",201900024411,138 260 441,A01,2,1,0,1,1,7,5,NULL,201900024411,138 260 441,A01,1,1,1,1,2004,5,8,2,-1,0,0,-1,201900024411,4,"BOULEVARD DE L HOPITAL",0,NULL,2,6,3,4,38,0,1,NULL,NULL,1,0,6,50
201900024411,23,12,2019,17:45:00,5,75,75105,2,4,1,6,"BOULEVARD DE L HOPITAL","48,8403300","2,3620230",201900024411,138 260 441,A01,2,1,0,1,1,7,5,NULL,201900024411,138 260 441,A01,10,3,4,1,1959,0,0,-1,-1,4,3,1,201900024411,4,"BOULEVARD DE L HOPITAL",0,NULL,2,6,3,4,38,0,1,NULL,NULL,1,0,6,50
201900024771,13,4,2019,20:40:00,2,49,49007,2,3,1,6,ARBRISSEL,"47,4453100"," -0,5610300",201900024771,138 259 733,A01,1,1,0,2,8,1,5,NULL,201900024771,138 259 732,B01,1,1,1,1,1987,0,1,8,-1,-1,0,-1,201900024771,4,ARBRISSEL,0,NULL,3,2,0,1,0,0,1,NULL,NULL,1,0,1,50
201900024771,13,4,2019,20:40:00,2,49,49007,2,3,1,6,ARBRISSEL,"47,4453100"," -0,5610300",201900024771,138 259 733,A01,1,1,0,2,8,1,5,NULL,201900024771,138 259 733,A01,1,1,4,1,2000,0,2,0,-1,-1,0,-1,201900024771,4,ARBRISSEL,0,NULL,3,2,0,1,0,0,1,NULL,NULL,1,0,1,50
201900026620,29,6,2019,09:45:00,1,40,40284,2,3,1,3,"route de Dax","43,6655620"," -1,2889550",201900026620,138 256 212,B01,1,1,0,2,1,1,5,NULL,201900026620,138 256 212,B01,1,1,3,1,1976,5,0,-1,-1,0,0,-1,201900026620,3,810,NULL,NULL,2,2,2,1,(1),(1),1,NULL,NULL,1,5,5,50
201900026620,29,6,2019,09:45:00,1,40,40284,2,3,1,3,"route de Dax","43,6655620"," -1,2889550",201900026620,138 256 212,B01,1,1,0,2,1,1,5,NULL,201900026620,138 256 213,A01,1,1,1,1,1990,4,1,-1,-1,0,0,-1,201900026620,3,810,NULL,NULL,2,2,2,1,(1),(1),1,NULL,NULL,1,5,5,50
201900027195,1,5,2019,19:40:00,1,59,59368,2,1,8,5,"POMPIDOU G. RUE DU PDT.7 -141","50,6536300","3,0694800",201900027195,138 255 163,A01,2,1,0,2,4,26,5,NULL,201900027195,138 255 161,C01,1,1,1,1,1990,0,1,0,-1,-1,0,-1,201900027195,4,"POMPIDOU G. RUE DU PDT.7 -141",0,NULL,2,2,0,1,0,0,1,NULL,NULL,1,0,2,50
201900027195,1,5,2019,19:40:00,1,59,59368,2,1,8,5,"POMPIDOU G. RUE DU PDT.7 -141","50,6536300","3,0694800",201900027195,138 255 163,A01,2,1,0,2,4,26,5,NULL,201900027195,138 255 162,B01,1,1,1,1,1954,0,1,0,-1,-1,0,-1,201900027195,4,"POMPIDOU G. RUE DU PDT.7 -141",0,NULL,2,2,0,1,0,0,1,NULL,NULL,1,0,2,50
201900027195,1,5,2019,19:40:00,1,59,59368,2,1,8,5,"POMPIDOU G. RUE DU PDT.7 -141","50,6536300","3,0694800",201900027195,138 255 163,A01,2,1,0,2,4,26,5,NULL,201900027195,138 255 163,A01,2,1,4,1,1990,0,8,0,-1,-1,0,-1,201900027195,4,"POMPIDOU G. RUE DU PDT.7 -141",0,NULL,2,2,0,1,0,0,1,NULL,NULL,1,0,2,50
201900027663,17,12,2019,08:15:00,1,75,75117,2,7,1,3,"AVENUE DE VILLIERS","48,8850200","2,2966470",201900027663,138 254 287,B01,2,1,0,2,7,1,5,NULL,201900027663,138 254 286,A01,1,1,1,1,1985,4,1,0,-1,0,0,-1,201900027663,4,"AVENUE DE VILLIERS",0,NULL,2,4,1,1,0,0,1,NULL,NULL,1,0,5,50
201900027663,17,12,2019,08:15:00,1,75,75117,2,7,1,3,"AVENUE DE VILLIERS","48,8850200","2,2966470",201900027663,138 254 287,B01,2,1,0,2,7,1,5,NULL,201900027663,138 254 287,B01,1,1,4,2,1994,0,8,2,-1,0,0,-1,201900027663,4,"AVENUE DE VILLIERS",0,NULL,2,4,1,1,0,0,1,NULL,NULL,1,0,5,50
201900029039,13,5,2019,16:45:00,1,45,45075,2,1,1,1,"AVENUE GEORGES POMPIDOU","47,8993820","1,8556980",201900029039,138 251 739,A01,0,1,9,2,1,1,5,NULL,201900029039,138 251 738,B01,1,1,1,1,1970,1,2,0,-1,0,0,-1,201900029039,4,"AVENUE GEORGES POMPIDOU",0,NULL,2,2,2,1,(1),(1),1,NULL,NULL,1,0,5,20
201900029039,13,5,2019,16:45:00,1,45,45075,2,1,1,1,"AVENUE GEORGES POMPIDOU","47,8993820","1,8556980",201900029039,138 251 738,B01,0,1,0,2,1,1,5,NULL,201900029039,138 251 738,B01,1,1,1,1,1970,1,2,0,-1,0,0,-1,201900029039,4,"AVENUE GEORGES POMPIDOU",0,NULL,2,2,2,1,(1),(1),1,NULL,NULL,1,0,5,20
201900029039,13,5,2019,16:45:00,1,45,45075,2,1,1,1,"AVENUE GEORGES POMPIDOU","47,8993820","1,8556980",201900029039,138 251 739,A01,0,1,9,2,1,1,5,NULL,201900029039,138 251 739,A01,1,1,4,1,1992,2,8,0,-1,0,0,-1,201900029039,4,"AVENUE GEORGES POMPIDOU",0,NULL,2,2,2,1,(1),(1),1,NULL,NULL,1,0,5,20
201900029039,13,5,2019,16:45:00,1,45,45075,2,1,1,1,"AVENUE GEORGES POMPIDOU","47,8993820","1,8556980",201900029039,138 251 738,B01,0,1,0,2,1,1,5,NULL,201900029039,138 251 739,A01,1,1,4,1,1992,2,8,0,-1,0,0,-1,201900029039,4,"AVENUE GEORGES POMPIDOU",0,NULL,2,2,2,1,(1),(1),1,NULL,NULL,1,0,5,20
201900029527,19,12,2019,19:10:00,5,75,75107,2,1,1,7,"RUE DU BAC","48,8523620","2,3236245",201900029527,138 250 751,A01,1,1,0,0,0,1,5,NULL,201900029527,138 250 751,A01,1,1,4,2,1960,5,2,8,-1,0,0,-1,201900029527,4,"RUE DU BAC",0,NULL,1,1,1,1,120,0,1,NULL,NULL,1,0,5,50
201900030490,6,3,2019,17:11:00,1,75,75102,2,7,8,6,"PLACE DE L OPERA","48,8706920","2,3325260",201900030490,138 248 988,A01,1,1,0,1,1,1,5,NULL,201900030490,138 248 988,A01,1,1,1,1,1992,0,2,0,-1,0,0,-1,201900030490,4,"PLACE DE L OPERA",0,NULL,1,2,0,1,0,0,1,NULL,NULL,1,0,1,50
201900030490,6,3,2019,17:11:00,1,75,75102,2,7,8,6,"PLACE DE L OPERA","48,8706920","2,3325260",201900030490,138 248 988,A01,1,1,0,1,1,1,5,NULL,201900030490,138 248 988,A01,10,3,4,2,1942,0,8,0,-1,4,3,1,201900030490,4,"PLACE DE L OPERA",0,NULL,1,2,0,1,0,0,1,NULL,NULL,1,0,1,50
201900035739,27,2,2019,13:45:00,1,85,85191,2,1,1,2,"FLAUBERT PLACE ET RUE GUSTAVE","46,6679100"," -1,4377900",201900035739,138 238 925,B01,2,1,0,2,2,2,5,NULL,201900035739,138 238 925,B01,1,1,4,1,1989,1,2,0,-1,0,0,-1,201900035739,3,760,0,NULL,2,2,0,1,4,282,1,NULL,NULL,1,0,3,50
201900036027,23,7,2019,21:10:00,1,75,75101,2,1,1,3,"RUE DE RIVOLI","48,8650670","2,3280100",201900036027,138 238 373,A01,1,1,0,2,0,13,5,NULL,201900036027,138 238 373,A01,1,1,4,2,1988,5,2,0,-1,0,0,-1,201900036027,4,"RUE DE RIVOLI",0,NULL,1,5,0,1,0,0,1,NULL,NULL,1,0,1,50
201900036027,23,7,2019,21:10:00,1,75,75101,2,1,1,3,"RUE DE RIVOLI","48,8650670","2,3280100",201900036027,138 238 373,A01,1,1,0,2,0,13,5,NULL,201900036027,138 238 374,B01,1,1,1,2,1979,5,1,0,-1,0,0,-1,201900036027,4,"RUE DE RIVOLI",0,NULL,1,5,0,1,0,0,1,NULL,NULL,1,0,1,50
201900038606,30,10,2019,16:15:00,1,45,45234,2,9,8,6,"PL DU MARTROI","47,9027540","1,9046853",201900038606,138 233 527,A01,3,1,8,0,1,1,5,NULL,201900038606,138 233 527,A01,1,1,4,1,1971,0,8,0,-1,0,0,-1,201900038606,4,"PL DU MARTROI",0,NULL,1,1,0,1,(1),(1),4,NULL,NULL,1,0,4,30
201900041219,30,8,2019,16:30:00,1,93,93001,2,1,1,3,"LONG-SENTIER (RUE DU)","48,9100000","2,3940000",201900041219,138 228 693,B01,2,1,14,2,6,5,0,NULL,201900041219,138 228 692,A01,1,1,1,1,1962,1,8,0,-1,-1," -1",-1,201900041219,4,"LONG-SENTIER (RUE DU)",0,NULL,1,1,0,1,0,0,1,NULL,NULL,1,0,1,30
201900041219,30,8,2019,16:30:00,1,93,93001,2,1,1,3,"LONG-SENTIER (RUE DU)","48,9100000","2,3940000",201900041219,138 228 693,B01,2,1,14,2,6,5,0,NULL,201900041219,138 228 693,B01,1,1,4,1,2008,5,8,0,-1,-1," -1",-1,201900041219,4,"LONG-SENTIER (RUE DU)",0,NULL,1,1,0,1,0,0,1,NULL,NULL,1,0,1,30
201900044679,27,9,2019,18:01:00,1,77,77108,2,2,1,6,"D34A X CHEMIN DU VIEUX MOULIN","48,8698900","2,5921100",201900044679,138 222 102,B01,2,1,0,2,1,0,5,NULL,201900044679,138 222 102,B01,1,1,2,2,1947,5,8,0,-1,-1,0,-1,201900044679,3,34,0,A,3,3,0,1,3,797,2,NULL,NULL,2,5,1,50
201900044679,27,9,2019,18:01:00,1,77,77108,2,2,1,6,"D34A X CHEMIN DU VIEUX MOULIN","48,8698900","2,5921100",201900044679,138 222 102,B01,2,1,0,2,1,0,5,NULL,201900044679,138 222 103,A01,1,1,1,1,1967,4,8,4,-1,-1,0,-1,201900044679,3,34,0,A,3,3,0,1,3,797,2,NULL,NULL,2,5,1,50
201900044972,3,4,2019,09:00:00,1,75,75119,2,1,1,3,"BOULEVARD DE LA VILLETTE","48,8759730","2,3726610",201900044972,138 221 535,B01,1,1,0,2,1,1,5,NULL,201900044972,138 221 535,B01,1,1,4,1,1992,2,8,0,-1,0,0,-1,201900044972,4,"BOULEVARD DE LA VILLETTE",0,NULL,1,2,1,1,0,0,1,NULL,NULL,1,8,5,50
201900044972,3,4,2019,09:00:00,1,75,75119,2,1,1,3,"BOULEVARD DE LA VILLETTE","48,8759730","2,3726610",201900044972,138 221 535,B01,1,1,0,2,1,1,5,NULL,201900044972,138 221 536,A01,1,1,1,1,1952,5,1,0,-1,0,0,-1,201900044972,4,"BOULEVARD DE LA VILLETTE",0,NULL,1,2,1,1,0,0,1,NULL,NULL,1,8,5,50
201900044972,3,4,2019,09:00:00,1,75,75119,2,1,1,3,"BOULEVARD DE LA VILLETTE","48,8759730","2,3726610",201900044972,138 221 535,B01,1,1,0,2,1,1,5,NULL,201900044972,138 221 536,A01,2,2,1,2,1949,5,1,0,-1,0,0,-1,201900044972,4,"BOULEVARD DE LA VILLETTE",0,NULL,1,2,1,1,0,0,1,NULL,NULL,1,8,5,50
201900045307,13,7,2019,10:40:00,1,15,15198,1,1,1,7,"RD 56","44,8720130","2,8644060",201900045307,138 220 895,A01,1,1,0,0,0,1,6,NULL,201900045307,138 220 895,A01,1,1,3,2,1986,5,2,-1,-1,0,0,-1,201900045307,3,56,0,NULL,2,2,0,2,27,100,1,NULL,NULL,1,0,1,80
201900045749,17,6,2019,16:35:00,1,80,80021,2,1,1,6,"BATONNIER MAHIU (RUE DU)","49,8961491","2,2746527",201900045749,138 220 071,A01,0,1,0,1,1,1,5,NULL,201900045749,138 220 071,A01,1,1,1,1,2004,5,8,0,-1,-1," -1",-1,201900045749,4,"BATONNIER MAHIU (RUE DU)",0,NULL,2,2,0,1,0,0,1,NULL,NULL,1,0,1,50
201900045749,17,6,2019,16:35:00,1,80,80021,2,1,1,6,"BATONNIER MAHIU (RUE DU)","49,8961491","2,2746527",201900045749,138 220 071,A01,0,1,0,1,1,1,5,NULL,201900045749,138 220 071,A01,10,3,4,2,1936,5,8,0,-1,3,3,1,201900045749,4,"BATONNIER MAHIU (RUE DU)",0,NULL,2,2,0,1,0,0,1,NULL,NULL,1,0,1,50
201900046475,26,9,2019,13:35:00,1,50,50602,2,9,1,3,"LEMARESQUIER (RUE AUGUSTIN)","49,6468200"," -1,5805100",201900046475,138 218 638,B01,0,1,0,2,2,1,5,NULL,201900046475,138 218 637,A01,1,1,4,1,2004,9,2,8,-1,0,0,-1,201900046475,4,"LEMARESQUIER (RUE AUGUSTIN)",0,NULL,1,1,3,1,0,0,1,NULL,NULL,1,0,2,50
201900046475,26,9,2019,13:35:00,1,50,50602,2,9,1,3,"LEMARESQUIER (RUE AUGUSTIN)","49,6468200"," -1,5805100",201900046475,138 218 638,B01,0,1,0,2,2,1,5,NULL,201900046475,138 218 638,B01,1,1,4,1,2007,2,2,0,-1,0,0,-1,201900046475,4,"LEMARESQUIER (RUE AUGUSTIN)",0,NULL,1,1,3,1,0,0,1,NULL,NULL,1,0,2,50
201900049042,25,5,2019,12:30:00,1,80,80631,2,4,1,1,"rue jean brun","50,3068950","1,8937300",201900049042,138 213 890,A01,1,1,0,2,1,5,-1,NULL,201900049042,138 213 890,A01,1,1,4,1,2004,5,0,-1,-1,0,0,-1,201900049042,4,0,0,NULL,-1,2,0,1,(1),(1),1,NULL,NULL,1,0,1,50
201900049042,25,5,2019,12:30:00,1,80,80631,2,4,1,1,"rue jean brun","50,3068950","1,8937300",201900049042,138 213 890,A01,1,1,0,2,1,5,-1,NULL,201900049042,138 213 891,A01,1,1,1,1,1978,0,1,-1,-1,0,0,-1,201900049042,4,0,0,NULL,-1,2,0,1,(1),(1),1,NULL,NULL,1,0,1,50
201900049387,6,6,2019,11:58:00,1,49,49267,2,1,1,7,"BEAUFORT ROUTE","47,4666900"," -0,4913300",201900049387,138 213 249,A01,1,1,0,0,0,0,5,NULL,201900049387,138 213 249,A01,1,1,4,1,1944,0,8,8,-1,-1,0,-1,201900049387,4,"BEAUFORT ROUTE",0,NULL,2,2,0,1,0,0,1,NULL,NULL,1,0,1,600
201900049393,3,6,2019,16:51:00,1,49,49353,2,1,1,3,VAILLANT,"47,4566800"," -0,5084800",201900049393,138 213 240,A01,1,1,0,2,0,0,5,NULL,201900049393,138 213 240,A01,1,1,4,1,1956,0,2,8,-1,-1," -1",-1,201900049393,4,VAILLANT,0,NULL,2,2,0,1,0,0,1,NULL,NULL,1,0,1,60
201900050626,14,7,2019,12:10:00,1,22,22021,1,1,1,2,"Rue de Dinan","48,3925740"," -2,1266970",201900050626,138 210 948,B01,2,1,0,0,4,2,5,NULL,201900050626,138 210 948,B01,1,1,3,1,1968,5,2,-1,-1,0,0,-1,201900050626,3,793,NULL,NULL,2,2,0,1,3,330,1,NULL,NULL,1,0,1,80
201900050626,14,7,2019,12:10:00,1,22,22021,1,1,1,2,"Rue de Dinan","48,3925740"," -2,1266970",201900050626,138 210 948,B01,2,1,0,0,4,2,5,NULL,201900050626,138 210 949,A01,1,1,1,1,1937,0,1,-1,-1,0,0,-1,201900050626,3,793,NULL,NULL,2,2,0,1,3,330,1,NULL,NULL,1,0,1,80
201900051282,7,6,2019,08:40:00,1,31,31555,2,1,1,3,"RUE MICHEL ANGE","43,6271900","1,4458400",201900051282,138 209 735,B01,0,1,0,2,7,19,5,NULL,201900051282,138 209 735,B01,1,1,4,2,1990,1,8,0,-1,-1," -1",-1,201900051282,4,NULL,0,NULL,3,2,0,1,0,0,3,NULL,NULL,1,0,1,50
201900051282,7,6,2019,08:40:00,1,31,31555,2,1,1,3,"RUE MICHEL ANGE","43,6271900","1,4458400",201900051282,138 209 735,B01,0,1,0,2,7,19,5,NULL,201900051282,138 209 736,A01,1,1,1,1,1966,1,1,0,-1,-1,0,-1,201900051282,4,NULL,0,NULL,3,2,0,1,0,0,3,NULL,NULL,1,0,1,50
201900053330,6,1,2019,18:15:00,5,75,75104,2,1,8,1,"BOULEVARD MORLAND","48,8487580","2,3646200",201900053330,138 205 770,A01,1,1,0,2,0,13,5,NULL,201900053330,138 205 770,A01,1,1,1,1,2013,5,2,0,-1,0,0,-1,201900053330,4,"BOULEVARD MORLAND",0,NULL,1,3,1,1,0,0,1,NULL,NULL,2,0,5,50
201900053330,6,1,2019,18:15:00,5,75,75104,2,1,8,1,"BOULEVARD MORLAND","48,8487580","2,3646200",201900053330,138 205 770,A01,1,1,0,2,0,13,5,NULL,201900053330,138 205 771,B01,1,1,4,2,1994,5,1,0,-1,0,0,-1,201900053330,4,"BOULEVARD MORLAND",0,NULL,1,3,1,1,0,0,1,NULL,NULL,2,0,5,50
201900054655,4,12,2019,08:38:00,1,92,92019,2,2,1,3,"FAYO VINCENT (RUE)","48,7648676","2,2812987",201900054655,138 203 328,B01,1,1,0,2,1,1,5,NULL,201900054655,138 203 327,A01,1,1,1,1,1968,1,1,8,-1,-1,0,-1,201900054655,4,"FAYO VINCENT (RUE)",0,NULL,2,2,0,2,0,0,1,NULL,NULL,1,0,1,50
201900054655,4,12,2019,08:38:00,1,92,92019,2,2,1,3,"FAYO VINCENT (RUE)","48,7648676","2,2812987",201900054655,138 203 328,B01,1,1,0,2,1,1,5,NULL,201900054655,138 203 328,B01,1,1,4,1,2002,2,8,0,-1,-1,0,-1,201900054655,4,"FAYO VINCENT (RUE)",0,NULL,2,2,0,2,0,0,1,NULL,NULL,1,0,1,50
201900055440,11,9,2019,14:00:00,1,49,49355,1,1,1,7,"Les Poteries","47,1349760"," -0,8118960",201900055440,138 201 851,A01,2,1,0,0,0,1,0,NULL,201900055440,138 201 851,A01,1,1,2,1,1947,5,2,-1,-1,0,0,-1,201900055440,3,147,0,NULL,2,2,0,1,29,100,1,NULL,NULL,1,0,1,80
201900055951,26,3,2019,09:05:00,1,56,56107,2,6,1,3,"LEROY QUERET (RUE DES 4 FRERES)","47,7095800"," -3,3844000",201900055951,138 200 889,B01,3,1,0,2,7,0,5,NULL,201900055951,138 200 888,A01,1,1,1,1,1942,5,1,8,-1,-1," -1",-1,201900055951,4,"LEROY QUERET (RUE DES 4 FRERES)",0,NULL,2,2,0,1,0,0,1,NULL,NULL,1,5,1,50
201900055951,26,3,2019,09:05:00,1,56,56107,2,6,1,3,"LEROY QUERET (RUE DES 4 FRERES)","47,7095800"," -3,3844000",201900055951,138 200 889,B01,3,1,0,2,7,0,5,NULL,201900055951,138 200 889,B01,1,1,4,2,1978,0,2,0,-1,0,0,-1,201900055951,4,"LEROY QUERET (RUE DES 4 FRERES)",0,NULL,2,2,0,1,0,0,1,NULL,NULL,1,5,1,50
201900057743,15,2,2019,09:10:00,1,92,92044,2,5,1,6,"VIC. HUGO(RUE)115A149 ET 148A178","48,8984962","2,2941829",201900057743,138 197 616,A01,2,1,0,1,1,7,5,NULL,201900057743,138 197 616,A01,1,1,1,1,1986,1,2,0,-1,0,0,-1,201900057743,3,909,0,NULL,2,2,3,1,0,0,1,NULL,NULL,1,0,1,50