Num_Acc,jour,mois,an,hrmn,lum,dep,com,agg,int,atm,col,adr,lat,long,Num_Acc,id_vehicule,num_veh,senc,catv,obs,obsm,choc,manv,motor,occutc,Num_Acc,id_vehicule,num_veh,place,catu,grav,sexe,an_nais,trajet,secu1,secu2,secu3,locp,actp,etatp,Num_Acc,catr,voie,v1,v2,circ,nbv,vosp,prof,pr,pr1,plan,lartpc,larrout,surf,infra,situ,vma
201900057743,15,2,2019,09:10:00,1,92,92044,2,5,1,6,"VIC. HUGO(RUE)115A149 ET 148A178","48,8984962","2,2941829",201900057743,138 197 616,A01,2,1,0,1,1,7,5,NULL,201900057743,138 197 616,A01,10,3,3,2,1977,9,8,0,-1,4,3,1,201900057743,3,909,0,NULL,2,2,3,1,0,0,1,NULL,NULL,1,0,1,50
201900010992,22,11,2019,08:05:00,1,37,37261,2,1,1,6,"TRANCHEE (AVENUE DE LA)","47,4080000","0,6814200",201900010992,138 286 068,B01,2,1,1,0,2,1,0,NULL,201900010992,138 286 068,B01,1,1,4,1,1996,0,2,0,-1,-1,0,-1,201900010992,4,"TRANCHEE (AVENUE DE LA)",0,NULL,2,2,0,2,0,0,1,NULL,NULL,1,0,1,50
201900010992,22,11,2019,08:05:00,1,37,37261,2,1,1,6,"TRANCHEE (AVENUE DE LA)","47,4080000","0,6814200",201900010992,138 286 068,B01,2,1,1,0,2,1,0,NULL,201900010992,138 286 069,A01,1,1,1,1,1945,1,1,0,-1,-1,0,-1,201900010992,4,"TRANCHEE (AVENUE DE LA)",0,NULL,2,2,0,2,0,0,1,NULL,NULL,1,0,1,50
201900011808,6,2,2019,16:30:00,2,75,75113,2,1,8,6,"RUE DE TOLBIAC","48,8268410","2,3652090",201900011808,138 284 496,Z01,1,1,0,1,0,1,5,NULL,201900011808,138 284 496,Z01,10,3,4,1,1956,1,8,0,-1,1,3,1,201900011808,4,"RUE DE TOLBIAC",0,NULL,2,3,0,1,0,0,1,NULL,NULL,1,9,1,50
201900012112,18,4,2019,05:45:00,5,75,75113,2,1,1,6,"RUE DE LA GLACIERE","48,8291850","2,3433110",201900012112,138 283 922,A01,2,1,1,0,7,14,5,NULL,201900012112,138 283 922,A01,1,1,4,1,1985,1,2,0,-1,0,0,-1,201900012112,4,"RUE DE LA GLACIERE",0,NULL,2,4,0,1,0,0,1,NULL,NULL,1,0,1,50
201900012276,27,4,2019,15:50:00,1,93,93027,2,1,1,5,"VAILLANT-COUTURIER (AVENUE PAUL)","48,9189400","2,4089200",201900012276,138 283 636,B01,1,1,1,2,4,21,5,NULL,201900012276,138 283 635,A01,1,1,1,1,1974,9,1,0,-1,-1," -1",-1,201900012276,3,932,0,NULL,1,1,0,1,0,1,1,NULL,NULL,1,0,3,50
201900012276,27,4,2019,15:50:00,1,93,93027,2,1,1,5,"VAILLANT-COUTURIER (AVENUE PAUL)","48,9189400","2,4089200",201900012276,138 283 636,B01,1,1,1,2,4,21,5,NULL,201900012276,138 283 636,B01,1,1,2,2,1973,5,8,0,-1,-1," -1",-1,201900012276,3,932,0,NULL,1,1,0,1,0,1,1,NULL,NULL,1,0,3,50
201900012276,27,4,2019,15:50:00,1,93,93027,2,1,1,5,"VAILLANT-COUTURIER (AVENUE PAUL)","48,9189400","2,4089200",201900012276,138 283 636,B01,1,1,1,2,4,21,5,NULL,201900012276,138 283 637,C01,1,1,1,1,1975,3,8,0,-1,-1," -1",-1,201900012276,3,932,0,NULL,1,1,0,1,0,1,1,NULL,NULL,1,0,3,50
201900012291,11,8,2019,10:00:00,1,5,05029,1,1,1,2,D944,"44,6426140","6,1660220",201900012291,138 283 610,B01,1,1,0,0,4,2,5,NULL,201900012291,138 283 610,B01,1,1,3,1,1948,5,2,-1,-1,0,0,-1,201900012291,3,944,0,NULL,2,2,0,1,12,900,1,NULL,NULL,1,0,1,80
201900012291,11,8,2019,10:00:00,1,5,05029,1,1,1,2,D944,"44,6426140","6,1660220",201900012291,138 283 610,B01,1,1,0,0,4,2,5,NULL,201900012291,138 283 611,A01,1,1,1,1,1936,5,1,-1,-1,0,0,-1,201900012291,3,944,0,NULL,2,2,0,1,12,900,1,NULL,NULL,1,0,1,80
201900013461,19,3,2019,14:30:00,1,18,18281,1,1,1,7,"D30, route de Foecy","47,1884620","2,1703850",201900013461,138 281 397,A01,1,1,0,0,0,26,5,NULL,201900013461,138 281 397,A01,1,1,3,1,1946,5,2,-1,-1,0,0,-1,201900013461,3,30,NULL,NULL,4,2,0,2,12,50,1,NULL,NULL,9,8,1,80
201900015427,16,1,2019,13:05:00,1,42,42316,2,3,1,3,"RD 3","45,3953120","4,2631510",201900015427,138 277 633,B01,1,1,0,2,1,1,5,NULL,201900015427,138 277 633,B01,1,1,4,1,1994,5,8,0,-1,-1,0,-1,201900015427,3,3,0,NULL,-1,2,0,1,22,431,1,NULL,NULL,1,0,1,50
201900015427,16,1,2019,13:05:00,1,42,42316,2,3,1,3,"RD 3","45,3953120","4,2631510",201900015427,138 277 633,B01,1,1,0,2,1,1,5,NULL,201900015427,138 277 634,A01,1,1,1,1,1967,1,1,0,-1,-1,0,-1,201900015427,3,3,0,NULL,-1,2,0,1,22,431,1,NULL,NULL,1,0,1,50
201900017550,13,2,2019,15:00:00,1,88,88144,1,1,1,6,"Le Moulin","48,2495690","6,0742750",201900017550,138 273 612,A01,1,1,0,0,1,0,5,NULL,201900017550,138 273 612,A01,1,1,2,1,2003,5,2,-1,-1,0,0,-1,201900017550,3,3,0,F,2,2,0,1,1,100,1,NULL,NULL,1,0,1,80
201900018026,1,7,2019,08:45:00,1,69,69149,2,1,1,6,"PROFESSEUR CALMETTE (DU)            (R )","45,7104700","4,8134500",201900018026,138 272 711,B01,1,1,1,0,1,1,0,NULL,201900018026,138 272 711,B01,1,1,4,1,1977,1,8,0,-1,0,0,-1,201900018026,4,"PROFESSEUR CALMETTE (DU)            (R )",0,NULL,2,2,0,1,0,0,1,NULL,NULL,1,0,1,50
201900018026,1,7,2019,08:45:00,1,69,69149,2,1,1,6,"PROFESSEUR CALMETTE (DU)            (R )","45,7104700","4,8134500",201900018026,138 272 711,B01,1,1,1,0,1,1,0,NULL,201900018026,138 272 712,A01,1,1,1,1,1953,5,8,0,-1,0,0,-1,201900018026,4,"PROFESSEUR CALMETTE (DU)            (R )",0,NULL,2,2,0,1,0,0,1,NULL,NULL,1,0,1,50
201900018086,29,5,2019,15:30:00,1,69,69383,2,2,1,3,"CHATEAU (DU)                        (AV)","45,7485800","4,8837500",201900018086,138 272 575,B01,1,1,0,2,1,1,0,NULL,201900018086,138 272 574,A01,1,1,1,2,1971,0,1,0,-1,-1,0,-1,201900018086,4,"BONNAND                             (R )",0,NULL,1,3,1,1,1,0,1,NULL,NULL,1,0,1,50
201900018086,29,5,2019,15:30:00,1,69,69383,2,2,1,3,"CHATEAU (DU)                        (AV)","45,7485800","4,8837500",201900018086,138 272 575,B01,1,1,0,2,1,1,0,NULL,201900018086,138 272 575,B01,1,1,4,1,2000,0,8,0,-1,-1,0,-1,201900018086,4,"BONNAND                             (R )",0,NULL,1,3,1,1,1,0,1,NULL,NULL,1,0,1,50
201900018226,18,11,2019,17:20:00,5,91,91589,2,3,2,3,"FROMENTEAU (AVENUE)","48,6885280","2,3688830",201900018226,138 272 335,B01,1,1,0,2,1,1,5,NULL,201900018226,138 272 335,B01,1,1,4,1,1967,0,2,4,-1,0,0,-1,201900018226,4,"FROMENTEAU (AVENUE)",0,NULL,2,2,0,1,0,0,1,NULL,NULL,2,0,1,50
201900018226,18,11,2019,17:20:00,5,91,91589,2,3,2,3,"FROMENTEAU (AVENUE)","48,6885280","2,3688830",201900018226,138 272 335,B01,1,1,0,2,1,1,5,NULL,201900018226,138 272 336,A01,1,1,1,2,1992,1,1,8,-1,0,0,-1,201900018226,4,"FROMENTEAU (AVENUE)",0,NULL,2,2,0,1,0,0,1,NULL,NULL,2,0,1,50
201900020948,11,10,2019,18:00:00,1,74,74043,2,1,7,3,"Avenue du Leman","46,2667230","6,3757450",201900020948,138 267 250,B01,2,1,0,2,3,2,5,NULL,201900020948,138 267 250,B01,1,1,3,1,1967,5,2,-1,-1,0,0,-1,201900020948,3,903,NULL,R,3,2,0,1,62,630,1,NULL,NULL,1,0,1,50
201900020948,11,10,2019,18:00:00,1,74,74043,2,1,7,3,"Avenue du Leman","46,2667230","6,3757450",201900020948,138 267 250,B01,2,1,0,2,3,2,5,NULL,201900020948,138 267 251,A01,1,1,1,1,1951,0,1,-1,-1,0,0,-1,201900020948,3,903,NULL,R,3,2,0,1,62,630,1,NULL,NULL,1,0,1,50
201900022318,24,12,2019,09:45:00,1,31,31555,2,1,1,3,"AV M BOURGES MAUNOURY","43,6312100","1,4495800",201900022318,138 264 602,A01,0,1,0,2,7,19,5,NULL,201900022318,138 264 600,B01,1,1,1,1,1965,9,1,0,-1,-1," -1",-1,201900022318,4,NULL,0,NULL,2,2,0,1,0,0,1,NULL,NULL,1,0,1,50
201900022318,24,12,2019,09:45:00,1,31,31555,2,1,1,3,"AV M BOURGES MAUNOURY","43,6312100","1,4495800",201900022318,138 264 602,A01,0,1,0,2,7,19,5,NULL,201900022318,138 264 602,A01,1,1,4,2,1950,9,8,0,-1,-1," -1",-1,201900022318,4,NULL,0,NULL,2,2,0,1,0,0,1,NULL,NULL,1,0,1,50
201900022697,9,10,2019,17:28:00,1,10,10387,2,6,1,3,"JULES GUESDE (RUE)","48,2880000","4,0812100",201900022697,138 263 883,B01,3,1,0,2,2,1,5,NULL,201900022697,138 263 883,B01,2,1,4,1,1996,0,8,0,-1,-1," -1",-1,201900022697,4,"JULES GUESDE (RUE)",0,NULL,1,2,1,1,0,0,1,NULL,NULL,1,0,1,50
201900022697,9,10,2019,17:28:00,1,10,10387,2,6,1,3,"JULES GUESDE (RUE)","48,2880000","4,0812100",201900022697,138 263 883,B01,3,1,0,2,2,1,5,NULL,201900022697,138 263 884,A01,1,1,1,1,1936,0,1,8,-1,-1," -1",-1,201900022697,4,"JULES GUESDE (RUE)",0,NULL,1,2,1,1,0,0,1,NULL,NULL,1,0,1,50
201900025183,27,7,2019,17:15:00,1,92,92050,2,1,1,2,"FOCH MARECHAL PLACE DU","48,8886000","2,1942200",201900025183,138 258 968,B01,3,1,0,2,4,11,5,NULL,201900025183,138 258 968,B01,1,1,4,1,1989,5,8,0,-1,-1,0,-1,201900025183,4,"FOCH MARECHAL PLACE DU",0,NULL,2,2,0,1,0,0,2,NULL,NULL,1,0,1,50
201900025183,27,7,2019,17:15:00,1,92,92050,2,1,1,2,"FOCH MARECHAL PLACE DU","48,8886000","2,1942200",201900025183,138 258 968,B01,3,1,0,2,4,11,5,NULL,201900025183,138 258 969,A01,1,1,1,1,1975,9,1,0,-1,-1,0,-1,201900025183,4,"FOCH MARECHAL PLACE DU",0,NULL,2,2,0,1,0,0,2,NULL,NULL,1,0,1,50
201900026869,28,7,2019,17:10:00,1,44,44046,2,2,1,3,"Rue de Saint-Michel","47,2765830"," -2,0599200",201900026869,138 255 770,B01,1,1,0,2,1,1,5,NULL,201900026869,138 255 769,A01,1,1,1,1,1970,1,1,-1,-1,0,0,-1,201900026869,3,96,NULL,NULL,2,2,0,1,0,300,1,NULL,NULL,1,5,1,50
201900026869,28,7,2019,17:10:00,1,44,44046,2,2,1,3,"Rue de Saint-Michel","47,2765830"," -2,0599200",201900026869,138 255 770,B01,1,1,0,2,1,1,5,NULL,201900026869,138 255 770,B01,1,1,3,1,1951,5,2,4,6,0,0,-1,201900026869,3,96,NULL,NULL,2,2,0,1,0,300,1,NULL,NULL,1,5,1,50
201900029078,22,5,2019,20:10:00,1,44,44109,2,1,1,3,"ROUTE DE SAINTE LUCE","47,2302640"," -1,5239220",201900029078,138 251 667,B01,1,1,0,2,7,1,5,NULL,201900029078,138 251 667,B01,1,1,4,1,1987,0,8,0,-1,0,0,-1,201900029078,4,NULL,0,NULL,2,0,0,1,1,0,2,NULL,NULL,1,5,1,50
201900030069,4,9,2019,17:05:00,1,75,75115,2,7,1,3,"PLACE CAMBRONNE","48,8477752","2,3015701",201900030069,138 249 764,B01,1,1,0,2,4,1,5,NULL,201900030069,138 249 764,B01,1,1,4,1,1964,1,2,8,-1,0,0,-1,201900030069,4,"PLACE CAMBRONNE",0,NULL,1,2,0,1,0,0,2,NULL,NULL,1,5,1,50
201900030069,4,9,2019,17:05:00,1,75,75115,2,7,1,3,"PLACE CAMBRONNE","48,8477752","2,3015701",201900030069,138 249 764,B01,1,1,0,2,4,1,5,NULL,201900030069,138 249 765,A01,1,1,1,2,1956,0,1,0,-1,0,0,-1,201900030069,4,"PLACE CAMBRONNE",0,NULL,1,2,0,1,0,0,2,NULL,NULL,1,5,1,50
201900030454,5,3,2019,14:20:00,1,75,75117,2,3,1,3,"RUE MILNE EDWARDS","48,8826460","2,2925900",201900030454,138 249 048,A01,1,1,0,2,1,16,5,NULL,201900030454,138 249 048,A01,1,1,4,1,1991,1,2,8,-1,0,0,-1,201900030454,4,"RUE MILNE EDWARDS",0,NULL,2,2,0,1,0,0,1,NULL,NULL,1,0,1,50
201900030454,5,3,2019,14:20:00,1,75,75117,2,3,1,3,"RUE MILNE EDWARDS","48,8826460","2,2925900",201900030454,138 249 048,A01,1,1,0,2,1,16,5,NULL,201900030454,138 249 049,B01,1,1,1,1,1966,9,1,0,-1,0,0,-1,201900030454,4,"RUE MILNE EDWARDS",0,NULL,2,2,0,1,0,0,1,NULL,NULL,1,0,1,50
201900031722,15,1,2019,15:30:00,1,33,33093,1,1,1,7,D13,"44,7270700"," -0,3308700",201900031722,138 246 733,A01,1,1,0,0,0,0,5,NULL,201900031722,138 246 733,A01,1,1,2,1,1971,5,2,-1,-1,0,0,-1,201900031722,3,13,NULL,NULL,2,2,0,2,22,914,1,NULL,NULL,1,0,8,80
201900032713,4,5,2019,11:46:00,1,25,25462,2,1,8,6,"SALINS DE (DU 0 AU 15)","46,9057500","6,3497800",201900032713,138 244 769,A01,3,1,0,1,1,25,5,NULL,201900032713,138 244 769,A01,10,3,4,1,1959,0,8,0,-1,5,2,1,201900032713,4,"SALINS DE (DU 0 AU 15)",0,NULL,1,2,0,1,0,0,1,NULL,NULL,2,6,1,50
201900032713,4,5,2019,11:46:00,1,25,25462,2,1,8,6,"SALINS DE (DU 0 AU 15)","46,9057500","6,3497800",201900032713,138 244 769,A01,3,1,0,1,1,25,5,NULL,201900032713,138 244 769,A01,1,1,1,1,1987,0,2,0,-1,-1,0,-1,201900032713,4,"SALINS DE (DU 0 AU 15)",0,NULL,1,2,0,1,0,0,1,NULL,NULL,2,6,1,50
201900034162,8,4,2019,09:40:00,1,69,69384,2,5,1,3,"ENTREPOTS (DES)                     (R )","45,7756500","4,8105800",201900034162,138 241 979,B01,1,1,0,2,1,1,0,NULL,201900034162,138 241 979,B01,1,1,4,1,1995,0,2,0,-1,0,0,-1,201900034162,3,433,0,NULL,3,5,1,1,0,1,1,NULL,NULL,1,9,1,50
201900034162,8,4,2019,09:40:00,1,69,69384,2,5,1,3,"ENTREPOTS (DES)                     (R )","45,7756500","4,8105800",201900034162,138 241 979,B01,1,1,0,2,1,1,0,NULL,201900034162,138 241 980,A01,2,2,1,2,1984,4,1,0,-1,0,0,-1,201900034162,3,433,0,NULL,3,5,1,1,0,1,1,NULL,NULL,1,9,1,50
201900034162,8,4,2019,09:40:00,1,69,69384,2,5,1,3,"ENTREPOTS (DES)                     (R )","45,7756500","4,8105800",201900034162,138 241 979,B01,1,1,0,2,1,1,0,NULL,201900034162,138 241 980,A01,1,1,1,1,1988,4,1,0,-1,0,0,-1,201900034162,3,433,0,NULL,3,5,1,1,0,1,1,NULL,NULL,1,9,1,50
201900034190,2,4,2019,17:51:00,1,68,68066,2,9,1,3,"ROUFFACH (ROUTE DE)","48,0657000","7,3420000",201900034190,138 241 917,A01,1,1,0,2,7,15,6,NULL,201900034190,138 241 916,B01,1,1,4,1,1963,0,2,0,-1,-1,0,-1,201900034190,4,NULL,0,NULL,2,2,0,1,1,0,1,NULL,NULL,1,0,1,50
201900034190,2,4,2019,17:51:00,1,68,68066,2,9,1,3,"ROUFFACH (ROUTE DE)","48,0657000","7,3420000",201900034190,138 241 917,A01,1,1,0,2,7,15,6,NULL,201900034190,138 241 917,A01,1,1,4,1,1962,0,8,0,-1,-1,0,-1,201900034190,4,NULL,0,NULL,2,2,0,1,1,0,1,NULL,NULL,1,0,1,50
201900036902,21,6,2019,09:45:00,1,13,13206,2,2,1,3,"ROME (RUE DE)","43,2920900","5,3801700",201900036902,138 236 682,B01,1,1,0,2,8,1,0,NULL,201900036902,138 236 682,B01,1,1,4,2,1989,1,8,0,-1,-1," -1",-1,201900036902,4,"ROME (RUE DE)",0,NULL,1,1,3,1,0,0,1,NULL,NULL,1,0,1,50
201900036902,21,6,2019,09:45:00,1,13,13206,2,2,1,3,"ROME (RUE DE)","43,2920900","5,3801700",201900036902,138 236 682,B01,1,1,0,2,8,1,0,NULL,201900036902,138 236 683,A01,1,1,1,1,1992,9,1,0,-1,-1," -1",-1,201900036902,4,"ROME (RUE DE)",0,NULL,1,1,3,1,0,0,1,NULL,NULL,1,0,1,50
201900038064,13,12,2019,00:50:00,5,35,35238,2,2,3,3,"HORLOGE (DE L')","48,1117600"," -1,6802700",201900038064,138 234 480,B01,2,1,0,2,1,1,0,NULL,201900038064,138 234 479,A01,1,1,1,1,1996,5,1,8,-1,-1," -1",-1,201900038064,4,"HORLOGE (DE L')",0,NULL,2,0,3,4,0,0,1,NULL,NULL,2,0,1,30
201900038064,13,12,2019,00:50:00,5,35,35238,2,2,3,3,"HORLOGE (DE L')","48,1117600"," -1,6802700",201900038064,138 234 480,B01,2,1,0,2,1,1,0,NULL,201900038064,138 234 480,B01,1,1,3,1,2001,5,8,0,-1,-1," -1",-1,201900038064,4,"HORLOGE (DE L')",0,NULL,2,0,3,4,0,0,1,NULL,NULL,2,0,1,30
201900039005,17,1,2019,14:05:00,1,46,46029,2,2,2,3,"Avenue de la République","44,9319130","1,8487310",201900039005,138 232 773,B01,3,1,0,2,8,16,5,NULL,201900039005,138 232 773,B01,1,1,3,1,1931,5,0,-1,-1,0,0,-1,201900039005,3,940,NULL,NULL,2,2,0,1,29,890,1,NULL,NULL,2,5,1,50
201900039005,17,1,2019,14:05:00,1,46,46029,2,2,2,3,"Avenue de la République","44,9319130","1,8487310",201900039005,138 232 773,B01,3,1,0,2,8,16,5,NULL,201900039005,138 232 774,A01,1,1,1,1,1935,3,8,-1,-1,0,0,-1,201900039005,3,940,NULL,NULL,2,2,0,1,29,890,1,NULL,NULL,2,5,1,50
201900039500,3,4,2019,18:35:00,1,69,69275,2,3,1,3,"EMILE ZOLA                          (R )","45,7634600","4,9406900",201900039500,138 231 856,A01,2,1,0,2,1,15,0,NULL,201900039500,138 231 855,B01,1,1,1,2,1962,0,1,0,-1,-1," -1",-1,201900039500,4,"EMILE ZOLA                          (R )",0,NULL,2,2,0,1,0,0,1,NULL,NULL,1,0,1,50
201900039500,3,4,2019,18:35:00,1,69,69275,2,3,1,3,"EMILE ZOLA                          (R )","45,7634600","4,9406900",201900039500,138 231 856,A01,2,1,0,2,1,15,0,NULL,201900039500,138 231 856,A01,1,1,4,2,1984,1,2,0,-1,-1," -1",-1,201900039500,4,"EMILE ZOLA                          (R )",0,NULL,2,2,0,1,0,0,1,NULL,NULL,1,0,1,50
201900040137,24,5,2019,10:45:00,1,75,75107,2,1,1,3,"AVENUE DUQUESNE","48,8521850","2,3091660",201900040137,138 230 649,B01,1,1,0,2,7,1,5,NULL,201900040137,138 230 648,A01,1,1,1,1,1959,4,1,0,-1,0,0,-1,201900040137,4,"AVENUE DUQUESNE",0,NULL,2,2,0,1,0,0,1,NULL,NULL,1,0,1,50
201900040137,24,5,2019,10:45:00,1,75,75107,2,1,1,3,"AVENUE DUQUESNE","48,8521850","2,3091660",201900040137,138 230 649,B01,1,1,0,2,7,1,5,NULL,201900040137,138 230 649,B01,1,1,4,2,1974,9,8,0,-1,0,0,-1,201900040137,4,"AVENUE DUQUESNE",0,NULL,2,2,0,1,0,0,1,NULL,NULL,1,0,1,50
201900042059,15,5,2019,19:50:00,1,93,93066,2,2,1,3,"FRUITIERS (AVENUE)","48,9165100","2,3547600",201900042059,138 227 127,B01,1,1,0,2,7,1,5,NULL,201900042059,138 227 126,A01,1,1,1,1,1975,9,1,0,-1,-1," -1",-1,201900042059,4,"FRUITIERS (AVENUE)",0,NULL,2,2,1,1,0,0,1,NULL,NULL,1,0,1,50
201900042059,15,5,2019,19:50:00,1,93,93066,2,2,1,3,"FRUITIERS (AVENUE)","48,9165100","2,3547600",201900042059,138 227 127,B01,1,1,0,2,7,1,5,NULL,201900042059,138 227 127,B01,1,1,4,2,2009,0,2,0,-1,-1," -1",-1,201900042059,4,"FRUITIERS (AVENUE)",0,NULL,2,2,1,1,0,0,1,NULL,NULL,1,0,1,50
201900043783,14,5,2019,11:20:00,1,93,93066,2,1,1,3,BLES,"48,9129450","2,3594530",201900043783,138 223 857,B01,3,1,0,2,3,19,5,NULL,201900043783,138 223 856,A01,1,1,1,1,1973,0,1,0,-1,-1," -1",-1,201900043783,4,BLES,0,NULL,2,2,0,1,0,0,1,NULL,NULL,1,0,1,30
201900043783,14,5,2019,11:20:00,1,93,93066,2,1,1,3,BLES,"48,9129450","2,3594530",201900043783,138 223 857,B01,3,1,0,2,3,19,5,NULL,201900043783,138 223 857,B01,1,1,4,1,1974,0,8,0,-1,-1," -1",-1,201900043783,4,BLES,0,NULL,2,2,0,1,0,0,1,NULL,NULL,1,0,1,30
201900044492,13,1,2019,19:30:00,5,974,97415,2,1,1,1,RN1A," -21,0148224","55,2707248",201900044492,138 222 475,A01,1,1,0,2,1,6,6,NULL,201900044492,138 222 475,A01,1,1,2,1,1985,5,8,-1,-1,0,0,-1,201900044492,2,1,NULL,A,3,2,0,1,(1),(1),3,NULL,NULL,1,0,1,50
201900044492,13,1,2019,19:30:00,5,974,97415,2,1,1,1,RN1A," -21,0148224","55,2707248",201900044492,138 222 475,A01,1,1,0,2,1,6,6,NULL,201900044492,138 222 476,B01,2,2,1,1,2007,5,1,-1,-1,0,0,-1,201900044492,2,1,NULL,A,3,2,0,1,(1),(1),3,NULL,NULL,1,0,1,50
201900044492,13,1,2019,19:30:00,5,974,97415,2,1,1,1,RN1A," -21,0148224","55,2707248",201900044492,138 222 475,A01,1,1,0,2,1,6,6,NULL,201900044492,138 222 476,B01,7,2,1,2,2010,5,1,-1,-1,0,0,-1,201900044492,2,1,NULL,A,3,2,0,1,(1),(1),3,NULL,NULL,1,0,1,50
201900044492,13,1,2019,19:30:00,5,974,97415,2,1,1,1,RN1A," -21,0148224","55,2707248",201900044492,138 222 475,A01,1,1,0,2,1,6,6,NULL,201900044492,138 222 476,B01,1,1,1,1,1973,5,1,-1,-1,0,0,-1,201900044492,2,1,NULL,A,3,2,0,1,(1),(1),3,NULL,NULL,1,0,1,50
201900045107,1,4,2019,14:20:00,1,56,56121,2,1,1,7,"MONISTROL (RUE)","47,7370300"," -3,3826300",201900045107,138 221 279,A01,1,1,16,0,0,14,5,NULL,201900045107,138 221 279,A01,1,1,4,2,1959,5,2,8,-1,0,0,-1,201900045107,4,"MONISTROL (RUE)",0,NULL,2,2,2,2,0,0,1,NULL,NULL,1,0,1,50
201900048493,22,8,2019,18:00:00,1,33,33529,1,3,1,3,"PALUE (CH. DE LA)","44,6331100"," -1,1614100",201900048493,138 214 882,B01,3,1,0,2,8,16,5,NULL,201900048493,138 214 881,A01,1,1,1,1,1956,0,1,0,-1,-1," -1",-1,201900048493,4,"PALUE (CH. DE LA)",0,NULL,-1,2,0,1,0,0,1,NULL,NULL,1,0,1,50
201900048493,22,8,2019,18:00:00,1,33,33529,1,3,1,3,"PALUE (CH. DE LA)","44,6331100"," -1,1614100",201900048493,138 214 882,B01,3,1,0,2,8,16,5,NULL,201900048493,138 214 882,B01,1,1,3,1,1943,0,8,0,-1,-1,0,-1,201900048493,4,"PALUE (CH. DE LA)",0,NULL,-1,2,0,1,0,0,1,NULL,NULL,1,0,1,50
201900051347,20,2,2019,17:54:00,1,37,37233,2,3,1,3,"ERIDENCE (RUE DE L')","47,3949086","0,7221094",201900051347,138 209 597,B01,1,1,0,2,7,19,5,NULL,201900051347,138 209 597,B01,1,1,4,1,1979,0,8,0,-1,0,0,-1,201900051347,4,"ERIDENCE (RUE DE L')",0,NULL,2,2,0,1,0,0,1,NULL,NULL,1,0,1,30
201900053610,22,9,2019,14:30:00,1,71,71040,2,1,1,1,"MACON (ROUTE DE)","46,6782840","4,3876000",201900053610,138 205 233,A01,1,1,0,2,8,19,5,NULL,201900053610,138 205 232,B01,1,1,1,1,1983,0,8,0,-1,0,0,-1,201900053610,4,"MACON (ROUTE DE)",0,NULL,2,2,0,1,0,0,1,NULL,NULL,1,0,1,50
201900053610,22,9,2019,14:30:00,1,71,71040,2,1,1,1,"MACON (ROUTE DE)","46,6782840","4,3876000",201900053610,138 205 233,A01,1,1,0,2,8,19,5,NULL,201900053610,138 205 233,A01,1,1,4,1,2004,5,8,0,-1,0,0,-1,201900053610,4,"MACON (ROUTE DE)",0,NULL,2,2,0,1,0,0,1,NULL,NULL,1,0,1,50
201900056187,18,8,2019,10:45:00,1,29,29198,1,1,1,2,Coatiguinou,"48,5841950"," -4,2818030",201900056187,138 200 481,B01,1,1,0,2,4,2,5,NULL,201900056187,138 200 480,A01,1,1,3,1,1947,5,2,-1,-1,0,0,-1,201900056187,3,74,NULL,NULL,2,2,0,1,11,900,1,NULL,NULL,1,0,1,80
201900056187,18,8,2019,10:45:00,1,29,29198,1,1,1,2,Coatiguinou,"48,5841950"," -4,2818030",201900056187,138 200 480,A01,1,1,0,2,1,2,5,NULL,201900056187,138 200 480,A01,1,1,3,1,1947,5,2,-1,-1,0,0,-1,201900056187,3,74,NULL,NULL,2,2,0,1,11,900,1,NULL,NULL,1,0,1,80
201900056187,18,8,2019,10:45:00,1,29,29198,1,1,1,2,Coatiguinou,"48,5841950"," -4,2818030",201900056187,138 200 481,B01,1,1,0,2,4,2,5,NULL,201900056187,138 200 481,B01,1,1,1,1,1945,5,2,-1,-1,0,0,-1,201900056187,3,74,NULL,NULL,2,2,0,1,11,900,1,NULL,NULL,1,0,1,80
201900056187,18,8,2019,10:45:00,1,29,29198,1,1,1,2,Coatiguinou,"48,5841950"," -4,2818030",201900056187,138 200 480,A01,1,1,0,2,1,2,5,NULL,201900056187,138 200 481,B01,1,1,1,1,1945,5,2,-1,-1,0,0,-1,201900056187,3,74,NULL,NULL,2,2,0,1,11,900,1,NULL,NULL,1,0,1,80
201900057282,25,10,2019,17:20:00,1,75,75104,2,2,8,3,"QUAI DE L HOTEL DE VILLE","48,8543721","2,3549423",201900057282,138 198 468,A01,1,1,0,2,8,19,5,NULL,201900057282,138 198 467,B01,1,1,4,1,1997,0,2,6,-1,0,0,-1,201900057282,4,"QUAI DE L HOTEL DE VILLE",0,NULL,2,5,-1,1,0,0,1,NULL,NULL,1,0,1,50
201900057282,25,10,2019,17:20:00,1,75,75104,2,2,8,3,"QUAI DE L HOTEL DE VILLE","48,8543721","2,3549423",201900057282,138 198 468,A01,1,1,0,2,8,19,5,NULL,201900057282,138 198 468,A01,1,1,4,2,1997,0,8,2,-1,0,0,-1,201900057282,4,"QUAI DE L HOTEL DE VILLE",0,NULL,2,5,-1,1,0,0,1,NULL,NULL,1,0,1,50