Num_Acc,jour,mois,an,hrmn,lum,dep,com,agg,int,atm,col,adr,lat,long,Num_Acc,id_vehicule,num_veh,senc,catv,obs,obsm,choc,manv,motor,occutc,Num_Acc,id_vehicule,num_veh,place,catu,grav,sexe,an_nais,trajet,secu1,secu2,secu3,locp,actp,etatp,Num_Acc,catr,voie,v1,v2,circ,nbv,vosp,prof,pr,pr1,plan,lartpc,larrout,surf,infra,situ,vma
201900009105,22,11,2019,07:55:00,5,45,45234,2,1,1,1,"RUE DU NECOTIN - COLLEGE J ROSTAND","47,9171656","1,9375136",201900009105,138 289 492,B01,2,1,0,2,3,15,5,NULL,201900009105,138 289 491,A01,1,1,1,2,1967,1,1,0,-1,0,0,-1,201900009105,4,"RUE DU NECOTIN",0,NULL,2,2,0,1,(1),(1),1,NULL,NULL,2,0,1,50
201900009105,22,11,2019,07:55:00,5,45,45234,2,1,1,1,"RUE DU NECOTIN - COLLEGE J ROSTAND","47,9171656","1,9375136",201900009105,138 289 492,B01,2,1,0,2,3,15,5,NULL,201900009105,138 289 492,B01,1,1,4,1,2007,2,8,0,-1,0,0,-1,201900009105,4,"RUE DU NECOTIN",0,NULL,2,2,0,1,(1),(1),1,NULL,NULL,2,0,1,50
201900011514,15,9,2019,11:30:00,1,42,42179,2,1,1,6,"Route du Château d'Eau","45,6623970","4,0259830",201900011514,138 285 094,A01,3,1,15,0,1,1,5,NULL,201900011514,138 285 094,A01,1,1,3,2,1955,5,2,-1,-1,0,0,-1,201900011514,4,NULL,NULL,NULL,2,2,0,4,(1),(1),3,NULL,NULL,1,0,3,50
201900013444,16,3,2019,18:05:00,2,1,01347,1,6,1,3,D933,"45,9552530","4,7549460",201900013444,138 281 431,A01,2,1,0,2,7,12,5,NULL,201900013444,138 281 431,A01,1,1,3,1,1971,5,0,-1,-1,0,0,-1,201900013444,3,933,NULL,NULL,1,2,0,1,70,912,2,NULL,NULL,1,0,1,50
201900013444,16,3,2019,18:05:00,2,1,01347,1,6,1,3,D933,"45,9552530","4,7549460",201900013444,138 281 431,A01,2,1,0,2,7,12,5,NULL,201900013444,138 281 432,B01,1,1,1,2,1953,5,1,-1,-1,0,0,-1,201900013444,3,933,NULL,NULL,1,2,0,1,70,912,2,NULL,NULL,1,0,1,50
201900015195,13,9,2019,16:20:00,1,56,56186,2,1,1,2,"6 Boulevard Louison Bobet","47,4751150"," -3,1022910",201900015195,138 278 069,B01,3,1,0,2,1,1,5,NULL,201900015195,138 278 068,A01,1,1,1,2,1969,0,1,-1,-1,0,0,-1,201900015195,4,"Bd Louison Bobet",NULL,NULL,2,2,2,2,(1),(1),2,NULL,NULL,1,0,5,50
201900015195,13,9,2019,16:20:00,1,56,56186,2,1,1,2,"6 Boulevard Louison Bobet","47,4751150"," -3,1022910",201900015195,138 278 069,B01,3,1,0,2,1,1,5,NULL,201900015195,138 278 069,B01,1,1,4,1,1940,5,0,-1,-1,0,0,-1,201900015195,4,"Bd Louison Bobet",NULL,NULL,2,2,2,2,(1),(1),2,NULL,NULL,1,0,5,50
201900016226,1,7,2019,23:00:00,5,66,66136,2,1,1,1,"GAULLE (AVENUE GENERAL DE)","42,6968600","2,8820400",201900016226,138 276 196,B01,2,1,0,2,1,1,5,NULL,201900016226,138 276 196,B01,1,1,4,1,2002,5,8,0,-1,0,0,-1,201900016226,4,"GAULLE (AVENUE GENERAL DE)",0,NULL,1,2,1,1,0,0,1,NULL,NULL,1,0,1,50
201900016226,1,7,2019,23:00:00,5,66,66136,2,1,1,1,"GAULLE (AVENUE GENERAL DE)","42,6968600","2,8820400",201900016226,138 276 196,B01,2,1,0,2,1,1,5,NULL,201900016226,138 276 197,A01,1,1,1,1,1999,5,1,8,-1,0,0,-1,201900016226,4,"GAULLE (AVENUE GENERAL DE)",0,NULL,1,2,1,1,0,0,1,NULL,NULL,1,0,1,50
201900017252,11,9,2019,19:05:00,2,91,91114,2,1,1,3,"VILLECRESNES (RUE)","48,7074000","2,5161000",201900017252,138 274 164,B01,1,1,0,2,7,0,5,NULL,201900017252,138 274 163,A01,1,1,1,1,1969,0,1,0,-1,0,0,-1,201900017252,7,"VILLECRESNES (RUE)",0,NULL,2,2,0,1,0,0,1,NULL,NULL,1,0,1,30
201900017252,11,9,2019,19:05:00,2,91,91114,2,1,1,3,"VILLECRESNES (RUE)","48,7074000","2,5161000",201900017252,138 274 164,B01,1,1,0,2,7,0,5,NULL,201900017252,138 274 164,B01,10,3,4,1,1961,0,8,0,-1,9,3,1,201900017252,7,"VILLECRESNES (RUE)",0,NULL,2,2,0,1,0,0,1,NULL,NULL,1,0,1,30
201900017328,15,10,2019,19:40:00,2,94,94021,2,1,1,2,"BOULEVARD CIRCULAIRE","48,7589000","2,3485000",201900017328,138 274 006,A01,0,1,0,2,2,2,5,NULL,201900017328,138 274 006,A01,1,1,4,1,1984,5,8,0,-1,-1," -1",-1,201900017328,4,"BOULEVARD CIRCULAIRE OUEST",0,NULL,1,3,0,1,0,0,1,NULL,NULL,1,0,1,60
201900017328,15,10,2019,19:40:00,2,94,94021,2,1,1,2,"BOULEVARD CIRCULAIRE","48,7589000","2,3485000",201900017328,138 274 006,A01,0,1,0,2,2,2,5,NULL,201900017328,138 274 007,B01,1,1,1,1,1982,4,1,0,-1,-1," -1",-1,201900017328,4,"BOULEVARD CIRCULAIRE OUEST",0,NULL,1,3,0,1,0,0,1,NULL,NULL,1,0,1,60
201900020442,24,12,2019,12:20:00,1,31,31555,2,1,1,3,"RUE DE PERIOLE","43,6163600","1,4570700",201900020442,138 268 174,A01,1,1,0,2,0,18,5,NULL,201900020442,138 268 174,A01,1,1,4,1,1995,9,8,0,-1,-1," -1",-1,201900020442,4,NULL,0,NULL,2,2,0,2,0,0,1,NULL,NULL,1,0,1,50
201900020442,24,12,2019,12:20:00,1,31,31555,2,1,1,3,"RUE DE PERIOLE","43,6163600","1,4570700",201900020442,138 268 174,A01,1,1,0,2,0,18,5,NULL,201900020442,138 268 175,B01,1,1,1,1,1960,9,1,0,-1,-1," -1",-1,201900020442,4,NULL,0,NULL,2,2,0,2,0,0,1,NULL,NULL,1,0,1,50
201900025008,27,6,2019,09:10:00,1,93,93053,2,1,1,6,"VICTOR HUGO (AVENUE)","48,8923600","2,4692600",201900025008,138 259 288,A01,1,1,0,1,1,1,5,NULL,201900025008,138 259 288,A01,10,3,4,1,1995,1,0,-1,-1,2,3,1,201900025008,4,"VICTOR HUGO (AVENUE)",0,NULL,1,1,1,1,0,0,1,NULL,NULL,1,0,1,50
201900025008,27,6,2019,09:10:00,1,93,93053,2,1,1,6,"VICTOR HUGO (AVENUE)","48,8923600","2,4692600",201900025008,138 259 288,A01,1,1,0,1,1,1,5,NULL,201900025008,138 259 288,A01,1,1,1,1,1961,5,8,0,-1,-1," -1",-1,201900025008,4,"VICTOR HUGO (AVENUE)",0,NULL,1,1,1,1,0,0,1,NULL,NULL,1,0,1,50
201900028064,26,1,2019,17:00:00,5,75,75115,2,3,2,3,"AVENUE DE LA MOTTE PICQUET","48,8499430","2,2991500",201900028064,138 253 528,B01,1,1,0,2,1,1,1,NULL,201900028064,138 253 528,B01,1,1,4,1,1978,0,2,0,-1,0,0,-1,201900028064,4,"AVENUE DE LA MOTTE PICQUET",0,NULL,2,1,0,1,0,0,1,NULL,NULL,2,0,1,50
201900028064,26,1,2019,17:00:00,5,75,75115,2,3,2,3,"AVENUE DE LA MOTTE PICQUET","48,8499430","2,2991500",201900028064,138 253 528,B01,1,1,0,2,1,1,1,NULL,201900028064,138 253 529,A01,1,1,1,1,1952,0,1,0,-1,0,0,-1,201900028064,4,"AVENUE DE LA MOTTE PICQUET",0,NULL,2,1,0,1,0,0,1,NULL,NULL,2,0,1,50
201900028511,5,4,2019,08:10:00,1,54,54395,2,1,1,6,"SAINT GEORGES (RUE)","48,6920190","6,1864160",201900028511,138 252 701,Z01,1,1,0,4,0,7,5,NULL,201900028511,138 252 702,B01,1,1,1,1,1963,1,1,0,-1,-1,0,-1,201900028511,4,"SAINT GEORGES (RUE)",0,NULL,2,2,3,1,0,0,1,NULL,NULL,1,4,1,30
201900028511,5,4,2019,08:10:00,1,54,54395,2,1,1,6,"SAINT GEORGES (RUE)","48,6920190","6,1864160",201900028511,138 252 701,Z01,1,1,0,4,0,7,5,NULL,201900028511,138 252 702,B01,6,2,4,1,2010,0,8,0,-1,-1,0,-1,201900028511,4,"SAINT GEORGES (RUE)",0,NULL,2,2,3,1,0,0,1,NULL,NULL,1,4,1,30
201900028511,5,4,2019,08:10:00,1,54,54395,2,1,1,6,"SAINT GEORGES (RUE)","48,6920190","6,1864160",201900028511,138 252 701,Z01,1,1,0,4,0,7,5,NULL,201900028511,138 252 702,B01,7,2,4,1,1968,0,8,0,-1,-1,0,-1,201900028511,4,"SAINT GEORGES (RUE)",0,NULL,2,2,3,1,0,0,1,NULL,NULL,1,4,1,30
201900028511,5,4,2019,08:10:00,1,54,54395,2,1,1,6,"SAINT GEORGES (RUE)","48,6920190","6,1864160",201900028511,138 252 701,Z01,1,1,0,4,0,7,5,NULL,201900028511,138 252 702,B01,9,2,4,2,1966,0,8,0,-1,-1,0,-1,201900028511,4,"SAINT GEORGES (RUE)",0,NULL,2,2,3,1,0,0,1,NULL,NULL,1,4,1,30
201900028511,5,4,2019,08:10:00,1,54,54395,2,1,1,6,"SAINT GEORGES (RUE)","48,6920190","6,1864160",201900028511,138 252 701,Z01,1,1,0,4,0,7,5,NULL,201900028511,138 252 702,B01,2,2,4,2,1958,9,8,0,-1,-1,0,-1,201900028511,4,"SAINT GEORGES (RUE)",0,NULL,2,2,3,1,0,0,1,NULL,NULL,1,4,1,30
201900028511,5,4,2019,08:10:00,1,54,54395,2,1,1,6,"SAINT GEORGES (RUE)","48,6920190","6,1864160",201900028511,138 252 701,Z01,1,1,0,4,0,7,5,NULL,201900028511,138 252 702,B01,3,2,4,2,1985,9,8,0,-1,-1,0,-1,201900028511,4,"SAINT GEORGES (RUE)",0,NULL,2,2,3,1,0,0,1,NULL,NULL,1,4,1,30
201900028511,5,4,2019,08:10:00,1,54,54395,2,1,1,6,"SAINT GEORGES (RUE)","48,6920190","6,1864160",201900028511,138 252 701,Z01,1,1,0,4,0,7,5,NULL,201900028511,138 252 702,B01,4,2,4,2,1996,0,8,0,-1,-1,0,-1,201900028511,4,"SAINT GEORGES (RUE)",0,NULL,2,2,3,1,0,0,1,NULL,NULL,1,4,1,30
201900028511,5,4,2019,08:10:00,1,54,54395,2,1,1,6,"SAINT GEORGES (RUE)","48,6920190","6,1864160",201900028511,138 252 701,Z01,1,1,0,4,0,7,5,NULL,201900028511,138 252 702,B01,5,2,4,2,1992,0,8,0,-1,-1,0,-1,201900028511,4,"SAINT GEORGES (RUE)",0,NULL,2,2,3,1,0,0,1,NULL,NULL,1,4,1,30
201900028511,5,4,2019,08:10:00,1,54,54395,2,1,1,6,"SAINT GEORGES (RUE)","48,6920190","6,1864160",201900028511,138 252 701,Z01,1,1,0,4,0,7,5,NULL,201900028511,138 252 702,B01,8,2,4,1,1969,0,8,0,-1,-1,0,-1,201900028511,4,"SAINT GEORGES (RUE)",0,NULL,2,2,3,1,0,0,1,NULL,NULL,1,4,1,30
201900028533,11,4,2019,20:30:00,1,35,35238,2,1,1,2,"LORIENT (DE)","48,1085100"," -1,6992500",201900028533,138 252 660,A01,2,1,0,2,1,2,5,NULL,201900028533,138 252 659,B01,1,1,1,1,1994,0,1,0,-1,-1," -1",-1,201900028533,4,"LORIENT (DE)",0,NULL,2,3,1,1,0,0,1,NULL,NULL,1,0,1,50
201900028533,11,4,2019,20:30:00,1,35,35238,2,1,1,2,"LORIENT (DE)","48,1085100"," -1,6992500",201900028533,138 252 660,A01,2,1,0,2,1,2,5,NULL,201900028533,138 252 660,A01,1,1,4,2,1993,9,2,8,-1,-1,0,-1,201900028533,4,"LORIENT (DE)",0,NULL,2,3,1,1,0,0,1,NULL,NULL,1,0,1,50
201900031668,22,1,2019,09:05:00,1,31,31555,2,6,1,3,"ROND POINT JEROME PUGENS","43,5894500","1,4787900",201900031668,138 246 819,B01,1,1,0,2,7,1,5,NULL,201900031668,138 246 818,A01,1,1,1,1,1940,5,1,8,-1,-1,0,-1,201900031668,4,"ROND POINT JEROME PUGENS",0,NULL,1,1,0,1,0,0,2,NULL,NULL,1,0,1,50
201900031668,22,1,2019,09:05:00,1,31,31555,2,6,1,3,"ROND POINT JEROME PUGENS","43,5894500","1,4787900",201900031668,138 246 819,B01,1,1,0,2,7,1,5,NULL,201900031668,138 246 819,B01,1,1,4,1,1988,9,2,8,-1,-1,0,-1,201900031668,4,"ROND POINT JEROME PUGENS",0,NULL,1,1,0,1,0,0,2,NULL,NULL,1,0,1,50
201900031813,4,9,2019,08:00:00,1,92,92007,2,6,1,3,"RAVERA (AVENUE HENRI) N° 92 A 106","48,8098300","2,3174300",201900031813,138 246 565,A01,1,1,0,2,8,14,0,NULL,201900031813,138 246 563,B01,1,1,1,1,1975,1,1,0,-1,-1,0,-1,201900031813,3,128,0,NULL,3,2,0,1,0,0,2,NULL,NULL,1,0,1,50
201900031813,4,9,2019,08:00:00,1,92,92007,2,6,1,3,"RAVERA (AVENUE HENRI) N° 92 A 106","48,8098300","2,3174300",201900031813,138 246 565,A01,1,1,0,2,8,14,0,NULL,201900031813,138 246 565,A01,2,1,4,2,1937,9,8,0,-1,-1,0,-1,201900031813,3,128,0,NULL,3,2,0,1,0,0,2,NULL,NULL,1,0,1,50
201900033481,25,6,2019,07:50:00,1,62,62043,2,1,1,2,"chemin latérale","50,9009210","1,9423960",201900033481,138 243 284,B01,3,1,0,0,4,2,5,NULL,201900033481,138 243 283,A01,1,1,1,1,1991,1,8,-1,-1,0,0,-1,201900033481,9,NULL,NULL,NULL,2,2,0,1,(1),(1),1,NULL,NULL,1,0,1,50
201900033481,25,6,2019,07:50:00,1,62,62043,2,1,1,2,"chemin latérale","50,9009210","1,9423960",201900033481,138 243 284,B01,3,1,0,0,4,2,5,NULL,201900033481,138 243 284,B01,1,1,2,1,1953,5,2,-1,-1,0,0,-1,201900033481,9,NULL,NULL,NULL,2,2,0,1,(1),(1),1,NULL,NULL,1,0,1,50
201900036442,1,5,2019,11:15:00,1,6,06069,2,1,1,1,"ALBERT 1ER","43,6638579","6,9230765",201900036442,138 237 604,B01,2,1,0,2,3,9,5,NULL,201900036442,138 237 603,A01,2,2,1,2,1967,9,1,0,-1,0,0,-1,201900036442,4,"ALBERT 1ER",0,NULL,2,2,0,2,0,0,1,NULL,NULL,1,0,1,50
201900036442,1,5,2019,11:15:00,1,6,06069,2,1,1,1,"ALBERT 1ER","43,6638579","6,9230765",201900036442,138 237 604,B01,2,1,0,2,3,9,5,NULL,201900036442,138 237 603,A01,1,1,1,2,1971,9,1,0,-1,0,0,-1,201900036442,4,"ALBERT 1ER",0,NULL,2,2,0,2,0,0,1,NULL,NULL,1,0,1,50
201900036442,1,5,2019,11:15:00,1,6,06069,2,1,1,1,"ALBERT 1ER","43,6638579","6,9230765",201900036442,138 237 604,B01,2,1,0,2,3,9,5,NULL,201900036442,138 237 604,B01,1,1,4,1,2012,5,2,0,-1,0,0,-1,201900036442,4,"ALBERT 1ER",0,NULL,2,2,0,2,0,0,1,NULL,NULL,1,0,1,50
201900037681,8,4,2019,12:26:00,1,973,97353,2,1,8,2,"Avenue Léonard Domerger","3,6414425"," -54,0305582",201900037681,138 235 177,B01,2,1,0,2,4,1,5,NULL,201900037681,138 235 176,A01,1,1,3,1,2005,1,0,-1,-1,0,0,-1,201900037681,4,NULL,NULL,NULL,2,2,0,2,(1),(1),3,NULL,NULL,2,0,1,30
201900037681,8,4,2019,12:26:00,1,973,97353,2,1,8,2,"Avenue Léonard Domerger","3,6414425"," -54,0305582",201900037681,138 235 176,A01,2,1,0,2,1,1,5,NULL,201900037681,138 235 176,A01,1,1,3,1,2005,1,0,-1,-1,0,0,-1,201900037681,4,NULL,NULL,NULL,2,2,0,2,(1),(1),3,NULL,NULL,2,0,1,30
201900037681,8,4,2019,12:26:00,1,973,97353,2,1,8,2,"Avenue Léonard Domerger","3,6414425"," -54,0305582",201900037681,138 235 177,B01,2,1,0,2,4,1,5,NULL,201900037681,138 235 177,B01,1,1,1,1,2007,2,0,-1,-1,0,0,-1,201900037681,4,NULL,NULL,NULL,2,2,0,2,(1),(1),3,NULL,NULL,2,0,1,30
201900037681,8,4,2019,12:26:00,1,973,97353,2,1,8,2,"Avenue Léonard Domerger","3,6414425"," -54,0305582",201900037681,138 235 176,A01,2,1,0,2,1,1,5,NULL,201900037681,138 235 177,B01,1,1,1,1,2007,2,0,-1,-1,0,0,-1,201900037681,4,NULL,NULL,NULL,2,2,0,2,(1),(1),3,NULL,NULL,2,0,1,30
201900041247,28,8,2019,16:15:00,1,92,92026,2,9,7,1,"BOULEVARD CIRCULAIRE","48,8921890","2,2458860",201900041247,138 228 637,B01,3,1,0,6,1,0,5,NULL,201900041247,138 228 636,A01,1,1,4,1,1992,0,2,8,-1,-1," -1",-1,201900041247,3,993,0,NULL,2,1,1,2,0,0,2,NULL,NULL,1,9,3,1
201900041247,28,8,2019,16:15:00,1,92,92026,2,9,7,1,"BOULEVARD CIRCULAIRE","48,8921890","2,2458860",201900041247,138 228 636,A01,3,1,0,6,1,25,5,NULL,201900041247,138 228 636,A01,1,1,4,1,1992,0,2,8,-1,-1," -1",-1,201900041247,3,993,0,NULL,2,1,1,2,0,0,2,NULL,NULL,1,9,3,1
201900041247,28,8,2019,16:15:00,1,92,92026,2,9,7,1,"BOULEVARD CIRCULAIRE","48,8921890","2,2458860",201900041247,138 228 637,B01,3,1,0,6,1,0,5,NULL,201900041247,138 228 637,B01,1,1,4,1,1953,0,2,0,-1,0,0,-1,201900041247,3,993,0,NULL,2,1,1,2,0,0,2,NULL,NULL,1,9,3,1
201900041247,28,8,2019,16:15:00,1,92,92026,2,9,7,1,"BOULEVARD CIRCULAIRE","48,8921890","2,2458860",201900041247,138 228 636,A01,3,1,0,6,1,25,5,NULL,201900041247,138 228 637,B01,1,1,4,1,1953,0,2,0,-1,0,0,-1,201900041247,3,993,0,NULL,2,1,1,2,0,0,2,NULL,NULL,1,9,3,1
201900046874,21,3,2019,21:20:00,5,59,59328,2,2,1,5,"SAINTE CECILE AVENUE","50,6402000","3,0278100",201900046874,138 217 871,B01,1,1,0,2,1,1,0,NULL,201900046874,138 217 870,A01,1,1,4,1,1999,4,2,8,-1,-1,0,-1,201900046874,4,"SAINTE CECILE AVENUE",0,NULL,2,2,0,1,0,0,1,NULL,NULL,1,5,1,50
201900046874,21,3,2019,21:20:00,5,59,59328,2,2,1,5,"SAINTE CECILE AVENUE","50,6402000","3,0278100",201900046874,138 217 871,B01,1,1,0,2,1,1,0,NULL,201900046874,138 217 871,B01,1,1,4,2,1975,5,8,0,-1,-1,0,-1,201900046874,4,"SAINTE CECILE AVENUE",0,NULL,2,2,0,1,0,0,1,NULL,NULL,1,5,1,50
201900046874,21,3,2019,21:20:00,5,59,59328,2,2,1,5,"SAINTE CECILE AVENUE","50,6402000","3,0278100",201900046874,138 217 871,B01,1,1,0,2,1,1,0,NULL,201900046874,138 217 872,Z01,1,1,1,1,1990,5,1,0,-1,-1,0,-1,201900046874,4,"SAINTE CECILE AVENUE",0,NULL,2,2,0,1,0,0,1,NULL,NULL,1,5,1,50
201900048662,11,7,2019,17:50:00,1,50,50129,2,3,1,3,"ABBAYE (RUE DE L')","49,6454600"," -1,6376800",201900048662,138 214 563,A01,1,1,0,2,7,19,5,NULL,201900048662,138 214 562,A01,1,1,1,2,1991,-1,1,-1,-1,-1," -1",-1,201900048662,3,901,0,NULL,3,5,1,1,0,0,1,NULL,NULL,1,5,1,50
201900048662,11,7,2019,17:50:00,1,50,50129,2,3,1,3,"ABBAYE (RUE DE L')","49,6454600"," -1,6376800",201900048662,138 214 563,A01,1,1,0,2,7,19,5,NULL,201900048662,138 214 563,A01,1,1,4,1,1997,5,8,0,-1,-1,0,-1,201900048662,3,901,0,NULL,3,5,1,1,0,0,1,NULL,NULL,1,5,1,50
201900050096,24,9,2019,17:02:00,1,94,94019,2,2,1,3,"PONT (R DU)","48,7922500","2,5259900",201900050096,138 211 934,B01,1,1,0,2,4,9,0,NULL,201900050096,138 211 933,A01,1,1,1,1,1968,5,1,0,-1,-1,0,-1,201900050096,4,"GARE (AV DE LA)",0,NULL,2,2,0,2,0,0,1,NULL,NULL,1,0,1,50
201900050096,24,9,2019,17:02:00,1,94,94019,2,2,1,3,"PONT (R DU)","48,7922500","2,5259900",201900050096,138 211 934,B01,1,1,0,2,4,9,0,NULL,201900050096,138 211 934,B01,1,1,4,1,1992,1,8,0,-1,-1," -1",-1,201900050096,4,"GARE (AV DE LA)",0,NULL,2,2,0,2,0,0,1,NULL,NULL,1,0,1,50
201900050916,15,5,2019,11:00:00,1,29,29069,1,6,1,2,"route départementale 105","48,4188620"," -4,5597450",201900050916,138 210 425,B01,2,1,0,2,4,1,5,NULL,201900050916,138 210 424,A01,3,2,1,2,2019,5,1,9,-1,0,0,-1,201900050916,3,105,NULL,NULL,1,1,1,2,6,800,2,NULL,NULL,1,0,1,80
201900050916,15,5,2019,11:00:00,1,29,29069,1,6,1,2,"route départementale 105","48,4188620"," -4,5597450",201900050916,138 210 425,B01,2,1,0,2,4,1,5,NULL,201900050916,138 210 424,A01,1,1,1,2,1990,5,1,-1,-1,0,0,-1,201900050916,3,105,NULL,NULL,1,1,1,2,6,800,2,NULL,NULL,1,0,1,80
201900050916,15,5,2019,11:00:00,1,29,29069,1,6,1,2,"route départementale 105","48,4188620"," -4,5597450",201900050916,138 210 425,B01,2,1,0,2,4,1,5,NULL,201900050916,138 210 425,B01,1,1,4,1,1959,5,2,-1,-1,0,0,-1,201900050916,3,105,NULL,NULL,1,1,1,2,6,800,2,NULL,NULL,1,0,1,80
201900051827,7,1,2019,07:25:00,5,75,75109,2,2,1,3,"RUE DE CHATEAUDUN","48,8760870","2,3371220",201900051827,138 208 672,A01,1,1,0,2,1,8,5,NULL,201900051827,138 208 671,B01,1,1,1,1,1957,1,1,0,-1,-1,0,-1,201900051827,4,"RUE DE CHATEAUDUN",0,NULL,2,2,3,1,0,0,1,NULL,NULL,1,0,6,50
201900051827,7,1,2019,07:25:00,5,75,75109,2,2,1,3,"RUE DE CHATEAUDUN","48,8760870","2,3371220",201900051827,138 208 672,A01,1,1,0,2,1,8,5,NULL,201900051827,138 208 672,A01,1,1,4,2,1993,1,2,0,-1,0,0,-1,201900051827,4,"RUE DE CHATEAUDUN",0,NULL,2,2,3,1,0,0,1,NULL,NULL,1,0,6,50
201900052393,28,3,2019,11:00:00,1,75,75105,2,2,1,3,"PONT DE SULLY","48,8494090","2,3567870",201900052393,138 207 550,B01,3,1,0,2,1,1,5,NULL,201900052393,138 207 549,A01,1,1,1,1,1955,4,1,0,-1,0,0,-1,201900052393,4,"PONT DE SULLY",0,NULL,1,2,2,1,0,0,1,NULL,NULL,1,2,5,30
201900052393,28,3,2019,11:00:00,1,75,75105,2,2,1,3,"PONT DE SULLY","48,8494090","2,3567870",201900052393,138 207 550,B01,3,1,0,2,1,1,5,NULL,201900052393,138 207 550,B01,1,1,4,1,1998,2,2,0,-1,0,0,-1,201900052393,4,"PONT DE SULLY",0,NULL,1,2,2,1,0,0,1,NULL,NULL,1,2,5,30
201900053208,18,2,2019,09:25:00,1,69,69386,2,1,1,6,"5, rue JULIETTE RECAMIER                   (R )","45,7639100","4,8530400",201900053208,138 205 986,A01,3,1,0,1,1,1,5,NULL,201900053208,138 205 986,A01,10,3,3,1,1948,9,8,0,-1,9,B,1,201900053208,4,"JULIETTE RECAMIER                   (R )",0,NULL,1,1,0,1,0,0,1,NULL,NULL,1,0,1,50
201900053208,18,2,2019,09:25:00,1,69,69386,2,1,1,6,"5, rue JULIETTE RECAMIER                   (R )","45,7639100","4,8530400",201900053208,138 205 986,A01,3,1,0,1,1,1,5,NULL,201900053208,138 205 986,A01,1,1,1,1,1980,0,8,0,-1,0,0,-1,201900053208,4,"JULIETTE RECAMIER                   (R )",0,NULL,1,1,0,1,0,0,1,NULL,NULL,1,0,1,50
201900056027,26,3,2019,15:30:00,1,93,93061,2,9,1,1,"SEMANAZ JEAN-BAPTISTE RUE","48,8847180","2,4013370",201900056027,138 200 757,B01,1,1,0,2,1,1,0,NULL,201900056027,138 200 756,A01,10,3,4,2,1952,5,8,0,-1,4,3,1,201900056027,4,"SEMANAZ JEAN-BAPTISTE RUE",0,NULL,-1,2,1,1,1,0,1,NULL,NULL,1,0,1,50
201900056027,26,3,2019,15:30:00,1,93,93061,2,9,1,1,"SEMANAZ JEAN-BAPTISTE RUE","48,8847180","2,4013370",201900056027,138 200 757,B01,1,1,0,2,1,1,0,NULL,201900056027,138 200 757,B01,1,1,4,1,2005,0,8,0,-1,-1," -1",-1,201900056027,4,"SEMANAZ JEAN-BAPTISTE RUE",0,NULL,-1,2,1,1,1,0,1,NULL,NULL,1,0,1,50
201900058351,10,10,2019,10:00:00,1,33,33063,2,2,1,3,"RUE DES SABLIERES","44,8252200"," -0,5752500",201900058351,138 196 529,B01,2,1,0,0,1,9,5,NULL,201900058351,138 196 526,A01,1,1,1,1,1982,0,8,0,-1,-1," -1",-1,201900058351,4,"RUE DES SABLIERES",0,NULL,1,1,0,1,0,0,1,NULL,NULL,1,0,1,50
201900058351,10,10,2019,10:00:00,1,33,33063,2,2,1,3,"RUE DES SABLIERES","44,8252200"," -0,5752500",201900058351,138 196 529,B01,2,1,0,0,1,9,5,NULL,201900058351,138 196 529,B01,1,1,4,2,1999,0,8,0,-1,-1,0,-1,201900058351,4,"RUE DES SABLIERES",0,NULL,1,1,0,1,0,0,1,NULL,NULL,1,0,1,50
201900009534,15,9,2019,10:50:00,1,77,77258,2,1,1,7,"MAISON ROUGE (RUE DE LA)","48,8336300","2,6293800",201900009534,138 288 668,A01,1,1,16,6,0,1,5,NULL,201900009534,138 288 668,A01,1,1,3,2,1968,5,8,0,-1,-1," -1",-1,201900009534,4,"MAISON ROUGE (RUE DE LA)",0,NULL,-1,0,1,1,0,0,1,NULL,NULL,1,0,1,30
201900011872,16,1,2019,18:35:00,2,974,97407,2,1,1,7,"Allée Mahatma Gandhi"," -20,9378000","55,3021400",201900011872,138 284 372,A01,1,1,0,0,1,1,5,NULL,201900011872,138 284 372,A01,1,1,4,1,1983,5,8,0,-1,0,0,-1,201900011872,4,"Allée Mahatma Gandhi",0,NULL,1,1,0,1,0,0,1,NULL,NULL,1,0,1,50
201900012034,17,10,2019,13:20:00,1,971,97125,1,1,1,2,N5,"16,2770110"," -61,2851750",201900012034,138 284 067,B01,0,1,0,2,0,0,0,NULL,201900012034,138 284 067,B01,1,1,2,1,1957,0,0,-1,-1,0,0,-1,201900012034,2,5,0,NULL,2,1,0,1,38,500,1,NULL,NULL,1,0,1,80
201900012034,17,10,2019,13:20:00,1,971,97125,1,1,1,2,N5,"16,2770110"," -61,2851750",201900012034,138 284 067,B01,0,1,0,2,0,0,0,NULL,201900012034,138 284 068,A01,1,1,1,1,1991,4,1,-1,-1,0,0,-1,201900012034,2,5,0,NULL,2,1,0,1,38,500,1,NULL,NULL,1,0,1,80
201900013741,15,10,2019,11:35:00,1,49,49007,2,1,2,3,"BIRGE BOULEVARD","47,4708998"," -0,5191483",201900013741,138 280 839,B01,1,1,0,2,0,0,5,NULL,201900013741,138 280 838,A01,1,1,1,1,1931,0,1,8,-1,-1," -1",-1,201900013741,4,"BIRGE BOULEVARD",0,NULL,2,2,0,1,0,0,1,NULL,NULL,2,0,1,60