Num_Acc,jour,mois,an,hrmn,lum,dep,com,agg,int,atm,col,adr,lat,long,Num_Acc,id_vehicule,num_veh,senc,catv,obs,obsm,choc,manv,motor,occutc,Num_Acc,id_vehicule,num_veh,place,catu,grav,sexe,an_nais,trajet,secu1,secu2,secu3,locp,actp,etatp,Num_Acc,catr,voie,v1,v2,circ,nbv,vosp,prof,pr,pr1,plan,lartpc,larrout,surf,infra,situ,vma
201900013741,15,10,2019,11:35:00,1,49,49007,2,1,2,3,"BIRGE BOULEVARD","47,4708998"," -0,5191483",201900013741,138 280 839,B01,1,1,0,2,0,0,5,NULL,201900013741,138 280 839,B01,1,1,3,2,1939,0,8,0,-1,-1,0,-1,201900013741,4,"BIRGE BOULEVARD",0,NULL,2,2,0,1,0,0,1,NULL,NULL,2,0,1,60
201900014168,3,8,2019,19:05:00,1,39,39300,2,1,1,3,"PYMONT (CHEMIN DE)","46,6800000","5,5554500",201900014168,138 280 065,B01,2,1,0,2,3,19,5,NULL,201900014168,138 280 064,A01,1,1,1,2,1972,3,1,8,-1,-1,0,-1,201900014168,4,"PYMONT (CHEMIN DE)",0,NULL,2,2,0,2,0,0,2,NULL,NULL,1,0,1,50
201900014168,3,8,2019,19:05:00,1,39,39300,2,1,1,3,"PYMONT (CHEMIN DE)","46,6800000","5,5554500",201900014168,138 280 065,B01,2,1,0,2,3,19,5,NULL,201900014168,138 280 065,B01,1,1,3,1,2005,5,2,8,-1,0,0,-1,201900014168,4,"PYMONT (CHEMIN DE)",0,NULL,2,2,0,2,0,0,2,NULL,NULL,1,0,1,50
201900015618,9,10,2019,13:10:00,1,54,54395,2,1,1,3,"AUSTRASIE (BOULEVARD)","48,6882850","6,2048340",201900015618,138 277 282,B01,1,1,0,2,1,1,5,NULL,201900015618,138 277 282,B01,1,1,4,2,1995,0,8,0,-1,-1,0,-1,201900015618,4,"AUSTRASIE (BOULEVARD)",0,NULL,-1,2,0,1,0,0,1,NULL,NULL,1,0,1,50
201900019586,1,7,2019,19:35:00,1,75,75111,2,2,1,3,"RUE DE NEMOURS","48,8656640","2,3724290",201900019586,138 269 818,B01,1,1,0,2,7,1,5,NULL,201900019586,138 269 817,A01,1,1,1,2,1972,1,1,0,-1,0,0,-1,201900019586,4,"RUE DE NEMOURS",0,NULL,2,2,0,1,0,0,1,NULL,NULL,1,0,1,50
201900019586,1,7,2019,19:35:00,1,75,75111,2,2,1,3,"RUE DE NEMOURS","48,8656640","2,3724290",201900019586,138 269 818,B01,1,1,0,2,7,1,5,NULL,201900019586,138 269 818,B01,1,1,4,2,1997,1,2,0,-1,0,0,-1,201900019586,4,"RUE DE NEMOURS",0,NULL,2,2,0,1,0,0,1,NULL,NULL,1,0,1,50
201900022426,30,1,2019,13:30:00,1,75,75113,2,1,1,2,"AVENUE DE LA PORTE DE CHOISY","48,8204484","2,3643941",201900022426,138 264 403,B01,2,1,0,2,0,21,5,NULL,201900022426,138 264 403,B01,1,1,4,2,1962,1,8,0,-1,0,0,-1,201900022426,4,"AVENUE DE LA PORTE DE CHOISY",0,NULL,2,2,0,1,0,0,1,NULL,NULL,2,0,1,50
201900022426,30,1,2019,13:30:00,1,75,75113,2,1,1,2,"AVENUE DE LA PORTE DE CHOISY","48,8204484","2,3643941",201900022426,138 264 403,B01,2,1,0,2,0,21,5,NULL,201900022426,138 264 404,A01,1,1,1,1,1983,5,1,0,-1,0,0,-1,201900022426,4,"AVENUE DE LA PORTE DE CHOISY",0,NULL,2,2,0,1,0,0,1,NULL,NULL,2,0,1,50
201900030976,23,5,2019,14:10:00,1,31,31555,2,1,1,3,"Allée Serge RAVANEL","43,5927600","1,4526100",201900030976,138 248 098,A01,2,1,0,2,8,19,0,NULL,201900030976,138 248 097,B01,1,1,4,1,1964,0,2,0,-1,-1,0,-1,201900030976,4,"Allée Serge RAVANEL",0,NULL,1,2,0,1,0,0,1,NULL,NULL,1,0,1,50
201900030976,23,5,2019,14:10:00,1,31,31555,2,1,1,3,"Allée Serge RAVANEL","43,5927600","1,4526100",201900030976,138 248 098,A01,2,1,0,2,8,19,0,NULL,201900030976,138 248 098,A01,1,1,4,2,1942,0,2,0,-1,-1,0,-1,201900030976,4,"Allée Serge RAVANEL",0,NULL,1,2,0,1,0,0,1,NULL,NULL,1,0,1,50
201900032515,26,7,2019,09:10:00,1,38,38289,1,1,1,3,D44A,"45,1438700","6,0581800",201900032515,138 245 192,A01,2,1,0,2,1,5,5,NULL,201900032515,138 245 191,B01,1,1,1,1,1984,4,1,-1,-1,0,0,-1,201900032515,3,44,NULL,A,2,2,0,2,2,0,2,NULL,NULL,1,0,1,80
201900032515,26,7,2019,09:10:00,1,38,38289,1,1,1,3,D44A,"45,1438700","6,0581800",201900032515,138 245 192,A01,2,1,0,2,1,5,5,NULL,201900032515,138 245 192,A01,1,1,3,1,1976,5,2,-1,-1,0,0,-1,201900032515,3,44,NULL,A,2,2,0,2,2,0,2,NULL,NULL,1,0,1,80
201900033822,2,9,2019,18:30:00,1,44,44109,2,1,1,6,"RUE L'OUCHE DE VERSAILLES","47,2289400"," -1,5548400",201900033822,138 242 642,B01,0,1,0,2,7,17,5,NULL,201900033822,138 242 641,A01,1,1,1,1,1996,0,8,0,-1,-1," -1",-1,201900033822,4,NULL,0,NULL,2,0,0,2,0,0,1,NULL,NULL,1,0,1,50
201900033822,2,9,2019,18:30:00,1,44,44109,2,1,1,6,"RUE L'OUCHE DE VERSAILLES","47,2289400"," -1,5548400",201900033822,138 242 642,B01,0,1,0,2,7,17,5,NULL,201900033822,138 242 642,B01,1,1,3,1,1955,9,8,0,-1,-1," -1",-1,201900033822,4,NULL,0,NULL,2,0,0,2,0,0,1,NULL,NULL,1,0,1,50
201900036811,7,6,2019,18:15:00,1,54,54482,2,3,2,3,"ESSEY (RUE D')","48,7048100","6,2141900",201900036811,138 236 848,A01,1,1,0,2,8,26,5,NULL,201900036811,138 236 848,A01,1,1,4,1,2007,5,2,2,-1,-1,0,-1,201900036811,4,"ESSEY (RUE D')",0,NULL,2,2,0,2,0,0,3,NULL,NULL,1,0,1,50
201900036811,7,6,2019,18:15:00,1,54,54482,2,3,2,3,"ESSEY (RUE D')","48,7048100","6,2141900",201900036811,138 236 848,A01,1,1,0,2,8,26,5,NULL,201900036811,138 236 849,B01,2,2,4,2,1994,5,1,0,-1,-1,0,-1,201900036811,4,"ESSEY (RUE D')",0,NULL,2,2,0,2,0,0,3,NULL,NULL,1,0,1,50
201900036811,7,6,2019,18:15:00,1,54,54482,2,3,2,3,"ESSEY (RUE D')","48,7048100","6,2141900",201900036811,138 236 848,A01,1,1,0,2,8,26,5,NULL,201900036811,138 236 849,B01,1,1,1,1,1985,5,1,0,-1,-1,0,-1,201900036811,4,"ESSEY (RUE D')",0,NULL,2,2,0,2,0,0,3,NULL,NULL,1,0,1,50
201900037403,30,8,2019,09:25:00,2,56,56121,2,6,1,6,"SVOB ( BD EMMANUEL)","47,7515200"," -3,3694000",201900037403,138 235 690,A01,2,1,12,0,1,16,5,NULL,201900037403,138 235 690,A01,1,1,4,1,1984,5,2,0,-1,0,0,-1,201900037403,4,"SVOB ( BOULEVARD EMMANUEL)",0,NULL,2,2,0,1,(1),(1),3,NULL,NULL,1,5,1,50
201900039116,10,8,2019,11:25:00,1,42,42218,2,1,1,2,LAVOISIER,"45,4465100","4,3897700",201900039116,138 232 569,B01,1,1,0,2,4,1,5,NULL,201900039116,138 232 569,B01,1,1,4,1,1976,0,2,0,-1,-1,0,-1,201900039116,4,LAVOISIER,0,NULL,1,2,0,1,0,0,1,NULL,NULL,1,0,1,50
201900039116,10,8,2019,11:25:00,1,42,42218,2,1,1,2,LAVOISIER,"45,4465100","4,3897700",201900039116,138 232 569,B01,1,1,0,2,4,1,5,NULL,201900039116,138 232 570,Z01,1,1,1,1,1900,0,1,8,-1,-1,0,-1,201900039116,4,LAVOISIER,0,NULL,1,2,0,1,0,0,1,NULL,NULL,1,0,1,50
201900041829,9,12,2019,16:00:00,1,49,49007,2,1,1,3,"HOTEL DIEU AVENUE","47,4806300"," -0,5597300",201900041829,138 227 545,B01,1,1,0,2,0,0,5,NULL,201900041829,138 227 545,B01,1,1,4,1,1984,0,8,0,-1,-1,0,-1,201900041829,4,"HOTEL DIEU AVENUE",0,NULL,2,2,0,1,0,0,1,NULL,NULL,1,0,1,60
201900041829,9,12,2019,16:00:00,1,49,49007,2,1,1,3,"HOTEL DIEU AVENUE","47,4806300"," -0,5597300",201900041829,138 227 545,B01,1,1,0,2,0,0,5,NULL,201900041829,138 227 546,A01,1,1,1,2,1954,0,1,8,-1,-1," -1",-1,201900041829,4,"HOTEL DIEU AVENUE",0,NULL,2,2,0,1,0,0,1,NULL,NULL,1,0,1,60
201900043271,31,1,2019,08:45:00,1,94,94043,2,1,4,7,"FONTAINEBLEAU (AV DE)","48,8148604","2,3607647",201900043271,138 224 789,A01,2,1,0,1,1,7,5,NULL,201900043271,138 224 789,A01,10,3,4,1,1971,9,8,0,-1,1,3,1,201900043271,3,7,0,NULL,1,1,3,1,0,0,1,NULL,NULL,7,0,1,50
201900043271,31,1,2019,08:45:00,1,94,94043,2,1,4,7,"FONTAINEBLEAU (AV DE)","48,8148604","2,3607647",201900043271,138 224 789,A01,2,1,0,1,1,7,5,NULL,201900043271,138 224 789,A01,1,1,1,1,1996,1,2,8,-1,-1,0,-1,201900043271,3,7,0,NULL,1,1,3,1,0,0,1,NULL,NULL,7,0,1,50
201900044257,7,11,2019,18:35:00,3,27,27448,1,1,2,2,D141,"48,9973300","1,3455870",201900044257,138 222 940,B01,0,1,0,0,4,2,0,NULL,201900044257,138 222 940,B01,1,1,3,1,1967,0,2,4,9,0,0,-1,201900044257,3,141,0,D,2,2,0,1,27,0,1,NULL,NULL,2,0,1,80
201900044257,7,11,2019,18:35:00,3,27,27448,1,1,2,2,D141,"48,9973300","1,3455870",201900044257,138 222 940,B01,0,1,0,0,4,2,0,NULL,201900044257,138 222 941,A01,1,1,1,1,1956,9,1,-1,-1,0,0,-1,201900044257,3,141,0,D,2,2,0,1,27,0,1,NULL,NULL,2,0,1,80
201900044756,28,9,2019,18:10:00,2,38,38065,1,3,7,3,D51b,"45,4435420","5,4295320",201900044756,138 221 948,B01,0,1,0,2,8,1,5,NULL,201900044756,138 221 948,B01,1,1,3,2,1956,5,2,-1,-1,0,0,-1,201900044756,3,51,NULL,B,2,2,0,1,(1),(1),3,NULL,NULL,1,5,1,80
201900044756,28,9,2019,18:10:00,2,38,38065,1,3,7,3,D51b,"45,4435420","5,4295320",201900044756,138 221 948,B01,0,1,0,2,8,1,5,NULL,201900044756,138 221 949,A01,1,1,1,1,1941,5,1,-1,-1,0,0,-1,201900044756,3,51,NULL,B,2,2,0,1,(1),(1),3,NULL,NULL,1,5,1,80
201900045134,2,4,2019,14:09:00,1,10,10387,2,1,1,3,"ST DOMINIQUE (QUAI)","48,2953100","4,0826300",201900045134,138 221 226,B01,3,1,0,6,5,2,0,NULL,201900045134,138 221 226,B01,1,1,4,1,1988,0,2,0,-1,-1," -1",-1,201900045134,4,"ST DOMINIQUE (QUAI)",0,NULL,1,0,0,1,0,0,1,NULL,NULL,1,9,1,50
201900045134,2,4,2019,14:09:00,1,10,10387,2,1,1,3,"ST DOMINIQUE (QUAI)","48,2953100","4,0826300",201900045134,138 221 226,B01,3,1,0,6,5,2,0,NULL,201900045134,138 221 227,A01,1,1,1,1,1967,0,1,8,-1,-1," -1",-1,201900045134,4,"ST DOMINIQUE (QUAI)",0,NULL,1,0,0,1,0,0,1,NULL,NULL,1,9,1,50
201900045982,22,2,2019,20:55:00,5,91,91097,2,9,1,3,"JEAN MOULIN (AVENUE)","48,6832700","2,5321900",201900045982,138 219 606,B01,3,1,0,2,7,9,5,NULL,201900045982,138 219 606,B01,1,1,3,1,1980,0,8,0,-1,-1," -1",-1,201900045982,4,"JEAN MOULIN (AVENUE)",0,NULL,3,4,0,1,1,0,1,NULL,NULL,1,0,2,50
201900046408,25,9,2019,12:20:00,1,63,63113,2,1,1,3,"BLERIOT (AVENUE LOUIS)","45,7832041","3,1343382",201900046408,138 218 765,A01,1,1,0,2,1,25,5,NULL,201900046408,138 218 764,B01,1,1,1,1,1966,0,1,0,-1,0,0,-1,201900046408,7,769,0,NULL,1,1,0,1,0,400,1,NULL,NULL,1,9,1,30
201900046408,25,9,2019,12:20:00,1,63,63113,2,1,1,3,"BLERIOT (AVENUE LOUIS)","45,7832041","3,1343382",201900046408,138 218 765,A01,1,1,0,2,1,25,5,NULL,201900046408,138 218 765,A01,1,1,4,1,1977,0,8,0,-1,0,0,-1,201900046408,7,769,0,NULL,1,1,0,1,0,400,1,NULL,NULL,1,9,1,30
201900046507,26,9,2019,12:15:00,1,5,05061,1,1,1,7,"plaine de lachaup","44,5118000","6,0437200",201900046507,138 218 574,A01,2,1,0,0,0,1,5,NULL,201900046507,138 218 574,A01,1,1,4,1,2002,1,2,0,-1,-1,0,-1,201900046507,4,"plaine de lachaup",0,NULL,2,2,0,2,0,1,4,NULL,NULL,1,0,1,50
201900047243,7,12,2019,16:30:00,1,75,75111,2,1,8,2,"RUE DU FAUBOURG SAINT ANTOINE","48,8498750","2,3860610",201900047243,138 217 202,B01,1,1,0,2,6,2,5,NULL,201900047243,138 217 202,B01,1,1,4,1,2003,0,8,2,-1,0,0,-1,201900047243,4,"RUE DU FAUBOURG SAINT ANTOINE",0,NULL,2,2,0,1,251,0,1,NULL,NULL,1,0,1,50
201900047243,7,12,2019,16:30:00,1,75,75111,2,1,8,2,"RUE DU FAUBOURG SAINT ANTOINE","48,8498750","2,3860610",201900047243,138 217 202,B01,1,1,0,2,6,2,5,NULL,201900047243,138 217 203,A01,1,1,1,1,1997,0,2,6,-1,0,0,-1,201900047243,4,"RUE DU FAUBOURG SAINT ANTOINE",0,NULL,2,2,0,1,251,0,1,NULL,NULL,1,0,1,50
201900047338,7,5,2019,17:00:00,1,31,31282,2,7,1,1,"Place Vincent Auriol","43,6710670","1,4509200",201900047338,138 217 036,B01,3,1,0,2,1,5,5,NULL,201900047338,138 217 035,A01,1,1,1,2,1965,5,1,-1,-1,0,0,-1,201900047338,4,NULL,NULL,NULL,1,1,1,2,(1),(1),1,NULL,NULL,1,0,1,50
201900047338,7,5,2019,17:00:00,1,31,31282,2,7,1,1,"Place Vincent Auriol","43,6710670","1,4509200",201900047338,138 217 036,B01,3,1,0,2,1,5,5,NULL,201900047338,138 217 036,B01,1,1,3,2,1955,5,0,-1,-1,0,0,-1,201900047338,4,NULL,NULL,NULL,1,1,1,2,(1),(1),1,NULL,NULL,1,0,1,50
201900047742,20,2,2019,10:10:00,1,75,75108,2,3,1,5,"RUE D AMSTERDAM","48,8807990","2,3270600",201900047742,138 216 271,B01,2,1,1,2,2,13,5,NULL,201900047742,138 216 270,C01,1,1,1,1,1960,4,1,0,-1,0,0,-1,201900047742,4,"RUE D AMSTERDAM",0,NULL,1,2,3,2,0,0,1,NULL,NULL,1,0,1,50
201900047742,20,2,2019,10:10:00,1,75,75108,2,3,1,5,"RUE D AMSTERDAM","48,8807990","2,3270600",201900047742,138 216 271,B01,2,1,1,2,2,13,5,NULL,201900047742,138 216 271,B01,1,1,4,2,1980,1,2,0,-1,0,0,-1,201900047742,4,"RUE D AMSTERDAM",0,NULL,1,2,3,2,0,0,1,NULL,NULL,1,0,1,50
201900047742,20,2,2019,10:10:00,1,75,75108,2,3,1,5,"RUE D AMSTERDAM","48,8807990","2,3270600",201900047742,138 216 271,B01,2,1,1,2,2,13,5,NULL,201900047742,138 216 272,A01,1,1,1,1,1977,4,1,0,-1,0,0,-1,201900047742,4,"RUE D AMSTERDAM",0,NULL,1,2,3,2,0,0,1,NULL,NULL,1,0,1,50
201900049261,5,12,2019,14:50:00,1,10,10387,2,1,5,1,"MARIE DE CHAMPAGNE (RUE)","48,3101000","4,0621300",201900049261,138 213 478,B01,2,1,0,2,7,1,5,NULL,201900049261,138 213 477,A01,1,1,1,2,1968,1,1,0,-1,-1," -1",-1,201900049261,4,"MARIE DE CHAMPAGNE (RUE)",0,NULL,2,2,0,1,0,0,1,NULL,NULL,1,0,1,50
201900049261,5,12,2019,14:50:00,1,10,10387,2,1,5,1,"MARIE DE CHAMPAGNE (RUE)","48,3101000","4,0621300",201900049261,138 213 478,B01,2,1,0,2,7,1,5,NULL,201900049261,138 213 478,B01,1,1,4,1,1988,0,8,0,-1,-1," -1",-1,201900049261,4,"MARIE DE CHAMPAGNE (RUE)",0,NULL,2,2,0,1,0,0,1,NULL,NULL,1,0,1,50
201900051182,30,5,2019,18:00:00,1,35,35238,2,1,1,3,"MUSSAT (AVENUE ANDRE)","48,1313000"," -1,6951000",201900051182,138 209 927,B01,3,1,0,2,1,25,5,NULL,201900051182,138 209 927,B01,1,1,3,1,1989,1,0,0,-1,-1,0,-1,201900051182,4,"MUSSAT (18 AVENUE ANDRE)",0,NULL,2,2,1,1,0,0,1,NULL,NULL,1,0,1,50
201900055200,26,10,2019,15:15:00,1,65,65185,1,1,1,3,D69,"43,2733090"," -0,1155070",201900055200,138 202 267,B01,1,1,0,2,8,1,5,NULL,201900055200,138 202 267,B01,1,1,3,1,1937,5,2,9,-1,0,0,-1,201900055200,3,69,0,NULL,2,2,0,2,1,400,1,NULL,NULL,1,0,1,80
201900057151,10,7,2019,07:30:00,1,75,75113,2,2,1,3,"BOULEVARD AUGUSTE BLANQUI","48,8306490","2,3526430",201900057151,138 198 698,B01,1,1,0,2,0,1,5,NULL,201900057151,138 198 696,A01,1,1,1,2,1973,1,1,0,-1,0,0,-1,201900057151,4,"BOULEVARD AUGUSTE BLANQUI",0,NULL,1,2,1,2,0,0,1,NULL,NULL,1,0,5,50
201900057151,10,7,2019,07:30:00,1,75,75113,2,2,1,3,"BOULEVARD AUGUSTE BLANQUI","48,8306490","2,3526430",201900057151,138 198 698,B01,1,1,0,2,0,1,5,NULL,201900057151,138 198 698,B01,1,1,4,1,1989,1,8,0,-1,0,0,-1,201900057151,4,"BOULEVARD AUGUSTE BLANQUI",0,NULL,1,2,1,2,0,0,1,NULL,NULL,1,0,5,50
201900009273,4,7,2019,07:40:00,1,14,14118,2,6,1,3,"DEBARQUEMENT (ROND POINT DU )","49,2028300"," -0,3919700",201900009273,138 289 146,B01,1,1,0,0,7,1,-1,NULL,201900009273,138 289 146,B01,1,1,4,1,1970,-1,0,-1,-1,0,0,-1,201900009273,3,401,NULL,NULL,2,-1,-1,1,(1),(1),1,NULL,NULL,1,5,1,-1
201900009273,4,7,2019,07:40:00,1,14,14118,2,6,1,3,"DEBARQUEMENT (ROND POINT DU )","49,2028300"," -0,3919700",201900009273,138 289 146,B01,1,1,0,0,7,1,-1,NULL,201900009273,138 289 147,A01,1,1,1,1,1945,-1,1,-1,-1,-1," -1",-1,201900009273,3,401,NULL,NULL,2,-1,-1,1,(1),(1),1,NULL,NULL,1,5,1,-1
201900009774,25,3,2019,17:07:00,1,2,02478,2,3,1,3,"Rue des Champs Druant","49,5166540","3,5039720",201900009774,138 288 237,A01,3,1,0,2,1,19,5,NULL,201900009774,138 288 237,A01,1,1,3,1,2011,5,2,-1,-1,0,0,-1,201900009774,3,510,NULL,NULL,2,2,0,1,1,90,1,NULL,NULL,1,0,1,50
201900009774,25,3,2019,17:07:00,1,2,02478,2,3,1,3,"Rue des Champs Druant","49,5166540","3,5039720",201900009774,138 288 237,A01,3,1,0,2,1,19,5,NULL,201900009774,138 288 238,B01,1,1,1,1,1959,1,1,-1,-1,0,0,-1,201900009774,3,510,NULL,NULL,2,2,0,1,1,90,1,NULL,NULL,1,0,1,50
201900010389,17,4,2019,18:30:00,1,5,05061,1,2,1,3,"D 45","44,5130000","6,0557000",201900010389,138 287 134,B01,2,1,0,2,1,1,2,NULL,201900010389,138 287 134,B01,1,1,4,1,1982,0,2,0,-1,0,0,-1,201900010389,3,45,0,NULL,2,2,0,2,1,900,1,NULL,NULL,1,5,1,70
201900010389,17,4,2019,18:30:00,1,5,05061,1,2,1,3,"D 45","44,5130000","6,0557000",201900010389,138 287 134,B01,2,1,0,2,1,1,2,NULL,201900010389,138 287 135,A01,1,1,1,1,1963,5,1,0,-1,0,0,-1,201900010389,3,45,0,NULL,2,2,0,2,1,900,1,NULL,NULL,1,5,1,70
201900010534,18,4,2019,20:20:00,1,75,75116,2,1,1,3,"ROUTE DES TRIBUNES","48,8610240","2,2299220",201900010534,138 286 870,B01,2,1,0,2,1,1,5,NULL,201900010534,138 286 870,B01,1,1,4,1,1983,5,2,0,-1,0,0,-1,201900010534,4,"ROUTE DES TRIBUNES",0,NULL,2,2,0,1,0,0,1,NULL,NULL,1,0,1,50
201900010534,18,4,2019,20:20:00,1,75,75116,2,1,1,3,"ROUTE DES TRIBUNES","48,8610240","2,2299220",201900010534,138 286 870,B01,2,1,0,2,1,1,5,NULL,201900010534,138 286 871,A01,1,1,1,2,1975,5,1,0,-1,0,0,-1,201900010534,4,"ROUTE DES TRIBUNES",0,NULL,2,2,0,1,0,0,1,NULL,NULL,1,0,1,50
201900011103,21,11,2019,17:35:00,5,31,31451,2,2,1,3,"Avenue Alexandre Monoury","43,4577570","2,0097610",201900011103,138 285 873,B01,3,1,1,2,9,15,5,NULL,201900011103,138 285 872,A01,1,1,1,1,1954,3,1,-1,-1,0,0,-1,201900011103,4,16,0,NULL,-1,2,0,1,(1),(1),1,NULL,NULL,1,0,1,50
201900011103,21,11,2019,17:35:00,5,31,31451,2,2,1,3,"Avenue Alexandre Monoury","43,4577570","2,0097610",201900011103,138 285 873,B01,3,1,1,2,9,15,5,NULL,201900011103,138 285 873,B01,1,1,3,1,1974,1,0,-1,-1,0,0,-1,201900011103,4,16,0,NULL,-1,2,0,1,(1),(1),1,NULL,NULL,1,0,1,50
201900011322,18,12,2019,16:25:00,1,75,75111,2,2,1,1,"BOULEVARD VOLTAIRE","48,8597420","2,3768770",201900011322,138 285 462,B01,1,1,0,2,1,1,5,NULL,201900011322,138 285 461,A01,1,1,1,1,1984,5,8,2,-1,0,0,-1,201900011322,4,"BOULEVARD VOLTAIRE",0,NULL,2,4,1,1,0,0,1,NULL,NULL,1,0,5,50
201900011322,18,12,2019,16:25:00,1,75,75111,2,2,1,1,"BOULEVARD VOLTAIRE","48,8597420","2,3768770",201900011322,138 285 461,A01,2,1,0,2,3,13,5,NULL,201900011322,138 285 461,A01,1,1,1,1,1984,5,8,2,-1,0,0,-1,201900011322,4,"BOULEVARD VOLTAIRE",0,NULL,2,4,1,1,0,0,1,NULL,NULL,1,0,5,50
201900011322,18,12,2019,16:25:00,1,75,75111,2,2,1,1,"BOULEVARD VOLTAIRE","48,8597420","2,3768770",201900011322,138 285 462,B01,1,1,0,2,1,1,5,NULL,201900011322,138 285 462,B01,1,1,4,1,1948,5,8,2,-1,0,0,-1,201900011322,4,"BOULEVARD VOLTAIRE",0,NULL,2,4,1,1,0,0,1,NULL,NULL,1,0,5,50
201900011322,18,12,2019,16:25:00,1,75,75111,2,2,1,1,"BOULEVARD VOLTAIRE","48,8597420","2,3768770",201900011322,138 285 461,A01,2,1,0,2,3,13,5,NULL,201900011322,138 285 462,B01,1,1,4,1,1948,5,8,2,-1,0,0,-1,201900011322,4,"BOULEVARD VOLTAIRE",0,NULL,2,4,1,1,0,0,1,NULL,NULL,1,0,5,50
201900011512,15,9,2019,10:20:00,1,55,55169,2,1,1,7,"30 Avenue Victor Hugo","49,5273070","5,4620860",201900011512,138 285 096,A01,0,1,0,0,0,0,5,NULL,201900011512,138 285 096,A01,1,1,3,1,1937,5,2,-1,-1,0,0,-1,201900011512,3,981,NULL,NULL,2,2,0,1,(1),(1),3,NULL,NULL,1,0,1,50
201900016991,31,1,2019,14:13:00,1,49,49007,2,1,1,7,AYRAULT,"47,4770400"," -0,5528100",201900016991,138 274 654,A01,1,1,0,0,0,0,5,NULL,201900016991,138 274 654,A01,1,1,4,1,1964,0,2,0,-1,-1,0,-1,201900016991,4,AYRAULT,0,NULL,3,6,0,1,0,0,1,NULL,NULL,2,0,1,50
201900018000,4,6,2019,09:10:00,1,75,75111,2,2,2,6,"BOULEVARD VOLTAIRE","48,8651810","2,3677300",201900018000,138 272 758,A01,2,1,0,1,1,21,5,NULL,201900018000,138 272 758,A01,10,3,4,2,1943,0,8,0,-1,2,A,2,201900018000,4,"BOULEVARD VOLTAIRE",0,NULL,2,2,1,1,0,0,1,NULL,NULL,1,0,5,50
201900018000,4,6,2019,09:10:00,1,75,75111,2,2,2,6,"BOULEVARD VOLTAIRE","48,8651810","2,3677300",201900018000,138 272 758,A01,2,1,0,1,1,21,5,NULL,201900018000,138 272 758,A01,1,1,1,2,1943,0,2,0,-1,0,0,-1,201900018000,4,"BOULEVARD VOLTAIRE",0,NULL,2,2,1,1,0,0,1,NULL,NULL,1,0,5,50
201900018447,16,3,2019,16:55:00,1,17,17300,2,3,1,7,"DAUPHINE   AVENUE DE LA PORTE","46,1668500"," -1,1506500",201900018447,138 271 936,A01,1,1,0,0,1,1,5,NULL,201900018447,138 271 936,A01,1,1,3,2,1967,5,2,0,-1,-1," -1",-1,201900018447,4,"DAUPHINE   AVENUE DE LA PORTE",0,NULL,2,3,1,1,0,0,1,NULL,NULL,1,5,1,30
201900019079,19,6,2019,14:30:00,1,62,62193,2,1,1,3,"ROGER SALENGRO (AVENUE)","50,9457000","1,8227000",201900019079,138 270 791,A01,3,1,0,2,3,19,6,NULL,201900019079,138 270 791,A01,1,1,3,1,2009,5,8,0,-1,-1," -1",-1,201900019079,4,"ROGER SALENGRO (AVENUE)",0,NULL,2,2,1,1,1,0,1,NULL,NULL,1,0,1,50
201900019079,19,6,2019,14:30:00,1,62,62193,2,1,1,3,"ROGER SALENGRO (AVENUE)","50,9457000","1,8227000",201900019079,138 270 791,A01,3,1,0,2,3,19,6,NULL,201900019079,138 270 792,B01,1,1,1,2,1984,5,1,8,-1,-1," -1",-1,201900019079,4,"ROGER SALENGRO (AVENUE)",0,NULL,2,2,1,1,1,0,1,NULL,NULL,1,0,1,50
201900021370,30,6,2019,09:05:00,1,75,75120,2,2,1,3,"RUE DE MENILMONTANT","48,8699660","2,3944910",201900021370,138 266 422,A01,2,1,0,2,1,1,5,NULL,201900021370,138 266 421,B01,1,1,1,1,1976,5,1,8,-1,0,0,-1,201900021370,4,"RUE DE MENILMONTANT",0,NULL,2,1,0,2,0,0,1,NULL,NULL,1,0,1,50
201900021370,30,6,2019,09:05:00,1,75,75120,2,2,1,3,"RUE DE MENILMONTANT","48,8699660","2,3944910",201900021370,138 266 422,A01,2,1,0,2,1,1,5,NULL,201900021370,138 266 422,A01,1,1,4,1,1992,5,8,0,-1,0,0,-1,201900021370,4,"RUE DE MENILMONTANT",0,NULL,2,1,0,2,0,0,1,NULL,NULL,1,0,1,50
201900022951,18,4,2019,08:10:00,1,78,78356,2,1,1,7,"5 Route de Milon","48,7383260","2,0368530",201900022951,138 263 420,A01,3,1,0,0,0,0,5,NULL,201900022951,138 263 420,A01,1,1,3,1,1962,0,2,-1,-1,0,0,-1,201900022951,4,NULL,NULL,NULL,2,2,0,1,(1),(1),1,NULL,NULL,1,0,1,50
201900023500,3,5,2019,11:10:00,1,76,76351,2,3,1,7,"CLEMENCEAU (BD)","49,4896900","0,0977300",201900023500,138 262 237,A01,0,1,0,0,0,0,5,NULL,201900023500,138 262 237,A01,1,1,4,1,1956,5,2,0,-1,0,0,-1,201900023500,4,"CLEMENCEAU (BD)",0,NULL,2,2,1,1,0,0,1,NULL,NULL,1,0,1,50
201900028227,6,9,2019,18:30:00,1,42,42256,1,1,1,2,D102,"45,4979207","4,1646097",201900028227,138 253 259,B01,0,1,0,2,4,2,0,NULL,201900028227,138 253 258,A01,1,1,1,2,1942,3,1,-1,-1,0,0,-1,201900028227,3,102,0,D,2,2,0,1,(1),(1),1,NULL,NULL,1,0,1,80
201900028227,6,9,2019,18:30:00,1,42,42256,1,1,1,2,D102,"45,4979207","4,1646097",201900028227,138 253 259,B01,0,1,0,2,4,2,0,NULL,201900028227,138 253 259,B01,10,3,4,1,2006,5,0,-1,-1,1,0,-1,201900028227,3,102,0,D,2,2,0,1,(1),(1),1,NULL,NULL,1,0,1,80