Num_Acc,jour,mois,an,hrmn,lum,dep,com,agg,int,atm,col,adr,lat,long,Num_Acc,id_vehicule,num_veh,senc,catv,obs,obsm,choc,manv,motor,occutc,Num_Acc,id_vehicule,num_veh,place,catu,grav,sexe,an_nais,trajet,secu1,secu2,secu3,locp,actp,etatp,Num_Acc,catr,voie,v1,v2,circ,nbv,vosp,prof,pr,pr1,plan,lartpc,larrout,surf,infra,situ,vma
201900029049,6,5,2019,09:10:00,1,45,45075,2,1,1,7,"ROUTE D'ORLEANS","47,8929100","1,8472500",201900029049,138 251 719,A01,2,1,12,0,7,14,5,NULL,201900029049,138 251 719,A01,1,1,4,2,2002,1,8,0,-1,0,0,-1,201900029049,2,2152,0,G,3,4,0,1,64,95,1,NULL,NULL,1,0,1,50
201900031202,19,12,2019,09:10:00,1,93,93045,2,1,8,6,"PASTEUR AV.","48,8765000","2,4130200",201900031202,138 247 668,B01,1,1,1,0,0,17,5,NULL,201900031202,138 247 668,B01,1,1,4,2,1981,1,2,0,-1,-1," -1",-1,201900031202,4,"PASTEUR AV.",0,NULL,2,2,0,1,0,0,1,NULL,NULL,1,0,1,50
201900031202,19,12,2019,09:10:00,1,93,93045,2,1,8,6,"PASTEUR AV.","48,8765000","2,4130200",201900031202,138 247 668,B01,1,1,1,0,0,17,5,NULL,201900031202,138 247 669,A01,1,1,1,1,1971,4,1,0,-1,-1," -1",-1,201900031202,4,"PASTEUR AV.",0,NULL,2,2,0,1,0,0,1,NULL,NULL,1,0,1,50
201900031800,25,6,2019,09:10:00,1,75,75108,2,1,1,7,"AVENUE DE WAGRAM","48,8761970","2,2968940",201900031800,138 246 585,A01,1,1,0,0,7,13,5,NULL,201900031800,138 246 585,A01,1,1,4,2,1963,9,2,0,-1,0,0,-1,201900031800,4,"AVENUE DE WAGRAM",0,NULL,2,8,3,2,0,0,1,NULL,NULL,1,0,6,50
201900038885,30,9,2019,07:15:00,5,56,56098,2,1,1,2,"Avenue du Gal STOSSKOPF","47,7503600"," -3,3384200",201900038885,138 232 993,B01,3,1,0,2,7,1,5,NULL,201900038885,138 232 992,A01,1,1,1,1,1985,4,1,8,-1,0,0,-1,201900038885,4,"STOSSKOPF ( AV. INGEN.-GAL )",0,NULL,2,2,0,1,0,0,1,NULL,NULL,1,0,1,50
201900038885,30,9,2019,07:15:00,5,56,56098,2,1,1,2,"Avenue du Gal STOSSKOPF","47,7503600"," -3,3384200",201900038885,138 232 993,B01,3,1,0,2,7,1,5,NULL,201900038885,138 232 993,B01,1,1,4,1,1982,4,2,0,-1,0,0,-1,201900038885,4,"STOSSKOPF ( AV. INGEN.-GAL )",0,NULL,2,2,0,1,0,0,1,NULL,NULL,1,0,1,50
201900038994,18,1,2019,10:00:00,1,89,89074,1,1,1,3,"D 606","48,3093880","3,1620120",201900038994,138 232 792,B01,1,1,0,2,8,1,5,NULL,201900038994,138 232 792,B01,1,1,4,1,1973,0,4,-1,-1,0,0,-1,201900038994,3,606,0,NULL,2,3,-1,1,10,500,1,NULL,NULL,1,0,1,90
201900038994,18,1,2019,10:00:00,1,89,89074,1,1,1,3,"D 606","48,3093880","3,1620120",201900038994,138 232 792,B01,1,1,0,2,8,1,5,NULL,201900038994,138 232 793,A01,1,1,1,1,1979,4,1,-1,-1,0,0,-1,201900038994,3,606,0,NULL,2,3,-1,1,10,500,1,NULL,NULL,1,0,1,90
201900040605,17,1,2019,11:50:00,1,56,56176,2,1,1,2,"rue Georges Cadoudal","47,6743440"," -2,9586100",201900040605,138 229 825,A01,1,1,0,2,1,2,5,NULL,201900040605,138 229 824,B01,1,1,1,1,1959,5,1,-1,-1,0,0,-1,201900040605,3,17,NULL,NULL,2,2,0,2,1,172,1,NULL,NULL,1,0,1,50
201900040605,17,1,2019,11:50:00,1,56,56176,2,1,1,2,"rue Georges Cadoudal","47,6743440"," -2,9586100",201900040605,138 229 825,A01,1,1,0,2,1,2,5,NULL,201900040605,138 229 825,A01,1,1,3,1,1957,5,2,-1,-1,0,0,-1,201900040605,3,17,NULL,NULL,2,2,0,2,1,172,1,NULL,NULL,1,0,1,50
201900048271,26,9,2019,08:25:00,1,54,54395,2,1,1,3,"CARNOT (PLACE)","48,6952660","6,1768790",201900048271,138 215 313,A01,1,1,0,2,8,17,5,NULL,201900048271,138 215 313,A01,1,1,4,1,2002,0,8,0,-1,-1,0,-1,201900048271,4,"CARNOT (PLACE)",0,NULL,1,2,0,1,0,0,1,NULL,NULL,1,0,1,50
201900048271,26,9,2019,08:25:00,1,54,54395,2,1,1,3,"CARNOT (PLACE)","48,6952660","6,1768790",201900048271,138 215 313,A01,1,1,0,2,8,17,5,NULL,201900048271,138 215 314,B01,1,1,1,1,1994,-1,1,-1,-1,-1," -1",-1,201900048271,4,"CARNOT (PLACE)",0,NULL,1,2,0,1,0,0,1,NULL,NULL,1,0,1,50
201900049736,16,10,2019,10:13:00,1,67,67482,2,1,1,1,"SCHWEIGHAEUSER (RUE)","48,5878400","7,7681400",201900049736,138 212 587,B01,2,1,0,2,1,1,5,NULL,201900049736,138 212 587,B01,1,1,4,1,2002,2,8,0,-1,-1,0,-1,201900049736,4,"SCHWEIGHAEUSER (RUE)",0,NULL,1,2,0,1,0,0,1,NULL,NULL,1,0,1,50
201900049736,16,10,2019,10:13:00,1,67,67482,2,1,1,1,"SCHWEIGHAEUSER (RUE)","48,5878400","7,7681400",201900049736,138 212 587,B01,2,1,0,2,1,1,5,NULL,201900049736,138 212 588,A01,1,1,1,1,1965,0,1,8,-1,-1,0,-1,201900049736,4,"SCHWEIGHAEUSER (RUE)",0,NULL,1,2,0,1,0,0,1,NULL,NULL,1,0,1,50
201900054821,19,2,2019,16:00:00,1,80,80421,1,1,1,3,D132,"49,7824050","2,7908980",201900054821,138 203 046,A01,2,1,0,0,8,2,5,NULL,201900054821,138 203 046,A01,1,1,3,1,1972,5,0,-1,-1,0,0,-1,201900054821,3,132,0,D,2,2,0,1,7,0,1,NULL,NULL,1,0,1,80
201900054925,18,6,2019,15:59:00,1,3,03185,2,6,1,3,"rue Albert Einstein","46,3480127","2,6022499",201900054925,138 202 799,B01,3,1,0,2,4,1,5,NULL,201900054925,138 202 799,B01,1,1,3,1,1968,3,8,0,-1,0,0,-1,201900054925,4,"EINSTEIN ( RUE ALBERT )",0,NULL,1,2,1,1,0,0,2,NULL,NULL,1,9,1,50
201900054925,18,6,2019,15:59:00,1,3,03185,2,6,1,3,"rue Albert Einstein","46,3480127","2,6022499",201900054925,138 202 799,B01,3,1,0,2,4,1,5,NULL,201900054925,138 202 800,A01,1,1,1,2,1994,3,1,8,-1,0,0,-1,201900054925,4,"EINSTEIN ( RUE ALBERT )",0,NULL,1,2,1,1,0,0,2,NULL,NULL,1,9,1,50
201900058652,2,12,2019,18:17:00,3,38,38012,1,1,1,2,"Route des Savoie","45,6128200","5,6147100",201900058652,138 195 968,B01,1,1,0,2,4,0,5,NULL,201900058652,138 195 967,A01,1,1,1,1,2000,1,1,-1,-1,0,0,-1,201900058652,3,40,0,NULL,2,2,0,1,9,730,1,NULL,NULL,1,0,1,80
201900058652,2,12,2019,18:17:00,3,38,38012,1,1,1,2,"Route des Savoie","45,6128200","5,6147100",201900058652,138 195 968,B01,1,1,0,2,4,0,5,NULL,201900058652,138 195 968,B01,1,1,2,1,1975,9,0,-1,-1,0,0,-1,201900058652,3,40,0,NULL,2,2,0,1,9,730,1,NULL,NULL,1,0,1,80
201900011972,17,10,2019,22:50:00,5,75,75111,2,2,1,3,"BOULEVARD DE BELLEVILLE","48,8689320","2,3804671",201900011972,138 284 181,B01,1,1,0,2,2,14,5,NULL,201900011972,138 284 180,A01,1,1,1,1,1990,4,1,0,-1,0,0,-1,201900011972,4,"BOULEVARD DE BELLEVILLE",0,NULL,3,2,-1,1,0,0,1,NULL,NULL,1,0,1,50
201900011972,17,10,2019,22:50:00,5,75,75111,2,2,1,3,"BOULEVARD DE BELLEVILLE","48,8689320","2,3804671",201900011972,138 284 181,B01,1,1,0,2,2,14,5,NULL,201900011972,138 284 181,B01,1,1,4,1,1997,1,2,8,-1,0,0,-1,201900011972,4,"BOULEVARD DE BELLEVILLE",0,NULL,3,2,-1,1,0,0,1,NULL,NULL,1,0,1,50
201900014565,2,7,2019,19:30:00,1,35,35238,2,1,1,1,"LAMENNAIS (QUAI)","48,1099000"," -1,6835600",201900014565,138 279 223,A01,3,1,0,2,2,17,0,NULL,201900014565,138 279 223,A01,2,1,4,2,1977,5,8,0,-1,-1," -1",-1,201900014565,4,"LAMENNAIS (QUAI)",0,NULL,2,2,3,1,0,0,1,NULL,NULL,1,0,1,50
201900014565,2,7,2019,19:30:00,1,35,35238,2,1,1,1,"LAMENNAIS (QUAI)","48,1099000"," -1,6835600",201900014565,138 279 223,A01,3,1,0,2,2,17,0,NULL,201900014565,138 279 223,A01,10,3,1,1,1969,0,8,0,-1,9,B,1,201900014565,4,"LAMENNAIS (QUAI)",0,NULL,2,2,3,1,0,0,1,NULL,NULL,1,0,1,50
201900014565,2,7,2019,19:30:00,1,35,35238,2,1,1,1,"LAMENNAIS (QUAI)","48,1099000"," -1,6835600",201900014565,138 279 223,A01,3,1,0,2,2,17,0,NULL,201900014565,138 279 224,B01,1,1,1,1,1978,4,1,0,-1,-1,0,-1,201900014565,4,"LAMENNAIS (QUAI)",0,NULL,2,2,3,1,0,0,1,NULL,NULL,1,0,1,50
201900015800,26,4,2019,16:30:00,1,44,44188,1,1,1,3,"15 le verger","47,0250930"," -1,6411150",201900015800,138 276 968,B01,3,1,0,2,1,15,5,NULL,201900015800,138 276 967,A01,1,1,1,1,1980,2,1,-1,-1,0,0,-1,201900015800,4,NULL,NULL,NULL,2,2,0,1,(1),(1),3,NULL,NULL,1,0,1,80
201900015800,26,4,2019,16:30:00,1,44,44188,1,1,1,3,"15 le verger","47,0250930"," -1,6411150",201900015800,138 276 968,B01,3,1,0,2,1,15,5,NULL,201900015800,138 276 968,B01,1,1,3,1,2003,3,0,-1,-1,0,0,-1,201900015800,4,NULL,NULL,NULL,2,2,0,1,(1),(1),3,NULL,NULL,1,0,1,80
201900017648,25,4,2019,18:55:00,1,66,66065,2,3,1,3,"Rue Franklin","42,6000060","2,9707950",201900017648,138 273 437,B01,0,1,0,2,8,1,5,NULL,201900017648,138 273 436,A01,1,1,1,1,1992,1,1,-1,-1,0,0,-1,201900017648,4,NULL,NULL,NULL,2,2,0,1,(1),(1),1,NULL,NULL,1,0,1,30
201900017648,25,4,2019,18:55:00,1,66,66065,2,3,1,3,"Rue Franklin","42,6000060","2,9707950",201900017648,138 273 437,B01,0,1,0,2,8,1,5,NULL,201900017648,138 273 437,B01,1,1,3,1,2007,5,0,-1,-1,0,0,-1,201900017648,4,NULL,NULL,NULL,2,2,0,1,(1),(1),1,NULL,NULL,1,0,1,30
201900019517,29,6,2019,21:15:00,2,67,67482,2,3,1,5,"DANUBE (PONT DU)","48,5740390","7,7712630",201900019517,138 269 935,B01,2,1,0,2,0,19,5,NULL,201900019517,138 269 933,A01,1,1,1,1,1975,0,1,8,-1,-1," -1",-1,201900019517,4,"DANUBE (PONT DU)",0,NULL,3,3,2,2,0,0,1,NULL,NULL,1,0,1,50
201900019517,29,6,2019,21:15:00,2,67,67482,2,3,1,5,"DANUBE (PONT DU)","48,5740390","7,7712630",201900019517,138 269 934,C01,2,1,0,2,0,0,5,NULL,201900019517,138 269 933,A01,1,1,1,1,1975,0,1,8,-1,-1," -1",-1,201900019517,4,"DANUBE (PONT DU)",0,NULL,3,3,2,2,0,0,1,NULL,NULL,1,0,1,50
201900019517,29,6,2019,21:15:00,2,67,67482,2,3,1,5,"DANUBE (PONT DU)","48,5740390","7,7712630",201900019517,138 269 935,B01,2,1,0,2,0,19,5,NULL,201900019517,138 269 934,C01,1,1,1,2,1993,0,8,0,-1,-1," -1",-1,201900019517,4,"DANUBE (PONT DU)",0,NULL,3,3,2,2,0,0,1,NULL,NULL,1,0,1,50
201900019517,29,6,2019,21:15:00,2,67,67482,2,3,1,5,"DANUBE (PONT DU)","48,5740390","7,7712630",201900019517,138 269 934,C01,2,1,0,2,0,0,5,NULL,201900019517,138 269 934,C01,1,1,1,2,1993,0,8,0,-1,-1," -1",-1,201900019517,4,"DANUBE (PONT DU)",0,NULL,3,3,2,2,0,0,1,NULL,NULL,1,0,1,50
201900019517,29,6,2019,21:15:00,2,67,67482,2,3,1,5,"DANUBE (PONT DU)","48,5740390","7,7712630",201900019517,138 269 935,B01,2,1,0,2,0,19,5,NULL,201900019517,138 269 935,B01,1,1,4,2,1996,0,8,0,-1,-1," -1",-1,201900019517,4,"DANUBE (PONT DU)",0,NULL,3,3,2,2,0,0,1,NULL,NULL,1,0,1,50
201900019517,29,6,2019,21:15:00,2,67,67482,2,3,1,5,"DANUBE (PONT DU)","48,5740390","7,7712630",201900019517,138 269 934,C01,2,1,0,2,0,0,5,NULL,201900019517,138 269 935,B01,1,1,4,2,1996,0,8,0,-1,-1," -1",-1,201900019517,4,"DANUBE (PONT DU)",0,NULL,3,3,2,2,0,0,1,NULL,NULL,1,0,1,50
201900020630,2,2,2019,05:30:00,3,32,32300,1,1,2,2,"CD 929","43,5504120","0,6103010",201900020630,138 267 844,B01,2,1,0,2,4,2,5,NULL,201900020630,138 267 843,A01,1,1,1,1,1983,5,1,-1,-1,0,0,-1,201900020630,3,929,0,NULL,2,2,0,1,8,700,1,NULL,NULL,2,0,1,80
201900020630,2,2,2019,05:30:00,3,32,32300,1,1,2,2,"CD 929","43,5504120","0,6103010",201900020630,138 267 844,B01,2,1,0,2,4,2,5,NULL,201900020630,138 267 844,B01,1,1,2,1,1985,4,4,-1,-1,0,0,-1,201900020630,3,929,0,NULL,2,2,0,1,8,700,1,NULL,NULL,2,0,1,80
201900020916,16,9,2019,09:15:00,1,94,94041,2,1,1,5,"PENICHES (R DES)","48,8172130","2,4027770",201900020916,138 267 311,B01,3,1,0,2,2,19,5,NULL,201900020916,138 267 310,C01,1,1,1,1,1978,0,1,0,-1,-1,0,-1,201900020916,3,19A,0,NULL,-1,2,0,1,0,0,1,NULL,NULL,1,0,1,50
201900020916,16,9,2019,09:15:00,1,94,94041,2,1,1,5,"PENICHES (R DES)","48,8172130","2,4027770",201900020916,138 267 311,B01,3,1,0,2,2,19,5,NULL,201900020916,138 267 311,B01,1,1,4,1,1969,9,2,0,-1,-1," -1",-1,201900020916,3,19A,0,NULL,-1,2,0,1,0,0,1,NULL,NULL,1,0,1,50
201900020916,16,9,2019,09:15:00,1,94,94041,2,1,1,5,"PENICHES (R DES)","48,8172130","2,4027770",201900020916,138 267 311,B01,3,1,0,2,2,19,5,NULL,201900020916,138 267 312,A01,1,1,1,1,1960,1,1,0,-1,-1,0,-1,201900020916,3,19A,0,NULL,-1,2,0,1,0,0,1,NULL,NULL,1,0,1,50
201900020972,7,9,2019,01:45:00,5,49,49007,2,1,1,3,"DUNANT BOULEVARD","47,4855400"," -0,5333200",201900020972,138 267 216,B01,1,1,0,2,9,0,5,NULL,201900020972,138 267 216,B01,1,1,2,1,2001,5,8,0,-1,-1,0,-1,201900020972,4,"DUNANT BOULEVARD",0,NULL,2,2,0,3,0,0,1,NULL,NULL,1,5,1,50
201900020972,7,9,2019,01:45:00,5,49,49007,2,1,1,3,"DUNANT BOULEVARD","47,4855400"," -0,5333200",201900020972,138 267 216,B01,1,1,0,2,9,0,5,NULL,201900020972,138 267 217,A01,1,1,1,1,1993,3,1,0,-1,-1,0,-1,201900020972,4,"DUNANT BOULEVARD",0,NULL,2,2,0,3,0,0,1,NULL,NULL,1,5,1,50
201900022186,15,11,2019,10:30:00,1,93,93005,2,6,2,3,"LOUISE MICHEL (RUE)","48,9317300","2,5014600",201900022186,138 264 854,A01,3,1,0,2,2,2,5,NULL,201900022186,138 264 854,A01,1,1,4,1,1972,1,8,4,-1,-1," -1",-1,201900022186,4,"LOUISE MICHEL (RUE)",0,NULL,4,1,0,1,0,0,2,NULL,NULL,2,5,1,50
201900022186,15,11,2019,10:30:00,1,93,93005,2,6,2,3,"LOUISE MICHEL (RUE)","48,9317300","2,5014600",201900022186,138 264 854,A01,3,1,0,2,2,2,5,NULL,201900022186,138 264 855,B01,1,1,1,2,1992,2,1,0,-1,-1," -1",-1,201900022186,4,"LOUISE MICHEL (RUE)",0,NULL,4,1,0,1,0,0,2,NULL,NULL,2,5,1,50
201900024627,5,9,2019,21:44:00,5,64,64445,2,6,1,2,"BACHAGA BOUALAN","43,3131100"," -0,3685200",201900024627,138 260 021,B01,1,1,0,2,4,15,5,NULL,201900024627,138 260 020,A01,1,1,1,1,1992,5,1,0,-1,0,0,-1,201900024627,4,"BACHAGA BOUALAN",0,NULL,1,1,0,1,0,0,2,NULL,NULL,1,0,1,50
201900024627,5,9,2019,21:44:00,5,64,64445,2,6,1,2,"BACHAGA BOUALAN","43,3131100"," -0,3685200",201900024627,138 260 021,B01,1,1,0,2,4,15,5,NULL,201900024627,138 260 021,B01,1,1,4,1,1971,5,8,0,-1,0,0,-1,201900024627,4,"BACHAGA BOUALAN",0,NULL,1,1,0,1,0,0,2,NULL,NULL,1,0,1,50
201900024825,15,4,2019,17:25:00,1,75,75113,2,2,1,2,"RUE DE TOLBIAC","48,8259410","2,3452150",201900024825,138 259 625,B01,1,1,0,2,4,1,5,NULL,201900024825,138 259 624,A01,1,1,4,1,1993,5,0,0,-1,0,0,-1,201900024825,4,"RUE DE TOLBIAC",0,NULL,2,4,0,1,0,0,1,NULL,NULL,1,0,1,50
201900024825,15,4,2019,17:25:00,1,75,75113,2,2,1,2,"RUE DE TOLBIAC","48,8259410","2,3452150",201900024825,138 259 625,B01,1,1,0,2,4,1,5,NULL,201900024825,138 259 625,B01,1,1,4,1,1967,5,2,0,-1,0,0,-1,201900024825,4,"RUE DE TOLBIAC",0,NULL,2,4,0,1,0,0,1,NULL,NULL,1,0,1,50
201900027312,14,5,2019,11:25:00,1,51,51454,2,3,1,3,"CHEMIN DES COURTES MARTIN","49,2656300","4,0687000",201900027312,138 254 916,B01,1,1,0,2,1,16,5,NULL,201900027312,138 254 915,A01,1,1,1,2,1992,4,1,0,-1,-1,0,-1,201900027312,4,"CHEMIN DES COURTES MARTIN",0,NULL,2,2,0,1,0,0,1,NULL,NULL,1,0,1,50
201900027312,14,5,2019,11:25:00,1,51,51454,2,3,1,3,"CHEMIN DES COURTES MARTIN","49,2656300","4,0687000",201900027312,138 254 916,B01,1,1,0,2,1,16,5,NULL,201900027312,138 254 916,B01,1,1,4,1,2005,5,2,0,-1,-1,0,-1,201900027312,4,"CHEMIN DES COURTES MARTIN",0,NULL,2,2,0,1,0,0,1,NULL,NULL,1,0,1,50
201900028325,29,6,2019,10:20:00,1,73,73135,1,1,1,2,D1006,"45,2913907","6,3548136",201900028325,138 253 089,B01,0,1,0,2,6,2,5,NULL,201900028325,138 253 088,A01,1,1,1,2,1993,4,0,-1,-1,0,0,-1,201900028325,3,1006,0,NULL,2,2,0,1,107,700,1,NULL,NULL,1,0,1,80
201900028325,29,6,2019,10:20:00,1,73,73135,1,1,1,2,D1006,"45,2913907","6,3548136",201900028325,138 253 089,B01,0,1,0,2,6,2,5,NULL,201900028325,138 253 089,B01,1,1,3,1,1956,5,2,-1,-1,0,0,-1,201900028325,3,1006,0,NULL,2,2,0,1,107,700,1,NULL,NULL,1,0,1,80
201900030476,7,3,2019,18:30:00,2,75,75112,2,3,2,6,"BOULEVARD DIDEROT","48,8456820","2,3726780",201900030476,138 249 011,A01,1,1,0,1,1,1,5,NULL,201900030476,138 249 011,A01,1,1,1,2,1980,1,2,0,-1,0,0,-1,201900030476,4,"BOULEVARD DIDEROT",0,NULL,2,4,0,1,21,0,1,NULL,NULL,2,0,1,50
201900030476,7,3,2019,18:30:00,2,75,75112,2,3,2,6,"BOULEVARD DIDEROT","48,8456820","2,3726780",201900030476,138 249 011,A01,1,1,0,1,1,1,5,NULL,201900030476,138 249 011,A01,10,3,3,2,1937,5,8,0,-1,4,3,1,201900030476,4,"BOULEVARD DIDEROT",0,NULL,2,4,0,1,21,0,1,NULL,NULL,2,0,1,50
201900032035,2,9,2019,19:45:00,1,35,35238,2,1,1,7,"METZ (BD DE)","48,1213000"," -1,6622000",201900032035,138 246 111,A01,3,1,12,0,1,1,5,NULL,201900032035,138 246 111,A01,1,1,4,1,1997,9,8,0,-1,-1," -1",-1,201900032035,4,"METZ (BD DE)",0,NULL,2,4,0,1,0,0,1,NULL,NULL,1,0,1,50
201900032631,23,7,2019,15:30:00,1,67,67482,2,1,1,5,"RHIN (AVENUE DU)","48,5695960","7,7804700",201900032631,138 244 950,B01,2,1,0,2,3,19,5,NULL,201900032631,138 244 949,C01,1,1,1,1,1961,5,8,0,-1,-1,0,-1,201900032631,4,"RHIN (AVENUE DU)",0,NULL,2,4,0,1,0,0,1,NULL,NULL,1,0,1,50
201900032631,23,7,2019,15:30:00,1,67,67482,2,1,1,5,"RHIN (AVENUE DU)","48,5695960","7,7804700",201900032631,138 244 949,C01,2,1,0,2,6,19,5,NULL,201900032631,138 244 949,C01,1,1,1,1,1961,5,8,0,-1,-1,0,-1,201900032631,4,"RHIN (AVENUE DU)",0,NULL,2,4,0,1,0,0,1,NULL,NULL,1,0,1,50
201900032631,23,7,2019,15:30:00,1,67,67482,2,1,1,5,"RHIN (AVENUE DU)","48,5695960","7,7804700",201900032631,138 244 950,B01,2,1,0,2,3,19,5,NULL,201900032631,138 244 950,B01,1,1,4,1,1987,5,8,0,-1,-1,0,-1,201900032631,4,"RHIN (AVENUE DU)",0,NULL,2,4,0,1,0,0,1,NULL,NULL,1,0,1,50
201900032631,23,7,2019,15:30:00,1,67,67482,2,1,1,5,"RHIN (AVENUE DU)","48,5695960","7,7804700",201900032631,138 244 949,C01,2,1,0,2,6,19,5,NULL,201900032631,138 244 950,B01,1,1,4,1,1987,5,8,0,-1,-1,0,-1,201900032631,4,"RHIN (AVENUE DU)",0,NULL,2,4,0,1,0,0,1,NULL,NULL,1,0,1,50
201900032631,23,7,2019,15:30:00,1,67,67482,2,1,1,5,"RHIN (AVENUE DU)","48,5695960","7,7804700",201900032631,138 244 950,B01,2,1,0,2,3,19,5,NULL,201900032631,138 244 951,A01,1,1,4,1,1990,0,1,8,-1,-1,0,-1,201900032631,4,"RHIN (AVENUE DU)",0,NULL,2,4,0,1,0,0,1,NULL,NULL,1,0,1,50
201900032631,23,7,2019,15:30:00,1,67,67482,2,1,1,5,"RHIN (AVENUE DU)","48,5695960","7,7804700",201900032631,138 244 949,C01,2,1,0,2,6,19,5,NULL,201900032631,138 244 951,A01,1,1,4,1,1990,0,1,8,-1,-1,0,-1,201900032631,4,"RHIN (AVENUE DU)",0,NULL,2,4,0,1,0,0,1,NULL,NULL,1,0,1,50
201900032636,23,7,2019,15:10:00,1,64,64445,2,3,1,7,CORISANDE,"43,2965000"," -0,3752400",201900032636,138 244 940,A01,1,1,0,0,0,1,5,NULL,201900032636,138 244 940,A01,1,1,4,1,1992,4,8,0,-1,-1,0,-1,201900032636,4,CORISANDE,0,NULL,1,1,0,4,0,0,1,NULL,NULL,1,5,3,50
201900034944,5,11,2019,17:15:00,2,19,19031,2,6,8,3,"ROLLAND (RUE ROMAIN) A PARTIR DE N° 88 ","45,1588700","1,5114700",201900034944,138 240 454,A01,3,1,0,2,1,9,5,NULL,201900034944,138 240 454,A01,1,1,4,1,1969,0,8,0,-1,-1," -1",-1,201900034944,4,"ROLLAND (RUE ROMAIN) A PARTIR DE N° 88 ",0,NULL,2,2,0,1,0,0,2,NULL,NULL,1,0,1,50
201900034944,5,11,2019,17:15:00,2,19,19031,2,6,8,3,"ROLLAND (RUE ROMAIN) A PARTIR DE N° 88 ","45,1588700","1,5114700",201900034944,138 240 454,A01,3,1,0,2,1,9,5,NULL,201900034944,138 240 455,B01,1,1,1,2,1966,1,1,8,-1,-1," -1",-1,201900034944,4,"ROLLAND (RUE ROMAIN) A PARTIR DE N° 88 ",0,NULL,2,2,0,1,0,0,2,NULL,NULL,1,0,1,50
201900034955,6,11,2019,13:44:00,1,75,75118,2,2,1,3,"PLACE PAUL ELUARD","48,8902718","2,3599148",201900034955,138 240 428,B01,2,1,0,2,3,1,5,NULL,201900034955,138 240 428,B01,1,1,4,1,1985,4,2,0,-1,0,0,-1,201900034955,4,"RUE ORDENER",0,NULL,2,4,1,2,0,0,1,NULL,NULL,1,0,5,50
201900034955,6,11,2019,13:44:00,1,75,75118,2,2,1,3,"PLACE PAUL ELUARD","48,8902718","2,3599148",201900034955,138 240 428,B01,2,1,0,2,3,1,5,NULL,201900034955,138 240 429,A01,2,2,4,2,2000,5,2,6,-1,0,0,-1,201900034955,4,"RUE ORDENER",0,NULL,2,4,1,2,0,0,1,NULL,NULL,1,0,5,50
201900034955,6,11,2019,13:44:00,1,75,75118,2,2,1,3,"PLACE PAUL ELUARD","48,8902718","2,3599148",201900034955,138 240 428,B01,2,1,0,2,3,1,5,NULL,201900034955,138 240 429,A01,1,1,1,1,1985,5,2,6,-1,0,0,-1,201900034955,4,"RUE ORDENER",0,NULL,2,4,1,2,0,0,1,NULL,NULL,1,0,5,50
201900035220,5,10,2019,11:15:00,1,59,59449,2,1,1,1,"Rue de la Poterne","50,4725550","3,2477090",201900035220,138 239 950,B01,2,1,0,2,1,5,5,NULL,201900035220,138 239 949,A01,1,1,1,1,1992,1,1,-1,-1,0,0,-1,201900035220,3,953,NULL,NULL,1,1,0,1,(1),(1),1,NULL,NULL,1,0,1,50
201900035220,5,10,2019,11:15:00,1,59,59449,2,1,1,1,"Rue de la Poterne","50,4725550","3,2477090",201900035220,138 239 950,B01,2,1,0,2,1,5,5,NULL,201900035220,138 239 950,B01,1,1,4,1,1970,5,0,-1,-1,0,0,-1,201900035220,3,953,NULL,NULL,1,1,0,1,(1),(1),1,NULL,NULL,1,0,1,50
201900035591,1,9,2019,16:19:00,1,53,53226,2,1,1,3,"7 rue des lilas","48,2245060"," -0,9320710",201900035591,138 239 196,A01,3,1,0,2,1,1,5,NULL,201900035591,138 239 195,B01,1,1,1,2,1970,5,1,-1,-1,0,0,-1,201900035591,4,NULL,NULL,NULL,2,2,0,1,(1),(1),1,NULL,NULL,1,0,1,20
201900035591,1,9,2019,16:19:00,1,53,53226,2,1,1,3,"7 rue des lilas","48,2245060"," -0,9320710",201900035591,138 239 196,A01,3,1,0,2,1,1,5,NULL,201900035591,138 239 196,A01,1,1,4,2,2007,5,2,-1,-1,0,0,-1,201900035591,4,NULL,NULL,NULL,2,2,0,1,(1),(1),1,NULL,NULL,1,0,1,20
201900035833,9,4,2019,14:50:00,1,13,13209,2,1,1,7,"REDON (BOULEVARD DU)","43,2460400","5,4253700",201900035833,138 238 714,A01,1,1,12,0,1,1,5,NULL,201900035833,138 238 714,A01,1,1,3,1,1953,5,8,0,-1,-1," -1",-1,201900035833,4,"REDON (BOULEVARD DU)",0,NULL,2,2,0,1,0,0,1,NULL,NULL,1,0,1,50
201900038766,2,10,2019,17:50:00,1,94,94081,2,3,1,3,"MOULIN DE SAQUET (AV DU)","48,7907839","2,3809478",201900038766,138 233 233,B01,3,1,0,2,0,2,5,NULL,201900038766,138 233 233,B01,1,1,4,1,1995,0,2,8,-1,-1," -1",-1,201900038766,3,148,0,NULL,2,2,0,2,0,0,1,NULL,NULL,1,0,1,50
201900038936,17,1,2019,12:05:00,1,92,92012,2,1,1,2,"ANDRE MORIZET (AVENUE) 1/47 - 2/52","48,8350770","2,2411765",201900038936,138 232 890,A01,1,1,0,2,1,1,5,NULL,201900038936,138 232 889,B01,1,1,1,2,1975,0,8,0,-1,-1,0,-1,201900038936,3,50,0,NULL,2,2,0,1,20,0,1,NULL,NULL,2,0,1,50
201900038936,17,1,2019,12:05:00,1,92,92012,2,1,1,2,"ANDRE MORIZET (AVENUE) 1/47 - 2/52","48,8350770","2,2411765",201900038936,138 232 890,A01,1,1,0,2,1,1,5,NULL,201900038936,138 232 890,A01,1,1,3,1,1994,0,2,0,-1,-1,0,-1,201900038936,3,50,0,NULL,2,2,0,1,20,0,1,NULL,NULL,2,0,1,50