Num_Acc,jour,mois,an,hrmn,lum,dep,com,agg,int,atm,col,adr,lat,long,Num_Acc,id_vehicule,num_veh,senc,catv,obs,obsm,choc,manv,motor,occutc,Num_Acc,id_vehicule,num_veh,place,catu,grav,sexe,an_nais,trajet,secu1,secu2,secu3,locp,actp,etatp,Num_Acc,catr,voie,v1,v2,circ,nbv,vosp,prof,pr,pr1,plan,lartpc,larrout,surf,infra,situ,vma
201900039285,26,8,2019,12:20:00,1,75,75115,2,1,1,6,"BOULEVARD VICTOR","48,8351880","2,2815510",201900039285,138 232 236,A01,1,1,12,0,0,14,5,NULL,201900039285,138 232 236,A01,1,1,4,2,1987,0,2,0,-1,0,0,-1,201900039285,4,"BOULEVARD VICTOR",0,NULL,3,2,1,1,0,0,1,NULL,NULL,1,0,5,50
201900041137,28,8,2019,00:30:00,5,75,75113,2,1,1,1,"QUAI D AUSTERLITZ","48,8409524","2,3692435",201900041137,138 228 834,A01,1,1,0,2,1,1,5,NULL,201900041137,138 228 833,B01,1,1,4,1,2001,5,2,0,-1,0,0,-1,201900041137,4,"QUAI D AUSTERLITZ",0,NULL,2,2,1,1,0,0,1,NULL,NULL,1,0,5,30
201900041137,28,8,2019,00:30:00,5,75,75113,2,1,1,1,"QUAI D AUSTERLITZ","48,8409524","2,3692435",201900041137,138 228 833,B01,2,1,0,2,1,13,5,NULL,201900041137,138 228 833,B01,1,1,4,1,2001,5,2,0,-1,0,0,-1,201900041137,4,"QUAI D AUSTERLITZ",0,NULL,2,2,1,1,0,0,1,NULL,NULL,1,0,5,30
201900041137,28,8,2019,00:30:00,5,75,75113,2,1,1,1,"QUAI D AUSTERLITZ","48,8409524","2,3692435",201900041137,138 228 834,A01,1,1,0,2,1,1,5,NULL,201900041137,138 228 834,A01,1,1,4,2,1980,1,2,0,-1,0,0,-1,201900041137,4,"QUAI D AUSTERLITZ",0,NULL,2,2,1,1,0,0,1,NULL,NULL,1,0,5,30
201900041137,28,8,2019,00:30:00,5,75,75113,2,1,1,1,"QUAI D AUSTERLITZ","48,8409524","2,3692435",201900041137,138 228 833,B01,2,1,0,2,1,13,5,NULL,201900041137,138 228 834,A01,1,1,4,2,1980,1,2,0,-1,0,0,-1,201900041137,4,"QUAI D AUSTERLITZ",0,NULL,2,2,1,1,0,0,1,NULL,NULL,1,0,5,30
201900041413,4,4,2019,09:43:00,1,92,92048,2,1,1,7,"JEAN JAURES (AVENUE) N° 8 A 72","48,8097400","2,2425400",201900041413,138 228 321,A01,2,1,0,0,0,0,0,NULL,201900041413,138 228 321,A01,1,1,4,2,1962,1,2,4,-1,-1," -1",-1,201900041413,4,"JEAN JAURES (AVENUE) N° 8 A 72",0,NULL,2,2,0,1,0,0,1,NULL,NULL,1,0,1,50
201900043662,8,12,2019,05:50:00,5,71,71475,2,1,2,7,"AUGUSTE MARTIN (RUE)","46,7640000","4,8380000",201900043662,138 224 079,A01,2,1,0,0,7,1,5,NULL,201900043662,138 224 079,A01,1,1,4,1,1993,5,8,0,-1,-1," -1",-1,201900043662,4,"AUGUSTE MARTIN (RUE)",0,NULL,2,1,1,1,0,0,1,NULL,NULL,2,2,1,30
201900044970,2,4,2019,12:21:00,1,75,75115,2,2,1,6,"RUE BRANCION","48,8321370","2,3029730",201900044970,138 221 539,A01,1,1,0,2,0,1,5,NULL,201900044970,138 221 538,Z01,2,2,1,1,2003,5,2,0,-1,0,0,-1,201900044970,4,"RUE BRANCION",0,NULL,1,1,0,1,0,0,1,NULL,NULL,1,0,1,30
201900044970,2,4,2019,12:21:00,1,75,75115,2,2,1,6,"RUE BRANCION","48,8321370","2,3029730",201900044970,138 221 539,A01,1,1,0,2,0,1,5,NULL,201900044970,138 221 538,Z01,1,1,1,1,2002,5,2,0,-1,0,0,-1,201900044970,4,"RUE BRANCION",0,NULL,1,1,0,1,0,0,1,NULL,NULL,1,0,1,30
201900044970,2,4,2019,12:21:00,1,75,75115,2,2,1,6,"RUE BRANCION","48,8321370","2,3029730",201900044970,138 221 539,A01,1,1,0,2,0,1,5,NULL,201900044970,138 221 538,Z01,10,3,4,1,1972,4,0,0,0,1,9,1,201900044970,4,"RUE BRANCION",0,NULL,1,1,0,1,0,0,1,NULL,NULL,1,0,1,30
201900044970,2,4,2019,12:21:00,1,75,75115,2,2,1,6,"RUE BRANCION","48,8321370","2,3029730",201900044970,138 221 539,A01,1,1,0,2,0,1,5,NULL,201900044970,138 221 539,A01,1,1,4,1,1993,4,2,0,-1,0,0,-1,201900044970,4,"RUE BRANCION",0,NULL,1,1,0,1,0,0,1,NULL,NULL,1,0,1,30
201900044986,2,4,2019,09:25:00,1,94,94081,2,9,8,3,"GABRIEL PERI (R)","48,7980000","2,3990000",201900044986,138 221 509,B01,2,1,0,0,0,0,5,NULL,201900044986,138 221 509,B01,1,1,3,2,1969,0,8,0,-1,-1," -1",-1,201900044986,4,"GABRIEL PERI (R)",0,NULL,2,1,0,1,0,0,1,NULL,NULL,1,0,1,50
201900044986,2,4,2019,09:25:00,1,94,94081,2,9,8,3,"GABRIEL PERI (R)","48,7980000","2,3990000",201900044986,138 221 509,B01,2,1,0,0,0,0,5,NULL,201900044986,138 221 510,A01,1,1,1,1,1968,4,1,0,-1,-1," -1",-1,201900044986,4,"GABRIEL PERI (R)",0,NULL,2,1,0,1,0,0,1,NULL,NULL,1,0,1,50
201900046994,15,7,2019,14:55:00,1,56,56121,2,6,1,3,"LENINE ( AVENUE )","47,7617200"," -3,3758800",201900046994,138 217 646,A01,1,1,0,2,1,9,5,NULL,201900046994,138 217 645,B01,1,1,1,1,1934,5,1,8,-1,0,0,-1,201900046994,4,"LENINE ( AVENUE )",0,NULL,1,0,0,1,(1),(1),3,NULL,NULL,1,5,1,50
201900046994,15,7,2019,14:55:00,1,56,56121,2,6,1,3,"LENINE ( AVENUE )","47,7617200"," -3,3758800",201900046994,138 217 646,A01,1,1,0,2,1,9,5,NULL,201900046994,138 217 646,A01,1,1,4,1,2004,0,8,0,-1,0,0,-1,201900046994,4,"LENINE ( AVENUE )",0,NULL,1,0,0,1,(1),(1),3,NULL,NULL,1,5,1,50
201900048445,23,8,2019,12:55:00,1,59,59352,2,9,1,3,"CASTELNAU (RUE)","50,7369600","3,0737000",201900048445,138 214 959,B01,1,1,0,2,1,1,5,NULL,201900048445,138 214 959,B01,1,1,3,1,1981,5,2,6,-1,-1," -1",-1,201900048445,4,"CASTELNAU (RUE)",0,NULL,2,2,0,2,0,0,1,NULL,NULL,1,0,1,50
201900048445,23,8,2019,12:55:00,1,59,59352,2,9,1,3,"CASTELNAU (RUE)","50,7369600","3,0737000",201900048445,138 214 959,B01,1,1,0,2,1,1,5,NULL,201900048445,138 214 960,A01,1,1,1,1,1929,5,1,0,-1,-1," -1",-1,201900048445,4,"CASTELNAU (RUE)",0,NULL,2,2,0,2,0,0,1,NULL,NULL,1,0,1,50
201900048984,15,5,2019,15:15:00,1,56,56177,2,3,1,6,"Rue de Penn Prat","47,7827750"," -3,0127720",201900048984,138 213 998,A01,3,1,0,1,1,16,5,NULL,201900048984,138 213 998,A01,10,3,1,1,1982,5,0,-1,-1,1,2,1,201900048984,4,"Rue de Penn Prat",0,NULL,2,2,0,1,(1),(1),3,NULL,NULL,1,1,1,50
201900048984,15,5,2019,15:15:00,1,56,56177,2,3,1,6,"Rue de Penn Prat","47,7827750"," -3,0127720",201900048984,138 213 998,A01,3,1,0,1,1,16,5,NULL,201900048984,138 213 998,A01,1,1,2,1,1983,5,0,-1,-1,0,0,-1,201900048984,4,"Rue de Penn Prat",0,NULL,2,2,0,1,(1),(1),3,NULL,NULL,1,1,1,50
201900049443,13,6,2019,19:00:00,1,44,44162,2,1,1,3,"BOULEVARD SALVADOR ALLENDE","47,2208100"," -1,6299800",201900049443,138 213 147,B01,1,1,0,2,8,1,5,NULL,201900049443,138 213 147,B01,1,1,4,1,1977,1,2,0,-1,0,0,-1,201900049443,4,NULL,0,NULL,1,0,1,1,1,0,1,NULL,NULL,1,0,1,50
201900049443,13,6,2019,19:00:00,1,44,44162,2,1,1,3,"BOULEVARD SALVADOR ALLENDE","47,2208100"," -1,6299800",201900049443,138 213 147,B01,1,1,0,2,8,1,5,NULL,201900049443,138 213 148,A01,1,1,1,2,1993,1,1,0,-1,0,0,-1,201900049443,4,NULL,0,NULL,1,0,1,1,1,0,1,NULL,NULL,1,0,1,50
201900051218,17,5,2019,08:30:00,1,33,33063,2,2,2,6,"BD DU PRESIDENT WILSON","44,8365990"," -0,5988884",201900051218,138 209 853,A01,2,1,0,2,0,1,5,NULL,201900051218,138 209 853,A01,1,1,1,2,1987,0,8,0,-1,0,0,-1,201900051218,4,"BD DU PRESIDENT WILSON",0,NULL,3,7,2,1,0,0,1,NULL,NULL,2,0,1,40
201900051218,17,5,2019,08:30:00,1,33,33063,2,2,2,6,"BD DU PRESIDENT WILSON","44,8365990"," -0,5988884",201900051218,138 209 853,A01,2,1,0,2,0,1,5,NULL,201900051218,138 209 854,B01,1,1,4,2,1968,0,8,0,-1,0,0,-1,201900051218,4,"BD DU PRESIDENT WILSON",0,NULL,3,7,2,1,0,0,1,NULL,NULL,2,0,1,40
201900052472,11,7,2019,16:50:00,1,51,51506,2,1,1,3,"AVENUE DU PRESIDENT ROOSEVELT","48,9449765","4,3826167",201900052472,138 207 397,B01,1,1,0,2,8,1,5,NULL,201900052472,138 207 397,B01,1,1,3,1,1933,5,8,0,-1,-1,0,-1,201900052472,3,1,0,NULL,3,2,0,1,(1),(1),1,NULL,NULL,1,9,1,50
201900052472,11,7,2019,16:50:00,1,51,51506,2,1,1,3,"AVENUE DU PRESIDENT ROOSEVELT","48,9449765","4,3826167",201900052472,138 207 397,B01,1,1,0,2,8,1,5,NULL,201900052472,138 207 398,A01,1,1,1,2,1965,5,1,0,-1,-1,0,-1,201900052472,3,1,0,NULL,3,2,0,1,(1),(1),1,NULL,NULL,1,9,1,50
201900052745,28,11,2019,12:20:00,1,33,33063,2,2,1,3,"RUE CAPDEVILLE","44,8441700"," -0,5889100",201900052745,138 206 864,A01,1,1,0,2,1,15,5,NULL,201900052745,138 206 863,B01,1,1,1,2,1974,0,8,0,-1,-1," -1",-1,201900052745,4,"RUE CAPDEVILLE",0,NULL,2,2,0,1,(1),(1),1,NULL,NULL,1,5,1,50
201900052745,28,11,2019,12:20:00,1,33,33063,2,2,1,3,"RUE CAPDEVILLE","44,8441700"," -0,5889100",201900052745,138 206 864,A01,1,1,0,2,1,15,5,NULL,201900052745,138 206 864,A01,1,1,4,1,1943,5,8,0,-1,-1," -1",-1,201900052745,4,"RUE CAPDEVILLE",0,NULL,2,2,0,1,(1),(1),1,NULL,NULL,1,5,1,50
201900052800,9,4,2019,15:25:00,1,54,54055,1,1,1,3,"Moulin d'Ecorse","49,0156880","6,0005890",201900052800,138 206 776,B01,1,1,0,2,7,1,5,NULL,201900052800,138 206 776,B01,1,1,3,1,1947,5,2,-1,-1,0,0,-1,201900052800,3,952,NULL,NULL,2,2,0,1,70,200,1,NULL,NULL,1,0,1,70
201900052800,9,4,2019,15:25:00,1,54,54055,1,1,1,3,"Moulin d'Ecorse","49,0156880","6,0005890",201900052800,138 206 776,B01,1,1,0,2,7,1,5,NULL,201900052800,138 206 777,A01,1,1,1,1,1959,0,1,-1,-1,0,0,-1,201900052800,3,952,NULL,NULL,2,2,0,1,70,200,1,NULL,NULL,1,0,1,70
201900052893,14,4,2019,11:10:00,1,73,73151,1,2,1,3,rd1006,"45,5073092","6,0236289",201900052893,138 206 586,B01,1,1,0,2,7,19,5,NULL,201900052893,138 206 585,A01,1,1,1,1,1996,0,1,-1,-1,0,0,-1,201900052893,3,1006,0,NULL,2,2,0,1,49,750,1,NULL,NULL,1,0,1,80
201900052893,14,4,2019,11:10:00,1,73,73151,1,2,1,3,rd1006,"45,5073092","6,0236289",201900052893,138 206 586,B01,1,1,0,2,7,19,5,NULL,201900052893,138 206 586,B01,1,1,3,1,1950,5,2,-1,-1,0,0,-1,201900052893,3,1006,0,NULL,2,2,0,1,49,750,1,NULL,NULL,1,0,1,80
201900057746,21,9,2019,12:50:00,1,37,37122,2,1,1,3,"CHINON (BOULEVARD DE)","47,3520136","0,6867943",201900057746,138 197 607,B01,3,1,0,2,0,0,6,NULL,201900057746,138 197 607,B01,1,1,4,1,1972,0,2,0,-1,-1," -1",-1,201900057746,4,"CHINON (BOULEVARD DE)",0,NULL,2,1,1,3,1,0,3,NULL,NULL,1,5,5,50
201900057746,21,9,2019,12:50:00,1,37,37122,2,1,1,3,"CHINON (BOULEVARD DE)","47,3520136","0,6867943",201900057746,138 197 607,B01,3,1,0,2,0,0,6,NULL,201900057746,138 197 609,A01,1,1,1,1,1969,0,2,0,-1,-1," -1",-1,201900057746,4,"CHINON (BOULEVARD DE)",0,NULL,2,1,1,3,1,0,3,NULL,NULL,1,5,5,50
201900057746,21,9,2019,12:50:00,1,37,37122,2,1,1,3,"CHINON (BOULEVARD DE)","47,3520136","0,6867943",201900057746,138 197 607,B01,3,1,0,2,0,0,6,NULL,201900057746,138 197 609,A01,2,2,4,1,1972,0,2,0,-1,-1," -1",-1,201900057746,4,"CHINON (BOULEVARD DE)",0,NULL,2,1,1,3,1,0,3,NULL,NULL,1,5,5,50
201900010875,2,7,2019,14:35:00,1,75,75109,2,1,1,3,"RUE LA FAYETTE","48,8732280","2,3338920",201900010875,138 286 272,A01,1,1,0,2,8,13,5,NULL,201900010875,138 286 271,B01,1,1,1,1,1992,9,1,0,-1,0,0,-1,201900010875,4,"RUE LA FAYETTE",0,NULL,1,2,0,1,0,0,1,NULL,NULL,1,0,1,50
201900010875,2,7,2019,14:35:00,1,75,75109,2,1,1,3,"RUE LA FAYETTE","48,8732280","2,3338920",201900010875,138 286 272,A01,1,1,0,2,8,13,5,NULL,201900010875,138 286 272,A01,1,1,4,2,1962,9,2,0,-1,0,0,-1,201900010875,4,"RUE LA FAYETTE",0,NULL,1,2,0,1,0,0,1,NULL,NULL,1,0,1,50
201900010922,4,7,2019,13:28:00,1,93,93051,2,9,1,3,"JULES FERRY (NR PAIRS )","48,8456300","2,5727300",201900010922,138 286 191,B01,1,1,0,2,8,1,0,NULL,201900010922,138 286 190,A01,1,1,1,1,1970,0,1,0,-1,-1," -1",-1,201900010922,6,"JULES FERRY (NR PAIRS )",0,NULL,-1,1,1,1,0,0,1,NULL,NULL,1,0,3,30
201900010922,4,7,2019,13:28:00,1,93,93051,2,9,1,3,"JULES FERRY (NR PAIRS )","48,8456300","2,5727300",201900010922,138 286 191,B01,1,1,0,2,8,1,0,NULL,201900010922,138 286 191,B01,1,1,4,1,1967,0,8,0,-1,-1," -1",-1,201900010922,6,"JULES FERRY (NR PAIRS )",0,NULL,-1,1,1,1,0,0,1,NULL,NULL,1,0,3,30
201900012113,25,4,2019,19:50:00,1,75,75112,2,2,1,3,"RUE DE CHARENTON","48,8464450","2,3789420",201900012113,138 283 921,B01,2,1,0,2,1,1,5,NULL,201900012113,138 283 920,A01,1,1,1,1,1959,1,1,0,-1,0,0,-1,201900012113,4,"RUE DE CHARENTON",0,NULL,1,1,0,1,0,0,1,NULL,NULL,1,0,5,50
201900012113,25,4,2019,19:50:00,1,75,75112,2,2,1,3,"RUE DE CHARENTON","48,8464450","2,3789420",201900012113,138 283 921,B01,2,1,0,2,1,1,5,NULL,201900012113,138 283 921,B01,1,1,4,1,1993,5,2,0,-1,0,0,-1,201900012113,4,"RUE DE CHARENTON",0,NULL,1,1,0,1,0,0,1,NULL,NULL,1,0,5,50
201900012690,5,7,2019,18:20:00,1,68,68082,2,4,1,3,"16 Rue du 6 Fevrier","47,8714290","7,3518330",201900012690,138 282 830,B01,1,1,0,0,6,1,5,NULL,201900012690,138 282 830,B01,1,1,4,1,1970,0,0,-1,-1,0,0,-1,201900012690,3,2,NULL,NULL,2,2,1,1,(1),(1),1,NULL,NULL,1,5,8,50
201900017504,21,4,2019,10:45:00,1,21,21496,1,1,1,5,"D 959","47,3015010","5,4457780",201900017504,138 273 686,A01,2,1,0,2,3,17,5,NULL,201900017504,138 273 684,C01,1,1,1,2,1948,0,1,-1,-1,0,0,-1,201900017504,3,959,0,NULL,2,2,0,1,81,200,1,NULL,NULL,1,0,1,80
201900017504,21,4,2019,10:45:00,1,21,21496,1,1,1,5,"D 959","47,3015010","5,4457780",201900017504,138 273 686,A01,2,1,0,2,3,17,5,NULL,201900017504,138 273 686,A01,1,1,3,1,2001,5,2,-1,-1,0,0,-1,201900017504,3,959,0,NULL,2,2,0,1,81,200,1,NULL,NULL,1,0,1,80
201900018804,1,2,2019,19:10:00,5,75,75114,2,2,2,6,"RUE GIORDANO BRUNO","48,8261800","2,3195830",201900018804,138 271 277,A01,2,1,0,2,7,19,5,NULL,201900018804,138 271 277,A01,1,1,4,1,1948,5,8,0,-1,0,0,-1,201900018804,4,"RUE GIORDANO BRUNO",0,NULL,1,1,0,1,0,0,1,NULL,NULL,2,5,1,50
201900021399,30,6,2019,15:45:00,1,11,11088,1,1,1,7,CD56,"43,1707360","2,3503610",201900021399,138 266 373,A01,3,1,0,0,1,1,5,NULL,201900021399,138 266 373,A01,1,1,2,1,1957,5,0,-1,-1,0,0,-1,201900021399,3,56,0,NULL,2,2,0,2,25,400,1,NULL,NULL,1,0,1,70
201900022238,26,12,2019,11:30:00,1,59,59411,2,1,1,5,"Rue du Moulin","50,4805460","3,0981660",201900022238,138 264 765,C01,2,1,1,2,1,1,5,NULL,201900022238,138 264 763,A01,1,1,1,1,1992,5,0,-1,-1,0,0,-1,201900022238,3,954,0,NULL,2,2,0,1,(1),(1),1,NULL,NULL,1,0,1,30
201900022238,26,12,2019,11:30:00,1,59,59411,2,1,1,5,"Rue du Moulin","50,4805460","3,0981660",201900022238,138 264 764,B01,2,1,0,2,1,1,5,NULL,201900022238,138 264 763,A01,1,1,1,1,1992,5,0,-1,-1,0,0,-1,201900022238,3,954,0,NULL,2,2,0,1,(1),(1),1,NULL,NULL,1,0,1,30
201900022238,26,12,2019,11:30:00,1,59,59411,2,1,1,5,"Rue du Moulin","50,4805460","3,0981660",201900022238,138 264 765,C01,2,1,1,2,1,1,5,NULL,201900022238,138 264 764,B01,1,1,3,1,1967,5,2,-1,-1,0,0,-1,201900022238,3,954,0,NULL,2,2,0,1,(1),(1),1,NULL,NULL,1,0,1,30
201900022238,26,12,2019,11:30:00,1,59,59411,2,1,1,5,"Rue du Moulin","50,4805460","3,0981660",201900022238,138 264 764,B01,2,1,0,2,1,1,5,NULL,201900022238,138 264 764,B01,1,1,3,1,1967,5,2,-1,-1,0,0,-1,201900022238,3,954,0,NULL,2,2,0,1,(1),(1),1,NULL,NULL,1,0,1,30
201900022238,26,12,2019,11:30:00,1,59,59411,2,1,1,5,"Rue du Moulin","50,4805460","3,0981660",201900022238,138 264 765,C01,2,1,1,2,1,1,5,NULL,201900022238,138 264 765,C01,1,1,4,1,1992,5,2,-1,-1,0,0,-1,201900022238,3,954,0,NULL,2,2,0,1,(1),(1),1,NULL,NULL,1,0,1,30
201900022238,26,12,2019,11:30:00,1,59,59411,2,1,1,5,"Rue du Moulin","50,4805460","3,0981660",201900022238,138 264 764,B01,2,1,0,2,1,1,5,NULL,201900022238,138 264 765,C01,1,1,4,1,1992,5,2,-1,-1,0,0,-1,201900022238,3,954,0,NULL,2,2,0,1,(1),(1),1,NULL,NULL,1,0,1,30
201900025508,14,5,2019,17:10:00,1,63,63113,2,1,1,2,"LAFAYETTE (BD)","45,7731000","3,0957000",201900025508,138 258 353,A01,1,1,0,2,1,2,6,NULL,201900025508,138 258 352,B01,1,1,1,2,1957,0,1,0,-1,0,0,-1,201900025508,4,"LAFAYETTE (BD)",0,NULL,2,2,0,1,(1),(1),1,NULL,NULL,1,0,1,50
201900025508,14,5,2019,17:10:00,1,63,63113,2,1,1,2,"LAFAYETTE (BD)","45,7731000","3,0957000",201900025508,138 258 353,A01,1,1,0,2,1,2,6,NULL,201900025508,138 258 353,A01,1,1,4,1,2001,0,8,0,-1,0,0,-1,201900025508,4,"LAFAYETTE (BD)",0,NULL,2,2,0,1,(1),(1),1,NULL,NULL,1,0,1,50
201900026386,5,9,2019,08:45:00,1,75,75117,2,5,1,3,"BOULEVARD BERTHIER","48,8864680","2,2957700",201900026386,138 256 626,B01,1,1,0,2,1,1,5,NULL,201900026386,138 256 625,A01,1,1,1,1,1981,1,1,0,-1,0,0,-1,201900026386,4,"BOULEVARD BERTHIER",0,NULL,3,2,0,1,0,0,1,NULL,NULL,1,0,1,50
201900026386,5,9,2019,08:45:00,1,75,75117,2,5,1,3,"BOULEVARD BERTHIER","48,8864680","2,2957700",201900026386,138 256 626,B01,1,1,0,2,1,1,5,NULL,201900026386,138 256 626,B01,1,1,4,2,1997,2,2,8,-1,0,0,-1,201900026386,4,"BOULEVARD BERTHIER",0,NULL,3,2,0,1,0,0,1,NULL,NULL,1,0,1,50
201900027187,30,1,2019,07:30:00,2,54,54395,2,1,1,6,"GAMBETTA (RUE)","48,6922450","6,1806060",201900027187,138 255 175,B01,1,1,0,2,0,0,5,NULL,201900027187,138 255 175,B01,1,1,4,2,1998,0,2,0,-1,-1,0,-1,201900027187,4,"GAMBETTA (RUE)",0,NULL,-1,1,0,1,0,0,1,NULL,NULL,1,0,1,50
201900027187,30,1,2019,07:30:00,2,54,54395,2,1,1,6,"GAMBETTA (RUE)","48,6922450","6,1806060",201900027187,138 255 175,B01,1,1,0,2,0,0,5,NULL,201900027187,138 255 176,A01,1,1,1,1,1964,0,1,0,-1,-1,0,-1,201900027187,4,"GAMBETTA (RUE)",0,NULL,-1,1,0,1,0,0,1,NULL,NULL,1,0,1,50
201900027477,12,11,2019,18:00:00,5,37,37261,2,1,9,6,"DESMOULINS (RUE CAMILLE)","47,3868400","0,6993900",201900027477,138 254 628,B01,3,1,0,2,8,1,0,NULL,201900027477,138 254 628,B01,1,1,4,1,1994,1,8,0,-1,-1," -1",-1,201900027477,4,"DESMOULINS (RUE CAMILLE)",0,NULL,2,2,0,1,0,0,1,NULL,NULL,2,9,1,50
201900027477,12,11,2019,18:00:00,5,37,37261,2,1,9,6,"DESMOULINS (RUE CAMILLE)","47,3868400","0,6993900",201900027477,138 254 628,B01,3,1,0,2,8,1,0,NULL,201900027477,138 254 629,A01,1,1,1,1,1948,5,1,8,-1,-1," -1",-1,201900027477,4,"DESMOULINS (RUE CAMILLE)",0,NULL,2,2,0,1,0,0,1,NULL,NULL,2,9,1,50
201900031120,9,11,2019,03:30:00,5,35,35238,2,1,1,7,SAINT-HELIER,"48,1063800"," -1,6682100",201900031120,138 247 823,A01,3,1,0,0,0,0,5,NULL,201900031120,138 247 823,A01,1,1,3,1,1994,5,8,0,-1,-1,0,-1,201900031120,4,SAINT-HELIER,0,NULL,2,0,0,1,0,0,1,NULL,NULL,1,0,1,50
201900033339,4,10,2019,18:45:00,1,75,75115,2,3,1,3,"BOULEVARD GENERAL MARTIAL VALIN","48,8383398","2,2707986",201900033339,138 243 553,B01,1,1,0,2,7,17,5,NULL,201900033339,138 243 552,A01,1,1,1,1,2000,0,8,2,-1,0,0,-1,201900033339,4,"BOULEVARD GENERAL MARTIAL VALIN",0,NULL,1,3,1,2,0,0,1,NULL,NULL,1,0,5,50
201900033339,4,10,2019,18:45:00,1,75,75115,2,3,1,3,"BOULEVARD GENERAL MARTIAL VALIN","48,8383398","2,2707986",201900033339,138 243 552,A01,1,1,0,2,8,13,5,NULL,201900033339,138 243 552,A01,1,1,1,1,2000,0,8,2,-1,0,0,-1,201900033339,4,"BOULEVARD GENERAL MARTIAL VALIN",0,NULL,1,3,1,2,0,0,1,NULL,NULL,1,0,5,50
201900033339,4,10,2019,18:45:00,1,75,75115,2,3,1,3,"BOULEVARD GENERAL MARTIAL VALIN","48,8383398","2,2707986",201900033339,138 243 553,B01,1,1,0,2,7,17,5,NULL,201900033339,138 243 553,B01,1,1,4,1,1970,5,2,8,-1,0,0,-1,201900033339,4,"BOULEVARD GENERAL MARTIAL VALIN",0,NULL,1,3,1,2,0,0,1,NULL,NULL,1,0,5,50
201900033339,4,10,2019,18:45:00,1,75,75115,2,3,1,3,"BOULEVARD GENERAL MARTIAL VALIN","48,8383398","2,2707986",201900033339,138 243 552,A01,1,1,0,2,8,13,5,NULL,201900033339,138 243 553,B01,1,1,4,1,1970,5,2,8,-1,0,0,-1,201900033339,4,"BOULEVARD GENERAL MARTIAL VALIN",0,NULL,1,3,1,2,0,0,1,NULL,NULL,1,0,5,50
201900034108,8,4,2019,09:30:00,1,31,31263,2,2,1,3,"Rue du Pont de Mont Merly","43,4080260","1,3856430",201900034108,138 242 092,B01,3,1,0,2,1,1,5,NULL,201900034108,138 242 092,B01,1,1,3,2,1961,5,2,-1,-1,0,0,-1,201900034108,3,74,0,D,2,2,0,1,(1),(1),1,NULL,NULL,1,5,1,50
201900034108,8,4,2019,09:30:00,1,31,31263,2,2,1,3,"Rue du Pont de Mont Merly","43,4080260","1,3856430",201900034108,138 242 092,B01,3,1,0,2,1,1,5,NULL,201900034108,138 242 093,A01,1,1,1,1,1990,1,1,-1,-1,0,0,-1,201900034108,3,74,0,D,2,2,0,1,(1),(1),1,NULL,NULL,1,5,1,50
201900038601,30,10,2019,14:00:00,1,51,51454,2,3,1,1,"PLACE D'ERLON","49,2571400","4,0258400",201900038601,138 233 536,B01,1,1,0,2,2,9,0,NULL,201900038601,138 233 535,A01,2,2,1,2,1998,3,1,5,-1,-1,0,-1,201900038601,4,"PLACE D'ERLON",0,NULL,-1,1,0,1,(1),(1),1,NULL,NULL,1,6,1,30
201900038601,30,10,2019,14:00:00,1,51,51454,2,3,1,1,"PLACE D'ERLON","49,2571400","4,0258400",201900038601,138 233 536,B01,1,1,0,2,2,9,0,NULL,201900038601,138 233 535,A01,1,1,1,2,1959,3,1,5,-1,-1,0,-1,201900038601,4,"PLACE D'ERLON",0,NULL,-1,1,0,1,(1),(1),1,NULL,NULL,1,6,1,30
201900038601,30,10,2019,14:00:00,1,51,51454,2,3,1,1,"PLACE D'ERLON","49,2571400","4,0258400",201900038601,138 233 536,B01,1,1,0,2,2,9,0,NULL,201900038601,138 233 536,B01,1,1,4,1,1987,0,8,0,-1,-1,0,-1,201900038601,4,"PLACE D'ERLON",0,NULL,-1,1,0,1,(1),(1),1,NULL,NULL,1,6,1,30
201900038786,2,10,2019,19:57:00,5,92,92075,2,1,1,6,"FRERES VIGOUROUX (RUE DES)","48,8142800","2,2781600",201900038786,138 233 202,A01,2,1,0,1,1,19,5,NULL,201900038786,138 233 202,A01,10,3,4,2,2004,9,8,0,-1,4,3,1,201900038786,7,"FRERES VIGOUROUX (RUE DES)",0,NULL,2,2,0,2,0,0,1,NULL,NULL,1,0,1,50
201900038786,2,10,2019,19:57:00,5,92,92075,2,1,1,6,"FRERES VIGOUROUX (RUE DES)","48,8142800","2,2781600",201900038786,138 233 202,A01,2,1,0,1,1,19,5,NULL,201900038786,138 233 202,A01,1,1,4,1,1978,9,8,0,-1,-1,0,-1,201900038786,7,"FRERES VIGOUROUX (RUE DES)",0,NULL,2,2,0,2,0,0,1,NULL,NULL,1,0,1,50
201900039226,27,8,2019,11:05:00,1,13,13005,1,1,1,6,"CD 2 (CAMP MAJOR)","43,2878100","5,5279000",201900039226,138 232 345,B01,1,1,0,2,8,13,5,NULL,201900039226,138 232 344,A01,1,1,1,2,2000,9,1,0,-1,-1," -1",-1,201900039226,3,2,0,NULL,2,2,0,1,0,0,1,NULL,NULL,1,0,1,70
201900039226,27,8,2019,11:05:00,1,13,13005,1,1,1,6,"CD 2 (CAMP MAJOR)","43,2878100","5,5279000",201900039226,138 232 345,B01,1,1,0,2,8,13,5,NULL,201900039226,138 232 345,B01,1,1,3,2,1946,5,2,0,-1,0,0,-1,201900039226,3,2,0,NULL,2,2,0,1,0,0,1,NULL,NULL,1,0,1,70