Num_Acc,jour,mois,an,hrmn,lum,dep,com,agg,int,atm,col,adr,lat,long,Num_Acc,id_vehicule,num_veh,senc,catv,obs,obsm,choc,manv,motor,occutc,Num_Acc,id_vehicule,num_veh,place,catu,grav,sexe,an_nais,trajet,secu1,secu2,secu3,locp,actp,etatp,Num_Acc,catr,voie,v1,v2,circ,nbv,vosp,prof,pr,pr1,plan,lartpc,larrout,surf,infra,situ,vma
201900039936,11,12,2019,07:35:00,5,37,37195,2,2,2,2,"PRIEURE (AVENUE DU)","47,3828954","0,6544757",201900039936,138 230 998,A01,2,1,0,2,4,5,5,NULL,201900039936,138 230 997,B01,1,1,1,2,1980,1,1,8,-1,-1,0,-1,201900039936,4,"PRIEURE (AVENUE DU)",0,NULL,2,2,0,1,0,0,2,NULL,NULL,2,0,1,50
201900039936,11,12,2019,07:35:00,5,37,37195,2,2,2,2,"PRIEURE (AVENUE DU)","47,3828954","0,6544757",201900039936,138 230 998,A01,2,1,0,2,4,5,5,NULL,201900039936,138 230 998,A01,1,1,4,1,1997,1,8,0,-1,-1,0,-1,201900039936,4,"PRIEURE (AVENUE DU)",0,NULL,2,2,0,1,0,0,2,NULL,NULL,2,0,1,50
201900040091,14,5,2019,19:05:00,1,75,75102,2,1,1,3,"BOULEVARD DE BONNE NOUVELLE","48,8699140","2,3516050",201900040091,138 230 733,B01,1,1,0,2,4,13,5,NULL,201900040091,138 230 732,A01,1,1,1,1,1963,1,2,6,-1,0,0,-1,201900040091,4,"BOULEVARD DE BONNE NOUVELLE",0,NULL,1,3,0,1,0,0,1,NULL,NULL,1,0,1,50
201900040091,14,5,2019,19:05:00,1,75,75102,2,1,1,3,"BOULEVARD DE BONNE NOUVELLE","48,8699140","2,3516050",201900040091,138 230 733,B01,1,1,0,2,4,13,5,NULL,201900040091,138 230 733,B01,1,1,4,1,1992,0,2,0,-1,0,0,-1,201900040091,4,"BOULEVARD DE BONNE NOUVELLE",0,NULL,1,3,0,1,0,0,1,NULL,NULL,1,0,1,50
201900046970,16,7,2019,09:05:00,1,974,97407,2,1,1,3,CARPAYE(AVENUE)," -20,9445700","55,2978700",201900046970,138 217 699,A01,1,1,0,2,3,9,5,NULL,201900046970,138 217 698,B01,1,1,1,1,1973,4,1,0,-1,-1," -1",-1,201900046970,4,CARPAYE(AVENUE),0,NULL,2,2,0,1,0,0,1,NULL,NULL,1,0,1,50
201900046970,16,7,2019,09:05:00,1,974,97407,2,1,1,3,CARPAYE(AVENUE)," -20,9445700","55,2978700",201900046970,138 217 699,A01,1,1,0,2,3,9,5,NULL,201900046970,138 217 699,A01,1,1,4,1,1952,3,8,0,-1,-1," -1",-1,201900046970,4,CARPAYE(AVENUE),0,NULL,2,2,0,1,0,0,1,NULL,NULL,1,0,1,50
201900048583,16,7,2019,22:00:00,2,35,35236,2,1,1,2,"Rue Chico Mendès","47,6532070"," -2,0979910",201900048583,138 214 720,A01,1,1,0,2,4,2,5,NULL,201900048583,138 214 719,B01,1,1,3,1,1996,1,2,6,-1,0,0,-1,201900048583,3,65,NULL,NULL,2,2,0,2,42,460,1,NULL,NULL,1,0,1,50
201900048583,16,7,2019,22:00:00,2,35,35236,2,1,1,2,"Rue Chico Mendès","47,6532070"," -2,0979910",201900048583,138 214 720,A01,1,1,0,2,4,2,5,NULL,201900048583,138 214 720,A01,1,1,4,1,1973,5,0,-1,-1,0,0,-1,201900048583,3,65,NULL,NULL,2,2,0,2,42,460,1,NULL,NULL,1,0,1,50
201900049301,15,6,2019,13:40:00,1,59,59271,2,2,1,2,CLEMENCEAU,"51,0145840","2,3032343",201900049301,138 213 412,B01,1,1,0,2,7,1,-1,NULL,201900049301,138 213 412,B01,1,1,4,1,2008,5,5,0,-1,-1,0,-1,201900049301,4,CLEMENCEAU,0,NULL,2,4,3,1,44,0,1,NULL,NULL,1,5,1,50
201900049301,15,6,2019,13:40:00,1,59,59271,2,2,1,2,CLEMENCEAU,"51,0145840","2,3032343",201900049301,138 213 412,B01,1,1,0,2,7,1,-1,NULL,201900049301,138 213 413,A01,1,1,1,1,1997,5,1,0,-1,-1,0,-1,201900049301,4,CLEMENCEAU,0,NULL,2,4,3,1,44,0,1,NULL,NULL,1,5,1,50
201900049447,3,6,2019,14:05:00,1,44,44109,2,1,1,7,"BOULEVARD DU TERTRE","47,2175100"," -1,6042400",201900049447,138 213 141,A01,1,1,0,0,0,1,5,NULL,201900049447,138 213 141,A01,1,1,4,1,1958,0,8,0,-1,0,0,-1,201900049447,4,NULL,0,NULL,-1,0,0,1,0,0,1,NULL,NULL,1,0,1,30
201900052326,10,7,2019,21:45:00,1,87,87085,2,5,1,3,"LIBERATION (AVENUE DE LA)","45,8341400","1,2598700",201900052326,138 207 708,B01,2,1,0,2,1,1,5,NULL,201900052326,138 207 708,B01,1,1,4,1,1971,5,2,0,-1,0,0,-1,201900052326,4,"STAUTON (RUE DU MAJOR)",0,NULL,1,1,0,2,0,0,1,NULL,NULL,1,5,1,50
201900052326,10,7,2019,21:45:00,1,87,87085,2,5,1,3,"LIBERATION (AVENUE DE LA)","45,8341400","1,2598700",201900052326,138 207 708,B01,2,1,0,2,1,1,5,NULL,201900052326,138 207 710,A01,1,1,1,1,1995,5,1,0,-1,0,0,-1,201900052326,4,"STAUTON (RUE DU MAJOR)",0,NULL,1,1,0,2,0,0,1,NULL,NULL,1,5,1,50
201900053367,7,1,2019,07:45:00,2,67,67526,2,1,1,2,"rue de kertzfeld","48,3947980","7,5829800",201900053367,138 205 701,A01,2,1,0,2,4,1,5,NULL,201900053367,138 205 701,A01,1,1,2,1,1939,5,8,-1,-1,0,0,-1,201900053367,3,213,0,D,2,2,0,1,1,0,1,NULL,NULL,2,0,3,80
201900053367,7,1,2019,07:45:00,2,67,67526,2,1,1,2,"rue de kertzfeld","48,3947980","7,5829800",201900053367,138 205 701,A01,2,1,0,2,4,1,5,NULL,201900053367,138 205 702,B01,1,1,1,1,1981,5,8,-1,-1,0,0,-1,201900053367,3,213,0,D,2,2,0,1,1,0,1,NULL,NULL,2,0,3,80
201900053810,26,10,2019,16:20:00,1,75,75116,2,7,1,6,"PLACE DU TROCADERO ET DU 11 NOVEMBRE","48,8625333","2,2868256",201900053810,138 204 832,A01,1,1,0,2,8,1,5,NULL,201900053810,138 204 832,A01,1,1,4,1,1957,5,8,2,-1,0,0,-1,201900053810,4,"PLACE DU TROCADERO ET DU 11 NOVEMBRE",0,NULL,1,3,0,1,0,0,2,NULL,NULL,1,0,1,30
201900054776,19,2,2019,09:50:00,1,76,76669,1,2,1,1,"route des loges","49,6849082","0,3172731",201900054776,138 203 121,B01,1,1,0,2,1,2,5,NULL,201900054776,138 203 121,B01,1,1,4,1,1978,5,2,6,-1,0,0,-1,201900054776,3,79,NULL,NULL,2,2,0,2,24,400,1,NULL,NULL,2,5,1,80
201900054776,19,2,2019,09:50:00,1,76,76669,1,2,1,1,"route des loges","49,6849082","0,3172731",201900054776,138 203 121,B01,1,1,0,2,1,2,5,NULL,201900054776,138 203 122,A01,1,1,1,1,1981,1,1,-1,-1,0,0,-1,201900054776,3,79,NULL,NULL,2,2,0,2,24,400,1,NULL,NULL,2,5,1,80
201900055483,23,9,2019,15:00:00,1,53,53097,2,6,1,3,"Boulevard Foch","48,1505730"," -0,3959250",201900055483,138 201 775,A01,3,1,0,2,7,1,5,NULL,201900055483,138 201 774,B01,1,1,1,2,1946,5,1,-1,-1,0,0,-1,201900055483,4,NULL,NULL,NULL,1,1,0,1,(1),(1),2,NULL,NULL,1,5,1,50
201900055483,23,9,2019,15:00:00,1,53,53097,2,6,1,3,"Boulevard Foch","48,1505730"," -0,3959250",201900055483,138 201 775,A01,3,1,0,2,7,1,5,NULL,201900055483,138 201 775,A01,1,1,4,1,1964,5,0,-1,-1,0,0,-1,201900055483,4,NULL,NULL,NULL,1,1,0,1,(1),(1),2,NULL,NULL,1,5,1,50
201900013403,18,3,2019,11:35:00,1,75,75116,2,4,1,3,"AVENUE EDOUARD VAILLANT","48,8366580","2,2551040",201900013403,138 281 506,A01,1,1,0,2,2,13,5,NULL,201900013403,138 281 505,B01,1,1,1,1,1966,4,2,6,-1,0,0,-1,201900013403,4,"AVENUE EDOUARD VAILLANT",0,NULL,2,4,0,1,0,0,1,NULL,NULL,1,0,1,50
201900013403,18,3,2019,11:35:00,1,75,75116,2,4,1,3,"AVENUE EDOUARD VAILLANT","48,8366580","2,2551040",201900013403,138 281 506,A01,1,1,0,2,2,13,5,NULL,201900013403,138 281 506,A01,1,1,4,1,1995,5,2,0,-1,0,0,-1,201900013403,4,"AVENUE EDOUARD VAILLANT",0,NULL,2,4,0,1,0,0,1,NULL,NULL,1,0,1,50
201900014892,30,12,2019,10:15:00,1,17,17299,2,6,7,3,"BEGON ROND POINT ET RUE","45,9429640"," -0,9601650",201900014892,138 278 615,B01,3,1,0,2,7,19,5,NULL,201900014892,138 278 615,B01,1,1,4,2,1963,4,2,8,-1,-1," -1",-1,201900014892,4,"BEGON ROND POINT ET RUE",0,NULL,2,2,0,1,0,0,1,NULL,NULL,1,0,1,30
201900014892,30,12,2019,10:15:00,1,17,17299,2,6,7,3,"BEGON ROND POINT ET RUE","45,9429640"," -0,9601650",201900014892,138 278 615,B01,3,1,0,2,7,19,5,NULL,201900014892,138 278 616,A01,1,1,1,2,1985,5,1,8,-1,-1," -1",-1,201900014892,4,"BEGON ROND POINT ET RUE",0,NULL,2,2,0,1,0,0,1,NULL,NULL,1,0,1,30
201900016168,3,7,2019,11:15:00,1,91,91377,1,1,1,2,"RD 188","48,7227000","2,2761200",201900016168,138 276 317,B01,1,1,0,2,4,1,5,NULL,201900016168,138 276 317,B01,1,1,4,1,1952,0,8,0,-1,0,0,-1,201900016168,3,188,0,NULL,1,3,0,2,2,609,1,NULL,NULL,1,0,3,70
201900016168,3,7,2019,11:15:00,1,91,91377,1,1,1,2,"RD 188","48,7227000","2,2761200",201900016168,138 276 317,B01,1,1,0,2,4,1,5,NULL,201900016168,138 276 318,A01,1,1,1,2,1982,0,1,0,-1,0,0,-1,201900016168,3,188,0,NULL,1,3,0,2,2,609,1,NULL,NULL,1,0,3,70
201900019682,31,7,2019,08:45:00,1,31,31149,2,1,1,3,"RD PT TERRE ENVOL","43,6133550","1,3070420",201900019682,138 269 624,B01,3,1,0,2,7,1,5,NULL,201900019682,138 269 623,A01,1,1,1,2,1970,9,1,7,-1,-1,0,-1,201900019682,4,NULL,0,NULL,2,2,0,1,0,0,1,NULL,NULL,1,0,1,50
201900019682,31,7,2019,08:45:00,1,31,31149,2,1,1,3,"RD PT TERRE ENVOL","43,6133550","1,3070420",201900019682,138 269 624,B01,3,1,0,2,7,1,5,NULL,201900019682,138 269 624,B01,1,1,4,1,1995,9,2,0,-1,-1,0,-1,201900019682,4,NULL,0,NULL,2,2,0,1,0,0,1,NULL,NULL,1,0,1,50
201900022483,24,12,2019,19:47:00,3,5,05122,1,1,1,2,"route nationale 94","44,7571500","6,5739000",201900022483,138 264 303,B01,1,1,0,2,4,2,5,NULL,201900022483,138 264 303,B01,1,1,4,1,1988,9,0,-1,-1,0,0,-1,201900022483,2,94,0,NULL,2,2,0,1,140,130,1,NULL,NULL,2,0,1,80
201900022483,24,12,2019,19:47:00,3,5,05122,1,1,1,2,"route nationale 94","44,7571500","6,5739000",201900022483,138 264 303,B01,1,1,0,2,4,2,5,NULL,201900022483,138 264 304,A01,1,1,1,1,1997,9,1,-1,-1,0,0,-1,201900022483,2,94,0,NULL,2,2,0,1,140,130,1,NULL,NULL,2,0,1,80
201900023378,31,7,2019,19:02:00,1,74,74128,1,3,1,1,"Route de Soly","46,1599970","6,3183930",201900023378,138 262 536,B01,3,1,0,2,2,19,5,NULL,201900023378,138 262 536,B01,1,1,3,1,2011,5,2,-1,-1,0,0,-1,201900023378,4,soly,NULL,NULL,2,2,0,1,(1),(1),1,NULL,NULL,1,0,1,70
201900023378,31,7,2019,19:02:00,1,74,74128,1,3,1,1,"Route de Soly","46,1599970","6,3183930",201900023378,138 262 536,B01,3,1,0,2,2,19,5,NULL,201900023378,138 262 537,A01,1,1,1,2,1960,4,1,-1,-1,0,0,-1,201900023378,4,soly,NULL,NULL,2,2,0,1,(1),(1),1,NULL,NULL,1,0,1,70
201900023730,9,3,2019,14:55:00,1,56,56162,2,1,1,2,"SABLES BLANCS (BD DES)","47,7301200"," -3,4960000",201900023730,138 261 784,B01,2,1,0,2,4,1,5,NULL,201900023730,138 261 784,B01,1,1,4,1,1976,5,8,0,-1,0,0,-1,201900023730,3,152,0,NULL,2,2,0,1,10,414,1,NULL,NULL,1,0,1,50
201900023730,9,3,2019,14:55:00,1,56,56162,2,1,1,2,"SABLES BLANCS (BD DES)","47,7301200"," -3,4960000",201900023730,138 261 784,B01,2,1,0,2,4,1,5,NULL,201900023730,138 261 785,A01,1,1,1,1,1956,5,1,8,-1,0,0,-1,201900023730,3,152,0,NULL,2,2,0,1,10,414,1,NULL,NULL,1,0,1,50
201900025681,13,11,2019,19:55:00,5,17,17300,2,6,2,2,"MONNET   AVENUE JEAN","46,1431700"," -1,1533200",201900025681,138 257 991,B01,3,1,0,2,4,2,5,NULL,201900025681,138 257 990,A01,1,1,1,1,1965,5,1,8,-1,-1," -1",-1,201900025681,4,"MONNET   AVENUE JEAN",0,NULL,1,2,1,1,0,0,3,NULL,NULL,2,0,1,30
201900025681,13,11,2019,19:55:00,5,17,17300,2,6,2,2,"MONNET   AVENUE JEAN","46,1431700"," -1,1533200",201900025681,138 257 991,B01,3,1,0,2,4,2,5,NULL,201900025681,138 257 991,B01,1,1,4,1,1990,1,2,8,-1,-1," -1",-1,201900025681,4,"MONNET   AVENUE JEAN",0,NULL,1,2,1,1,0,0,3,NULL,NULL,2,0,1,30
201900026877,30,7,2019,10:15:00,1,38,38218,2,2,1,1,"Rue de Chantaloup","45,3481400","5,1813600",201900026877,138 255 757,A01,1,1,0,2,1,26,5,NULL,201900026877,138 255 756,B01,1,1,1,1,1968,9,1,-1,-1,0,0,-1,201900026877,3,156,0,A,2,2,0,2,3,750,4,NULL,NULL,1,0,1,50
201900026877,30,7,2019,10:15:00,1,38,38218,2,2,1,1,"Rue de Chantaloup","45,3481400","5,1813600",201900026877,138 255 757,A01,1,1,0,2,1,26,5,NULL,201900026877,138 255 757,A01,1,1,3,1,1937,5,2,-1,-1,0,0,-1,201900026877,3,156,0,A,2,2,0,2,3,750,4,NULL,NULL,1,0,1,50
201900032571,28,7,2019,19:10:00,1,76,76130,1,1,1,7,"1090 route de Neufchatel","49,7071088","1,4918661",201900032571,138 245 099,A01,2,1,0,0,0,1,5,NULL,201900032571,138 245 099,A01,1,1,4,1,1976,5,2,9,-1,0,0,-1,201900032571,3,1314,0,D,2,2,0,2,12,200,1,NULL,NULL,1,8,1,50
201900036277,13,12,2019,13:46:00,1,92,92072,2,1,2,7,"TROYON (RUE)","48,8268568","2,2247910",201900036277,138 237 915,A01,3,1,0,0,0,0,5,NULL,201900036277,138 237 915,A01,1,1,4,2,1974,1,2,0,-1,-1,0,-1,201900036277,3,7,0,NULL,-1,2,0,1,0,0,1,NULL,NULL,2,0,1,50
201900036877,21,6,2019,18:50:00,2,29,29019,2,1,1,3,"SEMARD PIERRE","48,3943648"," -4,4685140",201900036877,138 236 738,B01,1,1,0,2,8,2,5,NULL,201900036877,138 236 737,A01,1,1,1,2,1992,1,1,0,-1,-1,0,-1,201900036877,4,"SEMARD PIERRE",0,NULL,2,2,0,2,0,0,1,NULL,NULL,1,2,1,50
201900036877,21,6,2019,18:50:00,2,29,29019,2,1,1,3,"SEMARD PIERRE","48,3943648"," -4,4685140",201900036877,138 236 738,B01,1,1,0,2,8,2,5,NULL,201900036877,138 236 738,B01,1,1,4,1,1979,5,8,0,-1,-1,0,-1,201900036877,4,"SEMARD PIERRE",0,NULL,2,2,0,2,0,0,1,NULL,NULL,1,2,1,50
201900040707,15,1,2019,13:18:00,1,37,37261,2,1,1,3,"VAILLANT (RUE EDOUARD)","47,3819740","0,7054376",201900040707,138 229 594,A01,1,1,0,2,1,9,0,NULL,201900040707,138 229 594,A01,1,1,4,1,2002,1,8,0,-1,-1,0,-1,201900040707,4,"VAILLANT (RUE EDOUARD)",0,NULL,2,2,0,1,0,0,1,NULL,NULL,1,0,1,50
201900040707,15,1,2019,13:18:00,1,37,37261,2,1,1,3,"VAILLANT (RUE EDOUARD)","47,3819740","0,7054376",201900040707,138 229 594,A01,1,1,0,2,1,9,0,NULL,201900040707,138 229 595,B01,1,1,1,2,1969,1,1,8,-1,-1,0,-1,201900040707,4,"VAILLANT (RUE EDOUARD)",0,NULL,2,2,0,1,0,0,1,NULL,NULL,1,0,1,50
201900040718,15,1,2019,07:40:00,2,31,31149,2,1,1,3,"8 AV YVES BRUNAUD","43,6150900","1,3463400",201900040718,138 229 576,B01,2,1,0,2,1,1,5,NULL,201900040718,138 229 575,A01,1,1,1,1,1966,4,1,8,-1,-1,0,-1,201900040718,4,NULL,0,NULL,2,2,0,1,0,0,1,NULL,NULL,1,0,1,50
201900040718,15,1,2019,07:40:00,2,31,31149,2,1,1,3,"8 AV YVES BRUNAUD","43,6150900","1,3463400",201900040718,138 229 576,B01,2,1,0,2,1,1,5,NULL,201900040718,138 229 576,B01,1,1,4,1,1972,1,2,8,-1,-1,0,-1,201900040718,4,NULL,0,NULL,2,2,0,1,0,0,1,NULL,NULL,1,0,1,50
201900041959,23,5,2019,17:54:00,1,94,94028,2,9,1,3,"SARRAIL.(RUE DU GENERAL)","48,7946800","2,4560100",201900041959,138 227 310,B01,1,1,0,2,1,1,0,NULL,201900041959,138 227 310,B01,1,1,4,2,1949,9,2,0,-1,-1,0,-1,201900041959,4,"SARRAIL.(RUE DU GENERAL)",0,NULL,2,1,0,1,0,0,1,NULL,NULL,1,5,1,50
201900041959,23,5,2019,17:54:00,1,94,94028,2,9,1,3,"SARRAIL.(RUE DU GENERAL)","48,7946800","2,4560100",201900041959,138 227 310,B01,1,1,0,2,1,1,0,NULL,201900041959,138 227 311,A01,1,1,1,1,1963,0,1,0,-1,-1,0,-1,201900041959,4,"SARRAIL.(RUE DU GENERAL)",0,NULL,2,1,0,1,0,0,1,NULL,NULL,1,5,1,50
201900042394,6,11,2019,18:05:00,5,75,75111,2,3,2,6,"BOULEVARD VOLTAIRE","48,8610043","2,3748363",201900042394,138 226 417,A01,2,1,0,1,0,1,5,NULL,201900042394,138 226 417,A01,10,3,4,2,1962,0,0,-1,-1,4,3,1,201900042394,4,"BOULEVARD VOLTAIRE",0,NULL,2,4,1,1,0,0,1,NULL,NULL,2,0,5,50
201900042394,6,11,2019,18:05:00,5,75,75111,2,3,2,6,"BOULEVARD VOLTAIRE","48,8610043","2,3748363",201900042394,138 226 417,A01,2,1,0,1,0,1,5,NULL,201900042394,138 226 417,A01,1,1,1,1,1997,5,2,0,-1,0,0,-1,201900042394,4,"BOULEVARD VOLTAIRE",0,NULL,2,4,1,1,0,0,1,NULL,NULL,2,0,5,50
201900043197,5,4,2019,13:40:00,1,58,58117,2,6,1,3,"Rue du Pont","47,0123800","3,0785610",201900043197,138 224 941,B01,3,1,0,2,7,26,5,NULL,201900043197,138 224 941,B01,1,1,4,1,1993,5,2,4,-1,0,0,-1,201900043197,3,40,NULL,D,2,2,0,1,(1),(1),2,NULL,NULL,1,0,1,50
201900043197,5,4,2019,13:40:00,1,58,58117,2,6,1,3,"Rue du Pont","47,0123800","3,0785610",201900043197,138 224 941,B01,3,1,0,2,7,26,5,NULL,201900043197,138 224 942,A01,1,1,1,1,1949,2,1,-1,-1,0,0,-1,201900043197,3,40,NULL,D,2,2,0,1,(1),(1),2,NULL,NULL,1,0,1,50
201900045212,16,7,2019,21:30:00,1,33,33069,2,6,1,3,"CRS LOUIS BLANC","44,8636500"," -0,5945500",201900045212,138 221 062,B01,2,1,0,0,6,1,5,NULL,201900045212,138 221 062,B01,1,1,4,2,1968,0,8,0,-1,0,0,-1,201900045212,4,"CRS LOUIS BLANC",0,NULL,2,2,0,1,0,0,2,NULL,NULL,1,0,1,50
201900045212,16,7,2019,21:30:00,1,33,33069,2,6,1,3,"CRS LOUIS BLANC","44,8636500"," -0,5945500",201900045212,138 221 062,B01,2,1,0,0,6,1,5,NULL,201900045212,138 221 063,A01,1,1,1,1,1973,0,8,0,-1,0,0,-1,201900045212,4,"CRS LOUIS BLANC",0,NULL,2,2,0,1,0,0,2,NULL,NULL,1,0,1,50
201900046911,1,4,2019,19:55:00,1,14,14118,2,2,1,3,"BRUXELLES (AVENUE DE)","49,1959200"," -0,3679100",201900046911,138 217 807,A01,1,1,0,2,1,26,5,NULL,201900046911,138 217 807,A01,1,1,4,1,2002,5,8,0,-1,-1,0,-1,201900046911,4,"BRUXELLES (AVENUE DE)",0,NULL,2,2,0,1,1,0,1,NULL,NULL,1,0,1,50
201900046911,1,4,2019,19:55:00,1,14,14118,2,2,1,3,"BRUXELLES (AVENUE DE)","49,1959200"," -0,3679100",201900046911,138 217 807,A01,1,1,0,2,1,26,5,NULL,201900046911,138 217 808,B01,1,1,1,1,1965,0,1,0,-1,-1,0,-1,201900046911,4,"BRUXELLES (AVENUE DE)",0,NULL,2,2,0,1,1,0,1,NULL,NULL,1,0,1,50
201900048277,25,9,2019,18:18:00,1,13,13202,2,3,1,3,"ARENC (QUAI D')","43,3132500","5,3662600",201900048277,138 215 298,A01,2,1,0,2,7,0,0,NULL,201900048277,138 215 298,A01,1,1,4,1,1974,0,8,0,-1,-1,0,-1,201900048277,7,"ARENC (QUAI D')",0,NULL,3,4,0,1,0,0,1,NULL,NULL,1,0,1,50
201900048966,3,5,2019,14:25:00,1,51,51362,2,3,8,1,"ROUTE DE MACO","49,2952990","3,9455876",201900048966,138 214 028,A01,1,1,0,2,1,16,0,NULL,201900048966,138 214 027,B01,1,1,1,1,1973,5,1,-1,-1,0,0,-1,201900048966,3,475,0,D,2,2,0,2,1,390,3,NULL,NULL,1,0,1,50
201900048966,3,5,2019,14:25:00,1,51,51362,2,3,8,1,"ROUTE DE MACO","49,2952990","3,9455876",201900048966,138 214 028,A01,1,1,0,2,1,16,0,NULL,201900048966,138 214 028,A01,1,1,4,1,1960,5,2,-1,-1,0,0,-1,201900048966,3,475,0,D,2,2,0,2,1,390,3,NULL,NULL,1,0,1,50
201900049445,13,6,2019,12:10:00,1,44,44109,2,1,1,2,"RUE DE LA BOURGEONNIERE","47,2519700"," -1,5512800",201900049445,138 213 143,A01,1,1,0,2,1,1,5,NULL,201900049445,138 213 143,A01,1,1,3,1,1999,1,8,0,-1,0,0,-1,201900049445,4,NULL,0,NULL,2,0,0,1,0,0,1,NULL,NULL,1,0,1,50
201900049445,13,6,2019,12:10:00,1,44,44109,2,1,1,2,"RUE DE LA BOURGEONNIERE","47,2519700"," -1,5512800",201900049445,138 213 143,A01,1,1,0,2,1,1,5,NULL,201900049445,138 213 144,B01,1,1,1,2,1980,0,1,0,-1,0,0,-1,201900049445,4,NULL,0,NULL,2,0,0,1,0,0,1,NULL,NULL,1,0,1,50
201900051173,12,6,2019,12:16:00,1,35,35281,1,6,2,3,"DODIN (AVENUE ROGER)","48,0870690"," -1,7073590",201900051173,138 209 944,B01,1,1,0,2,3,19,5,NULL,201900051173,138 209 943,A01,1,1,1,2,1952,9,1,0,-1,-1,0,-1,201900051173,3,177,0,NULL,3,4,0,1,23,950,1,NULL,NULL,2,0,1,50
201900051173,12,6,2019,12:16:00,1,35,35281,1,6,2,3,"DODIN (AVENUE ROGER)","48,0870690"," -1,7073590",201900051173,138 209 944,B01,1,1,0,2,3,19,5,NULL,201900051173,138 209 944,B01,1,1,4,2,2000,1,8,0,-1,-1,0,-1,201900051173,3,177,0,NULL,3,4,0,1,23,950,1,NULL,NULL,2,0,1,50
201900051820,7,1,2019,19:55:00,5,75,75120,2,1,1,3,"RUE DE LA CHINE","48,8685620","2,3976060",201900051820,138 208 681,B01,2,1,0,2,1,1,5,NULL,201900051820,138 208 681,B01,1,1,4,1,1986,0,2,4,-1,0,0,-1,201900051820,4,"RUE DE LA CHINE",0,NULL,1,1,1,2,0,0,1,NULL,NULL,1,0,5,50
201900051820,7,1,2019,19:55:00,5,75,75120,2,1,1,3,"RUE DE LA CHINE","48,8685620","2,3976060",201900051820,138 208 681,B01,2,1,0,2,1,1,5,NULL,201900051820,138 208 682,A01,1,1,1,1,2000,1,2,6,-1,0,0,-1,201900051820,4,"RUE DE LA CHINE",0,NULL,1,1,1,2,0,0,1,NULL,NULL,1,0,5,50
201900052287,11,7,2019,07:45:00,1,69,69387,2,1,1,2,"GAMBETTA                            (CO)","45,7543600","4,8456500",201900052287,138 207 781,A01,2,1,0,2,1,2,5,NULL,201900052287,138 207 781,A01,1,1,4,1,1994,0,8,0,-1,0,0,-1,201900052287,4,"GAMBETTA                            (CO)",0,NULL,2,4,0,1,0,0,1,NULL,NULL,1,0,1,50
201900052287,11,7,2019,07:45:00,1,69,69387,2,1,1,2,"GAMBETTA                            (CO)","45,7543600","4,8456500",201900052287,138 207 781,A01,2,1,0,2,1,2,5,NULL,201900052287,138 207 782,B01,1,1,1,1,1985,0,1,8,-1,0,0,-1,201900052287,4,"GAMBETTA                            (CO)",0,NULL,2,4,0,1,0,0,1,NULL,NULL,1,0,1,50
201900054274,26,3,2019,13:15:00,1,79,79024,1,1,1,3,"La Borne","46,4148000"," -0,2467000",201900054274,138 203 995,A01,0,1,0,2,8,9,5,NULL,201900054274,138 203 994,B01,1,1,1,1,1942,1,1,-1,-1,0,0,-1,201900054274,4,NULL,NULL,NULL,2,2,0,1,(1),(1),1,NULL,40,1,0,1,50
201900054274,26,3,2019,13:15:00,1,79,79024,1,1,1,3,"La Borne","46,4148000"," -0,2467000",201900054274,138 203 995,A01,0,1,0,2,8,9,5,NULL,201900054274,138 203 995,A01,1,1,4,2,1995,5,0,-1,-1,0,0,-1,201900054274,4,NULL,NULL,NULL,2,2,0,1,(1),(1),1,NULL,40,1,0,1,50
201900057579,27,3,2019,17:15:00,1,33,33494,1,2,1,3,"Piste cyclable D801 / Rte Sablons","44,9504900"," -0,8567900",201900057579,138 197 941,B01,2,1,0,2,8,1,5,NULL,201900057579,138 197 940,A01,1,1,1,1,1990,1,1,-1,-1,0,0,-1,201900057579,3,801,NULL,NULL,2,2,2,1,35,278,1,NULL,NULL,1,0,5,-1
201900057579,27,3,2019,17:15:00,1,33,33494,1,2,1,3,"Piste cyclable D801 / Rte Sablons","44,9504900"," -0,8567900",201900057579,138 197 941,B01,2,1,0,2,8,1,5,NULL,201900057579,138 197 941,B01,1,1,2,1,1950,5,2,-1,-1,0,0,-1,201900057579,3,801,NULL,NULL,2,2,2,1,35,278,1,NULL,NULL,1,0,5,-1
201900058145,12,8,2019,14:10:00,1,988,98818,2,9,1,6,"AUSTERLITZ (RUE D')"," -22,2697200","166,4400000",201900058145,138 196 881,A01,2,1,0,1,7,26,5,NULL,201900058145,138 196 881,A01,10,3,4,2,2012,0,8,0,-1,0,0,-1,201900058145,4,33,0,NULL,2,1,3,1,0,0,1,NULL,NULL,1,0,1,50
201900058145,12,8,2019,14:10:00,1,988,98818,2,9,1,6,"AUSTERLITZ (RUE D')"," -22,2697200","166,4400000",201900058145,138 196 881,A01,2,1,0,1,7,26,5,NULL,201900058145,138 196 881,A01,1,1,1,1,1997,0,8,0,-1,0,0,-1,201900058145,4,33,0,NULL,2,1,3,1,0,0,1,NULL,NULL,1,0,1,50