Num_Acc,jour,mois,an,hrmn,lum,dep,com,agg,int,atm,col,adr,lat,long,Num_Acc,id_vehicule,num_veh,senc,catv,obs,obsm,choc,manv,motor,occutc,Num_Acc,id_vehicule,num_veh,place,catu,grav,sexe,an_nais,trajet,secu1,secu2,secu3,locp,actp,etatp,Num_Acc,catr,voie,v1,v2,circ,nbv,vosp,prof,pr,pr1,plan,lartpc,larrout,surf,infra,situ,vma
201900058281,24,10,2019,08:45:00,1,67,67482,2,3,1,3,"METZ (BOULEVARD DE)","48,5829700","7,7333100",201900058281,138 196 686,B01,2,1,0,2,7,1,5,NULL,201900058281,138 196 653,A01,1,1,1,1,1941,4,1,8,-1,-1,0,-1,201900058281,4,"METZ (BOULEVARD DE)",0,NULL,3,6,1,1,0,0,1,NULL,NULL,1,0,1,50
201900058281,24,10,2019,08:45:00,1,67,67482,2,3,1,3,"METZ (BOULEVARD DE)","48,5829700","7,7333100",201900058281,138 196 686,B01,2,1,0,2,7,1,5,NULL,201900058281,138 196 686,B01,1,1,4,1,1969,0,8,0,-1,-1,0,-1,201900058281,4,"METZ (BOULEVARD DE)",0,NULL,3,6,1,1,0,0,1,NULL,NULL,1,0,1,50
201900010543,3,6,2019,16:30:00,1,74,74185,1,1,1,6,"Route des 3 Lacs","46,1565665","6,2011052",201900010543,138 286 856,A01,1,1,13,0,3,0,5,NULL,201900010543,138 286 856,A01,1,1,2,1,2001,5,0,-1,-1,0,0,-1,201900010543,3,41,NULL,A,2,2,0,2,24,600,3,NULL,NULL,1,0,1,80
201900019605,1,7,2019,09:50:00,1,17,17015,1,2,1,1,Liboulas,"45,5572280"," -0,8794230",201900019605,138 269 781,A01,2,1,0,2,1,5,5,NULL,201900019605,138 269 780,B01,1,1,1,1,1938,5,1,-1,-1,0,0,-1,201900019605,3,244,NULL,E,2,2,0,1,4,550,1,NULL,NULL,9,0,1,80
201900019605,1,7,2019,09:50:00,1,17,17015,1,2,1,1,Liboulas,"45,5572280"," -0,8794230",201900019605,138 269 781,A01,2,1,0,2,1,5,5,NULL,201900019605,138 269 781,A01,1,1,3,2,1940,5,0,-1,-1,0,0,-1,201900019605,3,244,NULL,E,2,2,0,1,4,550,1,NULL,NULL,9,0,1,80
201900021222,17,4,2019,10:20:00,1,973,97302,2,3,1,3,"HAMEAU DES ENCENS (RUE DU) Cité St Marti","4,9272383"," -52,2900295",201900021222,138 266 707,B01,0,1,0,2,4,15,0,NULL,201900021222,138 266 707,B01,1,1,4,1,2001,0,0,0,-1,-1,0,-1,201900021222,3,3,0,NULL,2,2,0,1,4,728,1,NULL,NULL,1,0,1,50
201900021222,17,4,2019,10:20:00,1,973,97302,2,3,1,3,"HAMEAU DES ENCENS (RUE DU) Cité St Marti","4,9272383"," -52,2900295",201900021222,138 266 707,B01,0,1,0,2,4,15,0,NULL,201900021222,138 266 708,A01,1,1,1,1,1992,4,1,0,-1,-1,0,-1,201900021222,3,3,0,NULL,2,2,0,1,4,728,1,NULL,NULL,1,0,1,50
201900021247,16,4,2019,11:55:00,1,49,49007,2,1,1,3,"LEROY PLACE","47,4648300"," -0,5488400",201900021247,138 266 655,A01,1,1,0,2,0,0,5,NULL,201900021247,138 266 655,A01,1,1,3,2,1932,0,2,0,-1,-1,0,-1,201900021247,4,"LEROY PLACE",0,NULL,-1,2,0,1,0,0,1,NULL,NULL,1,0,1,50
201900021247,16,4,2019,11:55:00,1,49,49007,2,1,1,3,"LEROY PLACE","47,4648300"," -0,5488400",201900021247,138 266 655,A01,1,1,0,2,0,0,5,NULL,201900021247,138 266 656,B01,1,1,1,1,1979,0,1,0,-1,-1,0,-1,201900021247,4,"LEROY PLACE",0,NULL,-1,2,0,1,0,0,1,NULL,NULL,1,0,1,50
201900021498,4,6,2019,12:00:00,1,56,56121,2,2,2,3,"Cours de CHAZELLES","47,7537600"," -3,3622100",201900021498,138 266 188,B01,2,1,0,2,3,8,5,NULL,201900021498,138 266 187,A01,1,1,1,2,1997,4,1,8,-1,0,0,-1,201900021498,4,"CHAZELLES ( COURS LOUIS  DE )",0,NULL,2,4,3,1,0,0,1,NULL,NULL,2,5,5,50
201900021498,4,6,2019,12:00:00,1,56,56121,2,2,2,3,"Cours de CHAZELLES","47,7537600"," -3,3622100",201900021498,138 266 188,B01,2,1,0,2,3,8,5,NULL,201900021498,138 266 188,B01,1,1,4,1,1996,5,8,0,-1,0,0,-1,201900021498,4,"CHAZELLES ( COURS LOUIS  DE )",0,NULL,2,4,3,1,0,0,1,NULL,NULL,2,5,5,50
201900024642,3,9,2019,11:55:00,1,58,58194,2,1,1,3,"PRE PLANTIN (BOULEVARD)","46,9867000","3,1238000",201900024642,138 259 989,B01,1,1,0,2,8,1,5,NULL,201900024642,138 259 989,B01,1,1,4,1,1963,1,8,6,-1,-1," -1",-1,201900024642,4,"PRE PLANTIN (BOULEVARD)",0,NULL,2,2,0,1,0,0,1,NULL,NULL,1,0,1,50
201900024642,3,9,2019,11:55:00,1,58,58194,2,1,1,3,"PRE PLANTIN (BOULEVARD)","46,9867000","3,1238000",201900024642,138 259 989,B01,1,1,0,2,8,1,5,NULL,201900024642,138 259 990,A01,1,1,1,1,1970,1,1,8,-1,-1," -1",-1,201900024642,4,"PRE PLANTIN (BOULEVARD)",0,NULL,2,2,0,1,0,0,1,NULL,NULL,1,0,1,50
201900025612,13,11,2019,10:20:00,1,988,98818,2,1,1,6,"LAROQUE (PROMENADE ROGER)"," -22,3074400","166,4482800",201900025612,138 258 118,A01,1,1,0,1,1,1,5,NULL,201900025612,138 258 118,A01,10,3,4,2,1959,5,0,-1,-1,3,3,1,201900025612,4,358,0,NULL,2,2,1,4,0,0,3,NULL,NULL,1,9,1,50
201900025612,13,11,2019,10:20:00,1,988,98818,2,1,1,6,"LAROQUE (PROMENADE ROGER)"," -22,3074400","166,4482800",201900025612,138 258 118,A01,1,1,0,1,1,1,5,NULL,201900025612,138 258 118,A01,1,1,4,1,1986,5,2,8,-1,0,0,-1,201900025612,4,358,0,NULL,2,2,1,4,0,0,3,NULL,NULL,1,9,1,50
201900028598,13,4,2019,14:00:00,1,1,01451,1,3,1,3,"MARBOZ RD 996 (ROUTE DE ) IMPAIR","46,2476600","5,2301100",201900028598,138 252 543,B01,1,1,0,2,1,15,6,NULL,201900028598,138 252 542,A01,1,1,1,1,1998,5,1,4,-1,0,0,-1,201900028598,3,996,0,NULL,2,2,0,4,24,640,1,NULL,NULL,1,0,1,50
201900028598,13,4,2019,14:00:00,1,1,01451,1,3,1,3,"MARBOZ RD 996 (ROUTE DE ) IMPAIR","46,2476600","5,2301100",201900028598,138 252 543,B01,1,1,0,2,1,15,6,NULL,201900028598,138 252 543,B01,1,1,4,1,2002,5,8,0,-1,0,0,-1,201900028598,3,996,0,NULL,2,2,0,4,24,640,1,NULL,NULL,1,0,1,50
201900030033,3,9,2019,18:00:00,1,38,38544,2,1,1,3,"CLAUDE BERNARD(QUAI)","45,5395925","4,8616862",201900030033,138 249 833,B01,1,1,0,2,8,19,5,NULL,201900030033,138 249 833,B01,1,1,4,1,1939,5,8,0,-1,-1," -1",-1,201900030033,3,4,0,NULL,2,4,1,1,8,566,1,NULL,NULL,1,0,1,50
201900030033,3,9,2019,18:00:00,1,38,38544,2,1,1,3,"CLAUDE BERNARD(QUAI)","45,5395925","4,8616862",201900030033,138 249 833,B01,1,1,0,2,8,19,5,NULL,201900030033,138 249 834,A01,1,1,1,1,1940,3,1,0,-1,-1," -1",-1,201900030033,3,4,0,NULL,2,4,1,1,8,566,1,NULL,NULL,1,0,1,50
201900030033,3,9,2019,18:00:00,1,38,38544,2,1,1,3,"CLAUDE BERNARD(QUAI)","45,5395925","4,8616862",201900030033,138 249 833,B01,1,1,0,2,8,19,5,NULL,201900030033,138 249 834,A01,2,2,1,2,1946,3,1,0,-1,-1," -1",-1,201900030033,3,4,0,NULL,2,4,1,1,8,566,1,NULL,NULL,1,0,1,50
201900030550,5,3,2019,09:50:00,1,93,93006,2,9,1,3,"REPUBLIQUE AVENUE DE LA","48,8623000","2,4159000",201900030550,138 248 879,B01,1,1,0,2,1,19,5,NULL,201900030550,138 248 879,B01,1,1,4,1,2001,4,2,0,-1,-1," -1",-1,201900030550,3,37,0,NULL,1,2,1,1,1,0,1,NULL,NULL,2,0,1,50
201900030550,5,3,2019,09:50:00,1,93,93006,2,9,1,3,"REPUBLIQUE AVENUE DE LA","48,8623000","2,4159000",201900030550,138 248 879,B01,1,1,0,2,1,19,5,NULL,201900030550,138 248 880,A01,1,1,1,1,1966,1,1,0,-1,-1," -1",-1,201900030550,3,37,0,NULL,1,2,1,1,1,0,1,NULL,NULL,2,0,1,50
201900030842,10,5,2019,20:22:00,2,35,35238,2,1,2,3,"ISLY (RUE D')","48,1055300"," -1,6775600",201900030842,138 248 347,B01,1,1,0,2,1,1,0,NULL,201900030842,138 248 347,B01,1,1,4,1,1999,1,8,0,-1,-1,0,-1,201900030842,4,"ISLY (RUE D')",0,NULL,2,4,1,1,0,0,1,NULL,NULL,2,1,1,50
201900030842,10,5,2019,20:22:00,2,35,35238,2,1,2,3,"ISLY (RUE D')","48,1055300"," -1,6775600",201900030842,138 248 347,B01,1,1,0,2,1,1,0,NULL,201900030842,138 248 348,A01,1,1,1,2,1988,5,1,0,-1,-1,0,-1,201900030842,4,"ISLY (RUE D')",0,NULL,2,4,1,1,0,0,1,NULL,NULL,2,1,1,50
201900032533,24,7,2019,12:17:00,1,13,13081,1,6,1,2,RD20,"43,5043580","5,2207080",201900032533,138 245 158,B01,2,1,0,2,4,1,5,NULL,201900032533,138 245 158,B01,1,1,4,1,1959,5,2,-1,-1,0,0,-1,201900032533,3,20,NULL,NULL,1,1,0,1,11,960,2,NULL,NULL,1,0,1,80
201900032533,24,7,2019,12:17:00,1,13,13081,1,6,1,2,RD20,"43,5043580","5,2207080",201900032533,138 245 158,B01,2,1,0,2,4,1,5,NULL,201900032533,138 245 159,A01,1,1,1,2,1984,0,1,-1,-1,0,0,-1,201900032533,3,20,NULL,NULL,1,1,0,1,11,960,2,NULL,NULL,1,0,1,80
201900033242,4,10,2019,08:55:00,1,69,69387,2,2,1,6,"GUILLOTIERE (DE LA)                 (GR)","45,7521000","4,8466400",201900033242,138 243 761,B01,2,1,0,2,0,0,0,NULL,201900033242,138 243 760,A01,1,1,1,1,1999,0,1,8,-1,-1," -1",-1,201900033242,4,"GUILLOTIERE (DE LA)                 (GR)",0,NULL,2,5,0,1,1,0,1,NULL,NULL,1,0,1,50
201900033242,4,10,2019,08:55:00,1,69,69387,2,2,1,6,"GUILLOTIERE (DE LA)                 (GR)","45,7521000","4,8466400",201900033242,138 243 761,B01,2,1,0,2,0,0,0,NULL,201900033242,138 243 760,A01,10,3,4,2,1981,1,8,0,-1,5,3,1,201900033242,4,"GUILLOTIERE (DE LA)                 (GR)",0,NULL,2,5,0,1,1,0,1,NULL,NULL,1,0,1,50
201900033242,4,10,2019,08:55:00,1,69,69387,2,2,1,6,"GUILLOTIERE (DE LA)                 (GR)","45,7521000","4,8466400",201900033242,138 243 761,B01,2,1,0,2,0,0,0,NULL,201900033242,138 243 761,B01,1,1,1,1,1969,0,8,0,-1,-1," -1",-1,201900033242,4,"GUILLOTIERE (DE LA)                 (GR)",0,NULL,2,5,0,1,1,0,1,NULL,NULL,1,0,1,50
201900034477,21,5,2019,17:20:00,1,13,13002,2,4,1,7,"TROU DU LOUP (CHEMIN DU)","43,3352300","5,4777600",201900034477,138 241 383,A01,1,1,0,6,0,0,6,NULL,201900034477,138 241 383,A01,1,1,4,1,1962,5,2,0,-1,0,0,-1,201900034477,3,4,NULL,A,2,-1,-1,1,(1),(1),1,NULL,NULL,1,0,1,-1
201900035185,5,10,2019,11:40:00,1,65,65025,2,4,1,3,"Route d'Aubisque","43,0032230"," -0,1060740",201900035185,138 240 006,A01,1,1,0,2,1,5,5,NULL,201900035185,138 240 005,B01,1,1,1,2,1977,5,1,-1,-1,0,0,-1,201900035185,3,918,0,NULL,2,2,0,2,20,880,1,NULL,NULL,1,0,1,50
201900035185,5,10,2019,11:40:00,1,65,65025,2,4,1,3,"Route d'Aubisque","43,0032230"," -0,1060740",201900035185,138 240 006,A01,1,1,0,2,1,5,5,NULL,201900035185,138 240 006,A01,1,1,3,1,1959,5,2,-1,-1,0,0,-1,201900035185,3,918,0,NULL,2,2,0,2,20,880,1,NULL,NULL,1,0,1,50
201900037295,29,8,2019,17:50:00,1,69,69389,2,1,1,3,"RENE CASSIN                         (AV)","45,7690500","4,8072000",201900037295,138 235 949,B01,1,1,0,2,1,0,5,NULL,201900037295,138 235 949,B01,1,1,4,2,1992,1,8,0,-1,-1,0,-1,201900037295,7,"RENE CASSIN                         (AV)",0,NULL,-1,1,1,1,0,1,1,NULL,NULL,1,0,1,50
201900037295,29,8,2019,17:50:00,1,69,69389,2,1,1,3,"RENE CASSIN                         (AV)","45,7690500","4,8072000",201900037295,138 235 949,B01,1,1,0,2,1,0,5,NULL,201900037295,138 235 950,A01,1,1,1,2,1989,1,1,0,-1,-1,0,-1,201900037295,7,"RENE CASSIN                         (AV)",0,NULL,-1,1,1,1,0,1,1,NULL,NULL,1,0,1,50
201900037509,22,2,2019,15:40:00,1,37,37195,2,1,7,6,"PORT CORDON (RUE)","47,3830361","0,6563129",201900037509,138 235 497,B01,1,1,14,0,1,1,5,NULL,201900037509,138 235 497,B01,1,1,4,2,1966,5,8,0,-1,-1,0,-1,201900037509,4,"PORT CORDON (RUE)",0,NULL,2,2,0,1,0,0,1,NULL,NULL,1,9,1,50
201900038634,30,10,2019,14:45:00,1,33,33318,2,1,1,3,"AVE PASTEUR","44,8005500"," -0,6579800",201900038634,138 233 471,B01,1,1,0,2,1,1,0,NULL,201900038634,138 233 471,B01,1,1,4,1,1951,0,8,0,-1,-1," -1",-1,201900038634,4,"AVE PASTEUR",0,NULL,2,4,2,1,0,0,1,NULL,NULL,1,0,5,50
201900038634,30,10,2019,14:45:00,1,33,33318,2,1,1,3,"AVE PASTEUR","44,8005500"," -0,6579800",201900038634,138 233 471,B01,1,1,0,2,1,1,0,NULL,201900038634,138 233 472,A01,1,1,1,1,1990,0,1,0,-1,-1," -1",-1,201900038634,4,"AVE PASTEUR",0,NULL,2,4,2,1,0,0,1,NULL,NULL,1,0,5,50
201900039161,29,8,2019,06:10:00,5,31,31555,2,1,1,2,"BD ANDRE NETWILLER","43,6429000","1,4640800",201900039161,138 232 485,B01,1,1,0,2,4,1,5,NULL,201900039161,138 232 484,A01,1,1,1,1,1988,5,1,7,-1,-1,0,-1,201900039161,4,NULL,0,NULL,2,2,1,1,0,0,2,NULL,NULL,1,0,1,50
201900039161,29,8,2019,06:10:00,5,31,31555,2,1,1,2,"BD ANDRE NETWILLER","43,6429000","1,4640800",201900039161,138 232 485,B01,1,1,0,2,4,1,5,NULL,201900039161,138 232 485,B01,1,1,2,2,1990,5,2,0,-1,-1,0,-1,201900039161,4,NULL,0,NULL,2,2,1,1,0,0,2,NULL,NULL,1,0,1,50
201900039492,2,4,2019,08:37:00,1,77,77152,1,3,1,3,"D142 - PONTHIERRY(ROUTE DE)","48,5127500","2,5912900",201900039492,138 231 871,B01,3,1,0,2,1,16,5,NULL,201900039492,138 231 871,B01,1,1,3,1,1939,5,2,8,-1,-1,0,-1,201900039492,3,142,0,NULL,2,2,0,2,2,765,1,NULL,NULL,2,0,1,70
201900039492,2,4,2019,08:37:00,1,77,77152,1,3,1,3,"D142 - PONTHIERRY(ROUTE DE)","48,5127500","2,5912900",201900039492,138 231 871,B01,3,1,0,2,1,16,5,NULL,201900039492,138 231 872,A01,1,1,1,1,1964,4,1,8,-1,-1," -1",-1,201900039492,3,142,0,NULL,2,2,0,2,2,765,1,NULL,NULL,2,0,1,70
201900039883,10,12,2019,09:00:00,1,93,93055,2,1,1,3,"JEAN LOLIVE (AVENUE)(75/105.88/106)","48,8939000","2,4145000",201900039883,138 231 090,B01,3,1,0,2,8,19,5,NULL,201900039883,138 231 089,A01,1,1,1,1,1961,0,1,0,-1,-1," -1",-1,201900039883,3,933,0,NULL,3,4,0,1,0,0,1,NULL,NULL,1,0,1,50
201900039883,10,12,2019,09:00:00,1,93,93055,2,1,1,3,"JEAN LOLIVE (AVENUE)(75/105.88/106)","48,8939000","2,4145000",201900039883,138 231 090,B01,3,1,0,2,8,19,5,NULL,201900039883,138 231 090,B01,1,1,4,1,1993,0,8,0,-1,-1," -1",-1,201900039883,3,933,0,NULL,3,4,0,1,0,0,1,NULL,NULL,1,0,1,50
201900047352,22,5,2019,15:30:00,1,81,81026,1,1,1,1,"RD 77 - PK04+500","43,9197160","2,3028860",201900047352,138 217 013,A01,2,1,0,2,1,13,5,NULL,201900047352,138 217 013,A01,1,1,3,1,1953,5,2,-1,-1,0,0,-1,201900047352,3,77,NULL,NULL,2,2,0,2,4,500,2,NULL,NULL,1,0,1,80
201900047352,22,5,2019,15:30:00,1,81,81026,1,1,1,1,"RD 77 - PK04+500","43,9197160","2,3028860",201900047352,138 217 013,A01,2,1,0,2,1,13,5,NULL,201900047352,138 217 014,B01,1,1,1,2,1966,3,1,-1,-1,0,0,-1,201900047352,3,77,NULL,NULL,2,2,0,2,4,500,2,NULL,NULL,1,0,1,80
201900047731,19,2,2019,00:12:00,5,75,75114,2,4,1,7,"RUE DE LA SABLIERE","48,8317320","2,3239870",201900047731,138 216 287,A01,0,1,0,0,0,1,5,NULL,201900047731,138 216 287,A01,1,1,4,1,1970,0,8,0,-1,0,0,-1,201900047731,4,"RUE DE LA SABLIERE",0,NULL,1,1,0,1,0,0,1,NULL,NULL,1,0,1,50
201900048098,10,1,2019,10:45:00,1,75,75105,2,2,1,3,"RUE MONGE","48,8437820","2,3523010",201900048098,138 215 629,B01,1,1,0,2,2,1,5,NULL,201900048098,138 215 629,B01,1,1,4,1,1989,1,2,0,-1,0,0,-1,201900048098,4,"RUE MONGE",0,NULL,1,1,0,2,1,0,1,NULL,NULL,1,0,1,30
201900048098,10,1,2019,10:45:00,1,75,75105,2,2,1,3,"RUE MONGE","48,8437820","2,3523010",201900048098,138 215 629,B01,1,1,0,2,2,1,5,NULL,201900048098,138 215 630,A01,1,1,1,1,1975,4,1,0,-1,0,0,-1,201900048098,4,"RUE MONGE",0,NULL,1,1,0,2,1,0,1,NULL,NULL,1,0,1,30
201900048558,22,8,2019,16:05:00,1,75,75110,2,2,1,3,"RUE PHILIPPE DE GIRARD","48,8806240","2,3620100",201900048558,138 214 761,A01,2,1,0,2,6,1,5,NULL,201900048558,138 214 761,A01,1,1,4,1,1989,0,2,0,-1,0,0,-1,201900048558,4,"RUE PHILIPPE DE GIRARD",0,NULL,1,1,0,2,0,0,1,NULL,NULL,1,0,1,50
201900048558,22,8,2019,16:05:00,1,75,75110,2,2,1,3,"RUE PHILIPPE DE GIRARD","48,8806240","2,3620100",201900048558,138 214 761,A01,2,1,0,2,6,1,5,NULL,201900048558,138 214 762,B01,2,2,1,1,2002,0,2,6,-1,0,0,-1,201900048558,4,"RUE PHILIPPE DE GIRARD",0,NULL,1,1,0,2,0,0,1,NULL,NULL,1,0,1,50
201900048558,22,8,2019,16:05:00,1,75,75110,2,2,1,3,"RUE PHILIPPE DE GIRARD","48,8806240","2,3620100",201900048558,138 214 761,A01,2,1,0,2,6,1,5,NULL,201900048558,138 214 762,B01,1,1,4,1,1992,0,2,6,-1,0,0,-1,201900048558,4,"RUE PHILIPPE DE GIRARD",0,NULL,1,1,0,2,0,0,1,NULL,NULL,1,0,1,50
201900048812,31,3,2019,18:40:00,1,72,72020,1,9,1,7,d59,"48,2345796","0,6522596",201900048812,138 214 310,A01,2,1,0,0,7,1,5,NULL,201900048812,138 214 310,A01,1,1,3,1,2004,5,2,-1,-1,0,0,-1,201900048812,3,59,NULL,NULL,2,2,0,2,(1),(1),2,NULL,NULL,1,0,1,80
201900049657,20,2,2019,07:00:00,2,69,69388,2,1,1,6,"FRERES LUMIERE (DES)                (AV)","45,7446500","4,8679000",201900049657,138 212 754,B01,1,1,1,0,0,0,0,NULL,201900049657,138 212 754,B01,1,1,4,2,1990,1,2,8,-1,0,0,-1,201900049657,4,"FRERES LUMIERE (DES)                (AV)",0,NULL,2,3,1,1,0,0,1,NULL,NULL,1,0,1,50
201900049657,20,2,2019,07:00:00,2,69,69388,2,1,1,6,"FRERES LUMIERE (DES)                (AV)","45,7446500","4,8679000",201900049657,138 212 754,B01,1,1,1,0,0,0,0,NULL,201900049657,138 212 755,A01,1,1,1,1,1967,1,8,0,-1,0,0,-1,201900049657,4,"FRERES LUMIERE (DES)                (AV)",0,NULL,2,3,1,1,0,0,1,NULL,NULL,1,0,1,50
201900049802,25,10,2019,15:35:00,1,86,86224,2,1,1,3,"Rue de Pontoise","46,9007110","0,4087210",201900049802,138 212 469,B01,3,1,0,2,3,0,5,NULL,201900049802,138 212 469,B01,1,1,3,1,2008,5,0,-1,-1,0,0,-1,201900049802,4,NULL,NULL,NULL,2,2,0,1,6,500,2,NULL,NULL,1,0,1,50
201900052241,29,3,2019,09:00:00,1,45,45286,2,3,1,3,"RTE DE SANDILLON - RTE DE ST CYR","47,8801400","1,9345500",201900052241,138 207 873,B01,2,1,0,0,0,19,5,NULL,201900052241,138 207 873,B01,1,1,4,1,2006,2,8,0,-1,-1," -1",-1,201900052241,3,951,0,NULL,2,2,0,1,89,550,1,NULL,NULL,1,5,1,50
201900052751,3,12,2019,18:20:00,5,33,33529,2,3,1,3,"R.VICTOR HUGO / R.GENERAL GALLIENI","44,6322300"," -1,1497900",201900052751,138 206 855,Y01,2,1,0,2,1,1,5,NULL,201900052751,138 206 854,A01,1,1,1,2,1941,5,1,0,-1,-1," -1",-1,201900052751,4,"HUGO (RUE VICTOR)",0,NULL,2,2,0,1,0,0,1,NULL,NULL,1,0,1,30
201900052751,3,12,2019,18:20:00,5,33,33529,2,3,1,3,"R.VICTOR HUGO / R.GENERAL GALLIENI","44,6322300"," -1,1497900",201900052751,138 206 855,Y01,2,1,0,2,1,1,5,NULL,201900052751,138 206 855,Y01,1,1,4,1,1982,1,8,0,-1,-1," -1",-1,201900052751,4,"HUGO (RUE VICTOR)",0,NULL,2,2,0,1,0,0,1,NULL,NULL,1,0,1,30
201900052854,26,5,2019,14:15:00,1,90,90042,2,1,1,1,"33 Rue de la Forêt","47,6577380","6,7838680",201900052854,138 206 657,B01,0,1,0,2,1,1,5,NULL,201900052854,138 206 656,A01,1,1,1,1,1957,5,1,-1,-1,0,0,-1,201900052854,4,NULL,NULL,NULL,2,2,0,1,(1),(1),3,NULL,NULL,1,0,1,50
201900052854,26,5,2019,14:15:00,1,90,90042,2,1,1,1,"33 Rue de la Forêt","47,6577380","6,7838680",201900052854,138 206 657,B01,0,1,0,2,1,1,5,NULL,201900052854,138 206 657,B01,1,1,3,1,1982,-1,0,0,0,-1," -1",-1,201900052854,4,NULL,NULL,NULL,2,2,0,1,(1),(1),3,NULL,NULL,1,0,1,50
201900054826,8,6,2019,10:10:00,1,7,07316,2,9,1,3,"rue des sabotiers","44,9192100","4,8619100",201900054826,138 203 032,A01,3,1,0,2,8,26,5,NULL,201900054826,138 203 030,B01,1,1,1,2,1943,3,1,0,-1,-1," -1",-1,201900054826,4,NULL,0,NULL,2,1,0,1,0,0,2,NULL,NULL,1,0,1,50
201900054826,8,6,2019,10:10:00,1,7,07316,2,9,1,3,"rue des sabotiers","44,9192100","4,8619100",201900054826,138 203 032,A01,3,1,0,2,8,26,5,NULL,201900054826,138 203 032,A01,1,1,4,1,1967,0,8,0,-1,-1," -1",-1,201900054826,4,NULL,0,NULL,2,1,0,1,0,0,2,NULL,NULL,1,0,1,50
201900055297,3,1,2019,13:35:00,1,75,75114,2,3,1,3,"RUE DAREAU","48,8314320","2,3380120",201900055297,138 202 104,A01,1,1,0,2,1,1,5,NULL,201900055297,138 202 103,B01,1,1,1,1,1978,4,1,0,-1,0,0,-1,201900055297,4,"RUE DAREAU",0,NULL,2,2,1,1,0,0,1,NULL,NULL,1,0,1,30
201900055297,3,1,2019,13:35:00,1,75,75114,2,3,1,3,"RUE DAREAU","48,8314320","2,3380120",201900055297,138 202 104,A01,1,1,0,2,1,1,5,NULL,201900055297,138 202 104,A01,1,1,4,2,1990,1,2,0,-1,0,0,-1,201900055297,4,"RUE DAREAU",0,NULL,2,2,1,1,0,0,1,NULL,NULL,1,0,1,30
201900056353,13,2,2019,08:35:00,1,64,64284,2,6,1,2,BEAUVALLON,"43,2857279"," -0,3995755",201900056353,138 200 173,B01,2,1,0,2,6,0,5,NULL,201900056353,138 200 173,B01,1,1,4,1,1978,9,2,0,-1,0,0,-1,201900056353,3,268,0,NULL,2,2,0,1,0,0,1,NULL,NULL,1,0,1,50
201900056353,13,2,2019,08:35:00,1,64,64284,2,6,1,2,BEAUVALLON,"43,2857279"," -0,3995755",201900056353,138 200 173,B01,2,1,0,2,6,0,5,NULL,201900056353,138 200 179,A01,1,1,1,1,1957,9,1,0,-1,0,0,-1,201900056353,3,268,0,NULL,2,2,0,1,0,0,1,NULL,NULL,1,0,1,50
201900056893,15,2,2019,19:50:00,5,75,75115,2,2,1,3,"RUE DE DANTZIG","48,8352390","2,3004690",201900056893,138 199 171,B01,2,1,0,2,1,1,5,NULL,201900056893,138 199 169,A01,1,1,1,1,1953,4,1,0,-1,0,0,-1,201900056893,4,"RUE DE DANTZIG",0,NULL,1,2,0,1,0,0,1,NULL,NULL,1,0,1,30
201900056893,15,2,2019,19:50:00,5,75,75115,2,2,1,3,"RUE DE DANTZIG","48,8352390","2,3004690",201900056893,138 199 171,B01,2,1,0,2,1,1,5,NULL,201900056893,138 199 171,B01,1,1,4,2,1988,4,2,0,-1,0,0,-1,201900056893,4,"RUE DE DANTZIG",0,NULL,1,2,0,1,0,0,1,NULL,NULL,1,0,1,30
201900057924,21,9,2019,17:20:00,1,75,75115,2,7,1,2,"PLACE CAMBRONNE","48,8477589","2,3017430",201900057924,138 197 279,A01,1,1,0,2,2,2,5,NULL,201900057924,138 197 277,B01,1,1,1,1,1937,0,1,0,-1,0,0,-1,201900057924,4,"PLACE CAMBRONNE",0,NULL,1,2,0,1,0,0,2,NULL,NULL,1,0,1,50
201900057924,21,9,2019,17:20:00,1,75,75115,2,7,1,2,"PLACE CAMBRONNE","48,8477589","2,3017430",201900057924,138 197 279,A01,1,1,0,2,2,2,5,NULL,201900057924,138 197 279,A01,1,1,4,1,1986,0,8,2,-1,0,0,-1,201900057924,4,"PLACE CAMBRONNE",0,NULL,1,2,0,1,0,0,2,NULL,NULL,1,0,1,50
201900058325,26,3,2019,11:30:00,1,92,92025,2,2,1,3,"VOIES DU BOIS (RUE DES)","48,9152200","2,2466820",201900058325,138 196 573,B01,1,1,0,2,1,1,5,NULL,201900058325,138 196 570,A01,1,1,1,1,1950,5,1,0,-1,-1,0,-1,201900058325,4,"VOIES DU BOIS (RUE DES)",0,NULL,2,2,0,1,0,0,1,NULL,NULL,1,8,1,30
201900058325,26,3,2019,11:30:00,1,92,92025,2,2,1,3,"VOIES DU BOIS (RUE DES)","48,9152200","2,2466820",201900058325,138 196 573,B01,1,1,0,2,1,1,5,NULL,201900058325,138 196 573,B01,1,1,3,2,1980,0,8,0,-1,-1,0,-1,201900058325,4,"VOIES DU BOIS (RUE DES)",0,NULL,2,2,0,1,0,0,1,NULL,NULL,1,8,1,30
201900058570,19,6,2019,00:45:00,5,94,94028,2,3,1,3,"TASSIGNY(AVE DU MARECHAL DE LATTRE DE)","48,8003800","2,4512200",201900058570,138 196 116,B01,3,1,0,2,1,19,0,NULL,201900058570,138 196 115,A01,1,1,1,1,1995,5,8,0,-1,-1,0,-1,201900058570,3,19,0,A,-1,2,1,1,0,0,1,NULL,NULL,1,0,1,50