Num_Acc,jour,mois,an,hrmn,lum,dep,com,agg,int,atm,col,adr,lat,long,Num_Acc,id_vehicule,num_veh,senc,catv,obs,obsm,choc,manv,motor,occutc,Num_Acc,id_vehicule,num_veh,place,catu,grav,sexe,an_nais,trajet,secu1,secu2,secu3,locp,actp,etatp,Num_Acc,catr,voie,v1,v2,circ,nbv,vosp,prof,pr,pr1,plan,lartpc,larrout,surf,infra,situ,vma
201900058570,19,6,2019,00:45:00,5,94,94028,2,3,1,3,"TASSIGNY(AVE DU MARECHAL DE LATTRE DE)","48,8003800","2,4512200",201900058570,138 196 116,B01,3,1,0,2,1,19,0,NULL,201900058570,138 196 116,B01,1,1,4,1,1968,9,2,0,-1,-1,0,-1,201900058570,3,19,0,A,-1,2,1,1,0,0,1,NULL,NULL,1,0,1,50
201900009468,17,9,2019,18:30:00,1,62,62869,1,1,1,1,"rue de Dainville","50,2461580","2,7213490",201900009468,138 288 794,A01,0,1,0,0,1,13,5,NULL,201900009468,138 288 793,B01,1,1,1,2,1968,0,1,-1,-1,0,0,-1,201900009468,4,NULL,NULL,NULL,2,2,0,2,(1),(1),4,NULL,NULL,1,0,1,80
201900009468,17,9,2019,18:30:00,1,62,62869,1,1,1,1,"rue de Dainville","50,2461580","2,7213490",201900009468,138 288 794,A01,0,1,0,0,1,13,5,NULL,201900009468,138 288 794,A01,1,1,3,1,2003,2,0,-1,-1,0,0,-1,201900009468,4,NULL,NULL,NULL,2,2,0,2,(1),(1),4,NULL,NULL,1,0,1,80
201900010501,25,4,2019,19:25:00,1,75,75117,2,1,1,3,"BOULEVARD DE REIMS","48,8911240","2,2992230",201900010501,138 286 928,A01,3,1,0,2,8,19,5,NULL,201900010501,138 286 928,A01,1,1,4,2,1992,5,2,0,-1,0,0,-1,201900010501,4,"BOULEVARD DE REIMS",0,NULL,1,1,0,1,0,0,1,NULL,NULL,1,0,1,30
201900010501,25,4,2019,19:25:00,1,75,75117,2,1,1,3,"BOULEVARD DE REIMS","48,8911240","2,2992230",201900010501,138 286 928,A01,3,1,0,2,8,19,5,NULL,201900010501,138 286 929,B01,1,1,1,1,1959,5,1,0,-1,0,0,-1,201900010501,4,"BOULEVARD DE REIMS",0,NULL,1,1,0,1,0,0,1,NULL,NULL,1,0,1,30
201900011812,5,2,2019,10:00:00,1,75,75109,2,3,1,3,"RUE MAYRAN","48,8764700","2,3461810",201900011812,138 284 489,B01,1,1,0,2,0,16,5,NULL,201900011812,138 284 488,A01,1,1,1,2,1989,1,1,0,-1,0,0,-1,201900011812,4,"RUE MAYRAN",0,NULL,1,1,1,1,0,0,1,NULL,NULL,1,0,1,50
201900011812,5,2,2019,10:00:00,1,75,75109,2,3,1,3,"RUE MAYRAN","48,8764700","2,3461810",201900011812,138 284 489,B01,1,1,0,2,0,16,5,NULL,201900011812,138 284 489,B01,1,1,4,1,1988,9,2,0,-1,0,0,-1,201900011812,4,"RUE MAYRAN",0,NULL,1,1,1,1,0,0,1,NULL,NULL,1,0,1,50
201900011935,17,10,2019,20:50:00,5,37,37233,2,1,2,6,"STALINGRAD (AVENUE)","47,3903200","0,7357200",201900011935,138 284 250,B01,1,1,0,2,4,0,5,NULL,201900011935,138 284 250,B01,1,1,3,1,1970,0,8,0,-1,-1," -1",-1,201900011935,4,"STALINGRAD (AVENUE)",0,NULL,2,2,1,1,0,0,1,NULL,NULL,2,0,1,50
201900018674,26,12,2019,07:10:00,5,75,75114,2,1,1,3,"BOULEVARD JOURDAN","48,8196464","2,3419298",201900018674,138 271 509,B01,2,1,0,2,0,1,5,NULL,201900018674,138 271 508,A01,1,1,1,1,1992,1,8,2,-1,0,0,-1,201900018674,4,"BOULEVARD JOURDAN",0,NULL,3,2,1,2,7,0,1,NULL,NULL,1,0,5,50
201900018674,26,12,2019,07:10:00,5,75,75114,2,1,1,3,"BOULEVARD JOURDAN","48,8196464","2,3419298",201900018674,138 271 508,A01,2,1,0,2,0,9,5,NULL,201900018674,138 271 508,A01,1,1,1,1,1992,1,8,2,-1,0,0,-1,201900018674,4,"BOULEVARD JOURDAN",0,NULL,3,2,1,2,7,0,1,NULL,NULL,1,0,5,50
201900018674,26,12,2019,07:10:00,5,75,75114,2,1,1,3,"BOULEVARD JOURDAN","48,8196464","2,3419298",201900018674,138 271 509,B01,2,1,0,2,0,1,5,NULL,201900018674,138 271 509,B01,1,1,3,1,1975,1,2,0,-1,0,0,-1,201900018674,4,"BOULEVARD JOURDAN",0,NULL,3,2,1,2,7,0,1,NULL,NULL,1,0,5,50
201900018674,26,12,2019,07:10:00,5,75,75114,2,1,1,3,"BOULEVARD JOURDAN","48,8196464","2,3419298",201900018674,138 271 508,A01,2,1,0,2,0,9,5,NULL,201900018674,138 271 509,B01,1,1,3,1,1975,1,2,0,-1,0,0,-1,201900018674,4,"BOULEVARD JOURDAN",0,NULL,3,2,1,2,7,0,1,NULL,NULL,1,0,5,50
201900019559,1,7,2019,10:40:00,1,13,13209,2,1,1,3,"RABUTIN CHA (RUE)","43,2622340","5,4005990",201900019559,138 269 857,B01,3,1,0,2,7,0,5,NULL,201900019559,138 269 856,A01,1,1,1,2,1948,0,1,0,-1,-1," -1",-1,201900019559,4,"RABUTIN CHA (RUE)",0,NULL,2,1,0,1,1,0,1,NULL,NULL,1,0,1,30
201900019559,1,7,2019,10:40:00,1,13,13209,2,1,1,3,"RABUTIN CHA (RUE)","43,2622340","5,4005990",201900019559,138 269 857,B01,3,1,0,2,7,0,5,NULL,201900019559,138 269 857,B01,1,1,4,1,1928,0,8,0,-1,-1," -1",-1,201900019559,4,"RABUTIN CHA (RUE)",0,NULL,2,1,0,1,1,0,1,NULL,NULL,1,0,1,30
201900020439,17,12,2019,20:05:00,5,33,33063,2,2,1,3,"CRS DE LA SOMME","44,8270800"," -0,5724600",201900020439,138 268 179,B01,2,1,0,2,0,16,5,NULL,201900020439,138 268 179,B01,1,1,3,1,2001,0,8,0,-1,-1," -1",-1,201900020439,4,"CRS DE LA SOMME",0,NULL,2,2,-1,1,(1),(1),1,NULL,NULL,1,0,1,50
201900020439,17,12,2019,20:05:00,5,33,33063,2,2,1,3,"CRS DE LA SOMME","44,8270800"," -0,5724600",201900020439,138 268 179,B01,2,1,0,2,0,16,5,NULL,201900020439,138 268 180,A01,1,1,1,1,1995,0,8,0,-1,-1," -1",-1,201900020439,4,"CRS DE LA SOMME",0,NULL,2,2,-1,1,(1),(1),1,NULL,NULL,1,0,1,50
201900023464,23,5,2019,11:05:00,1,77,77372,1,3,1,3,"D934 X LIBERATION (RUE DE  LA)","48,8823881","2,6533917",201900023464,138 262 341,B01,2,1,0,2,1,0,0,NULL,201900023464,138 262 341,B01,1,1,3,1,1962,5,2,8,-1,-1,0,-1,201900023464,3,934,0,NULL,2,2,0,1,6,749,1,NULL,NULL,1,0,1,80
201900023464,23,5,2019,11:05:00,1,77,77372,1,3,1,3,"D934 X LIBERATION (RUE DE  LA)","48,8823881","2,6533917",201900023464,138 262 341,B01,2,1,0,2,1,0,0,NULL,201900023464,138 262 342,A01,1,1,1,1,1939,0,1,0,-1,-1,0,-1,201900023464,3,934,0,NULL,2,2,0,1,6,749,1,NULL,NULL,1,0,1,80
201900024040,28,1,2019,16:50:00,1,34,34172,2,1,1,2,"GRAND SAINT JEAN (RUE DU)","43,6052900","3,8753100",201900024040,138 261 151,A01,0,1,0,2,8,19,5,NULL,201900024040,138 261 150,B01,1,1,4,1,1949,0,2,0,-1,0,0,-1,201900024040,4,"GRAND SAINT JEAN (RUE DU)",0,NULL,2,3,0,1,(1),(1),1,NULL,NULL,1,0,1,50
201900024040,28,1,2019,16:50:00,1,34,34172,2,1,1,2,"GRAND SAINT JEAN (RUE DU)","43,6052900","3,8753100",201900024040,138 261 151,A01,0,1,0,2,8,19,5,NULL,201900024040,138 261 151,A01,1,1,1,1,1984,0,8,0,-1,0,0,-1,201900024040,4,"GRAND SAINT JEAN (RUE DU)",0,NULL,2,3,0,1,(1),(1),1,NULL,NULL,1,0,1,50
201900027931,26,1,2019,14:00:00,1,56,56260,2,6,8,3,"JEAN XXIII(PLACE)","47,6561100"," -2,7644600",201900027931,138 253 784,B01,3,1,0,2,7,0,5,NULL,201900027931,138 253 784,B01,1,1,4,2,1960,1,2,8,-1,0,0,-1,201900027931,4,"JEAN XXIII (PLACE)",0,NULL,1,1,0,1,0,0,2,NULL,NULL,2,9,1,30
201900028758,27,7,2019,02:00:00,3,44,44109,2,2,8,3,"AVENUE CARNOT/ RUE JEMMAPES","47,2132500"," -1,5447300",201900028758,138 252 230,B01,0,1,0,0,0,1,5,NULL,201900028758,138 252 229,A01,1,1,1,1,1985,0,1,-1,-1,0,0,-1,201900028758,4,NULL,0,NULL,2,0,0,1,1,0,1,NULL,NULL,1,9,1,30
201900028758,27,7,2019,02:00:00,3,44,44109,2,2,8,3,"AVENUE CARNOT/ RUE JEMMAPES","47,2132500"," -1,5447300",201900028758,138 252 230,B01,0,1,0,0,0,1,5,NULL,201900028758,138 252 230,B01,1,1,4,1,1994,0,8,0,-1,0,0,-1,201900028758,4,NULL,0,NULL,2,0,0,1,1,0,1,NULL,NULL,1,9,1,30
201900033469,22,6,2019,14:25:00,1,92,92023,2,1,1,3,"PORTE DE TRIVAUX (RUE DE) N°57 A 197 ET","48,7864200","2,2439700",201900033469,138 243 304,B01,3,1,0,2,1,19,5,NULL,201900033469,138 243 303,A01,1,1,1,2,1934,3,1,8,-1,-1,0,-1,201900033469,3,80,0,NULL,2,2,0,1,0,0,1,NULL,NULL,1,0,1,50
201900033469,22,6,2019,14:25:00,1,92,92023,2,1,1,3,"PORTE DE TRIVAUX (RUE DE) N°57 A 197 ET","48,7864200","2,2439700",201900033469,138 243 304,B01,3,1,0,2,1,19,5,NULL,201900033469,138 243 304,B01,1,1,3,1,2010,0,8,0,-1,-1,0,-1,201900033469,3,80,0,NULL,2,2,0,1,0,0,1,NULL,NULL,1,0,1,50
201900033753,3,9,2019,19:15:00,2,91,91017,2,1,1,1,"21 Grande Rue","48,5919140","2,0671080",201900033753,138 242 775,B01,1,1,0,2,3,1,5,NULL,201900033753,138 242 774,A01,1,1,1,1,1991,5,1,-1,-1,0,0,-1,201900033753,3,132,0,D,2,2,0,1,(1),(1),1,NULL,NULL,1,0,1,30
201900033753,3,9,2019,19:15:00,2,91,91017,2,1,1,1,"21 Grande Rue","48,5919140","2,0671080",201900033753,138 242 775,B01,1,1,0,2,3,1,5,NULL,201900033753,138 242 775,B01,1,1,4,1,1969,5,0,-1,-1,0,0,-1,201900033753,3,132,0,D,2,2,0,1,(1),(1),1,NULL,NULL,1,0,1,30
201900037548,22,2,2019,18:55:00,5,31,31555,2,1,1,3,"AV DU COLONEL ROCHE","43,5649600","1,4700100",201900037548,138 235 424,B01,3,1,0,2,0,9,5,NULL,201900037548,138 235 424,B01,1,1,3,2,1991,9,2,0,-1,-1,0,-1,201900037548,4,"AV DU COLONEL ROCHE",0,NULL,2,2,3,2,0,0,1,NULL,NULL,1,0,1,50
201900037548,22,2,2019,18:55:00,5,31,31555,2,1,1,3,"AV DU COLONEL ROCHE","43,5649600","1,4700100",201900037548,138 235 424,B01,3,1,0,2,0,9,5,NULL,201900037548,138 235 425,A01,1,1,1,1,1981,4,1,8,-1,-1,0,-1,201900037548,4,"AV DU COLONEL ROCHE",0,NULL,2,2,3,2,0,0,1,NULL,NULL,1,0,1,50
201900037580,23,2,2019,14:00:00,1,19,19031,2,3,1,3,"BUFFET (AVENUE CAPITAINE ANDRE)","45,1639200","1,5521200",201900037580,138 235 367,B01,1,1,0,2,7,1,5,NULL,201900037580,138 235 366,A01,1,1,1,2,1949,0,1,0,-1,-1," -1",-1,201900037580,4,"BUFFET (AVENUE CAPITAINE ANDRE)",0,NULL,2,2,0,1,0,0,1,NULL,NULL,1,0,1,50
201900037580,23,2,2019,14:00:00,1,19,19031,2,3,1,3,"BUFFET (AVENUE CAPITAINE ANDRE)","45,1639200","1,5521200",201900037580,138 235 367,B01,1,1,0,2,7,1,5,NULL,201900037580,138 235 367,B01,1,1,4,1,1989,0,2,0,-1,-1," -1",-1,201900037580,4,"BUFFET (AVENUE CAPITAINE ANDRE)",0,NULL,2,2,0,1,0,0,1,NULL,NULL,1,0,1,50
201900037889,21,7,2019,10:00:00,1,59,59090,2,6,1,1,"GAULLE (AVENUE DU GENERAL DE)","50,7197600","3,1095100",201900037889,138 234 779,B01,2,1,0,2,1,1,0,NULL,201900037889,138 234 778,A01,2,2,1,2,1995,9,1,0,-1,-1,0,-1,201900037889,4,"GAULLE (AVENUE DU GENERAL DE)",0,NULL,2,3,3,1,0,0,1,NULL,NULL,1,5,1,50
201900037889,21,7,2019,10:00:00,1,59,59090,2,6,1,1,"GAULLE (AVENUE DU GENERAL DE)","50,7197600","3,1095100",201900037889,138 234 779,B01,2,1,0,2,1,1,0,NULL,201900037889,138 234 778,A01,1,1,1,2,1974,0,1,0,-1,-1,0,-1,201900037889,4,"GAULLE (AVENUE DU GENERAL DE)",0,NULL,2,3,3,1,0,0,1,NULL,NULL,1,5,1,50
201900037889,21,7,2019,10:00:00,1,59,59090,2,6,1,1,"GAULLE (AVENUE DU GENERAL DE)","50,7197600","3,1095100",201900037889,138 234 779,B01,2,1,0,2,1,1,0,NULL,201900037889,138 234 779,B01,1,1,4,1,1985,0,8,0,-1,-1,0,-1,201900037889,4,"GAULLE (AVENUE DU GENERAL DE)",0,NULL,2,3,3,1,0,0,1,NULL,NULL,1,5,1,50
201900037991,11,12,2019,07:58:00,1,63,63113,2,1,1,6,"PRADELLE (RUE DE LA)","45,7734000","3,0966400",201900037991,138 234 612,B01,2,1,0,2,1,5,5,NULL,201900037991,138 234 612,B01,1,1,4,1,1986,0,8,0,-1,-1," -1",-1,201900037991,4,"PRADELLE (RUE DE LA)",0,NULL,1,1,0,1,(1),(1),1,NULL,NULL,1,0,1,30
201900037991,11,12,2019,07:58:00,1,63,63113,2,1,1,6,"PRADELLE (RUE DE LA)","45,7734000","3,0966400",201900037991,138 234 612,B01,2,1,0,2,1,5,5,NULL,201900037991,138 234 613,A01,1,1,1,1,1979,0,1,0,-1,0,0,-1,201900037991,4,"PRADELLE (RUE DE LA)",0,NULL,1,1,0,1,(1),(1),1,NULL,NULL,1,0,1,30
201900039380,26,2,2019,10:50:00,1,75,75117,2,7,1,2,"PLACE PAUL LEAUTAUD","48,8872280","2,2979680",201900039380,138 232 071,B01,1,1,0,2,4,2,5,NULL,201900039380,138 232 071,B01,1,1,4,1,1965,4,2,0,-1,0,0,-1,201900039380,4,"PLACE PAUL LEAUTAUD",0,NULL,1,2,0,1,0,0,2,NULL,NULL,1,0,1,50
201900039380,26,2,2019,10:50:00,1,75,75117,2,7,1,2,"PLACE PAUL LEAUTAUD","48,8872280","2,2979680",201900039380,138 232 071,B01,1,1,0,2,4,2,5,NULL,201900039380,138 232 072,A01,1,1,1,1,1978,4,1,0,-1,0,0,-1,201900039380,4,"PLACE PAUL LEAUTAUD",0,NULL,1,2,0,1,0,0,2,NULL,NULL,1,0,1,50
201900039412,26,2,2019,15:40:00,1,75,75112,2,1,1,3,"AVENUE EMILE LAURENT","48,8411750","2,4123390",201900039412,138 232 016,B01,1,1,1,2,4,1,5,NULL,201900039412,138 232 015,A01,1,1,1,1,1959,5,1,0,-1,0,0,-1,201900039412,4,"AVENUE EMILE LAURENT",0,NULL,2,2,0,2,0,0,1,NULL,NULL,1,0,1,50
201900039412,26,2,2019,15:40:00,1,75,75112,2,1,1,3,"AVENUE EMILE LAURENT","48,8411750","2,4123390",201900039412,138 232 016,B01,1,1,1,2,4,1,5,NULL,201900039412,138 232 016,B01,1,1,4,1,1951,5,2,0,-1,0,0,-1,201900039412,4,"AVENUE EMILE LAURENT",0,NULL,2,2,0,2,0,0,1,NULL,NULL,1,0,1,50
201900040487,30,10,2019,13:20:00,1,32,32304,1,1,1,1,D128,"43,3784720","0,5754100",201900040487,138 230 024,A01,2,1,0,2,1,13,5,NULL,201900040487,138 230 024,A01,1,1,3,1,1942,5,2,-1,-1,0,0,-1,201900040487,3,128,NULL,NULL,2,2,0,2,1,660,4,NULL,NULL,1,0,1,80
201900040487,30,10,2019,13:20:00,1,32,32304,1,1,1,1,D128,"43,3784720","0,5754100",201900040487,138 230 024,A01,2,1,0,2,1,13,5,NULL,201900040487,138 230 025,B01,1,1,1,1,1982,4,8,-1,-1,0,0,-1,201900040487,3,128,NULL,NULL,2,2,0,2,1,660,4,NULL,NULL,1,0,1,80
201900045356,9,12,2019,12:50:00,1,75,75109,2,1,1,6,"BOULEVARD DE CLICHY","48,8834490","2,3333313",201900045356,138 220 807,A01,1,1,0,2,2,2,5,NULL,201900045356,138 220 807,A01,1,1,4,2,1996,2,2,8,-1,0,0,-1,201900045356,4,"BOULEVARD DE CLICHY",0,NULL,3,2,0,1,55,0,1,NULL,NULL,2,0,1,50
201900047559,7,6,2019,11:35:00,1,67,67462,1,3,1,3,"VIEUX CHEMIN DE SCHERWILLER (RUE DU)","48,2740100","7,4369700",201900047559,138 216 636,A01,3,1,0,2,1,15,5,NULL,201900047559,138 216 635,B01,1,1,1,2,1942,0,1,8,-1,-1,0,-1,201900047559,4,"SAPINS (RUE DES)",0,NULL,2,2,1,1,1,0,1,NULL,NULL,1,0,1,80
201900047559,7,6,2019,11:35:00,1,67,67462,1,3,1,3,"VIEUX CHEMIN DE SCHERWILLER (RUE DU)","48,2740100","7,4369700",201900047559,138 216 636,A01,3,1,0,2,1,15,5,NULL,201900047559,138 216 636,A01,1,1,3,1,1956,0,2,0,-1,-1,0,-1,201900047559,4,"SAPINS (RUE DES)",0,NULL,2,2,1,1,1,0,1,NULL,NULL,1,0,1,80
201900047591,6,6,2019,15:45:00,1,64,64348,2,6,1,3,"SANTONA DE","43,3209611"," -0,3920649",201900047591,138 216 573,B01,1,1,0,2,1,1,5,NULL,201900047591,138 216 573,B01,1,1,4,1,1959,0,8,0,-1,0,0,-1,201900047591,3,834,0,NULL,1,2,0,1,33,870,2,NULL,NULL,1,0,1,50
201900047591,6,6,2019,15:45:00,1,64,64348,2,6,1,3,"SANTONA DE","43,3209611"," -0,3920649",201900047591,138 216 573,B01,1,1,0,2,1,1,5,NULL,201900047591,138 216 574,A01,1,1,1,2,1963,1,1,0,-1,0,0,-1,201900047591,3,834,0,NULL,1,2,0,1,33,870,2,NULL,NULL,1,0,1,50
201900049670,3,11,2019,08:40:00,1,34,34202,2,9,2,3,"Route de Saussan","43,5801140","3,7675690",201900049670,138 212 724,B01,3,1,0,2,8,19,5,NULL,201900049670,138 212 723,A01,1,1,1,1,1980,3,1,-1,-1,0,0,-1,201900049670,4,27,NULL,D,2,2,0,1,(1),(1),3,NULL,NULL,2,5,1,50
201900049670,3,11,2019,08:40:00,1,34,34202,2,9,2,3,"Route de Saussan","43,5801140","3,7675690",201900049670,138 212 724,B01,3,1,0,2,8,19,5,NULL,201900049670,138 212 724,B01,1,1,4,1,1942,5,2,-1,-1,0,0,-1,201900049670,4,27,NULL,D,2,2,0,1,(1),(1),3,NULL,NULL,2,5,1,50
201900050860,11,4,2019,15:55:00,1,68,68374,2,3,1,3,"Rue Acker","48,0882170","7,3161910",201900050860,138 210 529,B01,3,1,0,2,1,21,5,NULL,201900050860,138 210 529,B01,1,1,4,1,1979,5,0,-1,-1,0,0,-1,201900050860,4,NULL,0,NULL,2,2,0,1,(1),(1),1,NULL,NULL,1,0,1,50
201900050860,11,4,2019,15:55:00,1,68,68374,2,3,1,3,"Rue Acker","48,0882170","7,3161910",201900050860,138 210 529,B01,3,1,0,2,1,21,5,NULL,201900050860,138 210 530,A01,1,1,1,2,1988,5,8,-1,-1,0,0,-1,201900050860,4,NULL,0,NULL,2,2,0,1,(1),(1),1,NULL,NULL,1,0,1,50
201900050860,11,4,2019,15:55:00,1,68,68374,2,3,1,3,"Rue Acker","48,0882170","7,3161910",201900050860,138 210 529,B01,3,1,0,2,1,21,5,NULL,201900050860,138 210 530,A01,2,2,1,1,1991,5,8,-1,-1,0,0,-1,201900050860,4,NULL,0,NULL,2,2,0,1,(1),(1),1,NULL,NULL,1,0,1,50
201900052082,23,8,2019,17:20:00,1,22,22170,2,2,1,3,"route du petit moulin","48,4477880"," -2,8576110",201900052082,138 208 206,A01,3,1,0,2,2,1,5,NULL,201900052082,138 208 206,A01,1,1,3,2,1959,3,0,-1,-1,0,0,-1,201900052082,4,NULL,NULL,NULL,2,2,0,2,(1),(1),1,NULL,NULL,1,0,1,50
201900052082,23,8,2019,17:20:00,1,22,22170,2,2,1,3,"route du petit moulin","48,4477880"," -2,8576110",201900052082,138 208 206,A01,3,1,0,2,2,1,5,NULL,201900052082,138 208 207,B01,1,1,1,1,1948,9,1,-1,-1,0,0,-1,201900052082,4,NULL,NULL,NULL,2,2,0,2,(1),(1),1,NULL,NULL,1,0,1,50
201900055242,2,1,2019,17:30:00,5,75,75105,2,2,1,3,"QUAI DES GRANDS AUGUSTINS","48,8537810","2,3443210",201900055242,138 202 196,B01,1,1,0,2,6,13,5,NULL,201900055242,138 202 194,A01,1,1,1,1,1983,5,1,0,-1,0,0,-1,201900055242,4,"QUAI DES GRANDS AUGUSTINS",0,NULL,1,3,3,1,0,0,1,NULL,NULL,1,0,1,50
201900055242,2,1,2019,17:30:00,5,75,75105,2,2,1,3,"QUAI DES GRANDS AUGUSTINS","48,8537810","2,3443210",201900055242,138 202 196,B01,1,1,0,2,6,13,5,NULL,201900055242,138 202 196,B01,1,1,4,2,2004,5,2,0,-1,-1," -1",-1,201900055242,4,"QUAI DES GRANDS AUGUSTINS",0,NULL,1,3,3,1,0,0,1,NULL,NULL,1,0,1,50
201900056866,12,6,2019,09:40:00,1,75,75113,2,3,1,3,"QUAI D AUSTERLITZ","48,8430700","2,3663340",201900056866,138 199 223,B01,2,1,0,2,1,1,5,NULL,201900056866,138 199 221,A01,1,1,1,1,1987,4,1,0,-1,0,0,-1,201900056866,4,"QUAI D AUSTERLITZ",0,NULL,2,4,1,1,0,0,1,NULL,NULL,1,0,5,50
201900056866,12,6,2019,09:40:00,1,75,75113,2,3,1,3,"QUAI D AUSTERLITZ","48,8430700","2,3663340",201900056866,138 199 223,B01,2,1,0,2,1,1,5,NULL,201900056866,138 199 223,B01,1,1,4,2,1995,1,2,8,-1,0,0,-1,201900056866,4,"QUAI D AUSTERLITZ",0,NULL,2,4,1,1,0,0,1,NULL,NULL,1,0,5,50
201900010656,7,8,2019,15:00:00,1,94,94028,2,1,1,1,"SAVAR.(RUE JULIETTE)","48,7795800","2,4657600",201900010656,138 286 659,A01,1,1,0,2,1,17,5,NULL,201900010656,138 286 658,B01,4,2,1,1,1966,5,1,0,-1,-1," -1",-1,201900010656,4,"SAVAR.(RUE JULIETTE)",0,NULL,2,2,0,1,0,0,1,NULL,NULL,1,0,1,50
201900010656,7,8,2019,15:00:00,1,94,94028,2,1,1,1,"SAVAR.(RUE JULIETTE)","48,7795800","2,4657600",201900010656,138 286 659,A01,1,1,0,2,1,17,5,NULL,201900010656,138 286 658,B01,1,1,1,1,1994,5,1,0,-1,-1," -1",-1,201900010656,4,"SAVAR.(RUE JULIETTE)",0,NULL,2,2,0,1,0,0,1,NULL,NULL,1,0,1,50
201900010656,7,8,2019,15:00:00,1,94,94028,2,1,1,1,"SAVAR.(RUE JULIETTE)","48,7795800","2,4657600",201900010656,138 286 659,A01,1,1,0,2,1,17,5,NULL,201900010656,138 286 658,B01,2,2,1,2,1964,5,1,0,-1,-1," -1",-1,201900010656,4,"SAVAR.(RUE JULIETTE)",0,NULL,2,2,0,1,0,0,1,NULL,NULL,1,0,1,50
201900010656,7,8,2019,15:00:00,1,94,94028,2,1,1,1,"SAVAR.(RUE JULIETTE)","48,7795800","2,4657600",201900010656,138 286 659,A01,1,1,0,2,1,17,5,NULL,201900010656,138 286 659,A01,1,1,4,1,1995,5,8,0,-1,-1," -1",-1,201900010656,4,"SAVAR.(RUE JULIETTE)",0,NULL,2,2,0,1,0,0,1,NULL,NULL,1,0,1,50
201900011402,14,9,2019,09:00:00,1,45,45075,2,3,1,3,"RTE D'ORLEANS - RUE DU GAIGNEAU","47,8930822","1,8478691",201900011402,138 285 303,B01,1,1,0,2,8,25,5,NULL,201900011402,138 285 302,A01,1,1,1,1,1976,5,1,8,-1,0,0,-1,201900011402,3,2152,0,G,3,2,0,1,64,40,1,NULL,NULL,1,0,1,50
201900011402,14,9,2019,09:00:00,1,45,45075,2,3,1,3,"RTE D'ORLEANS - RUE DU GAIGNEAU","47,8930822","1,8478691",201900011402,138 285 303,B01,1,1,0,2,8,25,5,NULL,201900011402,138 285 303,B01,1,1,4,2,1948,5,8,0,-1,0,0,-1,201900011402,3,2152,0,G,3,2,0,1,64,40,1,NULL,NULL,1,0,1,50
201900013744,15,10,2019,11:55:00,1,45,45302,1,1,2,3,"ROUTE D'ORMES","47,9619633","1,8852711",201900013744,138 280 833,B01,0,1,0,2,1,1,5,NULL,201900013744,138 280 833,B01,1,1,4,1,1981,0,2,0,-1,-1," -1",-1,201900013744,4,"ROUTE D'ORMES",0,NULL,2,2,-1,1,(1),(1),1,NULL,NULL,2,0,5,50
201900013744,15,10,2019,11:55:00,1,45,45302,1,1,2,3,"ROUTE D'ORMES","47,9619633","1,8852711",201900013744,138 280 833,B01,0,1,0,2,1,1,5,NULL,201900013744,138 280 834,A01,1,1,1,1,1978,4,1,0,-1,-1," -1",-1,201900013744,4,"ROUTE D'ORMES",0,NULL,2,2,-1,1,(1),(1),1,NULL,NULL,2,0,5,50
201900013880,15,10,2019,04:10:00,3,91,91103,1,1,2,7,"CD 19","48,5788000","2,3008600",201900013880,138 280 577,A01,3,1,8,0,1,1,5,NULL,201900013880,138 280 577,A01,1,1,3,1,1980,1,8,8,-1,0,0,-1,201900013880,3,19,0,NULL,2,1,1,1,0,0,1,NULL,NULL,2,0,1,30
201900014756,20,11,2019,13:45:00,1,1,01376,2,2,1,3,"21 Rue du Tronfou","45,8365440","4,9828590",201900014756,138 278 860,B01,3,1,0,2,1,26,6,NULL,201900014756,138 278 860,B01,1,1,4,1,2007,5,0,-1,-1,0,0,-1,201900014756,4,NULL,NULL,NULL,-1,2,0,1,(1),(1),1,NULL,NULL,1,0,1,50
201900014756,20,11,2019,13:45:00,1,1,01376,2,2,1,3,"21 Rue du Tronfou","45,8365440","4,9828590",201900014756,138 278 860,B01,3,1,0,2,1,26,6,NULL,201900014756,138 278 861,A01,1,1,4,1,1959,0,2,-1,-1,0,0,-1,201900014756,4,NULL,NULL,NULL,-1,2,0,1,(1),(1),1,NULL,NULL,1,0,1,50
201900019207,13,10,2019,20:00:00,5,75,75109,2,3,1,7,"RUE SAINT LAZARE","48,8757067","2,3277750",201900019207,138 270 526,A01,3,1,0,0,0,7,5,NULL,201900019207,138 270 526,A01,1,1,4,1,1996,0,8,0,-1,0,0,-1,201900019207,4,"RUE SAINT LAZARE",0,NULL,2,3,3,1,0,0,1,NULL,NULL,1,0,6,50
201900019334,25,4,2019,08:55:00,1,13,13111,1,1,8,1,RD11,"43,5605480","5,6225680",201900019334,138 270 289,A01,2,1,0,2,1,13,5,NULL,201900019334,138 270 288,B01,9,2,1,1,1964,5,1,-1,-1,0,0,-1,201900019334,3,11,NULL,NULL,2,2,0,2,0,700,3,NULL,NULL,1,0,1,50
201900019334,25,4,2019,08:55:00,1,13,13111,1,1,8,1,RD11,"43,5605480","5,6225680",201900019334,138 270 289,A01,2,1,0,2,1,13,5,NULL,201900019334,138 270 288,B01,1,1,1,1,1955,5,1,-1,-1,0,0,-1,201900019334,3,11,NULL,NULL,2,2,0,2,0,700,3,NULL,NULL,1,0,1,50
201900019334,25,4,2019,08:55:00,1,13,13111,1,1,8,1,RD11,"43,5605480","5,6225680",201900019334,138 270 289,A01,2,1,0,2,1,13,5,NULL,201900019334,138 270 288,B01,2,2,1,1,1983,5,1,-1,-1,0,0,-1,201900019334,3,11,NULL,NULL,2,2,0,2,0,700,3,NULL,NULL,1,0,1,50