Num_Acc,jour,mois,an,hrmn,lum,dep,com,agg,int,atm,col,adr,lat,long,Num_Acc,id_vehicule,num_veh,senc,catv,obs,obsm,choc,manv,motor,occutc,Num_Acc,id_vehicule,num_veh,place,catu,grav,sexe,an_nais,trajet,secu1,secu2,secu3,locp,actp,etatp,Num_Acc,catr,voie,v1,v2,circ,nbv,vosp,prof,pr,pr1,plan,lartpc,larrout,surf,infra,situ,vma
201900019334,25,4,2019,08:55:00,1,13,13111,1,1,8,1,RD11,"43,5605480","5,6225680",201900019334,138 270 289,A01,2,1,0,2,1,13,5,NULL,201900019334,138 270 289,A01,1,1,4,1,1969,1,2,-1,-1,0,0,-1,201900019334,3,11,NULL,NULL,2,2,0,2,0,700,3,NULL,NULL,1,0,1,50
201900020242,15,3,2019,18:45:00,3,978,97801,2,1,1,1,"rue ground dove","17,8532900"," -63,3251960",201900020242,138 268 555,B01,3,1,0,2,1,26,0,NULL,201900020242,138 268 555,B01,2,2,3,1,2006,5,0,-1,-1,0,0,-1,201900020242,4,NULL,0,NULL,2,2,0,1,0,0,1,NULL,NULL,1,0,1,30
201900020242,15,3,2019,18:45:00,3,978,97801,2,1,1,1,"rue ground dove","17,8532900"," -63,3251960",201900020242,138 268 555,B01,3,1,0,2,1,26,0,NULL,201900020242,138 268 555,B01,1,1,1,1,2002,5,0,-1,-1,0,0,-1,201900020242,4,NULL,0,NULL,2,2,0,1,0,0,1,NULL,NULL,1,0,1,30
201900020242,15,3,2019,18:45:00,3,978,97801,2,1,1,1,"rue ground dove","17,8532900"," -63,3251960",201900020242,138 268 555,B01,3,1,0,2,1,26,0,NULL,201900020242,138 268 556,A01,1,1,1,1,1964,5,0,-1,-1,0,0,-1,201900020242,4,NULL,0,NULL,2,2,0,1,0,0,1,NULL,NULL,1,0,1,30
201900021231,16,4,2019,07:37:00,2,87,87113,2,6,2,3,"ANGUERNAUD (RUE D')","45,8766700","1,3042200",201900021231,138 266 689,B01,0,1,0,2,3,1,0,NULL,201900021231,138 266 689,B01,1,1,3,1,1986,1,8,0,-1,0,0,-1,201900021231,3,942,0,NULL,1,2,0,1,5,534,2,NULL,NULL,2,0,1,50
201900021231,16,4,2019,07:37:00,2,87,87113,2,6,2,3,"ANGUERNAUD (RUE D')","45,8766700","1,3042200",201900021231,138 266 689,B01,0,1,0,2,3,1,0,NULL,201900021231,138 266 690,A01,1,1,1,2,1960,1,1,0,-1,0,0,-1,201900021231,3,942,0,NULL,1,2,0,1,5,534,2,NULL,NULL,2,0,1,50
201900021349,30,6,2019,18:00:00,1,64,64445,2,6,7,3,"MORLAAS DE","43,3079000"," -0,3384800",201900021349,138 266 465,B01,1,1,0,2,7,1,5,NULL,201900021349,138 266 464,A01,1,1,1,2,1981,0,1,0,-1,0,0,-1,201900021349,4,"CORPS FRANC POMMIES DU",0,NULL,2,2,0,1,0,0,1,NULL,NULL,1,0,1,50
201900021349,30,6,2019,18:00:00,1,64,64445,2,6,7,3,"MORLAAS DE","43,3079000"," -0,3384800",201900021349,138 266 465,B01,1,1,0,2,7,1,5,NULL,201900021349,138 266 465,B01,1,1,4,1,1943,0,2,0,-1,0,0,-1,201900021349,4,"CORPS FRANC POMMIES DU",0,NULL,2,2,0,1,0,0,1,NULL,NULL,1,0,1,50
201900021384,30,6,2019,14:40:00,1,1,01427,2,9,1,3,"Boulevard des Combattants","45,9401290","4,7799860",201900021384,138 266 396,B01,2,1,0,2,1,19,6,NULL,201900021384,138 266 396,B01,1,1,4,1,2008,5,0,-1,-1,0,0,-1,201900021384,3,6,0,NULL,2,2,0,1,16,865,1,NULL,NULL,1,0,1,50
201900021384,30,6,2019,14:40:00,1,1,01427,2,9,1,3,"Boulevard des Combattants","45,9401290","4,7799860",201900021384,138 266 396,B01,2,1,0,2,1,19,6,NULL,201900021384,138 266 397,A01,1,1,1,1,1969,5,1,-1,-1,0,0,-1,201900021384,3,6,0,NULL,2,2,0,1,16,865,1,NULL,NULL,1,0,1,50
201900022132,14,11,2019,14:50:00,1,5,05061,2,1,2,2,"GEORGES POMPIDOU ( BD)","44,5550300","6,0761100",201900022132,138 264 940,A01,2,1,0,2,1,2,5,NULL,201900022132,138 264 940,A01,1,1,4,1,2001,1,8,0,-1,-1,0,-1,201900022132,4,"GEORGES POMPIDOU ( BD)",0,NULL,2,2,0,1,0,1,1,NULL,NULL,2,0,1,50
201900022132,14,11,2019,14:50:00,1,5,05061,2,1,2,2,"GEORGES POMPIDOU ( BD)","44,5550300","6,0761100",201900022132,138 264 940,A01,2,1,0,2,1,2,5,NULL,201900022132,138 264 941,B01,1,1,1,1,1946,9,1,0,-1,-1,0,-1,201900022132,4,"GEORGES POMPIDOU ( BD)",0,NULL,2,2,0,1,0,1,1,NULL,NULL,2,0,1,50
201900023525,10,5,2019,15:20:00,1,74,74010,2,1,1,6,"TOCHON (PLACE)","45,9037000","6,1245000",201900023525,138 262 170,A01,3,1,0,1,1,26,6,NULL,201900023525,138 262 170,A01,1,1,1,1,2003,0,8,0,-1,0,0,-1,201900023525,4,"TOCHON (PLACE)",0,NULL,2,2,3,1,0,0,3,NULL,NULL,1,6,1,30
201900023525,10,5,2019,15:20:00,1,74,74010,2,1,1,6,"TOCHON (PLACE)","45,9037000","6,1245000",201900023525,138 262 170,A01,3,1,0,1,1,26,6,NULL,201900023525,138 262 170,A01,10,3,4,2,1945,0,8,0,-1,3,3,1,201900023525,4,"TOCHON (PLACE)",0,NULL,2,2,3,1,0,0,3,NULL,NULL,1,6,1,30
201900023529,28,5,2019,13:00:00,1,72,72181,2,1,3,6,"GAULLE GENERAL DE (AV DU)","48,0039200","0,1993300",201900023529,138 262 163,A01,1,1,0,1,1,1,5,NULL,201900023529,138 262 163,A01,10,3,3,1,1941,0,8,0,-1,2,3,1,201900023529,4,"GAULLE GENERAL DE (AV DU)",0,NULL,2,3,0,1,0,0,1,NULL,NULL,2,0,1,50
201900023529,28,5,2019,13:00:00,1,72,72181,2,1,3,6,"GAULLE GENERAL DE (AV DU)","48,0039200","0,1993300",201900023529,138 262 163,A01,1,1,0,1,1,1,5,NULL,201900023529,138 262 163,A01,1,1,4,1,1997,4,8,0,-1,0,0,-1,201900023529,4,"GAULLE GENERAL DE (AV DU)",0,NULL,2,3,0,1,0,0,1,NULL,NULL,2,0,1,50
201900023529,28,5,2019,13:00:00,1,72,72181,2,1,3,6,"GAULLE GENERAL DE (AV DU)","48,0039200","0,1993300",201900023529,138 262 163,A01,1,1,0,1,1,1,5,NULL,201900023529,138 262 164,B01,1,1,1,2,1992,0,1,0,-1,0,0,-1,201900023529,4,"GAULLE GENERAL DE (AV DU)",0,NULL,2,3,0,1,0,0,1,NULL,NULL,2,0,1,50
201900026123,27,1,2019,20:40:00,5,13,13208,2,1,1,6,"MENDES FRANCE (AVENUE)","43,2559300","5,3764900",201900026123,138 257 146,B01,1,1,0,2,8,19,5,NULL,201900026123,138 257 146,B01,1,1,4,1,1984,5,8,0,-1,-1," -1",-1,201900026123,4,"MENDES FRANCE (AVENUE)",0,NULL,3,0,0,1,0,0,1,NULL,NULL,1,0,1,50
201900030907,29,5,2019,18:55:00,1,33,33249,2,3,1,2,"RUE MICHEL MONTAIGNE","44,8722500"," -0,5161500",201900030907,138 248 230,B01,0,1,0,2,0,1,5,NULL,201900030907,138 248 230,B01,1,1,4,1,2010,0,8,0,-1,-1," -1",-1,201900030907,4,"RUE MICHEL MONTAIGNE",0,NULL,2,2,0,1,0,0,1,NULL,NULL,1,0,1,30
201900030907,29,5,2019,18:55:00,1,33,33249,2,3,1,2,"RUE MICHEL MONTAIGNE","44,8722500"," -0,5161500",201900030907,138 248 230,B01,0,1,0,2,0,1,5,NULL,201900030907,138 248 231,A01,1,1,1,2,1985,0,8,0,-1,-1," -1",-1,201900030907,4,"RUE MICHEL MONTAIGNE",0,NULL,2,2,0,1,0,0,1,NULL,NULL,1,0,1,30
201900031955,3,9,2019,14:30:00,1,69,69264,2,6,1,3,"FRANS ROUTE DE","45,9840900","4,7389100",201900031955,138 246 291,A01,2,1,0,2,3,11,5,NULL,201900031955,138 246 290,B01,1,1,1,2,1956,9,1,0,-1,0,0,-1,201900031955,3,504,0,NULL,-1,2,0,1,58,500,2,NULL,NULL,1,5,1,50
201900031955,3,9,2019,14:30:00,1,69,69264,2,6,1,3,"FRANS ROUTE DE","45,9840900","4,7389100",201900031955,138 246 291,A01,2,1,0,2,3,11,5,NULL,201900031955,138 246 291,A01,1,1,4,1,1955,5,8,0,-1,0,0,-1,201900031955,3,504,0,NULL,-1,2,0,1,58,500,2,NULL,NULL,1,5,1,50
201900032956,7,11,2019,18:40:00,2,49,49267,2,1,2,1,BOUVINERIE,"47,4819100"," -0,4915700",201900032956,138 244 273,B01,2,1,0,2,4,1,5,NULL,201900032956,138 244 273,B01,1,1,3,1,1964,0,8,0,-1,-1," -1",-1,201900032956,3,116,0,NULL,2,2,0,1,0,0,1,NULL,NULL,2,0,1,50
201900032956,7,11,2019,18:40:00,2,49,49267,2,1,2,1,BOUVINERIE,"47,4819100"," -0,4915700",201900032956,138 244 273,B01,2,1,0,2,4,1,5,NULL,201900032956,138 244 275,A01,1,1,1,2,1984,0,1,8,-1,-1," -1",-1,201900032956,3,116,0,NULL,2,2,0,1,0,0,1,NULL,NULL,2,0,1,50
201900035441,16,1,2019,14:20:00,1,52,52121,2,1,1,3,"ALPHANDERY (RUE) PAIR","48,1087000","5,1363700",201900035441,138 239 478,A01,2,1,0,2,7,19,5,NULL,201900035441,138 239 478,A01,1,1,4,1,2001,1,8,0,-1,-1," -1",-1,201900035441,4,"ALPHANDERY (RUE) PAIR",0,NULL,2,2,0,1,0,0,1,NULL,NULL,1,0,1,50
201900038922,18,1,2019,14:10:00,1,93,93007,2,9,1,3,""REPUBLIQUE (AVENUE DE LA ""COTE PAIRS""","48,9000000","2,4000000",201900038922,138 232 914,B01,2,1,1,0,1,0,5,NULL,201900038922,138 232 913,A01,1,1,1,1,1983,9,8,0,-1,-1," -1",-1,201900038922,4,""REPUBLIQUE (AVENUE DE LA ""COTE PAIRS""",0,NULL,2,2,0,1,0,0,1,NULL,NULL,1,9,2,50
201900038922,18,1,2019,14:10:00,1,93,93007,2,9,1,3,""REPUBLIQUE (AVENUE DE LA ""COTE PAIRS""","48,9000000","2,4000000",201900038922,138 232 914,B01,2,1,1,0,1,0,5,NULL,201900038922,138 232 914,B01,1,1,4,1,1974,0,2,8,-1,-1," -1",-1,201900038922,4,""REPUBLIQUE (AVENUE DE LA ""COTE PAIRS""",0,NULL,2,2,0,1,0,0,1,NULL,NULL,1,9,2,50
201900042776,1,10,2019,09:20:00,1,64,64230,1,6,1,3,"rond-point Baragat, N134","43,2370466"," -0,3899496",201900042776,138 225 693,A01,2,1,0,2,7,15,5,NULL,201900042776,138 225 693,A01,1,1,4,1,1951,5,2,-1,-1,0,0,-1,201900042776,2,134,0,N,1,1,0,1,42,75,2,NULL,NULL,1,0,1,80
201900042776,1,10,2019,09:20:00,1,64,64230,1,6,1,3,"rond-point Baragat, N134","43,2370466"," -0,3899496",201900042776,138 225 693,A01,2,1,0,2,7,15,5,NULL,201900042776,138 225 694,B01,1,1,1,1,1959,1,1,-1,-1,0,0,-1,201900042776,2,134,0,N,1,1,0,1,42,75,2,NULL,NULL,1,0,1,80
201900046356,8,1,2019,18:30:00,5,31,31555,2,1,2,6,"158 AV DE LA GLOIRE","43,6068700","1,4730200",201900046356,138 218 871,B01,3,1,0,2,0,0,5,NULL,201900046356,138 218 871,B01,1,1,4,2,1965,5,2,8,-1,-1,0,-1,201900046356,4,NULL,0,NULL,2,2,0,2,0,0,1,NULL,NULL,2,0,1,50
201900046356,8,1,2019,18:30:00,5,31,31555,2,1,2,6,"158 AV DE LA GLOIRE","43,6068700","1,4730200",201900046356,138 218 871,B01,3,1,0,2,0,0,5,NULL,201900046356,138 218 872,A01,1,1,1,1,1932,5,1,8,-1,-1,0,-1,201900046356,4,NULL,0,NULL,2,2,0,2,0,0,1,NULL,NULL,2,0,1,50
201900046656,26,8,2019,09:00:00,1,77,77421,2,1,1,3,D111,"48,7347470","3,3067730",201900046656,138 218 267,B01,1,1,0,2,1,1,5,NULL,201900046656,138 218 267,B01,1,1,3,1,1949,5,2,9,-1,0,0,-1,201900046656,3,111,0,NULL,2,2,0,1,14,290,1,NULL,NULL,1,0,1,50
201900046656,26,8,2019,09:00:00,1,77,77421,2,1,1,3,D111,"48,7347470","3,3067730",201900046656,138 218 267,B01,1,1,0,2,1,1,5,NULL,201900046656,138 218 268,A01,1,1,1,2,1980,3,1,-1,-1,0,0,-1,201900046656,3,111,0,NULL,2,2,0,1,14,290,1,NULL,NULL,1,0,1,50
201900046814,2,4,2019,20:00:00,3,973,97305,1,1,2,1,"rue Omer Bace","5,0527570"," -52,5825780",201900046814,138 218 005,B01,3,1,0,2,1,1,5,NULL,201900046814,138 218 004,A01,4,2,1,1,1996,0,1,-1,-1,0,0,-1,201900046814,4,NULL,0,NULL,2,2,0,1,(1),(1),1,NULL,NULL,1,0,1,50
201900046814,2,4,2019,20:00:00,3,973,97305,1,1,2,1,"rue Omer Bace","5,0527570"," -52,5825780",201900046814,138 218 005,B01,3,1,0,2,1,1,5,NULL,201900046814,138 218 004,A01,3,2,1,1,1985,9,1,-1,-1,0,0,-1,201900046814,4,NULL,0,NULL,2,2,0,1,(1),(1),1,NULL,NULL,1,0,1,50
201900046814,2,4,2019,20:00:00,3,973,97305,1,1,2,1,"rue Omer Bace","5,0527570"," -52,5825780",201900046814,138 218 005,B01,3,1,0,2,1,1,5,NULL,201900046814,138 218 004,A01,2,2,1,1,1983,0,1,-1,-1,0,0,-1,201900046814,4,NULL,0,NULL,2,2,0,1,(1),(1),1,NULL,NULL,1,0,1,50
201900046814,2,4,2019,20:00:00,3,973,97305,1,1,2,1,"rue Omer Bace","5,0527570"," -52,5825780",201900046814,138 218 005,B01,3,1,0,2,1,1,5,NULL,201900046814,138 218 004,A01,1,1,1,1,1986,5,1,-1,-1,0,0,-1,201900046814,4,NULL,0,NULL,2,2,0,1,(1),(1),1,NULL,NULL,1,0,1,50
201900046814,2,4,2019,20:00:00,3,973,97305,1,1,2,1,"rue Omer Bace","5,0527570"," -52,5825780",201900046814,138 218 005,B01,3,1,0,2,1,1,5,NULL,201900046814,138 218 005,B01,1,1,2,1,1977,5,0,-1,-1,0,0,-1,201900046814,4,NULL,0,NULL,2,2,0,1,(1),(1),1,NULL,NULL,1,0,1,50
201900047072,17,7,2019,18:00:00,1,83,83048,2,1,1,3,"Boulevard Sylvabelle","43,1943530","6,5810950",201900047072,138 217 503,B01,3,1,0,2,1,26,6,NULL,201900047072,138 217 503,B01,1,1,3,1,1994,1,0,-1,-1,0,0,-1,201900047072,4,NULL,NULL,NULL,2,2,0,1,(1),(1),1,NULL,NULL,1,0,1,50
201900047072,17,7,2019,18:00:00,1,83,83048,2,1,1,3,"Boulevard Sylvabelle","43,1943530","6,5810950",201900047072,138 217 503,B01,3,1,0,2,1,26,6,NULL,201900047072,138 217 504,A01,1,1,1,1,1998,1,1,-1,-1,0,0,-1,201900047072,4,NULL,NULL,NULL,2,2,0,1,(1),(1),1,NULL,NULL,1,0,1,50
201900048301,22,9,2019,03:50:00,3,62,62758,2,1,3,7,"CROIX ABOT ( Rue )","50,7163380","1,6380570",201900048301,138 215 254,A01,3,1,0,0,0,26,0,NULL,201900048301,138 215 254,A01,1,1,3,1,1977,0,2,8,-1,0,0,-1,201900048301,4,"CROIX ABOT ( Rue )",0,NULL,2,2,0,4,0,0,1,NULL,NULL,2,9,1,30
201900048685,1,4,2019,05:18:00,5,92,92050,2,1,1,3,"REPUBLIQUE AVENUE DE LA","48,9056610","2,2102510",201900048685,138 214 527,A01,2,1,0,2,1,25,5,NULL,201900048685,138 214 527,A01,1,1,4,1,1940,0,8,0,-1,0,0,-1,201900048685,3,986,0,NULL,2,2,0,1,0,0,1,NULL,NULL,1,0,1,50
201900048685,1,4,2019,05:18:00,5,92,92050,2,1,1,3,"REPUBLIQUE AVENUE DE LA","48,9056610","2,2102510",201900048685,138 214 527,A01,2,1,0,2,1,25,5,NULL,201900048685,138 214 528,B01,1,1,1,2,1996,0,1,0,-1,0,0,-1,201900048685,3,986,0,NULL,2,2,0,1,0,0,1,NULL,NULL,1,0,1,50
201900049392,3,6,2019,17:45:00,1,49,49007,2,1,1,7,"DUMESNIL BOULEVARD","47,4725000"," -0,5656000",201900049392,138 213 242,A01,1,1,0,0,0,0,5,NULL,201900049392,138 213 242,A01,1,1,3,2,1994,1,8,0,-1,-1,0,-1,201900049392,4,"DUMESNIL BOULEVARD",0,NULL,1,2,1,1,0,0,1,NULL,NULL,1,0,1,25
201900050869,25,5,2019,13:27:00,1,39,39286,1,1,1,4,NULL,"46,3860330","5,7782430",201900050869,138 210 514,B01,2,1,0,2,4,1,5,NULL,201900050869,138 210 513,C01,1,1,4,1,1995,5,2,-1,-1,0,0,-1,201900050869,3,470,NULL,NULL,2,2,0,2,55,520,1,NULL,NULL,1,0,1,80
201900050869,25,5,2019,13:27:00,1,39,39286,1,1,1,4,NULL,"46,3860330","5,7782430",201900050869,138 210 513,C01,2,1,0,2,4,1,5,NULL,201900050869,138 210 513,C01,1,1,4,1,1995,5,2,-1,-1,0,0,-1,201900050869,3,470,NULL,NULL,2,2,0,2,55,520,1,NULL,NULL,1,0,1,80
201900050869,25,5,2019,13:27:00,1,39,39286,1,1,1,4,NULL,"46,3860330","5,7782430",201900050869,138 210 514,B01,2,1,0,2,4,1,5,NULL,201900050869,138 210 514,B01,1,1,3,1,1996,5,2,-1,-1,0,0,-1,201900050869,3,470,NULL,NULL,2,2,0,2,55,520,1,NULL,NULL,1,0,1,80
201900050869,25,5,2019,13:27:00,1,39,39286,1,1,1,4,NULL,"46,3860330","5,7782430",201900050869,138 210 513,C01,2,1,0,2,4,1,5,NULL,201900050869,138 210 514,B01,1,1,3,1,1996,5,2,-1,-1,0,0,-1,201900050869,3,470,NULL,NULL,2,2,0,2,55,520,1,NULL,NULL,1,0,1,80
201900050869,25,5,2019,13:27:00,1,39,39286,1,1,1,4,NULL,"46,3860330","5,7782430",201900050869,138 210 514,B01,2,1,0,2,4,1,5,NULL,201900050869,138 210 515,A01,1,1,1,2,1977,5,1,-1,-1,0,0,-1,201900050869,3,470,NULL,NULL,2,2,0,2,55,520,1,NULL,NULL,1,0,1,80
201900050869,25,5,2019,13:27:00,1,39,39286,1,1,1,4,NULL,"46,3860330","5,7782430",201900050869,138 210 513,C01,2,1,0,2,4,1,5,NULL,201900050869,138 210 515,A01,1,1,1,2,1977,5,1,-1,-1,0,0,-1,201900050869,3,470,NULL,NULL,2,2,0,2,55,520,1,NULL,NULL,1,0,1,80
201900050986,7,12,2019,09:51:00,1,62,62043,2,2,1,3,"Route d'Andres","50,9064010","1,9327240",201900050986,138 210 310,B01,3,1,0,2,1,1,5,NULL,201900050986,138 210 309,A01,1,1,1,1,1981,9,1,-1,-1,0,0,-1,201900050986,3,248,NULL,NULL,2,2,0,1,(1),(1),1,NULL,NULL,1,0,1,50
201900050986,7,12,2019,09:51:00,1,62,62043,2,2,1,3,"Route d'Andres","50,9064010","1,9327240",201900050986,138 210 310,B01,3,1,0,2,1,1,5,NULL,201900050986,138 210 310,B01,1,1,4,1,1955,5,2,-1,-1,0,0,-1,201900050986,3,248,NULL,NULL,2,2,0,1,(1),(1),1,NULL,NULL,1,0,1,50
201900052457,28,3,2019,08:45:00,1,94,94042,2,1,1,2,"GENERAL GALLIENI (AV DU)","48,8201200","2,4748800",201900052457,138 207 430,B01,2,1,0,2,4,2,5,NULL,201900052457,138 207 428,A01,1,1,1,1,1990,1,1,0,-1,-1," -1",-1,201900052457,3,4,0,NULL,2,4,0,1,0,0,1,NULL,NULL,1,0,1,50
201900052457,28,3,2019,08:45:00,1,94,94042,2,1,1,2,"GENERAL GALLIENI (AV DU)","48,8201200","2,4748800",201900052457,138 207 430,B01,2,1,0,2,4,2,5,NULL,201900052457,138 207 430,B01,1,1,4,1,1965,1,8,0,-1,-1," -1",-1,201900052457,3,4,0,NULL,2,4,0,1,0,0,1,NULL,NULL,1,0,1,50
201900053280,18,2,2019,12:15:00,1,75,75110,2,1,1,3,"BOULEVARD DE MAGENTA","48,8728600","2,3591240",201900053280,138 205 863,A01,2,1,0,2,3,10,5,NULL,201900053280,138 205 862,B01,1,1,4,1,1987,1,2,6,-1,0,0,-1,201900053280,4,"BOULEVARD DE MAGENTA",0,NULL,2,6,0,1,0,0,1,NULL,NULL,1,0,1,50
201900053280,18,2,2019,12:15:00,1,75,75110,2,1,1,3,"BOULEVARD DE MAGENTA","48,8728600","2,3591240",201900053280,138 205 863,A01,2,1,0,2,3,10,5,NULL,201900053280,138 205 863,A01,1,1,4,1,2002,1,2,0,-1,0,0,-1,201900053280,4,"BOULEVARD DE MAGENTA",0,NULL,2,6,0,1,0,0,1,NULL,NULL,1,0,1,50
201900054234,20,8,2019,08:00:00,1,13,13210,2,1,1,2,"CAPELETTE (AVENUE DE LA)","43,2830000","5,4010000",201900054234,138 204 062,B01,0,1,0,2,4,1,0,NULL,201900054234,138 204 062,B01,1,1,4,1,1989,1,2,0,-1,-1," -1",-1,201900054234,4,"CAPELETTE (AVENUE DE LA)",0,NULL,2,2,0,1,0,0,1,NULL,NULL,1,2,1,50
201900054234,20,8,2019,08:00:00,1,13,13210,2,1,1,2,"CAPELETTE (AVENUE DE LA)","43,2830000","5,4010000",201900054234,138 204 062,B01,0,1,0,2,4,1,0,NULL,201900054234,138 204 064,A01,1,1,1,1,1994,0,1,0,-1,-1," -1",-1,201900054234,4,"CAPELETTE (AVENUE DE LA)",0,NULL,2,2,0,1,0,0,1,NULL,NULL,1,2,1,50
201900055432,19,9,2019,16:50:00,1,38,38425,2,1,1,6,"24 Rue Sergent Geoffray","45,4001370","4,7721610",201900055432,138 201 856,A01,2,1,12,0,1,5,5,NULL,201900055432,138 201 856,A01,1,1,3,1,2006,5,0,-1,-1,0,0,-1,201900055432,4,NULL,0,NULL,2,2,0,2,(1),(1),1,NULL,NULL,1,0,4,50
201900055548,1,1,2019,10:45:00,1,974,97413,1,1,1,4,RN1A," -21,1439980","55,2723660",201900055548,138 201 659,B01,1,1,0,2,4,0,6,NULL,201900055548,138 201 658,C01,1,1,3,1,1969,5,2,-1,-1,0,0,-1,201900055548,2,1,0,A,2,2,1,1,49,900,1,NULL,NULL,1,0,5,90
201900055548,1,1,2019,10:45:00,1,974,97413,1,1,1,4,RN1A," -21,1439980","55,2723660",201900055548,138 201 658,C01,1,1,0,2,4,0,6,NULL,201900055548,138 201 658,C01,1,1,3,1,1969,5,2,-1,-1,0,0,-1,201900055548,2,1,0,A,2,2,1,1,49,900,1,NULL,NULL,1,0,5,90
201900055548,1,1,2019,10:45:00,1,974,97413,1,1,1,4,RN1A," -21,1439980","55,2723660",201900055548,138 201 659,B01,1,1,0,2,4,0,6,NULL,201900055548,138 201 659,B01,1,1,3,1,1971,5,2,-1,-1,0,0,-1,201900055548,2,1,0,A,2,2,1,1,49,900,1,NULL,NULL,1,0,5,90
201900055548,1,1,2019,10:45:00,1,974,97413,1,1,1,4,RN1A," -21,1439980","55,2723660",201900055548,138 201 658,C01,1,1,0,2,4,0,6,NULL,201900055548,138 201 659,B01,1,1,3,1,1971,5,2,-1,-1,0,0,-1,201900055548,2,1,0,A,2,2,1,1,49,900,1,NULL,NULL,1,0,5,90
201900055548,1,1,2019,10:45:00,1,974,97413,1,1,1,4,RN1A," -21,1439980","55,2723660",201900055548,138 201 659,B01,1,1,0,2,4,0,6,NULL,201900055548,138 201 660,A01,1,1,1,1,1974,5,8,-1,-1,0,0,-1,201900055548,2,1,0,A,2,2,1,1,49,900,1,NULL,NULL,1,0,5,90
201900055548,1,1,2019,10:45:00,1,974,97413,1,1,1,4,RN1A," -21,1439980","55,2723660",201900055548,138 201 658,C01,1,1,0,2,4,0,6,NULL,201900055548,138 201 660,A01,1,1,1,1,1974,5,8,-1,-1,0,0,-1,201900055548,2,1,0,A,2,2,1,1,49,900,1,NULL,NULL,1,0,5,90
201900058229,26,3,2019,14:58:00,1,75,75116,2,3,1,2,"ROUTE DES TRIBUNES","48,8619720","2,2303840",201900058229,138 196 742,B01,3,1,0,2,0,2,5,NULL,201900058229,138 196 741,A01,1,1,3,1,1965,5,2,0,-1,0,0,-1,201900058229,4,"ROUTE DES TRIBUNES",0,NULL,1,2,2,1,0,0,1,NULL,NULL,1,0,1,50
201900058229,26,3,2019,14:58:00,1,75,75116,2,3,1,2,"ROUTE DES TRIBUNES","48,8619720","2,2303840",201900058229,138 196 741,A01,3,1,0,2,1,2,5,NULL,201900058229,138 196 741,A01,1,1,3,1,1965,5,2,0,-1,0,0,-1,201900058229,4,"ROUTE DES TRIBUNES",0,NULL,1,2,2,1,0,0,1,NULL,NULL,1,0,1,50
201900058229,26,3,2019,14:58:00,1,75,75116,2,3,1,2,"ROUTE DES TRIBUNES","48,8619720","2,2303840",201900058229,138 196 742,B01,3,1,0,2,0,2,5,NULL,201900058229,138 196 742,B01,1,1,1,1,1999,5,2,0,-1,0,0,-1,201900058229,4,"ROUTE DES TRIBUNES",0,NULL,1,2,2,1,0,0,1,NULL,NULL,1,0,1,50
201900058229,26,3,2019,14:58:00,1,75,75116,2,3,1,2,"ROUTE DES TRIBUNES","48,8619720","2,2303840",201900058229,138 196 741,A01,3,1,0,2,1,2,5,NULL,201900058229,138 196 742,B01,1,1,1,1,1999,5,2,0,-1,0,0,-1,201900058229,4,"ROUTE DES TRIBUNES",0,NULL,1,2,2,1,0,0,1,NULL,NULL,1,0,1,50
201900009179,1,7,2019,13:58:00,1,50,50602,2,2,1,1,"POMMIERS (RUE DES)","49,6332970"," -1,5826670",201900009179,138 289 326,A01,1,1,0,0,1,1,-1,NULL,201900009179,138 289 326,A01,1,1,4,1,2000,-1,2,-1,-1,-1," -1",-1,201900009179,4,"POMMIERS (RUE DES)",0,NULL,2,2,0,1,0,0,1,NULL,NULL,1,0,1,50
201900009179,1,7,2019,13:58:00,1,50,50602,2,2,1,1,"POMMIERS (RUE DES)","49,6332970"," -1,5826670",201900009179,138 289 326,A01,1,1,0,0,1,1,-1,NULL,201900009179,138 289 327,A01,1,1,1,2,1985,1,1,0,-1,-1,0,-1,201900009179,4,"POMMIERS (RUE DES)",0,NULL,2,2,0,1,0,0,1,NULL,NULL,1,0,1,50
201900009539,15,9,2019,08:57:00,1,64,64348,2,6,1,3,"EUROPE DE L'","43,3210100"," -0,3917600",201900009539,138 288 658,B01,3,1,0,2,1,1,5,NULL,201900009539,138 288 657,A01,1,1,1,1,1973,9,1,8,-1,0,0,-1,201900009539,3,834,0,NULL,-1,2,0,1,0,0,3,NULL,NULL,1,9,1,50
201900009539,15,9,2019,08:57:00,1,64,64348,2,6,1,3,"EUROPE DE L'","43,3210100"," -0,3917600",201900009539,138 288 658,B01,3,1,0,2,1,1,5,NULL,201900009539,138 288 658,B01,1,1,3,1,1973,5,2,0,-1,0,0,-1,201900009539,3,834,0,NULL,-1,2,0,1,0,0,3,NULL,NULL,1,9,1,50
201900010502,25,4,2019,11:45:00,1,75,75117,2,7,1,2,"AVENUE PAUL ADAM","48,8873060","2,2978350",201900010502,138 286 927,B01,1,1,0,2,0,1,5,NULL,201900010502,138 286 926,A01,1,1,1,1,2001,4,2,6,-1,0,0,-1,201900010502,4,"AVENUE PAUL ADAM",0,NULL,2,2,0,1,0,0,1,NULL,NULL,1,0,1,50
201900010502,25,4,2019,11:45:00,1,75,75117,2,7,1,2,"AVENUE PAUL ADAM","48,8873060","2,2978350",201900010502,138 286 927,B01,1,1,0,2,0,1,5,NULL,201900010502,138 286 927,B01,1,1,4,1,1994,4,2,0,-1,0,0,-1,201900010502,4,"AVENUE PAUL ADAM",0,NULL,2,2,0,1,0,0,1,NULL,NULL,1,0,1,50