Num_Acc,jour,mois,an,hrmn,lum,dep,com,agg,int,atm,col,adr,lat,long,Num_Acc,id_vehicule,num_veh,senc,catv,obs,obsm,choc,manv,motor,occutc,Num_Acc,id_vehicule,num_veh,place,catu,grav,sexe,an_nais,trajet,secu1,secu2,secu3,locp,actp,etatp,Num_Acc,catr,voie,v1,v2,circ,nbv,vosp,prof,pr,pr1,plan,lartpc,larrout,surf,infra,situ,vma
201900014149,2,8,2019,16:10:00,1,58,58194,2,3,1,6,"TREIZIEME DE LIGNE","46,9922900","3,1450200",201900014149,138 280 106,A01,3,1,0,2,0,25,5,NULL,201900014149,138 280 105,B01,1,1,1,2,1982,3,1,8,-1,-1," -1",-1,201900014149,4,"GASPARD CHAUMETTE",0,NULL,2,0,0,1,0,0,1,NULL,NULL,1,0,1,30
201900014149,2,8,2019,16:10:00,1,58,58194,2,3,1,6,"TREIZIEME DE LIGNE","46,9922900","3,1450200",201900014149,138 280 106,A01,3,1,0,2,0,25,5,NULL,201900014149,138 280 106,A01,1,1,3,1,1983,5,8,0,-1,-1," -1",-1,201900014149,4,"GASPARD CHAUMETTE",0,NULL,2,0,0,1,0,0,1,NULL,NULL,1,0,1,30
201900016997,2,2,2019,12:55:00,1,44,44109,2,1,1,6,"RUE ALEXANDRE DUMAS","47,2226700"," -1,5720780",201900016997,138 274 641,A01,1,1,0,1,1,1,5,NULL,201900016997,138 274 641,A01,10,3,1,2,1972,0,8,0,-1,1,3,1,201900016997,4,NULL,0,NULL,1,1,0,1,1,0,1,NULL,NULL,1,0,1,50
201900016997,2,2,2019,12:55:00,1,44,44109,2,1,1,6,"RUE ALEXANDRE DUMAS","47,2226700"," -1,5720780",201900016997,138 274 641,A01,1,1,0,1,1,1,5,NULL,201900016997,138 274 641,A01,1,1,4,1,1979,0,8,0,-1,-1," -1",-1,201900016997,4,NULL,0,NULL,1,1,0,1,1,0,1,NULL,NULL,1,0,1,50
201900017180,13,9,2019,08:35:00,1,67,67471,2,1,7,6,"13 Rue des Ormes","48,6348820","7,7395970",201900017180,138 274 301,A01,2,1,1,0,1,21,5,NULL,201900017180,138 274 300,B01,1,1,1,1,1966,4,8,-1,-1,0,0,-1,201900017180,4,0,0,O,1,1,2,1,(1),(1),1,NULL,NULL,1,0,1,20
201900017180,13,9,2019,08:35:00,1,67,67471,2,1,7,6,"13 Rue des Ormes","48,6348820","7,7395970",201900017180,138 274 301,A01,2,1,1,0,1,21,5,NULL,201900017180,138 274 301,A01,1,1,3,1,1960,1,2,-1,-1,0,0,-1,201900017180,4,0,0,O,1,1,2,1,(1),(1),1,NULL,NULL,1,0,1,20
201900023836,14,11,2019,10:40:00,1,69,69387,2,1,3,6,"GUILLOTIERE (DE LA)                 (GR)","45,7529300","4,8453600",201900023836,138 261 571,B01,2,1,0,2,4,1,5,NULL,201900023836,138 261 571,B01,1,1,4,1,1994,1,8,8,-1,-1,0,-1,201900023836,4,"GUILLOTIERE (DE LA)                 (GR)",0,NULL,2,3,1,1,0,0,1,NULL,NULL,2,0,1,50
201900023867,12,11,2019,15:20:00,1,59,59636,2,1,1,3,"QUESNOY RUE DE","50,6922800","3,0529800",201900023867,138 261 506,B01,2,1,0,2,3,26,6,NULL,201900023867,138 261 505,A01,1,1,1,1,1955,5,8,0,-1,-1," -1",-1,201900023867,4,"QUESNOY RUE DE",0,NULL,2,2,0,1,0,0,1,NULL,NULL,1,0,1,50
201900023867,12,11,2019,15:20:00,1,59,59636,2,1,1,3,"QUESNOY RUE DE","50,6922800","3,0529800",201900023867,138 261 506,B01,2,1,0,2,3,26,6,NULL,201900023867,138 261 506,B01,1,1,4,1,1976,5,8,0,-1,-1," -1",-1,201900023867,4,"QUESNOY RUE DE",0,NULL,2,2,0,1,0,0,1,NULL,NULL,1,0,1,50
201900024883,26,6,2019,21:55:00,2,19,19272,2,1,1,3,"Chammard (Quai)","45,2678400","1,7723300",201900024883,138 259 511,B01,2,1,0,2,7,2,5,NULL,201900024883,138 259 510,A01,1,1,1,1,1960,0,1,0,-1,0,0,-1,201900024883,4,"Chammard (Quai)",0,NULL,1,2,0,1,0,0,1,NULL,NULL,1,0,1,50
201900024883,26,6,2019,21:55:00,2,19,19272,2,1,1,3,"Chammard (Quai)","45,2678400","1,7723300",201900024883,138 259 511,B01,2,1,0,2,7,2,5,NULL,201900024883,138 259 511,B01,1,1,4,1,1989,0,8,0,-1,0,0,-1,201900024883,4,"Chammard (Quai)",0,NULL,1,2,0,1,0,0,1,NULL,NULL,1,0,1,50
201900027441,8,11,2019,15:50:00,1,91,91103,2,9,1,3,"COMMUNE DE PARIS (RUE DE LA)","48,5877000","2,3006000",201900027441,138 254 688,B01,3,1,0,2,1,21,0,NULL,201900027441,138 254 687,A01,1,1,1,1,1965,0,1,0,-1,0,0,-1,201900027441,4,"COMMUNE DE PARIS (RUE DE LA)",0,NULL,-1,2,1,1,0,0,1,NULL,NULL,1,0,1,50
201900027441,8,11,2019,15:50:00,1,91,91103,2,9,1,3,"COMMUNE DE PARIS (RUE DE LA)","48,5877000","2,3006000",201900027441,138 254 688,B01,3,1,0,2,1,21,0,NULL,201900027441,138 254 688,B01,1,1,3,2,1969,0,2,0,-1,0,0,-1,201900027441,4,"COMMUNE DE PARIS (RUE DE LA)",0,NULL,-1,2,1,1,0,0,1,NULL,NULL,1,0,1,50
201900028323,29,6,2019,17:25:00,1,74,74037,1,3,7,3,"Intersection Route de Saxel - Route des Perriers","46,2128490","6,3983930",201900028323,138 253 095,B01,2,1,0,2,1,1,5,NULL,201900028323,138 253 094,A01,1,1,1,1,1943,5,1,-1,-1,0,0,-1,201900028323,3,20,0,D,2,2,0,2,20,100,1,NULL,NULL,1,0,1,80
201900028323,29,6,2019,17:25:00,1,74,74037,1,3,7,3,"Intersection Route de Saxel - Route des Perriers","46,2128490","6,3983930",201900028323,138 253 095,B01,2,1,0,2,1,1,5,NULL,201900028323,138 253 095,B01,1,1,3,1,1996,5,2,-1,-1,0,0,-1,201900028323,3,20,0,D,2,2,0,2,20,100,1,NULL,NULL,1,0,1,80
201900034403,22,7,2019,11:00:00,1,56,56162,2,1,1,6,"Bd de l'Océan","47,7354600"," -3,5003400",201900034403,138 241 516,B01,1,1,16,0,0,1,5,NULL,201900034403,138 241 515,C01,1,1,1,2,1988,5,2,8,-1,0,0,-1,201900034403,3,152,0,NULL,2,2,0,1,11,97,1,NULL,NULL,2,0,1,50
201900034403,22,7,2019,11:00:00,1,56,56162,2,1,1,6,"Bd de l'Océan","47,7354600"," -3,5003400",201900034403,138 241 515,C01,1,1,0,0,8,1,5,NULL,201900034403,138 241 515,C01,1,1,1,2,1988,5,2,8,-1,0,0,-1,201900034403,3,152,0,NULL,2,2,0,1,11,97,1,NULL,NULL,2,0,1,50
201900034403,22,7,2019,11:00:00,1,56,56162,2,1,1,6,"Bd de l'Océan","47,7354600"," -3,5003400",201900034403,138 241 516,B01,1,1,16,0,0,1,5,NULL,201900034403,138 241 516,B01,1,1,4,1,1967,5,2,8,-1,0,0,-1,201900034403,3,152,0,NULL,2,2,0,1,11,97,1,NULL,NULL,2,0,1,50
201900034403,22,7,2019,11:00:00,1,56,56162,2,1,1,6,"Bd de l'Océan","47,7354600"," -3,5003400",201900034403,138 241 515,C01,1,1,0,0,8,1,5,NULL,201900034403,138 241 516,B01,1,1,4,1,1967,5,2,8,-1,0,0,-1,201900034403,3,152,0,NULL,2,2,0,1,11,97,1,NULL,NULL,2,0,1,50
201900034403,22,7,2019,11:00:00,1,56,56162,2,1,1,6,"Bd de l'Océan","47,7354600"," -3,5003400",201900034403,138 241 516,B01,1,1,16,0,0,1,5,NULL,201900034403,138 241 517,A01,1,1,1,1,1956,5,1,8,-1,0,0,-1,201900034403,3,152,0,NULL,2,2,0,1,11,97,1,NULL,NULL,2,0,1,50
201900034403,22,7,2019,11:00:00,1,56,56162,2,1,1,6,"Bd de l'Océan","47,7354600"," -3,5003400",201900034403,138 241 515,C01,1,1,0,0,8,1,5,NULL,201900034403,138 241 517,A01,1,1,1,1,1956,5,1,8,-1,0,0,-1,201900034403,3,152,0,NULL,2,2,0,1,11,97,1,NULL,NULL,2,0,1,50
201900035453,18,1,2019,00:06:00,5,49,49007,2,1,1,7,"MAJOR ALLARD","47,4763700"," -0,5410900",201900035453,138 239 459,A01,1,1,1,0,1,1,5,NULL,201900035453,138 239 459,A01,1,1,4,1,1987,0,2,0,-1,0,0,-1,201900035453,4,"MAJOR ALLARD",0,NULL,1,1,0,1,0,0,1,NULL,NULL,1,0,1,50
201900036237,13,12,2019,09:45:00,1,75,75113,2,3,2,3,"QUAI D AUSTERLITZ","48,8386560","2,3723710",201900036237,138 237 990,B01,2,1,0,2,2,1,5,NULL,201900036237,138 237 990,B01,1,1,4,2,1997,9,8,2,-1,0,0,-1,201900036237,4,"QUAI D AUSTERLITZ",0,NULL,2,3,1,1,13,0,1,NULL,NULL,2,0,5,50
201900036237,13,12,2019,09:45:00,1,75,75113,2,3,2,3,"QUAI D AUSTERLITZ","48,8386560","2,3723710",201900036237,138 237 990,B01,2,1,0,2,2,1,5,NULL,201900036237,138 237 991,A01,1,1,1,1,1980,4,1,0,-1,0,0,-1,201900036237,4,"QUAI D AUSTERLITZ",0,NULL,2,3,1,1,13,0,1,NULL,NULL,2,0,5,50
201900036551,24,5,2019,01:15:00,5,75,75106,2,4,1,3,"RUE DANTON","48,8529590","2,3427990",201900036551,138 237 383,B01,1,1,0,2,2,1,5,NULL,201900036551,138 237 383,B01,1,1,4,1,1992,5,8,0,-1,0,0,-1,201900036551,4,"RUE DANTON",0,NULL,1,2,0,1,0,0,1,NULL,NULL,1,0,1,30
201900036551,24,5,2019,01:15:00,5,75,75106,2,4,1,3,"RUE DANTON","48,8529590","2,3427990",201900036551,138 237 383,B01,1,1,0,2,2,1,5,NULL,201900036551,138 237 384,A01,1,1,1,1,1980,5,8,0,-1,0,0,-1,201900036551,4,"RUE DANTON",0,NULL,1,2,0,1,0,0,1,NULL,NULL,1,0,1,30
201900037717,8,4,2019,12:45:00,1,83,83107,1,1,1,2,NULL,"43,3737150","6,6732670",201900037717,138 235 107,B01,2,1,0,2,4,2,5,NULL,201900037717,138 235 107,B01,1,1,3,1,1954,5,2,-1,-1,0,0,-1,201900037717,3,8,0,NULL,2,2,0,1,8,300,1,NULL,NULL,1,0,1,80
201900037717,8,4,2019,12:45:00,1,83,83107,1,1,1,2,NULL,"43,3737150","6,6732670",201900037717,138 235 107,B01,2,1,0,2,4,2,5,NULL,201900037717,138 235 108,A01,1,1,1,1,1972,4,1,-1,-1,0,0,-1,201900037717,3,8,0,NULL,2,2,0,1,8,300,1,NULL,NULL,1,0,1,80
201900038354,4,5,2019,16:25:00,1,75,75115,2,2,2,7,"RUE SAINT CHARLES","48,8447640","2,2839030",201900038354,138 233 987,A01,1,1,0,0,8,21,5,NULL,201900038354,138 233 987,A01,1,1,4,1,1989,0,2,0,-1,0,0,-1,201900038354,4,"RUE SAINT CHARLES",0,NULL,1,1,0,1,0,0,1,NULL,NULL,2,0,1,50
201900043435,27,6,2019,08:13:00,1,18,18285,1,2,1,3,D27,"47,0257070","2,2103390",201900043435,138 224 495,B01,2,1,0,2,8,1,5,NULL,201900043435,138 224 494,A01,1,1,1,2,1976,1,1,-1,-1,0,0,-1,201900043435,3,27,0,NULL,2,2,0,4,15,(1),1,NULL,NULL,1,5,1,80
201900043435,27,6,2019,08:13:00,1,18,18285,1,2,1,3,D27,"47,0257070","2,2103390",201900043435,138 224 495,B01,2,1,0,2,8,1,5,NULL,201900043435,138 224 495,B01,1,1,3,1,1940,5,2,-1,-1,0,0,-1,201900043435,3,27,0,NULL,2,2,0,4,15,(1),1,NULL,NULL,1,5,1,80
201900045619,29,5,2019,13:00:00,1,92,92023,2,3,1,6,"GENERAL DE GAULLE (AVENUE DU)","48,7853900","2,2514700",201900045619,138 220 317,A01,2,1,0,2,1,15,5,NULL,201900045619,138 220 316,B01,1,1,1,1,1947,4,1,8,-1,-1,0,-1,201900045619,3,906,0,NULL,2,5,0,1,0,0,1,NULL,NULL,1,0,3,50
201900045619,29,5,2019,13:00:00,1,92,92023,2,3,1,6,"GENERAL DE GAULLE (AVENUE DU)","48,7853900","2,2514700",201900045619,138 220 317,A01,2,1,0,2,1,15,5,NULL,201900045619,138 220 317,A01,1,1,4,1,1967,5,2,8,-1,-1,0,-1,201900045619,3,906,0,NULL,2,5,0,1,0,0,1,NULL,NULL,1,0,3,50
201900050621,14,7,2019,08:00:00,1,92,92032,2,1,1,2,"LECLERC GENERAL (AVENUE DU)","48,7929200","2,2806630",201900050621,138 210 959,A01,2,1,0,2,1,2,5,NULL,201900050621,138 210 959,A01,1,1,4,1,1997,0,8,0,-1,-1,0,-1,201900050621,4,"GENERAL LECLERC (AVENUE DU)",0,NULL,2,2,0,2,0,0,1,NULL,NULL,1,0,1,50
201900050621,14,7,2019,08:00:00,1,92,92032,2,1,1,2,"LECLERC GENERAL (AVENUE DU)","48,7929200","2,2806630",201900050621,138 210 959,A01,2,1,0,2,1,2,5,NULL,201900050621,138 210 962,B01,1,1,1,1,1981,4,1,0,-1,-1,0,-1,201900050621,4,"GENERAL LECLERC (AVENUE DU)",0,NULL,2,2,0,2,0,0,1,NULL,NULL,1,0,1,50
201900050630,17,6,2019,13:16:00,1,84,84069,1,1,1,3,"Rocher du Portail St Jean","44,1607070","5,1468720",201900050630,138 210 940,A01,1,1,0,2,3,13,5,NULL,201900050630,138 210 939,B01,1,1,1,1,1942,5,1,-1,-1,0,0,-1,201900050630,3,974,0,D,2,2,0,2,55,60,3,NULL,NULL,1,0,1,70
201900050630,17,6,2019,13:16:00,1,84,84069,1,1,1,3,"Rocher du Portail St Jean","44,1607070","5,1468720",201900050630,138 210 940,A01,1,1,0,2,3,13,5,NULL,201900050630,138 210 940,A01,1,1,3,1,1973,0,2,-1,-1,0,0,-1,201900050630,3,974,0,D,2,2,0,2,55,60,3,NULL,NULL,1,0,1,70
201900050637,29,3,2019,07:35:00,1,78,78686,2,2,1,3,"GENERAL LECLERC (AVENUE DU)","48,8030100","2,1658500",201900050637,138 210 928,B01,3,1,0,2,8,1,5,NULL,201900050637,138 210 927,A01,1,1,1,1,1948,0,1,0,-1,-1," -1",-1,201900050637,3,10,0,NULL,2,2,0,1,0,1139,1,NULL,NULL,1,5,1,50
201900050637,29,3,2019,07:35:00,1,78,78686,2,2,1,3,"GENERAL LECLERC (AVENUE DU)","48,8030100","2,1658500",201900050637,138 210 928,B01,3,1,0,2,8,1,5,NULL,201900050637,138 210 928,B01,1,1,3,1,2004,2,8,0,-1,-1," -1",-1,201900050637,3,10,0,NULL,2,2,0,1,0,1139,1,NULL,NULL,1,5,1,50
201900051333,20,2,2019,12:10:00,1,77,77514,2,6,1,3,"D84 X BD MARCEL SEMBAT","48,9513800","2,6052000",201900051333,138 209 626,B01,2,1,0,2,5,26,5,NULL,201900051333,138 209 625,A01,1,1,1,1,1939,0,1,0,-1,-1,0,-1,201900051333,3,84,0,NULL,2,2,0,4,7,161,1,NULL,NULL,1,5,1,50
201900051333,20,2,2019,12:10:00,1,77,77514,2,6,1,3,"D84 X BD MARCEL SEMBAT","48,9513800","2,6052000",201900051333,138 209 626,B01,2,1,0,2,5,26,5,NULL,201900051333,138 209 626,B01,1,1,3,1,1940,0,8,0,-1,-1,0,-1,201900051333,3,84,0,NULL,2,2,0,4,7,161,1,NULL,NULL,1,5,1,50
201900051801,7,1,2019,12:15:00,1,35,35238,2,1,1,6,"LAMARTINE (QUAI)","48,1101600"," -1,6791900",201900051801,138 208 717,A01,1,1,0,1,1,1,5,NULL,201900051801,138 208 717,A01,1,1,1,1,1994,3,8,0,-1,-1,0,-1,201900051801,4,"LAMARTINE (QUAI)",0,NULL,1,1,0,1,0,0,1,NULL,NULL,1,0,1,20
201900051801,7,1,2019,12:15:00,1,35,35238,2,1,1,6,"LAMARTINE (QUAI)","48,1101600"," -1,6791900",201900051801,138 208 717,A01,1,1,0,1,1,1,5,NULL,201900051801,138 208 717,A01,10,3,4,2,1993,3,8,0,-1,3,3,1,201900051801,4,"LAMARTINE (QUAI)",0,NULL,1,1,0,1,0,0,1,NULL,NULL,1,0,1,20
201900010835,5,7,2019,10:55:00,1,75,75106,2,7,1,6,"BOULEVARD SAINT GERMAIN","48,8524780","2,3387390",201900010835,138 286 345,A01,2,1,0,1,1,7,5,NULL,201900010835,138 286 345,A01,10,3,4,2,1950,5,8,0,-1,4,3,1,201900010835,4,"BOULEVARD SAINT GERMAIN",0,NULL,1,3,3,1,0,0,1,NULL,NULL,1,0,6,50
201900010835,5,7,2019,10:55:00,1,75,75106,2,7,1,6,"BOULEVARD SAINT GERMAIN","48,8524780","2,3387390",201900010835,138 286 345,A01,2,1,0,1,1,7,5,NULL,201900010835,138 286 345,A01,1,1,1,1,1948,5,2,0,-1,0,0,-1,201900010835,4,"BOULEVARD SAINT GERMAIN",0,NULL,1,3,3,1,0,0,1,NULL,NULL,1,0,6,50
201900012142,21,4,2019,17:30:00,1,75,75108,2,7,1,6,"PLACE CLEMENCEAU","48,8677390","2,3139890",201900012142,138 283 874,A01,2,1,11,0,1,12,5,NULL,201900012142,138 283 874,A01,1,1,4,1,1943,5,0,0,-1,0,0,-1,201900012142,4,"PLACE CLEMENCEAU",0,NULL,-1,6,0,1,0,0,1,NULL,NULL,1,0,1,50
201900012883,21,11,2019,14:30:00,1,75,75116,2,1,1,1,"ROUTE DES TRIBUNES","48,8549610","2,2287960",201900012883,138 282 476,B01,2,1,0,2,1,1,5,NULL,201900012883,138 282 475,A01,1,1,1,1,1951,3,8,2,-1,0,0,-1,201900012883,4,"ROUTE DES TRIBUNES",0,NULL,2,3,1,1,0,0,3,NULL,NULL,1,0,5,50
201900012883,21,11,2019,14:30:00,1,75,75116,2,1,1,1,"ROUTE DES TRIBUNES","48,8549610","2,2287960",201900012883,138 282 475,A01,1,1,0,2,1,5,5,NULL,201900012883,138 282 475,A01,1,1,1,1,1951,3,8,2,-1,0,0,-1,201900012883,4,"ROUTE DES TRIBUNES",0,NULL,2,3,1,1,0,0,3,NULL,NULL,1,0,5,50
201900012883,21,11,2019,14:30:00,1,75,75116,2,1,1,1,"ROUTE DES TRIBUNES","48,8549610","2,2287960",201900012883,138 282 476,B01,2,1,0,2,1,1,5,NULL,201900012883,138 282 476,B01,1,1,4,1,1955,5,8,2,-1,0,0,-1,201900012883,4,"ROUTE DES TRIBUNES",0,NULL,2,3,1,1,0,0,3,NULL,NULL,1,0,5,50
201900012883,21,11,2019,14:30:00,1,75,75116,2,1,1,1,"ROUTE DES TRIBUNES","48,8549610","2,2287960",201900012883,138 282 475,A01,1,1,0,2,1,5,5,NULL,201900012883,138 282 476,B01,1,1,4,1,1955,5,8,2,-1,0,0,-1,201900012883,4,"ROUTE DES TRIBUNES",0,NULL,2,3,1,1,0,0,3,NULL,NULL,1,0,5,50
201900012890,19,11,2019,12:00:00,1,75,75115,2,3,1,3,"RUE EMERIAU","48,8487229","2,2852167",201900012890,138 282 463,A01,2,1,0,2,7,19,5,NULL,201900012890,138 282 462,B01,1,1,1,1,1952,5,1,0,-1,0,0,-1,201900012890,4,"RUE EMERIAU",0,NULL,2,2,0,1,0,0,1,NULL,NULL,1,0,1,50
201900012890,19,11,2019,12:00:00,1,75,75115,2,3,1,3,"RUE EMERIAU","48,8487229","2,2852167",201900012890,138 282 463,A01,2,1,0,2,7,19,5,NULL,201900012890,138 282 463,A01,1,1,4,2,1961,5,2,8,-1,0,0,-1,201900012890,4,"RUE EMERIAU",0,NULL,2,2,0,1,0,0,1,NULL,NULL,1,0,1,50
201900014645,19,11,2019,10:15:00,1,64,64122,2,1,1,3,"PRINGLE (RUE)","43,4788500"," -1,5527900",201900014645,138 279 078,B01,1,1,0,2,1,1,5,NULL,201900014645,138 279 077,A01,1,1,1,2,1990,3,1,8,-1,-1,0,-1,201900014645,4,"PRINGLE (RUE)",0,NULL,2,2,0,2,0,0,2,NULL,NULL,1,0,1,50
201900014645,19,11,2019,10:15:00,1,64,64122,2,1,1,3,"PRINGLE (RUE)","43,4788500"," -1,5527900",201900014645,138 279 078,B01,1,1,0,2,1,1,5,NULL,201900014645,138 279 078,B01,1,1,4,1,1974,5,2,0,-1,-1,0,-1,201900014645,4,"PRINGLE (RUE)",0,NULL,2,2,0,2,0,0,2,NULL,NULL,1,0,1,50
201900015273,12,9,2019,07:00:00,5,69,69382,2,5,1,3,"JULES COURMONT                      (QU)","45,7635700","4,8384700",201900015273,138 277 915,B01,2,1,0,2,6,1,5,NULL,201900015273,138 277 915,B01,1,1,4,2,1979,1,2,0,-1,-1,0,-1,201900015273,7,"JULES COURMONT                      (QU)",0,NULL,3,8,0,1,0,1,1,NULL,NULL,1,0,1,50
201900015273,12,9,2019,07:00:00,5,69,69382,2,5,1,3,"JULES COURMONT                      (QU)","45,7635700","4,8384700",201900015273,138 277 915,B01,2,1,0,2,6,1,5,NULL,201900015273,138 277 916,A01,1,1,1,1,1989,1,1,0,-1,-1,0,-1,201900015273,7,"JULES COURMONT                      (QU)",0,NULL,3,8,0,1,0,1,1,NULL,NULL,1,0,1,50
201900015444,16,1,2019,11:50:00,1,75,75109,2,1,1,2,"RUE DE CHATEAUDUN","48,8763090","2,3334650",201900015444,138 277 607,A01,2,1,0,2,4,1,5,NULL,201900015444,138 277 606,B01,1,1,1,1,1978,0,1,0,-1,0,0,-1,201900015444,4,"RUE DE CHATEAUDUN",0,NULL,2,3,0,1,0,0,1,NULL,NULL,1,0,1,50
201900015444,16,1,2019,11:50:00,1,75,75109,2,1,1,2,"RUE DE CHATEAUDUN","48,8763090","2,3334650",201900015444,138 277 607,A01,2,1,0,2,4,1,5,NULL,201900015444,138 277 607,A01,1,1,4,2,1974,0,2,0,-1,0,0,-1,201900015444,4,"RUE DE CHATEAUDUN",0,NULL,2,3,0,1,0,0,1,NULL,NULL,1,0,1,50
201900015570,13,10,2019,15:55:00,1,67,67482,2,1,1,1,"BELGES (QUAI DES)","48,5814720","7,7823410",201900015570,138 277 364,B01,2,1,0,2,1,1,5,NULL,201900015570,138 277 363,A01,1,1,4,1,1994,0,8,0,-1,-1,0,-1,201900015570,4,"BELGES (QUAI DES)",0,NULL,2,2,2,1,0,0,1,NULL,NULL,1,0,1,35
201900015570,13,10,2019,15:55:00,1,67,67482,2,1,1,1,"BELGES (QUAI DES)","48,5814720","7,7823410",201900015570,138 277 363,A01,1,1,0,2,1,13,5,NULL,201900015570,138 277 363,A01,1,1,4,1,1994,0,8,0,-1,-1,0,-1,201900015570,4,"BELGES (QUAI DES)",0,NULL,2,2,2,1,0,0,1,NULL,NULL,1,0,1,35
201900015570,13,10,2019,15:55:00,1,67,67482,2,1,1,1,"BELGES (QUAI DES)","48,5814720","7,7823410",201900015570,138 277 364,B01,2,1,0,2,1,1,5,NULL,201900015570,138 277 364,B01,1,1,4,2,1951,0,8,0,-1,-1,0,-1,201900015570,4,"BELGES (QUAI DES)",0,NULL,2,2,2,1,0,0,1,NULL,NULL,1,0,1,35
201900015570,13,10,2019,15:55:00,1,67,67482,2,1,1,1,"BELGES (QUAI DES)","48,5814720","7,7823410",201900015570,138 277 363,A01,1,1,0,2,1,13,5,NULL,201900015570,138 277 364,B01,1,1,4,2,1951,0,8,0,-1,-1,0,-1,201900015570,4,"BELGES (QUAI DES)",0,NULL,2,2,2,1,0,0,1,NULL,NULL,1,0,1,35
201900015643,10,10,2019,16:49:00,1,49,49007,2,1,1,3,"BOUCHEMAINE ROUTE","47,4539200"," -0,5686500",201900015643,138 277 243,A01,3,1,1,0,7,26,5,NULL,201900015643,138 277 242,B01,1,1,1,2,1994,9,8,8,-1,-1," -1",-1,201900015643,4,"BOUCHEMAINE ROUTE",0,NULL,2,1,0,1,0,0,1,NULL,NULL,1,0,1,60
201900015643,10,10,2019,16:49:00,1,49,49007,2,1,1,3,"BOUCHEMAINE ROUTE","47,4539200"," -0,5686500",201900015643,138 277 243,A01,3,1,1,0,7,26,5,NULL,201900015643,138 277 243,A01,1,1,4,1,2008,0,8,0,-1,-1," -1",-1,201900015643,4,"BOUCHEMAINE ROUTE",0,NULL,2,1,0,1,0,0,1,NULL,NULL,1,0,1,60
201900017198,13,9,2019,06:15:00,3,74,74094,2,1,1,1,"Route de la Bergue","46,1807680","6,2931430",201900017198,138 274 269,B01,2,1,0,2,1,1,5,NULL,201900017198,138 274 269,B01,1,1,3,1,1962,1,2,-1,-1,0,0,-1,201900017198,3,183,NULL,NULL,2,2,0,2,0,500,4,NULL,NULL,1,0,1,50
201900017198,13,9,2019,06:15:00,3,74,74094,2,1,1,1,"Route de la Bergue","46,1807680","6,2931430",201900017198,138 274 269,B01,2,1,0,2,1,1,5,NULL,201900017198,138 274 270,A01,1,1,1,1,1987,1,1,-1,-1,0,0,-1,201900017198,3,183,NULL,NULL,2,2,0,2,0,500,4,NULL,NULL,1,0,1,50
201900019746,2,8,2019,18:10:00,1,75,75112,2,2,1,3,"AVENUE DE SAINT MAURICE","48,8242405","2,4199743",201900019746,138 269 500,B01,1,1,0,2,7,1,5,NULL,201900019746,138 269 500,B01,1,1,4,1,1950,9,2,0,-1,0,0,-1,201900019746,4,"AVENUE DE SAINT MAURICE",0,NULL,2,2,-1,1,0,0,1,NULL,NULL,1,0,5,50
201900019746,2,8,2019,18:10:00,1,75,75112,2,2,1,3,"AVENUE DE SAINT MAURICE","48,8242405","2,4199743",201900019746,138 269 500,B01,1,1,0,2,7,1,5,NULL,201900019746,138 269 501,A01,1,1,1,1,1979,1,2,6,-1,0,0,-1,201900019746,4,"AVENUE DE SAINT MAURICE",0,NULL,2,2,-1,1,0,0,1,NULL,NULL,1,0,5,50
201900024532,8,9,2019,09:15:00,1,57,57474,2,6,1,3,"Rue de Boussange","49,2595130","6,1586840",201900024532,138 260 218,A01,0,1,0,2,3,1,5,NULL,201900024532,138 260 218,A01,1,1,4,1,1979,3,0,-1,-1,0,0,-1,201900024532,3,8,0,D,1,1,0,1,(1),(1),3,NULL,NULL,1,0,1,50
201900025327,10,3,2019,13:45:00,1,94,94017,2,9,6,3,"MARX DORMOY (AV)","48,8062800","2,5289000",201900025327,138 258 696,B01,1,1,12,0,0,2,0,NULL,201900025327,138 258 695,A01,1,1,1,1,2000,5,1,8,-1,-1,0,-1,201900025327,3,4,0,NULL,3,2,0,2,0,0,1,NULL,NULL,2,0,1,50
201900025327,10,3,2019,13:45:00,1,94,94017,2,9,6,3,"MARX DORMOY (AV)","48,8062800","2,5289000",201900025327,138 258 696,B01,1,1,12,0,0,2,0,NULL,201900025327,138 258 696,B01,1,1,4,1,1984,0,2,0,-1,-1,0,-1,201900025327,3,4,0,NULL,3,2,0,2,0,0,1,NULL,NULL,2,0,1,50
201900027900,6,10,2019,15:10:00,1,38,38185,2,1,2,3,"RUE GÉNÉRAL MANGIN","45,1603900","5,7126100",201900027900,138 253 843,Y01,3,1,0,2,7,19,0,NULL,201900027900,138 253 843,Y01,2,1,4,1,2005,9,8,0,-1,-1," -1",-1,201900027900,7,"RUE GÉNÉRAL MANGIN",0,NULL,-1,2,0,1,0,0,1,NULL,NULL,2,0,1,50
201900027900,6,10,2019,15:10:00,1,38,38185,2,1,2,3,"RUE GÉNÉRAL MANGIN","45,1603900","5,7126100",201900027900,138 253 843,Y01,3,1,0,2,7,19,0,NULL,201900027900,138 253 844,A01,1,1,1,1,1993,9,8,0,-1,-1," -1",-1,201900027900,7,"RUE GÉNÉRAL MANGIN",0,NULL,-1,2,0,1,0,0,1,NULL,NULL,2,0,1,50