Num_Acc,jour,mois,an,hrmn,lum,dep,com,agg,int,atm,col,adr,lat,long,Num_Acc,id_vehicule,num_veh,senc,catv,obs,obsm,choc,manv,motor,occutc,Num_Acc,id_vehicule,num_veh,place,catu,grav,sexe,an_nais,trajet,secu1,secu2,secu3,locp,actp,etatp,Num_Acc,catr,voie,v1,v2,circ,nbv,vosp,prof,pr,pr1,plan,lartpc,larrout,surf,infra,situ,vma
201900028177,7,9,2019,02:05:00,3,29,29155,1,4,8,1,Kerlaouen,"48,4616710"," -5,0617330",201900028177,138 253 348,B01,1,1,0,2,1,1,5,NULL,201900028177,138 253 347,A01,1,1,1,1,1959,9,0,-1,-1,0,0,-1,201900028177,3,181,NULL,NULL,2,2,0,2,1,100,3,NULL,NULL,2,0,1,-1
201900028177,7,9,2019,02:05:00,3,29,29155,1,4,8,1,Kerlaouen,"48,4616710"," -5,0617330",201900028177,138 253 348,B01,1,1,0,2,1,1,5,NULL,201900028177,138 253 348,B01,1,1,3,2,1964,5,9,-1,-1,0,0,-1,201900028177,3,181,NULL,NULL,2,2,0,2,1,100,3,NULL,NULL,2,0,1,-1
201900030344,11,4,2019,10:15:00,1,92,92025,2,1,1,3,"GENERAL LECLERC (PLACE)","48,9238639","2,2601945",201900030344,138 249 228,B01,3,1,0,2,4,1,5,NULL,201900030344,138 249 227,A01,1,1,1,1,1948,4,1,0,-1,-1,0,-1,201900030344,3,986,0,NULL,-1,8,0,1,0,0,1,NULL,NULL,1,0,1,50
201900030344,11,4,2019,10:15:00,1,92,92025,2,1,1,3,"GENERAL LECLERC (PLACE)","48,9238639","2,2601945",201900030344,138 249 228,B01,3,1,0,2,4,1,5,NULL,201900030344,138 249 228,B01,1,1,4,1,1934,0,8,0,-1,-1," -1",-1,201900030344,3,986,0,NULL,-1,8,0,1,0,0,1,NULL,NULL,1,0,1,50
201900031560,5,10,2019,14:35:00,1,47,47051,1,2,8,3,"D813, La Gravette","44,1729970","0,6912390",201900031560,138 247 016,A01,1,1,0,2,8,13,5,NULL,201900031560,138 247 015,B01,1,1,1,1,1972,3,1,-1,-1,0,0,-1,201900031560,3,813,NULL,NULL,2,2,0,3,9,340,1,NULL,NULL,1,0,1,70
201900031560,5,10,2019,14:35:00,1,47,47051,1,2,8,3,"D813, La Gravette","44,1729970","0,6912390",201900031560,138 247 016,A01,1,1,0,2,8,13,5,NULL,201900031560,138 247 016,A01,1,1,3,1,2003,5,0,-1,-1,0,0,-1,201900031560,3,813,NULL,NULL,2,2,0,3,9,340,1,NULL,NULL,1,0,1,70
201900033731,3,9,2019,15:12:00,1,2,02810,1,3,1,3,"Route de Vivières","49,2655030","3,0999760",201900033731,138 242 817,B01,2,1,0,0,1,1,5,NULL,201900033731,138 242 817,B01,1,1,3,2,1951,5,0,-1,-1,0,0,-1,201900033731,2,2,0,NULL,1,1,0,3,5,850,1,NULL,NULL,1,0,1,50
201900037502,26,2,2019,18:40:00,5,38,38185,2,1,1,6,"JOUHAUX       61-102 A 79-118","45,1756580","5,7442350",201900037502,138 235 513,A01,3,1,0,2,3,15,5,NULL,201900037502,138 235 512,B01,1,1,1,1,1968,0,1,0,-1,-1," -1",-1,201900037502,4,NULL,0,NULL,2,2,0,1,61,0,1,NULL,NULL,1,0,1,50
201900037502,26,2,2019,18:40:00,5,38,38185,2,1,1,6,"JOUHAUX       61-102 A 79-118","45,1756580","5,7442350",201900037502,138 235 513,A01,3,1,0,2,3,15,5,NULL,201900037502,138 235 513,A01,1,1,4,1,2001,0,8,0,-1,-1," -1",-1,201900037502,4,NULL,0,NULL,2,2,0,1,61,0,1,NULL,NULL,1,0,1,50
201900038961,18,1,2019,08:30:00,1,1,01354,2,3,9,7,"10 parc du bugnon","46,2494670","6,0376740",201900038961,138 232 849,A01,0,1,0,0,0,1,0,NULL,201900038961,138 232 849,A01,1,1,3,1,1956,1,0,-1,-1,0,0,-1,201900038961,4,NULL,NULL,NULL,2,-1,-1,1,(1),(1),1,NULL,NULL,7,0,1,-1
201900043464,20,7,2019,05:50:00,2,38,38348,1,1,1,3,"Route D1006","45,5834410","5,3213330",201900043464,138 224 445,A01,3,1,0,2,9,1,5,NULL,201900043464,138 224 444,B01,1,1,1,1,1982,5,8,-1,-1,0,0,-1,201900043464,3,1006,NULL,NULL,3,4,0,1,(1),(1),1,NULL,NULL,1,0,1,90
201900043464,20,7,2019,05:50:00,2,38,38348,1,1,1,3,"Route D1006","45,5834410","5,3213330",201900043464,138 224 445,A01,3,1,0,2,9,1,5,NULL,201900043464,138 224 444,B01,2,2,1,1,1981,5,8,-1,-1,0,0,-1,201900043464,3,1006,NULL,NULL,3,4,0,1,(1),(1),1,NULL,NULL,1,0,1,90
201900043464,20,7,2019,05:50:00,2,38,38348,1,1,1,3,"Route D1006","45,5834410","5,3213330",201900043464,138 224 445,A01,3,1,0,2,9,1,5,NULL,201900043464,138 224 445,A01,1,1,3,1,1955,5,2,9,-1,0,0,-1,201900043464,3,1006,NULL,NULL,3,4,0,1,(1),(1),1,NULL,NULL,1,0,1,90
201900045301,16,7,2019,15:20:00,1,76,76618,1,1,1,3,"RD925 - Pk 106.950","49,9520000","1,2211000",201900045301,138 220 904,B01,2,1,0,2,8,1,5,NULL,201900045301,138 220 903,A01,1,1,1,1,1990,4,1,-1,-1,0,0,-1,201900045301,3,925,0,NULL,2,2,0,1,109,0,1,NULL,NULL,1,0,1,80
201900045301,16,7,2019,15:20:00,1,76,76618,1,1,1,3,"RD925 - Pk 106.950","49,9520000","1,2211000",201900045301,138 220 904,B01,2,1,0,2,8,1,5,NULL,201900045301,138 220 904,B01,1,1,4,1,1939,5,2,-1,-1,0,0,-1,201900045301,3,925,0,NULL,2,2,0,1,109,0,1,NULL,NULL,1,0,1,80
201900046833,31,3,2019,13:35:00,1,51,51454,2,1,1,2,"RUE GUTENBERG","49,2744800","4,0016600",201900046833,138 217 961,A01,1,1,0,2,8,13,5,NULL,201900046833,138 217 960,B01,1,1,1,2,1989,5,1,0,-1,-1,0,-1,201900046833,4,"RUE GUTENBERG",0,NULL,2,2,1,1,0,0,1,NULL,NULL,1,0,1,50
201900046833,31,3,2019,13:35:00,1,51,51454,2,1,1,2,"RUE GUTENBERG","49,2744800","4,0016600",201900046833,138 217 961,A01,1,1,0,2,8,13,5,NULL,201900046833,138 217 961,A01,1,1,4,1,2004,5,8,0,-1,-1,0,-1,201900046833,4,"RUE GUTENBERG",0,NULL,2,2,1,1,0,0,1,NULL,NULL,1,0,1,50
201900048543,23,8,2019,09:37:00,1,75,75119,2,7,1,6,"BOULEVARD DE LA VILLETTE","48,8827862","2,3702819",201900048543,138 214 783,A01,1,1,12,0,1,14,5,NULL,201900048543,138 214 783,A01,1,1,4,1,2002,0,2,0,-1,0,0,-1,201900048543,4,"BOULEVARD DE LA VILLETTE",0,NULL,3,3,-1,1,0,0,1,NULL,NULL,1,0,1,50
201900051257,11,6,2019,17:25:00,1,33,33529,2,9,2,2,"INDUSTRIE (BD DE L') DU 02 ET +","44,6125500"," -1,1284400",201900051257,138 209 786,B01,1,1,0,2,4,15,5,NULL,201900051257,138 209 785,A01,2,2,4,1,1995,0,2,6,-1,-1," -1",-1,201900051257,4,"INDUSTRIE (BD DE L') 640",0,NULL,2,2,0,1,0,0,1,NULL,NULL,1,0,1,50
201900051257,11,6,2019,17:25:00,1,33,33529,2,9,2,2,"INDUSTRIE (BD DE L') DU 02 ET +","44,6125500"," -1,1284400",201900051257,138 209 786,B01,1,1,0,2,4,15,5,NULL,201900051257,138 209 785,A01,1,1,1,1,1997,0,2,6,-1,-1," -1",-1,201900051257,4,"INDUSTRIE (BD DE L') 640",0,NULL,2,2,0,1,0,0,1,NULL,NULL,1,0,1,50
201900051257,11,6,2019,17:25:00,1,33,33529,2,9,2,2,"INDUSTRIE (BD DE L') DU 02 ET +","44,6125500"," -1,1284400",201900051257,138 209 786,B01,1,1,0,2,4,15,5,NULL,201900051257,138 209 786,B01,1,1,4,1,1968,1,2,6,-1,-1," -1",-1,201900051257,4,"INDUSTRIE (BD DE L') 640",0,NULL,2,2,0,1,0,0,1,NULL,NULL,1,0,1,50
201900058180,7,5,2019,12:45:00,1,69,69051,1,2,1,3,"403 Chemin de Montplan","45,6502251","4,6477367",201900058180,138 196 827,B01,0,1,0,2,1,15,5,NULL,201900058180,138 196 826,A01,1,1,1,1,1982,4,1,-1,-1,0,0,-1,201900058180,4,NULL,NULL,NULL,2,2,0,1,(1),(1),1,NULL,NULL,1,0,1,80
201900058180,7,5,2019,12:45:00,1,69,69051,1,2,1,3,"403 Chemin de Montplan","45,6502251","4,6477367",201900058180,138 196 827,B01,0,1,0,2,1,15,5,NULL,201900058180,138 196 827,B01,1,1,4,1,1983,5,2,6,-1,0,0,-1,201900058180,4,NULL,NULL,NULL,2,2,0,1,(1),(1),1,NULL,NULL,1,0,1,80
201900011079,22,11,2019,14:20:00,1,92,92051,2,5,1,3,"CHATEAU (BOULEVARD DU)","48,8932000","2,2763900",201900011079,138 285 912,B01,2,1,0,2,8,1,5,NULL,201900011079,138 285 912,B01,1,1,3,2,1970,0,8,0,-1,-1,0,-1,201900011079,4,"CHATEAU (BOULEVARD DU)",0,NULL,2,2,0,1,0,0,1,NULL,NULL,1,0,1,50
201900011079,22,11,2019,14:20:00,1,92,92051,2,5,1,3,"CHATEAU (BOULEVARD DU)","48,8932000","2,2763900",201900011079,138 285 912,B01,2,1,0,2,8,1,5,NULL,201900011079,138 285 913,A01,1,1,4,1,1982,4,1,0,-1,-1,0,-1,201900011079,4,"CHATEAU (BOULEVARD DU)",0,NULL,2,2,0,1,0,0,1,NULL,NULL,1,0,1,50
201900014191,4,8,2019,10:35:00,1,26,26198,2,6,1,3,"ALLAN (Route d')","44,5371410","4,7643370",201900014191,138 280 024,B01,1,1,0,2,1,1,0,NULL,201900014191,138 280 023,A01,1,1,1,1,1954,5,1,8,-1,0,0,-1,201900014191,3,56,0,NULL,1,1,0,1,2,634,2,NULL,NULL,1,9,1,50
201900014191,4,8,2019,10:35:00,1,26,26198,2,6,1,3,"ALLAN (Route d')","44,5371410","4,7643370",201900014191,138 280 024,B01,1,1,0,2,1,1,0,NULL,201900014191,138 280 024,B01,1,1,3,1,1934,5,8,0,-1,0,0,-1,201900014191,3,56,0,NULL,1,1,0,1,2,634,2,NULL,NULL,1,9,1,50
201900016428,17,11,2019,11:10:00,1,72,72181,2,1,1,3,"PADERBORN (AV) N° IMP 5 ET plus","48,0099900","0,2015100",201900016428,138 275 754,B01,1,1,0,2,6,2,5,NULL,201900016428,138 275 754,B01,1,1,4,1,1981,0,2,0,-1,0,0,-1,201900016428,4,"PADERBORN (AV) N° IMP 5 ET plus",0,NULL,3,2,0,2,0,0,1,NULL,NULL,1,0,1,50
201900016428,17,11,2019,11:10:00,1,72,72181,2,1,1,3,"PADERBORN (AV) N° IMP 5 ET plus","48,0099900","0,2015100",201900016428,138 275 754,B01,1,1,0,2,6,2,5,NULL,201900016428,138 275 755,A01,1,1,1,1,1990,0,1,0,-1,0,0,-1,201900016428,4,"PADERBORN (AV) N° IMP 5 ET plus",0,NULL,3,2,0,2,0,0,1,NULL,NULL,1,0,1,50
201900016800,18,3,2019,08:40:00,1,38,38565,1,1,1,3,"3345 avenue du 11 novembre","45,2697360","5,6529310",201900016800,138 275 049,B01,1,1,0,2,1,1,5,NULL,201900016800,138 275 049,B01,1,1,4,2,1964,1,0,-1,-1,0,0,-1,201900016800,3,1075,0,D,2,2,2,1,77,600,1,NULL,NULL,1,0,5,70
201900016800,18,3,2019,08:40:00,1,38,38565,1,1,1,3,"3345 avenue du 11 novembre","45,2697360","5,6529310",201900016800,138 275 049,B01,1,1,0,2,1,1,5,NULL,201900016800,138 275 050,A01,1,1,1,1,1988,4,1,-1,-1,0,0,-1,201900016800,3,1075,0,D,2,2,2,1,77,600,1,NULL,NULL,1,0,5,70
201900020823,23,8,2019,09:50:00,1,91,91649,1,6,1,2,D31,"48,5467130","2,3486720",201900020823,138 267 474,B01,0,1,0,2,4,1,6,NULL,201900020823,138 267 473,A01,1,1,1,1,1980,5,1,-1,-1,0,0,-1,201900020823,3,26,0,D,2,2,0,1,(1),(1),3,NULL,NULL,1,0,1,50
201900020823,23,8,2019,09:50:00,1,91,91649,1,6,1,2,D31,"48,5467130","2,3486720",201900020823,138 267 474,B01,0,1,0,2,4,1,6,NULL,201900020823,138 267 474,B01,1,1,3,1,1968,0,2,-1,-1,0,0,-1,201900020823,3,26,0,D,2,2,0,1,(1),(1),3,NULL,NULL,1,0,1,50
201900021235,16,4,2019,12:55:00,1,67,67482,2,3,1,3,"FOUDAY (RUE DE)","48,5744300","7,7327700",201900021235,138 266 675,B01,2,1,0,2,1,1,5,NULL,201900021235,138 266 674,A01,1,1,1,1,1987,4,1,8,-1,-1,0,-1,201900021235,4,"FOUDAY (RUE DE)",0,NULL,1,2,1,1,0,0,2,NULL,NULL,1,0,1,50
201900021235,16,4,2019,12:55:00,1,67,67482,2,3,1,3,"FOUDAY (RUE DE)","48,5744300","7,7327700",201900021235,138 266 675,B01,2,1,0,2,1,1,5,NULL,201900021235,138 266 675,B01,1,1,4,1,1992,1,8,0,-1,-1,0,-1,201900021235,4,"FOUDAY (RUE DE)",0,NULL,1,2,1,1,0,0,2,NULL,NULL,1,0,1,50
201900023458,28,4,2019,09:45:00,1,77,77169,2,6,1,3,"EMERY (RUE D')","48,8103900","2,6213500",201900023458,138 262 367,B01,2,1,0,2,7,1,5,NULL,201900023458,138 262 367,B01,1,1,3,1,1961,5,2,8,-1,-1,0,-1,201900023458,4,"EMERY (RUE D')",0,NULL,2,2,0,1,0,0,1,NULL,NULL,1,5,1,30
201900023458,28,4,2019,09:45:00,1,77,77169,2,6,1,3,"EMERY (RUE D')","48,8103900","2,6213500",201900023458,138 262 367,B01,2,1,0,2,7,1,5,NULL,201900023458,138 262 368,A01,1,1,1,1,1945,5,1,8,-1,-1,0,-1,201900023458,4,"EMERY (RUE D')",0,NULL,2,2,0,1,0,0,1,NULL,NULL,1,5,1,30
201900024249,8,10,2019,09:25:00,1,64,64102,2,1,1,3,"HAURANNNE (AVENUE DUVERGIER DE)","43,4809100"," -1,4635100",201900024249,138 260 755,B01,2,1,0,2,8,1,5,NULL,201900024249,138 260 755,B01,1,1,4,1,1978,5,2,6,-1,0,0,-1,201900024249,4,"HAURANNNE (AVENUE DUVERGIER DE)",0,NULL,2,3,2,1,0,0,1,NULL,NULL,1,0,1,50
201900024249,8,10,2019,09:25:00,1,64,64102,2,1,1,3,"HAURANNNE (AVENUE DUVERGIER DE)","43,4809100"," -1,4635100",201900024249,138 260 755,B01,2,1,0,2,8,1,5,NULL,201900024249,138 260 756,Z01,1,1,1,2,1998,9,8,0,-1,-1," -1",-1,201900024249,4,"HAURANNNE (AVENUE DUVERGIER DE)",0,NULL,2,3,2,1,0,0,1,NULL,NULL,1,0,1,50
201900024341,21,12,2019,11:00:00,1,80,80021,2,1,1,3,"MARIVAUX (RUE)","49,9115640","2,3246950",201900024341,138 260 581,B01,0,1,0,2,1,1,5,NULL,201900024341,138 260 580,A01,1,1,1,1,1984,0,1,0,-1,-1," -1",-1,201900024341,4,"MARIVAUX (RUE)",0,NULL,2,4,0,1,0,0,1,NULL,NULL,1,0,1,50
201900024341,21,12,2019,11:00:00,1,80,80021,2,1,1,3,"MARIVAUX (RUE)","49,9115640","2,3246950",201900024341,138 260 581,B01,0,1,0,2,1,1,5,NULL,201900024341,138 260 581,B01,2,1,4,1,2009,0,2,0,-1,-1," -1",-1,201900024341,4,"MARIVAUX (RUE)",0,NULL,2,4,0,1,0,0,1,NULL,NULL,1,0,1,50
201900024936,27,6,2019,16:50:00,1,75,75118,2,2,1,6,"BOULEVARD BARBES","48,8883520","2,3495770",201900024936,138 259 401,A01,1,1,0,1,8,7,5,NULL,201900024936,138 259 401,A01,10,3,4,2,1985,9,8,0,-1,2,3,1,201900024936,4,"BOULEVARD BARBES",0,NULL,2,4,3,1,0,0,1,NULL,NULL,1,0,6,50
201900024936,27,6,2019,16:50:00,1,75,75118,2,2,1,6,"BOULEVARD BARBES","48,8883520","2,3495770",201900024936,138 259 401,A01,1,1,0,1,8,7,5,NULL,201900024936,138 259 401,A01,1,1,1,1,1988,9,8,0,-1,0,0,-1,201900024936,4,"BOULEVARD BARBES",0,NULL,2,4,3,1,0,0,1,NULL,NULL,1,0,6,50
201900027360,19,5,2019,14:44:00,1,49,49353,2,1,1,1,"VEST FERDINANT","47,4431000"," -0,4794900",201900027360,138 254 831,A01,1,1,0,2,1,1,5,NULL,201900027360,138 254 831,A01,1,1,4,2,2008,5,2,8,-1,-1," -1",-1,201900027360,4,"VEST FERDINANT",0,NULL,2,2,0,1,0,0,1,NULL,NULL,1,0,1,50
201900028451,25,6,2019,13:40:00,1,35,35288,2,3,1,3,"MOTTE (RUE DE LA)","48,6370300"," -1,9982900",201900028451,138 252 833,B01,3,1,0,2,1,1,5,NULL,201900028451,138 252 833,B01,1,1,4,1,2006,5,8,0,-1,-1,0,-1,201900028451,4,"MOTTE (RUE DE LA)",0,NULL,2,2,0,1,0,0,1,NULL,NULL,1,0,1,50
201900028451,25,6,2019,13:40:00,1,35,35288,2,3,1,3,"MOTTE (RUE DE LA)","48,6370300"," -1,9982900",201900028451,138 252 833,B01,3,1,0,2,1,1,5,NULL,201900028451,138 252 834,A01,1,1,1,2,1963,1,1,0,-1,-1,0,-1,201900028451,4,"MOTTE (RUE DE LA)",0,NULL,2,2,0,1,0,0,1,NULL,NULL,1,0,1,50
201900030656,26,7,2019,08:35:00,1,75,75120,2,2,1,2,"AVENUE GAMBETTA","48,8769855","2,4064654",201900030656,138 248 698,B01,2,1,0,2,4,2,5,NULL,201900030656,138 248 697,A01,1,1,1,1,1966,1,2,6,-1,0,0,-1,201900030656,4,"AVENUE GAMBETTA",0,NULL,2,2,-1,2,0,0,1,NULL,NULL,1,0,1,50
201900030656,26,7,2019,08:35:00,1,75,75120,2,2,1,2,"AVENUE GAMBETTA","48,8769855","2,4064654",201900030656,138 248 698,B01,2,1,0,2,4,2,5,NULL,201900030656,138 248 698,B01,1,1,4,2,1960,1,2,0,-1,0,0,-1,201900030656,4,"AVENUE GAMBETTA",0,NULL,2,2,-1,2,0,0,1,NULL,NULL,1,0,1,50
201900031866,25,6,2019,15:00:00,1,76,76238,2,3,1,3,"53 Rue Roger Cuvelier","49,5630690","0,2339620",201900031866,138 246 463,B01,2,1,0,2,8,15,5,NULL,201900031866,138 246 463,B01,1,1,4,1,2006,2,2,-1,-1,0,0,-1,201900031866,3,52,NULL,NULL,2,2,0,1,10,240,1,NULL,NULL,1,0,1,50
201900031866,25,6,2019,15:00:00,1,76,76238,2,3,1,3,"53 Rue Roger Cuvelier","49,5630690","0,2339620",201900031866,138 246 463,B01,2,1,0,2,8,15,5,NULL,201900031866,138 246 464,A01,1,1,1,2,1960,4,1,-1,-1,0,0,-1,201900031866,3,52,NULL,NULL,2,2,0,1,10,240,1,NULL,NULL,1,0,1,50
201900032037,5,4,2019,18:00:00,1,44,44109,2,1,2,3,"BOULEVARD JEAN MOULIN","47,2061200"," -1,6014000",201900032037,138 246 106,A01,0,1,0,-1,0,0,5,NULL,201900032037,138 246 105,B01,1,1,1,1,1961,4,8,0,-1,0,0,-1,201900032037,7,NULL,0,NULL,-1,0,3,1,1,0,1,NULL,NULL,1,0,1,50
201900032037,5,4,2019,18:00:00,1,44,44109,2,1,2,3,"BOULEVARD JEAN MOULIN","47,2061200"," -1,6014000",201900032037,138 246 106,A01,0,1,0,-1,0,0,5,NULL,201900032037,138 246 106,A01,1,1,4,1,1996,4,8,0,-1,0,0,-1,201900032037,7,NULL,0,NULL,-1,0,3,1,1,0,1,NULL,NULL,1,0,1,50
201900033053,7,11,2019,09:15:00,1,75,75115,2,1,1,7,"BOULEVARD LEFEBVRE","48,8322300","2,2896000",201900033053,138 244 095,A01,2,1,0,0,1,21,5,NULL,201900033053,138 244 095,A01,1,1,4,2,1983,1,2,0,-1,0,0,-1,201900033053,4,"BOULEVARD LEFEBVRE",0,NULL,2,2,1,1,0,0,1,NULL,NULL,2,0,5,50
201900034075,1,3,2019,09:30:00,1,974,97407,1,1,1,3,"RUE VERLAINE"," -20,9375000","55,3158000",201900034075,138 242 154,B01,3,1,0,2,0,19,5,NULL,201900034075,138 242 154,B01,1,1,4,2,2000,0,8,0,-1,0,0,-1,201900034075,4,"Rue Verlaine",0,NULL,2,2,0,1,0,0,1,NULL,NULL,1,0,3,50
201900034075,1,3,2019,09:30:00,1,974,97407,1,1,1,3,"RUE VERLAINE"," -20,9375000","55,3158000",201900034075,138 242 154,B01,3,1,0,2,0,19,5,NULL,201900034075,138 242 155,A01,1,1,1,1,1957,9,1,8,-1,0,0,-1,201900034075,4,"Rue Verlaine",0,NULL,2,2,0,1,0,0,1,NULL,NULL,1,0,3,50
201900035164,4,10,2019,09:24:00,1,92,92073,2,3,1,3,"LATTRE DE TASSIGNY (BOULEVARD DU MARECHA","48,8645130","2,2136690",201900035164,138 240 047,B01,1,1,0,0,8,26,5,NULL,201900035164,138 240 047,B01,1,1,4,1,1947,9,8,8,-1,-1,0,-1,201900035164,3,5,0,NULL,3,1,0,1,0,0,1,NULL,NULL,2,0,1,50
201900036793,22,6,2019,08:20:00,1,65,65286,2,6,1,3,"ROND POINT DE L EUROPE","43,1068748"," -0,0397503",201900036793,138 236 893,B01,2,1,0,2,1,15,5,NULL,201900036793,138 236 893,B01,1,1,3,1,1951,5,8,0,-1,0,0,-1,201900036793,2,21,0,NULL,1,2,0,1,39,147,2,NULL,NULL,1,0,1,50
201900036793,22,6,2019,08:20:00,1,65,65286,2,6,1,3,"ROND POINT DE L EUROPE","43,1068748"," -0,0397503",201900036793,138 236 893,B01,2,1,0,2,1,15,5,NULL,201900036793,138 236 894,A01,1,1,1,1,1968,5,1,0,-1,0,0,-1,201900036793,2,21,0,NULL,1,2,0,1,39,147,2,NULL,NULL,1,0,1,50
201900040109,10,5,2019,10:20:00,1,75,75118,2,7,1,2,"PLACE DE CLICHY","48,8836780","2,3275630",201900040109,138 230 704,B01,1,1,0,2,4,23,5,NULL,201900040109,138 230 704,B01,1,1,4,1,1974,0,2,0,-1,0,0,-1,201900040109,4,"PLACE DE CLICHY",0,NULL,1,4,0,1,0,0,1,NULL,NULL,1,0,1,50
201900040109,10,5,2019,10:20:00,1,75,75118,2,7,1,2,"PLACE DE CLICHY","48,8836780","2,3275630",201900040109,138 230 704,B01,1,1,0,2,4,23,5,NULL,201900040109,138 230 705,A01,1,1,1,1,1981,0,1,0,-1,0,0,-1,201900040109,4,"PLACE DE CLICHY",0,NULL,1,4,0,1,0,0,1,NULL,NULL,1,0,1,50
201900041142,26,8,2019,19:20:00,1,75,75112,2,1,1,3,"ROUTE DE LA PYRAMIDE","48,8396140","2,4373930",201900041142,138 228 826,B01,3,1,0,2,8,19,5,NULL,201900041142,138 228 825,A01,1,1,1,1,1994,1,1,0,-1,0,0,-1,201900041142,4,"ROUTE DE LA PYRAMIDE",0,NULL,2,2,0,1,0,0,1,NULL,NULL,1,0,1,50
201900041142,26,8,2019,19:20:00,1,75,75112,2,1,1,3,"ROUTE DE LA PYRAMIDE","48,8396140","2,4373930",201900041142,138 228 826,B01,3,1,0,2,8,19,5,NULL,201900041142,138 228 826,B01,1,1,4,1,2003,4,2,0,-1,0,0,-1,201900041142,4,"ROUTE DE LA PYRAMIDE",0,NULL,2,2,0,1,0,0,1,NULL,NULL,1,0,1,50
201900042765,14,1,2019,07:55:00,5,45,45234,2,2,8,3,"ROUTE D'OLIVET","47,8849100","1,9044200",201900042765,138 225 711,B01,3,1,0,2,0,0,5,NULL,201900042765,138 225 711,B01,1,1,4,1,1987,0,2,0,-1,-1," -1",-1,201900042765,4," ROUTE D'OLIVET",0,NULL,2,2,0,1,0,0,1,NULL,NULL,1,0,1,50
201900042765,14,1,2019,07:55:00,5,45,45234,2,2,8,3,"ROUTE D'OLIVET","47,8849100","1,9044200",201900042765,138 225 711,B01,3,1,0,2,0,0,5,NULL,201900042765,138 225 713,A01,1,1,1,2,1972,2,1,0,-1,-1," -1",-1,201900042765,4," ROUTE D'OLIVET",0,NULL,2,2,0,1,0,0,1,NULL,NULL,1,0,1,50
201900043739,22,5,2019,13:00:00,1,93,93051,2,9,1,3,"GEORGES CLEMENCEAU (AVENUE)","48,8400000","2,5500000",201900043739,138 223 931,B01,3,1,0,2,1,1,0,NULL,201900043739,138 223 931,B01,1,1,4,1,1970,5,8,0,-1,-1," -1",-1,201900043739,3,120,0,NULL,1,1,0,2,1,0,1,NULL,NULL,9,8,1,50
201900043739,22,5,2019,13:00:00,1,93,93051,2,9,1,3,"GEORGES CLEMENCEAU (AVENUE)","48,8400000","2,5500000",201900043739,138 223 931,B01,3,1,0,2,1,1,0,NULL,201900043739,138 223 932,A01,1,1,1,1,1954,5,1,0,-1,-1," -1",-1,201900043739,3,120,0,NULL,1,1,0,2,1,0,1,NULL,NULL,9,8,1,50
201900044047,14,6,2019,17:57:00,1,87,87085,2,1,3,2,"4 CHURCHILL WINSTON (PLACE)","45,8316100","1,2535100",201900044047,138 223 347,A01,0,1,0,2,1,2,5,NULL,201900044047,138 223 347,A01,1,1,4,1,1993,5,2,0,-1,0,0,-1,201900044047,4,"CHURCHILL WINSTON (PLACE)",0,NULL,2,4,0,2,0,0,1,NULL,NULL,2,0,1,50
201900044047,14,6,2019,17:57:00,1,87,87085,2,1,3,2,"4 CHURCHILL WINSTON (PLACE)","45,8316100","1,2535100",201900044047,138 223 347,A01,0,1,0,2,1,2,5,NULL,201900044047,138 223 348,B01,1,1,1,2,1974,4,1,0,-1,0,0,-1,201900044047,4,"CHURCHILL WINSTON (PLACE)",0,NULL,2,4,0,2,0,0,1,NULL,NULL,2,0,1,50
201900049260,6,12,2019,11:43:00,1,13,13005,1,3,7,3,"SAINT PIERRE (CHEMIN DE)","43,3015980","5,5915330",201900049260,138 213 482,A01,1,1,0,2,2,1,5,NULL,201900049260,138 213 481,B01,1,1,1,2,1965,5,1,0,-1,-1," -1",-1,201900049260,3,43,0,C,3,2,2,1,0,0,1,NULL,NULL,1,3,1,50
201900049260,6,12,2019,11:43:00,1,13,13005,1,3,7,3,"SAINT PIERRE (CHEMIN DE)","43,3015980","5,5915330",201900049260,138 213 482,A01,1,1,0,2,2,1,5,NULL,201900049260,138 213 482,A01,1,1,4,1,1969,5,8,0,-1,-1," -1",-1,201900049260,3,43,0,C,3,2,2,1,0,0,1,NULL,NULL,1,3,1,50
201900052441,11,7,2019,18:00:00,1,56,56121,2,6,1,3,"FRANCE ( AVE ANATOLE )","47,7467200"," -3,3663200",201900052441,138 207 458,B01,1,1,0,2,1,1,5,NULL,201900052441,138 207 457,A01,1,1,1,1,1961,5,1,8,-1,0,0,-1,201900052441,4,"FRANCE ( AVE ANATOLE )",0,NULL,2,4,3,2,0,0,1,NULL,NULL,1,0,1,30
201900052441,11,7,2019,18:00:00,1,56,56121,2,6,1,3,"FRANCE ( AVE ANATOLE )","47,7467200"," -3,3663200",201900052441,138 207 458,B01,1,1,0,2,1,1,5,NULL,201900052441,138 207 458,B01,1,1,4,1,1983,9,8,0,-1,0,0,-1,201900052441,4,"FRANCE ( AVE ANATOLE )",0,NULL,2,4,3,2,0,0,1,NULL,NULL,1,0,1,30
201900053383,24,9,2019,08:40:00,1,75,75111,2,1,2,6,"BOULEVARD VOLTAIRE","48,8645910","2,3687980",201900053383,138 205 671,Z01,2,1,0,1,1,1,5,NULL,201900053383,138 205 671,Z01,10,3,4,2,1989,1,0,-1,-1,4,3,1,201900053383,4,"BOULEVARD VOLTAIRE",0,NULL,2,4,1,1,33,0,1,NULL,NULL,2,0,5,50