Num_Acc,jour,mois,an,hrmn,lum,dep,com,agg,int,atm,col,adr,lat,long,Num_Acc,id_vehicule,num_veh,senc,catv,obs,obsm,choc,manv,motor,occutc,Num_Acc,id_vehicule,num_veh,place,catu,grav,sexe,an_nais,trajet,secu1,secu2,secu3,locp,actp,etatp,Num_Acc,catr,voie,v1,v2,circ,nbv,vosp,prof,pr,pr1,plan,lartpc,larrout,surf,infra,situ,vma
201900054949,30,5,2019,16:05:00,1,1,01053,1,6,1,6,"LOUHANS (ROND POINT)","46,2280123","5,2289725",201900054949,138 202 761,B01,1,1,0,2,4,1,5,NULL,201900054949,138 202 761,B01,1,1,3,1,1946,5,8,0,-1,-1," -1",-1,201900054949,3,117,0,A,-1,1,0,1,2,215,2,NULL,NULL,1,0,1,50
201900054949,30,5,2019,16:05:00,1,1,01053,1,6,1,6,"LOUHANS (ROND POINT)","46,2280123","5,2289725",201900054949,138 202 761,B01,1,1,0,2,4,1,5,NULL,201900054949,138 202 762,A01,1,1,1,2,1940,5,1,0,-1,0,0,-1,201900054949,3,117,0,A,-1,1,0,1,2,215,2,NULL,NULL,1,0,1,50
201900055400,25,10,2019,07:15:00,2,91,91201,2,2,1,3,"JACQUELINE JEUNON(RUE)","48,6877800","2,4239100",201900055400,138 201 912,B01,2,1,0,2,1,26,0,NULL,201900055400,138 201 912,B01,1,1,4,1,2000,0,8,0,-1,0,0,-1,201900055400,4,"MAINVILLE(RUE DE)",0,NULL,1,1,0,1,0,100,1,NULL,NULL,1,0,-1,50
201900055400,25,10,2019,07:15:00,2,91,91201,2,2,1,3,"JACQUELINE JEUNON(RUE)","48,6877800","2,4239100",201900055400,138 201 912,B01,2,1,0,2,1,26,0,NULL,201900055400,138 201 914,A01,1,1,1,1,1967,1,8,0,-1,0,0,-1,201900055400,4,"MAINVILLE(RUE DE)",0,NULL,1,1,0,1,0,100,1,NULL,NULL,1,0,-1,50
201900056768,14,6,2019,08:45:00,1,75,75115,2,2,1,3,"RUE DU GENERAL GUILLAUMAT","48,8289320","2,2941560",201900056768,138 199 405,B01,3,1,0,2,1,7,5,NULL,201900056768,138 199 405,B01,1,1,4,1,1958,4,2,0,-1,0,0,-1,201900056768,4,"RUE DU GENERAL GUILLAUMAT",0,NULL,2,4,3,1,0,0,1,NULL,NULL,1,0,6,50
201900056768,14,6,2019,08:45:00,1,75,75115,2,2,1,3,"RUE DU GENERAL GUILLAUMAT","48,8289320","2,2941560",201900056768,138 199 405,B01,3,1,0,2,1,7,5,NULL,201900056768,138 199 406,A01,1,1,1,1,1987,4,1,0,-1,0,0,-1,201900056768,4,"RUE DU GENERAL GUILLAUMAT",0,NULL,2,4,3,1,0,0,1,NULL,NULL,1,0,6,50
201900056919,31,5,2019,20:45:00,1,75,75112,2,1,1,4,"BOULEVARD DE REUILLY","48,8392070","2,3919280",201900056919,138 199 130,B01,1,1,0,2,7,1,5,NULL,201900056919,138 199 129,A01,1,1,1,1,1971,1,8,0,-1,0,0,-1,201900056919,4,"BOULEVARD DE REUILLY",0,NULL,2,2,0,1,0,0,1,NULL,NULL,1,0,1,50
201900056919,31,5,2019,20:45:00,1,75,75112,2,1,1,4,"BOULEVARD DE REUILLY","48,8392070","2,3919280",201900056919,138 199 130,B01,1,1,0,2,7,1,5,NULL,201900056919,138 199 130,B01,1,1,4,1,1981,5,2,0,-1,0,0,-1,201900056919,4,"BOULEVARD DE REUILLY",0,NULL,2,2,0,1,0,0,1,NULL,NULL,1,0,1,50
201900056919,31,5,2019,20:45:00,1,75,75112,2,1,1,4,"BOULEVARD DE REUILLY","48,8392070","2,3919280",201900056919,138 199 130,B01,1,1,0,2,7,1,5,NULL,201900056919,138 199 131,C01,1,1,4,2,1985,0,2,0,-1,0,0,-1,201900056919,4,"BOULEVARD DE REUILLY",0,NULL,2,2,0,1,0,0,1,NULL,NULL,1,0,1,50
201900057799,30,4,2019,19:20:00,1,71,71219,2,3,1,1,"RD 18","46,6632900","4,9447830",201900057799,138 197 517,B01,2,1,0,2,1,1,5,NULL,201900057799,138 197 516,A01,1,1,1,1,1964,5,1,-1,-1,0,0,-1,201900057799,3,18,NULL,NULL,2,2,0,1,6,(1),4,NULL,NULL,1,0,1,-1
201900057799,30,4,2019,19:20:00,1,71,71219,2,3,1,1,"RD 18","46,6632900","4,9447830",201900057799,138 197 517,B01,2,1,0,2,1,1,5,NULL,201900057799,138 197 517,B01,1,1,3,1,1966,5,0,-1,-1,0,0,-1,201900057799,3,18,NULL,NULL,2,2,0,1,6,(1),4,NULL,NULL,1,0,1,-1
201900009401,20,12,2019,08:10:00,2,33,33069,2,2,2,6,"AV.VICTOR HUGO","44,8639000"," -0,5904800",201900009401,138 288 921,A01,0,1,0,2,1,1,5,NULL,201900009401,138 288 920,B01,1,1,1,1,1975,0,8,0,-1,-1," -1",-1,201900009401,4,"AVENUE VICTOR HUGO ",0,NULL,2,2,0,1,(1),(1),1,NULL,NULL,1,0,1,50
201900009401,20,12,2019,08:10:00,2,33,33069,2,2,2,6,"AV.VICTOR HUGO","44,8639000"," -0,5904800",201900009401,138 288 921,A01,0,1,0,2,1,1,5,NULL,201900009401,138 288 921,A01,1,1,4,1,1969,0,2,0,-1,-1," -1",-1,201900009401,4,"AVENUE VICTOR HUGO ",0,NULL,2,2,0,1,(1),(1),1,NULL,NULL,1,0,1,50
201900011355,2,12,2019,05:18:00,5,93,93066,2,5,1,3,"LAMAZE DOCTEUR","48,9344353","2,3589878",201900011355,138 285 407,B01,1,1,0,2,1,9,5,NULL,201900011355,138 285 407,B01,1,1,4,1,1989,1,8,0,-1,0,0,-1,201900011355,4,"LAMAZE DOCTEUR",0,NULL,1,3,0,1,0,1,1,NULL,NULL,1,0,1,50
201900011355,2,12,2019,05:18:00,5,93,93066,2,5,1,3,"LAMAZE DOCTEUR","48,9344353","2,3589878",201900011355,138 285 407,B01,1,1,0,2,1,9,5,NULL,201900011355,138 285 408,A01,1,1,1,1,1971,4,1,0,-1,0,0,-1,201900011355,4,"LAMAZE DOCTEUR",0,NULL,1,3,0,1,0,1,1,NULL,NULL,1,0,1,50
201900012814,5,7,2019,07:13:00,1,89,89037,1,1,1,3,D943,"47,9704160","3,3437705",201900012814,138 282 609,B01,2,1,0,0,8,2,5,NULL,201900012814,138 282 609,B01,1,1,2,2,1954,5,2,-1,-1,0,0,-1,201900012814,3,943,NULL,NULL,2,2,0,2,22,200,1,NULL,NULL,1,0,1,80
201900012814,5,7,2019,07:13:00,1,89,89037,1,1,1,3,D943,"47,9704160","3,3437705",201900012814,138 282 609,B01,2,1,0,0,8,2,5,NULL,201900012814,138 282 610,A01,1,1,1,1,1985,4,1,-1,-1,0,0,-1,201900012814,3,943,NULL,NULL,2,2,0,2,22,200,1,NULL,NULL,1,0,1,80
201900014016,19,4,2019,19:10:00,1,42,42199,2,2,1,3,"RUE DE LA BERNARDE","46,0315440","3,9295800",201900014016,138 280 347,B01,3,1,0,2,1,19,5,NULL,201900014016,138 280 347,B01,1,1,3,1,2006,5,0,-1,-1,0,0,-1,201900014016,4,1,0,NULL,2,2,0,1,(1),(1),1,NULL,NULL,1,0,1,50
201900014016,19,4,2019,19:10:00,1,42,42199,2,2,1,3,"RUE DE LA BERNARDE","46,0315440","3,9295800",201900014016,138 280 347,B01,3,1,0,2,1,19,5,NULL,201900014016,138 280 348,A01,1,1,1,2,1985,9,1,-1,-1,0,0,-1,201900014016,4,1,0,NULL,2,2,0,1,(1),(1),1,NULL,NULL,1,0,1,50
201900014992,18,3,2019,17:50:00,1,75,75110,2,7,1,3,"BOULEVARD DE MAGENTA","48,8685170","2,3630150",201900014992,138 278 434,B01,2,1,0,2,3,1,5,NULL,201900014992,138 278 433,A01,1,1,1,1,1998,4,2,6,-1,0,0,-1,201900014992,4,"BOULEVARD DE MAGENTA",0,NULL,2,4,0,1,0,0,1,NULL,NULL,1,0,1,50
201900014992,18,3,2019,17:50:00,1,75,75110,2,7,1,3,"BOULEVARD DE MAGENTA","48,8685170","2,3630150",201900014992,138 278 434,B01,2,1,0,2,3,1,5,NULL,201900014992,138 278 434,B01,1,1,4,1,1989,1,2,0,-1,0,0,-1,201900014992,4,"BOULEVARD DE MAGENTA",0,NULL,2,4,0,1,0,0,1,NULL,NULL,1,0,1,50
201900015801,25,4,2019,22:15:00,3,44,44169,1,1,2,2,"RD 37","47,2526010"," -1,3766420",201900015801,138 276 965,B01,1,1,0,2,4,2,5,NULL,201900015801,138 276 965,B01,1,1,2,1,1964,1,2,4,-1,0,0,-1,201900015801,3,37,0,NULL,2,2,0,1,35,300,1,NULL,NULL,2,0,1,80
201900015801,25,4,2019,22:15:00,3,44,44169,1,1,2,2,"RD 37","47,2526010"," -1,3766420",201900015801,138 276 965,B01,1,1,0,2,4,2,5,NULL,201900015801,138 276 966,A01,1,1,1,1,1993,5,1,-1,-1,0,0,-1,201900015801,3,37,0,NULL,2,2,0,1,35,300,1,NULL,NULL,2,0,1,80
201900016159,31,5,2019,17:40:00,1,17,17225,2,3,1,3,"allée des gannes","45,6941620"," -1,1736560",201900016159,138 276 335,A01,3,1,0,2,2,1,5,NULL,201900016159,138 276 334,B01,1,1,1,1,1962,5,1,-1,-1,0,0,-1,201900016159,4,"allée des Gannes",NULL,NULL,2,2,0,1,(1),(1),1,NULL,NULL,1,5,1,50
201900016159,31,5,2019,17:40:00,1,17,17225,2,3,1,3,"allée des gannes","45,6941620"," -1,1736560",201900016159,138 276 335,A01,3,1,0,2,2,1,5,NULL,201900016159,138 276 335,A01,1,1,4,1,1954,5,2,6,4,0,0,-1,201900016159,4,"allée des Gannes",NULL,NULL,2,2,0,1,(1),(1),1,NULL,NULL,1,5,1,50
201900019680,31,7,2019,03:00:00,5,33,33529,2,1,1,3,"71 BD DE L'OCEAN","44,6328900"," -1,2025100",201900019680,138 269 627,B01,2,1,0,2,2,1,5,NULL,201900019680,138 269 627,B01,1,1,4,1,2000,5,8,0,-1,-1," -1",-1,201900019680,3,218,0,NULL,2,2,0,1,4,275,1,NULL,NULL,1,0,1,50
201900022582,5,7,2019,14:00:00,1,987,98734,1,1,2,2,"RT1 -  PK 41 - Golf d'Atimaono"," -17,7233790"," -149,5057300",201900022582,138 264 125,B01,1,1,0,2,4,14,5,NULL,201900022582,138 264 125,B01,1,1,3,1,1984,1,0,-1,-1,0,0,-1,201900022582,2,01,NULL,NULL,2,2,0,1,41,0,1,NULL,NULL,2,0,1,60
201900022582,5,7,2019,14:00:00,1,987,98734,1,1,2,2,"RT1 -  PK 41 - Golf d'Atimaono"," -17,7233790"," -149,5057300",201900022582,138 264 125,B01,1,1,0,2,4,14,5,NULL,201900022582,138 264 126,A01,1,1,1,1,1958,1,1,-1,-1,0,0,-1,201900022582,2,01,NULL,NULL,2,2,0,1,41,0,1,NULL,NULL,2,0,1,60
201900024215,9,10,2019,08:00:00,2,69,69387,2,1,2,7,"GUILLOTIERE (DE LA)                 (PT)","45,7564700","4,8394400",201900024215,138 260 822,A01,3,1,0,0,0,1,5,NULL,201900024215,138 260 822,A01,1,1,4,1,2004,2,8,0,-1,-1," -1",-1,201900024215,7,"GUILLOTIERE (DE LA)                 (PT)",0,NULL,2,5,1,1,1,0,1,NULL,NULL,2,2,1,50
201900028317,28,6,2019,17:10:00,1,67,67348,2,1,1,3,"39 Boulevard d'Europe","48,4631260","7,4943060",201900028317,138 253 105,A01,3,1,0,2,3,19,5,NULL,201900028317,138 253 104,B01,1,1,1,1,1990,4,1,-1,-1,0,0,-1,201900028317,4,NULL,NULL,NULL,1,1,0,1,(1),(1),1,NULL,NULL,1,0,1,50
201900028317,28,6,2019,17:10:00,1,67,67348,2,1,1,3,"39 Boulevard d'Europe","48,4631260","7,4943060",201900028317,138 253 105,A01,3,1,0,2,3,19,5,NULL,201900028317,138 253 105,A01,1,1,4,1,1938,5,0,-1,-1,0,0,-1,201900028317,4,NULL,NULL,NULL,1,1,0,1,(1),(1),1,NULL,NULL,1,0,1,50
201900032542,26,7,2019,09:30:00,1,3,03298,2,1,1,3,"98 avenue de Chazeuil","46,3170801","3,3953399",201900032542,138 245 146,B01,2,1,0,2,1,23,5,NULL,201900032542,138 245 146,B01,1,1,4,1,1945,3,0,-1,-1,0,0,-1,201900032542,2,2007,0,NULL,2,2,0,1,44,827,1,NULL,NULL,1,5,1,50
201900033511,24,6,2019,17:15:00,1,91,91200,1,9,1,3,"Rue de la Gambade","48,5426770","1,9943760",201900033511,138 243 230,A01,3,1,0,0,8,9,5,NULL,201900033511,138 243 230,A01,1,1,3,1,1959,5,2,6,-1,0,0,-1,201900033511,3,836,NULL,NULL,2,2,0,1,0,0,1,NULL,NULL,1,0,1,80
201900033511,24,6,2019,17:15:00,1,91,91200,1,9,1,3,"Rue de la Gambade","48,5426770","1,9943760",201900033511,138 243 230,A01,3,1,0,0,8,9,5,NULL,201900033511,138 243 231,B01,1,1,1,1,1991,4,1,-1,-1,0,0,-1,201900033511,3,836,NULL,NULL,2,2,0,1,0,0,1,NULL,NULL,1,0,1,80
201900033511,24,6,2019,17:15:00,1,91,91200,1,9,1,3,"Rue de la Gambade","48,5426770","1,9943760",201900033511,138 243 230,A01,3,1,0,0,8,9,5,NULL,201900033511,138 243 231,B01,2,2,1,1,1980,4,1,-1,-1,0,0,-1,201900033511,3,836,NULL,NULL,2,2,0,1,0,0,1,NULL,NULL,1,0,1,80
201900033805,30,8,2019,14:05:00,1,76,76351,1,6,1,6,"JEAN JACQUES ROUSSEAU (PONT)","49,4919900","0,1326800",201900033805,138 242 674,A01,0,1,0,2,1,13,5,NULL,201900033805,138 242 673,B01,2,2,1,2,1938,4,1,8,-1,0,0,-1,201900033805,4,"JEAN JACQUES ROUSSEAU (PONT)",0,NULL,3,6,0,2,0,0,1,NULL,NULL,1,0,1,50
201900033805,30,8,2019,14:05:00,1,76,76351,1,6,1,6,"JEAN JACQUES ROUSSEAU (PONT)","49,4919900","0,1326800",201900033805,138 242 674,A01,0,1,0,2,1,13,5,NULL,201900033805,138 242 673,B01,1,1,1,1,1957,4,1,8,-1,0,0,-1,201900033805,4,"JEAN JACQUES ROUSSEAU (PONT)",0,NULL,3,6,0,2,0,0,1,NULL,NULL,1,0,1,50
201900033805,30,8,2019,14:05:00,1,76,76351,1,6,1,6,"JEAN JACQUES ROUSSEAU (PONT)","49,4919900","0,1326800",201900033805,138 242 674,A01,0,1,0,2,1,13,5,NULL,201900033805,138 242 674,A01,1,1,4,1,1997,4,2,0,-1,0,0,-1,201900033805,4,"JEAN JACQUES ROUSSEAU (PONT)",0,NULL,3,6,0,2,0,0,1,NULL,NULL,1,0,1,50
201900033815,31,8,2019,11:45:00,1,64,64024,2,1,8,7,"BIARRITZ (AVENUE DE)","43,4804000"," -1,5281000",201900033815,138 242 655,A01,2,1,12,0,1,14,5,NULL,201900033815,138 242 655,A01,1,1,3,1,1964,9,8,0,-1,0,0,-1,201900033815,4,"BIARRITZ (AVENUE DE)",0,NULL,2,4,1,1,0,0,1,NULL,NULL,1,0,3,50
201900033990,5,3,2019,12:30:00,1,16,16032,1,1,1,3,"Ld Le Grand Lopin","45,6569780"," -0,0936850",201900033990,138 242 328,B01,2,1,0,2,1,1,5,NULL,201900033990,138 242 327,A01,1,1,1,1,1973,1,1,-1,-1,0,0,-1,201900033990,3,22,NULL,NULL,2,2,0,1,30,785,1,0,5.2,1,0,1,70
201900033990,5,3,2019,12:30:00,1,16,16032,1,1,1,3,"Ld Le Grand Lopin","45,6569780"," -0,0936850",201900033990,138 242 328,B01,2,1,0,2,1,1,5,NULL,201900033990,138 242 328,B01,1,1,4,1,1963,5,2,-1,-1,0,0,-1,201900033990,3,22,NULL,NULL,2,2,0,1,30,785,1,0,5.2,1,0,1,70
201900034796,13,12,2019,09:00:00,2,33,33063,2,3,1,3,"RUE LUCIE AUBRAC","44,8685400"," -0,5523000",201900034796,138 240 763,B01,2,1,0,2,0,1,5,NULL,201900034796,138 240 763,B01,1,1,4,2,1989,0,8,8,-1,-1," -1",-1,201900034796,4,"RUE LUCIE AUBRAC",0,NULL,1,1,0,1,(1),(1),1,NULL,NULL,2,0,1,30
201900034796,13,12,2019,09:00:00,2,33,33063,2,3,1,3,"RUE LUCIE AUBRAC","44,8685400"," -0,5523000",201900034796,138 240 763,B01,2,1,0,2,0,1,5,NULL,201900034796,138 240 763,B01,2,2,1,2,2015,0,8,8,-1,-1," -1",-1,201900034796,4,"RUE LUCIE AUBRAC",0,NULL,1,1,0,1,(1),(1),1,NULL,NULL,2,0,1,30
201900036561,30,4,2019,22:15:00,5,75,75106,2,2,1,3,"BOULEVARD RASPAIL","48,8479150","2,3277680",201900036561,138 237 366,A01,2,1,0,2,8,19,5,NULL,201900036561,138 237 366,A01,1,1,4,1,1994,4,8,0,-1,0,0,-1,201900036561,4,"BOULEVARD RASPAIL",0,NULL,3,2,0,1,0,0,1,NULL,NULL,1,0,1,50
201900036561,30,4,2019,22:15:00,5,75,75106,2,2,1,3,"BOULEVARD RASPAIL","48,8479150","2,3277680",201900036561,138 237 366,A01,2,1,0,2,8,19,5,NULL,201900036561,138 237 367,B01,2,2,4,1,1994,5,2,6,-1,0,0,-1,201900036561,4,"BOULEVARD RASPAIL",0,NULL,3,2,0,1,0,0,1,NULL,NULL,1,0,1,50
201900036561,30,4,2019,22:15:00,5,75,75106,2,2,1,3,"BOULEVARD RASPAIL","48,8479150","2,3277680",201900036561,138 237 366,A01,2,1,0,2,8,19,5,NULL,201900036561,138 237 367,B01,1,1,4,1,1996,5,2,6,-1,0,0,-1,201900036561,4,"BOULEVARD RASPAIL",0,NULL,3,2,0,1,0,0,1,NULL,NULL,1,0,1,50
201900036833,21,6,2019,13:30:00,1,45,45234,2,3,1,3,"131 BD DE CHATEAUDUN","47,9123187","1,8942288",201900036833,138 236 811,B01,1,1,0,2,1,1,0,NULL,201900036833,138 236 811,B01,1,1,4,2,1962,1,2,0,-1,0,0,-1,201900036833,4,"131 BD DE CHATEAUDUN",0,NULL,-1,2,1,1,(1),(1),1,NULL,NULL,1,0,5,50
201900036833,21,6,2019,13:30:00,1,45,45234,2,3,1,3,"131 BD DE CHATEAUDUN","47,9123187","1,8942288",201900036833,138 236 811,B01,1,1,0,2,1,1,0,NULL,201900036833,138 236 812,A01,1,1,1,2,1990,4,2,0,-1,0,0,-1,201900036833,4,"131 BD DE CHATEAUDUN",0,NULL,-1,2,1,1,(1),(1),1,NULL,NULL,1,0,5,50
201900037085,2,10,2019,13:20:00,1,34,34172,2,6,1,3,"MAS D'ASTRE (ROND-POINT DU)","43,5748900","3,8599300",201900037085,138 236 331,B01,1,1,0,2,7,1,5,NULL,201900037085,138 236 330,A01,1,1,1,2,1981,4,1,8,-1,0,0,-1,201900037085,4,"MAS D'ASTRE (ROND-POINT DU)",0,NULL,1,2,0,1,(1),(1),2,NULL,NULL,1,5,1,50
201900037085,2,10,2019,13:20:00,1,34,34172,2,6,1,3,"MAS D'ASTRE (ROND-POINT DU)","43,5748900","3,8599300",201900037085,138 236 331,B01,1,1,0,2,7,1,5,NULL,201900037085,138 236 331,B01,1,1,4,2,1972,1,8,0,-1,0,0,-1,201900037085,4,"MAS D'ASTRE (ROND-POINT DU)",0,NULL,1,2,0,1,(1),(1),2,NULL,NULL,1,5,1,50
201900037794,3,4,2019,18:08:00,1,91,91223,2,3,1,3,"COQUERIVE (AVENUE DE)","48,4350200","2,1681600",201900037794,138 234 964,B01,0,1,0,2,1,1,5,NULL,201900037794,138 234 963,A01,1,1,1,1,1980,9,1,0,-1,0,0,-1,201900037794,2,20,0,NULL,1,1,0,2,0,0,1,NULL,NULL,2,0,1,50
201900037794,3,4,2019,18:08:00,1,91,91223,2,3,1,3,"COQUERIVE (AVENUE DE)","48,4350200","2,1681600",201900037794,138 234 964,B01,0,1,0,2,1,1,5,NULL,201900037794,138 234 964,B01,1,1,4,2,1950,9,8,0,-1,0,0,-1,201900037794,2,20,0,NULL,1,1,0,2,0,0,1,NULL,NULL,2,0,1,50
201900041335,4,4,2019,15:20:00,1,75,75112,2,2,1,6,"AVENUE DAUMESNIL","48,8371840","2,4021230",201900041335,138 228 470,Z01,2,1,0,1,0,25,5,NULL,201900041335,138 228 470,Z01,10,3,4,2,1963,1,8,0,-1,5,9,1,201900041335,4,"AVENUE DAUMESNIL",0,NULL,2,0,0,2,0,0,1,NULL,NULL,1,0,4,50
201900043938,30,5,2019,03:00:00,5,69,69383,2,2,1,3,"EUGENIE                             (CO)","45,7488600","4,8871800",201900043938,138 223 585,B01,1,1,0,2,4,1,5,NULL,201900043938,138 223 585,B01,1,1,4,1,2002,0,8,0,-1,-1," -1",-1,201900043938,4,"EUGENIE                             (CO)",0,NULL,2,2,0,1,0,0,1,NULL,NULL,1,5,1,50
201900044403,25,10,2019,13:07:00,1,33,33063,2,2,1,2,"RUE DES VIGNES","44,8320000"," -0,5656900",201900044403,138 222 637,A01,1,1,0,2,1,1,5,NULL,201900044403,138 222 637,A01,1,1,4,1,1993,0,8,0,-1,-1," -1",-1,201900044403,4,"RUE DES VIGNES",0,NULL,1,1,0,1,0,0,1,NULL,NULL,1,0,1,50
201900044403,25,10,2019,13:07:00,1,33,33063,2,2,1,2,"RUE DES VIGNES","44,8320000"," -0,5656900",201900044403,138 222 637,A01,1,1,0,2,1,1,5,NULL,201900044403,138 222 638,B01,1,1,1,2,1969,4,8,0,-1,-1," -1",-1,201900044403,4,"RUE DES VIGNES",0,NULL,1,1,0,1,0,0,1,NULL,NULL,1,0,1,50
201900046175,31,10,2019,16:15:00,1,75,75115,2,2,7,3,"RUE DE LA CONVENTION","48,8411159","2,2878709",201900046175,138 219 225,B01,1,1,0,2,8,1,5,NULL,201900046175,138 219 224,A01,1,1,1,1,1984,4,1,0,-1,0,0,-1,201900046175,4,"RUE DE LA CONVENTION",0,NULL,2,3,1,1,0,0,1,NULL,NULL,1,0,5,50
201900046175,31,10,2019,16:15:00,1,75,75115,2,2,7,3,"RUE DE LA CONVENTION","48,8411159","2,2878709",201900046175,138 219 225,B01,1,1,0,2,8,1,5,NULL,201900046175,138 219 225,B01,1,1,4,1,1998,5,2,6,-1,0,0,-1,201900046175,4,"RUE DE LA CONVENTION",0,NULL,2,3,1,1,0,0,1,NULL,NULL,1,0,5,50
201900048439,22,8,2019,09:20:00,1,64,64129,2,9,1,6,"BAYONNE DE","43,3010188"," -0,3942833",201900048439,138 214 975,B01,1,1,0,2,1,1,5,NULL,201900048439,138 214 974,A01,1,1,1,1,2001,5,2,6,-1,0,0,-1,201900048439,4,"BAYONNE DE",0,NULL,1,1,2,1,0,0,2,NULL,NULL,1,0,3,50
201900048439,22,8,2019,09:20:00,1,64,64129,2,9,1,6,"BAYONNE DE","43,3010188"," -0,3942833",201900048439,138 214 975,B01,1,1,0,2,1,1,5,NULL,201900048439,138 214 975,B01,1,1,4,1,1961,5,8,0,-1,0,0,-1,201900048439,4,"BAYONNE DE",0,NULL,1,1,2,1,0,0,2,NULL,NULL,1,0,3,50
201900049328,3,5,2019,08:15:00,1,54,54395,2,2,1,1,"DURIVAL (RUE)","48,6801800","6,1739400",201900049328,138 213 359,A01,1,1,0,2,1,1,5,NULL,201900049328,138 213 358,B01,1,1,1,2,1995,0,1,0,-1,-1,0,-1,201900049328,4,"DURIVAL (RUE)",0,NULL,-1,2,0,1,0,0,1,NULL,NULL,1,0,1,30
201900049328,3,5,2019,08:15:00,1,54,54395,2,2,1,1,"DURIVAL (RUE)","48,6801800","6,1739400",201900049328,138 213 359,A01,1,1,0,2,1,1,5,NULL,201900049328,138 213 359,A01,1,1,4,1,1992,0,8,0,-1,-1,0,-1,201900049328,4,"DURIVAL (RUE)",0,NULL,-1,2,0,1,0,0,1,NULL,NULL,1,0,1,30
201900049783,28,10,2019,21:20:00,5,75,75108,2,2,1,6,"RUE PASQUIER","48,8715057","2,3231129",201900049783,138 212 499,A01,2,1,0,1,1,1,5,NULL,201900049783,138 212 499,A01,10,3,4,2,1980,9,0,-1,-1,4,3,1,201900049783,4,"RUE PASQUIER",0,NULL,1,1,0,1,0,0,1,NULL,NULL,1,0,1,50
201900049783,28,10,2019,21:20:00,5,75,75108,2,2,1,6,"RUE PASQUIER","48,8715057","2,3231129",201900049783,138 212 499,A01,2,1,0,1,1,1,5,NULL,201900049783,138 212 499,A01,1,1,1,1,1992,5,2,0,-1,0,0,-1,201900049783,4,"RUE PASQUIER",0,NULL,1,1,0,1,0,0,1,NULL,NULL,1,0,1,50
201900051270,14,6,2019,19:15:00,1,31,31555,2,1,1,3,"PL ROQUELAINE","43,6127500","1,4487500",201900051270,138 209 762,B01,2,1,0,2,8,1,5,NULL,201900051270,138 209 761,A01,1,1,1,1,1974,9,1,7,-1,-1,0,-1,201900051270,4,NULL,0,NULL,2,4,0,1,0,0,1,NULL,NULL,1,0,1,50
201900051270,14,6,2019,19:15:00,1,31,31555,2,1,1,3,"PL ROQUELAINE","43,6127500","1,4487500",201900051270,138 209 762,B01,2,1,0,2,8,1,5,NULL,201900051270,138 209 762,B01,1,1,4,2,1951,5,2,8,-1,-1,0,-1,201900051270,4,NULL,0,NULL,2,4,0,1,0,0,1,NULL,NULL,1,0,1,50
201900051515,28,10,2019,14:45:00,1,69,69388,2,2,1,3,"JEAN MERMOZ                         (AV)","45,7304800","4,8876900",201900051515,138 209 265,B01,3,1,0,2,8,19,5,NULL,201900051515,138 209 265,B01,1,1,4,1,1971,5,8,0,-1,-1," -1",-1,201900051515,4,"JEAN MERMOZ                         (AV)",0,NULL,1,3,3,1,1,0,1,NULL,NULL,1,0,1,50
201900051515,28,10,2019,14:45:00,1,69,69388,2,2,1,3,"JEAN MERMOZ                         (AV)","45,7304800","4,8876900",201900051515,138 209 265,B01,3,1,0,2,8,19,5,NULL,201900051515,138 209 266,A01,1,1,1,1,1951,5,8,0,-1,-1," -1",-1,201900051515,4,"JEAN MERMOZ                         (AV)",0,NULL,1,3,3,1,1,0,1,NULL,NULL,1,0,1,50
201900052317,12,7,2019,20:10:00,1,91,91657,2,3,7,6,"HENRI CHARON (AVENUE)","48,7041100","2,4287400",201900052317,138 207 728,B01,2,1,0,2,1,1,6,NULL,201900052317,138 207 727,A01,1,1,1,1,1994,0,1,0,-1,0,0,-1,201900052317,4,"HENRI CHARON (AVENUE)",0,NULL,2,2,0,1,0,100,1,NULL,NULL,1,0,3,50
201900052317,12,7,2019,20:10:00,1,91,91657,2,3,7,6,"HENRI CHARON (AVENUE)","48,7041100","2,4287400",201900052317,138 207 728,B01,2,1,0,2,1,1,6,NULL,201900052317,138 207 728,B01,1,1,4,2,1954,0,8,0,-1,0,0,-1,201900052317,4,"HENRI CHARON (AVENUE)",0,NULL,2,2,0,1,0,100,1,NULL,NULL,1,0,3,50
201900053702,23,9,2019,16:10:00,1,67,67180,2,3,1,3,"CULTIVATEURS (RUE DES)","48,8194500","7,7888000",201900053702,138 205 060,B01,3,1,0,2,1,16,5,NULL,201900053702,138 205 057,A01,1,1,1,1,1969,1,8,0,-1,-1,0,-1,201900053702,4,"CULTIVATEURS (RUE DES)",0,NULL,1,2,0,2,0,1,1,NULL,NULL,1,0,1,50
201900053702,23,9,2019,16:10:00,1,67,67180,2,3,1,3,"CULTIVATEURS (RUE DES)","48,8194500","7,7888000",201900053702,138 205 060,B01,3,1,0,2,1,16,5,NULL,201900053702,138 205 060,B01,1,1,4,1,1976,5,8,0,-1,-1,0,-1,201900053702,4,"CULTIVATEURS (RUE DES)",0,NULL,1,2,0,2,0,1,1,NULL,NULL,1,0,1,50
201900053982,12,7,2019,00:55:00,5,93,93055,2,1,1,3,"JULES AUFFRET (51/FIN ET 56/FIN)","48,8847000","2,4113700",201900053982,138 204 519,B01,2,1,0,2,1,1,5,NULL,201900053982,138 204 519,B01,1,1,4,2,1983,9,2,8,-1,-1," -1",-1,201900053982,3,20,0,NULL,-1,2,0,2,0,0,1,NULL,NULL,1,0,1,50