Num_Acc,jour,mois,an,hrmn,lum,dep,com,agg,int,atm,col,adr,lat,long,Num_Acc,id_vehicule,num_veh,senc,catv,obs,obsm,choc,manv,motor,occutc,Num_Acc,id_vehicule,num_veh,place,catu,grav,sexe,an_nais,trajet,secu1,secu2,secu3,locp,actp,etatp,Num_Acc,catr,voie,v1,v2,circ,nbv,vosp,prof,pr,pr1,plan,lartpc,larrout,surf,infra,situ,vma
201900054511,29,5,2019,13:50:00,1,30,30325,2,1,1,3,"Route de Ganges","43,9749400","3,7165260",201900054511,138 203 586,B01,3,1,0,2,1,5,6,NULL,201900054511,138 203 586,B01,1,1,3,1,2010,5,2,-1,-1,0,0,-1,201900054511,3,153,NULL,NULL,2,2,0,1,(1),(1),1,NULL,NULL,1,0,4,50
201900054511,29,5,2019,13:50:00,1,30,30325,2,1,1,3,"Route de Ganges","43,9749400","3,7165260",201900054511,138 203 586,B01,3,1,0,2,1,5,6,NULL,201900054511,138 203 587,A01,1,1,1,1,1977,9,1,5,-1,0,0,-1,201900054511,3,153,NULL,NULL,2,2,0,1,(1),(1),1,NULL,NULL,1,0,4,50
201900054952,15,2,2019,14:05:00,1,69,69384,2,1,1,3,"EUGENE PONS                         (R )","45,7799100","4,8397800",201900054952,138 202 756,B01,1,1,0,2,1,1,0,NULL,201900054952,138 202 756,B01,1,1,4,1,1999,4,8,0,-1,0,0,-1,201900054952,4,"EUGENE PONS                         (R )",0,NULL,2,2,0,4,0,0,3,NULL,NULL,1,0,1,50
201900054952,15,2,2019,14:05:00,1,69,69384,2,1,1,3,"EUGENE PONS                         (R )","45,7799100","4,8397800",201900054952,138 202 756,B01,1,1,0,2,1,1,0,NULL,201900054952,138 202 757,A01,1,1,1,1,1961,5,1,0,-1,0,0,-1,201900054952,4,"EUGENE PONS                         (R )",0,NULL,2,2,0,4,0,0,3,NULL,NULL,1,0,1,50
201900055647,21,9,2019,11:25:00,1,75,75115,2,1,1,6,"RUE DES MORILLONS","48,8332625","2,2993017",201900055647,138 201 479,A01,2,1,0,1,1,1,5,NULL,201900055647,138 201 479,A01,1,1,1,1,1973,5,8,2,-1,0,0,-1,201900055647,4,"RUE DES MORILLONS",0,NULL,2,2,0,1,37,0,1,NULL,NULL,1,0,1,50
201900055647,21,9,2019,11:25:00,1,75,75115,2,1,1,6,"RUE DES MORILLONS","48,8332625","2,2993017",201900055647,138 201 479,A01,2,1,0,1,1,1,5,NULL,201900055647,138 201 479,A01,10,3,4,2,1926,5,0,0,0,2,3,1,201900055647,4,"RUE DES MORILLONS",0,NULL,2,2,0,1,37,0,1,NULL,NULL,1,0,1,50
201900057524,17,2,2019,03:30:00,5,75,75110,2,2,1,3,"RUE DU FAUBOURG SAINT DENIS","48,8843120","2,3593630",201900057524,138 198 034,B01,2,1,0,2,1,1,5,NULL,201900057524,138 198 034,B01,1,1,4,1,1987,0,2,0,-1,0,0,-1,201900057524,4,"RUE DU FAUBOURG SAINT DENIS",0,NULL,2,3,0,1,0,0,1,NULL,NULL,1,8,1,50
201900057524,17,2,2019,03:30:00,5,75,75110,2,2,1,3,"RUE DU FAUBOURG SAINT DENIS","48,8843120","2,3593630",201900057524,138 198 034,B01,2,1,0,2,1,1,5,NULL,201900057524,138 198 035,A01,4,2,1,1,1993,5,1,0,-1,0,0,-1,201900057524,4,"RUE DU FAUBOURG SAINT DENIS",0,NULL,2,3,0,1,0,0,1,NULL,NULL,1,8,1,50
201900057524,17,2,2019,03:30:00,5,75,75110,2,2,1,3,"RUE DU FAUBOURG SAINT DENIS","48,8843120","2,3593630",201900057524,138 198 034,B01,2,1,0,2,1,1,5,NULL,201900057524,138 198 035,A01,3,2,1,2,1994,0,1,0,-1,0,0,-1,201900057524,4,"RUE DU FAUBOURG SAINT DENIS",0,NULL,2,3,0,1,0,0,1,NULL,NULL,1,8,1,50
201900057524,17,2,2019,03:30:00,5,75,75110,2,2,1,3,"RUE DU FAUBOURG SAINT DENIS","48,8843120","2,3593630",201900057524,138 198 034,B01,2,1,0,2,1,1,5,NULL,201900057524,138 198 035,A01,5,2,1,1,1992,5,1,0,-1,0,0,-1,201900057524,4,"RUE DU FAUBOURG SAINT DENIS",0,NULL,2,3,0,1,0,0,1,NULL,NULL,1,8,1,50
201900057524,17,2,2019,03:30:00,5,75,75110,2,2,1,3,"RUE DU FAUBOURG SAINT DENIS","48,8843120","2,3593630",201900057524,138 198 034,B01,2,1,0,2,1,1,5,NULL,201900057524,138 198 035,A01,1,1,1,1,1996,4,1,0,-1,0,0,-1,201900057524,4,"RUE DU FAUBOURG SAINT DENIS",0,NULL,2,3,0,1,0,0,1,NULL,NULL,1,8,1,50
201900057688,21,9,2019,10:00:00,1,59,59090,2,1,1,3,"WAMBRECHIES (AVENUE)","50,7068300","3,0925800",201900057688,138 197 733,B01,3,1,0,2,3,26,5,NULL,201900057688,138 197 712,A01,1,1,4,1,1950,0,8,0,-1,-1," -1",-1,201900057688,7,654,0,NULL,2,2,0,1,0,0,1,NULL,NULL,1,0,1,50
201900057688,21,9,2019,10:00:00,1,59,59090,2,1,1,3,"WAMBRECHIES (AVENUE)","50,7068300","3,0925800",201900057688,138 197 733,B01,3,1,0,2,3,26,5,NULL,201900057688,138 197 733,B01,1,1,4,2,2002,0,8,0,-1,-1," -1",-1,201900057688,7,654,0,NULL,2,2,0,1,0,0,1,NULL,NULL,1,0,1,50
201900008819,9,8,2019,12:05:00,1,51,51454,2,4,1,3,"RUE DE COURCELLES","49,2620417","4,0181028",201900008819,138 290 015,B01,3,1,0,2,8,15,5,NULL,201900008819,138 290 014,A01,1,1,1,1,1977,4,1,8,-1,-1,0,-1,201900008819,4,"RUE DE COURCELLES",0,NULL,2,2,0,1,(1),(1),2,NULL,NULL,1,0,1,50
201900008819,9,8,2019,12:05:00,1,51,51454,2,4,1,3,"RUE DE COURCELLES","49,2620417","4,0181028",201900008819,138 290 015,B01,3,1,0,2,8,15,5,NULL,201900008819,138 290 015,B01,1,1,4,1,2001,9,8,8,-1,-1,0,-1,201900008819,4,"RUE DE COURCELLES",0,NULL,2,2,0,1,(1),(1),2,NULL,NULL,1,0,1,50
201900009263,6,7,2019,07:40:00,1,17,17300,2,1,1,3,"LAVENUE   RUE RAYMOND","46,1730300"," -1,2199700",201900009263,138 289 166,B01,0,1,0,2,8,11,5,NULL,201900009263,138 289 166,B01,1,1,4,1,1966,0,2,0,-1,0,0,-1,201900009263,4,"LAVENUE   RUE RAYMOND",0,NULL,2,2,0,1,1,0,3,NULL,NULL,1,0,1,50
201900009263,6,7,2019,07:40:00,1,17,17300,2,1,1,3,"LAVENUE   RUE RAYMOND","46,1730300"," -1,2199700",201900009263,138 289 166,B01,0,1,0,2,8,11,5,NULL,201900009263,138 289 167,A01,1,1,1,2,1995,1,1,0,-1,0,0,-1,201900009263,4,"LAVENUE   RUE RAYMOND",0,NULL,2,2,0,1,1,0,3,NULL,NULL,1,0,1,50
201900010874,6,7,2019,14:50:00,1,75,75110,2,5,1,3,"BOULEVARD DE MAGENTA","48,8785250","2,3540400",201900010874,138 286 273,B01,1,1,0,2,8,19,5,NULL,201900010874,138 286 273,B01,1,1,4,2,1985,9,2,0,-1,0,0,-1,201900010874,4,"BOULEVARD DE MAGENTA",0,NULL,2,4,1,1,1,0,1,NULL,NULL,1,0,5,50
201900010874,6,7,2019,14:50:00,1,75,75110,2,5,1,3,"BOULEVARD DE MAGENTA","48,8785250","2,3540400",201900010874,138 286 273,B01,1,1,0,2,8,19,5,NULL,201900010874,138 286 274,A01,1,1,1,2,1993,9,1,0,-1,0,0,-1,201900010874,4,"BOULEVARD DE MAGENTA",0,NULL,2,4,1,1,1,0,1,NULL,NULL,1,0,5,50
201900012155,25,4,2019,16:05:00,1,75,75103,2,1,1,3,"RUE DE TURBIGO","48,8647010","2,3527090",201900012155,138 283 852,A01,2,1,0,2,0,11,5,NULL,201900012155,138 283 851,B01,1,1,4,1,1985,3,2,6,-1,0,0,-1,201900012155,4,"RUE DE TURBIGO",0,NULL,3,3,0,1,0,0,1,NULL,NULL,1,0,1,50
201900012155,25,4,2019,16:05:00,1,75,75103,2,1,1,3,"RUE DE TURBIGO","48,8647010","2,3527090",201900012155,138 283 852,A01,2,1,0,2,0,11,5,NULL,201900012155,138 283 852,A01,1,1,1,1,1950,3,2,0,-1,0,0,-1,201900012155,4,"RUE DE TURBIGO",0,NULL,3,3,0,1,0,0,1,NULL,NULL,1,0,1,50
201900012358,10,8,2019,07:50:00,1,66,66037,2,6,1,3,"Avenue des Hauts de Canet","42,7010100","3,0096800",201900012358,138 283 499,B01,3,1,0,0,5,1,5,NULL,201900012358,138 283 498,A01,1,1,1,1,1960,0,1,-1,-1,0,0,-1,201900012358,3,81,NULL,NULL,1,2,0,1,(1),(1),2,NULL,NULL,1,5,1,50
201900012358,10,8,2019,07:50:00,1,66,66037,2,6,1,3,"Avenue des Hauts de Canet","42,7010100","3,0096800",201900012358,138 283 499,B01,3,1,0,0,5,1,5,NULL,201900012358,138 283 499,B01,1,1,3,1,1974,5,2,-1,-1,0,0,-1,201900012358,3,81,NULL,NULL,1,2,0,1,(1),(1),2,NULL,NULL,1,5,1,50
201900013603,4,2,2019,17:20:00,1,28,28085,2,1,1,6,"SOURS (RUE DE)","48,4391000","1,5143300",201900013603,138 281 097,B01,2,1,0,2,1,0,0,NULL,201900013603,138 281 097,B01,1,1,4,1,1971,0,8,8,-1,-1," -1",-1,201900013603,3,939,0,NULL,3,4,0,2,41,500,1,NULL,NULL,1,0,1,50
201900013645,4,2,2019,13:50:00,1,75,75119,2,1,8,2,"AVENUE DE LA PORTE DE LA VILLETTE","48,8990770","2,3867410",201900013645,138 281 010,B01,1,1,0,2,1,17,5,NULL,201900013645,138 281 010,B01,1,1,4,1,1992,5,2,0,-1,0,0,-1,201900013645,4,"AVENUE DE LA PORTE DE LA VILLETTE",0,NULL,1,3,3,2,0,0,1,NULL,NULL,1,0,6,50
201900013645,4,2,2019,13:50:00,1,75,75119,2,1,8,2,"AVENUE DE LA PORTE DE LA VILLETTE","48,8990770","2,3867410",201900013645,138 281 010,B01,1,1,0,2,1,17,5,NULL,201900013645,138 281 011,A01,1,1,1,1,1990,4,1,0,-1,0,0,-1,201900013645,4,"AVENUE DE LA PORTE DE LA VILLETTE",0,NULL,1,3,3,2,0,0,1,NULL,NULL,1,0,6,50
201900015157,8,3,2019,17:20:00,1,45,45224,1,1,3,6,"177 rue de saint germain","48,0892950","2,0403940",201900015157,138 278 132,B01,1,1,0,2,0,1,5,NULL,201900015157,138 278 132,B01,1,1,3,1,1955,9,0,-1,-1,0,0,-1,201900015157,3,11,0,NULL,2,2,0,1,37,1300,1,NULL,NULL,2,0,1,80
201900015157,8,3,2019,17:20:00,1,45,45224,1,1,3,6,"177 rue de saint germain","48,0892950","2,0403940",201900015157,138 278 132,B01,1,1,0,2,0,1,5,NULL,201900015157,138 278 133,A01,1,1,1,1,1963,4,1,-1,-1,0,0,-1,201900015157,3,11,0,NULL,2,2,0,1,37,1300,1,NULL,NULL,2,0,1,80
201900015941,4,8,2019,17:10:00,1,62,62550,2,6,1,3,"Rd 349","50,3714410","2,0292140",201900015941,138 276 726,B01,0,1,0,9,1,15,5,NULL,201900015941,138 276 726,B01,1,1,4,2,1989,5,2,-1,-1,0,0,-1,201900015941,3,349,0,D,2,2,0,1,0,0,2,NULL,NULL,1,5,1,50
201900015941,4,8,2019,17:10:00,1,62,62550,2,6,1,3,"Rd 349","50,3714410","2,0292140",201900015941,138 276 726,B01,0,1,0,9,1,15,5,NULL,201900015941,138 276 727,A01,1,1,1,1,1955,5,1,-1,-1,0,0,-1,201900015941,3,349,0,D,2,2,0,1,0,0,2,NULL,NULL,1,5,1,50
201900018094,26,5,2019,17:45:00,1,69,69383,2,1,1,3,"GEORGES POMPIDOU                    (R )","45,7593300","4,8691300",201900018094,138 272 562,B01,1,1,0,2,7,1,6,NULL,201900018094,138 272 561,A01,1,1,1,1,1986,0,8,0,-1,-1,0,-1,201900018094,4,"GEORGES POMPIDOU                    (R )",0,NULL,2,2,0,1,0,0,1,NULL,NULL,1,0,1,50
201900018094,26,5,2019,17:45:00,1,69,69383,2,1,1,3,"GEORGES POMPIDOU                    (R )","45,7593300","4,8691300",201900018094,138 272 562,B01,1,1,0,2,7,1,6,NULL,201900018094,138 272 562,B01,1,1,4,1,1995,0,8,0,-1,-1,0,-1,201900018094,4,"GEORGES POMPIDOU                    (R )",0,NULL,2,2,0,1,0,0,1,NULL,NULL,1,0,1,50
201900020308,15,3,2019,18:30:00,2,13,13051,1,2,1,1,D10,"43,5465150","5,1486760",201900020308,138 268 436,B01,1,1,0,2,8,21,0,NULL,201900020308,138 268 436,B01,1,1,4,1,1969,0,2,-1,-1,0,0,-1,201900020308,3,10,NULL,NULL,2,2,0,1,22,42,1,NULL,NULL,1,0,1,80
201900020308,15,3,2019,18:30:00,2,13,13051,1,2,1,1,D10,"43,5465150","5,1486760",201900020308,138 268 436,B01,1,1,0,2,8,21,0,NULL,201900020308,138 268 437,A01,1,1,1,2,1986,0,1,-1,-1,0,0,-1,201900020308,3,10,NULL,NULL,2,2,0,1,22,42,1,NULL,NULL,1,0,1,80
201900020906,11,10,2019,08:50:00,1,75,75108,2,1,1,6,"RUE LA BOETIE","48,8722858","2,3093919",201900020906,138 267 330,A01,1,1,0,1,1,1,5,NULL,201900020906,138 267 330,A01,10,3,4,2,1976,1,0,-1,-1,2,3,1,201900020906,4,"RUE LA BOETIE",0,NULL,1,1,0,1,0,0,1,NULL,NULL,1,0,1,50
201900020906,11,10,2019,08:50:00,1,75,75108,2,1,1,6,"RUE LA BOETIE","48,8722858","2,3093919",201900020906,138 267 330,A01,1,1,0,1,1,1,5,NULL,201900020906,138 267 330,A01,1,1,1,2,1985,1,2,8,-1,0,0,-1,201900020906,4,"RUE LA BOETIE",0,NULL,1,1,0,1,0,0,1,NULL,NULL,1,0,1,50
201900022790,9,9,2019,12:30:00,1,75,75117,2,2,1,3,"AVENUE DE CLICHY","48,8902690","2,3207590",201900022790,138 263 714,A01,1,1,0,2,1,1,5,NULL,201900022790,138 263 713,B01,1,1,1,1,1971,4,1,0,-1,0,0,-1,201900022790,4,"AVENUE DE CLICHY",0,NULL,2,3,0,2,0,0,1,NULL,NULL,1,0,1,30
201900022790,9,9,2019,12:30:00,1,75,75117,2,2,1,3,"AVENUE DE CLICHY","48,8902690","2,3207590",201900022790,138 263 714,A01,1,1,0,2,1,1,5,NULL,201900022790,138 263 714,A01,1,1,4,1,1998,4,2,8,-1,0,0,-1,201900022790,4,"AVENUE DE CLICHY",0,NULL,2,3,0,2,0,0,1,NULL,NULL,1,0,1,30
201900024351,20,12,2019,18:00:00,5,67,67482,2,3,2,3,"KASTNER (ALLEE)","48,5970200","7,7767600",201900024351,138 260 556,A01,1,1,0,2,4,19,5,NULL,201900024351,138 260 556,A01,1,1,4,1,2002,0,8,0,-1,-1,0,-1,201900024351,4,"KASTNER (ALLEE)",0,NULL,2,2,0,1,0,0,1,NULL,NULL,2,0,1,50
201900024351,20,12,2019,18:00:00,5,67,67482,2,3,2,3,"KASTNER (ALLEE)","48,5970200","7,7767600",201900024351,138 260 556,A01,1,1,0,2,4,19,5,NULL,201900024351,138 260 557,B01,1,1,1,1,1978,0,1,0,-1,-1,0,-1,201900024351,4,"KASTNER (ALLEE)",0,NULL,2,2,0,1,0,0,1,NULL,NULL,2,0,1,50
201900025399,26,4,2019,19:25:00,1,68,68066,2,1,1,3,"SCHUMANN (RUE)","48,0813410","7,3317610",201900025399,138 258 541,B01,3,1,0,2,1,25,6,NULL,201900025399,138 258 540,A01,1,1,1,2,1970,5,1,8,-1,0,0,-1,201900025399,9,"SCHUMANN (RUE)",0,NULL,2,2,0,1,0,0,1,NULL,NULL,1,0,1,30
201900025399,26,4,2019,19:25:00,1,68,68066,2,1,1,3,"SCHUMANN (RUE)","48,0813410","7,3317610",201900025399,138 258 541,B01,3,1,0,2,1,25,6,NULL,201900025399,138 258 541,B01,1,1,4,1,2009,5,8,0,-1,0,0,-1,201900025399,9,"SCHUMANN (RUE)",0,NULL,2,2,0,1,0,0,1,NULL,NULL,1,0,1,30
201900028115,7,9,2019,09:15:00,1,31,31497,2,4,7,2,"Rue de la place MAGNAU","43,6973070","1,4795350",201900028115,138 253 446,B01,3,1,0,2,4,1,5,NULL,201900028115,138 253 445,A01,1,1,1,1,1930,5,1,-1,-1,0,0,-1,201900028115,3,61,NULL,NULL,2,2,0,2,(1),(1),3,NULL,NULL,1,5,8,50
201900028115,7,9,2019,09:15:00,1,31,31497,2,4,7,2,"Rue de la place MAGNAU","43,6973070","1,4795350",201900028115,138 253 446,B01,3,1,0,2,4,1,5,NULL,201900028115,138 253 446,B01,1,1,3,1,1967,5,2,6,-1,0,0,-1,201900028115,3,61,NULL,NULL,2,2,0,2,(1),(1),3,NULL,NULL,1,5,8,50
201900029574,7,10,2019,15:00:00,1,75,75112,2,7,1,6,"CARREFOUR DE PYRAMIDE","48,8339963","2,4455832",201900029574,138 250 669,A01,3,1,0,2,4,2,5,NULL,201900029574,138 250 669,A01,1,1,4,2,1938,5,8,2,-1,0,0,-1,201900029574,4,"CARREFOUR DE PYRAMIDE",0,NULL,1,2,0,1,0,0,2,NULL,NULL,1,0,1,50
201900030733,27,7,2019,08:20:00,1,51,51262,2,1,2,1,"41 RUE DU GRAND DER","48,6964677","4,5938604",201900030733,138 248 539,A01,1,1,0,2,1,1,5,NULL,201900030733,138 248 539,A01,1,1,3,2,1980,5,0,-1,-1,0,0,-1,201900030733,3,13,NULL,NULL,-1,2,0,1,0,716,1,NULL,NULL,2,0,1,50
201900030733,27,7,2019,08:20:00,1,51,51262,2,1,2,1,"41 RUE DU GRAND DER","48,6964677","4,5938604",201900030733,138 248 539,A01,1,1,0,2,1,1,5,NULL,201900030733,138 248 540,B01,1,1,1,1,1973,5,8,-1,-1,0,0,-1,201900030733,3,13,NULL,NULL,-1,2,0,1,0,716,1,NULL,NULL,2,0,1,50
201900032988,8,11,2019,18:10:00,5,29,29019,2,1,1,1,"VILLENEUVE (PONT)","48,4046007"," -4,5231639",201900032988,138 244 215,A01,2,1,0,2,1,1,0,NULL,201900032988,138 244 214,B01,1,1,3,1,1991,5,2,4,-1,-1,0,-1,201900032988,4,"VILLENEUVE (PONT)",0,NULL,2,2,2,4,0,0,1,NULL,NULL,1,0,1,20
201900032988,8,11,2019,18:10:00,5,29,29019,2,1,1,1,"VILLENEUVE (PONT)","48,4046007"," -4,5231639",201900032988,138 244 214,B01,1,1,0,2,1,1,0,NULL,201900032988,138 244 214,B01,1,1,3,1,1991,5,2,4,-1,-1,0,-1,201900032988,4,"VILLENEUVE (PONT)",0,NULL,2,2,2,4,0,0,1,NULL,NULL,1,0,1,20
201900032988,8,11,2019,18:10:00,5,29,29019,2,1,1,1,"VILLENEUVE (PONT)","48,4046007"," -4,5231639",201900032988,138 244 215,A01,2,1,0,2,1,1,0,NULL,201900032988,138 244 215,A01,1,1,4,1,2002,5,8,0,-1,-1,0,-1,201900032988,4,"VILLENEUVE (PONT)",0,NULL,2,2,2,4,0,0,1,NULL,NULL,1,0,1,20
201900032988,8,11,2019,18:10:00,5,29,29019,2,1,1,1,"VILLENEUVE (PONT)","48,4046007"," -4,5231639",201900032988,138 244 214,B01,1,1,0,2,1,1,0,NULL,201900032988,138 244 215,A01,1,1,4,1,2002,5,8,0,-1,-1,0,-1,201900032988,4,"VILLENEUVE (PONT)",0,NULL,2,2,2,4,0,0,1,NULL,NULL,1,0,1,20
201900035873,9,4,2019,11:50:00,1,75,75109,2,3,1,6,"RUE DES MATHURINS","48,8730780","2,3277040",201900035873,138 238 636,B01,1,1,0,2,1,1,5,NULL,201900035873,138 238 636,B01,1,1,4,1,1981,1,8,0,-1,0,0,-1,201900035873,4,"RUE DES MATHURINS",0,NULL,1,1,0,1,0,0,1,NULL,NULL,1,0,1,50
201900035873,9,4,2019,11:50:00,1,75,75109,2,3,1,6,"RUE DES MATHURINS","48,8730780","2,3277040",201900035873,138 238 636,B01,1,1,0,2,1,1,5,NULL,201900035873,138 238 637,A01,1,1,1,1,1989,4,1,8,-1,0,0,-1,201900035873,4,"RUE DES MATHURINS",0,NULL,1,1,0,1,0,0,1,NULL,NULL,1,0,1,50
201900037700,29,3,2019,12:40:00,1,41,41198,2,9,7,1,"Impasse des Terres Rouges","47,2609170","1,3620360",201900037700,138 235 142,B01,3,1,0,2,8,15,5,NULL,201900037700,138 235 142,B01,1,1,3,1,1985,3,0,-1,-1,0,0,-1,201900037700,5,NULL,NULL,NULL,-1,2,0,2,(1),(1),1,NULL,NULL,1,0,1,50
201900037700,29,3,2019,12:40:00,1,41,41198,2,9,7,1,"Impasse des Terres Rouges","47,2609170","1,3620360",201900037700,138 235 142,B01,3,1,0,2,8,15,5,NULL,201900037700,138 235 143,A01,1,1,1,1,1952,3,1,-1,-1,0,0,-1,201900037700,5,NULL,NULL,NULL,-1,2,0,2,(1),(1),1,NULL,NULL,1,0,1,50
201900037988,9,12,2019,07:38:00,5,77,77058,2,2,3,3,"ANDRE MALRAUX (AVENUE)","48,8405800","2,7106500",201900037988,138 234 618,B01,3,1,0,2,1,1,5,NULL,201900037988,138 234 617,A01,1,1,1,2,1979,1,1,0,-1,-1,0,-1,201900037988,4,"ANDRE MALRAUX (AVENUE)",0,NULL,2,2,0,1,0,0,1,NULL,NULL,2,0,1,50
201900037988,9,12,2019,07:38:00,5,77,77058,2,2,3,3,"ANDRE MALRAUX (AVENUE)","48,8405800","2,7106500",201900037988,138 234 618,B01,3,1,0,2,1,1,5,NULL,201900037988,138 234 618,B01,1,1,3,2,2000,9,8,0,-1,-1,0,-1,201900037988,4,"ANDRE MALRAUX (AVENUE)",0,NULL,2,2,0,1,0,0,1,NULL,NULL,2,0,1,50
201900040657,14,1,2019,12:15:00,1,76,76351,2,3,1,3,PALFRAY,"49,4912300","0,1247300",201900040657,138 229 707,A01,0,1,0,2,5,1,5,NULL,201900040657,138 229 706,B01,1,1,1,2,1968,0,1,0,-1,0,0,-1,201900040657,4,PALFRAY,0,NULL,2,2,0,1,0,0,1,NULL,NULL,1,0,1,50
201900040657,14,1,2019,12:15:00,1,76,76351,2,3,1,3,PALFRAY,"49,4912300","0,1247300",201900040657,138 229 707,A01,0,1,0,2,5,1,5,NULL,201900040657,138 229 707,A01,1,1,4,1,1955,0,2,0,-1,0,0,-1,201900040657,4,PALFRAY,0,NULL,2,2,0,1,0,0,1,NULL,NULL,1,0,1,50
201900041654,19,7,2019,17:50:00,1,92,92051,2,1,9,3,"PAULINE BORGHESE (RUE)","48,8849300","2,2682700",201900041654,138 227 883,B01,1,1,1,2,1,19,0,NULL,201900041654,138 227 882,A01,1,1,1,1,1972,0,8,0,-1,-1,0,-1,201900041654,4,"PAULINE BORGHESE (RUE)",0,NULL,1,1,0,1,0,0,1,NULL,NULL,1,0,1,50
201900041654,19,7,2019,17:50:00,1,92,92051,2,1,9,3,"PAULINE BORGHESE (RUE)","48,8849300","2,2682700",201900041654,138 227 883,B01,1,1,1,2,1,19,0,NULL,201900041654,138 227 883,B01,1,1,4,1,2013,0,8,0,-1,-1,0,-1,201900041654,4,"PAULINE BORGHESE (RUE)",0,NULL,1,1,0,1,0,0,1,NULL,NULL,1,0,1,50
201900044619,8,1,2019,18:35:00,5,85,85194,2,2,1,3,"RUE DU DOCTEUR CHARCOT","46,5058380"," -1,7853170",201900044619,138 222 224,A01,3,1,0,2,1,15,5,NULL,201900044619,138 222 224,A01,1,1,3,2,1991,9,8,0,-1,0,0,-1,201900044619,4,"RUE DU DOCTEUR CHARCOT ",0,NULL,2,2,0,1,0,0,1,NULL,NULL,1,5,1,50
201900044619,8,1,2019,18:35:00,5,85,85194,2,2,1,3,"RUE DU DOCTEUR CHARCOT","46,5058380"," -1,7853170",201900044619,138 222 224,A01,3,1,0,2,1,15,5,NULL,201900044619,138 222 225,B01,1,1,1,2,1951,9,1,8,-1,0,0,-1,201900044619,4,"RUE DU DOCTEUR CHARCOT ",0,NULL,2,2,0,1,0,0,1,NULL,NULL,1,5,1,50
201900045205,16,7,2019,20:40:00,1,37,37261,2,2,1,3,"HEURTELOUP (BOULEVARD)","47,3907800","0,6919300",201900045205,138 221 074,A01,1,1,0,2,1,15,5,NULL,201900045205,138 221 074,A01,1,1,4,1,1982,1,8,0,-1,-1,0,-1,201900045205,4,"HEURTELOUP (BOULEVARD)",0,NULL,3,3,0,1,0,0,1,NULL,NULL,1,0,1,50
201900045205,16,7,2019,20:40:00,1,37,37261,2,2,1,3,"HEURTELOUP (BOULEVARD)","47,3907800","0,6919300",201900045205,138 221 074,A01,1,1,0,2,1,15,5,NULL,201900045205,138 221 075,B01,1,1,1,1,1992,5,1,8,-1,-1,0,-1,201900045205,4,"HEURTELOUP (BOULEVARD)",0,NULL,3,3,0,1,0,0,1,NULL,NULL,1,0,1,50
201900047242,7,12,2019,15:10:00,1,75,75112,2,1,1,6,"ROUTE DE LA PYRAMIDE","48,8394780","2,4375490",201900047242,138 217 206,B01,1,1,0,2,0,1,5,NULL,201900047242,138 217 204,A01,1,1,4,1,1993,9,2,8,-1,0,0,-1,201900047242,4,"ROUTE DE LA PYRAMIDE",0,NULL,-1,0,0,1,0,0,1,NULL,NULL,1,0,1,50
201900047242,7,12,2019,15:10:00,1,75,75112,2,1,1,6,"ROUTE DE LA PYRAMIDE","48,8394780","2,4375490",201900047242,138 217 204,A01,1,1,0,2,0,1,5,NULL,201900047242,138 217 204,A01,1,1,4,1,1993,9,2,8,-1,0,0,-1,201900047242,4,"ROUTE DE LA PYRAMIDE",0,NULL,-1,0,0,1,0,0,1,NULL,NULL,1,0,1,50
201900047242,7,12,2019,15:10:00,1,75,75112,2,1,1,6,"ROUTE DE LA PYRAMIDE","48,8394780","2,4375490",201900047242,138 217 206,B01,1,1,0,2,0,1,5,NULL,201900047242,138 217 206,B01,1,1,1,2,1994,9,2,8,-1,0,0,-1,201900047242,4,"ROUTE DE LA PYRAMIDE",0,NULL,-1,0,0,1,0,0,1,NULL,NULL,1,0,1,50
201900047242,7,12,2019,15:10:00,1,75,75112,2,1,1,6,"ROUTE DE LA PYRAMIDE","48,8394780","2,4375490",201900047242,138 217 204,A01,1,1,0,2,0,1,5,NULL,201900047242,138 217 206,B01,1,1,1,2,1994,9,2,8,-1,0,0,-1,201900047242,4,"ROUTE DE LA PYRAMIDE",0,NULL,-1,0,0,1,0,0,1,NULL,NULL,1,0,1,50
201900048272,1,7,2019,15:45:00,1,54,54395,2,1,1,3,"DOUMER (AVENUE PAUL)","48,6765580","6,1913760",201900048272,138 215 312,A01,1,1,0,2,2,25,5,NULL,201900048272,138 215 311,B01,1,1,1,1,1953,0,1,0,-1,-1,0,-1,201900048272,4,"DOUMER (AVENUE PAUL)",0,NULL,1,2,0,1,0,0,1,NULL,NULL,1,0,1,50
201900048272,1,7,2019,15:45:00,1,54,54395,2,1,1,3,"DOUMER (AVENUE PAUL)","48,6765580","6,1913760",201900048272,138 215 312,A01,1,1,0,2,2,25,5,NULL,201900048272,138 215 312,A01,1,1,4,1,1985,5,8,0,-1,-1,0,-1,201900048272,4,"DOUMER (AVENUE PAUL)",0,NULL,1,2,0,1,0,0,1,NULL,NULL,1,0,1,50
201900049484,22,2,2019,11:30:00,1,80,80443,1,1,1,3,D51,"49,8427290","1,9132120",201900049484,138 213 065,B01,1,1,0,2,8,2,5,NULL,201900049484,138 213 065,B01,1,1,3,1,1948,5,2,-1,-1,0,0,-1,201900049484,3,51,0,A,2,2,0,1,1,650,1,NULL,NULL,1,0,1,80