Num_Acc,jour,mois,an,hrmn,lum,dep,com,agg,int,atm,col,adr,lat,long,Num_Acc,id_vehicule,num_veh,senc,catv,obs,obsm,choc,manv,motor,occutc,Num_Acc,id_vehicule,num_veh,place,catu,grav,sexe,an_nais,trajet,secu1,secu2,secu3,locp,actp,etatp,Num_Acc,catr,voie,v1,v2,circ,nbv,vosp,prof,pr,pr1,plan,lartpc,larrout,surf,infra,situ,vma
201900049484,22,2,2019,11:30:00,1,80,80443,1,1,1,3,D51,"49,8427290","1,9132120",201900049484,138 213 065,B01,1,1,0,2,8,2,5,NULL,201900049484,138 213 066,A01,1,1,1,1,1935,5,1,-1,-1,0,0,-1,201900049484,3,51,0,A,2,2,0,1,1,650,1,NULL,NULL,1,0,1,80
201900051200,31,5,2019,18:00:00,1,34,34172,2,3,1,6,"BERTHELOT (BOULEVARD)","43,5997200","3,8755900",201900051200,138 209 888,A01,2,1,0,2,2,1,5,NULL,201900051200,138 209 888,A01,1,1,4,2,1959,0,2,0,-1,0,0,-1,201900051200,4,"BERTHELOT (BOULEVARD)",0,NULL,2,3,0,1,(1),(1),1,NULL,NULL,1,0,1,50
201900051200,31,5,2019,18:00:00,1,34,34172,2,3,1,6,"BERTHELOT (BOULEVARD)","43,5997200","3,8755900",201900051200,138 209 888,A01,2,1,0,2,2,1,5,NULL,201900051200,138 209 889,B01,1,1,1,2,1993,0,2,8,-1,0,0,-1,201900051200,4,"BERTHELOT (BOULEVARD)",0,NULL,2,3,0,1,(1),(1),1,NULL,NULL,1,0,1,50
201900051249,10,5,2019,02:00:00,5,33,33063,2,3,1,6,"CRS BALGUERIE STUTTENBERG","44,8599767"," -0,5645395",201900051249,138 209 799,B01,0,1,0,2,0,1,5,NULL,201900051249,138 209 799,B01,1,1,4,1,1983,0,8,0,-1,0,0,-1,201900051249,4,"CRS BALGUERIE STUTTENBERG",0,NULL,1,2,1,1,0,0,1,NULL,NULL,1,0,1,50
201900051351,20,2,2019,07:50:00,1,34,34172,2,3,1,3,"MONTPELLIERET (RUE)","43,6111600","3,8800000",201900051351,138 209 590,B01,1,1,0,2,0,0,0,NULL,201900051351,138 209 590,B01,2,1,4,1,1999,2,8,0,-1,-1,0,-1,201900051351,4,"MONTPELLIERET (RUE)",0,NULL,1,1,0,2,(1),(1),1,NULL,NULL,1,0,1,50
201900051351,20,2,2019,07:50:00,1,34,34172,2,3,1,3,"MONTPELLIERET (RUE)","43,6111600","3,8800000",201900051351,138 209 590,B01,1,1,0,2,0,0,0,NULL,201900051351,138 209 591,A01,1,1,1,1,1977,1,1,0,-1,-1,0,-1,201900051351,4,"MONTPELLIERET (RUE)",0,NULL,1,1,0,2,(1),(1),1,NULL,NULL,1,0,1,50
201900052976,3,6,2019,09:25:00,1,17,17300,2,6,2,3,"REPUBLIQUE   AVENUE DE LA","46,1399389"," -1,1450089",201900052976,138 206 425,A01,1,1,0,2,2,1,5,NULL,201900052976,138 206 424,B01,1,1,1,2,1972,9,1,0,-1,-1," -1",-1,201900052976,4,"REPUBLIQUE   AVENUE DE LA",0,NULL,1,2,1,2,0,0,2,NULL,NULL,2,0,1,50
201900052976,3,6,2019,09:25:00,1,17,17300,2,6,2,3,"REPUBLIQUE   AVENUE DE LA","46,1399389"," -1,1450089",201900052976,138 206 425,A01,1,1,0,2,2,1,5,NULL,201900052976,138 206 425,A01,1,1,4,2,1988,1,8,0,-1,-1," -1",-1,201900052976,4,"REPUBLIQUE   AVENUE DE LA",0,NULL,1,2,1,2,0,0,2,NULL,NULL,2,0,1,50
201900053705,23,9,2019,15:40:00,1,64,64445,2,1,1,6,"JEAN MERMOZ","43,3098600"," -0,3770400",201900053705,138 205 049,A01,2,1,1,0,1,1,5,NULL,201900053705,138 205 049,A01,1,1,4,1,1993,9,8,8,-1,0,0,-1,201900053705,4,"JEAN MERMOZ",0,NULL,2,2,0,1,0,0,1,NULL,NULL,1,0,1,50
201900053705,23,9,2019,15:40:00,1,64,64445,2,1,1,6,"JEAN MERMOZ","43,3098600"," -0,3770400",201900053705,138 205 049,A01,2,1,1,0,1,1,5,NULL,201900053705,138 205 051,B01,1,1,1,1,1981,9,8,8,-1,0,0,-1,201900053705,4,"JEAN MERMOZ",0,NULL,2,2,0,1,0,0,1,NULL,NULL,1,0,1,50
201900013847,10,10,2019,18:10:00,5,974,97411,2,1,1,6,"REPUBLIQUE (RUE DE LA)"," -20,8798700","55,4464800",201900013847,138 280 640,A01,2,1,0,2,2,1,1,NULL,201900013847,138 280 640,A01,1,1,3,1,1944,5,2,0,-1,-1,0,-1,201900013847,4,"REPUBLIQUE (RUE DE LA)",0,NULL,2,2,0,1,0,0,1,NULL,NULL,1,6,1,50
201900015098,17,3,2019,18:15:00,1,45,45234,2,1,1,3,"FAUBOURG SAINT JEAN","47,9067135","1,8888915",201900015098,138 278 230,A01,1,1,0,2,8,13,5,NULL,201900015098,138 278 229,B01,1,1,1,1,1952,0,1,0,-1,0,0,-1,201900015098,4,"FAUBOURG SAINT JEAN",0,NULL,2,2,0,1,1,0,1,NULL,NULL,1,0,1,50
201900015098,17,3,2019,18:15:00,1,45,45234,2,1,1,3,"FAUBOURG SAINT JEAN","47,9067135","1,8888915",201900015098,138 278 230,A01,1,1,0,2,8,13,5,NULL,201900015098,138 278 229,B01,2,2,1,2,1960,0,1,0,-1,0,0,-1,201900015098,4,"FAUBOURG SAINT JEAN",0,NULL,2,2,0,1,1,0,1,NULL,NULL,1,0,1,50
201900015098,17,3,2019,18:15:00,1,45,45234,2,1,1,3,"FAUBOURG SAINT JEAN","47,9067135","1,8888915",201900015098,138 278 230,A01,1,1,0,2,8,13,5,NULL,201900015098,138 278 230,A01,1,1,4,1,2006,0,8,0,-1,0,0,-1,201900015098,4,"FAUBOURG SAINT JEAN",0,NULL,2,2,0,1,1,0,1,NULL,NULL,1,0,1,50
201900016262,30,6,2019,21:15:00,1,31,31555,2,1,1,3,"AV DE LARDENNE","43,5929200","1,3893200",201900016262,138 276 136,B01,1,1,0,2,8,1,5,NULL,201900016262,138 276 135,A01,1,1,1,1,1982,5,1,7,-1,-1,0,-1,201900016262,3,632,0,NULL,2,2,1,1,0,0,1,NULL,NULL,1,0,1,50
201900016262,30,6,2019,21:15:00,1,31,31555,2,1,1,3,"AV DE LARDENNE","43,5929200","1,3893200",201900016262,138 276 136,B01,1,1,0,2,8,1,5,NULL,201900016262,138 276 136,B01,1,1,4,1,2011,5,2,7,-1,-1,0,-1,201900016262,3,632,0,NULL,2,2,1,1,0,0,1,NULL,NULL,1,0,1,50
201900017315,14,10,2019,11:25:00,1,75,75105,2,2,1,6,"BOULEVARD SAINT MICHEL","48,8513930","2,3431720",201900017315,138 274 029,A01,2,1,0,2,1,7,5,NULL,201900017315,138 274 029,A01,1,1,4,1,1998,1,8,2,-1,0,0,-1,201900017315,4,"BOULEVARD SAINT MICHEL",0,NULL,2,4,3,2,0,0,1,NULL,NULL,1,-1,6,30
201900018339,17,11,2019,00:45:00,3,61,61167,1,1,1,2,D14,"48,8389720","0,4948910",201900018339,138 272 135,B01,2,1,0,2,4,1,5,NULL,201900018339,138 272 135,B01,1,1,3,1,1955,5,0,-1,-1,0,0,-1,201900018339,3,14,0,NULL,2,2,0,1,29,700,1,NULL,NULL,2,0,1,80
201900018339,17,11,2019,00:45:00,3,61,61167,1,1,1,2,D14,"48,8389720","0,4948910",201900018339,138 272 135,B01,2,1,0,2,4,1,5,NULL,201900018339,138 272 136,A01,1,1,1,2,1983,5,1,-1,-1,0,0,-1,201900018339,3,14,0,NULL,2,2,0,1,29,700,1,NULL,NULL,2,0,1,80
201900019433,28,4,2019,12:15:00,1,62,62861,1,1,2,2,"Route départementale 46E2","50,3730760","2,8327950",201900019433,138 270 116,B01,2,1,0,0,4,1,5,NULL,201900019433,138 270 115,A01,1,1,1,1,1950,5,1,-1,-1,0,0,-1,201900019433,3,46E2,NULL,NULL,2,2,0,1,32,100,1,NULL,NULL,2,0,1,80
201900019433,28,4,2019,12:15:00,1,62,62861,1,1,2,2,"Route départementale 46E2","50,3730760","2,8327950",201900019433,138 270 116,B01,2,1,0,0,4,1,5,NULL,201900019433,138 270 116,B01,1,1,4,1,1972,5,2,9,-1,0,0,-1,201900019433,3,46E2,NULL,NULL,2,2,0,1,32,100,1,NULL,NULL,2,0,1,80
201900021357,30,6,2019,19:37:00,1,37,37261,2,1,1,7,"CHEVALLIER (RUE AUGUSTE)","47,3747108","0,6788363",201900021357,138 266 448,A01,1,1,0,0,0,26,5,NULL,201900021357,138 266 448,A01,1,1,4,2,1968,5,8,0,-1,-1,0,-1,201900021357,4,"CHEVALLIER (RUE AUGUSTE)",0,NULL,2,2,1,1,0,0,1,NULL,NULL,1,0,1,50
201900023412,28,7,2019,17:30:00,1,974,97409,2,2,2,3,"DUMESNIL D'ENGENTE(RUE)"," -20,9502300","55,6512500",201900023412,138 262 463,B01,3,1,0,2,1,1,0,NULL,201900023412,138 262 463,B01,1,1,4,1,2002,5,8,0,-1,-1," -1",-1,201900023412,4,"DUMESNIL D'ENGENTE(RUE)",0,NULL,2,2,0,1,0,0,1,NULL,NULL,2,0,1,50
201900023412,28,7,2019,17:30:00,1,974,97409,2,2,2,3,"DUMESNIL D'ENGENTE(RUE)"," -20,9502300","55,6512500",201900023412,138 262 463,B01,3,1,0,2,1,1,0,NULL,201900023412,138 262 464,A01,1,1,1,1,1968,5,1,0,-1,-1," -1",-1,201900023412,4,"DUMESNIL D'ENGENTE(RUE)",0,NULL,2,2,0,1,0,0,1,NULL,NULL,2,0,1,50
201900024300,9,10,2019,09:30:00,1,75,75114,2,3,2,3,"BOULEVARD BRUNE","48,8257434","2,3145081",201900024300,138 260 662,B01,2,1,0,2,1,1,5,NULL,201900024300,138 260 661,A01,1,1,1,1,1995,4,1,0,-1,0,0,-1,201900024300,4,"BOULEVARD BRUNE",0,NULL,3,2,1,1,0,0,1,NULL,NULL,2,0,5,50
201900024300,9,10,2019,09:30:00,1,75,75114,2,3,2,3,"BOULEVARD BRUNE","48,8257434","2,3145081",201900024300,138 260 662,B01,2,1,0,2,1,1,5,NULL,201900024300,138 260 662,B01,1,1,4,1,1987,4,2,8,-1,0,0,-1,201900024300,4,"BOULEVARD BRUNE",0,NULL,3,2,1,1,0,0,1,NULL,NULL,2,0,5,50
201900024550,4,9,2019,16:00:00,1,45,45285,2,1,1,6,"RUE CHARLES BEAUHAIRE","47,9131000","1,8738000",201900024550,138 260 171,A01,0,1,15,0,1,25,5,NULL,201900024550,138 260 171,A01,2,1,4,1,1985,0,2,0,-1,0,0,-1,201900024550,4,"RUE CHARLES BEAUHAIRE",0,NULL,2,2,0,1,(1),(1),1,NULL,NULL,1,0,4,50
201900025896,18,12,2019,12:55:00,1,92,92050,2,1,1,3,"REPUBLIQUE AVENUE DE LA","48,9107400","2,2202700",201900025896,138 257 581,B01,2,1,1,0,1,1,5,NULL,201900025896,138 257 580,A01,1,1,1,1,1991,0,1,0,-1,-1,0,-1,201900025896,3,986,0,NULL,2,2,0,1,0,0,1,NULL,NULL,1,0,1,50
201900025896,18,12,2019,12:55:00,1,92,92050,2,1,1,3,"REPUBLIQUE AVENUE DE LA","48,9107400","2,2202700",201900025896,138 257 581,B01,2,1,1,0,1,1,5,NULL,201900025896,138 257 581,B01,1,1,4,2,1988,1,2,0,-1,-1,0,-1,201900025896,3,986,0,NULL,2,2,0,1,0,0,1,NULL,NULL,1,0,1,50
201900027680,20,12,2019,09:25:00,1,75,75108,2,7,2,6,"PLACE DE LA CONCORDE","48,8644080","2,3217900",201900027680,138 254 259,A01,1,1,0,2,1,13,5,NULL,201900027680,138 254 259,A01,1,1,4,1,1968,1,2,8,-1,0,0,-1,201900027680,4,"PLACE DE LA CONCORDE",0,NULL,1,6,-1,1,0,0,1,NULL,NULL,2,0,1,50
201900027680,20,12,2019,09:25:00,1,75,75108,2,7,2,6,"PLACE DE LA CONCORDE","48,8644080","2,3217900",201900027680,138 254 258,Z01,1,1,0,2,1,1,5,NULL,201900027680,138 254 259,A01,1,1,4,1,1968,1,2,8,-1,0,0,-1,201900027680,4,"PLACE DE LA CONCORDE",0,NULL,1,6,-1,1,0,0,1,NULL,NULL,2,0,1,50
201900032772,22,5,2019,21:35:00,1,17,17300,2,1,1,6,"VIELJEUX   RUE LEONCE","46,1579100"," -1,1555800",201900032772,138 244 652,A01,1,1,0,2,2,26,5,NULL,201900032772,138 244 651,B01,1,1,1,1,1995,0,1,0,-1,-1," -1",-1,201900032772,4,"VIELJEUX   RUE LEONCE",0,NULL,-1,1,0,1,0,0,1,NULL,NULL,1,0,1,50
201900032772,22,5,2019,21:35:00,1,17,17300,2,1,1,6,"VIELJEUX   RUE LEONCE","46,1579100"," -1,1555800",201900032772,138 244 652,A01,1,1,0,2,2,26,5,NULL,201900032772,138 244 652,A01,1,1,4,2,1993,0,8,0,-1,-1," -1",-1,201900032772,4,"VIELJEUX   RUE LEONCE",0,NULL,-1,1,0,1,0,0,1,NULL,NULL,1,0,1,50
201900036383,7,5,2019,17:00:00,1,10,10081,2,9,1,3,"JEAN JAURES (AVENUE)","48,3080700","4,0433300",201900036383,138 237 714,B01,1,1,0,2,1,26,5,NULL,201900036383,138 237 713,A01,1,1,1,1,1966,9,1,0,-1,0,0,-1,201900036383,4,"JEAN JAURES (AVENUE)",0,NULL,-1,2,1,1,0,0,1,NULL,NULL,1,5,1,50
201900036383,7,5,2019,17:00:00,1,10,10081,2,9,1,3,"JEAN JAURES (AVENUE)","48,3080700","4,0433300",201900036383,138 237 714,B01,1,1,0,2,1,26,5,NULL,201900036383,138 237 714,B01,1,1,4,1,2011,5,8,0,-1,0,0,-1,201900036383,4,"JEAN JAURES (AVENUE)",0,NULL,-1,2,1,1,0,0,1,NULL,NULL,1,5,1,50
201900039684,16,7,2019,15:48:00,1,63,63113,2,3,1,3,"AURIOL (BOULEBARD VINCENT)","45,7924100","3,1188500",201900039684,138 231 500,B01,3,1,0,2,1,1,5,NULL,201900039684,138 231 499,A01,1,1,1,2,1998,3,1,0,-1,0,0,-1,201900039684,7,210,0,NULL,2,6,1,1,(1),(1),1,NULL,NULL,1,9,1,50
201900039684,16,7,2019,15:48:00,1,63,63113,2,3,1,3,"AURIOL (BOULEBARD VINCENT)","45,7924100","3,1188500",201900039684,138 231 500,B01,3,1,0,2,1,1,5,NULL,201900039684,138 231 500,B01,2,1,4,1,1988,1,2,0,-1,0,0,-1,201900039684,7,210,0,NULL,2,6,1,1,(1),(1),1,NULL,NULL,1,9,1,50
201900040296,21,6,2019,17:05:00,1,28,28359,2,4,1,1,"Rue de Nonancourt","48,7627912","1,2294761",201900040296,138 230 383,B01,2,1,0,2,1,1,5,NULL,201900040296,138 230 383,B01,1,1,4,2,1954,5,0,-1,-1,0,0,-1,201900040296,3,50,0,NULL,2,2,0,1,0,0,2,NULL,NULL,1,0,1,50
201900040296,21,6,2019,17:05:00,1,28,28359,2,4,1,1,"Rue de Nonancourt","48,7627912","1,2294761",201900040296,138 230 383,B01,2,1,0,2,1,1,5,NULL,201900040296,138 230 384,A01,1,1,1,1,1983,0,1,-1,-1,0,0,-1,201900040296,3,50,0,NULL,2,2,0,1,0,0,2,NULL,NULL,1,0,1,50
201900041498,7,4,2019,12:30:00,1,6,06068,1,1,2,7,"Route du Bar sur Loup","43,7205797","6,9746067",201900041498,138 228 166,A01,2,1,0,0,0,0,5,NULL,201900041498,138 228 166,A01,1,1,3,1,1971,5,2,-1,-1,0,0,-1,201900041498,3,3,NULL,NULL,2,2,0,2,25,0,1,NULL,NULL,2,8,1,-1
201900041533,20,7,2019,22:40:00,5,10,10362,2,2,1,3,"GENERAL GALLIENI (RUE DU)","48,2939100","4,0544100",201900041533,138 228 101,B01,2,1,0,2,1,1,0,NULL,201900041533,138 228 100,A01,1,1,1,1,1963,0,1,0,-1,-1,0,-1,201900041533,4,"GENERAL GALLIENI (RUE DU)",0,NULL,2,2,0,1,0,0,1,NULL,NULL,1,0,1,50
201900041533,20,7,2019,22:40:00,5,10,10362,2,2,1,3,"GENERAL GALLIENI (RUE DU)","48,2939100","4,0544100",201900041533,138 228 101,B01,2,1,0,2,1,1,0,NULL,201900041533,138 228 101,B01,1,1,4,1,2001,0,8,0,-1,-1," -1",-1,201900041533,4,"GENERAL GALLIENI (RUE DU)",0,NULL,2,2,0,1,0,0,1,NULL,NULL,1,0,1,50
201900045309,16,7,2019,12:15:00,1,66,66003,2,9,1,6,"Rue de la Riviera","42,4765650","2,6655260",201900045309,138 220 893,A01,3,1,0,1,1,1,5,NULL,201900045309,138 220 893,A01,1,1,1,1,1967,5,2,-1,-1,0,0,-1,201900045309,4,NULL,NULL,NULL,2,2,0,1,(1),(1),1,NULL,NULL,1,0,1,50
201900045309,16,7,2019,12:15:00,1,66,66003,2,9,1,6,"Rue de la Riviera","42,4765650","2,6655260",201900045309,138 220 893,A01,3,1,0,1,1,1,5,NULL,201900045309,138 220 893,A01,10,3,3,1,1940,5,0,-1,-1,3,3,1,201900045309,4,NULL,NULL,NULL,2,2,0,1,(1),(1),1,NULL,NULL,1,0,1,50
201900046003,21,2,2019,14:45:00,1,67,67482,2,1,1,1,"ALPES (QUAI DES)","48,5741900","7,7715100",201900046003,138 219 551,A01,1,1,0,2,7,19,5,NULL,201900046003,138 219 550,B01,1,1,1,2,1957,0,1,8,-1,-1,0,-1,201900046003,4,"ALPES (QUAI DES)",0,NULL,2,3,1,1,0,0,1,NULL,NULL,1,2,1,50
201900046003,21,2,2019,14:45:00,1,67,67482,2,1,1,1,"ALPES (QUAI DES)","48,5741900","7,7715100",201900046003,138 219 551,A01,1,1,0,2,7,19,5,NULL,201900046003,138 219 551,A01,1,1,4,1,1983,0,8,8,-1,-1,0,-1,201900046003,4,"ALPES (QUAI DES)",0,NULL,2,3,1,1,0,0,1,NULL,NULL,1,2,1,50
201900046535,27,9,2019,08:14:00,1,93,93046,2,2,1,2,"MAURICE BERTHEAUX ALLEE","48,9141201","2,5158423",201900046535,138 218 525,B01,1,1,0,2,4,1,0,NULL,201900046535,138 218 525,B01,1,1,4,2,1955,0,8,0,-1,-1," -1",-1,201900046535,4,"MAURICE BERTHEAUX ALLEE",0,NULL,3,2,0,1,1,0,1,NULL,NULL,1,0,1,50
201900047660,22,2,2019,13:30:00,1,35,35051,2,6,7,3,"ALLIES (BOULEVARD DES)","48,1362200"," -1,6240200",201900047660,138 216 429,B01,3,1,0,2,1,19,5,NULL,201900047660,138 216 428,A01,1,1,1,2,1999,0,1,0,-1,-1,0,-1,201900047660,7,"ALLIES (BOULEVARD DES)",0,NULL,-1,2,0,1,0,0,1,NULL,NULL,1,6,1,50
201900047660,22,2,2019,13:30:00,1,35,35051,2,6,7,3,"ALLIES (BOULEVARD DES)","48,1362200"," -1,6240200",201900047660,138 216 429,B01,3,1,0,2,1,19,5,NULL,201900047660,138 216 428,A01,2,2,1,1,1997,0,1,0,-1,-1,0,-1,201900047660,7,"ALLIES (BOULEVARD DES)",0,NULL,-1,2,0,1,0,0,1,NULL,NULL,1,6,1,50
201900047660,22,2,2019,13:30:00,1,35,35051,2,6,7,3,"ALLIES (BOULEVARD DES)","48,1362200"," -1,6240200",201900047660,138 216 429,B01,3,1,0,2,1,19,5,NULL,201900047660,138 216 429,B01,1,1,4,1,1936,0,8,0,-1,-1,0,-1,201900047660,7,"ALLIES (BOULEVARD DES)",0,NULL,-1,2,0,1,0,0,1,NULL,NULL,1,6,1,50
201900051269,14,6,2019,20:15:00,1,31,31555,2,1,1,2,"GLOIRE (AV DE LA) DU 2AU 160","43,6055200","1,4589500",201900051269,138 209 764,B01,1,1,0,2,1,1,5,NULL,201900051269,138 209 763,A01,1,1,1,2,1982,0,1,0,-1,-1,0,-1,201900051269,4,NULL,0,NULL,2,2,0,1,0,0,2,NULL,NULL,1,0,1,50
201900051269,14,6,2019,20:15:00,1,31,31555,2,1,1,2,"GLOIRE (AV DE LA) DU 2AU 160","43,6055200","1,4589500",201900051269,138 209 764,B01,1,1,0,2,1,1,5,NULL,201900051269,138 209 764,B01,1,1,4,1,2005,0,8,0,-1,-1,0,-1,201900051269,4,NULL,0,NULL,2,2,0,1,0,0,2,NULL,NULL,1,0,1,50
201900051859,7,1,2019,12:12:00,1,973,97309,2,1,1,1,"boulevard docteur edmard lama","4,9048380"," -52,2750440",201900051859,138 208 619,B01,3,1,0,2,7,15,5,NULL,201900051859,138 208 619,B01,1,1,3,1,2005,2,0,-1,-1,0,0,-1,201900051859,4,NULL,NULL,NULL,2,2,0,1,(1),(1),1,NULL,NULL,1,0,1,50
201900051859,7,1,2019,12:12:00,1,973,97309,2,1,1,1,"boulevard docteur edmard lama","4,9048380"," -52,2750440",201900051859,138 208 619,B01,3,1,0,2,7,15,5,NULL,201900051859,138 208 620,A01,1,1,1,1,1965,0,1,-1,-1,0,0,-1,201900051859,4,NULL,NULL,NULL,2,2,0,1,(1),(1),1,NULL,NULL,1,0,1,50
201900053847,13,7,2019,16:25:00,1,7,07281,2,1,1,3,"ONZE NOVEMBRE (AVENUE DU)","44,9461520","4,8466270",201900053847,138 204 764,B01,3,1,0,2,8,2,5,NULL,201900053847,138 204 763,Z01,1,1,1,2,1935,3,8,0,-1,-1," -1",-1,201900053847,3,86,0,NULL,2,2,0,1,51,350,1,NULL,NULL,1,0,1,50
201900053847,13,7,2019,16:25:00,1,7,07281,2,1,1,3,"ONZE NOVEMBRE (AVENUE DU)","44,9461520","4,8466270",201900053847,138 204 764,B01,3,1,0,2,8,2,5,NULL,201900053847,138 204 764,B01,1,1,4,1,1964,5,2,6,-1,-1," -1",-1,201900053847,3,86,0,NULL,2,2,0,1,51,350,1,NULL,NULL,1,0,1,50
201900055785,16,6,2019,11:00:00,1,83,83071,1,1,1,7,"Passage du Cerf","43,1767240","6,2123300",201900055785,138 201 234,A01,2,1,0,0,0,0,5,NULL,201900055785,138 201 234,A01,1,1,3,1,1953,5,2,-1,-1,0,0,-1,201900055785,3,88,NULL," -",2,2,0,1,7,500,1,NULL,NULL,1,0,1,80
201900056363,14,2,2019,16:40:00,1,62,62626,1,1,1,6,"CAMBRIN ( ROUTE DE )","50,4976900","2,7305300",201900056363,138 200 156,B01,3,1,0,2,1,1,5,NULL,201900056363,138 200 156,B01,1,1,3,1,1950,0,2,0,-1,-1," -1",-1,201900056363,4,"CAMBRIN ( ROUTE DE )",0,NULL,2,2,0,1,0,1,1,NULL,NULL,1,5,1,80
201900056911,14,6,2019,20:00:00,1,75,75112,2,3,1,3,"ROUTE DE LA FERME","48,8211800","2,4527760",201900056911,138 199 144,B01,3,1,0,2,7,19,5,NULL,201900056911,138 199 144,B01,1,1,4,1,1987,5,2,0,-1,0,0,-1,201900056911,4,"ROUTE DE LA FERME",0,NULL,2,2,0,1,0,0,1,NULL,NULL,1,0,1,50
201900056911,14,6,2019,20:00:00,1,75,75112,2,3,1,3,"ROUTE DE LA FERME","48,8211800","2,4527760",201900056911,138 199 144,B01,3,1,0,2,7,19,5,NULL,201900056911,138 199 147,A01,1,1,1,1,1947,5,1,0,-1,0,0,-1,201900056911,4,"ROUTE DE LA FERME",0,NULL,2,2,0,1,0,0,1,NULL,NULL,1,0,1,50
201900057164,2,1,2019,12:30:00,1,973,97309,2,1,1,3,"route d' attila cabasou","4,8889914"," -52,2901695",201900057164,138 198 676,B01,1,1,0,2,8,1,5,NULL,201900057164,138 198 675,A01,1,1,1,2,1995,0,1,-1,-1,0,0,-1,201900057164,3,2,NULL,NULL,2,2,0,1,6,865,4,NULL,NULL,1,0,1,50
201900057164,2,1,2019,12:30:00,1,973,97309,2,1,1,3,"route d' attila cabasou","4,8889914"," -52,2901695",201900057164,138 198 676,B01,1,1,0,2,8,1,5,NULL,201900057164,138 198 676,B01,1,1,4,2,1987,1,2,-1,-1,0,0,-1,201900057164,3,2,NULL,NULL,2,2,0,1,6,865,4,NULL,NULL,1,0,1,50
201900058119,21,9,2019,10:50:00,1,93,93027,2,6,1,3,"CONVENTION (RUE DE LA)","48,9294300","2,3860500",201900058119,138 196 928,A01,3,1,0,2,8,16,5,NULL,201900058119,138 196 928,A01,1,1,4,2,1980,0,8,0,-1,-1," -1",-1,201900058119,3,986,0,NULL,2,2,0,1,0,0,1,NULL,NULL,1,0,3,50
201900058119,21,9,2019,10:50:00,1,93,93027,2,6,1,3,"CONVENTION (RUE DE LA)","48,9294300","2,3860500",201900058119,138 196 928,A01,3,1,0,2,8,16,5,NULL,201900058119,138 196 930,B01,1,1,1,1,1970,0,8,0,-1,-1," -1",-1,201900058119,3,986,0,NULL,2,2,0,1,0,0,1,NULL,NULL,1,0,3,50
201900058119,21,9,2019,10:50:00,1,93,93027,2,6,1,3,"CONVENTION (RUE DE LA)","48,9294300","2,3860500",201900058119,138 196 928,A01,3,1,0,2,8,16,5,NULL,201900058119,138 196 930,B01,2,2,1,2,1938,0,8,0,-1,-1," -1",-1,201900058119,3,986,0,NULL,2,2,0,1,0,0,1,NULL,NULL,1,0,3,50
201900009096,22,11,2019,21:30:00,5,51,51454,2,6,3,2,"CHEMIN DE SAINT LEONARD","49,2249228","4,0968149",201900009096,138 289 508,B01,1,1,0,2,4,9,0,NULL,201900009096,138 289 508,B01,1,1,4,1,1998,1,8,8,-1,-1,0,-1,201900009096,4,"CHEMIN DE SAINT LEONARD",0,NULL,1,1,0,1,1,0,2,NULL,NULL,2,0,1,50
201900009096,22,11,2019,21:30:00,5,51,51454,2,6,3,2,"CHEMIN DE SAINT LEONARD","49,2249228","4,0968149",201900009096,138 289 508,B01,1,1,0,2,4,9,0,NULL,201900009096,138 289 509,A01,1,1,1,1,1988,1,1,8,-1,-1,0,-1,201900009096,4,"CHEMIN DE SAINT LEONARD",0,NULL,1,1,0,1,1,0,2,NULL,NULL,2,0,1,50
201900010326,14,6,2019,07:15:00,2,84,84019,2,6,2,3,"Avenue Jean Giono","44,2852270","4,7509280",201900010326,138 287 246,B01,3,1,0,2,1,15,5,NULL,201900010326,138 287 246,B01,1,1,4,1,1966,1,0,-1,-1,0,0,-1,201900010326,4,NULL,0,NULL,2,2,0,1,(1),(1),2,NULL,NULL,2,0,1,50
201900010326,14,6,2019,07:15:00,2,84,84019,2,6,2,3,"Avenue Jean Giono","44,2852270","4,7509280",201900010326,138 287 246,B01,3,1,0,2,1,15,5,NULL,201900010326,138 287 248,A01,1,1,1,1,1984,1,1,-1,-1,0,0,-1,201900010326,4,NULL,0,NULL,2,2,0,1,(1),(1),2,NULL,NULL,2,0,1,50
201900017952,3,7,2019,08:30:00,1,48,48075,2,1,1,1,"1 route neuve","44,3702550","3,5349140",201900017952,138 272 854,B01,3,1,0,2,8,19,5,NULL,201900017952,138 272 854,B01,1,1,4,1,1940,5,0,-1,-1,0,0,-1,201900017952,3,907,2,NULL,2,2,0,1,(1),(1),1,NULL,NULL,1,0,1,50
201900017952,3,7,2019,08:30:00,1,48,48075,2,1,1,1,"1 route neuve","44,3702550","3,5349140",201900017952,138 272 854,B01,3,1,0,2,8,19,5,NULL,201900017952,138 272 855,A01,1,1,1,1,1965,4,1,-1,-1,0,0,-1,201900017952,3,907,2,NULL,2,2,0,1,(1),(1),1,NULL,NULL,1,0,1,50
201900018621,27,12,2019,14:30:00,1,973,97302,1,1,1,2,"ROUTE NATIONALE 1","4,9182430"," -52,3309380",201900018621,138 271 619,B01,1,1,0,2,0,1,5,NULL,201900018621,138 271 618,A01,1,1,1,2,1956,0,1,0,-1,-1," -1",-1,201900018621,2,1,0,NULL,3,4,0,1,1,300,1,NULL,NULL,1,0,2,90
201900018621,27,12,2019,14:30:00,1,973,97302,1,1,1,2,"ROUTE NATIONALE 1","4,9182430"," -52,3309380",201900018621,138 271 619,B01,1,1,0,2,0,1,5,NULL,201900018621,138 271 619,B01,1,1,4,1,1977,0,8,0,-1,-1," -1",-1,201900018621,2,1,0,NULL,3,4,0,1,1,300,1,NULL,NULL,1,0,2,90