Num_Acc,jour,mois,an,hrmn,lum,dep,com,agg,int,atm,col,adr,lat,long,Num_Acc,id_vehicule,num_veh,senc,catv,obs,obsm,choc,manv,motor,occutc,Num_Acc,id_vehicule,num_veh,place,catu,grav,sexe,an_nais,trajet,secu1,secu2,secu3,locp,actp,etatp,Num_Acc,catr,voie,v1,v2,circ,nbv,vosp,prof,pr,pr1,plan,lartpc,larrout,surf,infra,situ,vma
201900021749,25,5,2019,12:15:00,1,83,83144,2,1,1,3,"PICASSO (AVE PABLO)","43,1322400","5,9877400",201900021749,138 265 728,B01,1,1,0,2,5,2,5,NULL,201900021749,138 265 727,A01,1,1,1,2,1925,5,1,8,-1,-1," -1",-1,201900021749,4,"PICASSO (AVE PABLO)",0,NULL,2,2,0,1,0,0,1,NULL,NULL,1,0,1,50
201900021749,25,5,2019,12:15:00,1,83,83144,2,1,1,3,"PICASSO (AVE PABLO)","43,1322400","5,9877400",201900021749,138 265 728,B01,1,1,0,2,5,2,5,NULL,201900021749,138 265 728,B01,1,1,3,1,1998,5,8,0,-1,-1,0,-1,201900021749,4,"PICASSO (AVE PABLO)",0,NULL,2,2,0,1,0,0,1,NULL,NULL,1,0,1,50
201900021804,2,5,2019,13:20:00,1,80,80021,2,1,3,3,"1, PL RENE GOBLET","49,8915300","2,3022200",201900021804,138 265 584,B01,0,1,0,2,1,1,5,NULL,201900021804,138 265 583,A01,1,1,1,1,1971,0,1,0,-1,0,0,-1,201900021804,4,"RENE GOBLET (PLACE)",0,NULL,1,1,0,1,0,0,1,NULL,NULL,2,0,1,20
201900021804,2,5,2019,13:20:00,1,80,80021,2,1,3,3,"1, PL RENE GOBLET","49,8915300","2,3022200",201900021804,138 265 584,B01,0,1,0,2,1,1,5,NULL,201900021804,138 265 584,B01,1,1,4,1,2005,0,2,0,-1,0,0,-1,201900021804,4,"RENE GOBLET (PLACE)",0,NULL,1,1,0,1,0,0,1,NULL,NULL,2,0,1,20
201900022272,23,12,2019,14:39:00,1,67,67482,2,3,1,3,"NEUHOF (ROUTE)","48,5473900","7,7655200",201900022272,138 264 693,A01,1,1,0,2,1,1,5,NULL,201900022272,138 264 693,A01,1,1,4,1,2000,0,8,0,-1,-1,0,-1,201900022272,4,"NEUHOF (ROUTE)",0,NULL,2,2,3,1,0,0,1,NULL,NULL,1,4,6,50
201900022272,23,12,2019,14:39:00,1,67,67482,2,3,1,3,"NEUHOF (ROUTE)","48,5473900","7,7655200",201900022272,138 264 693,A01,1,1,0,2,1,1,5,NULL,201900022272,138 264 694,B01,1,1,1,1,1965,4,8,8,-1,-1,0,-1,201900022272,4,"NEUHOF (ROUTE)",0,NULL,2,2,3,1,0,0,1,NULL,NULL,1,4,6,50
201900022372,24,12,2019,17:00:00,5,75,75119,2,1,1,6,"RUE DE BELLEVILLE","48,8753900","2,3900570",201900022372,138 264 494,A01,1,1,0,1,8,17,5,NULL,201900022372,138 264 494,A01,1,1,1,1,1989,0,8,2,-1,0,0,-1,201900022372,4,"RUE DE BELLEVILLE",0,NULL,2,2,0,1,0,0,1,NULL,NULL,1,0,1,50
201900022372,24,12,2019,17:00:00,5,75,75119,2,1,1,6,"RUE DE BELLEVILLE","48,8753900","2,3900570",201900022372,138 264 494,A01,1,1,0,1,8,17,5,NULL,201900022372,138 264 494,A01,10,3,3,2,1979,0,0,-1,-1,2,3,1,201900022372,4,"RUE DE BELLEVILLE",0,NULL,2,2,0,1,0,0,1,NULL,NULL,1,0,1,50
201900026045,8,10,2019,08:45:00,1,64,64129,2,1,1,3,"BAYONNE DE","43,2995110"," -0,3914410",201900026045,138 257 293,B01,2,1,0,2,1,1,5,NULL,201900026045,138 257 293,B01,1,1,4,1,1993,5,8,0,-1,0,0,-1,201900026045,4,"BAYONNE DE",0,NULL,2,1,2,1,36,0,1,NULL,NULL,1,0,1,50
201900026045,8,10,2019,08:45:00,1,64,64129,2,1,1,3,"BAYONNE DE","43,2995110"," -0,3914410",201900026045,138 257 293,B01,2,1,0,2,1,1,5,NULL,201900026045,138 257 294,A01,1,1,1,1,1962,5,1,8,-1,0,0,-1,201900026045,4,"BAYONNE DE",0,NULL,2,1,2,1,36,0,1,NULL,NULL,1,0,1,50
201900027211,17,4,2019,09:05:00,1,59,59316,2,3,1,3,"JAURES JEAN RUE","50,5734800","2,9959600",201900027211,138 255 117,B01,1,1,0,2,1,1,0,NULL,201900027211,138 255 116,A01,1,1,1,1,1947,0,1,0,-1,-1,0,-1,201900027211,7,145,0,NULL,2,2,0,1,(1),(1),1,NULL,NULL,1,0,1,50
201900027211,17,4,2019,09:05:00,1,59,59316,2,3,1,3,"JAURES JEAN RUE","50,5734800","2,9959600",201900027211,138 255 117,B01,1,1,0,2,1,1,0,NULL,201900027211,138 255 117,B01,1,1,4,1,1969,0,2,0,-1,-1,0,-1,201900027211,7,145,0,NULL,2,2,0,1,(1),(1),1,NULL,NULL,1,0,1,50
201900027459,9,11,2019,14:20:00,1,67,67365,2,1,1,3,"MULHOUSE (RUE DE)","48,5387200","7,7138100",201900027459,138 254 659,B01,2,1,0,2,3,1,5,NULL,201900027459,138 254 659,B01,1,1,4,1,2009,0,8,0,-1,-1,0,-1,201900027459,4,"MULHOUSE (RUE DE)",0,NULL,2,2,0,2,0,0,1,NULL,NULL,1,0,1,30
201900027459,9,11,2019,14:20:00,1,67,67365,2,1,1,3,"MULHOUSE (RUE DE)","48,5387200","7,7138100",201900027459,138 254 659,B01,2,1,0,2,3,1,5,NULL,201900027459,138 254 660,A01,1,1,1,1,1976,0,1,0,-1,-1,0,-1,201900027459,4,"MULHOUSE (RUE DE)",0,NULL,2,2,0,2,0,0,1,NULL,NULL,1,0,1,30
201900029857,25,1,2019,14:45:00,1,37,37139,1,1,1,3,RD48,"47,4261434","0,4947010",201900029857,138 250 186,B01,1,1,13,0,8,1,5,NULL,201900029857,138 250 185,A01,1,1,1,1,1997,3,8,-1,-1,0,0,-1,201900029857,3,48,NULL,NULL,2,2,0,1,9,400,1,NULL,NULL,2,0,1,80
201900029857,25,1,2019,14:45:00,1,37,37139,1,1,1,3,RD48,"47,4261434","0,4947010",201900029857,138 250 186,B01,1,1,13,0,8,1,5,NULL,201900029857,138 250 186,B01,1,1,3,1,1956,5,2,-1,-1,0,0,-1,201900029857,3,48,NULL,NULL,2,2,0,1,9,400,1,NULL,NULL,2,0,1,80
201900030275,10,4,2019,23:00:00,5,75,75111,2,2,1,3,"RUE CHANZY","48,8525200","2,3832460",201900030275,138 249 351,B01,1,1,0,2,1,1,5,NULL,201900030275,138 249 350,A01,1,1,1,1,1994,0,2,6,-1,0,0,-1,201900030275,4,"RUE CHANZY",0,NULL,1,1,0,1,0,0,1,NULL,NULL,1,0,1,50
201900030275,10,4,2019,23:00:00,5,75,75111,2,2,1,3,"RUE CHANZY","48,8525200","2,3832460",201900030275,138 249 351,B01,1,1,0,2,1,1,5,NULL,201900030275,138 249 351,B01,1,1,4,1,1974,0,8,0,-1,0,0,-1,201900030275,4,"RUE CHANZY",0,NULL,1,1,0,1,0,0,1,NULL,NULL,1,0,1,50
201900030992,13,5,2019,19:30:00,1,31,31555,2,1,1,3,"RUE DE SAINTONGE","43,5820900","1,4114800",201900030992,138 248 065,A01,0,1,0,2,1,19,5,NULL,201900030992,138 248 065,A01,1,1,4,2,2009,0,8,0,-1,-1,0,-1,201900030992,4,"SAINTONGE (RUE)",0,NULL,2,2,0,1,0,0,1,NULL,NULL,1,0,1,50
201900032941,15,12,2019,08:30:00,1,972,97209,2,6,1,3,"ROND POINT DU VIET-NAM-HEROIQUE (ECHANGE","14,6114800"," -61,0785300",201900032941,138 244 297,B01,3,1,0,2,7,0,5,NULL,201900032941,138 244 296,A01,1,1,1,1,1960,4,1,0,-1,-1,0,-1,201900032941,3,41,0,NULL,4,2,0,1,0,0,3,NULL,NULL,1,5,1,50
201900032941,15,12,2019,08:30:00,1,972,97209,2,6,1,3,"ROND POINT DU VIET-NAM-HEROIQUE (ECHANGE","14,6114800"," -61,0785300",201900032941,138 244 297,B01,3,1,0,2,7,0,5,NULL,201900032941,138 244 297,B01,1,1,3,1,1976,5,8,0,-1,0,0,-1,201900032941,3,41,0,NULL,4,2,0,1,0,0,3,NULL,NULL,1,5,1,50
201900033104,3,12,2019,15:25:00,1,49,49307,1,8,1,7,"Rue de la Marsaulaye","47,4253220"," -0,3434963",201900033104,138 244 012,A01,1,1,14,0,1,1,5,NULL,201900033104,138 244 012,A01,1,1,3,1,1955,5,2,6,-1,0,0,-1,201900033104,3,118,NULL,NULL,2,2,3,1,1,500,1,NULL,NULL,1,4,6,80
201900037117,18,1,2019,13:30:00,1,27,27701,2,3,1,3,"MATINALE (VOIE)","49,2726900","1,2084600",201900037117,138 236 255,B01,3,1,0,2,1,15,5,NULL,201900037117,138 236 255,B01,1,1,4,1,2006,2,8,0,-1,-1,0,-1,201900037117,4,"MATINALE (VOIE)",0,NULL,2,2,0,1,1,0,1,NULL,NULL,1,0,1,50
201900037117,18,1,2019,13:30:00,1,27,27701,2,3,1,3,"MATINALE (VOIE)","49,2726900","1,2084600",201900037117,138 236 255,B01,3,1,0,2,1,15,5,NULL,201900037117,138 236 256,A01,1,1,1,1,1996,1,1,0,-1,-1,0,-1,201900037117,4,"MATINALE (VOIE)",0,NULL,2,2,0,1,1,0,1,NULL,NULL,1,0,1,50
201900037415,26,8,2019,18:55:00,1,54,54395,2,1,1,7,"STANISLAS (RUE)","48,6932800","6,1824700",201900037415,138 235 667,Z01,1,1,0,1,1,1,6,NULL,201900037415,138 235 667,Z01,10,3,1,1,1982,-1,0,-1,-1,5,9,2,201900037415,4,"STANISLAS (RUE)",0,NULL,1,1,0,1,0,0,1,NULL,NULL,1,6,3,5
201900037415,26,8,2019,18:55:00,1,54,54395,2,1,1,7,"STANISLAS (RUE)","48,6932800","6,1824700",201900037415,138 235 667,Z01,1,1,0,1,1,1,6,NULL,201900037415,138 235 667,Z01,10,3,4,1,2017,5,8,0,-1,5,9,2,201900037415,4,"STANISLAS (RUE)",0,NULL,1,1,0,1,0,0,1,NULL,NULL,1,6,3,5
201900039475,27,2,2019,17:15:00,1,94,94059,2,2,1,7,"MAURICE BERTEAUX (AV)","48,8100000","2,5685000",201900039475,138 231 908,A01,2,1,0,0,0,5,0,NULL,201900039475,138 231 908,A01,1,1,4,2,1935,0,8,0,-1,-1," -1",-1,201900039475,3,235,0,NULL,2,2,0,1,0,0,1,NULL,NULL,1,0,1,50
201900042119,12,6,2019,18:00:00,1,21,21231,2,1,1,3,"PIERRE DE COUBERTIN (RUE)","47,3118100","5,0808500",201900042119,138 226 958,B01,0,1,0,2,7,1,5,NULL,201900042119,138 226 958,B01,1,1,3,2,1959,5,8,0,-1,0,0,-1,201900042119,4,"PIERRE DE COUBERTIN (RUE)",0,NULL,2,2,0,1,0,0,1,NULL,NULL,1,0,1,50
201900042119,12,6,2019,18:00:00,1,21,21231,2,1,1,3,"PIERRE DE COUBERTIN (RUE)","47,3118100","5,0808500",201900042119,138 226 958,B01,0,1,0,2,7,1,5,NULL,201900042119,138 226 959,A01,1,1,1,1,1975,5,1,0,-1,0,0,-1,201900042119,4,"PIERRE DE COUBERTIN (RUE)",0,NULL,2,2,0,1,0,0,1,NULL,NULL,1,0,1,50
201900043879,27,5,2019,08:05:00,1,92,92075,2,1,8,2,"LARMEROUX (RUE)","48,8165258","2,2802717",201900043879,138 223 692,B01,2,1,0,2,1,2,5,NULL,201900043879,138 223 691,A01,1,1,1,1,1991,1,1,0,-1,-1,0,-1,201900043879,3,130,0,NULL,2,2,0,1,0,0,1,NULL,NULL,1,0,1,50
201900043879,27,5,2019,08:05:00,1,92,92075,2,1,8,2,"LARMEROUX (RUE)","48,8165258","2,2802717",201900043879,138 223 692,B01,2,1,0,2,1,2,5,NULL,201900043879,138 223 692,B01,2,1,4,1,2000,2,2,8,-1,-1,0,-1,201900043879,3,130,0,NULL,2,2,0,1,0,0,1,NULL,NULL,1,0,1,50
201900045763,14,6,2019,10:28:00,1,79,79329,2,1,1,6,"5 boulevard Pierre Curie","46,9797100"," -0,2165900",201900045763,138 220 047,A01,1,1,0,1,1,26,5,NULL,201900045763,138 220 047,A01,1,1,1,1,1957,5,8,0,-1,0,0,-1,201900045763,3,759,0,NULL,2,3,-1,1,14,398,1,NULL,110,1,5,1,50
201900045763,14,6,2019,10:28:00,1,79,79329,2,1,1,6,"5 boulevard Pierre Curie","46,9797100"," -0,2165900",201900045763,138 220 047,A01,1,1,0,1,1,26,5,NULL,201900045763,138 220 047,A01,10,3,4,1,1945,5,8,0,-1,2,3,1,201900045763,3,759,0,NULL,2,3,-1,1,14,398,1,NULL,110,1,5,1,50
201900051331,19,2,2019,15:20:00,1,80,80021,2,1,1,3,"342, R DE ROUEN","49,8863600","2,2771400",201900051331,138 209 631,B01,0,1,0,2,0,1,5,NULL,201900051331,138 209 631,B01,1,1,4,1,2001,0,2,0,-1,0,0,-1,201900051331,4,"ROUEN (RUE DE)",0,NULL,2,2,0,2,0,0,1,NULL,NULL,1,0,1,50
201900051331,19,2,2019,15:20:00,1,80,80021,2,1,1,3,"342, R DE ROUEN","49,8863600","2,2771400",201900051331,138 209 631,B01,0,1,0,2,0,1,5,NULL,201900051331,138 209 632,A01,1,1,1,1,1948,0,1,0,-1,0,0,-1,201900051331,4,"ROUEN (RUE DE)",0,NULL,2,2,0,2,0,0,1,NULL,NULL,1,0,1,50
201900052975,4,6,2019,19:00:00,1,17,17300,1,1,1,3,"NORMANDIN   RUE EMILE","46,1471780"," -1,1432610",201900052975,138 206 426,Z01,1,1,0,2,7,1,5,NULL,201900052975,138 206 426,Z01,1,1,4,1,1993,5,8,0,-1,-1," -1",-1,201900052975,4,"NORMANDIN   RUE EMILE",0,NULL,2,2,2,1,0,0,1,NULL,NULL,1,0,1,50
201900052975,4,6,2019,19:00:00,1,17,17300,1,1,1,3,"NORMANDIN   RUE EMILE","46,1471780"," -1,1432610",201900052975,138 206 426,Z01,1,1,0,2,7,1,5,NULL,201900052975,138 206 427,A01,1,1,1,2,1968,1,1,8,-1,-1," -1",-1,201900052975,4,"NORMANDIN   RUE EMILE",0,NULL,2,2,2,1,0,0,1,NULL,NULL,1,0,1,50
201900053232,6,2,2019,18:00:00,5,59,59350,2,2,1,3,"SOLFERINO RUE N°1 - 159","50,6307800","3,0557100",201900053232,138 205 947,A01,1,1,0,2,3,1,0,NULL,201900053232,138 205 946,Z01,1,1,1,1,1950,0,8,0,-1,-1,0,-1,201900053232,4,"SOLFERINO RUE N°1 - 159",0,NULL,-1,2,0,1,0,0,1,NULL,NULL,1,0,1,50
201900053232,6,2,2019,18:00:00,5,59,59350,2,2,1,3,"SOLFERINO RUE N°1 - 159","50,6307800","3,0557100",201900053232,138 205 947,A01,1,1,0,2,3,1,0,NULL,201900053232,138 205 947,A01,1,1,4,1,1991,0,8,0,-1,-1,0,-1,201900053232,4,"SOLFERINO RUE N°1 - 159",0,NULL,-1,2,0,1,0,0,1,NULL,NULL,1,0,1,50
201900053566,2,1,2019,17:50:00,5,58,58194,2,1,1,2,"PRE PLANTIN (BOULEVARD)","46,9814000","3,1237000",201900053566,138 205 322,B01,1,1,0,2,6,1,5,NULL,201900053566,138 205 322,B01,1,1,3,1,1964,5,2,8,-1,-1," -1",-1,201900053566,4,"PRE PLANTIN (BOULEVARD)",0,NULL,2,2,1,1,0,0,1,NULL,NULL,1,0,1,30
201900053566,2,1,2019,17:50:00,5,58,58194,2,1,1,2,"PRE PLANTIN (BOULEVARD)","46,9814000","3,1237000",201900053566,138 205 322,B01,1,1,0,2,6,1,5,NULL,201900053566,138 205 323,A01,1,1,1,1,1943,1,1,8,-1,-1," -1",-1,201900053566,4,"PRE PLANTIN (BOULEVARD)",0,NULL,2,2,1,1,0,0,1,NULL,NULL,1,0,1,30
201900058335,16,8,2019,08:00:00,1,69,69142,1,1,1,1,"MULATIERE (DE LA)                   (PT)","45,7311600","4,8155900",201900058335,138 196 554,A01,1,1,0,2,1,1,6,NULL,201900058335,138 196 554,A01,1,1,4,1,1977,1,2,8,-1,-1,0,-1,201900058335,9,"MULATIERE (DE LA)                   (PT)",0,NULL,-1,1,0,1,0,1,1,NULL,NULL,1,2,1,10
201900058335,16,8,2019,08:00:00,1,69,69142,1,1,1,1,"MULATIERE (DE LA)                   (PT)","45,7311600","4,8155900",201900058335,138 196 554,A01,1,1,0,2,1,1,6,NULL,201900058335,138 196 555,B01,1,1,3,1,1990,1,8,0,-1,-1,0,-1,201900058335,9,"MULATIERE (DE LA)                   (PT)",0,NULL,-1,1,0,1,0,1,1,NULL,NULL,1,2,1,10
201900010053,18,10,2019,14:14:00,1,21,21231,2,2,1,3,"CHEVREUL (RUE)","47,3089350","5,0378390",201900010053,138 287 741,B01,3,1,0,9,3,15,5,NULL,201900010053,138 287 741,B01,1,1,3,2,1994,0,8,0,-1,-1," -1",-1,201900010053,4,"CHEVREUL (RUE)",0,NULL,3,4,0,1,0,0,1,NULL,NULL,1,0,1,50
201900010053,18,10,2019,14:14:00,1,21,21231,2,2,1,3,"CHEVREUL (RUE)","47,3089350","5,0378390",201900010053,138 287 741,B01,3,1,0,9,3,15,5,NULL,201900010053,138 287 742,A01,1,1,1,1,1992,5,1,0,-1,-1," -1",-1,201900010053,4,"CHEVREUL (RUE)",0,NULL,3,4,0,1,0,0,1,NULL,NULL,1,0,1,50
201900011745,6,2,2019,16:00:00,1,69,69383,2,1,1,3,"LACASSAGNE                          (AV)","45,7488400","4,8780300",201900011745,138 284 602,B01,3,1,0,2,8,19,5,NULL,201900011745,138 284 601,A01,1,1,1,1,1996,4,1,0,-1,0,0,-1,201900011745,4,"LACASSAGNE                          (AV)",0,NULL,2,3,3,1,1,0,1,NULL,NULL,1,0,1,50
201900011745,6,2,2019,16:00:00,1,69,69383,2,1,1,3,"LACASSAGNE                          (AV)","45,7488400","4,8780300",201900011745,138 284 602,B01,3,1,0,2,8,19,5,NULL,201900011745,138 284 602,B01,1,1,4,1,1972,1,8,0,-1,0,0,-1,201900011745,4,"LACASSAGNE                          (AV)",0,NULL,2,3,3,1,1,0,1,NULL,NULL,1,0,1,50
201900011971,17,10,2019,18:00:00,1,75,75106,2,4,8,6,"BOULEVARD SAINT MICHEL","48,8469218","2,3406054",201900011971,138 284 182,A01,2,1,0,1,1,7,5,NULL,201900011971,138 284 182,A01,10,3,4,2,2001,2,0,-1,-1,4,3,1,201900011971,4,"BOULEVARD SAINT MICHEL",0,NULL,2,4,3,1,0,0,1,NULL,NULL,1,-1,6,50
201900011971,17,10,2019,18:00:00,1,75,75106,2,4,8,6,"BOULEVARD SAINT MICHEL","48,8469218","2,3406054",201900011971,138 284 182,A01,2,1,0,1,1,7,5,NULL,201900011971,138 284 182,A01,1,1,4,1,1977,9,8,2,-1,0,0,-1,201900011971,4,"BOULEVARD SAINT MICHEL",0,NULL,2,4,3,1,0,0,1,NULL,NULL,1,-1,6,50
201900012975,22,11,2019,17:40:00,3,45,45082,2,1,1,3,"Route d'Orléans","47,8606840","2,1912740",201900012975,138 282 326,A01,0,1,0,0,8,0,5,NULL,201900012975,138 282 326,A01,1,1,3,1,1976,5,0,-1,-1,0,0,-1,201900012975,3,960,0,NULL,-1,2,0,1,74,930,1,NULL,NULL,1,0,1,50
201900012975,22,11,2019,17:40:00,3,45,45082,2,1,1,3,"Route d'Orléans","47,8606840","2,1912740",201900012975,138 282 326,A01,0,1,0,0,8,0,5,NULL,201900012975,138 282 327,B01,1,1,1,1,1981,1,8,-1,-1,0,0,-1,201900012975,3,960,0,NULL,-1,2,0,1,74,930,1,NULL,NULL,1,0,1,50
201900015995,16,6,2019,17:10:00,1,65,65032,1,1,1,5,D918,"42,9613080"," -0,2459580",201900015995,138 276 631,A01,1,1,0,2,1,5,5,NULL,201900015995,138 276 629,C01,1,1,1,1,1972,5,2,6,-1,0,0,-1,201900015995,3,918,0,NULL,2,2,0,2,3,850,1,NULL,NULL,1,0,1,80
201900015995,16,6,2019,17:10:00,1,65,65032,1,1,1,5,D918,"42,9613080"," -0,2459580",201900015995,138 276 630,B01,1,1,0,2,1,5,5,NULL,201900015995,138 276 629,C01,1,1,1,1,1972,5,2,6,-1,0,0,-1,201900015995,3,918,0,NULL,2,2,0,2,3,850,1,NULL,NULL,1,0,1,80
201900015995,16,6,2019,17:10:00,1,65,65032,1,1,1,5,D918,"42,9613080"," -0,2459580",201900015995,138 276 631,A01,1,1,0,2,1,5,5,NULL,201900015995,138 276 630,B01,1,1,4,2,1972,5,2,-1,-1,0,0,-1,201900015995,3,918,0,NULL,2,2,0,2,3,850,1,NULL,NULL,1,0,1,80
201900015995,16,6,2019,17:10:00,1,65,65032,1,1,1,5,D918,"42,9613080"," -0,2459580",201900015995,138 276 630,B01,1,1,0,2,1,5,5,NULL,201900015995,138 276 630,B01,1,1,4,2,1972,5,2,-1,-1,0,0,-1,201900015995,3,918,0,NULL,2,2,0,2,3,850,1,NULL,NULL,1,0,1,80
201900015995,16,6,2019,17:10:00,1,65,65032,1,1,1,5,D918,"42,9613080"," -0,2459580",201900015995,138 276 631,A01,1,1,0,2,1,5,5,NULL,201900015995,138 276 631,A01,1,1,3,1,1967,5,2,-1,-1,0,0,-1,201900015995,3,918,0,NULL,2,2,0,2,3,850,1,NULL,NULL,1,0,1,80
201900015995,16,6,2019,17:10:00,1,65,65032,1,1,1,5,D918,"42,9613080"," -0,2459580",201900015995,138 276 630,B01,1,1,0,2,1,5,5,NULL,201900015995,138 276 631,A01,1,1,3,1,1967,5,2,-1,-1,0,0,-1,201900015995,3,918,0,NULL,2,2,0,2,3,850,1,NULL,NULL,1,0,1,80
201900016964,1,2,2019,18:30:00,2,71,71445,2,1,1,1,"VARENNE (RUE DE LA)","46,7783400","4,8951000",201900016964,138 274 723,A01,1,1,0,2,1,26,5,NULL,201900016964,138 274 722,B01,1,1,1,1,1997,9,1,8,-1,-1,0,-1,201900016964,4,"VARENNE (RUE DE LA)",0,NULL,2,2,0,1,0,0,1,NULL,NULL,1,0,1,50
201900016964,1,2,2019,18:30:00,2,71,71445,2,1,1,1,"VARENNE (RUE DE LA)","46,7783400","4,8951000",201900016964,138 274 723,A01,1,1,0,2,1,26,5,NULL,201900016964,138 274 723,A01,1,1,4,1,1949,0,8,0,-1,-1,0,-1,201900016964,4,"VARENNE (RUE DE LA)",0,NULL,2,2,0,1,0,0,1,NULL,NULL,1,0,1,50
201900019401,23,3,2019,14:45:00,1,44,44210,1,3,1,3,"Allée Emmanuel Caux","47,3066207"," -2,2172470",201900019401,138 270 175,B01,3,1,0,0,8,1,5,NULL,201900019401,138 270 174,A01,1,1,1,1,1994,3,8,-1,-1,0,0,-1,201900019401,9,NULL,NULL,NULL,2,2,0,2,(1),(1),1,NULL,NULL,1,0,1,-1
201900019401,23,3,2019,14:45:00,1,44,44210,1,3,1,3,"Allée Emmanuel Caux","47,3066207"," -2,2172470",201900019401,138 270 175,B01,3,1,0,0,8,1,5,NULL,201900019401,138 270 175,B01,1,1,3,1,2010,5,8,-1,-1,0,0,-1,201900019401,9,NULL,NULL,NULL,2,2,0,2,(1),(1),1,NULL,NULL,1,0,1,-1
201900019503,1,7,2019,17:50:00,1,81,81004,2,1,1,3,"Rue François ARAGO","43,9292447","2,1992639",201900019503,138 269 961,B01,3,1,0,2,7,14,5,NULL,201900019503,138 269 960,A01,1,1,1,2,1935,5,1,8,-1,0,0,-1,201900019503,4,"ARAGO (FRANCOIS) ZI",0,NULL,2,2,0,1,1,0,1,NULL,NULL,1,9,1,50
201900019503,1,7,2019,17:50:00,1,81,81004,2,1,1,3,"Rue François ARAGO","43,9292447","2,1992639",201900019503,138 269 961,B01,3,1,0,2,7,14,5,NULL,201900019503,138 269 961,B01,1,1,4,1,1968,5,2,8,-1,0,0,-1,201900019503,4,"ARAGO (FRANCOIS) ZI",0,NULL,2,2,0,1,1,0,1,NULL,NULL,1,9,1,50
201900019635,1,7,2019,18:40:00,1,28,28280,1,1,1,1,Pitre,"48,3021070","0,8145400",201900019635,138 269 726,B01,3,1,0,2,1,5,5,NULL,201900019635,138 269 726,B01,1,1,3,1,1999,5,0,-1,-1,0,0,-1,201900019635,3,13,0,NULL,2,2,0,1,1,0,1,NULL,NULL,1,0,1,80
201900019635,1,7,2019,18:40:00,1,28,28280,1,1,1,1,Pitre,"48,3021070","0,8145400",201900019635,138 269 726,B01,3,1,0,2,1,5,5,NULL,201900019635,138 269 727,A01,1,1,1,2,1986,1,1,-1,-1,0,0,-1,201900019635,3,13,0,NULL,2,2,0,1,1,0,1,NULL,NULL,1,0,1,80
201900022918,8,9,2019,20:15:00,2,75,75120,2,1,1,3,"RUE SORBIER","48,8667610","2,3914870",201900022918,138 263 476,B01,1,1,0,2,7,1,5,NULL,201900022918,138 263 475,A01,1,1,4,1,1998,0,2,6,-1,0,0,-1,201900022918,4,"RUE SORBIER",3,NULL,1,1,0,2,0,0,1,NULL,NULL,1,8,1,50
201900022918,8,9,2019,20:15:00,2,75,75120,2,1,1,3,"RUE SORBIER","48,8667610","2,3914870",201900022918,138 263 476,B01,1,1,0,2,7,1,5,NULL,201900022918,138 263 476,B01,1,1,1,1,1980,0,2,8,-1,0,0,-1,201900022918,4,"RUE SORBIER",3,NULL,1,1,0,2,0,0,1,NULL,NULL,1,8,1,50
201900023178,26,6,2019,22:00:00,2,69,69142,2,2,1,1,"PIERRE SEMARD                       (QU)","45,7292000","4,8157200",201900023178,138 262 980,B01,2,1,0,2,7,19,5,NULL,201900023178,138 262 980,B01,1,1,3,1,1989,0,8,0,-1,-1,0,-1,201900023178,4,"PIERRE SEMARD                       (QU)",0,NULL,2,3,0,3,0,1,1,NULL,NULL,1,0,1,50
201900023178,26,6,2019,22:00:00,2,69,69142,2,2,1,1,"PIERRE SEMARD                       (QU)","45,7292000","4,8157200",201900023178,138 262 980,B01,2,1,0,2,7,19,5,NULL,201900023178,138 262 981,A01,1,1,1,1,1994,0,8,0,-1,-1,0,-1,201900023178,4,"PIERRE SEMARD                       (QU)",0,NULL,2,3,0,3,0,1,1,NULL,NULL,1,0,1,50
201900023224,25,6,2019,07:46:00,1,68,68066,2,6,7,2,"CURIE (RUE)","48,1072780","7,3761120",201900023224,138 262 847,B01,2,1,0,2,8,0,5,NULL,201900023224,138 262 846,A01,1,1,1,1,1961,9,1,0,-1,-1,0,-1,201900023224,4,NULL,0,NULL,2,2,0,1,1,0,1,NULL,NULL,1,5,1,50
201900023224,25,6,2019,07:46:00,1,68,68066,2,6,7,2,"CURIE (RUE)","48,1072780","7,3761120",201900023224,138 262 847,B01,2,1,0,2,8,0,5,NULL,201900023224,138 262 847,B01,1,1,3,1,1966,1,8,0,-1,-1,0,-1,201900023224,4,NULL,0,NULL,2,2,0,1,1,0,1,NULL,NULL,1,5,1,50
201900023951,29,1,2019,15:50:00,1,68,68154,2,6,1,3,"Rue du repos","47,7637760","7,3475790",201900023951,138 261 333,B01,0,1,0,2,7,0,5,NULL,201900023951,138 261 332,A01,1,1,1,1,1949,5,1,-1,-1,0,0,-1,201900023951,9,NULL,NULL,NULL,2,2,0,1,(1),(1),1,NULL,NULL,1,5,1,50
201900023951,29,1,2019,15:50:00,1,68,68154,2,6,1,3,"Rue du repos","47,7637760","7,3475790",201900023951,138 261 333,B01,0,1,0,2,7,0,5,NULL,201900023951,138 261 333,B01,1,1,4,2,1940,5,0,-1,-1,0,0,-1,201900023951,9,NULL,NULL,NULL,2,2,0,1,(1),(1),1,NULL,NULL,1,5,1,50