Num_Acc,jour,mois,an,hrmn,lum,dep,com,agg,int,atm,col,adr,lat,long,Num_Acc,id_vehicule,num_veh,senc,catv,obs,obsm,choc,manv,motor,occutc,Num_Acc,id_vehicule,num_veh,place,catu,grav,sexe,an_nais,trajet,secu1,secu2,secu3,locp,actp,etatp,Num_Acc,catr,voie,v1,v2,circ,nbv,vosp,prof,pr,pr1,plan,lartpc,larrout,surf,infra,situ,vma
201900027483,8,11,2019,08:50:00,1,31,31555,2,2,2,3,"AV DU CIMETIERE","43,6065800","1,4581600",201900027483,138 254 617,B01,0,1,0,2,1,1,5,NULL,201900027483,138 254 616,A01,1,1,1,2,1964,4,1,0,-1,-1," -1",-1,201900027483,4,NULL,0,NULL,3,2,0,2,0,0,1,NULL,NULL,2,0,1,50
201900027483,8,11,2019,08:50:00,1,31,31555,2,2,2,3,"AV DU CIMETIERE","43,6065800","1,4581600",201900027483,138 254 617,B01,0,1,0,2,1,1,5,NULL,201900027483,138 254 617,B01,1,1,4,1,1952,5,8,0,-1,-1," -1",-1,201900027483,4,NULL,0,NULL,3,2,0,2,0,0,1,NULL,NULL,2,0,1,50
201900028831,7,3,2019,16:50:00,1,37,37261,2,1,1,3,"VICTOIRE (RUE DE LA)","47,3949968","0,6775753",201900028831,138 252 092,B01,3,1,0,2,8,19,5,NULL,201900028831,138 252 092,B01,1,1,4,1,1939,5,8,0,-1,-1,0,-1,201900028831,4,"VICTOIRE (RUE DE LA)",0,NULL,2,3,1,1,0,0,1,NULL,NULL,1,2,1,50
201900028831,7,3,2019,16:50:00,1,37,37261,2,1,1,3,"VICTOIRE (RUE DE LA)","47,3949968","0,6775753",201900028831,138 252 092,B01,3,1,0,2,8,19,5,NULL,201900028831,138 252 093,A01,1,1,1,2,1987,5,1,8,-1,-1,0,-1,201900028831,4,"VICTOIRE (RUE DE LA)",0,NULL,2,3,1,1,0,0,1,NULL,NULL,1,2,1,50
201900031809,4,9,2019,09:30:00,1,92,92026,2,1,1,3,COLOMBES,"48,8985900","2,2566200",201900031809,138 246 572,B01,2,1,0,2,1,1,6,NULL,201900031809,138 246 571,A01,1,1,1,1,1997,4,1,0,-1,-1,0,-1,201900031809,3,106,0,NULL,2,2,0,1,0,0,1,NULL,NULL,1,0,1,50
201900031809,4,9,2019,09:30:00,1,92,92026,2,1,1,3,COLOMBES,"48,8985900","2,2566200",201900031809,138 246 572,B01,2,1,0,2,1,1,6,NULL,201900031809,138 246 572,B01,1,1,4,2,1990,1,2,0,-1,-1,0,-1,201900031809,3,106,0,NULL,2,2,0,1,0,0,1,NULL,NULL,1,0,1,50
201900032716,21,5,2019,23:40:00,5,25,25056,2,1,1,1,"ORME DE CHAMARS RUE DE L'","47,2368900","6,0221000",201900032716,138 244 763,A01,1,1,0,2,3,5,5,NULL,201900032716,138 244 763,A01,1,1,4,1,1992,5,2,0,-1,-1," -1",-1,201900032716,4,"ORME DE CHAMARS RUE DE L'",0,NULL,1,1,0,1,0,0,2,NULL,NULL,1,0,1,30
201900032716,21,5,2019,23:40:00,5,25,25056,2,1,1,1,"ORME DE CHAMARS RUE DE L'","47,2368900","6,0221000",201900032716,138 244 763,A01,1,1,0,2,3,5,5,NULL,201900032716,138 244 764,B01,1,1,1,1,1977,5,1,0,-1,-1," -1",-1,201900032716,4,"ORME DE CHAMARS RUE DE L'",0,NULL,1,1,0,1,0,0,2,NULL,NULL,1,0,1,30
201900033018,15,12,2019,16:10:00,1,75,75116,2,1,1,6,"ROUTE DES TRIBUNES","48,8578254","2,2288065",201900033018,138 244 162,A01,2,1,0,1,1,1,5,NULL,201900033018,138 244 162,A01,10,3,4,1,2011,5,0,-1,-1,1,5,1,201900033018,4,"ROUTE DES TRIBUNES",0,NULL,1,1,1,1,0,0,1,NULL,NULL,1,0,5,50
201900033018,15,12,2019,16:10:00,1,75,75116,2,1,1,6,"ROUTE DES TRIBUNES","48,8578254","2,2288065",201900033018,138 244 162,A01,2,1,0,1,1,1,5,NULL,201900033018,138 244 162,A01,1,1,4,1,1977,5,2,8,-1,0,0,-1,201900033018,4,"ROUTE DES TRIBUNES",0,NULL,1,1,1,1,0,0,1,NULL,NULL,1,0,5,50
201900033487,25,6,2019,13:15:00,1,89,89201,2,2,1,3,"Carrefour RD203-RD91","47,9234030","3,6524320",201900033487,138 243 272,B01,1,1,0,2,1,1,5,NULL,201900033487,138 243 271,A01,1,1,1,2,1984,1,1,-1,-1,0,0,-1,201900033487,3,203,NULL,NULL,2,2,0,2,10,500,1,NULL,NULL,1,0,1,50
201900033487,25,6,2019,13:15:00,1,89,89201,2,2,1,3,"Carrefour RD203-RD91","47,9234030","3,6524320",201900033487,138 243 272,B01,1,1,0,2,1,1,5,NULL,201900033487,138 243 271,A01,2,2,1,2,1974,1,1,-1,-1,0,0,-1,201900033487,3,203,NULL,NULL,2,2,0,2,10,500,1,NULL,NULL,1,0,1,50
201900033487,25,6,2019,13:15:00,1,89,89201,2,2,1,3,"Carrefour RD203-RD91","47,9234030","3,6524320",201900033487,138 243 272,B01,1,1,0,2,1,1,5,NULL,201900033487,138 243 272,B01,1,1,3,1,1972,5,2,6,-1,0,0,-1,201900033487,3,203,NULL,NULL,2,2,0,2,10,500,1,NULL,NULL,1,0,1,50
201900035074,23,6,2019,16:10:00,1,95,95371,2,1,1,3,"Rue Serge Laverdure","49,0906769","2,5007503",201900035074,138 240 217,B01,3,1,1,0,8,13,6,NULL,201900035074,138 240 216,A01,10,3,1,1,1975,5,8,-1,-1,0,0,-1,201900035074,4,NULL,0,NULL,2,2,0,2,(1),(1),3,NULL,NULL,1,0,4,50
201900035074,23,6,2019,16:10:00,1,95,95371,2,1,1,3,"Rue Serge Laverdure","49,0906769","2,5007503",201900035074,138 240 217,B01,3,1,1,0,8,13,6,NULL,201900035074,138 240 217,B01,1,1,3,1,1972,5,0,-1,-1,0,0,-1,201900035074,4,NULL,0,NULL,2,2,0,2,(1),(1),3,NULL,NULL,1,0,4,50
201900038256,29,4,2019,10:00:00,1,75,75117,2,2,1,3,"BOULEVARD GOUVION SAINT CYR","48,8807060","2,2852830",201900038256,138 234 146,A01,2,1,0,2,3,18,5,NULL,201900038256,138 234 146,A01,1,1,3,1,1980,1,2,0,-1,0,0,-1,201900038256,4,"BOULEVARD GOUVION SAINT CYR",0,NULL,3,4,0,1,0,0,1,NULL,NULL,1,0,1,50
201900038256,29,4,2019,10:00:00,1,75,75117,2,2,1,3,"BOULEVARD GOUVION SAINT CYR","48,8807060","2,2852830",201900038256,138 234 146,A01,2,1,0,2,3,18,5,NULL,201900038256,138 234 147,B01,1,1,1,1,1964,4,1,0,-1,0,0,-1,201900038256,4,"BOULEVARD GOUVION SAINT CYR",0,NULL,3,4,0,1,0,0,1,NULL,NULL,1,0,1,50
201900038894,1,10,2019,18:36:00,1,37,37261,2,1,2,6,"LECLERC (PLACE DU MARECHAL)","47,3901582","0,6928715",201900038894,138 232 972,A01,3,1,0,2,1,19,0,NULL,201900038894,138 232 971,B01,1,1,1,2,1980,4,1,8,-1,-1," -1",-1,201900038894,4,"LECLERC (PLACE DU MARECHAL)",0,NULL,1,1,3,1,0,0,1,NULL,NULL,2,0,1,30
201900038894,1,10,2019,18:36:00,1,37,37261,2,1,2,6,"LECLERC (PLACE DU MARECHAL)","47,3901582","0,6928715",201900038894,138 232 972,A01,3,1,0,2,1,19,0,NULL,201900038894,138 232 972,A01,1,1,3,1,1953,5,8,0,-1,-1," -1",-1,201900038894,4,"LECLERC (PLACE DU MARECHAL)",0,NULL,1,1,3,1,0,0,1,NULL,NULL,2,0,1,30
201900039222,26,8,2019,13:00:00,1,13,13205,2,1,1,6,"JEAN MOULIN (BOULEVARD)","43,2868600","5,3996000",201900039222,138 232 351,B01,1,1,0,2,3,1,5,NULL,201900039222,138 232 351,B01,1,1,4,2,1992,0,8,0,-1,-1," -1",-1,201900039222,4,"JEAN MOULIN (BOULEVARD)",0,NULL,2,6,0,1,0,0,3,NULL,NULL,1,0,1,50
201900039222,26,8,2019,13:00:00,1,13,13205,2,1,1,6,"JEAN MOULIN (BOULEVARD)","43,2868600","5,3996000",201900039222,138 232 351,B01,1,1,0,2,3,1,5,NULL,201900039222,138 232 352,A01,1,1,1,1,1997,0,1,0,-1,-1," -1",-1,201900039222,4,"JEAN MOULIN (BOULEVARD)",0,NULL,2,6,0,1,0,0,3,NULL,NULL,1,0,1,50
201900039986,10,12,2019,18:30:00,5,94,94068,2,2,1,2,"LOUIS BLANC (AV)","48,7921089","2,4970279",201900039986,138 230 915,B01,2,1,0,2,4,1,5,NULL,201900039986,138 230 915,B01,1,1,4,2,2003,2,2,4,-1,-1," -1",-1,201900039986,3,130,0,NULL,2,2,0,1,0,0,1,NULL,NULL,1,0,1,50
201900039986,10,12,2019,18:30:00,5,94,94068,2,2,1,2,"LOUIS BLANC (AV)","48,7921089","2,4970279",201900039986,138 230 915,B01,2,1,0,2,4,1,5,NULL,201900039986,138 230 916,A01,1,1,1,2,1970,5,1,-1,-1,-1," -1",-1,201900039986,3,130,0,NULL,2,2,0,1,0,0,1,NULL,NULL,1,0,1,50
201900040241,22,6,2019,10:20:00,1,49,49014,1,3,1,6,"La petie bourdigale","47,7162830"," -0,7991040",201900040241,138 230 477,A01,0,1,0,2,0,9,-1,NULL,201900040241,138 230 475,A01,1,1,3,1,2004,3,0,-1,-1,0,0,-1,201900040241,3,180,NULL,NULL,2,2,0,1,12,600,1,NULL,NULL,1,0,1,80
201900040241,22,6,2019,10:20:00,1,49,49014,1,3,1,6,"La petie bourdigale","47,7162830"," -0,7991040",201900040241,138 230 475,A01,2,1,0,2,1,15,5,NULL,201900040241,138 230 475,A01,1,1,3,1,2004,3,0,-1,-1,0,0,-1,201900040241,3,180,NULL,NULL,2,2,0,1,12,600,1,NULL,NULL,1,0,1,80
201900040241,22,6,2019,10:20:00,1,49,49014,1,3,1,6,"La petie bourdigale","47,7162830"," -0,7991040",201900040241,138 230 477,A01,0,1,0,2,0,9,-1,NULL,201900040241,138 230 476,B01,1,1,1,1,1954,5,1,-1,-1,0,0,-1,201900040241,3,180,NULL,NULL,2,2,0,1,12,600,1,NULL,NULL,1,0,1,80
201900040241,22,6,2019,10:20:00,1,49,49014,1,3,1,6,"La petie bourdigale","47,7162830"," -0,7991040",201900040241,138 230 475,A01,2,1,0,2,1,15,5,NULL,201900040241,138 230 476,B01,1,1,1,1,1954,5,1,-1,-1,0,0,-1,201900040241,3,180,NULL,NULL,2,2,0,1,12,600,1,NULL,NULL,1,0,1,80
201900040241,22,6,2019,10:20:00,1,49,49014,1,3,1,6,"La petie bourdigale","47,7162830"," -0,7991040",201900040241,138 230 477,A01,0,1,0,2,0,9,-1,NULL,201900040241,138 230 477,A01,1,1,3,1,2004,-1,0,0,0,-1," -1",-1,201900040241,3,180,NULL,NULL,2,2,0,1,12,600,1,NULL,NULL,1,0,1,80
201900040241,22,6,2019,10:20:00,1,49,49014,1,3,1,6,"La petie bourdigale","47,7162830"," -0,7991040",201900040241,138 230 475,A01,2,1,0,2,1,15,5,NULL,201900040241,138 230 477,A01,1,1,3,1,2004,-1,0,0,0,-1," -1",-1,201900040241,3,180,NULL,NULL,2,2,0,1,12,600,1,NULL,NULL,1,0,1,80
201900041515,18,7,2019,12:05:00,1,14,14118,2,2,8,3,"BAYEUX (RUE DU 143 IMPAIR . 160 PAIR","49,1831500"," -0,3845400",201900041515,138 228 133,B01,2,1,0,0,8,1,5,NULL,201900041515,138 228 132,A01,1,1,1,1,1966,-1,0,-1,-1,0,0,-1,201900041515,4,NULL,NULL,NULL,2,-1,-1,2,(1),(1),1,NULL,NULL,1,0,1,-1
201900041515,18,7,2019,12:05:00,1,14,14118,2,2,8,3,"BAYEUX (RUE DU 143 IMPAIR . 160 PAIR","49,1831500"," -0,3845400",201900041515,138 228 133,B01,2,1,0,0,8,1,5,NULL,201900041515,138 228 133,B01,1,1,4,1,1990,0,0,-1,-1,0,0,-1,201900041515,4,NULL,NULL,NULL,2,-1,-1,2,(1),(1),1,NULL,NULL,1,0,1,-1
201900045286,18,7,2019,09:45:00,1,68,68030,1,9,1,1,"CHEMIN VITICOLE","47,9274630","7,2326480",201900045286,138 220 929,B01,3,1,0,2,1,1,5,NULL,201900045286,138 220 929,B01,1,1,2,1,1939,0,0,-1,-1,0,0,-1,201900045286,4,NULL,NULL,NULL,2,2,0,2,(1),(1),2,NULL,NULL,1,0,1,-1
201900045286,18,7,2019,09:45:00,1,68,68030,1,9,1,1,"CHEMIN VITICOLE","47,9274630","7,2326480",201900045286,138 220 929,B01,3,1,0,2,1,1,5,NULL,201900045286,138 220 930,A01,1,1,1,1,1965,4,1,-1,-1,0,0,-1,201900045286,4,NULL,NULL,NULL,2,2,0,2,(1),(1),2,NULL,NULL,1,0,1,-1
201900046428,27,9,2019,14:20:00,1,69,69387,2,1,1,3,"UNIVERSITE (DE L')                  (R )","45,7514700","4,8380600",201900046428,138 218 728,B01,2,1,0,2,8,1,5,NULL,201900046428,138 218 727,A01,1,1,1,1,1976,4,1,0,-1,-1," -1",-1,201900046428,4,"UNIVERSITE (DE L')                  (R )",0,NULL,1,3,3,1,1,0,1,NULL,NULL,1,0,1,50
201900046428,27,9,2019,14:20:00,1,69,69387,2,1,1,3,"UNIVERSITE (DE L')                  (R )","45,7514700","4,8380600",201900046428,138 218 728,B01,2,1,0,2,8,1,5,NULL,201900046428,138 218 728,B01,1,1,4,1,1986,0,8,0,-1,-1,0,-1,201900046428,4,"UNIVERSITE (DE L')                  (R )",0,NULL,1,3,3,1,1,0,1,NULL,NULL,1,0,1,50
201900047736,23,2,2019,16:25:00,1,75,75111,2,2,1,3,"RUE DE CHARONNE","48,8551220","2,3871390",201900047736,138 216 281,B01,2,1,0,2,3,18,5,NULL,201900047736,138 216 280,A01,1,1,1,1,1986,0,1,0,-1,0,0,-1,201900047736,4,"RUE DE CHARONNE",0,NULL,2,2,0,1,0,0,1,NULL,NULL,1,0,1,30
201900047736,23,2,2019,16:25:00,1,75,75111,2,2,1,3,"RUE DE CHARONNE","48,8551220","2,3871390",201900047736,138 216 281,B01,2,1,0,2,3,18,5,NULL,201900047736,138 216 280,A01,2,2,1,1,1974,0,1,0,-1,0,0,-1,201900047736,4,"RUE DE CHARONNE",0,NULL,2,2,0,1,0,0,1,NULL,NULL,1,0,1,30
201900047736,23,2,2019,16:25:00,1,75,75111,2,2,1,3,"RUE DE CHARONNE","48,8551220","2,3871390",201900047736,138 216 281,B01,2,1,0,2,3,18,5,NULL,201900047736,138 216 281,B01,1,1,4,1,1979,0,2,0,-1,0,0,-1,201900047736,4,"RUE DE CHARONNE",0,NULL,2,2,0,1,0,0,1,NULL,NULL,1,0,1,30
201900048416,20,8,2019,15:09:00,1,87,87085,2,1,1,7,"MADOUMIER (RUE MARCEL)","45,8367500","1,2247200",201900048416,138 215 031,A01,1,1,0,0,0,1,5,NULL,201900048416,138 215 031,A01,1,1,4,1,2004,5,0,0,-1,0,0,-1,201900048416,4,"MADOUMIER (RUE MARCEL)",0,NULL,2,2,0,1,0,0,2,NULL,NULL,1,0,1,50
201900048990,20,5,2019,08:30:00,2,56,56240,1,1,1,2,"Rue de Banastère","47,5193210"," -2,6614450",201900048990,138 213 987,B01,1,1,0,0,4,2,5,NULL,201900048990,138 213 987,B01,1,1,3,1,1953,5,2,-1,-1,0,0,-1,201900048990,3,324,0,NULL,2,2,0,1,1,176,3,NULL,NULL,1,9,1,80
201900048990,20,5,2019,08:30:00,2,56,56240,1,1,1,2,"Rue de Banastère","47,5193210"," -2,6614450",201900048990,138 213 987,B01,1,1,0,0,4,2,5,NULL,201900048990,138 213 988,A01,1,1,1,1,2000,5,1,-1,-1,0,0,-1,201900048990,3,324,0,NULL,2,2,0,1,1,176,3,NULL,NULL,1,9,1,80
201900054321,19,8,2019,17:45:00,1,56,56186,2,1,1,6,"Rue de Saint-Julien","47,4884420"," -3,1189260",201900054321,138 203 911,A01,1,1,0,1,2,1,5,NULL,201900054321,138 203 911,A01,1,1,4,2,1988,5,0,-1,-1,0,0,-1,201900054321,4,"Rue Saint Julien",NULL,NULL,2,2,2,1,(1),(1),3,NULL,NULL,1,0,5,50
201900054321,19,8,2019,17:45:00,1,56,56186,2,1,1,6,"Rue de Saint-Julien","47,4884420"," -3,1189260",201900054321,138 203 911,A01,1,1,0,1,2,1,5,NULL,201900054321,138 203 911,A01,10,3,4,1,1960,5,0,-1,-1,6,2,3,201900054321,4,"Rue Saint Julien",NULL,NULL,2,2,2,1,(1),(1),3,NULL,NULL,1,0,5,50
201900055084,19,6,2019,17:45:00,1,75,75119,2,2,1,3,"AVENUE CORENTIN CARIOU","48,8981780","2,3859910",201900055084,138 202 478,B01,2,1,0,2,1,1,5,NULL,201900055084,138 202 476,A01,1,1,1,1,1998,1,1,5,-1,0,0,-1,201900055084,4,"AVENUE CORENTIN CARIOU",0,NULL,1,4,1,1,1,0,1,NULL,NULL,1,0,5,50
201900055084,19,6,2019,17:45:00,1,75,75119,2,2,1,3,"AVENUE CORENTIN CARIOU","48,8981780","2,3859910",201900055084,138 202 478,B01,2,1,0,2,1,1,5,NULL,201900055084,138 202 476,A01,3,2,1,2,1999,5,8,0,-1,0,0,-1,201900055084,4,"AVENUE CORENTIN CARIOU",0,NULL,1,4,1,1,1,0,1,NULL,NULL,1,0,5,50
201900055084,19,6,2019,17:45:00,1,75,75119,2,2,1,3,"AVENUE CORENTIN CARIOU","48,8981780","2,3859910",201900055084,138 202 478,B01,2,1,0,2,1,1,5,NULL,201900055084,138 202 478,B01,1,1,4,1,1972,1,8,0,-1,0,0,-1,201900055084,4,"AVENUE CORENTIN CARIOU",0,NULL,1,4,1,1,1,0,1,NULL,NULL,1,0,5,50
201900058071,20,9,2019,23:50:00,5,75,75104,2,3,1,2,"BOULEVARD HENRI IV","48,8501027","2,3589169",201900058071,138 197 014,A01,1,1,0,2,5,2,5,NULL,201900058071,138 197 014,A01,1,1,4,1,2001,0,8,2,-1,0,0,-1,201900058071,4,"BOULEVARD HENRI IV",0,NULL,2,4,1,1,0,0,1,NULL,NULL,1,0,5,30
201900058071,20,9,2019,23:50:00,5,75,75104,2,3,1,2,"BOULEVARD HENRI IV","48,8501027","2,3589169",201900058071,138 197 014,A01,1,1,0,2,5,2,5,NULL,201900058071,138 197 015,B01,1,1,1,1,1987,4,1,0,-1,0,0,-1,201900058071,4,"BOULEVARD HENRI IV",0,NULL,2,4,1,1,0,0,1,NULL,NULL,1,0,5,30
201900058589,13,6,2019,10:10:00,1,94,94079,2,1,1,3,"ROBERT SCHUMAN (R)","48,8225900","2,5414100",201900058589,138 196 084,B01,3,1,0,2,1,5,0,NULL,201900058589,138 196 083,A01,1,1,1,1,1992,9,1,8,-1,-1," -1",-1,201900058589,3,235,0,NULL,2,2,0,1,0,0,1,NULL,NULL,1,0,1,50
201900058589,13,6,2019,10:10:00,1,94,94079,2,1,1,3,"ROBERT SCHUMAN (R)","48,8225900","2,5414100",201900058589,138 196 084,B01,3,1,0,2,1,5,0,NULL,201900058589,138 196 084,B01,1,1,4,1,1952,0,2,0,-1,-1," -1",-1,201900058589,3,235,0,NULL,2,2,0,1,0,0,1,NULL,NULL,1,0,1,50
201900009784,16,3,2019,15:20:00,1,58,58057,1,1,1,7,Chaume,"46,7438480","3,1211760",201900009784,138 288 223,A01,3,1,0,0,0,0,5,NULL,201900009784,138 288 223,A01,1,1,2,1,1958,5,2,-1,-1,0,0,-1,201900009784,4,35,0,NULL,2,2,0,1,(1),(1),1,NULL,NULL,1,0,3,90
201900020754,29,1,2019,05:12:00,5,83,83144,2,1,1,2,"BLANC (BD DR EUGENE)","43,1372300","5,9978200",201900020754,138 267 604,B01,1,1,0,0,0,0,0,NULL,201900020754,138 267 603,A01,1,1,1,1,1988,1,1,0,-1,-1,0,-1,201900020754,3,86,0,NULL,2,4,0,2,0,450,1,NULL,NULL,1,0,1,50
201900020754,29,1,2019,05:12:00,5,83,83144,2,1,1,2,"BLANC (BD DR EUGENE)","43,1372300","5,9978200",201900020754,138 267 604,B01,1,1,0,0,0,0,0,NULL,201900020754,138 267 604,B01,1,1,4,1,1994,1,8,0,-1,-1,0,-1,201900020754,3,86,0,NULL,2,4,0,2,0,450,1,NULL,NULL,1,0,1,50
201900024913,27,6,2019,12:19:00,1,1,01053,2,9,1,3,"KENNEDY BVD J  - IMPAIR DE EUROPE A DIME","46,2072300","5,2385300",201900024913,138 259 443,A01,2,1,0,2,1,25,5,NULL,201900024913,138 259 443,A01,1,1,4,2,1963,1,2,0,-1,0,0,-1,201900024913,3,1075,0,NULL,-1,4,0,1,0,190,1,NULL,NULL,1,0,1,5
201900024913,27,6,2019,12:19:00,1,1,01053,2,9,1,3,"KENNEDY BVD J  - IMPAIR DE EUROPE A DIME","46,2072300","5,2385300",201900024913,138 259 443,A01,2,1,0,2,1,25,5,NULL,201900024913,138 259 444,B01,1,1,1,1,1990,1,1,0,-1,0,0,-1,201900024913,3,1075,0,NULL,-1,4,0,1,0,190,1,NULL,NULL,1,0,1,5
201900025690,13,11,2019,18:48:00,5,10,10387,2,1,1,1,"GENERAL LECLERC (RUE DU)","48,3083000","4,0506000",201900025690,138 257 973,B01,2,1,0,2,1,1,5,NULL,201900025690,138 257 973,B01,1,1,4,1,2003,5,8,0,-1,-1," -1",-1,201900025690,4,"GENERAL LECLERC (RUE DU)",0,NULL,2,3,0,1,0,0,1,NULL,NULL,1,0,1,50
201900025690,13,11,2019,18:48:00,5,10,10387,2,1,1,1,"GENERAL LECLERC (RUE DU)","48,3083000","4,0506000",201900025690,138 257 973,B01,2,1,0,2,1,1,5,NULL,201900025690,138 257 974,A01,1,1,1,1,1968,1,1,4,-1,-1," -1",-1,201900025690,4,"GENERAL LECLERC (RUE DU)",0,NULL,2,3,0,1,0,0,1,NULL,NULL,1,0,1,50
201900027472,11,11,2019,14:36:00,1,49,49007,2,1,1,1,FREMUR,"47,4529900"," -0,5654400",201900027472,138 254 638,A01,1,1,0,2,1,0,5,NULL,201900027472,138 254 637,B01,1,1,1,1,1961,0,1,8,-1,-1,0,-1,201900027472,4,FREMUR,0,NULL,2,2,0,1,0,0,1,NULL,NULL,1,0,1,60
201900027472,11,11,2019,14:36:00,1,49,49007,2,1,1,1,FREMUR,"47,4529900"," -0,5654400",201900027472,138 254 638,A01,1,1,0,2,1,0,5,NULL,201900027472,138 254 638,A01,1,1,4,1,1973,0,8,0,-1,-1," -1",-1,201900027472,4,FREMUR,0,NULL,2,2,0,1,0,0,1,NULL,NULL,1,0,1,60
201900030250,24,6,2019,17:25:00,1,65,65440,2,6,1,2,"SAINT FRAI (ROND POINT)","43,2288430","0,0883780",201900030250,138 249 403,A01,1,1,0,2,1,2,5,NULL,201900030250,138 249 403,A01,1,1,3,1,1950,5,2,0,-1,0,0,-1,201900030250,2,21,0,NULL,2,2,0,1,21,72,1,NULL,NULL,1,0,1,30
201900030250,24,6,2019,17:25:00,1,65,65440,2,6,1,2,"SAINT FRAI (ROND POINT)","43,2288430","0,0883780",201900030250,138 249 403,A01,1,1,0,2,1,2,5,NULL,201900030250,138 249 404,B01,1,1,1,1,1990,9,1,8,-1,0,0,-1,201900030250,2,21,0,NULL,2,2,0,1,21,72,1,NULL,NULL,1,0,1,30
201900030859,2,5,2019,18:35:00,1,35,35238,2,3,1,3,"NANTES (DE)","48,1010240"," -1,6851510",201900030859,138 248 317,B01,2,1,0,2,4,1,5,NULL,201900030859,138 248 316,A01,1,1,1,1,1972,1,1,0,-1,-1,0,-1,201900030859,4,"NANTES (DE)",0,NULL,3,3,1,2,0,0,1,NULL,NULL,1,0,1,50
201900030859,2,5,2019,18:35:00,1,35,35238,2,3,1,3,"NANTES (DE)","48,1010240"," -1,6851510",201900030859,138 248 317,B01,2,1,0,2,4,1,5,NULL,201900030859,138 248 317,B01,10,3,4,2,1981,1,8,0,-1,0,0,-1,201900030859,4,"NANTES (DE)",0,NULL,3,3,1,2,0,0,1,NULL,NULL,1,0,1,50
201900033468,22,6,2019,15:45:00,1,92,92025,2,1,1,1,"CHARLES DE GAULLE (BD)","48,9138196","2,2300241",201900033468,138 243 305,B01,2,1,0,2,2,1,5,NULL,201900033468,138 243 305,B01,1,1,4,1,1990,0,2,0,-1,-1,0,-1,201900033468,3,992,0,NULL,2,3,1,1,0,0,1,NULL,NULL,1,0,1,50
201900033807,31,8,2019,17:30:00,1,76,76351,2,2,1,3,"MARYSE BASTIE","49,5242800","0,0968600",201900033807,138 242 669,A01,0,1,0,2,1,19,5,NULL,201900033807,138 242 668,B01,1,1,1,2,1964,9,1,8,-1,-1,0,-1,201900033807,3,52,0,NULL,2,2,0,1,0,485,1,NULL,NULL,1,0,1,50
201900033807,31,8,2019,17:30:00,1,76,76351,2,2,1,3,"MARYSE BASTIE","49,5242800","0,0968600",201900033807,138 242 669,A01,0,1,0,2,1,19,5,NULL,201900033807,138 242 669,A01,1,1,4,1,2007,5,2,0,-1,0,0,-1,201900033807,3,52,0,NULL,2,2,0,1,0,485,1,NULL,NULL,1,0,1,50
201900037442,1,3,2019,09:55:00,1,56,56098,2,6,1,3,"ARAGO (RUE  DOMINIQUE )","47,7833500"," -3,3382600",201900037442,138 235 621,A01,2,1,0,2,1,9,5,NULL,201900037442,138 235 621,A01,1,1,4,1,1961,1,8,0,-1,0,0,-1,201900037442,3,326,0,NULL,2,2,0,1,4,490,1,NULL,NULL,1,5,1,50
201900037442,1,3,2019,09:55:00,1,56,56098,2,6,1,3,"ARAGO (RUE  DOMINIQUE )","47,7833500"," -3,3382600",201900037442,138 235 621,A01,2,1,0,2,1,9,5,NULL,201900037442,138 235 622,B01,1,1,1,2,1975,4,1,8,-1,0,0,-1,201900037442,3,326,0,NULL,2,2,0,1,4,490,1,NULL,NULL,1,5,1,50
201900040163,28,5,2019,10:20:00,1,75,75103,2,3,1,3,"RUE DU PERCHE","48,8608180","2,3613400",201900040163,138 230 606,B01,2,1,0,2,1,5,5,NULL,201900040163,138 230 605,A01,1,1,1,1,1981,4,1,0,-1,0,0,-1,201900040163,4,"RUE DU PERCHE",0,NULL,1,1,0,1,0,0,1,NULL,NULL,1,0,1,50
201900040163,28,5,2019,10:20:00,1,75,75103,2,3,1,3,"RUE DU PERCHE","48,8608180","2,3613400",201900040163,138 230 606,B01,2,1,0,2,1,5,5,NULL,201900040163,138 230 606,B01,1,1,4,1,1991,1,8,0,-1,0,0,-1,201900040163,4,"RUE DU PERCHE",0,NULL,1,1,0,1,0,0,1,NULL,NULL,1,0,1,50
201900041579,19,7,2019,08:40:00,1,75,75117,2,2,1,3,"BOULEVARD BERTHIER","48,8901150","2,3037800",201900041579,138 228 014,B01,1,1,0,2,8,13,5,NULL,201900041579,138 228 014,B01,1,1,4,2,1993,1,8,0,-1,0,0,-1,201900041579,4,"BOULEVARD BERTHIER",0,NULL,2,1,0,1,0,0,1,NULL,NULL,1,0,1,50
201900041579,19,7,2019,08:40:00,1,75,75117,2,2,1,3,"BOULEVARD BERTHIER","48,8901150","2,3037800",201900041579,138 228 014,B01,1,1,0,2,8,13,5,NULL,201900041579,138 228 015,A01,1,1,1,1,1983,1,2,6,-1,0,0,-1,201900041579,4,"BOULEVARD BERTHIER",0,NULL,2,1,0,1,0,0,1,NULL,NULL,1,0,1,50
201900044902,29,8,2019,13:00:00,1,33,33519,2,1,7,3,"Chemin de Sabaton","44,9054400"," -0,6863200",201900044902,138 221 691,B01,3,1,0,2,1,9,5,NULL,201900044902,138 221 691,B01,1,1,3,1,2012,5,0,-1,-1,0,0,-1,201900044902,4,NULL,0,NULL,2,2,0,1,(1),(1),1,NULL,NULL,1,0,1,30