Num_Acc,jour,mois,an,hrmn,lum,dep,com,agg,int,atm,col,adr,lat,long,Num_Acc,id_vehicule,num_veh,senc,catv,obs,obsm,choc,manv,motor,occutc,Num_Acc,id_vehicule,num_veh,place,catu,grav,sexe,an_nais,trajet,secu1,secu2,secu3,locp,actp,etatp,Num_Acc,catr,voie,v1,v2,circ,nbv,vosp,prof,pr,pr1,plan,lartpc,larrout,surf,infra,situ,vma
201900044902,29,8,2019,13:00:00,1,33,33519,2,1,7,3,"Chemin de Sabaton","44,9054400"," -0,6863200",201900044902,138 221 691,B01,3,1,0,2,1,9,5,NULL,201900044902,138 221 692,A01,1,1,1,1,1998,5,1,-1,-1,0,0,-1,201900044902,4,NULL,0,NULL,2,2,0,1,(1),(1),1,NULL,NULL,1,0,1,30
201900044910,25,8,2019,19:30:00,1,22,22201,1,3,1,7,"LA THEBAUDAIS","48,6589170"," -2,3263820",201900044910,138 221 678,A01,1,1,0,0,0,0,5,NULL,201900044910,138 221 678,A01,1,1,3,1,2007,5,2,-1,-1,0,0,-1,201900044910,3,34,0,NULL,2,2,0,1,16,0,1,NULL,NULL,1,0,3,80
201900046636,25,8,2019,06:29:00,2,75,75108,2,7,1,3,"PLACE DE LA CONCORDE","48,8665992","2,3220152",201900046636,138 218 310,A01,2,1,0,2,1,1,5,NULL,201900046636,138 218 309,B01,1,1,1,1,1962,4,1,0,-1,0,0,-1,201900046636,4,"PLACE DE LA CONCORDE",0,NULL,1,6,0,1,0,0,1,NULL,NULL,1,0,1,50
201900046636,25,8,2019,06:29:00,2,75,75108,2,7,1,3,"PLACE DE LA CONCORDE","48,8665992","2,3220152",201900046636,138 218 310,A01,2,1,0,2,1,1,5,NULL,201900046636,138 218 310,A01,1,1,4,2,1994,5,2,0,-1,0,0,-1,201900046636,4,"PLACE DE LA CONCORDE",0,NULL,1,6,0,1,0,0,1,NULL,NULL,1,0,1,50
201900048323,17,9,2019,18:15:00,1,33,33281,2,1,1,2,"AVE DE LA MARNE","44,8362800"," -0,6232100",201900048323,138 215 205,A01,2,1,14,0,1,1,5,NULL,201900048323,138 215 204,B01,1,1,1,2,1976,5,8,0,-1,-1," -1",-1,201900048323,4,"AVE DE LA MARNE",0,NULL,2,2,0,1,0,0,1,NULL,NULL,1,0,1,50
201900048323,17,9,2019,18:15:00,1,33,33281,2,1,1,2,"AVE DE LA MARNE","44,8362800"," -0,6232100",201900048323,138 215 205,A01,2,1,14,0,1,1,5,NULL,201900048323,138 215 205,A01,1,1,3,1,2004,0,8,0,-1,-1," -1",-1,201900048323,4,"AVE DE LA MARNE",0,NULL,2,2,0,1,0,0,1,NULL,NULL,1,0,1,50
201900050216,22,8,2019,13:50:00,1,94,94073,2,2,1,6,"REPUBLIQUE (AV DE LA)","48,7665100","2,3934200",201900050216,138 211 704,B01,0,1,0,2,8,15,0,NULL,201900050216,138 211 704,B01,1,1,3,1,1990,1,2,0,-1,0,0,-1,201900050216,4,"REPUBLIQUE (AV DE LA)",0,NULL,2,2,0,1,0,0,1,NULL,NULL,1,0,3,50
201900052839,31,5,2019,19:00:00,1,14,14026,2,3,1,3,"Rue du Moutier","49,2107860"," -0,5933060",201900052839,138 206 682,B01,3,1,0,2,3,15,5,NULL,201900052839,138 206 681,A01,1,1,1,2,1971,5,1,-1,-1,0,0,-1,201900052839,3,62,NULL,NULL,2,2,0,1,4,770,1,NULL,NULL,1,0,1,50
201900052839,31,5,2019,19:00:00,1,14,14026,2,3,1,3,"Rue du Moutier","49,2107860"," -0,5933060",201900052839,138 206 682,B01,3,1,0,2,3,15,5,NULL,201900052839,138 206 682,B01,1,1,4,2,2002,5,0,-1,-1,0,0,-1,201900052839,3,62,NULL,NULL,2,2,0,1,4,770,1,NULL,NULL,1,0,1,50
201900056442,15,2,2019,17:40:00,1,47,47323,1,3,7,3,BERNOU,"44,4148000","0,7617900",201900056442,138 200 013,B01,3,1,0,2,7,1,5,NULL,201900056442,138 200 011,A01,1,1,1,2,1979,2,1,0,-1,0,0,-1,201900056442,4,"route de falgueyras",0,NULL,2,2,0,1,(1),(1),1,NULL,NULL,1,0,1,70
201900056442,15,2,2019,17:40:00,1,47,47323,1,3,7,3,BERNOU,"44,4148000","0,7617900",201900056442,138 200 013,B01,3,1,0,2,7,1,5,NULL,201900056442,138 200 013,B01,1,1,3,1,1971,5,2,0,-1,0,0,-1,201900056442,4,"route de falgueyras",0,NULL,2,2,0,1,(1),(1),1,NULL,NULL,1,0,1,70
201900056980,17,6,2019,13:25:00,1,75,75102,2,2,1,3,"RUE DU QUATRE SEPTEMBRE","48,8695420","2,3367880",201900056980,138 199 019,B01,2,1,0,2,1,1,5,NULL,201900056980,138 199 019,B01,1,1,4,1,1991,4,8,0,-1,0,0,-1,201900056980,4,"RUE DU QUATRE SEPTEMBRE",0,NULL,1,3,3,1,0,0,1,NULL,NULL,1,0,6,50
201900056980,17,6,2019,13:25:00,1,75,75102,2,2,1,3,"RUE DU QUATRE SEPTEMBRE","48,8695420","2,3367880",201900056980,138 199 019,B01,2,1,0,2,1,1,5,NULL,201900056980,138 199 020,A01,1,1,1,1,1968,4,8,0,-1,0,0,-1,201900056980,4,"RUE DU QUATRE SEPTEMBRE",0,NULL,1,3,3,1,0,0,1,NULL,NULL,1,0,6,50
201900058046,26,3,2019,08:30:00,1,37,37214,2,1,1,3,"GROSSE BORNE (RUE DE LA)","47,4215934","0,6521021",201900058046,138 197 059,B01,2,1,0,2,8,9,5,NULL,201900058046,138 197 059,B01,1,1,4,1,2008,2,8,0,-1,-1,0,-1,201900058046,4,"GROSSE BORNE (RUE DE LA)",0,NULL,2,2,0,1,0,0,1,NULL,NULL,1,0,1,50
201900058046,26,3,2019,08:30:00,1,37,37214,2,1,1,3,"GROSSE BORNE (RUE DE LA)","47,4215934","0,6521021",201900058046,138 197 059,B01,2,1,0,2,8,9,5,NULL,201900058046,138 197 060,A01,1,1,1,2,1981,5,1,0,-1,-1,0,-1,201900058046,4,"GROSSE BORNE (RUE DE LA)",0,NULL,2,2,0,1,0,0,1,NULL,NULL,1,0,1,50
201900058076,7,5,2019,14:30:00,1,26,26037,1,1,1,3,"Route Départementale 538A","44,8473940","4,9604040",201900058076,138 197 008,B01,2,1,0,2,0,19,5,NULL,201900058076,138 197 008,B01,1,1,4,1,1999,5,0,-1,-1,0,0,-1,201900058076,3,538,NULL,A,2,2,1,1,5,626,1,NULL,NULL,1,0,1,80
201900058076,7,5,2019,14:30:00,1,26,26037,1,1,1,3,"Route Départementale 538A","44,8473940","4,9604040",201900058076,138 197 008,B01,2,1,0,2,0,19,5,NULL,201900058076,138 197 010,A01,1,1,4,1,1951,9,1,-1,-1,0,0,-1,201900058076,3,538,NULL,A,2,2,1,1,5,626,1,NULL,NULL,1,0,1,80
201900011433,14,9,2019,16:40:00,1,75,75113,2,3,1,2,"BOULEVARD KELLERMANN","48,8206610","2,3494500",201900011433,138 285 234,A01,1,1,0,2,1,1,5,NULL,201900011433,138 285 234,A01,1,1,4,1,1984,1,2,8,-1,0,0,-1,201900011433,4,"BOULEVARD KELLERMANN",0,NULL,2,4,0,2,0,0,1,NULL,NULL,1,0,1,50
201900011433,14,9,2019,16:40:00,1,75,75113,2,3,1,2,"BOULEVARD KELLERMANN","48,8206610","2,3494500",201900011433,138 285 234,A01,1,1,0,2,1,1,5,NULL,201900011433,138 285 235,B01,1,1,1,1,1954,5,1,0,-1,0,0,-1,201900011433,4,"BOULEVARD KELLERMANN",0,NULL,2,4,0,2,0,0,1,NULL,NULL,1,0,1,50
201900013286,13,9,2019,15:20:00,1,35,35238,2,1,1,3,"LE GUILLOUX (HENRI)","48,1165900"," -1,6965200",201900013286,138 281 737,B01,2,1,1,0,1,21,6,NULL,201900013286,138 281 737,B01,1,1,4,1,1993,0,2,0,-1,-1," -1",-1,201900013286,4,"LE GUILLOUX (HENRI)",0,NULL,2,2,0,1,0,0,1,NULL,NULL,1,0,1,50
201900013286,13,9,2019,15:20:00,1,35,35238,2,1,1,3,"LE GUILLOUX (HENRI)","48,1165900"," -1,6965200",201900013286,138 281 737,B01,2,1,1,0,1,21,6,NULL,201900013286,138 281 738,A01,1,1,1,1,1946,0,8,0,-1,-1," -1",-1,201900013286,4,"LE GUILLOUX (HENRI)",0,NULL,2,2,0,1,0,0,1,NULL,NULL,1,0,1,50
201900015279,9,9,2019,16:00:00,1,89,89387,2,3,1,5,"INDUSTRIE (RUE DE L')","48,2085273","3,2685711",201900015279,138 277 903,C01,3,1,0,2,1,23,5,NULL,201900015279,138 277 903,C01,1,1,4,1,1982,1,8,0,-1,-1," -1",-1,201900015279,4,"INDUSTRIE (RUE DE L')",0,NULL,2,2,0,2,(1),(1),2,NULL,NULL,1,0,1,50
201900015279,9,9,2019,16:00:00,1,89,89387,2,3,1,5,"INDUSTRIE (RUE DE L')","48,2085273","3,2685711",201900015279,138 277 903,C01,3,1,0,2,1,23,5,NULL,201900015279,138 277 904,A01,1,1,1,1,1931,9,1,0,-1,-1," -1",-1,201900015279,4,"INDUSTRIE (RUE DE L')",0,NULL,2,2,0,2,(1),(1),2,NULL,NULL,1,0,1,50
201900015279,9,9,2019,16:00:00,1,89,89387,2,3,1,5,"INDUSTRIE (RUE DE L')","48,2085273","3,2685711",201900015279,138 277 903,C01,3,1,0,2,1,23,5,NULL,201900015279,138 277 905,B01,1,1,1,2,1992,9,1,0,-1,-1," -1",-1,201900015279,4,"INDUSTRIE (RUE DE L')",0,NULL,2,2,0,2,(1),(1),2,NULL,NULL,1,0,1,50
201900016461,19,11,2019,10:05:00,1,33,33529,2,1,1,2,"13 R. DU PORT","44,6338800"," -1,1446600",201900016461,138 275 686,B01,2,1,0,2,4,1,5,NULL,201900016461,138 275 686,B01,1,1,4,2,1968,4,2,8,-1,-1," -1",-1,201900016461,4,"PORT (RUE DU)",0,NULL,2,2,0,1,0,0,1,NULL,NULL,1,0,1,50
201900016461,19,11,2019,10:05:00,1,33,33529,2,1,1,2,"13 R. DU PORT","44,6338800"," -1,1446600",201900016461,138 275 686,B01,2,1,0,2,4,1,5,NULL,201900016461,138 275 687,A01,1,1,4,2,1967,9,1,0,-1,-1," -1",-1,201900016461,4,"PORT (RUE DU)",0,NULL,2,2,0,1,0,0,1,NULL,NULL,1,0,1,50
201900017035,24,1,2019,13:40:00,1,33,33039,2,2,1,3,"RUE CALIXTE CAMELLE","44,8087900"," -0,5422600",201900017035,138 274 572,A01,1,1,15,2,1,19,0,NULL,201900017035,138 274 571,B01,1,1,1,2,1953,0,1,0,-1,-1," -1",-1,201900017035,4,"RUE CALIXTE CAMELLE",0,NULL,2,4,2,1,0,0,1,NULL,NULL,1,0,8,30
201900017035,24,1,2019,13:40:00,1,33,33039,2,2,1,3,"RUE CALIXTE CAMELLE","44,8087900"," -0,5422600",201900017035,138 274 572,A01,1,1,15,2,1,19,0,NULL,201900017035,138 274 572,A01,1,1,4,1,1977,0,8,0,-1,-1," -1",-1,201900017035,4,"RUE CALIXTE CAMELLE",0,NULL,2,4,2,1,0,0,1,NULL,NULL,1,0,8,30
201900019125,7,9,2019,02:40:00,5,56,56121,2,3,1,3,"CHAZELLES ( COURS LOUIS  DE )","47,7558800"," -3,3638700",201900019125,138 270 691,B01,2,1,0,2,8,1,5,NULL,201900019125,138 270 691,B01,1,1,3,1,1963,5,2,0,-1,0,0,-1,201900019125,4,"CHAZELLES ( COURS LOUIS  DE )",0,NULL,2,5,2,1,(1),(1),1,NULL,NULL,1,0,1,50
201900019125,7,9,2019,02:40:00,5,56,56121,2,3,1,3,"CHAZELLES ( COURS LOUIS  DE )","47,7558800"," -3,3638700",201900019125,138 270 691,B01,2,1,0,2,8,1,5,NULL,201900019125,138 270 692,A01,1,1,1,1,1991,5,1,8,-1,0,0,-1,201900019125,4,"CHAZELLES ( COURS LOUIS  DE )",0,NULL,2,5,2,1,(1),(1),1,NULL,NULL,1,0,1,50
201900020902,10,10,2019,21:00:00,5,75,75115,2,4,1,3,"RUE DE LA CONVENTION","48,8390700","2,2923560",201900020902,138 267 337,A01,2,1,0,2,1,15,5,NULL,201900020902,138 267 337,A01,1,1,4,1,1997,4,8,2,-1,0,0,-1,201900020902,4,"RUE DE LA CONVENTION",0,NULL,2,2,0,1,0,0,1,NULL,NULL,1,0,1,50
201900020902,10,10,2019,21:00:00,5,75,75115,2,4,1,3,"RUE DE LA CONVENTION","48,8390700","2,2923560",201900020902,138 267 337,A01,2,1,0,2,1,15,5,NULL,201900020902,138 267 338,B01,1,1,1,1,1956,0,2,6,-1,0,0,-1,201900020902,4,"RUE DE LA CONVENTION",0,NULL,2,2,0,1,0,0,1,NULL,NULL,1,0,1,50
201900021538,2,8,2019,19:40:00,1,72,72039,2,1,1,3,"Les aigues losses","48,1777640","0,4245200",201900021538,138 266 110,A01,3,1,0,2,8,15,0,NULL,201900021538,138 266 109,B01,1,1,1,1,1990,5,1,-1,-1,0,0,-1,201900021538,9,NULL,NULL,NULL,2,2,0,1,(1),(1),1,NULL,NULL,1,0,1,50
201900021538,2,8,2019,19:40:00,1,72,72039,2,1,1,3,"Les aigues losses","48,1777640","0,4245200",201900021538,138 266 110,A01,3,1,0,2,8,15,0,NULL,201900021538,138 266 110,A01,1,1,4,1,1959,5,0,-1,-1,0,0,-1,201900021538,9,NULL,NULL,NULL,2,2,0,1,(1),(1),1,NULL,NULL,1,0,1,50
201900022733,10,10,2019,15:25:00,1,93,93057,2,1,1,6,"FRANKLIN (AV.) 104 A FIN","48,9026900","2,5080700",201900022733,138 263 820,B01,1,1,0,0,0,2,5,NULL,201900022733,138 263 820,B01,1,1,4,2,1967,0,8,0,-1,-1," -1",-1,201900022733,4,"FRANKLIN (AV.) 104 A FIN",0,NULL,1,2,0,1,0,0,1,NULL,NULL,1,9,1,50
201900023266,22,6,2019,18:45:00,1,41,41295,2,3,1,3,"Rue des Paradis","47,5829600","1,3794400",201900023266,138 262 754,A01,1,1,0,2,1,9,5,NULL,201900023266,138 262 754,A01,1,1,4,1,1999,5,8,0,-1,0," -1",-1,201900023266,4,"Rue des Paradis",0,NULL,2,2,0,1,0,0,1,NULL,NULL,1,0,1,50
201900023266,22,6,2019,18:45:00,1,41,41295,2,3,1,3,"Rue des Paradis","47,5829600","1,3794400",201900023266,138 262 754,A01,1,1,0,2,1,9,5,NULL,201900023266,138 262 755,B01,1,1,4,1,2004,1,1,0,-1,0," -1",-1,201900023266,4,"Rue des Paradis",0,NULL,2,2,0,1,0,0,1,NULL,NULL,1,0,1,50
201900028186,4,9,2019,09:00:00,1,38,38422,2,1,1,2,"551 Route de Chamrousse","45,1535100","5,8411010",201900028186,138 253 335,B01,2,1,0,0,4,0,5,NULL,201900028186,138 253 335,B01,1,1,4,1,1975,5,2,-1,-1,0,0,-1,201900028186,3,11,0,K,2,2,0,2,(1),(1),1,NULL,NULL,1,0,1,50
201900028186,4,9,2019,09:00:00,1,38,38422,2,1,1,2,"551 Route de Chamrousse","45,1535100","5,8411010",201900028186,138 253 335,B01,2,1,0,0,4,0,5,NULL,201900028186,138 253 336,A01,1,1,1,1,1926,5,1,-1,-1,0,0,-1,201900028186,3,11,0,K,2,2,0,2,(1),(1),1,NULL,NULL,1,0,1,50
201900031842,25,6,2019,15:50:00,1,92,92040,2,1,1,3,"VICTOR CRESSON (AVENUE) DU 01 AU 27","48,8232300","2,2702000",201900031842,138 246 507,B01,1,1,0,2,3,13,0,NULL,201900031842,138 246 507,B01,2,1,4,1,2007,5,8,0,-1,-1,0,-1,201900031842,3,989,0,NULL,1,2,0,1,0,0,1,NULL,NULL,1,0,1,50
201900031842,25,6,2019,15:50:00,1,92,92040,2,1,1,3,"VICTOR CRESSON (AVENUE) DU 01 AU 27","48,8232300","2,2702000",201900031842,138 246 507,B01,1,1,0,2,3,13,0,NULL,201900031842,138 246 508,A01,1,1,1,1,1978,4,1,0,-1,-1,0,-1,201900031842,3,989,0,NULL,1,2,0,1,0,0,1,NULL,NULL,1,0,1,50
201900032557,26,7,2019,18:20:00,1,69,69153,2,3,1,3,"Route d'Ampère","45,8523992","4,7960784",201900032557,138 245 119,A01,1,1,0,2,1,17,6,NULL,201900032557,138 245 119,A01,1,1,4,1,1987,5,2,-1,-1,0,0,-1,201900032557,3,73,NULL,NULL,2,2,0,2,(1),(1),1,NULL,NULL,1,0,1,-1
201900032557,26,7,2019,18:20:00,1,69,69153,2,3,1,3,"Route d'Ampère","45,8523992","4,7960784",201900032557,138 245 119,A01,1,1,0,2,1,17,6,NULL,201900032557,138 245 120,B01,1,1,1,2,1970,1,1,-1,-1,0,0,-1,201900032557,3,73,NULL,NULL,2,2,0,2,(1),(1),1,NULL,NULL,1,0,1,-1
201900033183,14,12,2019,09:10:00,1,56,56260,2,3,1,3,"MARTIN(RUE JEAN)","47,6542000"," -2,7489700",201900033183,138 243 857,B01,3,1,0,2,1,19,5,NULL,201900033183,138 243 856,A01,1,1,1,1,1946,3,1,0,-1,-1,0,-1,201900033183,4,"MARTIN(RUE JEAN)",0,NULL,2,2,1,2,0,0,1,NULL,NULL,2,0,1,50
201900033183,14,12,2019,09:10:00,1,56,56260,2,3,1,3,"MARTIN(RUE JEAN)","47,6542000"," -2,7489700",201900033183,138 243 857,B01,3,1,0,2,1,19,5,NULL,201900033183,138 243 857,B01,1,1,4,1,1943,3,8,0,-1,-1,0,-1,201900033183,4,"MARTIN(RUE JEAN)",0,NULL,2,2,1,2,0,0,1,NULL,NULL,2,0,1,50
201900033318,4,10,2019,17:04:00,1,10,10362,2,1,1,3,"ERIC TABARLY (RUE)","48,2960000","4,0394100",201900033318,138 243 594,B01,3,1,0,2,1,1,5,NULL,201900033318,138 243 594,B01,1,1,4,1,1994,0,8,0,-1,-1," -1",-1,201900033318,7,"ERIC TABARLY (RUE)",0,NULL,-1,1,0,1,0,0,3,NULL,NULL,1,0,1,50
201900033318,4,10,2019,17:04:00,1,10,10362,2,1,1,3,"ERIC TABARLY (RUE)","48,2960000","4,0394100",201900033318,138 243 594,B01,3,1,0,2,1,1,5,NULL,201900033318,138 243 595,A01,3,2,1,2,2015,0,1,8,-1,-1," -1",-1,201900033318,7,"ERIC TABARLY (RUE)",0,NULL,-1,1,0,1,0,0,3,NULL,NULL,1,0,1,50
201900033318,4,10,2019,17:04:00,1,10,10362,2,1,1,3,"ERIC TABARLY (RUE)","48,2960000","4,0394100",201900033318,138 243 594,B01,3,1,0,2,1,1,5,NULL,201900033318,138 243 595,A01,1,1,1,2,1978,0,1,8,-1,-1," -1",-1,201900033318,7,"ERIC TABARLY (RUE)",0,NULL,-1,1,0,1,0,0,3,NULL,NULL,1,0,1,50
201900035600,1,9,2019,12:00:00,1,77,77270,1,2,1,3,"D228 X 10 B Rue de la Borde","48,8685220","2,9951390",201900035600,138 239 180,B01,3,1,0,2,3,19,5,NULL,201900035600,138 239 179,A01,1,1,1,2,1982,0,1,-1,-1,0,0,-1,201900035600,3,228,NULL,NULL,2,2,0,1,13,39,1,NULL,NULL,1,0,1,80
201900035600,1,9,2019,12:00:00,1,77,77270,1,2,1,3,"D228 X 10 B Rue de la Borde","48,8685220","2,9951390",201900035600,138 239 180,B01,3,1,0,2,3,19,5,NULL,201900035600,138 239 180,B01,1,1,3,1,1969,5,2,-1,-1,0,0,-1,201900035600,3,228,NULL,NULL,2,2,0,1,13,39,1,NULL,NULL,1,0,1,80
201900036395,3,5,2019,14:05:00,1,7,07102,2,1,1,7,"MONTGOLFIER (RUE)","44,9347000","4,8737400",201900036395,138 237 690,A01,3,1,0,0,0,0,5,NULL,201900036395,138 237 690,A01,1,1,3,2,1939,3,8,0,-1,-1," -1",-1,201900036395,4,"MONTGOLFIER (RUE)",0,NULL,2,2,2,1,0,0,1,NULL,NULL,1,0,1,50
201900036440,6,5,2019,11:05:00,1,6,06069,2,1,1,2,"PEGOMAS (ROUTE DE)","43,6415470","6,9369800",201900036440,138 237 608,B01,2,1,0,2,4,1,5,NULL,201900036440,138 237 608,B01,1,1,4,1,1938,5,2,8,-1,0,0,-1,201900036440,3,9,0,NULL,2,3,0,2,0,0,1,NULL,NULL,1,3,1,50
201900036440,6,5,2019,11:05:00,1,6,06069,2,1,1,2,"PEGOMAS (ROUTE DE)","43,6415470","6,9369800",201900036440,138 237 608,B01,2,1,0,2,4,1,5,NULL,201900036440,138 237 609,A01,1,1,1,1,1967,0,1,0,-1,-1," -1",-1,201900036440,3,9,0,NULL,2,3,0,2,0,0,1,NULL,NULL,1,3,1,50
201900037699,7,4,2019,10:00:00,1,49,49307,2,1,1,3,"Grande Rue (Brain-sur-l'Authion)","47,4460890"," -0,4108620",201900037699,138 235 145,B01,1,1,1,0,2,22,5,NULL,201900037699,138 235 144,A01,1,1,1,1,1951,5,8,-1,-1,0,0,-1,201900037699,3,113,NULL,NULL,2,2,0,1,(1),(1),1,NULL,NULL,1,0,1,50
201900037699,7,4,2019,10:00:00,1,49,49307,2,1,1,3,"Grande Rue (Brain-sur-l'Authion)","47,4460890"," -0,4108620",201900037699,138 235 145,B01,1,1,1,0,2,22,5,NULL,201900037699,138 235 145,B01,1,1,3,1,1959,5,0,-1,-1,0,0,-1,201900037699,3,113,NULL,NULL,2,2,0,1,(1),(1),1,NULL,NULL,1,0,1,50
201900038707,1,11,2019,13:10:00,1,75,75119,2,1,8,3,"BOULEVARD DE LA VILLETTE","48,8797822","2,3704239",201900038707,138 233 335,B01,1,1,0,2,1,1,5,NULL,201900038707,138 233 335,B01,1,1,4,1,1990,0,8,2,-1,0,0,-1,201900038707,4,"BOULEVARD DE LA VILLETTE",0,NULL,3,2,1,2,150,0,1,NULL,NULL,2,0,5,50
201900038707,1,11,2019,13:10:00,1,75,75119,2,1,8,3,"BOULEVARD DE LA VILLETTE","48,8797822","2,3704239",201900038707,138 233 335,B01,1,1,0,2,1,1,5,NULL,201900038707,138 233 336,A01,1,1,1,1,1988,5,1,-1,-1,0,0,-1,201900038707,4,"BOULEVARD DE LA VILLETTE",0,NULL,3,2,1,2,150,0,1,NULL,NULL,2,0,5,50
201900038898,30,9,2019,12:45:00,1,35,35238,2,1,1,5,"FOUGERES (RUE DE)","48,1197000"," -1,6664300",201900038898,138 232 962,C01,1,1,0,2,4,13,5,NULL,201900038898,138 232 962,C01,1,1,4,2,1998,0,8,0,-1,-1," -1",-1,201900038898,4,"FOUGERES (RUE DE)",0,NULL,2,0,0,1,0,0,1,NULL,NULL,1,0,1,50
201900038898,30,9,2019,12:45:00,1,35,35238,2,1,1,5,"FOUGERES (RUE DE)","48,1197000"," -1,6664300",201900038898,138 232 962,C01,1,1,0,2,4,13,5,NULL,201900038898,138 232 963,A01,1,1,1,1,1946,3,8,0,-1,-1," -1",-1,201900038898,4,"FOUGERES (RUE DE)",0,NULL,2,0,0,1,0,0,1,NULL,NULL,1,0,1,50
201900038898,30,9,2019,12:45:00,1,35,35238,2,1,1,5,"FOUGERES (RUE DE)","48,1197000"," -1,6664300",201900038898,138 232 962,C01,1,1,0,2,4,13,5,NULL,201900038898,138 232 964,B01,1,1,1,1,1998,5,1,0,-1,-1," -1",-1,201900038898,4,"FOUGERES (RUE DE)",0,NULL,2,0,0,1,0,0,1,NULL,NULL,1,0,1,50
201900039233,31,8,2019,10:10:00,1,10,10343,2,6,1,3,"SAPINS (AVENUE)","48,2756000","4,0890000",201900039233,138 232 333,B01,2,1,0,2,1,15,5,NULL,201900039233,138 232 332,A01,1,1,1,1,2003,5,1,4,-1,-1," -1",-1,201900039233,4,"SAPINS (AVENUE)",0,NULL,1,1,0,1,0,0,3,NULL,NULL,1,0,1,50
201900039233,31,8,2019,10:10:00,1,10,10343,2,6,1,3,"SAPINS (AVENUE)","48,2756000","4,0890000",201900039233,138 232 333,B01,2,1,0,2,1,15,5,NULL,201900039233,138 232 333,B01,1,1,4,1,1970,0,8,0,-1,0,0,-1,201900039233,4,"SAPINS (AVENUE)",0,NULL,1,1,0,1,0,0,3,NULL,NULL,1,0,1,50
201900040739,15,1,2019,18:50:00,5,75,75117,2,1,1,3,"RUE GUY MOQUET","48,8923300","2,3242930",201900040739,138 229 545,B01,1,1,0,2,1,1,5,NULL,201900040739,138 229 544,A01,1,1,1,1,1971,9,1,0,-1,0,0,-1,201900040739,4,"RUE GUY MOQUET",0,NULL,2,3,0,1,0,0,1,NULL,NULL,1,0,1,50
201900040739,15,1,2019,18:50:00,5,75,75117,2,1,1,3,"RUE GUY MOQUET","48,8923300","2,3242930",201900040739,138 229 545,B01,1,1,0,2,1,1,5,NULL,201900040739,138 229 545,B01,1,1,4,1,2004,5,2,0,-1,0,0,-1,201900040739,4,"RUE GUY MOQUET",0,NULL,2,3,0,1,0,0,1,NULL,NULL,1,0,1,50
201900040763,13,1,2019,09:00:00,1,92,92062,2,1,8,7,"PARVIS (LE)","48,8916000","2,2401000",201900040763,138 229 499,A01,3,1,14,0,1,26,5,NULL,201900040763,138 229 499,A01,1,1,4,1,1987,3,2,4,-1,-1,0,-1,201900040763,9,"PARVIS (LE)",0,NULL,-1,0,0,1,0,0,1,NULL,NULL,2,6,1,15
201900043409,18,7,2019,11:00:00,1,30,30006,1,6,1,3,"d 6313","43,6843310","4,2077280",201900043409,138 224 534,B01,1,1,0,2,1,16,5,NULL,201900043409,138 224 534,B01,1,1,3,1,1946,5,2,-1,-1,0,0,-1,201900043409,3,6313,NULL,NULL,3,2,0,1,1,554,2,NULL,NULL,1,0,1,90
201900043409,18,7,2019,11:00:00,1,30,30006,1,6,1,3,"d 6313","43,6843310","4,2077280",201900043409,138 224 534,B01,1,1,0,2,1,16,5,NULL,201900043409,138 224 535,A01,1,1,1,2,1955,0,8,-1,-1,0,0,-1,201900043409,3,6313,NULL,NULL,3,2,0,1,1,554,2,NULL,NULL,1,0,1,90
201900044284,20,2,2019,16:50:00,1,76,76540,2,1,1,1,"DESSEAUX. RUE","49,4309900","1,0930200",201900044284,138 222 873,B01,3,1,0,2,7,1,5,NULL,201900044284,138 222 873,B01,1,1,3,2,1970,1,8,0,-1,-1,0,-1,201900044284,4,"DESSEAUX. RUE",0,NULL,2,2,1,1,0,0,1,NULL,NULL,1,0,1,50
201900044284,20,2,2019,16:50:00,1,76,76540,2,1,1,1,"DESSEAUX. RUE","49,4309900","1,0930200",201900044284,138 222 873,B01,3,1,0,2,7,1,5,NULL,201900044284,138 222 874,A01,1,1,1,2,1992,5,1,8,-1,-1,0,-1,201900044284,4,"DESSEAUX. RUE",0,NULL,2,2,1,1,0,0,1,NULL,NULL,1,0,1,50
201900046473,19,3,2019,08:40:00,1,54,54547,2,1,1,7,"EUROPE (BOULEVARD DE L')","48,6625200","6,1727800",201900046473,138 218 642,A01,1,1,0,1,1,26,5,NULL,201900046473,138 218 642,A01,1,1,1,1,2003,0,2,0,-1,-1,0,-1,201900046473,9,"EUROPE (BOULEVARD DE L')",0,NULL,1,1,1,1,0,0,1,NULL,NULL,1,9,1,30
201900046473,19,3,2019,08:40:00,1,54,54547,2,1,1,7,"EUROPE (BOULEVARD DE L')","48,6625200","6,1727800",201900046473,138 218 642,A01,1,1,0,1,1,26,5,NULL,201900046473,138 218 642,A01,10,3,4,2,1976,0,0,0,-1,2,3,1,201900046473,9,"EUROPE (BOULEVARD DE L')",0,NULL,1,1,1,1,0,0,1,NULL,NULL,1,9,1,30
201900046659,26,8,2019,07:25:00,2,56,56013,2,1,1,3,"Route des Quatre Chemins","47,6679660"," -3,1812270",201900046659,138 218 263,A01,2,1,12,2,8,2,5,NULL,201900046659,138 218 263,A01,1,1,4,1,1962,1,2,9,-1,0,0,-1,201900046659,3,781,0,NULL,-1,2,0,1,27,355,1,NULL,NULL,1,0,1,50