Num_Acc,jour,mois,an,hrmn,lum,dep,com,agg,int,atm,col,adr,lat,long,Num_Acc,id_vehicule,num_veh,senc,catv,obs,obsm,choc,manv,motor,occutc,Num_Acc,id_vehicule,num_veh,place,catu,grav,sexe,an_nais,trajet,secu1,secu2,secu3,locp,actp,etatp,Num_Acc,catr,voie,v1,v2,circ,nbv,vosp,prof,pr,pr1,plan,lartpc,larrout,surf,infra,situ,vma
201900046997,11,7,2019,17:20:00,1,54,54395,2,2,1,7,"TAPIS VERT (RUE DU)","48,6917200","6,1926600",201900046997,138 217 641,A01,0,1,0,1,1,1,5,NULL,201900046997,138 217 641,A01,1,1,1,1,1992,0,2,8,-1,-1,0,-1,201900046997,4,"TAPIS VERT (RUE DU)",0,NULL,1,2,1,2,0,0,3,NULL,NULL,1,0,1,50
201900046997,11,7,2019,17:20:00,1,54,54395,2,2,1,7,"TAPIS VERT (RUE DU)","48,6917200","6,1926600",201900046997,138 217 641,A01,0,1,0,1,1,1,5,NULL,201900046997,138 217 641,A01,10,3,4,2,1970,5,8,0,-1,4,3,1,201900046997,4,"TAPIS VERT (RUE DU)",0,NULL,1,2,1,2,0,0,3,NULL,NULL,1,0,1,50
201900048161,9,1,2019,20:15:00,3,75,75110,2,1,1,6,"QUAI DE JEMMAPES","48,8701340","2,3665880",201900048161,138 215 524,A01,1,1,0,1,1,1,5,NULL,201900048161,138 215 524,A01,10,3,4,2,1965,5,8,0,-1,1,3,1,201900048161,4,"QUAI DE JEMMAPES",0,NULL,1,1,1,1,0,0,1,NULL,NULL,1,0,5,50
201900048161,9,1,2019,20:15:00,3,75,75110,2,1,1,6,"QUAI DE JEMMAPES","48,8701340","2,3665880",201900048161,138 215 524,A01,1,1,0,1,1,1,5,NULL,201900048161,138 215 524,A01,1,1,1,1,1994,0,8,0,-1,0,0,-1,201900048161,4,"QUAI DE JEMMAPES",0,NULL,1,1,1,1,0,0,1,NULL,NULL,1,0,5,50
201900048165,9,1,2019,00:23:00,5,75,75108,2,2,1,3,"RUE DE MIROMESNIL","48,8739300","2,3158920",201900048165,138 215 516,A01,1,1,0,2,0,1,5,NULL,201900048165,138 215 516,A01,1,1,3,1,1975,0,2,0,-1,0,0,-1,201900048165,4,"RUE DE MIROMESNIL",0,NULL,1,1,0,2,0,0,1,NULL,NULL,1,0,1,50
201900048165,9,1,2019,00:23:00,5,75,75108,2,2,1,3,"RUE DE MIROMESNIL","48,8739300","2,3158920",201900048165,138 215 516,A01,1,1,0,2,0,1,5,NULL,201900048165,138 215 517,B01,1,1,4,1,1984,1,2,6,-1,0,0,-1,201900048165,4,"RUE DE MIROMESNIL",0,NULL,1,1,0,2,0,0,1,NULL,NULL,1,0,1,50
201900048555,24,8,2019,08:50:00,1,75,75112,2,3,1,3,"ROUTE DU PESAGE","48,8206080","2,4453540",201900048555,138 214 767,B01,3,1,0,2,1,1,5,NULL,201900048555,138 214 766,A01,2,2,1,2,1989,4,1,0,-1,0,0,-1,201900048555,4,"ROUTE DU PESAGE",0,NULL,2,2,0,1,0,0,1,NULL,NULL,1,0,1,50
201900048555,24,8,2019,08:50:00,1,75,75112,2,3,1,3,"ROUTE DU PESAGE","48,8206080","2,4453540",201900048555,138 214 767,B01,3,1,0,2,1,1,5,NULL,201900048555,138 214 766,A01,1,1,1,2,1990,4,1,0,-1,0,0,-1,201900048555,4,"ROUTE DU PESAGE",0,NULL,2,2,0,1,0,0,1,NULL,NULL,1,0,1,50
201900048555,24,8,2019,08:50:00,1,75,75112,2,3,1,3,"ROUTE DU PESAGE","48,8206080","2,4453540",201900048555,138 214 767,B01,3,1,0,2,1,1,5,NULL,201900048555,138 214 767,B01,1,1,4,1,1937,5,2,0,-1,0,0,-1,201900048555,4,"ROUTE DU PESAGE",0,NULL,2,2,0,1,0,0,1,NULL,NULL,1,0,1,50
201900053726,20,9,2019,12:47:00,1,49,49007,2,2,1,3,"PORTET BOULEVARD","47,4507200"," -0,5605100",201900053726,138 205 002,B01,1,1,0,2,8,13,5,NULL,201900053726,138 205 002,B01,1,1,4,1,1999,0,8,0,-1,-1,0,-1,201900053726,4,"PORTET BOULEVARD",0,NULL,3,4,0,1,0,0,1,NULL,NULL,1,0,1,50
201900053726,20,9,2019,12:47:00,1,49,49007,2,2,1,3,"PORTET BOULEVARD","47,4507200"," -0,5605100",201900053726,138 205 002,B01,1,1,0,2,8,13,5,NULL,201900053726,138 205 004,A01,1,1,1,2,1998,0,1,8,-1,-1,0,-1,201900053726,4,"PORTET BOULEVARD",0,NULL,3,4,0,1,0,0,1,NULL,NULL,1,0,1,50
201900057059,5,1,2019,16:00:00,1,31,31462,2,1,7,2,"D 888","43,6705510","1,5179410",201900057059,138 198 860,A01,1,1,0,0,6,3,5,NULL,201900057059,138 198 860,A01,1,1,3,1,1951,5,2,-1,-1,0,0,-1,201900057059,3,888,0,D,2,2,0,2,18,70,1,NULL,NULL,1,0,1,50
201900057059,5,1,2019,16:00:00,1,31,31462,2,1,7,2,"D 888","43,6705510","1,5179410",201900057059,138 198 860,A01,1,1,0,0,6,3,5,NULL,201900057059,138 198 861,B01,1,1,1,1,1946,3,1,-1,-1,0,0,-1,201900057059,3,888,0,D,2,2,0,2,18,70,1,NULL,NULL,1,0,1,50
201900057226,10,7,2019,11:00:00,1,78,78417,2,3,1,3,"Rue de la cote lesné","48,8906610","1,6293350",201900057226,138 198 562,A01,3,1,0,2,8,13,5,NULL,201900057226,138 198 562,A01,1,1,4,1,1985,0,2,-1,-1,0,0,-1,201900057226,4,NULL,0,NULL,-1,2,0,2,0,0,2,NULL,NULL,1,0,1,50
201900057226,10,7,2019,11:00:00,1,78,78417,2,3,1,3,"Rue de la cote lesné","48,8906610","1,6293350",201900057226,138 198 562,A01,3,1,0,2,8,13,5,NULL,201900057226,138 198 563,B01,1,1,1,1,2000,1,1,-1,-1,0,0,-1,201900057226,4,NULL,0,NULL,-1,2,0,2,0,0,2,NULL,NULL,1,0,1,50
201900057720,21,9,2019,18:25:00,1,45,45234,2,3,1,3,"RUE DE COURSIMAULT - R E MOUNIER","47,8886780","1,9090750",201900057720,138 197 648,B01,0,1,0,2,1,25,5,NULL,201900057720,138 197 647,A01,1,1,1,2,1977,0,8,0,-1,0,0,-1,201900057720,4,"R EMMANUEL MOUNIER",0,NULL,2,2,0,1,(1),(1),1,NULL,NULL,1,0,1,50
201900057720,21,9,2019,18:25:00,1,45,45234,2,3,1,3,"RUE DE COURSIMAULT - R E MOUNIER","47,8886780","1,9090750",201900057720,138 197 648,B01,0,1,0,2,1,25,5,NULL,201900057720,138 197 648,B01,1,1,4,1,2011,5,8,0,-1,0,0,-1,201900057720,4,"R EMMANUEL MOUNIER",0,NULL,2,2,0,1,(1),(1),1,NULL,NULL,1,0,1,50
201900009484,17,9,2019,15:30:00,1,50,50486,1,1,1,7,"La Roquelle","49,4078370"," -1,6246020",201900009484,138 288 764,A01,3,1,14,0,0,1,5,NULL,201900009484,138 288 764,A01,1,1,3,1,1949,5,2,-1,-1,0,0,-1,201900009484,4,NULL,NULL,NULL,2,2,0,1,(1),(1),1,NULL,NULL,1,0,1,80
201900011780,5,2,2019,17:48:00,2,36,36044,2,1,1,3,"AVENUE DU PONT NEUF","46,8140183","1,6847452",201900011780,138 284 548,A01,1,1,0,2,8,2,5,NULL,201900011780,138 284 548,A01,1,1,4,1,1992,0,8,0,-1,0,0,-1,201900011780,4,"AVENUE DU PONT NEUF",0,NULL,2,0,0,1,0,0,1,NULL,NULL,1,0,1,50
201900015237,7,9,2019,11:15:00,1,76,76610,2,1,1,3,"1307 Rue du Mont Asselin","49,6184900","0,7876950",201900015237,138 277 991,A01,3,1,0,2,1,9,5,NULL,201900015237,138 277 991,A01,1,1,4,1,2000,1,0,-1,-1,0,0,-1,201900015237,4,NULL,NULL,NULL,2,2,0,1,(1),(1),1,NULL,NULL,1,0,1,50
201900015237,7,9,2019,11:15:00,1,76,76610,2,1,1,3,"1307 Rue du Mont Asselin","49,6184900","0,7876950",201900015237,138 277 991,A01,3,1,0,2,1,9,5,NULL,201900015237,138 277 992,B01,1,1,1,1,1983,5,8,-1,-1,0,0,-1,201900015237,4,NULL,NULL,NULL,2,2,0,1,(1),(1),1,NULL,NULL,1,0,1,50
201900016024,6,8,2019,10:35:00,1,1,01038,1,1,1,2,"Route des Blancs","46,3055440","5,2497830",201900016024,138 276 585,B01,3,1,0,2,4,1,5,NULL,201900016024,138 276 584,A01,1,1,1,1,1939,5,1,-1,-1,0,0,-1,201900016024,4,NULL,NULL,NULL,2,2,0,1,(1),(1),1,NULL,NULL,1,0,1,80
201900016024,6,8,2019,10:35:00,1,1,01038,1,1,1,2,"Route des Blancs","46,3055440","5,2497830",201900016024,138 276 585,B01,3,1,0,2,4,1,5,NULL,201900016024,138 276 585,B01,1,1,3,2,1947,5,2,-1,-1,0,0,-1,201900016024,4,NULL,NULL,NULL,2,2,0,1,(1),(1),1,NULL,NULL,1,0,1,80
201900017269,8,9,2019,16:40:00,1,67,67482,2,1,2,1,"EXTENWOERTH (RUE DE L )","48,5590330","7,7535830",201900017269,138 274 125,A01,1,1,0,2,1,1,5,NULL,201900017269,138 274 125,A01,1,1,4,1,1968,0,2,8,-1,-1,0,-1,201900017269,4,"EXTENWOERTH (RUE DE L )",0,NULL,2,2,2,1,0,0,4,NULL,NULL,2,0,1,30
201900017269,8,9,2019,16:40:00,1,67,67482,2,1,2,1,"EXTENWOERTH (RUE DE L )","48,5590330","7,7535830",201900017269,138 274 125,A01,1,1,0,2,1,1,5,NULL,201900017269,138 274 126,B01,1,1,1,1,1995,-1,8,-1,-1,-1," -1",-1,201900017269,4,"EXTENWOERTH (RUE DE L )",0,NULL,2,2,2,1,0,0,4,NULL,NULL,2,0,1,30
201900017489,22,4,2019,08:55:00,1,43,43141,2,3,1,3,"Rue des Petits Communaux","45,1879870","4,3240540",201900017489,138 273 709,B01,1,1,0,2,2,15,5,NULL,201900017489,138 273 708,A01,1,1,1,1,1985,5,1,-1,-1,0,0,-1,201900017489,3,61,NULL,NULL,4,2,0,1,0,180,1,NULL,NULL,1,0,1,50
201900017489,22,4,2019,08:55:00,1,43,43141,2,3,1,3,"Rue des Petits Communaux","45,1879870","4,3240540",201900017489,138 273 709,B01,1,1,0,2,2,15,5,NULL,201900017489,138 273 709,B01,1,1,2,1,1945,5,2,-1,-1,-1," -1",-1,201900017489,3,61,NULL,NULL,4,2,0,1,0,180,1,NULL,NULL,1,0,1,50
201900018038,19,5,2019,16:35:00,1,974,97411,2,1,1,3,"RIVIERE DES PLUIES (ROUTE DE LA)"," -20,9024300","55,5031900",201900018038,138 272 688,B01,0,1,0,2,1,18,5,NULL,201900018038,138 272 688,B01,1,1,4,1,2005,5,8,0,-1,0,0,-1,201900018038,2,6,0,NULL,1,2,0,1,0,0,1,NULL,NULL,1,0,1,50
201900018038,19,5,2019,16:35:00,1,974,97411,2,1,1,3,"RIVIERE DES PLUIES (ROUTE DE LA)"," -20,9024300","55,5031900",201900018038,138 272 688,B01,0,1,0,2,1,18,5,NULL,201900018038,138 272 689,A01,1,1,1,2,1967,4,1,8,-1,0,0,-1,201900018038,2,6,0,NULL,1,2,0,1,0,0,1,NULL,NULL,1,0,1,50
201900018058,13,5,2019,13:20:00,1,974,97407,2,9,1,3,PASTEUR(AVENUE)," -20,9492100","55,2927800",201900018058,138 272 649,B01,3,1,0,2,1,9,5,NULL,201900018058,138 272 649,B01,1,1,3,1,1969,9,8,0,-1,-1," -1",-1,201900018058,4,PASTEUR(AVENUE),0,NULL,-1,2,0,1,0,0,1,NULL,NULL,1,0,1,30
201900018058,13,5,2019,13:20:00,1,974,97407,2,9,1,3,PASTEUR(AVENUE)," -20,9492100","55,2927800",201900018058,138 272 649,B01,3,1,0,2,1,9,5,NULL,201900018058,138 272 650,A01,1,1,1,1,1965,0,8,0,-1,-1," -1",-1,201900018058,4,PASTEUR(AVENUE),0,NULL,-1,2,0,1,0,0,1,NULL,NULL,1,0,1,30
201900020973,10,9,2019,18:30:00,1,45,45234,2,9,1,1,"QUAI DU FORT ALLEAUME","47,8981500","1,9143500",201900020973,138 267 214,B01,2,1,0,2,1,1,5,NULL,201900020973,138 267 214,B01,1,1,1,2,1967,1,2,0,-1,-1," -1",-1,201900020973,4,"QUAI DU FORT ALLEAUME",0,NULL,2,2,1,1,(1),(1),1,NULL,NULL,1,9,1,50
201900020973,10,9,2019,18:30:00,1,45,45234,2,9,1,1,"QUAI DU FORT ALLEAUME","47,8981500","1,9143500",201900020973,138 267 214,B01,2,1,0,2,1,1,5,NULL,201900020973,138 267 215,A01,1,1,4,1,1949,5,8,0,-1,-1," -1",-1,201900020973,4,"QUAI DU FORT ALLEAUME",0,NULL,2,2,1,1,(1),(1),1,NULL,NULL,1,9,1,50
201900024032,28,1,2019,08:45:00,1,45,45234,2,3,1,3,"R LADUREAU - R DE LA GARE","47,9120170","1,9031440",201900024032,138 261 164,B01,2,1,0,2,8,1,5,NULL,201900024032,138 261 164,B01,1,1,4,1,1978,5,8,8,-1,-1," -1",-1,201900024032,4,"R LADUREAU",0,NULL,1,1,0,1,(1),(1),1,NULL,NULL,1,0,1,50
201900024032,28,1,2019,08:45:00,1,45,45234,2,3,1,3,"R LADUREAU - R DE LA GARE","47,9120170","1,9031440",201900024032,138 261 164,B01,2,1,0,2,8,1,5,NULL,201900024032,138 261 165,A01,1,1,1,2,1973,1,1,8,-1,-1," -1",-1,201900024032,4,"R LADUREAU",0,NULL,1,1,0,1,(1),(1),1,NULL,NULL,1,0,1,50
201900024403,18,12,2019,17:45:00,5,13,13001,2,6,1,3,"ANDREANI JEAN (RUE)","43,5128180","5,4373390",201900024403,138 260 453,B01,3,1,12,0,8,2,0,NULL,201900024403,138 260 453,B01,1,1,4,1,2003,0,8,0,-1,0,0,-1,201900024403,4,"ANDREANI JEAN (RUE)",0,NULL,1,1,0,2,0,0,2,NULL,NULL,1,0,1,30
201900024403,18,12,2019,17:45:00,5,13,13001,2,6,1,3,"ANDREANI JEAN (RUE)","43,5128180","5,4373390",201900024403,138 260 453,B01,3,1,12,0,8,2,0,NULL,201900024403,138 260 454,A01,1,1,1,2,1982,0,1,0,-1,0,0,-1,201900024403,4,"ANDREANI JEAN (RUE)",0,NULL,1,1,0,2,0,0,2,NULL,NULL,1,0,1,30
201900025400,24,4,2019,19:00:00,1,68,68066,2,6,2,3,"JOFFRE (AVENUE)","48,0721320","7,3534530",201900025400,138 258 539,B01,3,1,0,2,8,0,5,NULL,201900025400,138 258 538,A01,1,1,1,1,1989,5,1,8,-1,-1,0,-1,201900025400,4,"JOFFRE (AVENUE)",0,NULL,2,2,0,1,0,0,1,NULL,NULL,2,5,1,50
201900025400,24,4,2019,19:00:00,1,68,68066,2,6,2,3,"JOFFRE (AVENUE)","48,0721320","7,3534530",201900025400,138 258 539,B01,3,1,0,2,8,0,5,NULL,201900025400,138 258 539,B01,1,1,3,2,1981,1,8,0,-1,-1,0,-1,201900025400,4,"JOFFRE (AVENUE)",0,NULL,2,2,0,1,0,0,1,NULL,NULL,2,5,1,50
201900026366,5,9,2019,18:50:00,1,5,05061,2,6,1,3,"PIGNEROL ( AVENUE DE )","44,5653756","6,0927504",201900026366,138 256 666,B01,3,1,0,2,8,19,5,NULL,201900026366,138 256 666,B01,1,1,4,1,1972,5,8,0,-1,0,0,-1,201900026366,2,94,0,NULL,2,2,0,1,70,778,1,NULL,NULL,1,5,1,50
201900026366,5,9,2019,18:50:00,1,5,05061,2,6,1,3,"PIGNEROL ( AVENUE DE )","44,5653756","6,0927504",201900026366,138 256 666,B01,3,1,0,2,8,19,5,NULL,201900026366,138 256 667,A01,1,1,1,1,1976,5,1,0,-1,0,0,-1,201900026366,2,94,0,NULL,2,2,0,1,70,778,1,NULL,NULL,1,5,1,50
201900030819,27,7,2019,19:50:00,1,64,64386,2,2,2,3,"1 route de PAU","43,1892419"," -0,2503662",201900030819,138 248 385,B01,2,1,0,2,1,1,6,NULL,201900030819,138 248 384,A01,1,1,1,1,1998,1,1,-1,-1,0,0,-1,201900030819,3,145,NULL,NULL,2,2,0,1,25,100,1,NULL,NULL,2,0,1,50
201900030819,27,7,2019,19:50:00,1,64,64386,2,2,2,3,"1 route de PAU","43,1892419"," -0,2503662",201900030819,138 248 385,B01,2,1,0,2,1,1,6,NULL,201900030819,138 248 385,B01,1,1,3,1,1970,5,2,-1,-1,0,0,-1,201900030819,3,145,NULL,NULL,2,2,0,1,25,100,1,NULL,NULL,2,0,1,50
201900032420,4,4,2019,18:15:00,1,33,33281,2,2,1,3,"AVE DE MAGUDAS","44,8561600"," -0,6495200",201900032420,138 245 356,B01,2,1,0,2,1,1,5,NULL,201900032420,138 245 355,A01,1,1,1,2,1983,5,8,0,-1,-1," -1",-1,201900032420,4,"AVE DE MAGUDAS",0,NULL,2,2,0,1,0,0,1,NULL,NULL,1,0,1,50
201900032420,4,4,2019,18:15:00,1,33,33281,2,2,1,3,"AVE DE MAGUDAS","44,8561600"," -0,6495200",201900032420,138 245 356,B01,2,1,0,2,1,1,5,NULL,201900032420,138 245 356,B01,1,1,4,1,1976,0,8,0,-1,-1," -1",-1,201900032420,4,"AVE DE MAGUDAS",0,NULL,2,2,0,1,0,0,1,NULL,NULL,1,0,1,50
201900032482,25,7,2019,07:49:00,1,43,43038,1,3,7,3,"RN102 Barliéres","45,3486160","3,3419870",201900032482,138 245 251,B01,2,1,0,2,1,1,5,NULL,201900032482,138 245 250,A01,1,1,1,1,1987,0,1,-1,-1,0,0,-1,201900032482,2,102,0,NULL,2,2,0,1,87,465,1,NULL,NULL,1,0,1,80
201900032482,25,7,2019,07:49:00,1,43,43038,1,3,7,3,"RN102 Barliéres","45,3486160","3,3419870",201900032482,138 245 251,B01,2,1,0,2,1,1,5,NULL,201900032482,138 245 251,B01,1,1,3,1,1960,0,0,-1,-1,0,0,-1,201900032482,2,102,0,NULL,2,2,0,1,87,465,1,NULL,NULL,1,0,1,80
201900034121,7,4,2019,19:00:00,1,95,95060,2,1,1,1,"CARNOT (RUE)","49,0165500","2,2001700",201900034121,138 242 066,B01,3,1,0,2,1,1,0,NULL,201900034121,138 242 066,B01,1,1,4,1,2007,5,2,8,-1,0,0,-1,201900034121,4,"CARNOT (RUE)",0,NULL,2,1,0,1,0,0,1,NULL,NULL,1,0,1,50
201900034121,7,4,2019,19:00:00,1,95,95060,2,1,1,1,"CARNOT (RUE)","49,0165500","2,2001700",201900034121,138 242 066,B01,3,1,0,2,1,1,0,NULL,201900034121,138 242 067,A01,1,1,1,1,1999,5,1,0,-1,0,0,-1,201900034121,4,"CARNOT (RUE)",0,NULL,2,1,0,1,0,0,1,NULL,NULL,1,0,1,50
201900035334,16,1,2019,16:30:00,1,38,38185,2,1,1,3,"AVENUE MARIE REYNOARD","45,1673900","5,7284700",201900035334,138 239 700,B01,1,1,0,2,1,2,0,NULL,201900035334,138 239 700,B01,1,1,3,2,2009,2,2,0,-1,-1," -1",-1,201900035334,4,"AVENUE MARIE REYNOARD",0,NULL,1,-1,0,1,0,0,3,NULL,NULL,1,0,1,50
201900035334,16,1,2019,16:30:00,1,38,38185,2,1,1,3,"AVENUE MARIE REYNOARD","45,1673900","5,7284700",201900035334,138 239 700,B01,1,1,0,2,1,2,0,NULL,201900035334,138 239 701,A01,1,1,1,1,1936,5,1,8,-1,-1," -1",-1,201900035334,4,"AVENUE MARIE REYNOARD",0,NULL,1,-1,0,1,0,0,3,NULL,NULL,1,0,1,50
201900037554,16,2,2019,13:07:00,1,29,29232,2,1,1,7,"BRIAND  ARISTIDE RUE","47,9942800"," -4,0962500",201900037554,138 235 416,A01,2,1,1,0,1,14,5,NULL,201900037554,138 235 416,A01,1,1,4,1,2002,5,5,0,-1,0,0,-1,201900037554,4,"BRIAND  ARISTIDE RUE",0,NULL,2,2,0,1,0,0,1,NULL,NULL,1,0,1,50
201900039186,31,8,2019,12:00:00,1,17,17333,2,2,1,6,"DE LATTRE DE TASSIGNY (BD)","45,6072000"," -1,0069000",201900039186,138 232 421,B01,1,1,0,2,1,1,5,NULL,201900039186,138 232 421,B01,1,1,4,1,1960,5,2,0,-1,-1,0,-1,201900039186,4,"DE LATTRE DE TASSIGNY (BD)",0,NULL,2,2,1,2,0,0,1,NULL,NULL,1,0,1,50
201900039186,31,8,2019,12:00:00,1,17,17333,2,2,1,6,"DE LATTRE DE TASSIGNY (BD)","45,6072000"," -1,0069000",201900039186,138 232 421,B01,1,1,0,2,1,1,5,NULL,201900039186,138 232 422,A01,1,1,1,1,1994,4,1,0,-1,-1,0,-1,201900039186,4,"DE LATTRE DE TASSIGNY (BD)",0,NULL,2,2,1,2,0,0,1,NULL,NULL,1,0,1,50
201900039755,19,7,2019,09:40:00,1,76,76540,2,2,1,3,"BELGES. BOULEVARD DES","49,4416900","1,0834800",201900039755,138 231 351,B01,1,1,0,2,1,19,5,NULL,201900039755,138 231 350,A01,1,1,1,1,1980,5,1,0,-1,0,0,-1,201900039755,3,938,0,NULL,2,6,1,1,22,20,1,NULL,NULL,1,0,1,50
201900039755,19,7,2019,09:40:00,1,76,76540,2,2,1,3,"BELGES. BOULEVARD DES","49,4416900","1,0834800",201900039755,138 231 351,B01,1,1,0,2,1,19,5,NULL,201900039755,138 231 351,B01,1,1,3,1,1991,1,8,0,-1,0,0,-1,201900039755,3,938,0,NULL,2,6,1,1,22,20,1,NULL,NULL,1,0,1,50
201900040062,7,5,2019,09:45:00,1,75,75112,2,3,1,3,"RUE MOREAU","48,8489210","2,3719910",201900040062,138 230 783,B01,1,1,0,2,1,19,5,NULL,201900040062,138 230 783,B01,1,1,4,2,1994,0,2,0,-1,0,0,-1,201900040062,4,"RUE MOREAU",0,NULL,1,1,0,1,0,0,1,NULL,NULL,1,0,1,30
201900040062,7,5,2019,09:45:00,1,75,75112,2,3,1,3,"RUE MOREAU","48,8489210","2,3719910",201900040062,138 230 783,B01,1,1,0,2,1,19,5,NULL,201900040062,138 230 784,A01,1,1,1,1,1967,1,2,6,-1,0,0,-1,201900040062,4,"RUE MOREAU",0,NULL,1,1,0,1,0,0,1,NULL,NULL,1,0,1,30
201900040430,31,10,2019,18:15:00,5,92,92073,2,3,8,3,"NIEUPORT (RUE EDOUARD)","48,8723400","2,2314500",201900040430,138 230 122,B01,3,1,0,2,2,0,5,NULL,201900040430,138 230 122,B01,1,1,4,1,1986,9,8,0,-1,-1,0,-1,201900040430,4,"NIEUPORT (RUE EDOUARD)",0,NULL,1,1,0,1,0,0,1,NULL,NULL,1,9,1,50
201900040430,31,10,2019,18:15:00,5,92,92073,2,3,8,3,"NIEUPORT (RUE EDOUARD)","48,8723400","2,2314500",201900040430,138 230 122,B01,3,1,0,2,2,0,5,NULL,201900040430,138 230 123,A01,1,1,1,1,1994,1,1,0,-1,-1,0,-1,201900040430,4,"NIEUPORT (RUE EDOUARD)",0,NULL,1,1,0,1,0,0,1,NULL,NULL,1,9,1,50
201900041291,31,8,2019,10:30:00,1,81,81295,1,1,1,2,D81,"43,8360770","2,3292230",201900041291,138 228 548,B01,1,1,0,2,4,1,5,NULL,201900041291,138 228 548,B01,1,1,3,1,1953,5,2,-1,-1,0,0,-1,201900041291,3,81,0,NULL,2,2,0,1,21,783,1,NULL,NULL,1,0,1,80
201900041291,31,8,2019,10:30:00,1,81,81295,1,1,1,2,D81,"43,8360770","2,3292230",201900041291,138 228 548,B01,1,1,0,2,4,1,5,NULL,201900041291,138 228 549,A01,1,1,1,2,1933,5,1,-1,-1,0,0,-1,201900041291,3,81,0,NULL,2,2,0,1,21,783,1,NULL,NULL,1,0,1,80
201900041595,18,7,2019,12:45:00,1,75,75111,2,2,1,6,"RUE SEDAINE","48,8564420","2,3735060",201900041595,138 227 988,A01,1,1,0,1,1,1,5,NULL,201900041595,138 227 988,A01,10,3,4,2,1994,9,8,0,-1,3,3,1,201900041595,4,"RUE SEDAINE",0,NULL,1,1,0,1,0,0,1,NULL,NULL,1,0,1,30
201900041595,18,7,2019,12:45:00,1,75,75111,2,2,1,6,"RUE SEDAINE","48,8564420","2,3735060",201900041595,138 227 988,A01,1,1,0,1,1,1,5,NULL,201900041595,138 227 988,A01,1,1,1,1,1989,4,8,8,-1,0,0,-1,201900041595,4,"RUE SEDAINE",0,NULL,1,1,0,1,0,0,1,NULL,NULL,1,0,1,30
201900042565,8,1,2019,08:19:00,1,83,83112,2,1,1,1,"47 avenue de tauroentum","43,1804080","5,7103270",201900042565,138 226 116,B01,3,1,0,2,2,19,6,NULL,201900042565,138 226 116,B01,1,1,4,1,2011,2,2,-1,-1,0,0,-1,201900042565,4,47,NULL,NULL,2,2,0,2,(1),(1),1,NULL,NULL,1,0,8,30
201900042565,8,1,2019,08:19:00,1,83,83112,2,1,1,1,"47 avenue de tauroentum","43,1804080","5,7103270",201900042565,138 226 116,B01,3,1,0,2,2,19,6,NULL,201900042565,138 226 117,A01,1,1,1,1,1977,4,1,-1,-1,0,0,-1,201900042565,4,47,NULL,NULL,2,2,0,2,(1),(1),1,NULL,NULL,1,0,8,30
201900042585,27,2,2019,04:30:00,3,73,73228,1,1,1,2,D1006,"45,5445960","5,8819426",201900042585,138 226 081,B01,1,1,0,2,4,1,5,NULL,201900042585,138 226 080,A01,1,1,1,1,1974,4,8,-1,-1,0,0,-1,201900042585,3,1006,0,NULL,2,2,0,1,33,80,1,NULL,NULL,1,0,1,80
201900042585,27,2,2019,04:30:00,3,73,73228,1,1,1,2,D1006,"45,5445960","5,8819426",201900042585,138 226 081,B01,1,1,0,2,4,1,5,NULL,201900042585,138 226 081,B01,1,1,3,1,1999,1,0,-1,-1,0,0,-1,201900042585,3,1006,0,NULL,2,2,0,1,33,80,1,NULL,NULL,1,0,1,80
201900044249,29,10,2019,15:10:00,1,22,22272,1,2,3,3,"Traou Maudez","48,5669880"," -3,1315890",201900044249,138 222 953,B01,2,1,0,2,1,1,5,NULL,201900044249,138 222 953,B01,1,1,4,1,1998,1,0,-1,-1,0,0,-1,201900044249,3,712,NULL,NULL,2,2,0,2,42,725,1,NULL,NULL,2,5,1,80
201900044249,29,10,2019,15:10:00,1,22,22272,1,2,3,3,"Traou Maudez","48,5669880"," -3,1315890",201900044249,138 222 953,B01,2,1,0,2,1,1,5,NULL,201900044249,138 222 955,A01,1,1,1,2,1978,1,1,-1,-1,0,0,-1,201900044249,3,712,NULL,NULL,2,2,0,2,42,725,1,NULL,NULL,2,5,1,80
201900047727,22,2,2019,10:50:00,1,75,75115,2,1,1,3,"RUE HENRY FARMAN","48,8332790","2,2703520",201900047727,138 216 295,A01,2,1,0,2,8,9,5,NULL,201900047727,138 216 294,B01,1,1,1,1,1972,0,1,0,-1,0,0,-1,201900047727,4,"RUE HENRY FARMAN",0,NULL,2,2,0,1,0,0,1,NULL,NULL,1,0,1,50
201900047727,22,2,2019,10:50:00,1,75,75115,2,1,1,3,"RUE HENRY FARMAN","48,8332790","2,2703520",201900047727,138 216 295,A01,2,1,0,2,8,9,5,NULL,201900047727,138 216 295,A01,1,1,4,1,1994,9,8,0,-1,0,0,-1,201900047727,4,"RUE HENRY FARMAN",0,NULL,2,2,0,1,0,0,1,NULL,NULL,1,0,1,50
201900048450,22,8,2019,14:00:00,1,56,56098,2,1,1,3,"LAGRANGE (RUE  LEO )","47,7667600"," -3,3421400",201900048450,138 214 950,B01,3,1,0,2,1,25,5,NULL,201900048450,138 214 950,B01,1,1,4,1,2002,5,2,8,-1,0,0,-1,201900048450,4,"LAGRANGE (RUE  LEO )",0,NULL,1,1,0,1,0,0,1,NULL,NULL,1,9,1,20
201900048450,22,8,2019,14:00:00,1,56,56098,2,1,1,3,"LAGRANGE (RUE  LEO )","47,7667600"," -3,3421400",201900048450,138 214 950,B01,3,1,0,2,1,25,5,NULL,201900048450,138 214 951,A01,1,1,1,1,1984,4,8,8,-1,0,0,-1,201900048450,4,"LAGRANGE (RUE  LEO )",0,NULL,1,1,0,1,0,0,1,NULL,NULL,1,9,1,20