Num_Acc,jour,mois,an,hrmn,lum,dep,com,agg,int,atm,col,adr,lat,long,Num_Acc,id_vehicule,num_veh,senc,catv,obs,obsm,choc,manv,motor,occutc,Num_Acc,id_vehicule,num_veh,place,catu,grav,sexe,an_nais,trajet,secu1,secu2,secu3,locp,actp,etatp,Num_Acc,catr,voie,v1,v2,circ,nbv,vosp,prof,pr,pr1,plan,lartpc,larrout,surf,infra,situ,vma
201900049066,21,5,2019,17:35:00,1,65,65401,2,1,1,2,"Route de Bagnères","43,1822137","0,1020803",201900049066,138 213 846,A01,1,1,0,2,0,2,5,NULL,201900049066,138 213 845,B01,1,1,3,1,1947,5,2,-1,-1,0,0,-1,201900049066,3,8,0,NULL,2,2,0,1,20,225,1,NULL,NULL,1,0,1,-1
201900049066,21,5,2019,17:35:00,1,65,65401,2,1,1,2,"Route de Bagnères","43,1822137","0,1020803",201900049066,138 213 845,B01,1,1,0,0,0,2,5,NULL,201900049066,138 213 845,B01,1,1,3,1,1947,5,2,-1,-1,0,0,-1,201900049066,3,8,0,NULL,2,2,0,1,20,225,1,NULL,NULL,1,0,1,-1
201900049066,21,5,2019,17:35:00,1,65,65401,2,1,1,2,"Route de Bagnères","43,1822137","0,1020803",201900049066,138 213 846,A01,1,1,0,2,0,2,5,NULL,201900049066,138 213 846,A01,1,1,3,1,1952,5,2,-1,-1,0,0,-1,201900049066,3,8,0,NULL,2,2,0,1,20,225,1,NULL,NULL,1,0,1,-1
201900049066,21,5,2019,17:35:00,1,65,65401,2,1,1,2,"Route de Bagnères","43,1822137","0,1020803",201900049066,138 213 845,B01,1,1,0,0,0,2,5,NULL,201900049066,138 213 846,A01,1,1,3,1,1952,5,2,-1,-1,0,0,-1,201900049066,3,8,0,NULL,2,2,0,1,20,225,1,NULL,NULL,1,0,1,-1
201900051413,20,2,2019,15:50:00,1,93,93070,2,1,1,6,"MICHELET(AV):N°1AU 103","48,9105000","2,3441000",201900051413,138 209 475,A01,2,1,0,0,7,16,6,NULL,201900051413,138 209 475,A01,1,1,4,1,1982,0,0,-1,-1,-1," -1",-1,201900051413,4,"MICHELET(AV):N°1AU 103",0,NULL,-1,2,0,1,0,0,1,NULL,NULL,1,0,1,50
201900052303,29,3,2019,08:06:00,1,31,31557,2,3,1,3,"COUDRIERS (RUE DES)","43,5769000","1,3280600",201900052303,138 207 749,A01,0,1,0,2,0,19,5,NULL,201900052303,138 207 749,A01,1,1,3,1,2005,2,2,0,-1,-1,0,-1,201900052303,4,"COUDRIERS (RUE DES)",0,NULL,2,2,0,1,0,0,1,NULL,NULL,1,0,1,50
201900052303,29,3,2019,08:06:00,1,31,31557,2,3,1,3,"COUDRIERS (RUE DES)","43,5769000","1,3280600",201900052303,138 207 749,A01,0,1,0,2,0,19,5,NULL,201900052303,138 207 750,B01,1,1,1,2,1972,9,1,0,-1,-1,0,-1,201900052303,4,"COUDRIERS (RUE DES)",0,NULL,2,2,0,1,0,0,1,NULL,NULL,1,0,1,50
201900052724,3,12,2019,14:20:00,1,67,67482,2,1,1,6,"POLYGONE (ROUTE DU)","48,5650300","7,7600800",201900052724,138 206 908,B01,1,1,1,0,1,1,5,NULL,201900052724,138 206 908,B01,1,1,4,1,1970,0,8,0,-1,-1,0,-1,201900052724,4,"POLYGONE (ROUTE DU)",0,NULL,2,2,0,1,0,0,1,NULL,NULL,1,0,1,50
201900052724,3,12,2019,14:20:00,1,67,67482,2,1,1,6,"POLYGONE (ROUTE DU)","48,5650300","7,7600800",201900052724,138 206 908,B01,1,1,1,0,1,1,5,NULL,201900052724,138 206 909,A01,1,1,1,1,1960,5,1,8,-1,-1,0,-1,201900052724,4,"POLYGONE (ROUTE DU)",0,NULL,2,2,0,1,0,0,1,NULL,NULL,1,0,1,50
201900054391,17,5,2019,14:30:00,1,36,36139,1,3,1,3,"LA FERRANDIERE","46,7912780","1,4862050",201900054391,138 203 782,A01,2,1,0,2,3,16,5,NULL,201900054391,138 203 782,A01,1,1,4,1,1999,5,0,-1,-1,0,0,-1,201900054391,3,925,NULL,NULL,2,2,0,1,49,800,2,NULL,NULL,1,5,1,80
201900054391,17,5,2019,14:30:00,1,36,36139,1,3,1,3,"LA FERRANDIERE","46,7912780","1,4862050",201900054391,138 203 782,A01,2,1,0,2,3,16,5,NULL,201900054391,138 203 783,B01,2,2,1,1,1948,3,1,-1,-1,0,0,-1,201900054391,3,925,NULL,NULL,2,2,0,1,49,800,2,NULL,NULL,1,5,1,80
201900054391,17,5,2019,14:30:00,1,36,36139,1,3,1,3,"LA FERRANDIERE","46,7912780","1,4862050",201900054391,138 203 782,A01,2,1,0,2,3,16,5,NULL,201900054391,138 203 783,B01,1,1,1,2,1961,3,1,-1,-1,0,0,-1,201900054391,3,925,NULL,NULL,2,2,0,1,49,800,2,NULL,NULL,1,5,1,80
201900056554,14,2,2019,17:00:00,1,31,31555,2,1,1,3,"CHE DU MIRAIL","43,5819000","1,4001300",201900056554,138 199 804,B01,2,1,0,2,1,9,5,NULL,201900056554,138 199 803,A01,1,1,1,1,1989,4,1,7,-1,-1,0,-1,201900056554,4,"CHE DU MIRAIL",0,NULL,1,2,0,1,0,0,1,NULL,NULL,1,0,1,50
201900056554,14,2,2019,17:00:00,1,31,31555,2,1,1,3,"CHE DU MIRAIL","43,5819000","1,4001300",201900056554,138 199 804,B01,2,1,0,2,1,9,5,NULL,201900056554,138 199 804,B01,1,1,4,1,1998,2,2,7,-1,-1,0,-1,201900056554,4,"CHE DU MIRAIL",0,NULL,1,2,0,1,0,0,1,NULL,NULL,1,0,1,50
201900057278,25,10,2019,08:25:00,1,75,75112,2,3,1,3,"AVENUE DAUMESNIL","48,8424660","2,3855190",201900057278,138 198 479,B01,2,1,0,2,8,1,5,NULL,201900057278,138 198 477,A01,1,1,1,1,1998,4,1,0,-1,0,0,-1,201900057278,4,"AVENUE DAUMESNIL",0,NULL,2,3,1,1,0,0,1,NULL,NULL,1,0,5,50
201900057278,25,10,2019,08:25:00,1,75,75112,2,3,1,3,"AVENUE DAUMESNIL","48,8424660","2,3855190",201900057278,138 198 479,B01,2,1,0,2,8,1,5,NULL,201900057278,138 198 479,B01,1,1,4,1,1993,1,2,8,-1,0,0,-1,201900057278,4,"AVENUE DAUMESNIL",0,NULL,2,3,1,1,0,0,1,NULL,NULL,1,0,5,50
201900058259,26,3,2019,08:50:00,1,75,75110,2,2,1,3,"AVENUE PARMENTIER","48,8712390","2,3701180",201900058259,138 196 692,B01,2,1,0,2,8,1,5,NULL,201900058259,138 196 692,B01,1,1,4,2,1983,1,2,0,-1,0,0,-1,201900058259,4,"AVENUE PARMENTIER",0,NULL,2,2,0,1,0,0,1,NULL,NULL,1,0,1,50
201900058259,26,3,2019,08:50:00,1,75,75110,2,2,1,3,"AVENUE PARMENTIER","48,8712390","2,3701180",201900058259,138 196 692,B01,2,1,0,2,8,1,5,NULL,201900058259,138 196 693,A01,1,1,1,2,1992,9,2,6,-1,0,0,-1,201900058259,4,"AVENUE PARMENTIER",0,NULL,2,2,0,1,0,0,1,NULL,NULL,1,0,1,50
201900009404,5,12,2019,08:20:00,5,33,33522,2,2,1,6,"AVE DE THOUARS","44,7973800"," -0,5921600",201900009404,138 288 914,B01,0,1,0,2,1,19,5,NULL,201900009404,138 288 914,B01,1,1,4,2,1984,0,8,0,-1,-1," -1",-1,201900009404,4,"AVE DE THOUARS",0,NULL,2,4,2,1,(1),(1),1,NULL,NULL,1,0,1,30
201900009404,5,12,2019,08:20:00,5,33,33522,2,2,1,6,"AVE DE THOUARS","44,7973800"," -0,5921600",201900009404,138 288 914,B01,0,1,0,2,1,19,5,NULL,201900009404,138 288 915,A01,1,1,4,2,1964,0,8,0,-1,-1," -1",-1,201900009404,4,"AVE DE THOUARS",0,NULL,2,4,2,1,(1),(1),1,NULL,NULL,1,0,1,30
201900010206,17,10,2019,14:00:00,1,69,69202,2,2,1,3,"COMMANDANT CHARCOT (DU)             (R )","45,7495900","4,7956800",201900010206,138 287 459,B01,1,1,0,2,3,15,0,NULL,201900010206,138 287 458,A01,1,1,1,2,1983,1,1,0,-1,-1," -1",-1,201900010206,4,"MARECHAL FOCH (DU)                  (AV)",0,NULL,2,2,0,1,0,1,1,NULL,NULL,1,0,1,30
201900010206,17,10,2019,14:00:00,1,69,69202,2,2,1,3,"COMMANDANT CHARCOT (DU)             (R )","45,7495900","4,7956800",201900010206,138 287 459,B01,1,1,0,2,3,15,0,NULL,201900010206,138 287 459,B01,1,1,4,1,1993,0,8,0,-1,-1," -1",-1,201900010206,4,"MARECHAL FOCH (DU)                  (AV)",0,NULL,2,2,0,1,0,1,1,NULL,NULL,1,0,1,30
201900011261,13,12,2019,21:15:00,5,54,54300,2,1,1,2,"GALTIER (RUE LUCIEN)","48,6627820","6,2201590",201900011261,138 285 580,B01,1,1,0,2,4,1,5,NULL,201900011261,138 285 580,B01,1,1,4,1,1968,0,8,0,-1,-1," -1",-1,201900011261,4,"GALTIER (RUE LUCIEN)",0,NULL,2,2,0,1,0,0,2,NULL,NULL,2,0,1,50
201900011983,16,10,2019,23:10:00,5,75,75113,2,3,2,6,"QUAI D AUSTERLITZ","48,8383317","2,3727992",201900011983,138 284 163,A01,3,1,0,2,1,1,5,NULL,201900011983,138 284 163,A01,1,1,4,1,1993,9,8,2,-1,0,0,-1,201900011983,4,"QUAI D AUSTERLITZ",0,NULL,2,5,1,1,0,0,1,NULL,NULL,2,0,5,30
201900013745,16,10,2019,18:40:00,1,44,44143,2,6,8,3,"RUES CAMILLE CLAUDEL / LA GALARNIERE","47,1691500"," -1,5512400",201900013745,138 280 831,B01,1,1,0,2,1,1,5,NULL,201900013745,138 280 831,B01,1,1,4,2,1999,0,8,0,-1,0,0,-1,201900013745,4,NULL,0,NULL,-1,2,0,2,1,0,3,NULL,NULL,2,5,1,50
201900013745,16,10,2019,18:40:00,1,44,44143,2,6,8,3,"RUES CAMILLE CLAUDEL / LA GALARNIERE","47,1691500"," -1,5512400",201900013745,138 280 831,B01,1,1,0,2,1,1,5,NULL,201900013745,138 280 832,A01,1,1,1,2,1968,0,1,0,-1,0,0,-1,201900013745,4,NULL,0,NULL,-1,2,0,2,1,0,3,NULL,NULL,2,5,1,50
201900013851,11,10,2019,07:00:00,1,973,97302,2,6,8,3,"BADUEL (ROUTE DE)","4,9331066"," -52,3096418",201900013851,138 280 631,B01,1,1,0,0,0,0,5,NULL,201900013851,138 280 630,A01,1,1,1,1,1987,4,1,8,-1,-1,0,-1,201900013851,3,3,0,NULL,2,2,0,1,2,480,1,NULL,NULL,1,0,1,50
201900013851,11,10,2019,07:00:00,1,973,97302,2,6,8,3,"BADUEL (ROUTE DE)","4,9331066"," -52,3096418",201900013851,138 280 631,B01,1,1,0,0,0,0,5,NULL,201900013851,138 280 631,B01,1,1,4,1,1996,0,8,0,-1,-1,0,-1,201900013851,3,3,0,NULL,2,2,0,1,2,480,1,NULL,NULL,1,0,1,50
201900013896,18,4,2019,12:35:00,1,93,93057,2,2,1,1,"HUGO (AV. VICTOR)","48,9105540","2,5125960",201900013896,138 280 547,B01,3,1,0,2,8,1,0,NULL,201900013896,138 280 547,B01,1,1,2,2,1945,9,8,0,-1,-1," -1",-1,201900013896,3,933,NULL,NULL,3,-1,-1,1,(1),1,1,NULL,NULL,1,5,1,-1
201900013896,18,4,2019,12:35:00,1,93,93057,2,2,1,1,"HUGO (AV. VICTOR)","48,9105540","2,5125960",201900013896,138 280 547,B01,3,1,0,2,8,1,0,NULL,201900013896,138 280 548,A01,1,1,1,1,1956,9,1,0,-1,-1," -1",-1,201900013896,3,933,NULL,NULL,3,-1,-1,1,(1),1,1,NULL,NULL,1,5,1,-1
201900017570,21,4,2019,14:25:00,1,42,42042,1,1,1,3,Cessieux,"45,4617710","4,2288030",201900017570,138 273 576,B01,2,1,0,0,4,0,0,NULL,201900017570,138 273 575,A01,1,1,1,1,1991,0,1,5,-1,0,0,-1,201900017570,3,108,NULL,NULL,2,2,0,2,14,0,3,NULL,NULL,1,0,1,80
201900017570,21,4,2019,14:25:00,1,42,42042,1,1,1,3,Cessieux,"45,4617710","4,2288030",201900017570,138 273 576,B01,2,1,0,0,4,0,0,NULL,201900017570,138 273 576,B01,1,1,3,1,1971,5,2,6,-1,0,0,-1,201900017570,3,108,NULL,NULL,2,2,0,2,14,0,3,NULL,NULL,1,0,1,80
201900020508,27,12,2019,13:15:00,1,974,97408,2,4,1,2,"Rue Henri Madore"," -20,9318210","55,3593070",201900020508,138 268 063,A01,3,1,6,2,6,1,5,NULL,201900020508,138 268 063,A01,1,1,3,1,2004,5,0,-1,-1,0,0,-1,201900020508,4," Rue Henri Madore",NULL,NULL,1,1,0,2,(1),(1),1,NULL,NULL,1,0,1,50
201900023327,31,7,2019,20:00:00,1,94,94004,2,4,1,3,"GENERAL LECLERC (AV)","48,7494000","2,5084000",201900023327,138 262 628,Y01,1,1,0,2,1,9,5,NULL,201900023327,138 262 627,B01,1,1,1,1,1988,4,1,4,-1,-1," -1",-1,201900023327,2,19,0,NULL,2,4,0,1,0,0,1,NULL,NULL,1,0,1,50
201900023327,31,7,2019,20:00:00,1,94,94004,2,4,1,3,"GENERAL LECLERC (AV)","48,7494000","2,5084000",201900023327,138 262 628,Y01,1,1,0,2,1,9,5,NULL,201900023327,138 262 628,Y01,2,1,4,1,1969,5,8,0,-1,-1," -1",-1,201900023327,2,19,0,NULL,2,4,0,1,0,0,1,NULL,NULL,1,0,1,50
201900024866,27,6,2019,08:20:00,1,31,31555,2,1,1,3,"LANUSSE (CHE DE) DU 4AU 181","43,6352200","1,4544300",201900024866,138 259 550,A01,2,1,0,2,7,19,5,NULL,201900024866,138 259 549,B01,1,1,1,2,1968,9,1,8,-1,-1,0,-1,201900024866,4,"LANUSSE (CHE DE) DU 4AU 181",0,NULL,2,2,0,1,0,0,1,NULL,NULL,1,0,1,50
201900024866,27,6,2019,08:20:00,1,31,31555,2,1,1,3,"LANUSSE (CHE DE) DU 4AU 181","43,6352200","1,4544300",201900024866,138 259 550,A01,2,1,0,2,7,19,5,NULL,201900024866,138 259 550,A01,1,1,4,2,1990,9,2,0,-1,-1,0,-1,201900024866,4,"LANUSSE (CHE DE) DU 4AU 181",0,NULL,2,2,0,1,0,0,1,NULL,NULL,1,0,1,50
201900028300,27,6,2019,20:30:00,2,83,83115,2,3,1,1,"18 Chemin du Preconil","43,3101630","6,6314850",201900028300,138 253 136,B01,3,1,0,2,1,15,5,NULL,201900028300,138 253 136,B01,1,1,3,1,2003,5,0,-1,-1,0,0,-1,201900028300,4,28,NULL,NULL,2,2,0,1,0,0,1,NULL,NULL,1,0,1,30
201900028300,27,6,2019,20:30:00,2,83,83115,2,3,1,1,"18 Chemin du Preconil","43,3101630","6,6314850",201900028300,138 253 136,B01,3,1,0,2,1,15,5,NULL,201900028300,138 253 137,A01,1,1,1,1,1978,0,1,-1,-1,0,0,-1,201900028300,4,28,NULL,NULL,2,2,0,1,0,0,1,NULL,NULL,1,0,1,30
201900028587,11,4,2019,17:24:00,1,10,10343,2,6,1,6,"CANAL (RUE DU)","48,2754300","4,0888800",201900028587,138 252 562,B01,3,1,0,2,1,1,5,NULL,201900028587,138 252 562,B01,1,1,4,1,2005,0,8,0,-1,-1,0,-1,201900028587,4,"CANAL (RUE DU)",0,NULL,-1,1,2,1,0,0,3,NULL,NULL,1,0,1,50
201900028587,11,4,2019,17:24:00,1,10,10343,2,6,1,6,"CANAL (RUE DU)","48,2754300","4,0888800",201900028587,138 252 562,B01,3,1,0,2,1,1,5,NULL,201900028587,138 252 563,A01,1,1,1,2,1956,0,1,0,-1,-1,0,-1,201900028587,4,"CANAL (RUE DU)",0,NULL,-1,1,2,1,0,0,3,NULL,NULL,1,0,1,50
201900030028,3,9,2019,14:00:00,1,49,49328,1,1,1,1,"CADRE NOIR (PONT DU) N 347","47,2723000"," -0,0784800",201900030028,138 249 842,B01,2,1,0,6,1,26,5,NULL,201900030028,138 249 842,B01,1,1,3,1,1939,5,2,0,-1,-1,0,-1,201900030028,9,"CADRE NOIR (PONT DU) N 347",0,NULL,2,1,1,2,0,0,3,NULL,NULL,1,0,1,30
201900030028,3,9,2019,14:00:00,1,49,49328,1,1,1,1,"CADRE NOIR (PONT DU) N 347","47,2723000"," -0,0784800",201900030028,138 249 842,B01,2,1,0,6,1,26,5,NULL,201900030028,138 249 843,A01,1,1,4,1,2000,5,2,0,-1,-1,0,-1,201900030028,9,"CADRE NOIR (PONT DU) N 347",0,NULL,2,1,1,2,0,0,3,NULL,NULL,1,0,1,30
201900031053,11,11,2019,16:45:00,1,42,42325,1,1,1,6,D42,"45,9370950","4,1352690",201900031053,138 247 952,A01,1,1,0,1,1,2,0,NULL,201900031053,138 247 952,A01,1,1,3,1,1969,5,2,4,-1,0,0,-1,201900031053,3,42,0,NULL,2,2,0,2,26,850,2,NULL,NULL,9,0,1,50
201900031053,11,11,2019,16:45:00,1,42,42325,1,1,1,6,D42,"45,9370950","4,1352690",201900031053,138 247 952,A01,1,1,0,1,1,2,0,NULL,201900031053,138 247 952,A01,10,3,3,1,2006,5,0,-1,-1,1,1,3,201900031053,3,42,0,NULL,2,2,0,2,26,850,2,NULL,NULL,9,0,1,50
201900031335,16,12,2019,10:15:00,1,92,92012,2,9,2,3,"VICTOR HUGO (AVENUE) 49/FIN - 60/FIN","48,8388050","2,2466560",201900031335,138 247 430,B01,1,1,0,2,8,0,5,NULL,201900031335,138 247 429,A01,1,1,1,1,1965,4,1,8,-1,-1,0,-1,201900031335,4,"VICTOR HUGO (AVENUE) 49/FIN - 60/FIN",0,NULL,2,2,1,1,0,0,1,NULL,NULL,2,5,1,50
201900031335,16,12,2019,10:15:00,1,92,92012,2,9,2,3,"VICTOR HUGO (AVENUE) 49/FIN - 60/FIN","48,8388050","2,2466560",201900031335,138 247 430,B01,1,1,0,2,8,0,5,NULL,201900031335,138 247 430,B01,1,1,4,1,1954,3,8,0,-1,-1,0,-1,201900031335,4,"VICTOR HUGO (AVENUE) 49/FIN - 60/FIN",0,NULL,2,2,1,1,0,0,1,NULL,NULL,2,5,1,50
201900031775,25,6,2019,13:35:00,1,13,13204,2,1,1,3,"ALEX. FLEMING (BOULEVARD)","43,3154100","5,4015500",201900031775,138 246 632,B01,2,1,0,2,1,9,0,NULL,201900031775,138 246 632,B01,1,1,4,1,1976,0,2,0,-1,-1," -1",-1,201900031775,4,"ALEX. FLEMING (BOULEVARD)",0,NULL,2,6,0,1,0,0,1,NULL,NULL,1,0,1,50
201900031775,25,6,2019,13:35:00,1,13,13204,2,1,1,3,"ALEX. FLEMING (BOULEVARD)","43,3154100","5,4015500",201900031775,138 246 632,B01,2,1,0,2,1,9,0,NULL,201900031775,138 246 633,A01,1,1,1,1,1937,0,1,8,-1,-1," -1",-1,201900031775,4,"ALEX. FLEMING (BOULEVARD)",0,NULL,2,6,0,1,0,0,1,NULL,NULL,1,0,1,50
201900036104,24,7,2019,10:30:00,1,35,35228,1,1,1,3,"D 266","48,6067590"," -2,0676660",201900036104,138 238 249,B01,2,1,0,2,8,1,5,NULL,201900036104,138 238 249,B01,1,1,2,2,1943,5,0,-1,-1,0,0,-1,201900036104,3,266,NULL,NULL,2,2,0,1,3,410,1,NULL,NULL,1,0,1,80
201900036104,24,7,2019,10:30:00,1,35,35228,1,1,1,3,"D 266","48,6067590"," -2,0676660",201900036104,138 238 249,B01,2,1,0,2,8,1,5,NULL,201900036104,138 238 250,A01,1,1,1,2,1964,5,1,-1,-1,0,0,-1,201900036104,3,266,NULL,NULL,2,2,0,1,3,410,1,NULL,NULL,1,0,1,80
201900036188,22,7,2019,07:40:00,1,75,75104,2,2,1,3,"RUE DE LOBAU","48,8569240","2,3539020",201900036188,138 238 074,B01,1,1,0,2,2,1,5,NULL,201900036188,138 238 073,A01,1,1,1,1,1977,4,1,0,-1,0,0,-1,201900036188,4,"RUE DE LOBAU",0,NULL,1,2,0,1,0,0,1,NULL,NULL,1,0,5,50
201900036188,22,7,2019,07:40:00,1,75,75104,2,2,1,3,"RUE DE LOBAU","48,8569240","2,3539020",201900036188,138 238 074,B01,1,1,0,2,2,1,5,NULL,201900036188,138 238 074,B01,1,1,4,1,1960,1,2,0,-1,0,0,-1,201900036188,4,"RUE DE LOBAU",0,NULL,1,2,0,1,0,0,1,NULL,NULL,1,0,5,50
201900036716,25,10,2019,20:18:00,5,84,84007,2,2,1,3,"MONCLAR (Avenue)","43,9374800","4,8050900",201900036716,138 237 077,B01,3,1,0,2,3,1,0,NULL,201900036716,138 237 076,A01,1,1,1,1,1989,5,1,0,-1,-1," -1",-1,201900036716,4,"MONCLAR (Avenue)",0,NULL,2,0,1,1,0,1,1,NULL,NULL,1,5,1,50
201900036716,25,10,2019,20:18:00,5,84,84007,2,2,1,3,"MONCLAR (Avenue)","43,9374800","4,8050900",201900036716,138 237 077,B01,3,1,0,2,3,1,0,NULL,201900036716,138 237 077,B01,1,1,3,1,1966,5,8,4,-1,-1," -1",-1,201900036716,4,"MONCLAR (Avenue)",0,NULL,2,0,1,1,0,1,1,NULL,NULL,1,5,1,50
201900038455,22,6,2019,18:30:00,1,75,75103,2,2,1,6,"BOULEVARD DE SEBASTOPOL","48,8634030","2,3509510",201900038455,138 233 811,A01,1,1,0,1,2,1,5,NULL,201900038455,138 233 811,A01,1,1,4,1,1995,5,2,0,-1,0,0,-1,201900038455,4,"BOULEVARD DE SEBASTOPOL",0,NULL,1,4,1,1,0,0,1,NULL,NULL,1,0,5,50
201900038455,22,6,2019,18:30:00,1,75,75103,2,2,1,6,"BOULEVARD DE SEBASTOPOL","48,8634030","2,3509510",201900038455,138 233 811,A01,1,1,0,1,2,1,5,NULL,201900038455,138 233 811,A01,10,3,1,1,1961,3,8,0,-1,2,3,1,201900038455,4,"BOULEVARD DE SEBASTOPOL",0,NULL,1,4,1,1,0,0,1,NULL,NULL,1,0,5,50
201900043690,8,12,2019,18:10:00,5,33,33063,2,2,1,3,"RUE DUPATY","44,8585600"," -0,5636500",201900043690,138 224 020,B01,2,1,0,2,0,1,5,NULL,201900043690,138 224 019,A01,1,1,1,1,2000,0,8,0,-1,-1," -1",-1,201900043690,4,"RUE DUPATY",0,NULL,1,1,0,1,0,0,1,NULL,NULL,1,0,1,50
201900043690,8,12,2019,18:10:00,5,33,33063,2,2,1,3,"RUE DUPATY","44,8585600"," -0,5636500",201900043690,138 224 020,B01,2,1,0,2,0,1,5,NULL,201900043690,138 224 020,B01,1,1,4,1,1973,0,8,0,-1,-1," -1",-1,201900043690,4,"RUE DUPATY",0,NULL,1,1,0,1,0,0,1,NULL,NULL,1,0,1,50
201900043983,31,5,2019,16:15:00,1,69,69382,2,1,7,5,"BELLECOUR                           (PL)","45,7581900","4,8332600",201900043983,138 223 504,B01,2,1,0,2,3,7,5,NULL,201900043983,138 223 502,C01,1,1,1,1,1965,4,1,0,-1,-1,0,-1,201900043983,7,"BELLECOUR                           (PL)",0,NULL,1,2,3,1,0,0,1,NULL,NULL,1,0,1,50
201900043983,31,5,2019,16:15:00,1,69,69382,2,1,7,5,"BELLECOUR                           (PL)","45,7581900","4,8332600",201900043983,138 223 504,B01,2,1,0,2,3,7,5,NULL,201900043983,138 223 503,A01,1,1,1,1,2003,5,8,0,-1,-1,0,-1,201900043983,7,"BELLECOUR                           (PL)",0,NULL,1,2,3,1,0,0,1,NULL,NULL,1,0,1,50
201900043983,31,5,2019,16:15:00,1,69,69382,2,1,7,5,"BELLECOUR                           (PL)","45,7581900","4,8332600",201900043983,138 223 504,B01,2,1,0,2,3,7,5,NULL,201900043983,138 223 504,B01,1,1,4,1,1991,5,8,0,-1,-1,0,-1,201900043983,7,"BELLECOUR                           (PL)",0,NULL,1,2,3,1,0,0,1,NULL,NULL,1,0,1,50
201900044868,18,8,2019,10:35:00,1,67,67100,2,1,1,7,D758,"48,7170530","7,6513080",201900044868,138 221 749,A01,2,1,0,0,0,1,5,NULL,201900044868,138 221 749,A01,1,1,2,1,1979,5,2,-1,-1,0,0,-1,201900044868,9,758,0,NULL,2,2,1,1,1,800,1,NULL,NULL,1,0,5,50
201900046514,27,9,2019,13:00:00,1,75,75116,2,7,2,3,"PLACE DU TROCADERO ET DU 11 NOVEMBRE","48,8625224","2,2872586",201900046514,138 218 563,B01,1,1,0,2,4,1,5,NULL,201900046514,138 218 562,A01,1,1,1,1,1990,5,1,0,-1,0,0,-1,201900046514,4,"PLACE DU TROCADERO ET DU 11 NOVEMBRE",0,NULL,1,2,0,1,0,0,1,NULL,NULL,2,0,1,50
201900046514,27,9,2019,13:00:00,1,75,75116,2,7,2,3,"PLACE DU TROCADERO ET DU 11 NOVEMBRE","48,8625224","2,2872586",201900046514,138 218 563,B01,1,1,0,2,4,1,5,NULL,201900046514,138 218 563,B01,1,1,4,2,2003,2,2,8,-1,0,0,-1,201900046514,4,"PLACE DU TROCADERO ET DU 11 NOVEMBRE",0,NULL,1,2,0,1,0,0,1,NULL,NULL,2,0,1,50
201900047402,28,5,2019,11:30:00,1,1,01285,2,9,1,3,"Chemin des Eguets","45,9208300","4,8150830",201900047402,138 216 937,B01,0,1,0,2,7,1,5,NULL,201900047402,138 216 937,B01,1,1,3,1,1946,5,2,-1,-1,0,0,-1,201900047402,4,NULL,NULL,NULL,2,2,0,1,(1),(1),4,NULL,NULL,1,0,1,70
201900047402,28,5,2019,11:30:00,1,1,01285,2,9,1,3,"Chemin des Eguets","45,9208300","4,8150830",201900047402,138 216 937,B01,0,1,0,2,7,1,5,NULL,201900047402,138 216 938,A01,1,1,1,2,1999,5,8,-1,-1,0,0,-1,201900047402,4,NULL,NULL,NULL,2,2,0,1,(1),(1),4,NULL,NULL,1,0,1,70
201900051114,4,12,2019,15:55:00,1,24,24322,2,3,1,3,"ANGOULEME (ROUTE D')","45,1993900","0,6983400",201900051114,138 210 051,B01,3,1,0,2,1,19,5,NULL,201900051114,138 210 051,B01,1,1,3,1,2003,2,8,0,-1,-1," -1",-1,201900051114,4,"ANGOULEME (ROUTE D')",0,NULL,2,2,1,1,0,0,1,NULL,NULL,1,5,1,50
201900051114,4,12,2019,15:55:00,1,24,24322,2,3,1,3,"ANGOULEME (ROUTE D')","45,1993900","0,6983400",201900051114,138 210 051,B01,3,1,0,2,1,19,5,NULL,201900051114,138 210 052,A01,1,1,1,1,1975,4,1,0,-1,-1,0,-1,201900051114,4,"ANGOULEME (ROUTE D')",0,NULL,2,2,1,1,0,0,1,NULL,NULL,1,5,1,50
201900051215,12,6,2019,13:00:00,1,33,33063,2,3,3,2,"RUE BERNARD ADOUR CAUD","44,8382400"," -0,6093040",201900051215,138 209 860,B01,1,1,1,0,1,1,5,NULL,201900051215,138 209 859,A01,1,1,1,1,2000,4,8,0,-1,0,0,-1,201900051215,4,"RUE BERNARD ADOUR CAUD",0,NULL,1,1,0,1,0,0,1,NULL,NULL,2,0,1,50
201900051215,12,6,2019,13:00:00,1,33,33063,2,3,3,2,"RUE BERNARD ADOUR CAUD","44,8382400"," -0,6093040",201900051215,138 209 860,B01,1,1,1,0,1,1,5,NULL,201900051215,138 209 860,B01,1,1,4,1,2006,2,8,0,-1,0,0,-1,201900051215,4,"RUE BERNARD ADOUR CAUD",0,NULL,1,1,0,1,0,0,1,NULL,NULL,2,0,1,50
201900051583,28,10,2019,08:35:00,1,75,75120,2,1,1,3,"AVENUE GAMBETTA","48,8635600","2,3900320",201900051583,138 209 130,B01,1,1,0,2,1,1,5,NULL,201900051583,138 209 130,B01,1,1,4,1,1999,0,8,2,-1,0,0,-1,201900051583,4,"AVENUE GAMBETTA",0,NULL,2,2,0,2,0,0,1,NULL,NULL,1,0,1,30