Num_Acc,jour,mois,an,hrmn,lum,dep,com,agg,int,atm,col,adr,lat,long,Num_Acc,id_vehicule,num_veh,senc,catv,obs,obsm,choc,manv,motor,occutc,Num_Acc,id_vehicule,num_veh,place,catu,grav,sexe,an_nais,trajet,secu1,secu2,secu3,locp,actp,etatp,Num_Acc,catr,voie,v1,v2,circ,nbv,vosp,prof,pr,pr1,plan,lartpc,larrout,surf,infra,situ,vma
201900051583,28,10,2019,08:35:00,1,75,75120,2,1,1,3,"AVENUE GAMBETTA","48,8635600","2,3900320",201900051583,138 209 130,B01,1,1,0,2,1,1,5,NULL,201900051583,138 209 132,A01,1,1,1,1,1984,9,1,0,-1,0,0,-1,201900051583,4,"AVENUE GAMBETTA",0,NULL,2,2,0,2,0,0,1,NULL,NULL,1,0,1,30
201900052879,14,5,2019,11:00:00,1,64,64495,2,3,1,3,"Quartier Ibarron","43,3561790"," -1,5668780",201900052879,138 206 610,B01,2,1,0,2,1,1,5,NULL,201900052879,138 206 610,B01,1,1,4,1,1961,5,2,-1,-1,0,0,-1,201900052879,3,918,NULL,NULL,2,2,0,2,11,700,1,NULL,NULL,1,8,1,50
201900052879,14,5,2019,11:00:00,1,64,64495,2,3,1,3,"Quartier Ibarron","43,3561790"," -1,5668780",201900052879,138 206 610,B01,2,1,0,2,1,1,5,NULL,201900052879,138 206 611,A01,1,1,1,1,1972,5,1,-1,-1,0,0,-1,201900052879,3,918,NULL,NULL,2,2,0,2,11,700,1,NULL,NULL,1,8,1,50
201900053242,15,2,2019,16:15:00,1,44,44184,2,3,1,3,"G. ANDRÉ/G. SAND","47,2688500"," -2,2281300",201900053242,138 205 931,B01,3,1,0,2,1,1,5,NULL,201900053242,138 205 930,A01,1,1,4,1,1994,5,1,0,-1,0,0,-1,201900053242,4,NULL,0,NULL,2,2,1,1,0,0,1,NULL,NULL,1,0,1,50
201900053242,15,2,2019,16:15:00,1,44,44184,2,3,1,3,"G. ANDRÉ/G. SAND","47,2688500"," -2,2281300",201900053242,138 205 931,B01,3,1,0,2,1,1,5,NULL,201900053242,138 205 931,B01,10,3,4,2,1938,5,8,0,-1,9,0,-1,201900053242,4,NULL,0,NULL,2,2,1,1,0,0,1,NULL,NULL,1,0,1,50
201900056990,1,6,2019,11:20:00,1,75,75101,2,7,1,2,"PLACE DU CHATELET","48,8577120","2,3477530",201900056990,138 199 001,B01,3,1,0,2,4,23,5,NULL,201900056990,138 199 000,A01,1,1,1,1,1990,4,1,0,-1,0,0,-1,201900056990,4,"PLACE DU CHATELET",0,NULL,1,4,0,1,0,0,1,NULL,NULL,1,0,1,50
201900056990,1,6,2019,11:20:00,1,75,75101,2,7,1,2,"PLACE DU CHATELET","48,8577120","2,3477530",201900056990,138 199 001,B01,3,1,0,2,4,23,5,NULL,201900056990,138 199 001,B01,2,1,4,1,1950,1,8,0,-1,0,0,-1,201900056990,4,"PLACE DU CHATELET",0,NULL,1,4,0,1,0,0,1,NULL,NULL,1,0,1,50
201900009440,18,10,2019,07:00:00,1,33,33281,1,2,1,3,"AVE MARCEL DASSAULT","44,8457500"," -0,7252900",201900009440,138 288 847,B01,2,1,0,2,0,1,5,NULL,201900009440,138 288 847,B01,1,1,4,1,1986,1,8,0,-1,-1," -1",-1,201900009440,4,"AVE MARCEL DASSAULT",0,NULL,2,5,2,1,(1),(1),1,NULL,NULL,1,0,1,80
201900009440,18,10,2019,07:00:00,1,33,33281,1,2,1,3,"AVE MARCEL DASSAULT","44,8457500"," -0,7252900",201900009440,138 288 847,B01,2,1,0,2,0,1,5,NULL,201900009440,138 288 848,A01,1,1,1,2,1965,1,1,0,-1,-1," -1",-1,201900009440,4,"AVE MARCEL DASSAULT",0,NULL,2,5,2,1,(1),(1),1,NULL,NULL,1,0,1,80
201900009501,10,9,2019,12:35:00,1,69,69074,1,2,1,3,D19/D44,"46,0084100","4,6368640",201900009501,138 288 739,A01,0,1,0,2,1,1,5,NULL,201900009501,138 288 738,B01,1,1,1,2,1970,4,1,-1,-1,0,0,-1,201900009501,3,44,NULL,NULL,2,2,0,2,9,50,1,NULL,NULL,1,0,1,80
201900009501,10,9,2019,12:35:00,1,69,69074,1,2,1,3,D19/D44,"46,0084100","4,6368640",201900009501,138 288 739,A01,0,1,0,2,1,1,5,NULL,201900009501,138 288 739,A01,1,1,3,1,1946,5,2,-1,-1,0,0,-1,201900009501,3,44,NULL,NULL,2,2,0,2,9,50,1,NULL,NULL,1,0,1,80
201900010109,17,10,2019,20:00:00,5,92,92048,2,1,8,6,"PARIS (RUE DE) N° 1 A 15BIS","48,8167700","2,2478500",201900010109,138 287 640,A01,2,1,0,1,1,1,5,NULL,201900010109,138 287 640,A01,1,1,4,1,2001,5,8,0,-1,-1,0,-1,201900010109,4,"PARIS (RUE DE) N° 1 A 15BIS",0,NULL,2,2,0,2,0,0,1,NULL,NULL,1,0,1,50
201900010109,17,10,2019,20:00:00,5,92,92048,2,1,8,6,"PARIS (RUE DE) N° 1 A 15BIS","48,8167700","2,2478500",201900010109,138 287 640,A01,2,1,0,1,1,1,5,NULL,201900010109,138 287 640,A01,10,3,4,2,1958,3,8,0,-1,2,3,1,201900010109,4,"PARIS (RUE DE) N° 1 A 15BIS",0,NULL,2,2,0,2,0,0,1,NULL,NULL,1,0,1,50
201900011990,17,10,2019,18:30:00,2,75,75102,2,2,8,3,"RUE DE TURBIGO","48,8641035","2,3501137",201900011990,138 284 149,B01,2,1,0,2,1,13,5,NULL,201900011990,138 284 149,B01,1,1,4,1,1997,1,8,2,-1,0,0,-1,201900011990,4,"RUE DE TURBIGO",0,NULL,2,4,1,1,0,0,1,NULL,NULL,1,0,5,30
201900011990,17,10,2019,18:30:00,2,75,75102,2,2,8,3,"RUE DE TURBIGO","48,8641035","2,3501137",201900011990,138 284 149,B01,2,1,0,2,1,13,5,NULL,201900011990,138 284 150,A01,1,1,4,2,1966,0,8,2,-1,0,0,-1,201900011990,4,"RUE DE TURBIGO",0,NULL,2,4,1,1,0,0,1,NULL,NULL,1,0,5,30
201900012406,9,8,2019,09:35:00,1,64,64067,2,2,1,3,"5 Route de Pau","43,2543467"," -0,2973434",201900012406,138 283 416,A01,2,1,0,2,1,1,5,NULL,201900012406,138 283 416,A01,1,1,4,1,1952,5,2,-1,-1,0,0,-1,201900012406,3,937,0,D,2,2,0,1,7,800,1,NULL,NULL,1,0,1,50
201900012406,9,8,2019,09:35:00,1,64,64067,2,2,1,3,"5 Route de Pau","43,2543467"," -0,2973434",201900012406,138 283 416,A01,2,1,0,2,1,1,5,NULL,201900012406,138 283 417,B01,1,1,1,2,1970,9,0,-1,-1,0,0,-1,201900012406,3,937,0,D,2,2,0,1,7,800,1,NULL,NULL,1,0,1,50
201900016477,19,11,2019,16:20:00,1,75,75118,2,7,1,1,"RUE CHAMPIONNET","48,8958350","2,3458360",201900016477,138 275 649,B01,1,1,0,2,1,5,5,NULL,201900016477,138 275 649,B01,1,1,4,1,1971,9,8,2,-1,0,0,-1,201900016477,4,"RUE CHAMPIONNET",0,NULL,1,2,0,1,67,0,1,NULL,NULL,1,0,1,50
201900016477,19,11,2019,16:20:00,1,75,75118,2,7,1,1,"RUE CHAMPIONNET","48,8958350","2,3458360",201900016477,138 275 649,B01,1,1,0,2,1,5,5,NULL,201900016477,138 275 650,A01,1,1,1,1,1990,4,1,0,-1,0,0,-1,201900016477,4,"RUE CHAMPIONNET",0,NULL,1,2,0,1,67,0,1,NULL,NULL,1,0,1,50
201900019122,10,9,2019,13:55:00,1,56,56260,2,6,1,2,"TOHANNIC(GIRATOIRE DE)","47,6444300"," -2,7440600",201900019122,138 270 697,B01,1,1,0,2,5,9,5,NULL,201900019122,138 270 697,B01,1,1,4,1,1978,5,2,0,-1,0,0,-1,201900019122,4,"TOHANNIC(GIRATOIRE DE)",0,NULL,1,1,0,1,0,0,1,NULL,NULL,1,5,1,50
201900019122,10,9,2019,13:55:00,1,56,56260,2,6,1,2,"TOHANNIC(GIRATOIRE DE)","47,6444300"," -2,7440600",201900019122,138 270 697,B01,1,1,0,2,5,9,5,NULL,201900019122,138 270 698,A01,1,1,1,1,1982,4,1,0,-1,0,0,-1,201900019122,4,"TOHANNIC(GIRATOIRE DE)",0,NULL,1,1,0,1,0,0,1,NULL,NULL,1,5,1,50
201900019387,22,4,2019,11:30:00,1,81,81039,1,2,1,6,"La Millotte","43,7660990","1,9093730",201900019387,138 270 196,A01,1,1,0,2,0,1,5,NULL,201900019387,138 270 196,A01,1,1,3,1,1954,5,2,-1,-1,0,0,-1,201900019387,3,39,NULL,NULL,2,2,0,1,4,450,2,NULL,NULL,1,0,1,80
201900019960,10,5,2019,10:30:00,1,91,91064,1,9,1,3,"FAVREUSE (ROUTE DE)","48,7440700","2,1888500",201900019960,138 269 069,A01,3,1,0,2,1,26,5,NULL,201900019960,138 269 068,B01,1,1,1,1,1996,1,1,8,-1,0,0,-1,201900019960,4,"FAVREUSE (ROUTE DE)",0,NULL,-1,2,0,1,1,0,3,NULL,NULL,1,0,1,50
201900019960,10,5,2019,10:30:00,1,91,91064,1,9,1,3,"FAVREUSE (ROUTE DE)","48,7440700","2,1888500",201900019960,138 269 069,A01,3,1,0,2,1,26,5,NULL,201900019960,138 269 069,A01,1,1,4,1,1963,1,2,8,-1,0,0,-1,201900019960,4,"FAVREUSE (ROUTE DE)",0,NULL,-1,2,0,1,1,0,3,NULL,NULL,1,0,1,50
201900023255,29,6,2019,16:10:00,1,45,45234,2,3,1,3,"PLACE DOMREMY - RUE SAINT MARCEAU","47,8898023","1,9056968",201900023255,138 262 775,A01,0,1,0,2,1,1,0,NULL,201900023255,138 262 774,B01,1,1,1,1,1979,5,1,0,-1,0,0,-1,201900023255,4,"PLACE DOMREMY",0,NULL,2,2,2,1,(1),(1),1,NULL,NULL,1,4,1,50
201900023255,29,6,2019,16:10:00,1,45,45234,2,3,1,3,"PLACE DOMREMY - RUE SAINT MARCEAU","47,8898023","1,9056968",201900023255,138 262 775,A01,0,1,0,2,1,1,0,NULL,201900023255,138 262 775,A01,1,1,4,1,2003,5,8,0,-1,0,0,-1,201900023255,4,"PLACE DOMREMY",0,NULL,2,2,2,1,(1),(1),1,NULL,NULL,1,4,1,50
201900027388,7,11,2019,07:35:00,2,42,42147,2,6,8,2,"1 Boulevard Carnot","45,6065050","4,0686550",201900027388,138 254 790,B01,0,1,0,2,5,1,5,NULL,201900027388,138 254 789,A01,1,1,1,1,1974,1,1,-1,-1,0,0,-1,201900027388,4,NULL,0,NULL,2,2,0,1,(1),(1),2,NULL,NULL,2,5,1,50
201900027388,7,11,2019,07:35:00,2,42,42147,2,6,8,2,"1 Boulevard Carnot","45,6065050","4,0686550",201900027388,138 254 790,B01,0,1,0,2,5,1,5,NULL,201900027388,138 254 790,B01,1,1,4,1,1982,1,2,-1,-1,0,0,-1,201900027388,4,NULL,0,NULL,2,2,0,1,(1),(1),2,NULL,NULL,2,5,1,50
201900029002,9,5,2019,08:15:00,1,49,49007,2,1,1,6,"FOCH BOULEVARD","47,4698400"," -0,5489000",201900029002,138 251 793,A01,1,1,0,0,0,26,5,NULL,201900029002,138 251 793,A01,1,1,4,1,2000,0,2,0,-1,-1,0,-1,201900029002,4,"FOCH BOULEVARD",0,NULL,-1,1,0,1,0,0,1,NULL,NULL,1,0,1,10
201900029883,23,1,2019,14:25:00,1,971,97116,1,1,1,1,"Bonne terre","16,3519260"," -61,4505150",201900029883,138 250 140,B01,3,1,0,2,1,13,5,NULL,201900029883,138 250 140,B01,1,1,4,1,2000,0,0,-1,-1,0,0,-1,201900029883,4,NULL,NULL,NULL,2,2,0,1,(1),(1),3,NULL,NULL,1,0,1,50
201900029883,23,1,2019,14:25:00,1,971,97116,1,1,1,1,"Bonne terre","16,3519260"," -61,4505150",201900029883,138 250 140,B01,3,1,0,2,1,13,5,NULL,201900029883,138 250 141,A01,1,1,1,2,1989,0,1,-1,-1,0,0,-1,201900029883,4,NULL,NULL,NULL,2,2,0,1,(1),(1),3,NULL,NULL,1,0,1,50
201900029883,23,1,2019,14:25:00,1,971,97116,1,1,1,1,"Bonne terre","16,3519260"," -61,4505150",201900029883,138 250 140,B01,3,1,0,2,1,13,5,NULL,201900029883,138 250 141,A01,2,2,1,1,2007,0,1,-1,-1,0,0,-1,201900029883,4,NULL,NULL,NULL,2,2,0,1,(1),(1),3,NULL,NULL,1,0,1,50
201900030481,6,3,2019,13:40:00,1,75,75111,2,3,8,3,"BOULEVARD BEAUMARCHAIS","48,8594760","2,3676050",201900030481,138 249 003,A01,2,1,0,2,1,7,5,NULL,201900030481,138 249 003,A01,1,1,4,1,1991,1,2,0,-1,0,0,-1,201900030481,4,"BOULEVARD BEAUMARCHAIS",0,NULL,2,3,3,1,0,0,1,NULL,NULL,2,0,6,50
201900030481,6,3,2019,13:40:00,1,75,75111,2,3,8,3,"BOULEVARD BEAUMARCHAIS","48,8594760","2,3676050",201900030481,138 249 003,A01,2,1,0,2,1,7,5,NULL,201900030481,138 249 004,B01,1,1,1,1,1960,1,1,0,-1,0,0,-1,201900030481,4,"BOULEVARD BEAUMARCHAIS",0,NULL,2,3,3,1,0,0,1,NULL,NULL,2,0,6,50
201900031875,27,8,2019,10:00:00,1,87,87027,1,1,2,7,Fayollas,"45,6135870","1,0003590",201900031875,138 246 445,A01,1,1,0,0,1,2,5,NULL,201900031875,138 246 445,A01,1,1,3,1,1976,5,2,-1,-1,0,0,-1,201900031875,3,64,0,NULL,2,2,0,2,11,692,3,NULL,NULL,2,0,1,80
201900032086,3,9,2019,15:35:00,1,75,75114,2,1,1,3,"AVENUE DU GENERAL LECLERC","48,8284772","2,3274158",201900032086,138 246 019,A01,1,1,0,2,8,19,5,NULL,201900032086,138 246 018,B01,1,1,1,1,1964,5,2,6,-1,0,0,-1,201900032086,4,"AVENUE DU GENERAL LECLERC",0,NULL,2,5,0,1,0,0,1,NULL,NULL,1,0,1,50
201900032086,3,9,2019,15:35:00,1,75,75114,2,1,1,3,"AVENUE DU GENERAL LECLERC","48,8284772","2,3274158",201900032086,138 246 019,A01,1,1,0,2,8,19,5,NULL,201900032086,138 246 019,A01,1,1,4,1,1980,4,2,8,-1,0,0,-1,201900032086,4,"AVENUE DU GENERAL LECLERC",0,NULL,2,5,0,1,0,0,1,NULL,NULL,1,0,1,50
201900033612,21,1,2019,13:00:00,1,35,35281,1,3,1,5,"RD 634","48,0698700"," -1,7103900",201900033612,138 243 045,C01,2,1,0,2,6,1,5,NULL,201900033612,138 243 044,B01,1,1,1,1,1964,4,1,0,-1,-1," -1",-1,201900033612,3,634,0,NULL,2,2,0,1,0,260,1,NULL,NULL,1,5,1,50
201900033612,21,1,2019,13:00:00,1,35,35281,1,3,1,5,"RD 634","48,0698700"," -1,7103900",201900033612,138 243 045,C01,2,1,0,2,6,1,5,NULL,201900033612,138 243 045,C01,1,1,4,2,1979,1,2,0,-1,-1,0,-1,201900033612,3,634,0,NULL,2,2,0,1,0,260,1,NULL,NULL,1,5,1,50
201900033612,21,1,2019,13:00:00,1,35,35281,1,3,1,5,"RD 634","48,0698700"," -1,7103900",201900033612,138 243 045,C01,2,1,0,2,6,1,5,NULL,201900033612,138 243 046,A01,1,1,4,1,1978,1,1,5,-1,-1," -1",-1,201900033612,3,634,0,NULL,2,2,0,1,0,260,1,NULL,NULL,1,5,1,50
201900034242,8,4,2019,11:30:00,1,30,30189,2,1,1,1,"RONDES (CHEMIN)","43,8727300","4,3570400",201900034242,138 241 824,B01,2,1,0,2,1,1,5,NULL,201900034242,138 241 823,A01,1,1,1,1,1997,4,1,0,-1,-1,0,-1,201900034242,4,"RONDES (CHEMIN)",0,NULL,2,2,0,2,0,0,4,NULL,NULL,1,0,1,50
201900034242,8,4,2019,11:30:00,1,30,30189,2,1,1,1,"RONDES (CHEMIN)","43,8727300","4,3570400",201900034242,138 241 824,B01,2,1,0,2,1,1,5,NULL,201900034242,138 241 824,B01,1,1,3,1,1998,9,2,0,-1,-1,0,-1,201900034242,4,"RONDES (CHEMIN)",0,NULL,2,2,0,2,0,0,4,NULL,NULL,1,0,1,50
201900034274,23,7,2019,10:00:00,1,75,75115,2,3,1,7,"QUAI DE GRENELLE","48,8536990","2,2876780",201900034274,138 241 761,A01,1,1,0,0,0,1,5,NULL,201900034274,138 241 761,A01,1,1,4,1,1985,1,2,0,-1,0,0,-1,201900034274,4,"QUAI DE GRENELLE",0,NULL,2,-1,1,1,0,0,1,NULL,NULL,1,0,5,50
201900034279,23,7,2019,16:10:00,1,94,94068,2,1,1,1,"PARC (QU DU)","48,8100100","2,4985700",201900034279,138 241 754,B01,1,1,0,6,1,26,5,NULL,201900034279,138 241 753,A01,1,1,4,1,1999,5,8,0,-1,-1," -1",-1,201900034279,9,"PARC (QU DU)",0,NULL,-1,1,0,1,0,0,2,NULL,NULL,1,6,1,30
201900034279,23,7,2019,16:10:00,1,94,94068,2,1,1,1,"PARC (QU DU)","48,8100100","2,4985700",201900034279,138 241 753,A01,2,1,0,6,1,25,5,NULL,201900034279,138 241 753,A01,1,1,4,1,1999,5,8,0,-1,-1," -1",-1,201900034279,9,"PARC (QU DU)",0,NULL,-1,1,0,1,0,0,2,NULL,NULL,1,6,1,30
201900034279,23,7,2019,16:10:00,1,94,94068,2,1,1,1,"PARC (QU DU)","48,8100100","2,4985700",201900034279,138 241 754,B01,1,1,0,6,1,26,5,NULL,201900034279,138 241 754,B01,1,1,4,2,1972,5,8,0,-1,-1,0,-1,201900034279,9,"PARC (QU DU)",0,NULL,-1,1,0,1,0,0,2,NULL,NULL,1,6,1,30
201900034279,23,7,2019,16:10:00,1,94,94068,2,1,1,1,"PARC (QU DU)","48,8100100","2,4985700",201900034279,138 241 753,A01,2,1,0,6,1,25,5,NULL,201900034279,138 241 754,B01,1,1,4,2,1972,5,8,0,-1,-1,0,-1,201900034279,9,"PARC (QU DU)",0,NULL,-1,1,0,1,0,0,2,NULL,NULL,1,6,1,30
201900036546,28,5,2019,15:30:00,1,75,75105,2,1,1,2,"RUE POLIVEAU","48,8401460","2,3587790",201900036546,138 237 393,A01,2,1,0,2,1,5,5,NULL,201900036546,138 237 392,B01,1,1,1,2,1976,1,1,0,-1,0,0,-1,201900036546,4,"RUE POLIVEAU",0,NULL,1,2,0,1,0,0,1,NULL,NULL,1,0,1,30
201900036546,28,5,2019,15:30:00,1,75,75105,2,1,1,2,"RUE POLIVEAU","48,8401460","2,3587790",201900036546,138 237 393,A01,2,1,0,2,1,5,5,NULL,201900036546,138 237 393,A01,1,1,4,1,1943,5,8,0,-1,0,0,-1,201900036546,4,"RUE POLIVEAU",0,NULL,1,2,0,1,0,0,1,NULL,NULL,1,0,1,30
201900037243,17,1,2019,12:40:00,1,75,75111,2,1,8,3,"BOULEVARD DU TEMPLE","48,8659070","2,3650430",201900037243,138 236 036,B01,1,1,0,2,2,1,5,NULL,201900037243,138 236 036,B01,1,1,4,1,1950,1,2,6,-1,0,0,-1,201900037243,4,"BOULEVARD DU TEMPLE",0,NULL,2,2,3,1,0,0,1,NULL,NULL,2,0,1,50
201900037243,17,1,2019,12:40:00,1,75,75111,2,1,8,3,"BOULEVARD DU TEMPLE","48,8659070","2,3650430",201900037243,138 236 036,B01,1,1,0,2,2,1,5,NULL,201900037243,138 236 037,A01,1,1,1,1,1952,1,1,0,-1,0,0,-1,201900037243,4,"BOULEVARD DU TEMPLE",0,NULL,2,2,3,1,0,0,1,NULL,NULL,2,0,1,50
201900037337,28,8,2019,17:15:00,1,80,80021,2,1,1,3,"PAUL CLAUDEL (AVENUE)","49,8753100","2,2799600",201900037337,138 235 844,B01,0,1,0,2,1,1,5,NULL,201900037337,138 235 844,B01,1,1,4,1,1984,5,8,0,-1,0,0,-1,201900037337,4,"PAUL CLAUDEL (AVENUE)",0,NULL,2,2,0,1,0,0,1,NULL,NULL,1,0,3,50
201900037337,28,8,2019,17:15:00,1,80,80021,2,1,1,3,"PAUL CLAUDEL (AVENUE)","49,8753100","2,2799600",201900037337,138 235 844,B01,0,1,0,2,1,1,5,NULL,201900037337,138 235 845,A01,1,1,1,1,1978,3,1,0,-1,0,0,-1,201900037337,4,"PAUL CLAUDEL (AVENUE)",0,NULL,2,2,0,1,0,0,1,NULL,NULL,1,0,3,50
201900037933,21,7,2019,08:15:00,1,31,31113,2,1,1,1,"12 Route de Mervilla","43,5142590","1,4851140",201900037933,138 234 704,A01,1,1,0,2,1,1,5,NULL,201900037933,138 234 704,A01,1,1,2,1,1966,5,2,-1,-1,0,0,-1,201900037933,3,79,0,D,2,2,0,2,1,400,2,NULL,NULL,1,0,1,50
201900037933,21,7,2019,08:15:00,1,31,31113,2,1,1,1,"12 Route de Mervilla","43,5142590","1,4851140",201900037933,138 234 704,A01,1,1,0,2,1,1,5,NULL,201900037933,138 234 705,B01,1,1,1,1,1990,5,1,-1,-1,0,0,-1,201900037933,3,79,0,D,2,2,0,2,1,400,2,NULL,NULL,1,0,1,50
201900038239,13,5,2019,22:20:00,5,75,75117,2,4,1,3,"AVENUE DE CLICHY","48,8912530","2,3190650",201900038239,138 234 176,B01,2,1,0,2,1,15,5,NULL,201900038239,138 234 176,B01,1,1,4,1,1990,9,2,0,-1,0,0,-1,201900038239,4,"AVENUE DE CLICHY",0,NULL,2,3,3,1,0,0,1,NULL,NULL,1,0,1,30
201900038239,13,5,2019,22:20:00,5,75,75117,2,4,1,3,"AVENUE DE CLICHY","48,8912530","2,3190650",201900038239,138 234 176,B01,2,1,0,2,1,15,5,NULL,201900038239,138 234 178,A01,1,1,4,1,1992,4,2,6,-1,0,0,-1,201900038239,4,"AVENUE DE CLICHY",0,NULL,2,3,3,1,0,0,1,NULL,NULL,1,0,1,30
201900040037,25,5,2019,19:05:00,1,75,75112,2,1,1,3,"AVENUE DE LA PORTE DE CHARENTON","48,8299210","2,4006720",201900040037,138 230 831,B01,3,1,0,2,1,1,5,NULL,201900040037,138 230 830,A01,2,2,1,2,2001,5,1,8,-1,0,0,-1,201900040037,4,"AVENUE DE LA PORTE DE CHARENTON",0,NULL,2,4,0,1,0,0,1,NULL,NULL,1,0,1,50
201900040037,25,5,2019,19:05:00,1,75,75112,2,1,1,3,"AVENUE DE LA PORTE DE CHARENTON","48,8299210","2,4006720",201900040037,138 230 831,B01,3,1,0,2,1,1,5,NULL,201900040037,138 230 830,A01,1,1,1,1,1998,5,1,8,-1,0,0,-1,201900040037,4,"AVENUE DE LA PORTE DE CHARENTON",0,NULL,2,4,0,1,0,0,1,NULL,NULL,1,0,1,50
201900040037,25,5,2019,19:05:00,1,75,75112,2,1,1,3,"AVENUE DE LA PORTE DE CHARENTON","48,8299210","2,4006720",201900040037,138 230 831,B01,3,1,0,2,1,1,5,NULL,201900040037,138 230 831,B01,2,1,4,1,1964,5,8,6,-1,0,0,-1,201900040037,4,"AVENUE DE LA PORTE DE CHARENTON",0,NULL,2,4,0,1,0,0,1,NULL,NULL,1,0,1,50
201900041322,6,4,2019,08:10:00,1,75,75115,2,1,1,6,"RUE LECOURBE","48,8436310","2,3061160",201900041322,138 228 496,A01,2,1,0,2,8,1,5,NULL,201900041322,138 228 496,A01,2,1,4,1,1979,5,8,0,-1,0,0,-1,201900041322,4,"RUE LECOURBE",0,NULL,1,1,0,1,0,0,1,NULL,NULL,1,8,1,50
201900041620,19,7,2019,17:35:00,1,94,94033,2,3,1,6,"ROGER SALENGRO (R)","48,8516200","2,4869300",201900041620,138 227 943,A01,1,1,0,1,0,21,5,NULL,201900041620,138 227 943,A01,1,1,1,1,1997,5,8,0,-1,-1," -1",-1,201900041620,4,"ROGER SALENGRO (R)",0,NULL,2,2,0,1,1,0,1,NULL,NULL,1,0,1,10
201900041620,19,7,2019,17:35:00,1,94,94033,2,3,1,6,"ROGER SALENGRO (R)","48,8516200","2,4869300",201900041620,138 227 943,A01,1,1,0,1,0,21,5,NULL,201900041620,138 227 943,A01,10,3,4,1,1988,1,0,-1,-1,3,3,1,201900041620,4,"ROGER SALENGRO (R)",0,NULL,2,2,0,1,1,0,1,NULL,NULL,1,0,1,10
201900043888,9,5,2019,10:45:00,5,92,75075,2,1,1,6,"JACQUES JEZEQUEL (AVENUE)","48,8197200","2,2905600",201900043888,138 223 675,B01,2,1,0,2,1,3,5,NULL,201900043888,138 223 675,B01,1,1,4,2,1974,0,2,0,-1,-1,0,-1,201900043888,4,"10 JACQUES JEZEQUEL (AVENUE)",0,NULL,2,2,2,1,0,0,1,NULL,NULL,2,0,1,50
201900043888,9,5,2019,10:45:00,5,92,75075,2,1,1,6,"JACQUES JEZEQUEL (AVENUE)","48,8197200","2,2905600",201900043888,138 223 675,B01,2,1,0,2,1,3,5,NULL,201900043888,138 223 676,A01,1,1,1,1,1989,0,1,0,-1,-1,0,-1,201900043888,4,"10 JACQUES JEZEQUEL (AVENUE)",0,NULL,2,2,2,1,0,0,1,NULL,NULL,2,0,1,50
201900044707,28,9,2019,08:40:00,1,10,10362,2,4,3,2,"DANTON (RUE)","48,2954600","4,0618600",201900044707,138 222 049,B01,3,1,0,2,4,1,0,NULL,201900044707,138 222 048,A01,1,1,1,1,2001,0,1,8,-1,-1," -1",-1,201900044707,4,"DANTON (RUE)",0,NULL,1,1,0,2,0,0,1,NULL,NULL,2,0,1,50
201900044707,28,9,2019,08:40:00,1,10,10362,2,4,3,2,"DANTON (RUE)","48,2954600","4,0618600",201900044707,138 222 049,B01,3,1,0,2,4,1,0,NULL,201900044707,138 222 049,B01,1,1,4,1,1955,0,2,0,-1,-1," -1",-1,201900044707,4,"DANTON (RUE)",0,NULL,1,1,0,2,0,0,1,NULL,NULL,2,0,1,50
201900045359,9,12,2019,17:05:00,5,75,75104,2,3,1,6,"RUE DE RIVOLI","48,8582340","2,3490770",201900045359,138 220 803,A01,1,1,0,1,7,1,5,NULL,201900045359,138 220 803,A01,10,3,4,2,1946,5,0,-1,-1,3,3,1,201900045359,4,"RUE DE RIVOLI",0,NULL,1,3,1,1,0,0,1,NULL,NULL,1,0,5,30
201900045359,9,12,2019,17:05:00,5,75,75104,2,3,1,6,"RUE DE RIVOLI","48,8582340","2,3490770",201900045359,138 220 803,A01,1,1,0,1,7,1,5,NULL,201900045359,138 220 803,A01,1,1,1,1,1995,5,2,8,-1,0,0,-1,201900045359,4,"RUE DE RIVOLI",0,NULL,1,3,1,1,0,0,1,NULL,NULL,1,0,5,30
201900045923,21,2,2019,18:30:00,2,71,71445,2,1,1,3,"LOUISE MICHEL (RUE)","46,7745300","4,8901500",201900045923,138 219 702,A01,3,1,0,2,1,2,5,NULL,201900045923,138 219 701,B01,1,1,1,2,1954,5,1,8,-1,0,0,-1,201900045923,4,"LOUISE MICHEL (RUE)",0,NULL,2,-1,0,1,0,0,1,NULL,NULL,1,0,1,50
201900045923,21,2,2019,18:30:00,2,71,71445,2,1,1,3,"LOUISE MICHEL (RUE)","46,7745300","4,8901500",201900045923,138 219 702,A01,3,1,0,2,1,2,5,NULL,201900045923,138 219 702,A01,1,1,4,1,2014,5,8,0,-1,0,0,-1,201900045923,4,"LOUISE MICHEL (RUE)",0,NULL,2,-1,0,1,0,0,1,NULL,NULL,1,0,1,50
201900046779,4,1,2019,16:20:00,1,92,92048,2,1,1,2,"VERD DE SAINT JULIEN (BOULEVARD)","48,8167400","2,2317400",201900046779,138 218 065,B01,1,1,1,2,4,2,5,NULL,201900046779,138 218 064,A01,1,1,1,1,1967,4,8,0,-1,-1,0,-1,201900046779,4,"VERD DE SAINT JULIEN (BOULEVARD)",0,NULL,2,2,0,1,0,0,1,NULL,NULL,1,0,2,50
201900046779,4,1,2019,16:20:00,1,92,92048,2,1,1,2,"VERD DE SAINT JULIEN (BOULEVARD)","48,8167400","2,2317400",201900046779,138 218 065,B01,1,1,1,2,4,2,5,NULL,201900046779,138 218 065,B01,10,3,4,2,1955,5,8,0,-1,2,2,1,201900046779,4,"VERD DE SAINT JULIEN (BOULEVARD)",0,NULL,2,2,0,1,0,0,1,NULL,NULL,1,0,2,50