Num_Acc,jour,mois,an,hrmn,lum,dep,com,agg,int,atm,col,adr,lat,long,Num_Acc,id_vehicule,num_veh,senc,catv,obs,obsm,choc,manv,motor,occutc,Num_Acc,id_vehicule,num_veh,place,catu,grav,sexe,an_nais,trajet,secu1,secu2,secu3,locp,actp,etatp,Num_Acc,catr,voie,v1,v2,circ,nbv,vosp,prof,pr,pr1,plan,lartpc,larrout,surf,infra,situ,vma
201900047607,4,6,2019,18:30:00,1,64,64024,2,1,8,7,"LAROCHEFOUCAULD (AVENUE DE)","43,4875728"," -1,5351792",201900047607,138 216 545,A01,3,1,12,0,1,26,5,NULL,201900047607,138 216 545,A01,1,1,3,2,1939,5,8,0,-1,-1,0,-1,201900047607,4,"LAROCHEFOUCAULD (AVENUE DE)",0,NULL,2,2,0,1,0,0,1,NULL,NULL,1,0,1,50
201900049479,18,6,2019,09:59:00,1,37,37261,2,1,1,3,"HEURTELOUP (BOULEVARD)","47,3930000","0,7020000",201900049479,138 213 076,B01,3,1,0,2,8,19,5,NULL,201900049479,138 213 076,B01,2,1,4,1,2006,2,8,0,-1,-1,0,-1,201900049479,4,"HEURTELOUP (BOULEVARD)",0,NULL,3,2,0,1,0,0,1,NULL,NULL,1,0,1,50
201900049479,18,6,2019,09:59:00,1,37,37261,2,1,1,3,"HEURTELOUP (BOULEVARD)","47,3930000","0,7020000",201900049479,138 213 076,B01,3,1,0,2,8,19,5,NULL,201900049479,138 213 077,A01,1,1,1,2,1931,9,1,0,-1,-1,0,-1,201900049479,4,"HEURTELOUP (BOULEVARD)",0,NULL,3,2,0,1,0,0,1,NULL,NULL,1,0,1,50
201900051835,6,1,2019,10:45:00,1,972,97221,1,1,1,7,"Quartier Là-haut","14,5224170"," -60,9664110",201900051835,138 208 656,A01,1,1,0,0,0,21,5,NULL,201900051835,138 208 656,A01,1,1,3,1,2002,5,0,-1,-1,0,0,-1,201900051835,3,35,0,D,2,2,0,3,1,500,1,NULL,NULL,1,0,1,-1
201900055039,29,5,2019,14:10:00,1,75,75118,2,1,1,3,"BOULEVARD PERIPHERIQUE","48,9003880","2,3590750",201900055039,138 202 578,B01,2,1,0,2,1,5,5,NULL,201900055039,138 202 577,A01,1,1,1,1,1962,1,2,8,-1,0,0,-1,201900055039,4,"ECHANGEUR CHAPELLE",0,NULL,1,2,0,2,(1),(1),1,NULL,NULL,1,0,1,70
201900055039,29,5,2019,14:10:00,1,75,75118,2,1,1,3,"BOULEVARD PERIPHERIQUE","48,9003880","2,3590750",201900055039,138 202 578,B01,2,1,0,2,1,5,5,NULL,201900055039,138 202 578,B01,1,1,4,1,1979,5,8,0,-1,0,0,-1,201900055039,4,"ECHANGEUR CHAPELLE",0,NULL,1,2,0,2,(1),(1),1,NULL,NULL,1,0,1,70
201900055670,23,9,2019,14:15:00,1,68,68315,2,1,1,1,"35 rue du fossé","47,8854170","7,2275460",201900055670,138 201 442,B01,2,1,0,2,1,1,5,NULL,201900055670,138 201 441,A01,1,1,1,1,1973,5,1,-1,-1,0,0,-1,201900055670,4,NULL,NULL,NULL,1,1,0,4,(1),(1),1,NULL,NULL,1,0,1,30
201900055670,23,9,2019,14:15:00,1,68,68315,2,1,1,1,"35 rue du fossé","47,8854170","7,2275460",201900055670,138 201 442,B01,2,1,0,2,1,1,5,NULL,201900055670,138 201 442,B01,1,1,4,1,2004,5,0,-1,-1,0,0,-1,201900055670,4,NULL,NULL,NULL,1,1,0,4,(1),(1),1,NULL,NULL,1,0,1,30
201900056580,18,6,2019,20:40:00,1,75,75117,2,1,1,1,"RUE DU CAPITAINE LAGACHE","48,8921010","2,3256410",201900056580,138 199 754,B01,2,1,0,2,1,1,5,NULL,201900056580,138 199 750,A01,1,1,4,1,1982,5,2,6,-1,0,0,-1,201900056580,4,"RUE DU CAPITAINE LAGACHE",0,NULL,1,2,2,1,0,0,1,NULL,NULL,1,0,5,30
201900056580,18,6,2019,20:40:00,1,75,75117,2,1,1,1,"RUE DU CAPITAINE LAGACHE","48,8921010","2,3256410",201900056580,138 199 754,B01,2,1,0,2,1,1,5,NULL,201900056580,138 199 750,A01,2,2,4,1,1981,5,2,0,-1,0,0,-1,201900056580,4,"RUE DU CAPITAINE LAGACHE",0,NULL,1,2,2,1,0,0,1,NULL,NULL,1,0,5,30
201900056580,18,6,2019,20:40:00,1,75,75117,2,1,1,1,"RUE DU CAPITAINE LAGACHE","48,8921010","2,3256410",201900056580,138 199 754,B01,2,1,0,2,1,1,5,NULL,201900056580,138 199 754,B01,1,1,4,1,1982,1,2,8,-1,0,0,-1,201900056580,4,"RUE DU CAPITAINE LAGACHE",0,NULL,1,2,2,1,0,0,1,NULL,NULL,1,0,5,30
201900058102,21,9,2019,12:00:00,1,94,94075,2,3,7,1,"REVEILLON (R DE)","48,7190700","2,5454100",201900058102,138 196 959,Y01,1,1,0,2,1,1,5,NULL,201900058102,138 196 959,Y01,1,1,4,1,1954,0,8,0,-1,-1," -1",-1,201900058102,4,"REVEILLON (R DE)",0,NULL,2,2,0,2,0,0,1,NULL,NULL,1,0,1,50
201900058102,21,9,2019,12:00:00,1,94,94075,2,3,7,1,"REVEILLON (R DE)","48,7190700","2,5454100",201900058102,138 196 959,Y01,1,1,0,2,1,1,5,NULL,201900058102,138 196 962,A01,1,1,1,2,1991,1,1,8,-1,-1," -1",-1,201900058102,4,"REVEILLON (R DE)",0,NULL,2,2,0,2,0,0,1,NULL,NULL,1,0,1,50
201900009403,6,12,2019,08:00:00,2,33,33069,2,2,1,6,"AVE DE TIVOLI","44,8572700"," -0,5912300",201900009403,138 288 916,B01,1,1,0,2,0,1,5,NULL,201900009403,138 288 916,B01,1,1,4,2,1995,0,8,0,-1,-1," -1",-1,201900009403,4,"AVE DE TIVOLI",0,NULL,-1,2,0,1,0,0,1,NULL,NULL,1,0,1,50
201900009403,6,12,2019,08:00:00,2,33,33069,2,2,1,6,"AVE DE TIVOLI","44,8572700"," -0,5912300",201900009403,138 288 916,B01,1,1,0,2,0,1,5,NULL,201900009403,138 288 917,A01,1,1,1,2,1970,0,8,0,-1,-1," -1",-1,201900009403,4,"AVE DE TIVOLI",0,NULL,-1,2,0,1,0,0,1,NULL,NULL,1,0,1,50
201900013131,29,12,2019,19:47:00,2,87,87085,2,2,1,3,"CARNOT (PLACE SADI)","45,8402200","1,2577700",201900013131,138 282 031,A01,1,1,0,2,2,16,5,NULL,201900013131,138 282 030,B01,1,1,1,1,1985,5,1,0,-1,-1," -1",-1,201900013131,4,"CARNOT (PLACE SADI)",0,NULL,1,2,0,1,0,0,2,NULL,NULL,1,5,1,50
201900013131,29,12,2019,19:47:00,2,87,87085,2,2,1,3,"CARNOT (PLACE SADI)","45,8402200","1,2577700",201900013131,138 282 031,A01,1,1,0,2,2,16,5,NULL,201900013131,138 282 031,A01,1,1,4,1,1995,4,8,0,-1,-1," -1",-1,201900013131,4,"CARNOT (PLACE SADI)",0,NULL,1,2,0,1,0,0,2,NULL,NULL,1,5,1,50
201900013359,12,9,2019,10:30:00,1,94,94042,2,1,1,3,"PARIS (R DE)","48,8161400","2,4688800",201900013359,138 281 595,B01,1,1,1,0,1,1,5,NULL,201900013359,138 281 595,B01,1,1,4,1,1974,1,8,0,-1,-1," -1",-1,201900013359,3,281,0,NULL,2,2,0,1,1,0,1,NULL,NULL,1,0,1,30
201900013359,12,9,2019,10:30:00,1,94,94042,2,1,1,3,"PARIS (R DE)","48,8161400","2,4688800",201900013359,138 281 595,B01,1,1,1,0,1,1,5,NULL,201900013359,138 281 596,A01,1,1,1,1,1990,1,8,0,-1,-1," -1",-1,201900013359,3,281,0,NULL,2,2,0,1,1,0,1,NULL,NULL,1,0,1,30
201900014532,2,7,2019,15:15:00,1,72,72181,2,6,1,1,"MONTHEARD (RUE DE)","47,9946600","0,2161800",201900014532,138 279 287,A01,3,1,0,2,1,5,5,NULL,201900014532,138 279 287,A01,1,1,4,1,1975,0,8,0,-1,0,0,-1,201900014532,4,"MONTHEARD (RUE DE)",0,NULL,2,2,2,1,0,0,1,NULL,NULL,1,0,1,50
201900014532,2,7,2019,15:15:00,1,72,72181,2,6,1,1,"MONTHEARD (RUE DE)","47,9946600","0,2161800",201900014532,138 279 287,A01,3,1,0,2,1,5,5,NULL,201900014532,138 279 288,B01,1,1,1,1,1949,5,1,0,-1,0,0,-1,201900014532,4,"MONTHEARD (RUE DE)",0,NULL,2,2,2,1,0,0,1,NULL,NULL,1,0,1,50
201900016160,3,7,2019,22:15:00,2,17,17121,2,9,1,3,"10 Rue de la Parée","46,1983340"," -1,4262600",201900016160,138 276 333,B01,2,1,0,2,7,6,5,NULL,201900016160,138 276 332,A01,1,1,1,2,1987,1,1,-1,-1,0,0,-1,201900016160,3,735,NULL,NULL,3,2,1,1,19,500,1,NULL,NULL,1,9,1,50
201900016160,3,7,2019,22:15:00,2,17,17121,2,9,1,3,"10 Rue de la Parée","46,1983340"," -1,4262600",201900016160,138 276 333,B01,2,1,0,2,7,6,5,NULL,201900016160,138 276 333,B01,1,1,3,2,2001,5,0,-1,-1,0,0,-1,201900016160,3,735,NULL,NULL,3,2,1,1,19,500,1,NULL,NULL,1,9,1,50
201900017159,12,9,2019,12:25:00,1,47,47325,1,1,1,2,bourdieu,"44,3619270","0,2716240",201900017159,138 274 338,A01,2,1,0,2,4,0,5,NULL,201900017159,138 274 338,A01,1,1,2,1,1943,5,2,-1,-1,0,0,-1,201900017159,3,120,0,NULL,2,2,0,1,20,900,1,NULL,NULL,1,0,1,80
201900017159,12,9,2019,12:25:00,1,47,47325,1,1,1,2,bourdieu,"44,3619270","0,2716240",201900017159,138 274 338,A01,2,1,0,2,4,0,5,NULL,201900017159,138 274 339,B01,1,1,1,1,1939,3,1,-1,-1,0,0,-1,201900017159,3,120,0,NULL,2,2,0,1,20,900,1,NULL,NULL,1,0,1,80
201900017778,30,7,2019,15:30:00,1,76,76351,2,1,1,6,"ARISTIDE BRIAND","49,5003300","0,1354000",201900017778,138 273 174,A01,1,1,0,1,0,25,5,NULL,201900017778,138 273 174,A01,1,1,1,1,1985,0,8,0,-1,0,0,-1,201900017778,3,982,0,NULL,2,2,0,1,70,6580,1,NULL,NULL,1,0,1,50
201900017778,30,7,2019,15:30:00,1,76,76351,2,1,1,6,"ARISTIDE BRIAND","49,5003300","0,1354000",201900017778,138 273 174,A01,1,1,0,1,0,25,5,NULL,201900017778,138 273 174,A01,10,3,4,1,1961,0,0,0,-1,5,B,1,201900017778,3,982,0,NULL,2,2,0,1,70,6580,1,NULL,NULL,1,0,1,50
201900020981,9,9,2019,12:20:00,1,33,33318,2,2,1,3,"AVE DU HAUT LEVEQUE","44,7962600"," -0,6610300",201900020981,138 267 198,A01,0,1,0,2,8,1,5,NULL,201900020981,138 267 198,A01,1,1,4,1,2001,0,8,0,-1,-1," -1",-1,201900020981,4,"AVE DU HAUT LEVEQUE",0,NULL,3,5,3,1,(1),(1),1,NULL,NULL,1,4,6,50
201900020981,9,9,2019,12:20:00,1,33,33318,2,2,1,3,"AVE DU HAUT LEVEQUE","44,7962600"," -0,6610300",201900020981,138 267 198,A01,0,1,0,2,8,1,5,NULL,201900020981,138 267 199,B01,1,1,1,1,1991,4,8,0,-1,-1," -1",-1,201900020981,4,"AVE DU HAUT LEVEQUE",0,NULL,3,5,3,1,(1),(1),1,NULL,NULL,1,4,6,50
201900021321,18,4,2019,19:50:00,1,60,60395,2,3,1,1,"Rue Victor Schoelcher","49,2266250","2,1269780",201900021321,138 266 524,B01,3,1,0,2,1,1,5,NULL,201900021321,138 266 523,A01,1,1,1,2,1999,3,1,-1,-1,0,0,-1,201900021321,4,NULL,NULL,NULL,-1,2,0,1,(1),(1),1,NULL,NULL,1,0,1,50
201900021321,18,4,2019,19:50:00,1,60,60395,2,3,1,1,"Rue Victor Schoelcher","49,2266250","2,1269780",201900021321,138 266 524,B01,3,1,0,2,1,1,5,NULL,201900021321,138 266 524,B01,1,1,4,1,2008,5,0,-1,-1,0,0,-1,201900021321,4,NULL,NULL,NULL,-1,2,0,1,(1),(1),1,NULL,NULL,1,0,1,50
201900022357,29,1,2019,15:15:00,1,14,14383,2,6,1,3,"MORAND (RUE )","49,1606600"," -0,3950900",201900022357,138 264 517,B01,2,1,0,2,1,2,5,NULL,201900022357,138 264 517,B01,1,1,3,2,1954,0,2,0,-1,0,0,-1,201900022357,4,"MORAND (RUE )",0,NULL,-1,2,0,1,1,0,1,NULL,NULL,1,0,1,50
201900022357,29,1,2019,15:15:00,1,14,14383,2,6,1,3,"MORAND (RUE )","49,1606600"," -0,3950900",201900022357,138 264 517,B01,2,1,0,2,1,2,5,NULL,201900022357,138 264 518,A01,1,1,1,2,1952,5,1,0,-1,0,0,-1,201900022357,4,"MORAND (RUE )",0,NULL,-1,2,0,1,1,0,1,NULL,NULL,1,0,1,50
201900022937,18,4,2019,10:40:00,1,29,29146,1,2,1,3,Kerampaou,"47,8893040"," -3,7975240",201900022937,138 263 445,B01,2,1,0,2,8,1,5,NULL,201900022937,138 263 444,A01,1,1,1,2,1968,5,1,-1,-1,0,0,-1,201900022937,3,24,NULL,NULL,2,2,0,1,8,50,1,NULL,NULL,1,0,1,70
201900022937,18,4,2019,10:40:00,1,29,29146,1,2,1,3,Kerampaou,"47,8893040"," -3,7975240",201900022937,138 263 445,B01,2,1,0,2,8,1,5,NULL,201900022937,138 263 445,B01,1,1,4,1,1953,5,2,-1,-1,0,0,-1,201900022937,3,24,NULL,NULL,2,2,0,1,8,50,1,NULL,NULL,1,0,1,70
201900025182,30,7,2019,11:00:00,1,92,92062,2,3,1,3,"DE DION BOUTON (QUAI) DU 1 AU 28","48,8772800","2,2408000",201900025182,138 258 971,B01,1,1,0,2,7,1,5,NULL,201900025182,138 258 970,A01,1,1,1,1,1992,4,1,8,-1,-1,0,-1,201900025182,3,7,0,NULL,1,2,1,1,0,0,1,NULL,NULL,1,0,1,50
201900025182,30,7,2019,11:00:00,1,92,92062,2,3,1,3,"DE DION BOUTON (QUAI) DU 1 AU 28","48,8772800","2,2408000",201900025182,138 258 971,B01,1,1,0,2,7,1,5,NULL,201900025182,138 258 971,B01,1,1,4,1,1957,5,2,0,-1,-1,0,-1,201900025182,3,7,0,NULL,1,2,1,1,0,0,1,NULL,NULL,1,0,1,50
201900026781,10,4,2019,08:15:00,1,63,63014,2,1,2,6,"ROMAGNAT (RUE DE)","45,7492441","3,1117590",201900026781,138 255 938,C01,2,1,0,2,1,5,5,NULL,201900026781,138 255 937,B01,1,1,1,1,1971,1,1,-1,-1,0,0,-1,201900026781,7,21,0,NULL,2,2,0,1,(1),(1),1,NULL,NULL,2,0,3,50
201900026781,10,4,2019,08:15:00,1,63,63014,2,1,2,6,"ROMAGNAT (RUE DE)","45,7492441","3,1117590",201900026781,138 255 938,C01,2,1,0,2,1,5,5,NULL,201900026781,138 255 938,C01,1,1,4,1,2006,1,2,-1,-1,0,0,-1,201900026781,7,21,0,NULL,2,2,0,1,(1),(1),1,NULL,NULL,2,0,3,50
201900027700,20,12,2019,07:50:00,2,94,94017,2,1,3,1,"GALLIENI (QU)","48,8116653","2,4917591",201900027700,138 254 224,B01,2,1,0,2,3,0,0,NULL,201900027700,138 254 223,A01,1,1,1,1,1953,4,1,0,-1,-1,0,-1,201900027700,4,"GALLIENI (QU)",0,NULL,1,1,1,1,0,0,1,NULL,NULL,3,0,1,50
201900027700,20,12,2019,07:50:00,2,94,94017,2,1,3,1,"GALLIENI (QU)","48,8116653","2,4917591",201900027700,138 254 224,B01,2,1,0,2,3,0,0,NULL,201900027700,138 254 224,B01,1,1,3,1,1957,1,8,0,-1,-1," -1",-1,201900027700,4,"GALLIENI (QU)",0,NULL,1,1,1,1,0,0,1,NULL,NULL,3,0,1,50
201900030194,26,6,2019,18:20:00,1,33,33413,1,3,1,3,"route du trompat","44,8641600"," -0,3105200",201900030194,138 249 530,B01,1,1,0,2,1,1,5,NULL,201900030194,138 249 530,B01,1,1,3,1,1977,5,2,-1,-1,0,0,-1,201900030194,4,"Route du Trompat",0,NULL,2,2,0,1,(1),(1),1,NULL,NULL,1,0,1,80
201900030194,26,6,2019,18:20:00,1,33,33413,1,3,1,3,"route du trompat","44,8641600"," -0,3105200",201900030194,138 249 530,B01,1,1,0,2,1,1,5,NULL,201900030194,138 249 531,A01,1,1,1,1,1981,1,1,-1,-1,0,0,-1,201900030194,4,"Route du Trompat",0,NULL,2,2,0,1,(1),(1),1,NULL,NULL,1,0,1,80
201900033913,3,3,2019,09:45:00,1,51,51454,2,6,1,4,"PLACE DES COMBATTANTS D'AFN","49,2195754","4,0211625",201900033913,138 242 470,C01,1,1,0,2,5,1,0,NULL,201900033913,138 242 468,A01,1,1,1,1,1964,4,1,0,-1,-1,0,-1,201900033913,3,951,0,NULL,1,2,1,1,(1),(1),2,NULL,NULL,1,0,1,50
201900033913,3,3,2019,09:45:00,1,51,51454,2,6,1,4,"PLACE DES COMBATTANTS D'AFN","49,2195754","4,0211625",201900033913,138 242 469,B01,1,1,0,2,7,1,0,NULL,201900033913,138 242 468,A01,1,1,1,1,1964,4,1,0,-1,-1,0,-1,201900033913,3,951,0,NULL,1,2,1,1,(1),(1),2,NULL,NULL,1,0,1,50
201900033913,3,3,2019,09:45:00,1,51,51454,2,6,1,4,"PLACE DES COMBATTANTS D'AFN","49,2195754","4,0211625",201900033913,138 242 470,C01,1,1,0,2,5,1,0,NULL,201900033913,138 242 469,B01,1,1,4,1,1974,5,2,0,-1,-1,0,-1,201900033913,3,951,0,NULL,1,2,1,1,(1),(1),2,NULL,NULL,1,0,1,50
201900033913,3,3,2019,09:45:00,1,51,51454,2,6,1,4,"PLACE DES COMBATTANTS D'AFN","49,2195754","4,0211625",201900033913,138 242 469,B01,1,1,0,2,7,1,0,NULL,201900033913,138 242 469,B01,1,1,4,1,1974,5,2,0,-1,-1,0,-1,201900033913,3,951,0,NULL,1,2,1,1,(1),(1),2,NULL,NULL,1,0,1,50
201900033913,3,3,2019,09:45:00,1,51,51454,2,6,1,4,"PLACE DES COMBATTANTS D'AFN","49,2195754","4,0211625",201900033913,138 242 470,C01,1,1,0,2,5,1,0,NULL,201900033913,138 242 470,C01,1,1,4,1,1972,5,2,0,-1,-1,0,-1,201900033913,3,951,0,NULL,1,2,1,1,(1),(1),2,NULL,NULL,1,0,1,50
201900033913,3,3,2019,09:45:00,1,51,51454,2,6,1,4,"PLACE DES COMBATTANTS D'AFN","49,2195754","4,0211625",201900033913,138 242 469,B01,1,1,0,2,7,1,0,NULL,201900033913,138 242 470,C01,1,1,4,1,1972,5,2,0,-1,-1,0,-1,201900033913,3,951,0,NULL,1,2,1,1,(1),(1),2,NULL,NULL,1,0,1,50
201900034261,24,7,2019,03:45:00,3,11,11069,1,1,1,2,"RD 6113","43,2117260","2,3873660",201900034261,138 241 785,B01,2,1,0,2,4,1,5,NULL,201900034261,138 241 784,A01,1,1,1,1,1971,4,1,0,-1,-1," -1",-1,201900034261,3,6113,0,NULL,3,2,0,2,52,500,2,1,8,2,9,1,80
201900034261,24,7,2019,03:45:00,3,11,11069,1,1,1,2,"RD 6113","43,2117260","2,3873660",201900034261,138 241 785,B01,2,1,0,2,4,1,5,NULL,201900034261,138 241 785,B01,1,1,2,1,1978,5,0,-1,-1,0,0,-1,201900034261,3,6113,0,NULL,3,2,0,2,52,500,2,1,8,2,9,1,80
201900037386,30,8,2019,10:00:00,1,63,63300,2,6,1,3,"RD 2009","45,9066900","3,1252800",201900037386,138 235 726,B01,1,1,0,2,6,1,5,NULL,201900037386,138 235 726,B01,1,1,3,1,1964,5,2,8,-1,0,0,-1,201900037386,3,2009,0,NULL,3,2,0,1,20,205,1,NULL,NULL,1,5,1,110
201900037386,30,8,2019,10:00:00,1,63,63300,2,6,1,3,"RD 2009","45,9066900","3,1252800",201900037386,138 235 726,B01,1,1,0,2,6,1,5,NULL,201900037386,138 235 727,A01,1,1,1,1,1962,1,1,8,-1,0,0,-1,201900037386,3,2009,0,NULL,3,2,0,1,20,205,1,NULL,NULL,1,5,1,110
201900041324,4,4,2019,12:35:00,1,75,75115,2,2,1,2,"AVENUE DE LA PORTE DE SEVRES","48,8341530","2,2772350",201900041324,138 228 492,A01,2,1,0,2,1,1,5,NULL,201900041324,138 228 492,A01,1,1,4,1,1990,4,2,0,-1,0,0,-1,201900041324,4,"AVENUE DE LA PORTE DE SEVRES",0,NULL,1,4,0,1,0,0,1,NULL,NULL,1,0,1,50
201900041324,4,4,2019,12:35:00,1,75,75115,2,2,1,2,"AVENUE DE LA PORTE DE SEVRES","48,8341530","2,2772350",201900041324,138 228 492,A01,2,1,0,2,1,1,5,NULL,201900041324,138 228 493,B01,1,1,1,1,2000,5,1,0,-1,0,0,-1,201900041324,4,"AVENUE DE LA PORTE DE SEVRES",0,NULL,1,4,0,1,0,0,1,NULL,NULL,1,0,1,50
201900044546,8,1,2019,08:25:00,1,69,69383,2,1,2,3,"FELIX FAURE                         (AV)","45,7555600","4,8751900",201900044546,138 222 362,B01,3,1,1,0,1,1,5,NULL,201900044546,138 222 362,B01,1,1,4,2,1984,0,2,0,-1,0,0,-1,201900044546,4,"FELIX FAURE                         (AV)",0,NULL,2,3,1,1,0,0,1,NULL,NULL,2,0,1,50
201900044546,8,1,2019,08:25:00,1,69,69383,2,1,2,3,"FELIX FAURE                         (AV)","45,7555600","4,8751900",201900044546,138 222 362,B01,3,1,1,0,1,1,5,NULL,201900044546,138 222 362,B01,2,2,4,1,2017,0,3,0,-1,0,0,-1,201900044546,4,"FELIX FAURE                         (AV)",0,NULL,2,3,1,1,0,0,1,NULL,NULL,2,0,1,50
201900044546,8,1,2019,08:25:00,1,69,69383,2,1,2,3,"FELIX FAURE                         (AV)","45,7555600","4,8751900",201900044546,138 222 362,B01,3,1,1,0,1,1,5,NULL,201900044546,138 222 363,A01,1,1,1,2,1957,1,8,0,-1,0,0,-1,201900044546,4,"FELIX FAURE                         (AV)",0,NULL,2,3,1,1,0,0,1,NULL,NULL,2,0,1,50
201900046943,17,7,2019,12:27:00,1,14,14724,1,2,1,3,D27,"49,2560520"," -0,1339840",201900046943,138 217 753,B01,3,1,0,2,8,19,5,NULL,201900046943,138 217 752,A01,1,1,1,1,1960,5,1,-1,-1,0,0,-1,201900046943,3,27,NULL,NULL,2,2,0,1,21,400,1,NULL,NULL,1,0,1,80
201900046943,17,7,2019,12:27:00,1,14,14724,1,2,1,3,D27,"49,2560520"," -0,1339840",201900046943,138 217 753,B01,3,1,0,2,8,19,5,NULL,201900046943,138 217 753,B01,1,1,3,2,1951,5,0,-1,-1,0,0,-1,201900046943,3,27,NULL,NULL,2,2,0,1,21,400,1,NULL,NULL,1,0,1,80
201900052562,12,7,2019,15:45:00,1,17,17300,2,2,1,2,"CHAUDRIER   RUE","46,1607300"," -1,1533100",201900052562,138 207 216,Z01,2,1,0,2,0,0,5,NULL,201900052562,138 207 215,A01,1,1,1,2,1989,0,1,8,-1,-1," -1",-1,201900052562,4,"AUFREDY   RUE",0,NULL,1,1,1,1,0,0,1,NULL,NULL,1,0,1,30
201900052562,12,7,2019,15:45:00,1,17,17300,2,2,1,2,"CHAUDRIER   RUE","46,1607300"," -1,1533100",201900052562,138 207 216,Z01,2,1,0,2,0,0,5,NULL,201900052562,138 207 216,Z01,1,1,4,2,1961,1,8,0,-1,-1," -1",-1,201900052562,4,"AUFREDY   RUE",0,NULL,1,1,1,1,0,0,1,NULL,NULL,1,0,1,30
201900053667,21,9,2019,11:33:00,1,87,87114,2,1,1,6,"AURIOL (AVENUE DU PDT-VINCENT-)","45,8370200","1,2939400",201900053667,138 205 130,B01,2,1,0,2,8,1,5,NULL,201900053667,138 205 129,A01,1,1,1,1,1949,5,1,-1,-1,0,0,-1,201900053667,3,224,0,NULL,2,2,0,1,1,303,1,NULL,NULL,1,0,1,50
201900053667,21,9,2019,11:33:00,1,87,87114,2,1,1,6,"AURIOL (AVENUE DU PDT-VINCENT-)","45,8370200","1,2939400",201900053667,138 205 130,B01,2,1,0,2,8,1,5,NULL,201900053667,138 205 130,B01,1,1,4,2,1961,5,8,-1,-1,0,0,-1,201900053667,3,224,0,NULL,2,2,0,1,1,303,1,NULL,NULL,1,0,1,50
201900056181,18,8,2019,10:05:00,1,74,74155,2,2,1,3,D22,"46,2824890","6,5204660",201900056181,138 200 490,B01,1,1,0,2,1,1,5,NULL,201900056181,138 200 490,B01,1,1,4,1,1952,5,2,-1,-1,0,0,-1,201900056181,3,22,NULL,NULL,2,2,0,2,10,800,1,NULL,NULL,1,0,1,50
201900056181,18,8,2019,10:05:00,1,74,74155,2,2,1,3,D22,"46,2824890","6,5204660",201900056181,138 200 490,B01,1,1,0,2,1,1,5,NULL,201900056181,138 200 491,A01,1,1,1,1,1999,5,8,-1,-1,0,0,-1,201900056181,3,22,NULL,NULL,2,2,0,2,10,800,1,NULL,NULL,1,0,1,50
201900056181,18,8,2019,10:05:00,1,74,74155,2,2,1,3,D22,"46,2824890","6,5204660",201900056181,138 200 490,B01,1,1,0,2,1,1,5,NULL,201900056181,138 200 491,A01,2,2,1,1,1999,5,8,-1,-1,0,0,-1,201900056181,3,22,NULL,NULL,2,2,0,2,10,800,1,NULL,NULL,1,0,1,50
201900056181,18,8,2019,10:05:00,1,74,74155,2,2,1,3,D22,"46,2824890","6,5204660",201900056181,138 200 490,B01,1,1,0,2,1,1,5,NULL,201900056181,138 200 491,A01,9,2,1,1,1999,5,8,-1,-1,0,0,-1,201900056181,3,22,NULL,NULL,2,2,0,2,10,800,1,NULL,NULL,1,0,1,50
201900056600,12,5,2019,10:35:00,1,78,78062,1,3,1,3,"D 119","48,8506510","1,8949420",201900056600,138 199 727,B01,2,1,0,2,1,1,5,NULL,201900056600,138 199 725,A01,1,1,1,1,1926,3,1,-1,-1,0,0,-1,201900056600,3,119,NULL,NULL,2,2,0,2,12,480,1,NULL,NULL,1,5,1,70
201900056600,12,5,2019,10:35:00,1,78,78062,1,3,1,3,"D 119","48,8506510","1,8949420",201900056600,138 199 727,B01,2,1,0,2,1,1,5,NULL,201900056600,138 199 727,B01,1,1,3,1,1989,5,2,-1,-1,0,0,-1,201900056600,3,119,NULL,NULL,2,2,0,2,12,480,1,NULL,NULL,1,5,1,70
201900056663,9,5,2019,08:50:00,1,66,66037,2,6,1,3,"Avenue de la Méditerranée","42,6970490","3,0298580",201900056663,138 199 606,B01,0,1,0,0,8,1,5,NULL,201900056663,138 199 606,B01,1,1,4,1,1955,5,2,-1,-1,0,0,-1,201900056663,4,NULL,NULL,NULL,2,2,2,1,(1),(1),2,NULL,NULL,1,0,1,50
201900056663,9,5,2019,08:50:00,1,66,66037,2,6,1,3,"Avenue de la Méditerranée","42,6970490","3,0298580",201900056663,138 199 606,B01,0,1,0,0,8,1,5,NULL,201900056663,138 199 607,A01,1,1,1,2,1949,1,1,-1,-1,0,0,-1,201900056663,4,NULL,NULL,NULL,2,2,2,1,(1),(1),2,NULL,NULL,1,0,1,50
201900057573,16,2,2019,01:00:00,5,75,75102,2,7,1,3,"PLACE DE L OPERA","48,8706910","2,3325210",201900057573,138 197 929,A01,1,1,0,2,5,1,5,NULL,201900057573,138 197 929,A01,1,1,4,1,1992,5,8,0,-1,0,0,-1,201900057573,4,"PLACE DE L OPERA",0,NULL,2,0,0,1,0,0,1,NULL,NULL,1,0,1,50
201900057573,16,2,2019,01:00:00,5,75,75102,2,7,1,3,"PLACE DE L OPERA","48,8706910","2,3325210",201900057573,138 197 929,A01,1,1,0,2,5,1,5,NULL,201900057573,138 197 931,B01,1,1,1,1,1991,1,1,0,-1,0,0,-1,201900057573,4,"PLACE DE L OPERA",0,NULL,2,0,0,1,0,0,1,NULL,NULL,1,0,1,50