Num_Acc,jour,mois,an,hrmn,lum,dep,com,agg,int,atm,col,adr,lat,long,Num_Acc,id_vehicule,num_veh,senc,catv,obs,obsm,choc,manv,motor,occutc,Num_Acc,id_vehicule,num_veh,place,catu,grav,sexe,an_nais,trajet,secu1,secu2,secu3,locp,actp,etatp,Num_Acc,catr,voie,v1,v2,circ,nbv,vosp,prof,pr,pr1,plan,lartpc,larrout,surf,infra,situ,vma
201900012852,16,11,2019,22:05:00,5,63,63014,2,1,1,2,"PASTEUR (RUE)","45,7592800","3,1029300",201900012852,138 282 536,B01,1,1,0,2,3,1,5,NULL,201900012852,138 282 535,A01,1,1,1,1,1984,0,8,0,-1,-1," -1",-1,201900012852,4,"PASTEUR (RUE)",0,NULL,2,2,0,1,(1),(1),1,NULL,NULL,2,0,1,50
201900012852,16,11,2019,22:05:00,5,63,63014,2,1,1,2,"PASTEUR (RUE)","45,7592800","3,1029300",201900012852,138 282 536,B01,1,1,0,2,3,1,5,NULL,201900012852,138 282 536,B01,1,1,4,1,2001,0,2,0,-1,-1," -1",-1,201900012852,4,"PASTEUR (RUE)",0,NULL,2,2,0,1,(1),(1),1,NULL,NULL,2,0,1,50
201900013412,18,3,2019,00:01:00,5,75,75101,2,7,1,3,"PONT AU CHANGE","48,8572420","2,3471130",201900013412,138 281 492,B01,2,1,0,2,0,1,5,NULL,201900013412,138 281 491,A01,1,1,1,1,1976,4,1,0,-1,0,0,-1,201900013412,4,"PONT AU CHANGE",0,NULL,2,4,0,1,0,0,1,NULL,NULL,1,5,1,50
201900013412,18,3,2019,00:01:00,5,75,75101,2,7,1,3,"PONT AU CHANGE","48,8572420","2,3471130",201900013412,138 281 492,B01,2,1,0,2,0,1,5,NULL,201900013412,138 281 492,B01,1,1,4,1,1988,0,2,0,-1,0,0,-1,201900013412,4,"PONT AU CHANGE",0,NULL,2,4,0,1,0,0,1,NULL,NULL,1,5,1,50
201900014245,4,8,2019,19:35:00,1,75,75114,2,1,1,6,"BOULEVARD BRUNE","48,8239930","2,3223370",201900014245,138 279 920,A01,2,1,0,2,1,1,5,NULL,201900014245,138 279 920,A01,1,1,4,1,1949,5,2,0,-1,0,0,-1,201900014245,4,"BOULEVARD BRUNE",0,NULL,3,2,1,1,0,0,1,NULL,NULL,1,0,5,50
201900014245,4,8,2019,19:35:00,1,75,75114,2,1,1,6,"BOULEVARD BRUNE","48,8239930","2,3223370",201900014245,138 279 919,Z01,1,1,0,2,1,5,5,NULL,201900014245,138 279 920,A01,1,1,4,1,1949,5,2,0,-1,0,0,-1,201900014245,4,"BOULEVARD BRUNE",0,NULL,3,2,1,1,0,0,1,NULL,NULL,1,0,5,50
201900015627,14,10,2019,17:18:00,1,51,51454,2,1,1,6,"RUE DE VESLE","49,2539348","4,0300863",201900015627,138 277 267,A01,1,1,0,-1,3,5,0,NULL,201900015627,138 277 267,A01,1,1,4,1,1969,0,8,0,-1,-1,0,-1,201900015627,4,"RUE DE VESLE",0,NULL,-1,0,3,1,(1),(1),1,NULL,NULL,1,4,1,50
201900015627,14,10,2019,17:18:00,1,51,51454,2,1,1,6,"RUE DE VESLE","49,2539348","4,0300863",201900015627,138 277 267,A01,1,1,0,-1,3,5,0,NULL,201900015627,138 277 268,B01,1,1,1,1,1976,4,1,0,-1,-1,0,-1,201900015627,4,"RUE DE VESLE",0,NULL,-1,0,3,1,(1),(1),1,NULL,NULL,1,4,1,50
201900019095,10,9,2019,10:00:00,1,69,69386,2,1,1,3,"VERGUIN                             (AV)","45,7727000","4,8565600",201900019095,138 270 760,A01,3,1,0,2,3,19,5,NULL,201900019095,138 270 760,A01,1,1,1,1,1974,1,8,0,-1,-1,0,-1,201900019095,4,"VERGUIN                             (AV)",0,NULL,2,6,2,1,0,0,1,NULL,NULL,1,0,2,50
201900019095,10,9,2019,10:00:00,1,69,69386,2,1,1,3,"VERGUIN                             (AV)","45,7727000","4,8565600",201900019095,138 270 760,A01,3,1,0,2,3,19,5,NULL,201900019095,138 270 761,B01,1,1,4,1,1979,5,2,6,-1,-1,0,-1,201900019095,4,"VERGUIN                             (AV)",0,NULL,2,6,2,1,0,0,1,NULL,NULL,1,0,2,50
201900025451,14,5,2019,11:00:00,1,64,64483,2,1,1,2,"ITHURRALDE ANDRE (AVENUE)","43,3969625"," -1,6450471",201900025451,138 258 451,B01,2,1,0,2,4,2,0,NULL,201900025451,138 258 451,B01,1,1,4,1,1955,0,8,0,-1,0,0,-1,201900025451,3,810,0,NULL,2,2,0,1,24,500,1,NULL,NULL,1,0,1,50
201900025451,14,5,2019,11:00:00,1,64,64483,2,1,1,2,"ITHURRALDE ANDRE (AVENUE)","43,3969625"," -1,6450471",201900025451,138 258 451,B01,2,1,0,2,4,2,0,NULL,201900025451,138 258 452,A01,1,1,1,1,1927,0,1,0,-1,0,0,-1,201900025451,3,810,0,NULL,2,2,0,1,24,500,1,NULL,NULL,1,0,1,50
201900026114,26,1,2019,12:05:00,1,64,64445,2,6,1,3,"FRANCOIS MITTERAND","43,3303135"," -0,3559133",201900026114,138 257 158,B01,2,1,0,2,5,26,5,NULL,201900026114,138 257 158,B01,1,1,4,1,1964,5,2,0,-1,-1,0,-1,201900026114,4,"FRANCOIS MITTERAND",0,NULL,1,2,0,1,0,0,1,NULL,NULL,1,9,1,50
201900026114,26,1,2019,12:05:00,1,64,64445,2,6,1,3,"FRANCOIS MITTERAND","43,3303135"," -0,3559133",201900026114,138 257 158,B01,2,1,0,2,5,26,5,NULL,201900026114,138 257 159,A01,1,1,1,2,1951,5,1,0,-1,-1,0,-1,201900026114,4,"FRANCOIS MITTERAND",0,NULL,1,2,0,1,0,0,1,NULL,NULL,1,9,1,50
201900026648,8,4,2019,22:32:00,3,35,35210,1,1,1,2,"Route nationale12 sens St-Brieuc - Rennes PK:69","48,1450950"," -1,7835480",201900026648,138 256 163,A01,2,1,0,0,6,2,5,NULL,201900026648,138 256 162,B01,1,1,1,1,1978,4,8,-1,-1,0,0,-1,201900026648,2,12,NULL,NULL,3,4,0,1,69,0,1,NULL,NULL,1,0,2,110
201900026648,8,4,2019,22:32:00,3,35,35210,1,1,1,2,"Route nationale12 sens St-Brieuc - Rennes PK:69","48,1450950"," -1,7835480",201900026648,138 256 163,A01,2,1,0,0,6,2,5,NULL,201900026648,138 256 163,A01,1,1,3,1,1988,1,0,-1,-1,0,0,-1,201900026648,2,12,NULL,NULL,3,4,0,1,69,0,1,NULL,NULL,1,0,2,110
201900026786,10,4,2019,18:05:00,1,92,92020,2,1,1,2,"VERDUN (AVENUE DE)","48,8036200","2,2881700",201900026786,138 255 926,B01,2,1,0,2,1,5,5,NULL,201900026786,138 255 925,A01,1,1,1,1,1900,0,8,0,-1,-1,0,-1,201900026786,3,906,0,NULL,1,2,1,2,0,0,1,NULL,NULL,1,0,1,50
201900026786,10,4,2019,18:05:00,1,92,92020,2,1,1,2,"VERDUN (AVENUE DE)","48,8036200","2,2881700",201900026786,138 255 926,B01,2,1,0,2,1,5,5,NULL,201900026786,138 255 926,B01,1,1,4,1,1900,5,2,0,-1,-1,0,-1,201900026786,3,906,0,NULL,1,2,1,2,0,0,1,NULL,NULL,1,0,1,50
201900027071,8,3,2019,16:30:00,1,69,69389,2,7,1,3,"BARTHELEMY BUYER                    (AV)","45,7623000","4,8026000",201900027071,138 255 412,B01,2,1,0,2,8,25,5,NULL,201900027071,138 255 412,B01,1,1,4,1,1932,5,2,0,-1,0,0,-1,201900027071,7,"BARTHELEMY BUYER                    (AV)",0,NULL,2,2,0,1,0,0,1,NULL,NULL,1,9,1,50
201900027071,8,3,2019,16:30:00,1,69,69389,2,7,1,3,"BARTHELEMY BUYER                    (AV)","45,7623000","4,8026000",201900027071,138 255 412,B01,2,1,0,2,8,25,5,NULL,201900027071,138 255 413,A01,1,1,1,1,1957,5,1,0,-1,0,0,-1,201900027071,7,"BARTHELEMY BUYER                    (AV)",0,NULL,2,2,0,1,0,0,1,NULL,NULL,1,9,1,50
201900029705,6,10,2019,12:15:00,1,94,94017,2,1,2,7,"STALINGRAD (BD DE)","48,8100000","2,5000000",201900029705,138 250 433,A01,3,1,9,0,0,0,0,NULL,201900029705,138 250 433,A01,1,1,4,2,1977,0,8,0,-1,-1," -1",-1,201900029705,3,145,0,NULL,1,1,1,1,0,0,1,NULL,NULL,2,0,5,50
201900030466,7,3,2019,09:35:00,1,75,75115,2,2,1,7,"RUE DE LA CONVENTION","48,8453510","2,2785790",201900030466,138 249 028,A01,2,1,0,0,0,21,5,NULL,201900030466,138 249 028,A01,1,1,4,2,1977,1,2,0,-1,0,0,-1,201900030466,4,"RUE DE LA CONVENTION",0,NULL,2,2,0,1,15,0,1,NULL,NULL,1,0,1,50
201900035055,24,6,2019,07:00:00,1,5,05046,1,1,1,1,"Route des Puys","44,5565823","6,4722480",201900035055,138 240 245,B01,2,1,0,2,1,13,5,NULL,201900035055,138 240 244,A01,1,1,1,1,1969,4,1,-1,-1,0,0,-1,201900035055,3,9,NULL,NULL,2,2,0,2,3,0,3,NULL,NULL,1,0,1,80
201900035055,24,6,2019,07:00:00,1,5,05046,1,1,1,1,"Route des Puys","44,5565823","6,4722480",201900035055,138 240 245,B01,2,1,0,2,1,13,5,NULL,201900035055,138 240 245,B01,1,1,3,1,1961,1,2,-1,-1,0,0,-1,201900035055,3,9,NULL,NULL,2,2,0,2,3,0,3,NULL,NULL,1,0,1,80
201900036232,11,12,2019,21:25:00,5,75,75114,2,4,2,3,"BOULEVARD BRUNE","48,8241117","2,3212317",201900036232,138 237 999,B01,1,1,0,2,1,1,5,NULL,201900036232,138 237 998,A01,4,2,1,1,1966,5,1,0,-1,0,0,-1,201900036232,4,"BOULEVARD BRUNE",0,NULL,3,3,1,1,0,0,1,NULL,NULL,2,0,5,50
201900036232,11,12,2019,21:25:00,5,75,75114,2,4,2,3,"BOULEVARD BRUNE","48,8241117","2,3212317",201900036232,138 237 999,B01,1,1,0,2,1,1,5,NULL,201900036232,138 237 998,A01,1,1,1,1,1958,4,1,0,-1,0,0,-1,201900036232,4,"BOULEVARD BRUNE",0,NULL,3,3,1,1,0,0,1,NULL,NULL,2,0,5,50
201900036232,11,12,2019,21:25:00,5,75,75114,2,4,2,3,"BOULEVARD BRUNE","48,8241117","2,3212317",201900036232,138 237 999,B01,1,1,0,2,1,1,5,NULL,201900036232,138 237 998,A01,3,2,1,1,1981,5,1,0,-1,0,0,-1,201900036232,4,"BOULEVARD BRUNE",0,NULL,3,3,1,1,0,0,1,NULL,NULL,2,0,5,50
201900036232,11,12,2019,21:25:00,5,75,75114,2,4,2,3,"BOULEVARD BRUNE","48,8241117","2,3212317",201900036232,138 237 999,B01,1,1,0,2,1,1,5,NULL,201900036232,138 237 999,B01,1,1,4,1,1968,0,2,8,-1,0,0,-1,201900036232,4,"BOULEVARD BRUNE",0,NULL,3,3,1,1,0,0,1,NULL,NULL,2,0,5,50
201900039016,19,1,2019,11:30:00,1,29,29061,2,3,1,3,"rue du pont d'argent","48,4545310"," -4,4648590",201900039016,138 232 755,B01,1,1,0,2,1,1,5,NULL,201900039016,138 232 754,A01,1,1,1,2,1960,3,1,-1,-1,0,0,-1,201900039016,4,NULL,NULL,NULL,2,2,0,1,(1),(1),1,NULL,NULL,1,0,1,50
201900039016,19,1,2019,11:30:00,1,29,29061,2,3,1,3,"rue du pont d'argent","48,4545310"," -4,4648590",201900039016,138 232 755,B01,1,1,0,2,1,1,5,NULL,201900039016,138 232 755,B01,1,1,3,1,1947,3,0,-1,-1,0,0,-1,201900039016,4,NULL,NULL,NULL,2,2,0,1,(1),(1),1,NULL,NULL,1,0,1,50
201900039521,4,4,2019,13:45:00,1,56,56121,2,1,1,3,"LECLERC ( BD GENERAL )","47,7484600"," -3,3655200",201900039521,138 231 809,B01,2,1,0,2,8,1,5,NULL,201900039521,138 231 808,A01,1,1,1,1,1967,4,1,8,-1,0,0,-1,201900039521,4,"LECLERC ( BD GENERAL )",0,NULL,2,2,1,1,0,0,1,NULL,NULL,1,0,1,30
201900039521,4,4,2019,13:45:00,1,56,56121,2,1,1,3,"LECLERC ( BD GENERAL )","47,7484600"," -3,3655200",201900039521,138 231 809,B01,2,1,0,2,8,1,5,NULL,201900039521,138 231 809,B01,1,1,4,1,1975,5,2,8,-1,0,0,-1,201900039521,4,"LECLERC ( BD GENERAL )",0,NULL,2,2,1,1,0,0,1,NULL,NULL,1,0,1,30
201900041511,19,7,2019,17:08:00,1,17,17300,2,2,1,3,"EGLANTIERS   RUE DES","46,1676430"," -1,1239830",201900041511,138 228 144,B01,2,1,0,2,7,1,5,NULL,201900041511,138 228 143,A01,1,1,1,2,1943,5,1,4,-1,0,0,-1,201900041511,4,"EGLANTIERS   RUE DES",0,NULL,1,0,0,1,0,0,1,NULL,NULL,1,5,1,30
201900041511,19,7,2019,17:08:00,1,17,17300,2,2,1,3,"EGLANTIERS   RUE DES","46,1676430"," -1,1239830",201900041511,138 228 144,B01,2,1,0,2,7,1,5,NULL,201900041511,138 228 144,B01,1,1,3,2,1931,0,2,0,-1,0,0,-1,201900041511,4,"EGLANTIERS   RUE DES",0,NULL,1,0,0,1,0,0,1,NULL,NULL,1,5,1,30
201900041650,19,7,2019,07:50:00,1,92,92073,2,1,8,6,"TOURNEROCHES (RUE DES)","48,8627400","2,2169200",201900041650,138 227 889,B01,2,1,0,2,0,5,0,NULL,201900041650,138 227 889,B01,1,1,4,1,1991,5,2,8,-1,-1,0,-1,201900041650,4,"TOURNEROCHES (RUE DES)",0,NULL,1,1,0,1,0,0,1,NULL,NULL,1,0,1,30
201900041650,19,7,2019,07:50:00,1,92,92073,2,1,8,6,"TOURNEROCHES (RUE DES)","48,8627400","2,2169200",201900041650,138 227 889,B01,2,1,0,2,0,5,0,NULL,201900041650,138 227 890,A01,1,1,1,1,1994,4,1,8,-1,-1,0,-1,201900041650,4,"TOURNEROCHES (RUE DES)",0,NULL,1,1,0,1,0,0,1,NULL,NULL,1,0,1,30
201900043376,19,7,2019,15:20:00,1,6,06038,1,3,1,1,"route de Nice","43,6730950","6,9914920",201900043376,138 224 591,A01,1,1,0,2,1,1,6,NULL,201900043376,138 224 591,A01,1,1,3,2,1991,5,2,-1,-1,0,0,-1,201900043376,3,2085,0,NULL,2,2,0,2,(1),(1),1,NULL,NULL,1,0,1,70
201900043376,19,7,2019,15:20:00,1,6,06038,1,3,1,1,"route de Nice","43,6730950","6,9914920",201900043376,138 224 591,A01,1,1,0,2,1,1,6,NULL,201900043376,138 224 592,B01,1,1,1,1,2001,5,1,-1,-1,0,0,-1,201900043376,3,2085,0,NULL,2,2,0,2,(1),(1),1,NULL,NULL,1,0,1,70
201900044716,28,9,2019,12:57:00,1,75,75116,2,4,1,2,"ROUTE DES TRIBUNES","48,8638660","2,2366033",201900044716,138 222 029,A01,1,1,0,2,4,2,5,NULL,201900044716,138 222 028,B01,1,1,4,1,1970,5,2,8,-1,0,0,-1,201900044716,4,"ROUTE DES TRIBUNES",0,NULL,1,2,1,1,0,0,3,NULL,NULL,1,0,5,50
201900044716,28,9,2019,12:57:00,1,75,75116,2,4,1,2,"ROUTE DES TRIBUNES","48,8638660","2,2366033",201900044716,138 222 028,B01,1,1,0,2,1,2,5,NULL,201900044716,138 222 028,B01,1,1,4,1,1970,5,2,8,-1,0,0,-1,201900044716,4,"ROUTE DES TRIBUNES",0,NULL,1,2,1,1,0,0,3,NULL,NULL,1,0,5,50
201900044716,28,9,2019,12:57:00,1,75,75116,2,4,1,2,"ROUTE DES TRIBUNES","48,8638660","2,2366033",201900044716,138 222 029,A01,1,1,0,2,4,2,5,NULL,201900044716,138 222 029,A01,1,1,4,1,1963,5,2,8,-1,0,0,-1,201900044716,4,"ROUTE DES TRIBUNES",0,NULL,1,2,1,1,0,0,3,NULL,NULL,1,0,5,50
201900044716,28,9,2019,12:57:00,1,75,75116,2,4,1,2,"ROUTE DES TRIBUNES","48,8638660","2,2366033",201900044716,138 222 028,B01,1,1,0,2,1,2,5,NULL,201900044716,138 222 029,A01,1,1,4,1,1963,5,2,8,-1,0,0,-1,201900044716,4,"ROUTE DES TRIBUNES",0,NULL,1,2,1,1,0,0,3,NULL,NULL,1,0,5,50
201900044979,2,4,2019,13:40:00,1,75,75112,2,1,1,4,"RUE DE BERCY","48,8440780","2,3728270",201900044979,138 221 522,B01,2,1,0,2,1,1,5,NULL,201900044979,138 221 521,C01,1,1,1,1,1986,9,1,0,-1,0,0,-1,201900044979,4,"RUE DE BERCY",0,NULL,2,4,0,1,0,0,1,NULL,NULL,2,0,1,30
201900044979,2,4,2019,13:40:00,1,75,75112,2,1,1,4,"RUE DE BERCY","48,8440780","2,3728270",201900044979,138 221 522,B01,2,1,0,2,1,1,5,NULL,201900044979,138 221 522,B01,1,1,4,1,1985,1,2,0,-1,0,0,-1,201900044979,4,"RUE DE BERCY",0,NULL,2,4,0,1,0,0,1,NULL,NULL,2,0,1,30
201900044979,2,4,2019,13:40:00,1,75,75112,2,1,1,4,"RUE DE BERCY","48,8440780","2,3728270",201900044979,138 221 522,B01,2,1,0,2,1,1,5,NULL,201900044979,138 221 523,A01,1,1,1,1,1991,0,1,0,-1,0,0,-1,201900044979,4,"RUE DE BERCY",0,NULL,2,4,0,1,0,0,1,NULL,NULL,2,0,1,30
201900046906,1,4,2019,18:04:00,1,17,17274,2,1,1,3,"JOLIOT-CURIE   AVENUE","46,1546800"," -1,1114000",201900046906,138 217 817,B01,1,1,0,2,1,19,5,NULL,201900046906,138 217 816,A01,1,1,1,1,1988,5,1,8,-1,-1," -1",-1,201900046906,4,"JOLIOT-CURIE   AVENUE",0,NULL,1,4,0,1,0,0,1,NULL,NULL,1,0,1,50
201900046906,1,4,2019,18:04:00,1,17,17274,2,1,1,3,"JOLIOT-CURIE   AVENUE","46,1546800"," -1,1114000",201900046906,138 217 817,B01,1,1,0,2,1,19,5,NULL,201900046906,138 217 817,B01,1,1,4,2,1977,1,8,0,-1,-1," -1",-1,201900046906,4,"JOLIOT-CURIE   AVENUE",0,NULL,1,4,0,1,0,0,1,NULL,NULL,1,0,1,50
201900049981,12,1,2019,14:40:00,1,4,04166,2,3,1,3,"Av de Verdun / RD 953","43,8185980","6,0905560",201900049981,138 212 152,A01,3,1,0,2,1,9,5,NULL,201900049981,138 212 151,B01,1,1,1,1,1943,5,1,-1,-1,0,0,-1,201900049981,3,953,NULL,NULL,2,2,0,1,15,652,3,NULL,NULL,1,0,1,50
201900049981,12,1,2019,14:40:00,1,4,04166,2,3,1,3,"Av de Verdun / RD 953","43,8185980","6,0905560",201900049981,138 212 152,A01,3,1,0,2,1,9,5,NULL,201900049981,138 212 152,A01,1,1,4,1,1996,5,0,-1,-1,0,0,-1,201900049981,3,953,NULL,NULL,2,2,0,1,15,652,3,NULL,NULL,1,0,1,50
201900052072,23,8,2019,07:45:00,1,26,26313,2,2,1,3,"rue de la roche- rue emile zola","44,9642570","4,9411780",201900052072,138 208 220,B01,0,1,0,2,1,1,5,NULL,201900052072,138 208 219,A01,1,1,1,1,1969,4,1,-1,-1,0,0,-1,201900052072,4,"RUE EMILE ZOLA",NULL,NULL,2,2,0,1,(1),(1),1,NULL,NULL,1,0,1,30
201900052072,23,8,2019,07:45:00,1,26,26313,2,2,1,3,"rue de la roche- rue emile zola","44,9642570","4,9411780",201900052072,138 208 220,B01,0,1,0,2,1,1,5,NULL,201900052072,138 208 220,B01,1,1,3,1,1965,1,2,-1,-1,0,0,-1,201900052072,4,"RUE EMILE ZOLA",NULL,NULL,2,2,0,1,(1),(1),1,NULL,NULL,1,0,1,30
201900053905,12,7,2019,08:35:00,1,75,75110,2,2,1,3,"RUE DES PETITS HOTELS","48,8773250","2,3551450",201900053905,138 204 651,B01,2,1,0,2,0,1,5,NULL,201900053905,138 204 651,B01,1,1,4,2,1963,9,8,0,-1,0,0,-1,201900053905,4,"RUE DES PETITS HOTELS",0,NULL,1,1,2,2,0,0,1,NULL,NULL,1,9,5,30
201900053905,12,7,2019,08:35:00,1,75,75110,2,2,1,3,"RUE DES PETITS HOTELS","48,8773250","2,3551450",201900053905,138 204 651,B01,2,1,0,2,0,1,5,NULL,201900053905,138 204 652,A01,1,1,1,1,1988,9,2,6,-1,0,0,-1,201900053905,4,"RUE DES PETITS HOTELS",0,NULL,1,1,2,2,0,0,1,NULL,NULL,1,9,5,30
201900054268,20,8,2019,14:10:00,1,75,75107,2,2,1,3,"PONT DE L ALMA","48,8624421","2,3015982",201900054268,138 204 008,A01,0,1,0,2,0,1,5,NULL,201900054268,138 204 006,B01,1,1,4,2,1974,0,2,6,-1,0,0,-1,201900054268,4,"PONT DE L ALMA",0,NULL,2,6,0,1,0,0,1,NULL,NULL,1,8,1,50
201900054268,20,8,2019,14:10:00,1,75,75107,2,2,1,3,"PONT DE L ALMA","48,8624421","2,3015982",201900054268,138 204 008,A01,0,1,0,2,0,1,5,NULL,201900054268,138 204 008,A01,1,1,4,1,1993,0,2,0,-1,0,0,-1,201900054268,4,"PONT DE L ALMA",0,NULL,2,6,0,1,0,0,1,NULL,NULL,1,8,1,50
201900054774,4,12,2019,11:00:00,1,85,85277,1,2,1,3,D19,"46,5022800"," -1,3478900",201900054774,138 203 125,A01,1,1,0,2,1,1,5,NULL,201900054774,138 203 124,B01,1,1,1,1,1950,5,1,-1,-1,0,0,-1,201900054774,3,19,NULL,NULL,2,2,0,2,22,175,3,NULL,NULL,1,0,1,70
201900054774,4,12,2019,11:00:00,1,85,85277,1,2,1,3,D19,"46,5022800"," -1,3478900",201900054774,138 203 125,A01,1,1,0,2,1,1,5,NULL,201900054774,138 203 125,A01,1,1,3,1,1966,5,0,-1,-1,0,0,-1,201900054774,3,19,NULL,NULL,2,2,0,2,22,175,3,NULL,NULL,1,0,1,70
201900055107,1,6,2019,09:48:00,1,75,75119,2,3,1,6,"QUAI DE LA MARNE","48,8901300","2,3835660",201900055107,138 202 436,A01,1,1,0,1,3,1,5,NULL,201900055107,138 202 436,A01,10,3,4,2,1949,5,8,0,-1,2,3,1,201900055107,4,"QUAI DE LA MARNE",0,NULL,2,2,1,1,0,0,1,NULL,NULL,1,0,5,30
201900055107,1,6,2019,09:48:00,1,75,75119,2,3,1,6,"QUAI DE LA MARNE","48,8901300","2,3835660",201900055107,138 202 436,A01,1,1,0,1,3,1,5,NULL,201900055107,138 202 436,A01,1,1,1,1,1991,1,8,0,-1,0,0,-1,201900055107,4,"QUAI DE LA MARNE",0,NULL,2,2,1,1,0,0,1,NULL,NULL,1,0,5,30
201900056835,18,6,2019,20:00:00,1,75,75113,2,1,1,3,"AVENUE DE LA PORTE DE VITRY","48,8235910","2,3773870",201900056835,138 199 270,B01,1,1,0,2,1,1,5,NULL,201900056835,138 199 270,B01,1,1,4,1,1970,0,2,0,-1,0,0,-1,201900056835,4,"AVENUE DE LA PORTE DE VITRY",0,NULL,2,3,1,1,0,0,1,NULL,NULL,1,0,5,50
201900056835,18,6,2019,20:00:00,1,75,75113,2,1,1,3,"AVENUE DE LA PORTE DE VITRY","48,8235910","2,3773870",201900056835,138 199 270,B01,1,1,0,2,1,1,5,NULL,201900056835,138 199 272,A01,1,1,1,1,1989,4,8,0,-1,0,0,-1,201900056835,4,"AVENUE DE LA PORTE DE VITRY",0,NULL,2,3,1,1,0,0,1,NULL,NULL,1,0,5,50
201900057038,9,7,2019,10:35:00,1,72,72181,2,1,1,3,"JAURES JEAN (AV) N° PAIRS 60 ET >","47,9901100","0,2063800",201900057038,138 198 900,B01,1,1,1,0,3,1,5,NULL,201900057038,138 198 899,A01,1,1,1,1,1956,0,1,0,-1,0,0,-1,201900057038,4,"JAURES JEAN (AV) N° PAIRS 60 ET >",0,NULL,3,2,2,1,0,0,1,NULL,NULL,1,0,1,50
201900057038,9,7,2019,10:35:00,1,72,72181,2,1,1,3,"JAURES JEAN (AV) N° PAIRS 60 ET >","47,9901100","0,2063800",201900057038,138 198 900,B01,1,1,1,0,3,1,5,NULL,201900057038,138 198 900,B01,1,1,4,1,1977,0,8,0,-1,0,0,-1,201900057038,4,"JAURES JEAN (AV) N° PAIRS 60 ET >",0,NULL,3,2,2,1,0,0,1,NULL,NULL,1,0,1,50
201900014574,2,7,2019,08:38:00,1,14,14118,2,1,1,7,"WEYGAND (BOULEVARD DU GENERAL)","49,1922400"," -0,3749500",201900014574,138 279 206,A01,2,1,0,0,1,1,-1,NULL,201900014574,138 279 206,A01,1,1,4,1,1969,-1,0,-1,-1,0,0,-1,201900014574,4,NULL,NULL,NULL,2,-1,-1,1,(1),(1),1,NULL,NULL,1,0,1,-1
201900015485,30,1,2019,11:05:00,1,974,97409,2,1,1,3,"Rue Rocade Sud"," -20,9730990","55,6514490",201900015485,138 277 536,A01,2,1,0,2,3,19,5,NULL,201900015485,138 277 535,B01,1,1,1,1,1978,1,1,8,-1,0,0,-1,201900015485,3,48,0,NULL,2,2,0,1,0,0,1,NULL,NULL,1,9,2,50
201900015485,30,1,2019,11:05:00,1,974,97409,2,1,1,3,"Rue Rocade Sud"," -20,9730990","55,6514490",201900015485,138 277 536,A01,2,1,0,2,3,19,5,NULL,201900015485,138 277 536,A01,1,1,4,1,2007,3,8,0,-1,-1," -1",-1,201900015485,3,48,0,NULL,2,2,0,1,0,0,1,NULL,NULL,1,9,2,50
201900016118,2,7,2019,19:30:00,1,1,01419,2,2,1,3,"Rue de la Crotte du Moulin","46,2264160","5,9701200",201900016118,138 276 408,B01,2,1,0,2,1,1,5,NULL,201900016118,138 276 408,B01,1,1,3,1,1974,0,2,-1,-1,0,0,-1,201900016118,3,89,0,NULL,2,2,0,1,12,216,1,NULL,NULL,1,0,1,30
201900016118,2,7,2019,19:30:00,1,1,01419,2,2,1,3,"Rue de la Crotte du Moulin","46,2264160","5,9701200",201900016118,138 276 408,B01,2,1,0,2,1,1,5,NULL,201900016118,138 276 409,A01,1,1,1,1,1994,0,1,-1,-1,0,0,-1,201900016118,3,89,0,NULL,2,2,0,1,12,216,1,NULL,NULL,1,0,1,30
201900021246,17,4,2019,20:57:00,1,51,51108,2,3,1,1,"RUE DU FAUBOURG SAINT ANTOINE","48,9630000","4,3569100",201900021246,138 266 658,B01,2,1,0,2,1,19,0,NULL,201900021246,138 266 657,A01,1,1,1,1,1984,0,1,0,-1,-1,0,-1,201900021246,4,"RUE DU FAUBOURG SAINT ANTOINE",0,NULL,2,2,0,1,0,0,1,NULL,NULL,1,0,1,50
201900021246,17,4,2019,20:57:00,1,51,51108,2,3,1,1,"RUE DU FAUBOURG SAINT ANTOINE","48,9630000","4,3569100",201900021246,138 266 658,B01,2,1,0,2,1,19,0,NULL,201900021246,138 266 658,B01,1,1,3,1,1994,0,8,0,-1,-1," -1",-1,201900021246,4,"RUE DU FAUBOURG SAINT ANTOINE",0,NULL,2,2,0,1,0,0,1,NULL,NULL,1,0,1,50
201900022065,14,11,2019,07:45:00,2,76,76681,2,1,1,2,"ELUARD. RUE PAUL","49,4032800","1,0989100",201900022065,138 265 067,B01,0,1,0,2,4,2,5,NULL,201900022065,138 265 067,B01,1,1,4,2,1985,1,8,0,-1,-1," -1",-1,201900022065,4,"ELUARD. RUE PAUL",0,NULL,2,2,0,1,0,0,1,NULL,NULL,1,0,1,50
201900022065,14,11,2019,07:45:00,2,76,76681,2,1,1,2,"ELUARD. RUE PAUL","49,4032800","1,0989100",201900022065,138 265 067,B01,0,1,0,2,4,2,5,NULL,201900022065,138 265 068,A01,1,1,1,1,1992,1,1,0,-1,-1," -1",-1,201900022065,4,"ELUARD. RUE PAUL",0,NULL,2,2,0,1,0,0,1,NULL,NULL,1,0,1,50