Num_Acc,jour,mois,an,hrmn,lum,dep,com,agg,int,atm,col,adr,lat,long,Num_Acc,id_vehicule,num_veh,senc,catv,obs,obsm,choc,manv,motor,occutc,Num_Acc,id_vehicule,num_veh,place,catu,grav,sexe,an_nais,trajet,secu1,secu2,secu3,locp,actp,etatp,Num_Acc,catr,voie,v1,v2,circ,nbv,vosp,prof,pr,pr1,plan,lartpc,larrout,surf,infra,situ,vma
201900022071,15,11,2019,15:20:00,1,71,71445,2,1,1,3,"VILLENEUVE (RUE DE LA)","46,7739900","4,8925900",201900022071,138 265 054,B01,3,1,0,2,8,1,5,NULL,201900022071,138 265 053,A01,1,1,1,2,1939,5,1,0,-1,0,0,-1,201900022071,4,"VILLENEUVE (RUE DE LA)",0,NULL,2,0,0,1,0,0,1,NULL,NULL,1,0,1,50
201900022071,15,11,2019,15:20:00,1,71,71445,2,1,1,3,"VILLENEUVE (RUE DE LA)","46,7739900","4,8925900",201900022071,138 265 054,B01,3,1,0,2,8,1,5,NULL,201900022071,138 265 054,B01,1,1,3,2,1947,0,8,0,-1,-1," -1",-1,201900022071,4,"VILLENEUVE (RUE DE LA)",0,NULL,2,0,0,1,0,0,1,NULL,NULL,1,0,1,50
201900025128,29,7,2019,09:45:00,1,75,75119,2,4,1,3,"AVENUE DE LA PORTE D AUBERVILLIERS","48,9009250","2,3702980",201900025128,138 259 073,B01,2,1,0,2,9,1,5,NULL,201900025128,138 259 073,B01,1,1,4,1,1983,0,2,8,-1,0,0,-1,201900025128,4,"AVENUE DE LA PORTE D AUBERVILLIERS",0,NULL,1,2,1,1,0,0,1,NULL,NULL,1,0,5,50
201900025128,29,7,2019,09:45:00,1,75,75119,2,4,1,3,"AVENUE DE LA PORTE D AUBERVILLIERS","48,9009250","2,3702980",201900025128,138 259 073,B01,2,1,0,2,9,1,5,NULL,201900025128,138 259 074,A01,1,1,1,1,1987,4,1,8,-1,0,0,-1,201900025128,4,"AVENUE DE LA PORTE D AUBERVILLIERS",0,NULL,1,2,1,1,0,0,1,NULL,NULL,1,0,5,50
201900027448,10,11,2019,14:32:00,1,76,76498,2,1,1,3,"VALLEE. RUE LUCIEN","49,4222600","1,0568900",201900027448,138 254 675,A01,0,1,0,2,1,5,5,NULL,201900027448,138 254 675,A01,1,1,4,1,2004,5,8,0,-1,0,0,-1,201900027448,4,"VALLEE. RUE LUCIEN",0,NULL,1,1,1,2,0,0,1,NULL,NULL,1,0,1,50
201900027448,10,11,2019,14:32:00,1,76,76498,2,1,1,3,"VALLEE. RUE LUCIEN","49,4222600","1,0568900",201900027448,138 254 675,A01,0,1,0,2,1,5,5,NULL,201900027448,138 254 676,B01,1,1,1,1,1980,5,1,0,-1,0,0,-1,201900027448,4,"VALLEE. RUE LUCIEN",0,NULL,1,1,1,2,0,0,1,NULL,NULL,1,0,1,50
201900027551,20,12,2019,16:40:00,2,77,77514,1,1,8,2,"D84-COURTRY (ROUTE DE)","48,9288355","2,6029610",201900027551,138 254 501,B01,1,1,0,2,0,0,0,NULL,201900027551,138 254 500,A01,1,1,1,1,1971,1,1,0,-1,-1,0,-1,201900027551,3,84,0,NULL,2,2,0,2,10,415,1,NULL,NULL,2,0,1,80
201900027551,20,12,2019,16:40:00,2,77,77514,1,1,8,2,"D84-COURTRY (ROUTE DE)","48,9288355","2,6029610",201900027551,138 254 501,B01,1,1,0,2,0,0,0,NULL,201900027551,138 254 501,B01,1,1,4,1,1977,5,8,0,-1,-1," -1",-1,201900027551,3,84,0,NULL,2,2,0,2,10,415,1,NULL,NULL,2,0,1,80
201900027887,5,10,2019,17:37:00,1,66,66136,2,1,1,2,"GILLES (AVENUE GENERAL)","42,6985100","2,9286800",201900027887,138 253 870,B01,1,1,0,2,4,1,5,NULL,201900027887,138 253 870,B01,1,1,4,1,1951,9,2,8,-1,-1," -1",-1,201900027887,4,"GILLES (AVENUE GENERAL)",0,NULL,2,2,0,1,0,0,1,NULL,NULL,1,0,1,50
201900027887,5,10,2019,17:37:00,1,66,66136,2,1,1,2,"GILLES (AVENUE GENERAL)","42,6985100","2,9286800",201900027887,138 253 870,B01,1,1,0,2,4,1,5,NULL,201900027887,138 253 871,A01,1,1,1,1,1951,0,1,0,-1,-1," -1",-1,201900027887,4,"GILLES (AVENUE GENERAL)",0,NULL,2,2,0,1,0,0,1,NULL,NULL,1,0,1,50
201900030920,26,5,2019,10:00:00,1,33,33119,2,1,1,2,"SCHWOB (AVE ROGER)","44,8553800"," -0,5188200",201900030920,138 248 202,B01,0,1,0,2,4,1,5,NULL,201900030920,138 248 202,B01,1,1,4,1,1953,5,8,0,-1,-1," -1",-1,201900030920,4,"SCHWOB (AVE ROGER)",0,NULL,3,4,0,1,0,0,1,NULL,NULL,1,0,1,50
201900030920,26,5,2019,10:00:00,1,33,33119,2,1,1,2,"SCHWOB (AVE ROGER)","44,8553800"," -0,5188200",201900030920,138 248 202,B01,0,1,0,2,4,1,5,NULL,201900030920,138 248 203,A01,1,1,1,1,1965,0,8,0,-1,-1," -1",-1,201900030920,4,"SCHWOB (AVE ROGER)",0,NULL,3,4,0,1,0,0,1,NULL,NULL,1,0,1,50
201900033037,8,11,2019,13:40:00,1,75,75120,2,1,1,6,"RUE VITRUVE","48,8591510","2,4064600",201900033037,138 244 125,A01,1,1,0,1,1,25,5,NULL,201900033037,138 244 125,A01,1,1,4,1,1979,3,2,0,-1,0,0,-1,201900033037,4,"RUE VITRUVE",0,NULL,2,2,0,2,62,0,1,NULL,NULL,1,0,4,30
201900033037,8,11,2019,13:40:00,1,75,75120,2,1,1,6,"RUE VITRUVE","48,8591510","2,4064600",201900033037,138 244 125,A01,1,1,0,1,1,25,5,NULL,201900033037,138 244 125,A01,10,3,3,2,1944,0,0,-1,-1,5,2,1,201900033037,4,"RUE VITRUVE",0,NULL,2,2,0,2,62,0,1,NULL,NULL,1,0,4,30
201900033216,5,10,2019,17:15:00,1,22,22173,1,3,1,3,"le val","48,5453150"," -2,5957200",201900033216,138 243 810,B01,3,1,0,2,1,1,5,NULL,201900033216,138 243 810,B01,1,1,3,1,1948,5,2,-1,-1,0,0,-1,201900033216,4,NULL,NULL,NULL,2,2,0,2,(1),(1),1,NULL,NULL,1,0,1,80
201900033216,5,10,2019,17:15:00,1,22,22173,1,3,1,3,"le val","48,5453150"," -2,5957200",201900033216,138 243 810,B01,3,1,0,2,1,1,5,NULL,201900033216,138 243 811,A01,1,1,1,2,1970,5,1,-1,-1,0,0,-1,201900033216,4,NULL,NULL,NULL,2,2,0,2,(1),(1),1,NULL,NULL,1,0,1,80
201900034761,13,12,2019,07:30:00,5,78,78440,2,2,3,3,"JEAN MONNET (RUE)","48,9934800","1,9112800",201900034761,138 240 838,C01,0,1,0,2,0,1,-1,NULL,201900034761,138 240 837,B01,1,1,1,2,1960,0,1,0,-1,-1," -1",-1,201900034761,4,"JEAN MONNET (RUE)",0,NULL,2,2,0,1,0,0,1,NULL,NULL,2,0,1,50
201900034761,13,12,2019,07:30:00,5,78,78440,2,2,3,3,"JEAN MONNET (RUE)","48,9934800","1,9112800",201900034761,138 240 838,C01,0,1,0,2,0,1,-1,NULL,201900034761,138 240 838,C01,1,1,4,1,1992,1,8,0,-1,0,0,-1,201900034761,4,"JEAN MONNET (RUE)",0,NULL,2,2,0,1,0,0,1,NULL,NULL,2,0,1,50
201900036233,13,12,2019,19:20:00,5,75,75104,2,3,2,3,"RUE DE LOBAU","48,8569590","2,3537140",201900036233,138 237 996,A01,1,1,0,2,1,1,5,NULL,201900036233,138 237 996,A01,1,1,4,2,1992,0,8,2,-1,0,0,-1,201900036233,4,"RUE DE LOBAU",0,NULL,2,2,1,1,0,0,1,NULL,NULL,2,0,5,50
201900036233,13,12,2019,19:20:00,5,75,75104,2,3,2,3,"RUE DE LOBAU","48,8569590","2,3537140",201900036233,138 237 996,A01,1,1,0,2,1,1,5,NULL,201900036233,138 237 997,B01,1,1,4,1,1965,4,1,0,-1,-1,0,-1,201900036233,4,"RUE DE LOBAU",0,NULL,2,2,1,1,0,0,1,NULL,NULL,2,0,5,50
201900039274,28,8,2019,08:00:00,1,75,75120,2,3,1,3,"RUE DE BELLEVILLE","48,8743999","2,3862904",201900039274,138 232 252,B01,1,1,0,2,6,18,5,NULL,201900039274,138 232 252,B01,1,1,4,1,1962,0,2,0,-1,0,0,-1,201900039274,4,"RUE DE BELLEVILLE",0,NULL,2,2,0,1,0,0,1,NULL,NULL,1,0,1,30
201900039274,28,8,2019,08:00:00,1,75,75120,2,3,1,3,"RUE DE BELLEVILLE","48,8743999","2,3862904",201900039274,138 232 252,B01,1,1,0,2,6,18,5,NULL,201900039274,138 232 253,A01,1,1,1,1,1970,3,1,0,-1,0,0,-1,201900039274,4,"RUE DE BELLEVILLE",0,NULL,2,2,0,1,0,0,1,NULL,NULL,1,0,1,30
201900039321,28,2,2019,11:57:00,1,8,08105,2,3,1,3,MONGE,"49,7606340","4,7184440",201900039321,138 232 175,B01,1,1,0,2,7,15,5,NULL,201900039321,138 232 175,B01,1,1,3,1,1984,0,8,0,-1,0,0,-1,201900039321,4,MONGE,0,NULL,1,1,0,1,0,0,1,NULL,NULL,1,0,1,50
201900039321,28,2,2019,11:57:00,1,8,08105,2,3,1,3,MONGE,"49,7606340","4,7184440",201900039321,138 232 175,B01,1,1,0,2,7,15,5,NULL,201900039321,138 232 176,A01,1,1,1,1,1967,5,8,0,-1,0,0,-1,201900039321,4,MONGE,0,NULL,1,1,0,1,0,0,1,NULL,NULL,1,0,1,50
201900039507,5,4,2019,05:55:00,3,67,67365,2,3,8,6,"OLIDA (QUAI)","48,5354840","7,7164260",201900039507,138 231 838,A01,1,1,0,2,3,16,5,NULL,201900039507,138 231 838,A01,1,1,4,1,1982,1,8,0,-1,-1,0,-1,201900039507,4,"OLIDA (QUAI)",0,NULL,2,2,0,1,0,0,1,NULL,NULL,1,0,1,50
201900039542,6,4,2019,05:30:00,5,37,37261,2,1,1,7,"GRAMMONT (AVENUE DE)","47,3845900","0,6913200",201900039542,138 231 771,A01,1,1,0,0,0,1,5,NULL,201900039542,138 231 771,A01,1,1,4,2,2001,5,2,0,-1,-1,0,-1,201900039542,4,"GRAMMONT (AVENUE DE)",0,NULL,2,6,2,1,0,0,1,NULL,NULL,1,0,2,50
201900042098,14,6,2019,10:45:00,1,63,63113,2,3,1,6,"INDUSTRIE (RUE DE L')","45,7857140","3,1195180",201900042098,138 227 012,C01,1,1,0,2,1,5,5,NULL,201900042098,138 227 011,B01,1,1,1,1,1983,0,1,0,-1,0,0,-1,201900042098,7,2009,NULL,NULL,3,-1,-1,1,(1),(1),1,NULL,NULL,1,0,4,50
201900042098,14,6,2019,10:45:00,1,63,63113,2,3,1,6,"INDUSTRIE (RUE DE L')","45,7857140","3,1195180",201900042098,138 227 012,C01,1,1,0,2,1,5,5,NULL,201900042098,138 227 012,C01,1,1,4,2,1954,-1,2,-1,-1,0,0,-1,201900042098,7,2009,NULL,NULL,3,-1,-1,1,(1),(1),1,NULL,NULL,1,0,4,50
201900043886,14,5,2019,09:25:00,1,92,92075,2,6,1,3,"HENRI BARBUSSE (ROND POINT)","48,8143000","2,2874000",201900043886,138 223 680,B01,2,1,0,2,2,15,5,NULL,201900043886,138 223 679,A01,1,1,1,1,1971,1,1,0,-1,-1,0,-1,201900043886,4,"HENRI BARBUSSE (ROND POINT)",0,NULL,1,0,1,1,0,0,2,NULL,NULL,1,0,1,30
201900043886,14,5,2019,09:25:00,1,92,92075,2,6,1,3,"HENRI BARBUSSE (ROND POINT)","48,8143000","2,2874000",201900043886,138 223 680,B01,2,1,0,2,2,15,5,NULL,201900043886,138 223 680,B01,1,1,4,2,1968,0,8,0,-1,0,0,-1,201900043886,4,"HENRI BARBUSSE (ROND POINT)",0,NULL,1,0,1,1,0,0,2,NULL,NULL,1,0,1,30
201900045342,9,12,2019,14:20:00,1,75,75119,2,1,2,3,"RUE AUGUSTIN THIERRY","48,8761248","2,3937154",201900045342,138 220 834,B01,2,1,0,2,1,1,5,NULL,201900045342,138 220 833,A01,1,1,1,1,1959,0,1,0,-1,0,0,-1,201900045342,4,"RUE AUGUSTIN THIERRY",0,NULL,2,2,1,2,13,0,1,NULL,NULL,2,0,5,30
201900045342,9,12,2019,14:20:00,1,75,75119,2,1,2,3,"RUE AUGUSTIN THIERRY","48,8761248","2,3937154",201900045342,138 220 834,B01,2,1,0,2,1,1,5,NULL,201900045342,138 220 834,B01,1,1,4,2,1968,0,2,8,-1,0,0,-1,201900045342,4,"RUE AUGUSTIN THIERRY",0,NULL,2,2,1,2,13,0,1,NULL,NULL,2,0,5,30
201900047530,30,5,2019,19:21:00,1,68,68224,2,1,1,3,"KATZ (ALLEE NATHAN)","47,7578900","7,3522900",201900047530,138 216 686,B01,1,1,0,2,7,0,5,NULL,201900047530,138 216 686,B01,2,1,4,1,1945,5,8,0,-1,-1,0,-1,201900047530,4,"KATZ (ALLEE NATHAN",0,NULL,1,2,2,1,0,0,1,NULL,NULL,1,0,1,50
201900047530,30,5,2019,19:21:00,1,68,68224,2,1,1,3,"KATZ (ALLEE NATHAN)","47,7578900","7,3522900",201900047530,138 216 686,B01,1,1,0,2,7,0,5,NULL,201900047530,138 216 687,A01,2,1,1,1,1990,5,2,8,-1,-1,0,-1,201900047530,4,"KATZ (ALLEE NATHAN",0,NULL,1,2,2,1,0,0,1,NULL,NULL,1,0,1,50
201900050294,23,8,2019,16:10:00,1,57,57097,2,2,1,6,"Rue Robert Schumann","49,1845870","6,4930330",201900050294,138 211 557,B01,1,1,0,2,8,19,5,NULL,201900050294,138 211 556,A01,1,1,1,1,1935,3,1,-1,-1,0,0,-1,201900050294,4,4,2,B,2,2,0,1,(1),(1),1,NULL,NULL,1,0,1,50
201900050294,23,8,2019,16:10:00,1,57,57097,2,2,1,6,"Rue Robert Schumann","49,1845870","6,4930330",201900050294,138 211 557,B01,1,1,0,2,8,19,5,NULL,201900050294,138 211 557,B01,1,1,3,1,2003,5,0,-1,-1,0,0,-1,201900050294,4,4,2,B,2,2,0,1,(1),(1),1,NULL,NULL,1,0,1,50
201900052021,25,9,2019,21:02:00,3,13,13047,1,1,1,7,"MARTIGUES ROUTE DE","43,4733020","4,9979390",201900052021,138 208 313,A01,3,1,0,0,0,26,5,NULL,201900052021,138 208 313,A01,1,1,4,1,1995,0,2,0,-1,-1,0,-1,201900052021,3,5,0,NULL,3,2,0,1,10,0,1,NULL,NULL,1,9,1,80
201900052369,28,3,2019,10:45:00,1,6,06004,2,9,1,3,"GAROUPE BD DE LA","43,5553345","7,1336321",201900052369,138 207 602,A01,2,1,0,2,3,1,5,NULL,201900052369,138 207 601,B01,1,1,3,1,1956,5,2,0,-1,0,0,-1,201900052369,4,"GAROUPE BD DE LA",0,NULL,2,2,0,2,0,0,1,NULL,NULL,1,0,1,50
201900052369,28,3,2019,10:45:00,1,6,06004,2,9,1,3,"GAROUPE BD DE LA","43,5553345","7,1336321",201900052369,138 207 601,B01,2,1,0,2,1,1,5,NULL,201900052369,138 207 601,B01,1,1,3,1,1956,5,2,0,-1,0,0,-1,201900052369,4,"GAROUPE BD DE LA",0,NULL,2,2,0,2,0,0,1,NULL,NULL,1,0,1,50
201900052369,28,3,2019,10:45:00,1,6,06004,2,9,1,3,"GAROUPE BD DE LA","43,5553345","7,1336321",201900052369,138 207 602,A01,2,1,0,2,3,1,5,NULL,201900052369,138 207 602,A01,1,1,3,2,1956,5,2,0,-1,0,0,-1,201900052369,4,"GAROUPE BD DE LA",0,NULL,2,2,0,2,0,0,1,NULL,NULL,1,0,1,50
201900052369,28,3,2019,10:45:00,1,6,06004,2,9,1,3,"GAROUPE BD DE LA","43,5553345","7,1336321",201900052369,138 207 601,B01,2,1,0,2,1,1,5,NULL,201900052369,138 207 602,A01,1,1,3,2,1956,5,2,0,-1,0,0,-1,201900052369,4,"GAROUPE BD DE LA",0,NULL,2,2,0,2,0,0,1,NULL,NULL,1,0,1,50
201900055008,19,6,2019,13:02:00,1,75,75104,2,2,1,3,"QUAI HENRI IV","48,8507810","2,3614280",201900055008,138 202 632,B01,3,1,0,2,1,1,5,NULL,201900055008,138 202 631,A01,1,1,1,1,1961,4,1,8,-1,0,0,-1,201900055008,4,"QUAI HENRI IV",0,NULL,1,1,0,1,0,0,1,NULL,NULL,1,0,5,50
201900055008,19,6,2019,13:02:00,1,75,75104,2,2,1,3,"QUAI HENRI IV","48,8507810","2,3614280",201900055008,138 202 632,B01,3,1,0,2,1,1,5,NULL,201900055008,138 202 632,B01,1,1,3,2,1961,9,8,0,-1,0,0,-1,201900055008,4,"QUAI HENRI IV",0,NULL,1,1,0,1,0,0,1,NULL,NULL,1,0,5,50
201900055093,8,6,2019,16:10:00,1,75,75119,2,4,1,6,"QUAI DE LA MARNE","48,8896460","2,3826050",201900055093,138 202 462,A01,0,1,0,1,1,1,5,NULL,201900055093,138 202 462,A01,10,3,4,2,2005,5,8,0,-1,2,3,1,201900055093,4,"QUAI DE LA MARNE",0,NULL,2,2,1,1,0,0,1,NULL,NULL,1,0,5,20
201900055093,8,6,2019,16:10:00,1,75,75119,2,4,1,6,"QUAI DE LA MARNE","48,8896460","2,3826050",201900055093,138 202 462,A01,0,1,0,1,1,1,5,NULL,201900055093,138 202 462,A01,1,1,4,1,1995,1,2,0,-1,0,0,-1,201900055093,4,"QUAI DE LA MARNE",0,NULL,2,2,1,1,0,0,1,NULL,NULL,1,0,5,20
201900055320,2,1,2019,13:55:00,1,75,75103,2,1,8,6,"RUE DES QUATRE FILS","48,8608530","2,3589280",201900055320,138 202 056,B01,1,1,1,2,0,13,5,NULL,201900055320,138 202 055,C01,1,1,1,2,1972,9,8,0,-1,-1," -1",-1,201900055320,4,"RUE DES QUATRE FILS",0,NULL,1,1,0,1,0,0,1,NULL,NULL,1,0,1,30
201900055320,2,1,2019,13:55:00,1,75,75103,2,1,8,6,"RUE DES QUATRE FILS","48,8608530","2,3589280",201900055320,138 202 056,B01,1,1,1,2,0,13,5,NULL,201900055320,138 202 056,B01,1,1,4,2,1983,1,8,0,-1,-1," -1",-1,201900055320,4,"RUE DES QUATRE FILS",0,NULL,1,1,0,1,0,0,1,NULL,NULL,1,0,1,30
201900055320,2,1,2019,13:55:00,1,75,75103,2,1,8,6,"RUE DES QUATRE FILS","48,8608530","2,3589280",201900055320,138 202 056,B01,1,1,1,2,0,13,5,NULL,201900055320,138 202 058,A01,1,1,1,2,1963,5,1,0,-1,-1," -1",-1,201900055320,4,"RUE DES QUATRE FILS",0,NULL,1,1,0,1,0,0,1,NULL,NULL,1,0,1,30
201900058223,21,5,2019,13:55:00,1,69,69049,1,1,1,2,"Route de Limonest","45,8648460","4,7516380",201900058223,138 196 756,A01,2,1,0,0,4,1,5,NULL,201900058223,138 196 756,A01,1,1,4,1,1972,5,2,-1,-1,0,0,-1,201900058223,3,42,0,D,2,2,0,2,2,210,1,NULL,NULL,1,0,1,80
201900010836,5,7,2019,09:05:00,1,75,75106,2,1,1,4,"BOULEVARD SAINT MICHEL","48,8411350","2,3374030",201900010836,138 286 343,B01,2,1,0,2,3,7,5,NULL,201900010836,138 286 342,C01,1,1,4,2,1989,5,2,0,-1,0,0,-1,201900010836,4,"BOULEVARD SAINT MICHEL",0,NULL,2,3,3,1,0,0,1,NULL,NULL,1,0,6,50
201900010836,5,7,2019,09:05:00,1,75,75106,2,1,1,4,"BOULEVARD SAINT MICHEL","48,8411350","2,3374030",201900010836,138 286 342,C01,2,1,0,2,3,7,5,NULL,201900010836,138 286 342,C01,1,1,4,2,1989,5,2,0,-1,0,0,-1,201900010836,4,"BOULEVARD SAINT MICHEL",0,NULL,2,3,3,1,0,0,1,NULL,NULL,1,0,6,50
201900010836,5,7,2019,09:05:00,1,75,75106,2,1,1,4,"BOULEVARD SAINT MICHEL","48,8411350","2,3374030",201900010836,138 286 343,B01,2,1,0,2,3,7,5,NULL,201900010836,138 286 343,B01,1,1,4,2,1947,0,2,0,-1,0,0,-1,201900010836,4,"BOULEVARD SAINT MICHEL",0,NULL,2,3,3,1,0,0,1,NULL,NULL,1,0,6,50
201900010836,5,7,2019,09:05:00,1,75,75106,2,1,1,4,"BOULEVARD SAINT MICHEL","48,8411350","2,3374030",201900010836,138 286 342,C01,2,1,0,2,3,7,5,NULL,201900010836,138 286 343,B01,1,1,4,2,1947,0,2,0,-1,0,0,-1,201900010836,4,"BOULEVARD SAINT MICHEL",0,NULL,2,3,3,1,0,0,1,NULL,NULL,1,0,6,50
201900010836,5,7,2019,09:05:00,1,75,75106,2,1,1,4,"BOULEVARD SAINT MICHEL","48,8411350","2,3374030",201900010836,138 286 343,B01,2,1,0,2,3,7,5,NULL,201900010836,138 286 344,A01,1,1,1,1,1957,4,1,0,-1,0,0,-1,201900010836,4,"BOULEVARD SAINT MICHEL",0,NULL,2,3,3,1,0,0,1,NULL,NULL,1,0,6,50
201900010836,5,7,2019,09:05:00,1,75,75106,2,1,1,4,"BOULEVARD SAINT MICHEL","48,8411350","2,3374030",201900010836,138 286 342,C01,2,1,0,2,3,7,5,NULL,201900010836,138 286 344,A01,1,1,1,1,1957,4,1,0,-1,0,0,-1,201900010836,4,"BOULEVARD SAINT MICHEL",0,NULL,2,3,3,1,0,0,1,NULL,NULL,1,0,6,50
201900012250,22,4,2019,13:20:00,1,93,93077,2,2,1,6,"LECLERC (AVENUE DU GENERAL)","48,8856800","2,5118400",201900012250,138 283 682,A01,1,1,0,1,8,26,5,NULL,201900012250,138 283 682,A01,10,3,4,1,2014,0,8,0,-1,4,3,2,201900012250,4,"LECLERC (AVENUE DU GENERAL)",0,NULL,1,1,0,1,0,0,1,NULL,NULL,1,0,1,50
201900014248,5,8,2019,20:45:00,2,75,75112,2,7,1,6,"PLACE EDOUARD RENARD","48,8353618","2,4065982",201900014248,138 279 915,Z01,1,1,0,1,1,25,5,NULL,201900014248,138 279 915,Z01,10,3,4,2,1964,1,0,0,-1,5,1,2,201900014248,4,"PLACE EDOUARD RENARD",0,NULL,3,2,0,1,0,0,3,NULL,NULL,1,0,4,50
201900014913,30,12,2019,12:27:00,1,75,75108,2,5,1,3,"RUE DE ROME","48,8794830","2,3218490",201900014913,138 278 576,A01,1,1,0,2,1,5,5,NULL,201900014913,138 278 575,B01,1,1,4,1,1988,1,2,6,-1,0,0,-1,201900014913,4,"RUE DE ROME",0,NULL,2,2,0,1,0,0,1,NULL,NULL,1,0,1,50
201900014913,30,12,2019,12:27:00,1,75,75108,2,5,1,3,"RUE DE ROME","48,8794830","2,3218490",201900014913,138 278 576,A01,1,1,0,2,1,5,5,NULL,201900014913,138 278 576,A01,1,1,4,1,1993,4,8,2,-1,0,0,-1,201900014913,4,"RUE DE ROME",0,NULL,2,2,0,1,0,0,1,NULL,NULL,1,0,1,50
201900016293,9,5,2019,12:58:00,1,49,49267,2,1,1,6,PEGUY,"47,4696604"," -0,4881030",201900016293,138 276 028,A01,1,1,0,0,0,26,5,NULL,201900016293,138 276 028,A01,1,1,4,1,2004,0,2,0,-1,-1,0,-1,201900016293,4,PEGUY,0,NULL,-1,1,0,1,0,0,1,NULL,NULL,1,0,1,10
201900016864,16,3,2019,08:20:00,1,69,69388,2,3,1,3,"ETATS UNIS (DES)                    (BD)","45,7391000","4,8597700",201900016864,138 274 925,B01,1,1,0,2,5,26,0,NULL,201900016864,138 274 924,A01,1,1,1,2,1980,5,8,0,-1,0,0,-1,201900016864,4,"ETATS UNIS (DES)                    (BD)",0,NULL,3,6,1,1,1,0,1,NULL,NULL,1,9,1,50
201900016864,16,3,2019,08:20:00,1,69,69388,2,3,1,3,"ETATS UNIS (DES)                    (BD)","45,7391000","4,8597700",201900016864,138 274 925,B01,1,1,0,2,5,26,0,NULL,201900016864,138 274 925,B01,1,1,4,1,1974,0,8,0,-1,0,0,-1,201900016864,4,"ETATS UNIS (DES)                    (BD)",0,NULL,3,6,1,1,1,0,1,NULL,NULL,1,9,1,50
201900017265,6,9,2019,07:25:00,2,71,71270,2,1,1,3,"Av.P.et M. Curie/route de Bioux","46,3006000","4,8187200",201900017265,138 274 133,A01,3,1,0,2,0,26,6,NULL,201900017265,138 274 133,A01,1,1,4,2,1961,0,8,0,-1,0,0,-1,201900017265,9,"Av.P.et M. Curie/route de Bioux",0,NULL,-1,0,0,1,0,0,1,NULL,NULL,1,0,1,50
201900017265,6,9,2019,07:25:00,2,71,71270,2,1,1,3,"Av.P.et M. Curie/route de Bioux","46,3006000","4,8187200",201900017265,138 274 133,A01,3,1,0,2,0,26,6,NULL,201900017265,138 274 134,B01,1,1,1,2,1973,1,1,5,-1,0,0,-1,201900017265,9,"Av.P.et M. Curie/route de Bioux",0,NULL,-1,0,0,1,0,0,1,NULL,NULL,1,0,1,50
201900019115,9,9,2019,17:00:00,1,67,67482,2,3,8,3,"ROTHAU (RUE DE)","48,5788310","7,7285080",201900019115,138 270 708,B01,2,1,0,0,5,1,5,NULL,201900019115,138 270 708,B01,1,1,4,1,1992,0,8,0,-1,-1,0,-1,201900019115,4,"ROTHAU (RUE DE)",0,NULL,2,2,0,1,0,0,1,NULL,NULL,1,1,1,50
201900019115,9,9,2019,17:00:00,1,67,67482,2,3,8,3,"ROTHAU (RUE DE)","48,5788310","7,7285080",201900019115,138 270 708,B01,2,1,0,0,5,1,5,NULL,201900019115,138 270 709,A01,1,1,1,2,1947,5,1,8,-1,0,0,-1,201900019115,4,"ROTHAU (RUE DE)",0,NULL,2,2,0,1,0,0,1,NULL,NULL,1,1,1,50
201900022351,30,1,2019,17:55:00,2,17,17415,2,6,2,6,"GENET ROCADE A COTE DE BEAUTE COURS","45,7487900"," -0,6588400",201900022351,138 264 536,B01,0,1,0,2,5,1,5,NULL,201900022351,138 264 535,A01,1,1,1,2,1974,5,1,0,-1,-1," -1",-1,201900022351,4,"GENET ROCADE A COTE DE BEAUTE COURS",0,NULL,1,1,0,1,0,0,1,NULL,NULL,2,5,1,50
201900022351,30,1,2019,17:55:00,2,17,17415,2,6,2,6,"GENET ROCADE A COTE DE BEAUTE COURS","45,7487900"," -0,6588400",201900022351,138 264 536,B01,0,1,0,2,5,1,5,NULL,201900022351,138 264 536,B01,1,1,4,1,1965,5,8,0,-1,0,0,-1,201900022351,4,"GENET ROCADE A COTE DE BEAUTE COURS",0,NULL,1,1,0,1,0,0,1,NULL,NULL,2,5,1,50
201900025715,13,11,2019,10:45:00,1,94,94076,2,3,1,7,"MARCEL PAUL (R)","48,8005200","2,3562600",201900025715,138 257 931,A01,2,1,0,0,8,26,5,NULL,201900025715,138 257 931,A01,1,1,4,2,1981,4,8,0,-1,-1," -1",-1,201900025715,4,"MARCEL PAUL (R)",0,NULL,2,2,0,2,0,0,1,NULL,NULL,2,0,1,50
201900028807,26,7,2019,07:30:00,1,26,26362,2,3,1,3,"MOURETTES RUE DES","44,8926040","4,8806840",201900028807,138 252 138,A01,2,1,0,2,7,19,5,NULL,201900028807,138 252 137,B01,1,1,1,1,1999,4,1,0,-1,0,0,-1,201900028807,3,7,0,NULL,2,2,1,1,3,850,1,NULL,NULL,1,0,5,50
201900028807,26,7,2019,07:30:00,1,26,26362,2,3,1,3,"MOURETTES RUE DES","44,8926040","4,8806840",201900028807,138 252 138,A01,2,1,0,2,7,19,5,NULL,201900028807,138 252 138,A01,1,1,3,1,1944,5,2,0,-1,0,0,-1,201900028807,3,7,0,NULL,2,2,1,1,3,850,1,NULL,NULL,1,0,5,50
201900029031,15,5,2019,20:20:00,1,45,45285,2,2,1,3,"R P DOUMER - VENELLE GAMBETTA","47,9068933","1,8816138",201900029031,138 251 753,A01,2,1,0,2,8,1,5,NULL,201900029031,138 251 753,A01,1,1,4,1,2007,5,2,0,-1,0,0,-1,201900029031,4,"RUE PAUL DOUMER",0,NULL,1,1,0,1,(1),(1),1,NULL,NULL,1,0,1,30