Num_Acc,jour,mois,an,hrmn,lum,dep,com,agg,int,atm,col,adr,lat,long,Num_Acc,id_vehicule,num_veh,senc,catv,obs,obsm,choc,manv,motor,occutc,Num_Acc,id_vehicule,num_veh,place,catu,grav,sexe,an_nais,trajet,secu1,secu2,secu3,locp,actp,etatp,Num_Acc,catr,voie,v1,v2,circ,nbv,vosp,prof,pr,pr1,plan,lartpc,larrout,surf,infra,situ,vma
201900029031,15,5,2019,20:20:00,1,45,45285,2,2,1,3,"R P DOUMER - VENELLE GAMBETTA","47,9068933","1,8816138",201900029031,138 251 753,A01,2,1,0,2,8,1,5,NULL,201900029031,138 251 754,B01,1,1,1,1,1987,1,1,0,-1,0,0,-1,201900029031,4,"RUE PAUL DOUMER",0,NULL,1,1,0,1,(1),(1),1,NULL,NULL,1,0,1,30
201900030024,4,9,2019,15:35:00,1,54,54197,1,1,1,3,RD71,"48,6273290","6,2145750",201900030024,138 249 856,A01,1,1,0,2,1,26,5,NULL,201900030024,138 249 855,B01,1,1,1,1,1958,0,1,0,-1,-1,0,-1,201900030024,3,71,0,NULL,2,2,0,3,8,420,1,NULL,NULL,1,0,1,70
201900030024,4,9,2019,15:35:00,1,54,54197,1,1,1,3,RD71,"48,6273290","6,2145750",201900030024,138 249 856,A01,1,1,0,2,1,26,5,NULL,201900030024,138 249 856,A01,1,1,4,1,1939,0,2,0,-1,-1," -1",-1,201900030024,3,71,0,NULL,2,2,0,3,8,420,1,NULL,NULL,1,0,1,70
201900030036,3,9,2019,18:20:00,1,35,35238,1,1,1,2,"ALMA (DE L')","48,1018963"," -1,6764398",201900030036,138 249 828,B01,3,1,0,2,4,11,0,NULL,201900030036,138 249 828,B01,1,1,4,2,1945,5,8,0,-1,-1," -1",-1,201900030036,4,"ALMA (DE L')",0,NULL,2,3,1,3,0,0,1,NULL,NULL,1,0,1,50
201900030036,3,9,2019,18:20:00,1,35,35238,1,1,1,2,"ALMA (DE L')","48,1018963"," -1,6764398",201900030036,138 249 828,B01,3,1,0,2,4,11,0,NULL,201900030036,138 249 829,A01,1,1,4,1,1990,5,2,6,-1,-1,0,-1,201900030036,4,"ALMA (DE L')",0,NULL,2,3,1,3,0,0,1,NULL,NULL,1,0,1,50
201900031296,16,12,2019,07:30:00,5,75,75117,2,7,3,3,"BOULEVARD BERTHIER","48,8873230","2,2978860",201900031296,138 247 489,B01,1,1,0,2,7,7,5,NULL,201900031296,138 247 488,A01,1,1,1,2,1963,1,1,0,-1,0,0,-1,201900031296,4,"PLACE PAUL LEAUTAUD",0,NULL,1,2,3,1,0,1,1,NULL,NULL,2,0,6,50
201900031296,16,12,2019,07:30:00,5,75,75117,2,7,3,3,"BOULEVARD BERTHIER","48,8873230","2,2978860",201900031296,138 247 489,B01,1,1,0,2,7,7,5,NULL,201900031296,138 247 489,B01,1,1,4,2,1988,1,8,2,-1,0,0,-1,201900031296,4,"PLACE PAUL LEAUTAUD",0,NULL,1,2,3,1,0,1,1,NULL,NULL,2,0,6,50
201900031467,5,10,2019,17:10:00,1,74,74012,2,1,1,3,"BUCHILLONS (AVENUE DES)","46,1982300","6,2644300",201900031467,138 247 199,B01,3,1,0,2,3,15,5,NULL,201900031467,138 247 199,B01,1,1,4,1,2001,9,8,0,-1,0,0,-1,201900031467,4,"BUCHILLONS (AVENUE DES)",0,NULL,2,2,0,2,0,1,1,NULL,NULL,1,0,1,50
201900031467,5,10,2019,17:10:00,1,74,74012,2,1,1,3,"BUCHILLONS (AVENUE DES)","46,1982300","6,2644300",201900031467,138 247 199,B01,3,1,0,2,3,15,5,NULL,201900031467,138 247 200,A01,1,1,1,1,1975,0,1,0,-1,0,0,-1,201900031467,4,"BUCHILLONS (AVENUE DES)",0,NULL,2,2,0,2,0,1,1,NULL,NULL,1,0,1,50
201900032774,21,5,2019,12:20:00,1,17,17291,1,1,1,3,"JUIN 18  RUE","46,1761900"," -1,1114800",201900032774,138 244 648,B01,1,1,0,2,3,1,5,NULL,201900032774,138 244 647,A01,1,1,1,1,1997,1,1,0,-1,-1,0,-1,201900032774,4,"JUIN 18  RUE",0,NULL,1,2,2,1,0,0,1,NULL,NULL,1,9,1,30
201900032774,21,5,2019,12:20:00,1,17,17291,1,1,1,3,"JUIN 18  RUE","46,1761900"," -1,1114800",201900032774,138 244 648,B01,1,1,0,2,3,1,5,NULL,201900032774,138 244 648,B01,1,1,3,1,1978,1,2,0,-1,-1,0,-1,201900032774,4,"JUIN 18  RUE",0,NULL,1,2,2,1,0,0,1,NULL,NULL,1,9,1,30
201900032788,10,5,2019,08:30:00,1,17,17299,2,6,1,3,"VAUBAN ROND POINT","45,9305800"," -0,9606600",201900032788,138 244 621,B01,3,1,0,2,1,1,5,NULL,201900032788,138 244 620,A01,1,1,1,1,1985,1,1,8,-1,-1," -1",-1,201900032788,4,"VAUBAN ROND POINT",0,NULL,1,1,0,1,0,0,2,NULL,NULL,1,5,1,50
201900032788,10,5,2019,08:30:00,1,17,17299,2,6,1,3,"VAUBAN ROND POINT","45,9305800"," -0,9606600",201900032788,138 244 621,B01,3,1,0,2,1,1,5,NULL,201900032788,138 244 621,B01,1,1,4,2,1994,1,8,0,-1,-1," -1",-1,201900032788,4,"VAUBAN ROND POINT",0,NULL,1,1,0,1,0,0,2,NULL,NULL,1,5,1,50
201900035928,9,4,2019,16:30:00,1,56,56179,1,1,1,6,"Rue Charles Renaud","47,8365420"," -3,3941620",201900035928,138 238 542,A01,1,1,6,0,0,1,5,NULL,201900035928,138 238 542,A01,1,1,3,1,1938,5,2,-1,-1,0,0,-1,201900035928,3,26,NULL,NULL,2,2,0,2,6,705,2,NULL,NULL,1,0,1,50
201900037938,29,6,2019,20:00:00,3,974,97410,1,1,2,2,Saint-Francois," -21,0885780","55,6378390",201900037938,138 234 698,A01,3,1,0,0,8,2,5,NULL,201900037938,138 234 698,A01,1,1,3,1,1981,5,8,-1,-1,0,0,-1,201900037938,2,2,0,NULL,2,2,2,1,(1),(1),1,NULL,NULL,1,0,5,-1
201900038710,30,10,2019,15:30:00,1,75,75118,2,1,1,6,"RUE DE LA CHAPELLE","48,8965729","2,3592420",201900038710,138 233 331,A01,2,1,0,1,7,1,5,NULL,201900038710,138 233 331,A01,1,1,1,1,1997,0,8,0,-1,0,0,-1,201900038710,4,"RUE DE LA CHAPELLE",0,NULL,2,4,-1,1,0,0,1,NULL,NULL,1,0,1,50
201900038710,30,10,2019,15:30:00,1,75,75118,2,1,1,6,"RUE DE LA CHAPELLE","48,8965729","2,3592420",201900038710,138 233 331,A01,2,1,0,1,7,1,5,NULL,201900038710,138 233 331,A01,10,3,4,2,1962,0,8,0,-1,3,3,1,201900038710,4,"RUE DE LA CHAPELLE",0,NULL,2,4,-1,1,0,0,1,NULL,NULL,1,0,1,50
201900042718,11,1,2019,09:00:00,1,86,86194,2,4,1,3,"PETIT POLYGONE (RUE DU)","46,5773100","0,3588100",201900042718,138 225 803,A01,1,1,0,2,1,19,5,NULL,201900042718,138 225 803,A01,1,1,4,1,2003,0,8,0,-1,-1,0,-1,201900042718,4,"PETIT POLYGONE (RUE DU)",0,NULL,2,2,0,3,0,0,1,NULL,NULL,1,0,1,50
201900042718,11,1,2019,09:00:00,1,86,86194,2,4,1,3,"PETIT POLYGONE (RUE DU)","46,5773100","0,3588100",201900042718,138 225 803,A01,1,1,0,2,1,19,5,NULL,201900042718,138 225 804,B01,1,1,1,2,2003,0,1,0,-1,-1," -1",-1,201900042718,4,"PETIT POLYGONE (RUE DU)",0,NULL,2,2,0,3,0,0,1,NULL,NULL,1,0,1,50
201900045847,13,6,2019,21:55:00,1,71,71270,2,1,1,3,"LACRETELLE (RUE)","46,3041900","4,8297100",201900045847,138 219 840,A01,1,1,0,2,1,26,5,NULL,201900045847,138 219 839,B01,1,1,1,2,1998,0,1,0,-1,0,0,-1,201900045847,9,"LACRETELLE (RUE)",0,NULL,1,1,0,4,0,0,1,NULL,NULL,1,0,1,50
201900045847,13,6,2019,21:55:00,1,71,71270,2,1,1,3,"LACRETELLE (RUE)","46,3041900","4,8297100",201900045847,138 219 840,A01,1,1,0,2,1,26,5,NULL,201900045847,138 219 840,A01,1,1,4,1,2001,9,8,0,-1,0,0,-1,201900045847,9,"LACRETELLE (RUE)",0,NULL,1,1,0,4,0,0,1,NULL,NULL,1,0,1,50
201900046959,15,7,2019,14:00:00,1,63,63113,2,1,1,3,"CHANTERANNE (RUE DE)","45,7874900","3,0984500",201900046959,138 217 717,B01,1,1,0,2,8,2,5,NULL,201900046959,138 217 717,B01,1,1,4,2,1978,1,2,0,-1,0,0,-1,201900046959,4,"CHANTERANNE (RUE DE)",0,NULL,2,4,0,1,(1),(1),1,NULL,NULL,1,9,1,50
201900047546,29,5,2019,12:05:00,1,67,67447,2,1,1,1,"MARAIS (RUE DU)","48,6094600","7,7652550",201900047546,138 216 657,B01,3,1,0,2,8,19,5,NULL,201900047546,138 216 657,B01,10,3,4,1,2006,2,8,0,-1,0,3,1,201900047546,4,"MARAIS (RUE DU)",0,NULL,2,-1,1,1,0,0,1,NULL,NULL,1,5,1,50
201900047546,29,5,2019,12:05:00,1,67,67447,2,1,1,1,"MARAIS (RUE DU)","48,6094600","7,7652550",201900047546,138 216 657,B01,3,1,0,2,8,19,5,NULL,201900047546,138 216 658,A01,1,1,1,1,1976,4,1,0,-1,-1,0,-1,201900047546,4,"MARAIS (RUE DU)",0,NULL,2,-1,1,1,0,0,1,NULL,NULL,1,5,1,50
201900047546,29,5,2019,12:05:00,1,67,67447,2,1,1,1,"MARAIS (RUE DU)","48,6094600","7,7652550",201900047546,138 216 657,B01,3,1,0,2,8,19,5,NULL,201900047546,138 216 658,A01,2,2,1,1,1984,4,1,8,-1,-1,0,-1,201900047546,4,"MARAIS (RUE DU)",0,NULL,2,-1,1,1,0,0,1,NULL,NULL,1,5,1,50
201900048063,9,1,2019,10:50:00,1,13,13005,2,6,1,3,"GEMENOS (ROUTE DE CD2)","43,2963428","5,5831448",201900048063,138 215 701,B01,1,1,0,2,1,15,5,NULL,201900048063,138 215 701,B01,1,1,4,1,1967,5,2,8,-1,-1," -1",-1,201900048063,3,2,0,NULL,1,1,0,1,0,0,2,NULL,NULL,1,0,1,50
201900048063,9,1,2019,10:50:00,1,13,13005,2,6,1,3,"GEMENOS (ROUTE DE CD2)","43,2963428","5,5831448",201900048063,138 215 701,B01,1,1,0,2,1,15,5,NULL,201900048063,138 215 702,A01,1,1,1,1,1937,3,8,0,-1,-1," -1",-1,201900048063,3,2,0,NULL,1,1,0,1,0,0,2,NULL,NULL,1,0,1,50
201900049515,23,2,2019,14:15:00,1,26,26144,1,1,1,1,D104,"44,7567880","4,8497190",201900049515,138 213 013,B01,1,1,0,2,1,1,5,NULL,201900049515,138 213 013,B01,1,1,2,2,1964,5,0,-1,-1,0,0,-1,201900049515,3,104,NULL,NULL,2,2,0,1,15,(1),1,NULL,NULL,1,0,1,80
201900049515,23,2,2019,14:15:00,1,26,26144,1,1,1,1,D104,"44,7567880","4,8497190",201900049515,138 213 013,B01,1,1,0,2,1,1,5,NULL,201900049515,138 213 014,A01,1,1,1,1,1968,0,1,-1,-1,0,0,-1,201900049515,3,104,NULL,NULL,2,2,0,1,15,(1),1,NULL,NULL,1,0,1,80
201900052508,30,3,2019,10:40:00,1,93,93005,2,4,1,3,"MARECHAL JUIN (AVENUE DU)","48,9357350","2,5032210",201900052508,138 207 325,B01,1,1,0,2,3,18,5,NULL,201900052508,138 207 324,A01,1,1,1,1,1955,0,1,0,-1,-1," -1",-1,201900052508,4,"MARECHAL JUIN (AVENUE DU)",0,NULL,1,1,1,1,1,0,1,NULL,NULL,1,0,1,50
201900052508,30,3,2019,10:40:00,1,93,93005,2,4,1,3,"MARECHAL JUIN (AVENUE DU)","48,9357350","2,5032210",201900052508,138 207 325,B01,1,1,0,2,3,18,5,NULL,201900052508,138 207 325,B01,1,1,4,2,1973,5,2,0,-1,-1," -1",-1,201900052508,4,"MARECHAL JUIN (AVENUE DU)",0,NULL,1,1,1,1,1,0,1,NULL,NULL,1,0,1,50
201900054190,20,8,2019,08:00:00,1,37,37214,2,6,1,3,"PORTILLON (PLACE)","47,4003900","0,6787400",201900054190,138 204 146,B01,2,1,0,2,4,15,5,NULL,201900054190,138 204 145,A01,1,1,1,1,1964,1,1,0,-1,-1,0,-1,201900054190,4,"PORTILLON (PLACE)",0,NULL,1,2,0,1,0,0,2,NULL,NULL,1,0,1,50
201900054190,20,8,2019,08:00:00,1,37,37214,2,6,1,3,"PORTILLON (PLACE)","47,4003900","0,6787400",201900054190,138 204 146,B01,2,1,0,2,4,15,5,NULL,201900054190,138 204 146,B01,1,1,4,1,1996,1,8,0,-1,-1,0,-1,201900054190,4,"PORTILLON (PLACE)",0,NULL,1,2,0,1,0,0,2,NULL,NULL,1,0,1,50
201900055409,23,9,2019,17:10:00,1,93,93029,2,1,1,3,"LEJEUNE (AVENUE)","48,9147000","2,4690000",201900055409,138 201 896,B01,1,1,0,6,1,21,5,NULL,201900055409,138 201 894,A01,1,1,1,1,1982,4,1,0,-1,-1," -1",-1,201900055409,4,"LEJEUNE (AVENUE)",0,NULL,2,2,0,1,0,0,1,NULL,NULL,1,0,1,50
201900055409,23,9,2019,17:10:00,1,93,93029,2,1,1,3,"LEJEUNE (AVENUE)","48,9147000","2,4690000",201900055409,138 201 896,B01,1,1,0,6,1,21,5,NULL,201900055409,138 201 896,B01,1,1,4,1,2007,0,8,0,-1,-1," -1",-1,201900055409,4,"LEJEUNE (AVENUE)",0,NULL,2,2,0,1,0,0,1,NULL,NULL,1,0,1,50
201900010750,8,8,2019,08:20:00,1,65,65442,1,1,1,4,"rd 632","43,2954990","0,6244500",201900010750,138 286 490,D01,1,1,0,2,0,1,5,NULL,201900010750,138 286 487,A01,1,1,1,1,1984,5,1,-1,-1,0,0,-1,201900010750,3,632,0,NULL,2,2,0,1,0,600,1,NULL,NULL,1,0,1,80
201900010750,8,8,2019,08:20:00,1,65,65442,1,1,1,4,"rd 632","43,2954990","0,6244500",201900010750,138 286 489,C01,1,1,0,2,4,1,5,NULL,201900010750,138 286 487,A01,1,1,1,1,1984,5,1,-1,-1,0,0,-1,201900010750,3,632,0,NULL,2,2,0,1,0,600,1,NULL,NULL,1,0,1,80
201900010750,8,8,2019,08:20:00,1,65,65442,1,1,1,4,"rd 632","43,2954990","0,6244500",201900010750,138 286 488,B01,1,1,0,2,4,1,5,NULL,201900010750,138 286 487,A01,1,1,1,1,1984,5,1,-1,-1,0,0,-1,201900010750,3,632,0,NULL,2,2,0,1,0,600,1,NULL,NULL,1,0,1,80
201900010750,8,8,2019,08:20:00,1,65,65442,1,1,1,4,"rd 632","43,2954990","0,6244500",201900010750,138 286 490,D01,1,1,0,2,0,1,5,NULL,201900010750,138 286 488,B01,1,1,2,1,1959,5,2,-1,-1,0,0,-1,201900010750,3,632,0,NULL,2,2,0,1,0,600,1,NULL,NULL,1,0,1,80
201900010750,8,8,2019,08:20:00,1,65,65442,1,1,1,4,"rd 632","43,2954990","0,6244500",201900010750,138 286 489,C01,1,1,0,2,4,1,5,NULL,201900010750,138 286 488,B01,1,1,2,1,1959,5,2,-1,-1,0,0,-1,201900010750,3,632,0,NULL,2,2,0,1,0,600,1,NULL,NULL,1,0,1,80
201900010750,8,8,2019,08:20:00,1,65,65442,1,1,1,4,"rd 632","43,2954990","0,6244500",201900010750,138 286 488,B01,1,1,0,2,4,1,5,NULL,201900010750,138 286 488,B01,1,1,2,1,1959,5,2,-1,-1,0,0,-1,201900010750,3,632,0,NULL,2,2,0,1,0,600,1,NULL,NULL,1,0,1,80
201900010750,8,8,2019,08:20:00,1,65,65442,1,1,1,4,"rd 632","43,2954990","0,6244500",201900010750,138 286 490,D01,1,1,0,2,0,1,5,NULL,201900010750,138 286 489,C01,1,1,3,1,1962,5,2,-1,-1,0,0,-1,201900010750,3,632,0,NULL,2,2,0,1,0,600,1,NULL,NULL,1,0,1,80
201900010750,8,8,2019,08:20:00,1,65,65442,1,1,1,4,"rd 632","43,2954990","0,6244500",201900010750,138 286 489,C01,1,1,0,2,4,1,5,NULL,201900010750,138 286 489,C01,1,1,3,1,1962,5,2,-1,-1,0,0,-1,201900010750,3,632,0,NULL,2,2,0,1,0,600,1,NULL,NULL,1,0,1,80
201900010750,8,8,2019,08:20:00,1,65,65442,1,1,1,4,"rd 632","43,2954990","0,6244500",201900010750,138 286 488,B01,1,1,0,2,4,1,5,NULL,201900010750,138 286 489,C01,1,1,3,1,1962,5,2,-1,-1,0,0,-1,201900010750,3,632,0,NULL,2,2,0,1,0,600,1,NULL,NULL,1,0,1,80
201900010750,8,8,2019,08:20:00,1,65,65442,1,1,1,4,"rd 632","43,2954990","0,6244500",201900010750,138 286 490,D01,1,1,0,2,0,1,5,NULL,201900010750,138 286 490,D01,1,1,3,1,1946,5,2,-1,-1,0,0,-1,201900010750,3,632,0,NULL,2,2,0,1,0,600,1,NULL,NULL,1,0,1,80
201900010750,8,8,2019,08:20:00,1,65,65442,1,1,1,4,"rd 632","43,2954990","0,6244500",201900010750,138 286 489,C01,1,1,0,2,4,1,5,NULL,201900010750,138 286 490,D01,1,1,3,1,1946,5,2,-1,-1,0,0,-1,201900010750,3,632,0,NULL,2,2,0,1,0,600,1,NULL,NULL,1,0,1,80
201900010750,8,8,2019,08:20:00,1,65,65442,1,1,1,4,"rd 632","43,2954990","0,6244500",201900010750,138 286 488,B01,1,1,0,2,4,1,5,NULL,201900010750,138 286 490,D01,1,1,3,1,1946,5,2,-1,-1,0,0,-1,201900010750,3,632,0,NULL,2,2,0,1,0,600,1,NULL,NULL,1,0,1,80
201900011474,14,9,2019,20:30:00,3,39,39478,1,1,1,2,NULL,"46,3781290","5,8103020",201900011474,138 285 161,B01,1,1,0,2,4,1,5,NULL,201900011474,138 285 161,B01,1,1,3,1,1995,5,0,-1,-1,0,0,-1,201900011474,3,436,NULL,NULL,3,4,0,2,17,860,1,NULL,NULL,1,0,1,90
201900011474,14,9,2019,20:30:00,3,39,39478,1,1,1,2,NULL,"46,3781290","5,8103020",201900011474,138 285 161,B01,1,1,0,2,4,1,5,NULL,201900011474,138 285 162,A01,1,1,1,1,2000,5,1,-1,-1,0,0,-1,201900011474,3,436,NULL,NULL,3,4,0,2,17,860,1,NULL,NULL,1,0,1,90
201900013498,19,3,2019,07:20:00,1,988,98818,2,6,1,3,"GASPARD (RUE HENRI)/E. PENTECOST"," -22,2871200","166,4550300",201900013498,138 281 318,B01,3,1,0,2,8,19,5,NULL,201900013498,138 281 318,B01,1,1,4,2,2009,2,2,2,-1,-1,0,-1,201900013498,4,702,0,NULL,2,2,0,1,1,0,2,NULL,NULL,1,5,1,50
201900013498,19,3,2019,07:20:00,1,988,98818,2,6,1,3,"GASPARD (RUE HENRI)/E. PENTECOST"," -22,2871200","166,4550300",201900013498,138 281 318,B01,3,1,0,2,8,19,5,NULL,201900013498,138 281 319,A01,1,1,1,2,1992,0,1,1,-1,-1,0,-1,201900013498,4,702,0,NULL,2,2,0,1,1,0,2,NULL,NULL,1,5,1,50
201900015308,12,9,2019,11:25:00,1,50,50129,2,2,1,3,"GAMBETTA (RUE)","49,6381700"," -1,6252200",201900015308,138 277 840,A01,0,1,0,2,1,1,5,NULL,201900015308,138 277 840,A01,1,1,4,2,1972,5,8,8,-1,0,0,-1,201900015308,4,"GAMBETTA (RUE)",0,NULL,2,2,0,1,0,0,1,NULL,NULL,1,0,1,50
201900015308,12,9,2019,11:25:00,1,50,50129,2,2,1,3,"GAMBETTA (RUE)","49,6381700"," -1,6252200",201900015308,138 277 840,A01,0,1,0,2,1,1,5,NULL,201900015308,138 277 841,B01,1,1,1,2,1981,9,1,0,-1,0,0,-1,201900015308,4,"GAMBETTA (RUE)",0,NULL,2,2,0,1,0,0,1,NULL,NULL,1,0,1,50
201900015661,14,10,2019,12:00:00,1,35,35238,2,2,8,3,"LANJUINAIS ( JEAN DENIS)","48,1086800"," -1,6819600",201900015661,138 277 212,A01,1,1,0,2,5,19,5,NULL,201900015661,138 277 211,B01,1,1,1,1,1990,9,1,0,-1,-1," -1",-1,201900015661,4,"LANJUINAIS ( JEAN DENIS)",0,NULL,2,2,0,1,0,0,1,NULL,NULL,2,0,1,50
201900015661,14,10,2019,12:00:00,1,35,35238,2,2,8,3,"LANJUINAIS ( JEAN DENIS)","48,1086800"," -1,6819600",201900015661,138 277 212,A01,1,1,0,2,5,19,5,NULL,201900015661,138 277 212,A01,1,1,4,1,2002,2,8,0,-1,-1,0,-1,201900015661,4,"LANJUINAIS ( JEAN DENIS)",0,NULL,2,2,0,1,0,0,1,NULL,NULL,2,0,1,50
201900015697,10,10,2019,19:00:00,3,22,22360,2,1,1,2,"SAINT-RIVILY (RUE DE)","48,4889280"," -2,7578800",201900015697,138 277 147,A01,1,1,0,2,5,2,5,NULL,201900015697,138 277 147,A01,1,1,3,2,1971,0,2,0,-1,0,0,-1,201900015697,4,"SAINT-RIVILY (RUE DE)",0,NULL,-1,2,0,1,(1),(1),1,NULL,NULL,1,0,1,50
201900016334,14,3,2019,08:15:00,1,2,02722,2,6,2,6,"MAIL ( ROND POINT DU )","49,3843000","3,3295600",201900016334,138 275 936,B01,3,1,0,2,7,1,5,NULL,201900016334,138 275 936,B01,1,1,3,1,2001,5,8,8,-1,-1,0,-1,201900016334,4,"MAIL ( AVENUE DU )",0,NULL,2,-1,0,1,0,0,1,NULL,NULL,2,5,1,50
201900016334,14,3,2019,08:15:00,1,2,02722,2,6,2,6,"MAIL ( ROND POINT DU )","49,3843000","3,3295600",201900016334,138 275 936,B01,3,1,0,2,7,1,5,NULL,201900016334,138 275 937,A01,1,1,1,1,1937,5,1,0,-1,-1,0,-1,201900016334,4,"MAIL ( AVENUE DU )",0,NULL,2,-1,0,1,0,0,1,NULL,NULL,2,5,1,50
201900019745,1,8,2019,19:00:00,1,75,75113,2,2,1,2,"PONT DE TOLBIAC","48,8322420","2,3798030",201900019745,138 269 503,A01,2,1,0,2,1,2,5,NULL,201900019745,138 269 502,B01,1,1,1,1,1977,1,1,0,-1,0,0,-1,201900019745,4,"PONT DE TOLBIAC",0,NULL,2,5,0,1,0,0,1,NULL,NULL,1,2,1,50
201900019745,1,8,2019,19:00:00,1,75,75113,2,2,1,2,"PONT DE TOLBIAC","48,8322420","2,3798030",201900019745,138 269 503,A01,2,1,0,2,1,2,5,NULL,201900019745,138 269 503,A01,1,1,4,1,2004,5,2,0,-1,0,0,-1,201900019745,4,"PONT DE TOLBIAC",0,NULL,2,5,0,1,0,0,1,NULL,NULL,1,2,1,50
201900020238,27,2,2019,06:11:00,5,68,68253,1,3,1,3,"route départementale 52","47,7895800","7,5220270",201900020238,138 268 563,B01,2,1,0,2,1,1,5,NULL,201900020238,138 268 563,B01,1,1,3,1,1954,5,2,-1,-1,0,0,-1,201900020238,3,52,NULL,NULL,2,2,1,1,11,200,1,NULL,NULL,1,0,1,70
201900020238,27,2,2019,06:11:00,5,68,68253,1,3,1,3,"route départementale 52","47,7895800","7,5220270",201900020238,138 268 563,B01,2,1,0,2,1,1,5,NULL,201900020238,138 268 564,A01,1,1,1,1,1987,4,1,-1,-1,-1," -1",-1,201900020238,3,52,NULL,NULL,2,2,1,1,11,200,1,NULL,NULL,1,0,1,70
201900021125,8,9,2019,10:30:00,1,69,69092,2,6,1,3,"SALENGRO (Boulevard Roger)","46,0006100","4,7176000",201900021125,138 266 917,B01,1,1,0,2,5,1,5,NULL,201900021125,138 266 917,B01,1,1,4,1,1942,5,2,0,-1,-1," -1",-1,201900021125,4,"SALENGRO (Boulevard Roger)",0,NULL,-1,1,0,1,574,0,3,NULL,NULL,1,0,1,50
201900021125,8,9,2019,10:30:00,1,69,69092,2,6,1,3,"SALENGRO (Boulevard Roger)","46,0006100","4,7176000",201900021125,138 266 917,B01,1,1,0,2,5,1,5,NULL,201900021125,138 266 918,A01,1,1,1,1,1960,5,8,0,-1,-1,0,-1,201900021125,4,"SALENGRO (Boulevard Roger)",0,NULL,-1,1,0,1,574,0,3,NULL,NULL,1,0,1,50
201900022301,29,1,2019,18:05:00,5,45,45234,2,1,2,3,"2 QUAI DU CHATELET","47,8981040","1,9133900",201900022301,138 264 630,B01,1,1,0,2,8,19,5,NULL,201900022301,138 264 629,A01,1,1,1,1,1990,0,1,0,-1,0,0,-1,201900022301,4,NULL,0,NULL,2,2,0,1,(1),(1),1,NULL,NULL,2,0,1,30
201900022301,29,1,2019,18:05:00,5,45,45234,2,1,2,3,"2 QUAI DU CHATELET","47,8981040","1,9133900",201900022301,138 264 630,B01,1,1,0,2,8,19,5,NULL,201900022301,138 264 630,B01,1,1,4,1,1972,0,8,8,-1,0,0,-1,201900022301,4,NULL,0,NULL,2,2,0,1,(1),(1),1,NULL,NULL,2,0,1,30
201900022876,5,9,2019,14:00:00,1,69,69388,2,3,1,1,"STEPHANE COIGNET                    (R )","45,7275900","4,8757000",201900022876,138 263 558,B01,1,1,0,0,0,0,0,NULL,201900022876,138 263 558,B01,1,1,4,1,1985,0,8,0,-1,-1," -1",-1,201900022876,4,"STEPHANE COIGNET                    (R )",0,NULL,1,1,0,1,0,0,1,NULL,NULL,1,0,2,50
201900022876,5,9,2019,14:00:00,1,69,69388,2,3,1,1,"STEPHANE COIGNET                    (R )","45,7275900","4,8757000",201900022876,138 263 558,B01,1,1,0,0,0,0,0,NULL,201900022876,138 263 559,A01,1,1,4,2,1979,0,8,0,-1,-1," -1",-1,201900022876,4,"STEPHANE COIGNET                    (R )",0,NULL,1,1,0,1,0,0,1,NULL,NULL,1,0,2,50
201900023337,29,7,2019,18:20:00,1,92,92050,2,1,1,2,"JOFFRE MARECHAL AVENUE DU","48,8852580","2,1954400",201900023337,138 262 609,A01,2,1,0,2,1,21,5,NULL,201900023337,138 262 608,B01,1,1,1,1,1966,5,1,0,-1,-1,0,-1,201900023337,3,913,0,NULL,3,4,0,1,0,0,1,NULL,NULL,1,0,1,50
201900023337,29,7,2019,18:20:00,1,92,92050,2,1,1,2,"JOFFRE MARECHAL AVENUE DU","48,8852580","2,1954400",201900023337,138 262 609,A01,2,1,0,2,1,21,5,NULL,201900023337,138 262 609,A01,1,1,4,1,1987,5,2,8,-1,-1,0,-1,201900023337,3,913,0,NULL,3,4,0,1,0,0,1,NULL,NULL,1,0,1,50
201900025231,11,3,2019,11:10:00,1,93,93001,2,1,1,3,"HAIE COQ (RUE DE LA ) => 91/92","48,9079900","2,3729200",201900025231,138 258 885,B01,1,1,1,0,0,26,5,NULL,201900025231,138 258 884,A01,1,1,1,1,1965,3,8,0,-1,-1," -1",-1,201900025231,4,"HAIE COQ (RUE DE LA ) => 91/92",0,NULL,1,2,3,1,0,0,1,NULL,NULL,1,0,1,50
201900025231,11,3,2019,11:10:00,1,93,93001,2,1,1,3,"HAIE COQ (RUE DE LA ) => 91/92","48,9079900","2,3729200",201900025231,138 258 885,B01,1,1,1,0,0,26,5,NULL,201900025231,138 258 885,B01,1,1,4,1,1969,9,8,0,-1,-1," -1",-1,201900025231,4,"HAIE COQ (RUE DE LA ) => 91/92",0,NULL,1,2,3,1,0,0,1,NULL,NULL,1,0,1,50
201900026609,27,6,2019,09:00:00,1,73,73059,2,3,1,3,"chemin de lachat","45,7275489","5,8884361",201900026609,138 256 232,B01,1,1,0,2,2,15,5,NULL,201900026609,138 256 231,A01,1,1,1,1,1990,1,1,-1,-1,0,0,-1,201900026609,4,"chemin des Gros",NULL,NULL,2,2,0,1,(1),(1),1,NULL,NULL,1,0,1,50
201900026609,27,6,2019,09:00:00,1,73,73059,2,3,1,3,"chemin de lachat","45,7275489","5,8884361",201900026609,138 256 232,B01,1,1,0,2,2,15,5,NULL,201900026609,138 256 232,B01,1,1,4,1,1958,5,2,-1,-1,0,0,-1,201900026609,4,"chemin des Gros",NULL,NULL,2,2,0,1,(1),(1),1,NULL,NULL,1,0,1,50