Num_Acc,jour,mois,an,hrmn,lum,dep,com,agg,int,atm,col,adr,lat,long,Num_Acc,id_vehicule,num_veh,senc,catv,obs,obsm,choc,manv,motor,occutc,Num_Acc,id_vehicule,num_veh,place,catu,grav,sexe,an_nais,trajet,secu1,secu2,secu3,locp,actp,etatp,Num_Acc,catr,voie,v1,v2,circ,nbv,vosp,prof,pr,pr1,plan,lartpc,larrout,surf,infra,situ,vma
201900026920,31,7,2019,15:15:00,1,52,52405,1,4,1,7,"RD300 PK7 - VAUX SOUS AUBIGNY","47,6541340","5,2822810",201900026920,138 255 685,A01,2,1,0,0,1,1,5,NULL,201900026920,138 255 685,A01,1,1,2,1,2002,5,0,-1,-1,0,0,-1,201900026920,3,300,NULL,NULL,2,2,0,2,7,0,2,NULL,NULL,1,0,1,80
201900026942,28,7,2019,11:20:00,1,77,77415,2,1,1,7,"Rue Paul Tripier","48,9509930","3,0191000",201900026942,138 255 644,A01,2,1,6,0,1,1,5,NULL,201900026942,138 255 644,A01,1,1,3,1,1965,5,2,-1,-1,0,0,-1,201900026942,4,NULL,NULL,NULL,2,2,0,2,1,190,3,NULL,NULL,1,0,8,50
201900029156,15,5,2019,13:45:00,1,37,37261,2,2,1,3,"HUGO (RUE VICTOR)","47,3882591","0,6833041",201900029156,138 251 516,B01,1,1,0,2,3,1,5,NULL,201900029156,138 251 515,A01,1,1,1,2,1985,5,1,8,-1,-1,0,-1,201900029156,4,"HUGO (RUE VICTOR)",0,NULL,2,1,0,1,0,0,1,NULL,NULL,1,0,1,50
201900029156,15,5,2019,13:45:00,1,37,37261,2,2,1,3,"HUGO (RUE VICTOR)","47,3882591","0,6833041",201900029156,138 251 516,B01,1,1,0,2,3,1,5,NULL,201900029156,138 251 516,B01,1,1,4,1,1944,5,8,0,-1,-1,0,-1,201900029156,4,"HUGO (RUE VICTOR)",0,NULL,2,1,0,1,0,0,1,NULL,NULL,1,0,1,50
201900031167,11,10,2019,09:00:00,1,44,44116,2,1,7,2,"6 Boulevard Dumesnildot","47,2866490"," -2,0256950",201900031167,138 247 729,B01,3,1,0,2,4,2,5,NULL,201900031167,138 247 728,A01,1,1,1,1,1932,3,1,-1,-1,0,0,-1,201900031167,4,NULL,0,NULL,2,2,0,1,(1),(1),1,NULL,NULL,1,0,1,50
201900031167,11,10,2019,09:00:00,1,44,44116,2,1,7,2,"6 Boulevard Dumesnildot","47,2866490"," -2,0256950",201900031167,138 247 729,B01,3,1,0,2,4,2,5,NULL,201900031167,138 247 729,B01,1,1,2,2,1945,3,0,-1,-1,0,0,-1,201900031167,4,NULL,0,NULL,2,2,0,1,(1),(1),1,NULL,NULL,1,0,1,50
201900032714,23,5,2019,14:00:00,1,25,25056,2,1,1,3,"TARRAGNOZ FAUBOURG","47,2251700","6,0318800",201900032714,138 244 768,A01,3,1,0,6,7,1,5,NULL,201900032714,138 244 767,B01,1,1,4,1,1965,0,2,8,-1,0,0,-1,201900032714,5,"TARRAGNOZ FAUBOURG",0,NULL,2,2,1,1,0,0,2,NULL,NULL,1,0,1,30
201900032714,23,5,2019,14:00:00,1,25,25056,2,1,1,3,"TARRAGNOZ FAUBOURG","47,2251700","6,0318800",201900032714,138 244 767,B01,3,1,0,6,8,2,5,NULL,201900032714,138 244 767,B01,1,1,4,1,1965,0,2,8,-1,0,0,-1,201900032714,5,"TARRAGNOZ FAUBOURG",0,NULL,2,2,1,1,0,0,2,NULL,NULL,1,0,1,30
201900032714,23,5,2019,14:00:00,1,25,25056,2,1,1,3,"TARRAGNOZ FAUBOURG","47,2251700","6,0318800",201900032714,138 244 768,A01,3,1,0,6,7,1,5,NULL,201900032714,138 244 768,A01,1,1,3,1,1951,0,8,0,-1,0,0,-1,201900032714,5,"TARRAGNOZ FAUBOURG",0,NULL,2,2,1,1,0,0,2,NULL,NULL,1,0,1,30
201900032714,23,5,2019,14:00:00,1,25,25056,2,1,1,3,"TARRAGNOZ FAUBOURG","47,2251700","6,0318800",201900032714,138 244 767,B01,3,1,0,6,8,2,5,NULL,201900032714,138 244 768,A01,1,1,3,1,1951,0,8,0,-1,0,0,-1,201900032714,5,"TARRAGNOZ FAUBOURG",0,NULL,2,2,1,1,0,0,2,NULL,NULL,1,0,1,30
201900033138,13,12,2019,10:45:00,1,85,85178,2,6,1,3,"2 Rue de la Croix Bouet","46,7704100"," -1,5056670",201900033138,138 243 951,B01,1,1,0,2,8,1,5,NULL,201900033138,138 243 951,B01,1,1,3,1,1953,3,0,-1,-1,0,0,-1,201900033138,3,2,2,NULL,2,2,0,1,0,748,1,NULL,NULL,1,5,1,50
201900033138,13,12,2019,10:45:00,1,85,85178,2,6,1,3,"2 Rue de la Croix Bouet","46,7704100"," -1,5056670",201900033138,138 243 951,B01,1,1,0,2,8,1,5,NULL,201900033138,138 243 952,A01,1,1,1,2,1956,0,1,-1,-1,0,0,-1,201900033138,3,2,2,NULL,2,2,0,1,0,748,1,NULL,NULL,1,5,1,50
201900033341,4,10,2019,16:15:00,1,75,75113,2,1,1,6,"BOULEVARD KELLERMANN","48,8208509","2,3555582",201900033341,138 243 549,A01,1,1,0,1,2,1,5,NULL,201900033341,138 243 549,A01,10,3,4,1,1968,5,0,-1,-1,2,3,1,201900033341,4,"BOULEVARD KELLERMANN",0,NULL,3,4,1,2,0,0,1,NULL,NULL,1,5,5,50
201900033341,4,10,2019,16:15:00,1,75,75113,2,1,1,6,"BOULEVARD KELLERMANN","48,8208509","2,3555582",201900033341,138 243 549,A01,1,1,0,1,2,1,5,NULL,201900033341,138 243 549,A01,1,1,4,2,1986,9,8,2,-1,0,0,-1,201900033341,4,"BOULEVARD KELLERMANN",0,NULL,3,4,1,2,0,0,1,NULL,NULL,1,5,5,50
201900033945,3,3,2019,18:05:00,2,75,75114,2,2,1,3,"RUE JULIA BARTET","48,8254580","2,3023080",201900033945,138 242 411,A01,1,1,0,2,2,17,5,NULL,201900033945,138 242 411,A01,1,1,4,1,1998,4,2,0,-1,0,0,-1,201900033945,4,"RUE JULIA BARTET",0,NULL,2,4,0,1,0,0,1,NULL,NULL,1,0,1,50
201900033945,3,3,2019,18:05:00,2,75,75114,2,2,1,3,"RUE JULIA BARTET","48,8254580","2,3023080",201900033945,138 242 411,A01,1,1,0,2,2,17,5,NULL,201900033945,138 242 412,B01,1,1,1,1,1974,5,1,0,-1,0,0,-1,201900033945,4,"RUE JULIA BARTET",0,NULL,2,4,0,1,0,0,1,NULL,NULL,1,0,1,50
201900034411,23,7,2019,12:20:00,1,45,45234,2,3,1,3,"R DE BOURGOGNE - R DU BOURDON BLANC","47,9005000","1,9135000",201900034411,138 241 502,B01,1,1,0,2,7,1,5,NULL,201900034411,138 241 502,B01,1,1,4,1,1946,5,2,0,-1,0,0,-1,201900034411,4,"RUE DE BOURGOGNE",0,NULL,1,1,0,1,(1),(1),1,NULL,NULL,1,0,1,50
201900034411,23,7,2019,12:20:00,1,45,45234,2,3,1,3,"R DE BOURGOGNE - R DU BOURDON BLANC","47,9005000","1,9135000",201900034411,138 241 502,B01,1,1,0,2,7,1,5,NULL,201900034411,138 241 503,A01,1,1,1,1,1988,5,1,0,-1,0,0,-1,201900034411,4,"RUE DE BOURGOGNE",0,NULL,1,1,0,1,(1),(1),1,NULL,NULL,1,0,1,50
201900035125,20,6,2019,16:20:00,1,69,69259,2,1,1,3,"PARILLY (DE)                        (BD)","45,7152200","4,9058200",201900035125,138 240 111,B01,0,1,0,0,0,0,0,NULL,201900035125,138 240 110,A01,1,1,4,1,1943,5,8,0,-1,-1,0,-1,201900035125,5,"PARILLY (DE)                        (BD)",0,NULL,-1,0,0,1,1,0,1,NULL,NULL,1,6,1,20
201900035125,20,6,2019,16:20:00,1,69,69259,2,1,1,3,"PARILLY (DE)                        (BD)","45,7152200","4,9058200",201900035125,138 240 110,A01,0,1,0,2,8,26,5,NULL,201900035125,138 240 110,A01,1,1,4,1,1943,5,8,0,-1,-1,0,-1,201900035125,5,"PARILLY (DE)                        (BD)",0,NULL,-1,0,0,1,1,0,1,NULL,NULL,1,6,1,20
201900035203,8,9,2019,05:40:00,2,987,98745,1,1,1,2,"Murifenua - District de Tapuamu"," -16,6308330"," -151,5040280",201900035203,138 239 976,B01,1,1,0,0,4,13,6,NULL,201900035203,138 239 976,B01,1,1,2,2,1952,5,0,-1,-1,0,0,-1,201900035203,3,1,NULL,NULL,2,2,0,1,6,309,1,NULL,NULL,1,0,1,60
201900035203,8,9,2019,05:40:00,2,987,98745,1,1,1,2,"Murifenua - District de Tapuamu"," -16,6308330"," -151,5040280",201900035203,138 239 976,B01,1,1,0,0,4,13,6,NULL,201900035203,138 239 977,A01,1,1,1,1,1993,5,0,-1,-1,0,0,-1,201900035203,3,1,NULL,NULL,2,2,0,1,6,309,1,NULL,NULL,1,0,1,60
201900037928,22,7,2019,14:00:00,1,9,09149,1,1,1,3,D618,"42,9445070","1,1714790",201900037928,138 234 711,B01,1,1,0,2,8,2,5,NULL,201900037928,138 234 711,B01,1,1,4,1,1936,5,2,-1,-1,0,0,-1,201900037928,3,618,0,NULL,2,2,0,1,32,400,1,NULL,NULL,1,0,1,80
201900037928,22,7,2019,14:00:00,1,9,09149,1,1,1,3,D618,"42,9445070","1,1714790",201900037928,138 234 711,B01,1,1,0,2,8,2,5,NULL,201900037928,138 234 712,A01,1,1,1,1,1936,5,1,-1,-1,0,0,-1,201900037928,3,618,0,NULL,2,2,0,1,32,400,1,NULL,NULL,1,0,1,80
201900038870,30,9,2019,18:01:00,1,71,71153,2,2,1,3,"LONGWY (RUE DE)","46,8073400","4,4111600",201900038870,138 233 023,B01,3,1,0,2,1,16,5,NULL,201900038870,138 233 022,A01,1,1,1,2,2000,1,1,0,-1,-1," -1",-1,201900038870,4,"LONGWY (RUE DE)",0,NULL,2,2,0,1,0,0,1,NULL,NULL,1,0,1,50
201900038870,30,9,2019,18:01:00,1,71,71153,2,2,1,3,"LONGWY (RUE DE)","46,8073400","4,4111600",201900038870,138 233 023,B01,3,1,0,2,1,16,5,NULL,201900038870,138 233 023,B01,1,1,4,1,1990,1,8,0,-1,-1," -1",-1,201900038870,4,"LONGWY (RUE DE)",0,NULL,2,2,0,1,0,0,1,NULL,NULL,1,0,1,50
201900039368,26,2,2019,08:35:00,1,75,75119,2,1,1,3,"AVENUE DE FLANDRE","48,8914650","2,3779860",201900039368,138 232 092,A01,1,1,0,2,1,1,5,NULL,201900039368,138 232 092,A01,1,1,4,1,1976,1,2,0,-1,0,0,-1,201900039368,4,"AVENUE DE FLANDRE",0,NULL,3,2,1,1,0,0,1,NULL,NULL,1,0,5,50
201900039368,26,2,2019,08:35:00,1,75,75119,2,1,1,3,"AVENUE DE FLANDRE","48,8914650","2,3779860",201900039368,138 232 092,A01,1,1,0,2,1,1,5,NULL,201900039368,138 232 093,B01,1,1,1,1,1963,9,1,0,-1,0,0,-1,201900039368,4,"AVENUE DE FLANDRE",0,NULL,3,2,1,1,0,0,1,NULL,NULL,1,0,5,50
201900039511,4,4,2019,23:00:00,5,64,64129,2,6,1,3,"BAYONNE DE","43,3050194"," -0,4018754",201900039511,138 231 829,A01,2,1,0,2,1,16,5,NULL,201900039511,138 231 829,A01,1,1,4,2,1963,5,8,0,-1,0,0,-1,201900039511,4,"BAYONNE DE",0,NULL,1,2,1,1,0,0,2,NULL,NULL,1,0,1,50
201900039511,4,4,2019,23:00:00,5,64,64129,2,6,1,3,"BAYONNE DE","43,3050194"," -0,4018754",201900039511,138 231 829,A01,2,1,0,2,1,16,5,NULL,201900039511,138 231 830,B01,1,1,1,1,1954,5,1,0,-1,0,0,-1,201900039511,4,"BAYONNE DE",0,NULL,1,2,1,1,0,0,2,NULL,NULL,1,0,1,50
201900040058,7,5,2019,16:00:00,1,75,75112,2,1,1,6,"RUE DU SERGENT BAUCHAT","48,8458910","2,3937750",201900040058,138 230 790,A01,2,1,0,1,1,1,5,NULL,201900040058,138 230 790,A01,1,1,1,1,1987,1,2,0,-1,0,0,-1,201900040058,4,"RUE DU SERGENT BAUCHAT",0,NULL,2,2,0,1,0,0,1,NULL,NULL,1,0,1,50
201900040058,7,5,2019,16:00:00,1,75,75112,2,1,1,6,"RUE DU SERGENT BAUCHAT","48,8458910","2,3937750",201900040058,138 230 790,A01,2,1,0,1,1,1,5,NULL,201900040058,138 230 790,A01,10,3,4,2,1979,0,8,0,-1,2,4,1,201900040058,4,"RUE DU SERGENT BAUCHAT",0,NULL,2,2,0,1,0,0,1,NULL,NULL,1,0,1,50
201900040958,1,3,2019,17:55:00,1,93,93051,2,2,1,6,"NEUILLY (ROUTE)","48,8469100","2,5404000",201900040958,138 229 136,B01,1,1,0,2,4,1,5,NULL,201900040958,138 229 136,B01,1,1,4,1,1997,5,8,0,-1,-1," -1",-1,201900040958,3,970,0,NULL,2,3,0,2,0,0,2,NULL,NULL,1,5,1,50
201900041343,6,4,2019,16:23:00,1,75,75102,2,5,1,3,"RUE ETIENNE MARCEL","48,8638670","2,3490260",201900041343,138 228 458,B01,2,1,0,2,8,1,5,NULL,201900041343,138 228 457,A01,1,1,1,2,1984,5,1,0,-1,0,0,-1,201900041343,4,"RUE ETIENNE MARCEL",0,NULL,2,1,0,1,0,0,1,NULL,NULL,1,0,1,50
201900041343,6,4,2019,16:23:00,1,75,75102,2,5,1,3,"RUE ETIENNE MARCEL","48,8638670","2,3490260",201900041343,138 228 458,B01,2,1,0,2,8,1,5,NULL,201900041343,138 228 458,B01,1,1,4,1,1946,5,2,0,-1,0,0,-1,201900041343,4,"RUE ETIENNE MARCEL",0,NULL,2,1,0,1,0,0,1,NULL,NULL,1,0,1,50
201900042975,1,9,2019,18:30:00,1,69,69046,2,2,1,3,"intersection rue de la fée des eaux et rue des corcelles","45,6518500","4,7963200",201900042975,138 225 322,A01,0,1,0,2,1,0,0,NULL,201900042975,138 225 321,B01,1,1,1,1,1950,5,1,-1,-1,0,0,-1,201900042975,4,"DE LA FEE DES EAUX (R)",0,A,2,2,0,1,0,0,1,NULL,NULL,1,5,1,50
201900042975,1,9,2019,18:30:00,1,69,69046,2,2,1,3,"intersection rue de la fée des eaux et rue des corcelles","45,6518500","4,7963200",201900042975,138 225 322,A01,0,1,0,2,1,0,0,NULL,201900042975,138 225 322,A01,1,1,4,1,2005,5,0,-1,-1,0,0,-1,201900042975,4,"DE LA FEE DES EAUX (R)",0,A,2,2,0,1,0,0,1,NULL,NULL,1,5,1,50
201900042975,1,9,2019,18:30:00,1,69,69046,2,2,1,3,"intersection rue de la fée des eaux et rue des corcelles","45,6518500","4,7963200",201900042975,138 225 322,A01,0,1,0,2,1,0,0,NULL,201900042975,138 225 322,A01,2,2,4,1,2006,5,0,-1,-1,0,0,-1,201900042975,4,"DE LA FEE DES EAUX (R)",0,A,2,2,0,1,0,0,1,NULL,NULL,1,5,1,50
201900043974,7,6,2019,08:01:00,1,69,69385,2,1,1,1,"PIERRE SCIZE                        (QU)","45,7673708","4,8266995",201900043974,138 223 520,B01,1,1,0,2,1,1,5,NULL,201900043974,138 223 520,B01,1,1,4,1,1993,1,8,0,-1,-1," -1",-1,201900043974,4,"PIERRE SCIZE                        (QU)",0,NULL,2,2,1,1,0,0,4,NULL,NULL,1,0,1,50
201900043974,7,6,2019,08:01:00,1,69,69385,2,1,1,1,"PIERRE SCIZE                        (QU)","45,7673708","4,8266995",201900043974,138 223 520,B01,1,1,0,2,1,1,5,NULL,201900043974,138 223 521,A01,1,1,4,1,1982,1,2,0,-1,-1,0,-1,201900043974,4,"PIERRE SCIZE                        (QU)",0,NULL,2,2,1,1,0,0,4,NULL,NULL,1,0,1,50
201900044059,4,6,2019,18:43:00,1,87,87085,2,1,1,3,"LANDOUGE (AVENUE DE)","45,8391900","1,2118500",201900044059,138 223 323,B01,2,1,0,2,1,1,5,NULL,201900044059,138 223 322,A01,1,1,1,2,1945,5,1,0,-1,0,0,-1,201900044059,4,"LANDOUGE (AVENUE DE)",0,NULL,2,2,0,1,0,0,1,NULL,NULL,1,0,1,50
201900044059,4,6,2019,18:43:00,1,87,87085,2,1,1,3,"LANDOUGE (AVENUE DE)","45,8391900","1,2118500",201900044059,138 223 323,B01,2,1,0,2,1,1,5,NULL,201900044059,138 223 323,B01,1,1,4,1,1966,5,8,0,-1,0,0,-1,201900044059,4,"LANDOUGE (AVENUE DE)",0,NULL,2,2,0,1,0,0,1,NULL,NULL,1,0,1,50
201900044531,7,1,2019,17:45:00,1,974,97407,1,6,8,3,"TAMATAVE (BOULEVARD)"," -20,9306320","55,3080820",201900044531,138 222 390,B01,0,1,0,2,8,19,5,NULL,201900044531,138 222 389,A01,1,1,1,1,1972,4,1,8,-1,0,0,-1,201900044531,2,4,0,NULL,2,2,1,1,0,0,1,NULL,NULL,1,5,1,70
201900044531,7,1,2019,17:45:00,1,974,97407,1,6,8,3,"TAMATAVE (BOULEVARD)"," -20,9306320","55,3080820",201900044531,138 222 390,B01,0,1,0,2,8,19,5,NULL,201900044531,138 222 390,B01,1,1,4,1,1967,5,2,0,-1,0,0,-1,201900044531,2,4,0,NULL,2,2,1,1,0,0,1,NULL,NULL,1,5,1,70
201900049741,28,10,2019,05:40:00,3,64,64122,2,1,1,7,"PRINCE DE GALLES (BD DU)","43,4780300"," -1,5666300",201900049741,138 212 579,A01,1,1,11,0,1,1,5,NULL,201900049741,138 212 579,A01,1,1,2,1,1945,5,2,8,-1,0,0,-1,201900049741,5,"PRINCE DE GALLES (BD DU)",0,NULL,-1,1,0,1,0,0,1,NULL,NULL,1,6,4,10
201900049932,7,1,2019,18:45:00,3,49,49045,1,1,8,2,"LIEU DIT LA ROCAILLE","47,3605330","0,0282450",201900049932,138 212 233,B01,2,1,0,0,4,0,5,NULL,201900049932,138 212 233,B01,1,1,4,1,1991,1,4,-1,-1,0,0,-1,201900049932,3,767,0,A,2,2,0,1,27,470,1,NULL,NULL,2,0,1,80
201900049932,7,1,2019,18:45:00,3,49,49045,1,1,8,2,"LIEU DIT LA ROCAILLE","47,3605330","0,0282450",201900049932,138 212 233,B01,2,1,0,0,4,0,5,NULL,201900049932,138 212 234,A01,1,1,1,1,1976,5,1,-1,-1,0,0,-1,201900049932,3,767,0,A,2,2,0,1,27,470,1,NULL,NULL,2,0,1,80
201900051966,24,9,2019,08:15:00,1,67,67482,2,3,1,6,"FAUBOURG DE PIERRE (PONT DU)","48,5869400","7,7464900",201900051966,138 208 418,A01,1,1,0,1,1,9,5,NULL,201900051966,138 208 418,A01,1,1,1,1,1993,2,8,0,-1,-1,0,-1,201900051966,4,"FAUBOURG DE PIERRE (PONT DU)",0,NULL,2,2,1,1,0,0,1,NULL,NULL,1,2,1,30
201900051966,24,9,2019,08:15:00,1,67,67482,2,3,1,6,"FAUBOURG DE PIERRE (PONT DU)","48,5869400","7,7464900",201900051966,138 208 418,A01,1,1,0,1,1,9,5,NULL,201900051966,138 208 418,A01,10,3,4,2,1994,1,8,0,-1,4,3,1,201900051966,4,"FAUBOURG DE PIERRE (PONT DU)",0,NULL,2,2,1,1,0,0,1,NULL,NULL,1,2,1,30
201900053148,19,2,2019,19:25:00,5,75,75108,2,1,1,3,"RUE DU FAUBOURG SAINT HONORE","48,8714600","2,3152080",201900053148,138 206 094,B01,2,1,0,2,3,1,5,NULL,201900053148,138 206 094,B01,1,1,4,1,1962,4,8,0,-1,0,0,-1,201900053148,4,"RUE DU FAUBOURG SAINT HONORE",0,NULL,1,2,0,1,0,0,1,NULL,NULL,1,0,1,50
201900053148,19,2,2019,19:25:00,5,75,75108,2,1,1,3,"RUE DU FAUBOURG SAINT HONORE","48,8714600","2,3152080",201900053148,138 206 094,B01,2,1,0,2,3,1,5,NULL,201900053148,138 206 095,A01,1,1,1,1,1991,4,1,0,-1,0,0,-1,201900053148,4,"RUE DU FAUBOURG SAINT HONORE",0,NULL,1,2,0,1,0,0,1,NULL,NULL,1,0,1,50
201900054911,16,2,2019,09:20:00,1,69,69259,2,1,7,3,"VIVIANI                             (AV)","45,7220400","4,8796000",201900054911,138 202 825,B01,1,1,0,2,7,15,5,NULL,201900054911,138 202 825,B01,1,1,4,1,1941,9,2,0,-1,0,0,-1,201900054911,4,"VIVIANI                             (AV)",0,NULL,1,1,0,1,0,0,1,NULL,NULL,1,0,1,50
201900054911,16,2,2019,09:20:00,1,69,69259,2,1,7,3,"VIVIANI                             (AV)","45,7220400","4,8796000",201900054911,138 202 825,B01,1,1,0,2,7,15,5,NULL,201900054911,138 202 827,A01,1,1,1,1,1991,1,8,0,-1,0,0,-1,201900054911,4,"VIVIANI                             (AV)",0,NULL,1,1,0,1,0,0,1,NULL,NULL,1,0,1,50
201900055160,26,10,2019,21:40:00,4,92,92004,2,4,1,3,"MAURICE BOKANOWSKI","48,9071050","2,2858134",201900055160,138 202 337,B01,3,1,0,2,8,0,0,NULL,201900055160,138 202 337,B01,1,1,4,1,1989,5,8,0,-1,-1,0,-1,201900055160,3,909,0,NULL,-1,2,0,1,0,0,1,NULL,NULL,1,0,1,50
201900055160,26,10,2019,21:40:00,4,92,92004,2,4,1,3,"MAURICE BOKANOWSKI","48,9071050","2,2858134",201900055160,138 202 337,B01,3,1,0,2,8,0,0,NULL,201900055160,138 202 338,A01,1,1,1,1,1970,1,2,0,-1,-1,0,-1,201900055160,3,909,0,NULL,-1,2,0,1,0,0,1,NULL,NULL,1,0,1,50
201900056613,11,6,2019,11:05:00,1,75,75117,2,3,1,6,"RUE LECLUSE","48,8849100","2,3250340",201900056613,138 199 695,A01,1,1,0,1,1,15,5,NULL,201900056613,138 199 695,A01,10,3,4,2,1944,5,8,0,-1,3,3,1,201900056613,4,"RUE LECLUSE",0,NULL,1,1,0,1,0,0,1,NULL,NULL,1,0,1,30
201900056613,11,6,2019,11:05:00,1,75,75117,2,3,1,6,"RUE LECLUSE","48,8849100","2,3250340",201900056613,138 199 695,A01,1,1,0,1,1,15,5,NULL,201900056613,138 199 695,A01,1,1,1,1,1993,1,2,0,-1,0,0,-1,201900056613,4,"RUE LECLUSE",0,NULL,1,1,0,1,0,0,1,NULL,NULL,1,0,1,30
201900058054,25,3,2019,18:35:00,1,35,35238,2,3,1,3,"VITRE (BLD DE)","48,1202500"," -1,6506000",201900058054,138 197 055,B01,3,1,0,2,5,19,5,NULL,201900058054,138 197 055,B01,1,1,4,1,2010,9,2,0,-1,-1," -1",-1,201900058054,4,"VITRE (BLD DE)",0,NULL,3,2,0,2,0,0,1,NULL,NULL,1,0,1,50
201900058054,25,3,2019,18:35:00,1,35,35238,2,3,1,3,"VITRE (BLD DE)","48,1202500"," -1,6506000",201900058054,138 197 055,B01,3,1,0,2,5,19,5,NULL,201900058054,138 197 056,A01,1,1,1,1,1990,1,1,0,-1,-1,0,-1,201900058054,4,"VITRE (BLD DE)",0,NULL,3,2,0,2,0,0,1,NULL,NULL,1,0,1,50
201900009206,3,7,2019,19:20:00,1,38,38053,2,3,1,3,"MARRONNIERS (AV)","45,5921490","5,2634339",201900009206,138 289 277,B01,1,1,0,2,7,26,5,NULL,201900009206,138 289 276,A01,1,1,1,1,1998,5,1,0,-1,-1," -1",-1,201900009206,4,"MARRONNIERS (AV)",0,NULL,2,2,0,1,0,0,1,NULL,NULL,1,9,3,50
201900009206,3,7,2019,19:20:00,1,38,38053,2,3,1,3,"MARRONNIERS (AV)","45,5921490","5,2634339",201900009206,138 289 277,B01,1,1,0,2,7,26,5,NULL,201900009206,138 289 276,A01,2,2,1,1,1998,5,1,0,-1,-1," -1",-1,201900009206,4,"MARRONNIERS (AV)",0,NULL,2,2,0,1,0,0,1,NULL,NULL,1,9,3,50
201900009206,3,7,2019,19:20:00,1,38,38053,2,3,1,3,"MARRONNIERS (AV)","45,5921490","5,2634339",201900009206,138 289 277,B01,1,1,0,2,7,26,5,NULL,201900009206,138 289 277,B01,1,1,3,1,1944,5,2,4,-1,-1," -1",-1,201900009206,4,"MARRONNIERS (AV)",0,NULL,2,2,0,1,0,0,1,NULL,NULL,1,9,3,50
201900009471,16,9,2019,09:30:00,1,82,82025,1,1,1,3,"chemin de pastenc","43,9483650","1,3233410",201900009471,138 288 787,B01,3,1,0,2,7,1,5,NULL,201900009471,138 288 787,B01,1,1,2,1,1951,5,0,-1,-1,0,0,-1,201900009471,4,"chemin de pastenc",NULL,NULL,2,2,0,1,(1),(1),1,NULL,NULL,1,0,1,80
201900009471,16,9,2019,09:30:00,1,82,82025,1,1,1,3,"chemin de pastenc","43,9483650","1,3233410",201900009471,138 288 787,B01,3,1,0,2,7,1,5,NULL,201900009471,138 288 788,A01,1,1,1,1,1960,4,1,-1,-1,0,0,-1,201900009471,4,"chemin de pastenc",NULL,NULL,2,2,0,1,(1),(1),1,NULL,NULL,1,0,1,80
201900013825,6,9,2019,08:05:00,1,73,73065,2,1,1,2,"DESFRANCOIS (AVENUE DU DOCTEUR)","45,5687457","5,9286014",201900013825,138 280 690,A01,1,1,0,2,1,2,5,NULL,201900013825,138 280 689,B01,1,1,1,2,1976,9,1,0,-1,0,0,-1,201900013825,4,"DESFRANCOIS (AVENUE DU DOCTEUR)",0,NULL,2,2,0,1,(1),(1),1,NULL,NULL,1,0,1,50
201900013825,6,9,2019,08:05:00,1,73,73065,2,1,1,2,"DESFRANCOIS (AVENUE DU DOCTEUR)","45,5687457","5,9286014",201900013825,138 280 690,A01,1,1,0,2,1,2,5,NULL,201900013825,138 280 690,A01,1,1,4,1,2006,0,2,0,-1,0,0,-1,201900013825,4,"DESFRANCOIS (AVENUE DU DOCTEUR)",0,NULL,2,2,0,1,(1),(1),1,NULL,NULL,1,0,1,50
201900014502,1,7,2019,08:42:00,1,41,41018,2,1,1,3,"METAIRIES (RUE DES)","47,5773500","1,3396400",201900014502,138 279 341,B01,3,1,0,2,1,9,-1,NULL,201900014502,138 279 341,B01,1,1,4,1,2008,2,0,-1,-1,0," -1",-1,201900014502,4,"rue des Métairies",NULL,NULL,2,-1,-1,1,(1),(1),1,NULL,NULL,1,0,1,-1
201900014502,1,7,2019,08:42:00,1,41,41018,2,1,1,3,"METAIRIES (RUE DES)","47,5773500","1,3396400",201900014502,138 279 341,B01,3,1,0,2,1,9,-1,NULL,201900014502,138 279 342,C01,1,1,1,2,1962,4,1,-1,-1,0," -1",-1,201900014502,4,"rue des Métairies",NULL,NULL,2,-1,-1,1,(1),(1),1,NULL,NULL,1,0,1,-1
201900015442,16,1,2019,13:20:00,1,75,75112,2,1,1,3,"AVENUE DAUMESNIL","48,8425960","2,3850760",201900015442,138 277 611,B01,1,1,0,2,1,1,5,NULL,201900015442,138 277 610,A01,1,1,1,1,1961,4,1,0,-1,0,0,-1,201900015442,4,"AVENUE DAUMESNIL",0,NULL,2,2,1,1,0,0,1,NULL,NULL,1,9,1,50
201900015442,16,1,2019,13:20:00,1,75,75112,2,1,1,3,"AVENUE DAUMESNIL","48,8425960","2,3850760",201900015442,138 277 611,B01,1,1,0,2,1,1,5,NULL,201900015442,138 277 611,B01,1,1,4,1,2000,4,2,0,-1,0,0,-1,201900015442,4,"AVENUE DAUMESNIL",0,NULL,2,2,1,1,0,0,1,NULL,NULL,1,9,1,50
201900017627,24,4,2019,12:45:00,1,45,45082,2,1,1,2,"30 Rue du Morvant","47,8628814","2,2321586",201900017627,138 273 466,B01,3,1,0,2,7,1,5,NULL,201900017627,138 273 466,B01,1,1,3,1,2005,2,0,-1,-1,0,0,-1,201900017627,4," 30 Rue du Morvant",NULL,NULL,2,2,0,1,(1),(1),1,NULL,NULL,1,0,1,50