Num_Acc,jour,mois,an,hrmn,lum,dep,com,agg,int,atm,col,adr,lat,long,Num_Acc,id_vehicule,num_veh,senc,catv,obs,obsm,choc,manv,motor,occutc,Num_Acc,id_vehicule,num_veh,place,catu,grav,sexe,an_nais,trajet,secu1,secu2,secu3,locp,actp,etatp,Num_Acc,catr,voie,v1,v2,circ,nbv,vosp,prof,pr,pr1,plan,lartpc,larrout,surf,infra,situ,vma
201900017627,24,4,2019,12:45:00,1,45,45082,2,1,1,2,"30 Rue du Morvant","47,8628814","2,2321586",201900017627,138 273 466,B01,3,1,0,2,7,1,5,NULL,201900017627,138 273 467,A01,1,1,1,1,1995,1,8,-1,-1,0,0,-1,201900017627,4," 30 Rue du Morvant",NULL,NULL,2,2,0,1,(1),(1),1,NULL,NULL,1,0,1,50
201900018241,15,11,2019,17:34:00,1,66,66136,2,1,1,3,"CLEMENCEAU (BOULEVARD)","42,7009350","2,8921420",201900018241,138 272 308,A01,2,1,0,2,7,19,5,NULL,201900018241,138 272 307,B01,1,1,1,2,1955,5,1,0,-1,-1," -1",-1,201900018241,4,"CLEMENCEAU (BOULEVARD)",0,NULL,2,3,0,1,0,0,1,NULL,NULL,1,0,1,50
201900018241,15,11,2019,17:34:00,1,66,66136,2,1,1,3,"CLEMENCEAU (BOULEVARD)","42,7009350","2,8921420",201900018241,138 272 308,A01,2,1,0,2,7,19,5,NULL,201900018241,138 272 308,A01,1,1,4,1,2004,5,8,0,-1,-1," -1",-1,201900018241,4,"CLEMENCEAU (BOULEVARD)",0,NULL,2,3,0,1,0,0,1,NULL,NULL,1,0,1,50
201900020125,16,11,2019,19:50:00,5,44,44109,2,6,1,3,BERLIN/PICASSO,"47,2161800"," -1,5339000",201900020125,138 268 762,B01,0,1,0,2,0,0,5,NULL,201900020125,138 268 762,B01,1,1,4,1,2001,0,2,0,-1,-1,0,-1,201900020125,4,NULL,0,NULL,2,0,0,1,1,0,2,NULL,NULL,1,0,1,30
201900020125,16,11,2019,19:50:00,5,44,44109,2,6,1,3,BERLIN/PICASSO,"47,2161800"," -1,5339000",201900020125,138 268 762,B01,0,1,0,2,0,0,5,NULL,201900020125,138 268 763,A01,1,1,1,2,1997,0,1,0,-1,-1,0,-1,201900020125,4,NULL,0,NULL,2,0,0,1,1,0,2,NULL,NULL,1,0,1,30
201900020458,26,12,2019,15:55:00,1,75,75115,2,3,1,6,"RUE DE LOURMEL","48,8496180","2,2914570",201900020458,138 268 145,A01,2,1,0,1,1,1,5,NULL,201900020458,138 268 145,A01,10,3,4,2,1942,0,0,-1,-1,2,3,1,201900020458,4,"RUE DE LOURMEL",0,NULL,1,1,1,1,0,0,1,NULL,NULL,1,0,5,50
201900020458,26,12,2019,15:55:00,1,75,75115,2,3,1,6,"RUE DE LOURMEL","48,8496180","2,2914570",201900020458,138 268 145,A01,2,1,0,1,1,1,5,NULL,201900020458,138 268 145,A01,1,1,1,1,1999,5,8,2,-1,0,0,-1,201900020458,4,"RUE DE LOURMEL",0,NULL,1,1,1,1,0,0,1,NULL,NULL,1,0,5,50
201900023291,31,7,2019,18:20:00,1,59,59350,2,2,1,1,"BELFORT BOULEVARD DE","50,6238800","3,0803400",201900023291,138 262 694,A01,0,1,0,2,4,19,5,NULL,201900023291,138 262 694,A01,1,1,2,1,1993,0,8,0,-1,-1,0,-1,201900023291,7,750,0,NULL,3,4,2,1,0,0,1,NULL,NULL,1,5,1,50
201900023291,31,7,2019,18:20:00,1,59,59350,2,2,1,1,"BELFORT BOULEVARD DE","50,6238800","3,0803400",201900023291,138 262 694,A01,0,1,0,2,4,19,5,NULL,201900023291,138 262 695,B01,1,1,1,1,1997,0,1,0,-1,-1,0,-1,201900023291,7,750,0,NULL,3,4,2,1,0,0,1,NULL,NULL,1,5,1,50
201900023552,8,5,2019,09:35:00,1,70,70388,1,6,2,3,RD457,"47,6256100","6,1381900",201900023552,138 262 117,B01,2,1,0,2,1,1,5,NULL,201900023552,138 262 117,B01,1,1,3,1,1949,5,8,0,-1,-1," -1",-1,201900023552,3,457,0,NULL,1,2,0,1,0,1,2,NULL,NULL,2,5,1,70
201900023552,8,5,2019,09:35:00,1,70,70388,1,6,2,3,RD457,"47,6256100","6,1381900",201900023552,138 262 117,B01,2,1,0,2,1,1,5,NULL,201900023552,138 262 118,A01,1,1,1,1,1935,5,1,0,-1,-1," -1",-1,201900023552,3,457,0,NULL,1,2,0,1,0,1,2,NULL,NULL,2,5,1,70
201900024776,14,4,2019,16:20:00,1,38,38544,2,1,1,1,"CAROLINGIENS(RUE DES)","45,5273700","4,9034200",201900024776,138 259 722,A01,1,1,0,2,1,16,5,NULL,201900024776,138 259 721,B01,1,1,1,1,1963,5,1,8,-1,-1," -1",-1,201900024776,4,"CAROLINGIENS(RUE DES)",0,NULL,1,1,0,2,0,0,2,NULL,NULL,1,0,1,50
201900024776,14,4,2019,16:20:00,1,38,38544,2,1,1,1,"CAROLINGIENS(RUE DES)","45,5273700","4,9034200",201900024776,138 259 722,A01,1,1,0,2,1,16,5,NULL,201900024776,138 259 722,A01,1,1,4,1,2010,5,5,0,-1,-1," -1",-1,201900024776,4,"CAROLINGIENS(RUE DES)",0,NULL,1,1,0,2,0,0,2,NULL,NULL,1,0,1,50
201900024817,15,4,2019,13:40:00,1,75,75118,2,2,1,3,"BOULEVARD ORNANO","48,8915640","2,3495940",201900024817,138 259 639,B01,1,1,0,2,2,7,5,NULL,201900024817,138 259 638,A01,1,1,1,2,1984,0,1,0,-1,0,0,-1,201900024817,4,"BOULEVARD ORNANO",0,NULL,2,6,3,1,0,0,1,NULL,NULL,1,0,6,50
201900024817,15,4,2019,13:40:00,1,75,75118,2,2,1,3,"BOULEVARD ORNANO","48,8915640","2,3495940",201900024817,138 259 639,B01,1,1,0,2,2,7,5,NULL,201900024817,138 259 639,B01,1,1,4,1,1994,0,2,0,-1,0,0,-1,201900024817,4,"BOULEVARD ORNANO",0,NULL,2,6,3,1,0,0,1,NULL,NULL,1,0,6,50
201900024987,29,6,2019,16:00:00,1,94,94033,2,1,1,2,"MARECHAL JOFFRE (AV DU)","48,8534000","2,4754000",201900024987,138 259 319,B01,1,1,0,2,1,1,5,NULL,201900024987,138 259 318,A01,1,1,1,1,1978,5,1,0,-1,-1," -1",-1,201900024987,4,"MARECHAL JOFFRE (AV DU)",0,NULL,-1,2,0,2,1,0,1,NULL,NULL,1,0,1,50
201900024987,29,6,2019,16:00:00,1,94,94033,2,1,1,2,"MARECHAL JOFFRE (AV DU)","48,8534000","2,4754000",201900024987,138 259 319,B01,1,1,0,2,1,1,5,NULL,201900024987,138 259 319,B01,1,1,4,1,1987,5,8,0,-1,-1," -1",-1,201900024987,4,"MARECHAL JOFFRE (AV DU)",0,NULL,-1,2,0,2,1,0,1,NULL,NULL,1,0,1,50
201900027056,6,3,2019,20:00:00,5,69,69388,2,1,1,3,"ETATS UNIS (DES)                    (BD)","45,7350200","4,8631900",201900027056,138 255 439,B01,3,1,0,4,7,19,0,NULL,201900027056,138 255 438,A01,1,1,1,1,1979,4,8,8,-1,0,0,-1,201900027056,9,"ETATS UNIS (DES)                    (BD)",0,NULL,2,0,3,1,1,0,1,NULL,NULL,1,4,1,50
201900027056,6,3,2019,20:00:00,5,69,69388,2,1,1,3,"ETATS UNIS (DES)                    (BD)","45,7350200","4,8631900",201900027056,138 255 439,B01,3,1,0,4,7,19,0,NULL,201900027056,138 255 438,A01,9,2,4,1,1986,1,8,0,-1,0,0,-1,201900027056,9,"ETATS UNIS (DES)                    (BD)",0,NULL,2,0,3,1,1,0,1,NULL,NULL,1,4,1,50
201900027056,6,3,2019,20:00:00,5,69,69388,2,1,1,3,"ETATS UNIS (DES)                    (BD)","45,7350200","4,8631900",201900027056,138 255 439,B01,3,1,0,4,7,19,0,NULL,201900027056,138 255 439,B01,1,1,4,1,1997,5,8,0,-1,0,0,-1,201900027056,9,"ETATS UNIS (DES)                    (BD)",0,NULL,2,0,3,1,1,0,1,NULL,NULL,1,4,1,50
201900027146,6,3,2019,07:20:00,2,67,67482,2,3,1,3,"VOSGES (AVENUE DES)","48,5916170","7,7439440",201900027146,138 255 258,A01,1,1,0,2,1,1,5,NULL,201900027146,138 255 258,A01,1,1,4,1,1993,1,8,0,-1,-1,0,-1,201900027146,4,"VOSGES (AVENUE DES)",0,NULL,2,5,1,1,0,0,1,NULL,NULL,2,0,1,50
201900027146,6,3,2019,07:20:00,2,67,67482,2,3,1,3,"VOSGES (AVENUE DES)","48,5916170","7,7439440",201900027146,138 255 258,A01,1,1,0,2,1,1,5,NULL,201900027146,138 255 259,B01,1,1,1,1,1991,1,1,8,-1,-1,0,-1,201900027146,4,"VOSGES (AVENUE DES)",0,NULL,2,5,1,1,0,0,1,NULL,NULL,2,0,1,50
201900028646,27,7,2019,19:50:00,1,69,69387,2,1,2,2,"GERLAND (DE)                        (R )","45,7333300","4,8392800",201900028646,138 252 455,A01,1,1,0,2,1,2,5,NULL,201900028646,138 252 455,A01,1,1,4,1,1997,4,8,0,-1,-1,0,-1,201900028646,4,"GERLAND (DE)                        (R )",0,NULL,2,2,0,1,0,0,1,NULL,NULL,2,0,1,50
201900028646,27,7,2019,19:50:00,1,69,69387,2,1,2,2,"GERLAND (DE)                        (R )","45,7333300","4,8392800",201900028646,138 252 455,A01,1,1,0,2,1,2,5,NULL,201900028646,138 252 456,B01,1,1,1,2,1991,0,1,8,-1,-1,0,-1,201900028646,4,"GERLAND (DE)                        (R )",0,NULL,2,2,0,1,0,0,1,NULL,NULL,2,0,1,50
201900029004,6,5,2019,07:37:00,1,49,49007,2,1,1,7,"STRASBOURG BOULEVARD","47,4556600"," -0,5504000",201900029004,138 251 790,A01,1,1,0,0,0,26,5,NULL,201900029004,138 251 790,A01,1,1,3,2,1978,0,2,8,-1,-1,0,-1,201900029004,4,"STRASBOURG BOULEVARD",0,NULL,2,2,0,1,0,0,1,NULL,NULL,1,0,1,30
201900030833,22,5,2019,08:25:00,1,35,35238,2,1,1,2,"PATTON (AVENUE DU GENERAL SIR GEORGES)","48,1276872"," -1,6647658",201900030833,138 248 364,B01,1,1,0,2,1,1,5,NULL,201900030833,138 248 363,A01,1,1,1,1,1961,1,8,0,-1,-1,0,-1,201900030833,4,"PATTON (AVENUE DU GENERAL SIR GEORGES)",0,NULL,2,4,3,2,0,0,1,NULL,NULL,1,0,1,50
201900030833,22,5,2019,08:25:00,1,35,35238,2,1,1,2,"PATTON (AVENUE DU GENERAL SIR GEORGES)","48,1276872"," -1,6647658",201900030833,138 248 364,B01,1,1,0,2,1,1,5,NULL,201900030833,138 248 364,B01,1,1,4,1,1981,1,2,8,-1,-1,0,-1,201900030833,4,"PATTON (AVENUE DU GENERAL SIR GEORGES)",0,NULL,2,4,3,2,0,0,1,NULL,NULL,1,0,1,50
201900032063,24,6,2019,08:30:00,1,69,69276,2,3,1,1,"BEAUREGARD (DE)                 CH","45,6767000","4,8579300",201900032063,138 246 057,A01,1,1,0,2,1,1,6,NULL,201900032063,138 246 057,A01,1,1,4,1,2001,0,8,0,-1,-1,0,-1,201900032063,4,"BEAUREGARD (DE)                 CH",0,NULL,1,1,0,1,1,0,1,NULL,NULL,1,0,1,50
201900032063,24,6,2019,08:30:00,1,69,69276,2,3,1,1,"BEAUREGARD (DE)                 CH","45,6767000","4,8579300",201900032063,138 246 057,A01,1,1,0,2,1,1,6,NULL,201900032063,138 246 058,B01,1,1,1,1,1973,0,1,0,-1,-1,0,-1,201900032063,4,"BEAUREGARD (DE)                 CH",0,NULL,1,1,0,1,1,0,1,NULL,NULL,1,0,1,50
201900034208,6,4,2019,10:00:00,1,50,50602,2,2,1,3,"CROIX MOREL (RUE DE LA)","49,6486100"," -1,5760500",201900034208,138 241 881,B01,0,1,0,2,2,1,0,NULL,201900034208,138 241 880,A01,1,1,1,1,1988,5,1,0,-1,-1,0,-1,201900034208,4,"CROIX MOREL (RUE DE LA)",0,NULL,2,2,0,1,0,0,1,NULL,NULL,1,0,1,50
201900034208,6,4,2019,10:00:00,1,50,50602,2,2,1,3,"CROIX MOREL (RUE DE LA)","49,6486100"," -1,5760500",201900034208,138 241 881,B01,0,1,0,2,2,1,0,NULL,201900034208,138 241 881,B01,1,1,4,2,1989,5,8,0,-1,-1,0,-1,201900034208,4,"CROIX MOREL (RUE DE LA)",0,NULL,2,2,0,1,0,0,1,NULL,NULL,1,0,1,50
201900035712,28,2,2019,10:00:00,1,95,95018,2,2,1,5,"JAURES (AVENUE JEAN)","48,9398400","2,2284100",201900035712,138 238 971,B01,2,1,0,2,8,1,0,NULL,201900035712,138 238 969,A01,1,1,1,1,1990,-1,1,0,0,-1," -1",-1,201900035712,3,41,0,NULL,3,6,0,2,1,700,1,NULL,NULL,1,5,1,50
201900035712,28,2,2019,10:00:00,1,95,95018,2,2,1,5,"JAURES (AVENUE JEAN)","48,9398400","2,2284100",201900035712,138 238 971,B01,2,1,0,2,8,1,0,NULL,201900035712,138 238 970,A01,1,1,1,1,1984,9,1,0,-1,-1,0,-1,201900035712,3,41,0,NULL,3,6,0,2,1,700,1,NULL,NULL,1,5,1,50
201900035712,28,2,2019,10:00:00,1,95,95018,2,2,1,5,"JAURES (AVENUE JEAN)","48,9398400","2,2284100",201900035712,138 238 971,B01,2,1,0,2,8,1,0,NULL,201900035712,138 238 971,B01,1,1,4,1,1944,5,8,0,-1,-1,0,-1,201900035712,3,41,0,NULL,3,6,0,2,1,700,1,NULL,NULL,1,5,1,50
201900036795,21,6,2019,22:25:00,5,64,64445,2,6,1,2,"ALSACE LORRAINE D'","43,3041337"," -0,3668135",201900036795,138 236 890,A01,2,1,0,2,4,26,5,NULL,201900036795,138 236 890,A01,1,1,4,1,1986,5,8,0,-1,0,0,-1,201900036795,4,"ALSACE LORRAINE D'",0,NULL,1,2,1,1,0,0,2,NULL,NULL,1,0,1,50
201900037236,19,1,2019,10:00:00,1,75,75107,2,1,1,6,"QUAI D ORSAY","48,8628970","2,3169590",201900037236,138 236 047,B01,2,1,0,2,0,1,5,NULL,201900037236,138 236 047,B01,1,1,4,1,1959,0,2,0,-1,0,0,-1,201900037236,4,"QUAI D ORSAY",0,NULL,2,3,2,1,0,0,1,NULL,NULL,1,0,5,50
201900037236,19,1,2019,10:00:00,1,75,75107,2,1,1,6,"QUAI D ORSAY","48,8628970","2,3169590",201900037236,138 236 047,B01,2,1,0,2,0,1,5,NULL,201900037236,138 236 048,A01,3,2,1,1,1957,0,1,0,-1,-1," -1",-1,201900037236,4,"QUAI D ORSAY",0,NULL,2,3,2,1,0,0,1,NULL,NULL,1,0,5,50
201900037236,19,1,2019,10:00:00,1,75,75107,2,1,1,6,"QUAI D ORSAY","48,8628970","2,3169590",201900037236,138 236 047,B01,2,1,0,2,0,1,5,NULL,201900037236,138 236 048,A01,1,1,1,1,1989,4,1,0,-1,0,0,-1,201900037236,4,"QUAI D ORSAY",0,NULL,2,3,2,1,0,0,1,NULL,NULL,1,0,5,50
201900037596,28,2,2019,15:15:00,1,14,14327,2,1,1,3,"GARBSEN (AVENUE DE)","49,2129900"," -0,3430700",201900037596,138 235 334,B01,3,1,0,2,1,1,5,NULL,201900037596,138 235 334,B01,1,1,4,1,1971,1,8,0,-1,-1,0,-1,201900037596,4,"GARBSEN (AVENUE DE)",0,NULL,2,2,0,1,1,0,1,NULL,NULL,1,0,1,50
201900037596,28,2,2019,15:15:00,1,14,14327,2,1,1,3,"GARBSEN (AVENUE DE)","49,2129900"," -0,3430700",201900037596,138 235 334,B01,3,1,0,2,1,1,5,NULL,201900037596,138 235 335,A01,1,1,1,1,1996,5,1,0,-1,-1,0,-1,201900037596,4,"GARBSEN (AVENUE DE)",0,NULL,2,2,0,1,1,0,1,NULL,NULL,1,0,1,50
201900041615,18,7,2019,16:05:00,1,94,94003,2,1,1,6,"ARISTIDE BRIAND (AV)","48,8045200","2,3253100",201900041615,138 227 951,B01,1,1,0,2,8,2,0,NULL,201900041615,138 227 950,A01,1,1,1,1,1980,5,1,8,-1,-1," -1",-1,201900041615,3,920,0,NULL,2,6,0,1,0,0,1,NULL,NULL,1,0,1,50
201900041615,18,7,2019,16:05:00,1,94,94003,2,1,1,6,"ARISTIDE BRIAND (AV)","48,8045200","2,3253100",201900041615,138 227 951,B01,1,1,0,2,8,2,0,NULL,201900041615,138 227 951,B01,1,1,4,2,1962,9,2,0,-1,-1," -1",-1,201900041615,3,920,0,NULL,2,6,0,1,0,0,1,NULL,NULL,1,0,1,50
201900042046,13,5,2019,19:50:00,1,93,93070,2,3,1,3,"ALBERT-DHALENNE (RUE)","48,9145100","2,3322000",201900042046,138 227 149,B01,2,1,0,2,8,5,0,NULL,201900042046,138 227 148,A01,1,1,4,1,1982,1,2,6,-1,-1," -1",-1,201900042046,3,22,0,NULL,1,4,0,1,0,0,3,NULL,NULL,1,0,1,50
201900042046,13,5,2019,19:50:00,1,93,93070,2,3,1,3,"ALBERT-DHALENNE (RUE)","48,9145100","2,3322000",201900042046,138 227 149,B01,2,1,0,2,8,5,0,NULL,201900042046,138 227 149,B01,1,1,4,1,1995,1,8,0,-1,-1," -1",-1,201900042046,3,22,0,NULL,1,4,0,1,0,0,3,NULL,NULL,1,0,1,50
201900042311,5,11,2019,09:10:00,1,70,70550,2,1,1,3,"GIRARD (RUE JEAN GEORGES)","47,6301100","6,1416600",201900042311,138 226 581,B01,1,1,0,2,8,1,5,NULL,201900042311,138 226 580,A01,1,1,1,2,1955,3,1,0,-1,-1," -1",-1,201900042311,4,"GIRARD (RUE JEAN GEORGES)",0,NULL,2,2,0,2,0,1,1,NULL,NULL,1,0,1,50
201900042311,5,11,2019,09:10:00,1,70,70550,2,1,1,3,"GIRARD (RUE JEAN GEORGES)","47,6301100","6,1416600",201900042311,138 226 581,B01,1,1,0,2,8,1,5,NULL,201900042311,138 226 581,B01,1,1,3,1,1948,5,2,4,-1,-1," -1",-1,201900042311,4,"GIRARD (RUE JEAN GEORGES)",0,NULL,2,2,0,2,0,1,1,NULL,NULL,1,0,1,50
201900042632,30,9,2019,19:00:00,2,75,75111,2,5,1,6,"RUE DE MONTREUIL","48,8504732","2,3844620",201900042632,138 225 989,Z01,1,1,0,1,1,1,5,NULL,201900042632,138 225 989,Z01,10,3,4,2,1987,0,0,-1,-1,4,3,1,201900042632,4,"RUE DE MONTREUIL",0,NULL,1,1,-1,2,3,0,1,NULL,NULL,1,0,1,50
201900044760,29,9,2019,11:50:00,1,64,64559,1,1,7,6,"Route de Saint-Palais","43,2578560"," -0,8791870",201900044760,138 221 941,B01,2,1,0,0,4,2,5,NULL,201900044760,138 221 940,A01,1,1,4,1,1962,5,2,-1,-1,0,0,-1,201900044760,3,11,0,D,2,2,0,1,3,800,3,NULL,NULL,1,0,1,70
201900044760,29,9,2019,11:50:00,1,64,64559,1,1,7,6,"Route de Saint-Palais","43,2578560"," -0,8791870",201900044760,138 221 940,A01,2,1,0,2,9,2,5,NULL,201900044760,138 221 940,A01,1,1,4,1,1962,5,2,-1,-1,0,0,-1,201900044760,3,11,0,D,2,2,0,1,3,800,3,NULL,NULL,1,0,1,70
201900044760,29,9,2019,11:50:00,1,64,64559,1,1,7,6,"Route de Saint-Palais","43,2578560"," -0,8791870",201900044760,138 221 941,B01,2,1,0,0,4,2,5,NULL,201900044760,138 221 941,B01,1,1,1,1,1970,5,2,-1,-1,0,0,-1,201900044760,3,11,0,D,2,2,0,1,3,800,3,NULL,NULL,1,0,1,70
201900044760,29,9,2019,11:50:00,1,64,64559,1,1,7,6,"Route de Saint-Palais","43,2578560"," -0,8791870",201900044760,138 221 940,A01,2,1,0,2,9,2,5,NULL,201900044760,138 221 941,B01,1,1,1,1,1970,5,2,-1,-1,0,0,-1,201900044760,3,11,0,D,2,2,0,1,3,800,3,NULL,NULL,1,0,1,70
201900045707,6,6,2019,16:05:00,1,86,86194,2,6,1,3,"GIBAUDERIE (RUE DE LA)","46,5525192","0,3868040",201900045707,138 220 167,B01,2,1,0,2,7,1,0,NULL,201900045707,138 220 166,A01,1,1,1,1,1934,5,1,0,-1,-1,0,-1,201900045707,4,"GIBAUDERIE (RUE DE LA)",0,NULL,2,2,0,1,0,0,1,NULL,NULL,1,0,1,50
201900045707,6,6,2019,16:05:00,1,86,86194,2,6,1,3,"GIBAUDERIE (RUE DE LA)","46,5525192","0,3868040",201900045707,138 220 167,B01,2,1,0,2,7,1,0,NULL,201900045707,138 220 167,B01,1,1,4,2,1996,2,8,0,-1,-1,0,-1,201900045707,4,"GIBAUDERIE (RUE DE LA)",0,NULL,2,2,0,1,0,0,1,NULL,NULL,1,0,1,50
201900046256,8,1,2019,15:40:00,2,67,67482,2,1,2,2,"BISCHWILLER (ROUTE DE)","48,5969375","7,7419727",201900046256,138 219 059,B01,1,1,0,2,4,2,5,NULL,201900046256,138 219 059,B01,1,1,4,2,1952,5,8,0,-1,-1,0,-1,201900046256,7,468,0,NULL,2,3,0,1,0,0,1,NULL,NULL,2,0,1,50
201900046256,8,1,2019,15:40:00,2,67,67482,2,1,2,2,"BISCHWILLER (ROUTE DE)","48,5969375","7,7419727",201900046256,138 219 059,B01,1,1,0,2,4,2,5,NULL,201900046256,138 219 060,A01,1,1,1,1,1972,9,1,8,-1,-1,0,-1,201900046256,7,468,0,NULL,2,3,0,1,0,0,1,NULL,NULL,2,0,1,50
201900047714,22,2,2019,00:50:00,5,75,75118,2,2,1,6,"RUE DU MONT CENIS","48,8943340","2,3453790",201900047714,138 216 317,A01,1,1,0,2,4,1,5,NULL,201900047714,138 216 317,A01,1,1,4,2,1993,0,8,0,-1,0,0,-1,201900047714,4,"RUE DU MONT CENIS",0,NULL,1,1,0,1,0,0,1,NULL,NULL,1,0,1,30
201900048181,8,1,2019,14:00:00,1,75,75101,2,3,8,3,"RUE DE CASTIGLIONE","48,8653120","2,3272570",201900048181,138 215 493,B01,1,1,0,2,1,1,5,NULL,201900048181,138 215 493,B01,1,1,4,1,1962,5,2,0,-1,0,0,-1,201900048181,4,"RUE DE CASTIGLIONE",0,NULL,1,0,1,1,0,0,1,NULL,NULL,1,0,5,50
201900048181,8,1,2019,14:00:00,1,75,75101,2,3,8,3,"RUE DE CASTIGLIONE","48,8653120","2,3272570",201900048181,138 215 493,B01,1,1,0,2,1,1,5,NULL,201900048181,138 215 494,A01,1,1,1,1,1966,4,1,0,-1,0,0,-1,201900048181,4,"RUE DE CASTIGLIONE",0,NULL,1,0,1,1,0,0,1,NULL,NULL,1,0,5,50
201900050434,30,3,2019,18:09:00,1,75,75116,2,3,1,7,"ROUTE DES TRIBUNES","48,8619740","2,2304020",201900050434,138 211 314,A01,3,1,0,0,0,1,5,NULL,201900050434,138 211 314,A01,1,1,3,1,1983,5,8,0,-1,0,0,-1,201900050434,4,"ROUTE DES TRIBUNES",0,NULL,1,1,1,1,0,0,3,NULL,NULL,1,9,1,50
201900051487,19,2,2019,17:05:00,1,69,69266,2,1,1,6,"CHARNY      (Rue)","45,7549100","4,8903000",201900051487,138 209 320,A01,1,1,0,1,1,1,6,NULL,201900051487,138 209 320,A01,10,3,1,1,1999,0,0,0,-1,2,3,1,201900051487,4,"CHARNY      (Rue)",0,NULL,1,1,0,1,0,0,1,NULL,NULL,1,0,1,50
201900051487,19,2,2019,17:05:00,1,69,69266,2,1,1,6,"CHARNY      (Rue)","45,7549100","4,8903000",201900051487,138 209 320,A01,1,1,0,1,1,1,6,NULL,201900051487,138 209 320,A01,1,1,4,2,1999,1,8,0,-1,0,0,-1,201900051487,4,"CHARNY      (Rue)",0,NULL,1,1,0,1,0,0,1,NULL,NULL,1,0,1,50
201900055155,2,1,2019,18:35:00,2,26,26058,2,6,1,3,"LYON AVENUE DE","44,9485300","4,8927900",201900055155,138 202 347,B01,3,1,0,2,0,0,5,NULL,201900055155,138 202 347,B01,1,1,3,1,1962,0,2,0,-1,0,0,-1,201900055155,4,"LYON AVENUE DE",0,NULL,2,2,0,1,(1),(1),1,NULL,NULL,1,0,1,50
201900055155,2,1,2019,18:35:00,2,26,26058,2,6,1,3,"LYON AVENUE DE","44,9485300","4,8927900",201900055155,138 202 347,B01,3,1,0,2,0,0,5,NULL,201900055155,138 202 349,A01,1,1,1,1,1978,5,1,0,-1,0,0,-1,201900055155,4,"LYON AVENUE DE",0,NULL,2,2,0,1,(1),(1),1,NULL,NULL,1,0,1,50
201900057923,1,5,2019,12:40:00,1,57,57039,1,3,1,3,d66,"49,0585170","6,1202800",201900057923,138 197 284,A01,1,1,0,2,8,1,5,NULL,201900057923,138 197 283,B01,1,1,1,2,1959,5,1,-1,-1,0,0,-1,201900057923,3,68,NULL,A,2,2,0,1,5,696,1,NULL,NULL,1,5,1,80
201900057923,1,5,2019,12:40:00,1,57,57039,1,3,1,3,d66,"49,0585170","6,1202800",201900057923,138 197 284,A01,1,1,0,2,8,1,5,NULL,201900057923,138 197 284,A01,1,1,4,1,1968,5,2,-1,-1,0,0,-1,201900057923,3,68,NULL,A,2,2,0,1,5,696,1,NULL,NULL,1,5,1,80
201900010587,7,5,2019,16:20:00,1,69,69014,2,2,1,3,lieu-dit-la-treve,"45,6792500","4,4790100",201900010587,138 286 778,B01,1,1,0,2,1,1,5,NULL,201900010587,138 286 777,A01,1,1,1,2,1961,0,1,-1,-1,0,0,-1,201900010587,3,34,0,D,2,2,0,2,26,600,1,NULL,NULL,1,0,1,50
201900010587,7,5,2019,16:20:00,1,69,69014,2,2,1,3,lieu-dit-la-treve,"45,6792500","4,4790100",201900010587,138 286 778,B01,1,1,0,2,1,1,5,NULL,201900010587,138 286 778,B01,1,1,3,1,1954,0,2,-1,-1,0,0,-1,201900010587,3,34,0,D,2,2,0,2,26,600,1,NULL,NULL,1,0,1,50
201900010632,7,8,2019,17:10:00,1,75,75111,2,3,1,6,"BOULEVARD RICHARD LENOIR","48,8600775","2,3725909",201900010632,138 286 699,A01,1,1,1,0,1,13,5,NULL,201900010632,138 286 699,A01,1,1,4,1,1988,1,2,0,-1,0,0,-1,201900010632,4,"BOULEVARD RICHARD LENOIR",0,NULL,3,2,0,1,0,0,1,NULL,NULL,1,0,1,50
201900010844,4,7,2019,14:23:00,1,75,75119,2,3,1,2,"RUE DE BELLEVILLE","48,8725340","2,3785450",201900010844,138 286 329,A01,2,1,0,2,7,2,5,NULL,201900010844,138 286 328,B01,1,1,1,1,1992,1,1,0,-1,0,0,-1,201900010844,4,"RUE DE BELLEVILLE",0,NULL,2,2,0,2,0,0,1,NULL,NULL,1,0,1,50
201900010844,4,7,2019,14:23:00,1,75,75119,2,3,1,2,"RUE DE BELLEVILLE","48,8725340","2,3785450",201900010844,138 286 329,A01,2,1,0,2,7,2,5,NULL,201900010844,138 286 329,A01,1,1,4,1,2006,0,2,0,-1,0,0,-1,201900010844,4,"RUE DE BELLEVILLE",0,NULL,2,2,0,2,0,0,1,NULL,NULL,1,0,1,50
201900014558,5,5,2019,17:10:00,1,44,44109,2,1,1,6,"HUGO ( BD VICTOR )","47,2011800"," -1,5460100",201900014558,138 279 241,B01,0,1,1,0,0,1,5,NULL,201900014558,138 279 240,A01,1,1,1,1,1981,3,8,0,-1,0,0,-1,201900014558,4,NULL,0,NULL,2,0,0,1,1,0,1,NULL,NULL,1,0,1,50
201900014558,5,5,2019,17:10:00,1,44,44109,2,1,1,6,"HUGO ( BD VICTOR )","47,2011800"," -1,5460100",201900014558,138 279 241,B01,0,1,1,0,0,1,5,NULL,201900014558,138 279 241,B01,1,1,3,1,1982,5,2,0,-1,0,0,-1,201900014558,4,NULL,0,NULL,2,0,0,1,1,0,1,NULL,NULL,1,0,1,50