Num_Acc,jour,mois,an,hrmn,lum,dep,com,agg,int,atm,col,adr,lat,long,Num_Acc,id_vehicule,num_veh,senc,catv,obs,obsm,choc,manv,motor,occutc,Num_Acc,id_vehicule,num_veh,place,catu,grav,sexe,an_nais,trajet,secu1,secu2,secu3,locp,actp,etatp,Num_Acc,catr,voie,v1,v2,circ,nbv,vosp,prof,pr,pr1,plan,lartpc,larrout,surf,infra,situ,vma
201900014804,31,12,2019,14:38:00,1,94,94033,2,2,1,3,"COMMANDANT JEAN DUHAIL (R DU)","48,8436908","2,4661609",201900014804,138 278 767,Y01,2,1,0,2,1,1,0,NULL,201900014804,138 278 766,A01,1,1,1,1,1989,4,8,0,-1,-1," -1",-1,201900014804,3,240,0,NULL,1,1,0,1,0,0,1,NULL,NULL,1,0,1,50
201900014804,31,12,2019,14:38:00,1,94,94033,2,2,1,3,"COMMANDANT JEAN DUHAIL (R DU)","48,8436908","2,4661609",201900014804,138 278 767,Y01,2,1,0,2,1,1,0,NULL,201900014804,138 278 767,Y01,1,1,4,1,2010,5,8,0,-1,-1," -1",-1,201900014804,3,240,0,NULL,1,1,0,1,0,0,1,NULL,NULL,1,0,1,50
201900015052,19,3,2019,10:45:00,1,67,67065,1,3,1,3,CD45,"48,5709538","7,5834201",201900015052,138 278 331,B01,0,1,0,2,0,15,5,NULL,201900015052,138 278 331,B01,1,1,2,1,1949,5,2,-1,-1,0,0,-1,201900015052,7,45,NULL,NULL,2,2,0,3,9,100,2,NULL,NULL,1,5,1,70
201900015052,19,3,2019,10:45:00,1,67,67065,1,3,1,3,CD45,"48,5709538","7,5834201",201900015052,138 278 331,B01,0,1,0,2,0,15,5,NULL,201900015052,138 278 332,A01,1,1,1,1,1982,4,1,-1,-1,0,0,-1,201900015052,7,45,NULL,NULL,2,2,0,3,9,100,2,NULL,NULL,1,5,1,70
201900018966,11,9,2019,17:15:00,1,30,30189,2,2,1,3,"DION BOUTON (COURS)","43,8115000","4,3392000",201900018966,138 271 012,B01,3,1,0,2,1,1,0,NULL,201900018966,138 271 012,B01,1,1,3,1,1991,0,8,8,-1,-1," -1",-1,201900018966,4,"DION BOUTON (COURS)",0,NULL,2,2,0,1,0,0,2,NULL,NULL,1,5,1,50
201900018966,11,9,2019,17:15:00,1,30,30189,2,2,1,3,"DION BOUTON (COURS)","43,8115000","4,3392000",201900018966,138 271 012,B01,3,1,0,2,1,1,0,NULL,201900018966,138 271 013,A01,1,1,1,1,1977,0,8,0,-1,-1," -1",-1,201900018966,4,"DION BOUTON (COURS)",0,NULL,2,2,0,1,0,0,2,NULL,NULL,1,5,1,50
201900021796,15,5,2019,13:45:00,1,80,80021,2,1,1,3,"36, R JEAN MARC LAURENT","49,8709300","2,3143200",201900021796,138 265 600,B01,0,1,0,2,8,1,5,NULL,201900021796,138 265 600,B01,1,1,3,1,1987,1,8,0,-1,0,0,-1,201900021796,4,"JEAN MARC LAURENT (RUE)",0,NULL,2,2,0,1,0,0,1,NULL,NULL,1,0,1,50
201900021796,15,5,2019,13:45:00,1,80,80021,2,1,1,3,"36, R JEAN MARC LAURENT","49,8709300","2,3143200",201900021796,138 265 600,B01,0,1,0,2,8,1,5,NULL,201900021796,138 265 601,A01,1,1,1,1,1987,5,1,0,-1,0,0,-1,201900021796,4,"JEAN MARC LAURENT (RUE)",0,NULL,2,2,0,1,0,0,1,NULL,NULL,1,0,1,50
201900022713,8,10,2019,16:00:00,1,75,75116,2,7,2,3,"PLACE DE LA PORTE D AUTEUIL","48,8480887","2,2580140",201900022713,138 263 851,A01,3,1,0,2,7,1,5,NULL,201900022713,138 263 851,A01,1,1,4,1,1933,0,2,0,-1,0,0,-1,201900022713,4,"PLACE DE LA PORTE D AUTEUIL",0,NULL,2,2,0,1,0,0,1,NULL,NULL,2,0,1,50
201900022713,8,10,2019,16:00:00,1,75,75116,2,7,2,3,"PLACE DE LA PORTE D AUTEUIL","48,8480887","2,2580140",201900022713,138 263 851,A01,3,1,0,2,7,1,5,NULL,201900022713,138 263 852,B01,1,1,1,1,1980,5,1,8,-1,0,0,-1,201900022713,4,"PLACE DE LA PORTE D AUTEUIL",0,NULL,2,2,0,1,0,0,1,NULL,NULL,2,0,1,50
201900028985,9,3,2019,19:00:00,5,75,75120,2,1,1,7,"BOULEVARD DAVOUT","48,8580410","2,4098960",201900028985,138 251 817,A01,2,1,0,0,8,21,5,NULL,201900028985,138 251 817,A01,1,1,4,2,1988,0,2,0,-1,0,0,-1,201900028985,4,"BOULEVARD DAVOUT",0,NULL,2,2,1,2,0,0,1,NULL,NULL,1,0,1,50
201900030922,12,7,2019,08:00:00,1,33,33063,2,1,1,3,"QUAI DE BRAZZA","44,8576400"," -0,5468000",201900030922,138 248 199,A01,1,1,0,2,8,1,5,NULL,201900030922,138 248 198,B01,1,1,1,1,1963,4,1,8,-1,-1," -1",-1,201900030922,4,"QUAI DE BRAZZA",0,NULL,3,6,-1,1,0,0,1,NULL,NULL,1,0,1,50
201900030922,12,7,2019,08:00:00,1,33,33063,2,1,1,3,"QUAI DE BRAZZA","44,8576400"," -0,5468000",201900030922,138 248 199,A01,1,1,0,2,8,1,5,NULL,201900030922,138 248 199,A01,1,1,4,2,1990,1,8,0,-1,-1," -1",-1,201900030922,4,"QUAI DE BRAZZA",0,NULL,3,6,-1,1,0,0,1,NULL,NULL,1,0,1,50
201900031539,2,10,2019,18:00:00,2,74,74010,2,1,1,1,"Route de Geneve (Pringy)","45,9467840","6,1210580",201900031539,138 247 047,A01,2,1,0,9,1,1,5,NULL,201900031539,138 247 046,B01,1,1,4,1,1974,0,2,-1,-1,0,0,-1,201900031539,3,1201,NULL,NULL,2,2,1,1,24,600,2,NULL,NULL,2,0,5,-1
201900031539,2,10,2019,18:00:00,2,74,74010,2,1,1,1,"Route de Geneve (Pringy)","45,9467840","6,1210580",201900031539,138 247 046,B01,1,1,0,9,1,1,5,NULL,201900031539,138 247 046,B01,1,1,4,1,1974,0,2,-1,-1,0,0,-1,201900031539,3,1201,NULL,NULL,2,2,1,1,24,600,2,NULL,NULL,2,0,5,-1
201900031539,2,10,2019,18:00:00,2,74,74010,2,1,1,1,"Route de Geneve (Pringy)","45,9467840","6,1210580",201900031539,138 247 047,A01,2,1,0,9,1,1,5,NULL,201900031539,138 247 047,A01,1,1,1,1,2001,0,0,-1,-1,0,0,-1,201900031539,3,1201,NULL,NULL,2,2,1,1,24,600,2,NULL,NULL,2,0,5,-1
201900031539,2,10,2019,18:00:00,2,74,74010,2,1,1,1,"Route de Geneve (Pringy)","45,9467840","6,1210580",201900031539,138 247 046,B01,1,1,0,9,1,1,5,NULL,201900031539,138 247 047,A01,1,1,1,1,2001,0,0,-1,-1,0,0,-1,201900031539,3,1201,NULL,NULL,2,2,1,1,24,600,2,NULL,NULL,2,0,5,-1
201900033188,5,10,2019,15:22:00,1,3,03062,1,2,8,2,NULL,"46,1885011","3,1852195",201900033188,138 243 848,B01,2,1,0,0,4,2,5,NULL,201900033188,138 243 847,A01,1,1,3,1,1975,5,2,-1,-1,0,0,-1,201900033188,3,42,0,NULL,2,2,0,1,22,396,1,NULL,NULL,1,0,1,80
201900033188,5,10,2019,15:22:00,1,3,03062,1,2,8,2,NULL,"46,1885011","3,1852195",201900033188,138 243 847,A01,2,1,0,0,1,2,5,NULL,201900033188,138 243 847,A01,1,1,3,1,1975,5,2,-1,-1,0,0,-1,201900033188,3,42,0,NULL,2,2,0,1,22,396,1,NULL,NULL,1,0,1,80
201900033188,5,10,2019,15:22:00,1,3,03062,1,2,8,2,NULL,"46,1885011","3,1852195",201900033188,138 243 848,B01,2,1,0,0,4,2,5,NULL,201900033188,138 243 848,B01,1,1,1,1,1981,5,2,6,-1,0,0,-1,201900033188,3,42,0,NULL,2,2,0,1,22,396,1,NULL,NULL,1,0,1,80
201900033188,5,10,2019,15:22:00,1,3,03062,1,2,8,2,NULL,"46,1885011","3,1852195",201900033188,138 243 847,A01,2,1,0,0,1,2,5,NULL,201900033188,138 243 848,B01,1,1,1,1,1981,5,2,6,-1,0,0,-1,201900033188,3,42,0,NULL,2,2,0,1,22,396,1,NULL,NULL,1,0,1,80
201900034619,17,5,2019,16:35:00,1,10,10081,2,9,1,1,"JULES FERRY (RUE)","48,3212000","4,0544000",201900034619,138 241 112,B01,2,1,0,2,1,1,0,NULL,201900034619,138 241 112,B01,1,1,4,2,1992,5,2,6,-1,-1," -1",-1,201900034619,4,"JULES FERRY (RUE)",0,NULL,2,2,0,1,0,0,1,NULL,NULL,1,0,1,50
201900034619,17,5,2019,16:35:00,1,10,10081,2,9,1,1,"JULES FERRY (RUE)","48,3212000","4,0544000",201900034619,138 241 112,B01,2,1,0,2,1,1,0,NULL,201900034619,138 241 113,A01,1,1,1,2,1986,5,1,0,-1,-1," -1",-1,201900034619,4,"JULES FERRY (RUE)",0,NULL,2,2,0,1,0,0,1,NULL,NULL,1,0,1,50
201900035126,20,6,2019,16:45:00,1,69,69386,2,2,1,1,"BUGEAUD                             (R )","45,7660000","4,8490000",201900035126,138 240 109,A01,1,1,0,2,1,5,5,NULL,201900035126,138 240 108,B01,1,1,1,1,1993,5,1,8,-1,-1," -1",-1,201900035126,4,"BUGEAUD                             (R )",0,NULL,1,2,0,1,1,0,1,NULL,NULL,1,0,1,50
201900035126,20,6,2019,16:45:00,1,69,69386,2,2,1,1,"BUGEAUD                             (R )","45,7660000","4,8490000",201900035126,138 240 109,A01,1,1,0,2,1,5,5,NULL,201900035126,138 240 109,A01,2,1,4,2,1993,9,8,0,-1,-1," -1",-1,201900035126,4,"BUGEAUD                             (R )",0,NULL,1,2,0,1,1,0,1,NULL,NULL,1,0,1,50
201900035798,1,3,2019,13:25:00,1,64,64445,2,1,1,2,HAUTERIVE,"43,3231500"," -0,3489100",201900035798,138 238 793,A01,2,1,0,2,1,2,5,NULL,201900035798,138 238 793,A01,1,1,4,1,1996,2,8,0,-1,0,0,-1,201900035798,4,HAUTERIVE,0,NULL,2,3,0,1,0,0,1,NULL,NULL,1,0,1,50
201900035798,1,3,2019,13:25:00,1,64,64445,2,1,1,2,HAUTERIVE,"43,3231500"," -0,3489100",201900035798,138 238 793,A01,2,1,0,2,1,2,5,NULL,201900035798,138 238 794,B01,1,1,1,2,1962,9,1,0,-1,0,0,-1,201900035798,4,HAUTERIVE,0,NULL,2,3,0,1,0,0,1,NULL,NULL,1,0,1,50
201900037545,23,2,2019,10:10:00,1,31,31555,2,1,1,3,"BD LASCROSSES","43,6083000","1,4283200",201900037545,138 235 431,A01,2,1,0,2,1,17,5,NULL,201900037545,138 235 430,B01,1,1,4,2,1995,0,8,0,-1,-1,0,-1,201900037545,4,"BD LASCROSSES",0,NULL,1,2,0,1,0,0,1,NULL,NULL,1,0,1,50
201900037545,23,2,2019,10:10:00,1,31,31555,2,1,1,3,"BD LASCROSSES","43,6083000","1,4283200",201900037545,138 235 430,B01,2,1,0,2,7,15,5,NULL,201900037545,138 235 430,B01,1,1,4,2,1995,0,8,0,-1,-1,0,-1,201900037545,4,"BD LASCROSSES",0,NULL,1,2,0,1,0,0,1,NULL,NULL,1,0,1,50
201900037545,23,2,2019,10:10:00,1,31,31555,2,1,1,3,"BD LASCROSSES","43,6083000","1,4283200",201900037545,138 235 431,A01,2,1,0,2,1,17,5,NULL,201900037545,138 235 431,A01,1,1,4,1,2000,9,8,0,-1,-1,0,-1,201900037545,4,"BD LASCROSSES",0,NULL,1,2,0,1,0,0,1,NULL,NULL,1,0,1,50
201900037545,23,2,2019,10:10:00,1,31,31555,2,1,1,3,"BD LASCROSSES","43,6083000","1,4283200",201900037545,138 235 430,B01,2,1,0,2,7,15,5,NULL,201900037545,138 235 431,A01,1,1,4,1,2000,9,8,0,-1,-1,0,-1,201900037545,4,"BD LASCROSSES",0,NULL,1,2,0,1,0,0,1,NULL,NULL,1,0,1,50
201900037727,8,4,2019,16:25:00,1,60,60041,1,1,1,2,RD12,"49,3847362","2,2201033",201900037727,138 235 092,B01,1,1,0,0,4,2,5,NULL,201900037727,138 235 091,A01,1,1,1,1,1965,9,8,-1,-1,0,0,-1,201900037727,3,12,NULL,NULL,2,2,1,1,6,100,1,NULL,NULL,1,0,1,70
201900037727,8,4,2019,16:25:00,1,60,60041,1,1,1,2,RD12,"49,3847362","2,2201033",201900037727,138 235 092,B01,1,1,0,0,4,2,5,NULL,201900037727,138 235 092,B01,1,1,4,1,2001,9,8,-1,-1,0,0,-1,201900037727,3,12,NULL,NULL,2,2,1,1,6,100,1,NULL,NULL,1,0,1,70
201900042579,25,2,2019,17:40:00,1,57,57303,1,1,1,3,"RD 52","49,2197780","6,1874850",201900042579,138 226 093,B01,2,1,0,0,8,1,5,NULL,201900042579,138 226 093,B01,1,1,4,1,1954,5,0,-1,-1,0,0,-1,201900042579,3,52,NULL,NULL,2,2,0,1,(1),(1),1,NULL,NULL,1,0,1,80
201900042579,25,2,2019,17:40:00,1,57,57303,1,1,1,3,"RD 52","49,2197780","6,1874850",201900042579,138 226 093,B01,2,1,0,0,8,1,5,NULL,201900042579,138 226 094,A01,1,1,1,1,1984,1,1,-1,-1,0,0,-1,201900042579,3,52,NULL,NULL,2,2,0,1,(1),(1),1,NULL,NULL,1,0,1,80
201900042637,30,9,2019,11:15:00,1,75,75111,2,2,1,6,"RUE SAINT MAUR","48,8684390","2,3749350",201900042637,138 225 981,A01,2,1,0,2,1,1,5,NULL,201900042637,138 225 981,A01,1,1,4,2,1983,1,8,2,-1,0,0,-1,201900042637,4,"RUE SAINT MAUR",0,NULL,1,1,1,1,153,0,1,NULL,NULL,1,0,5,50
201900043388,21,7,2019,14:50:00,1,36,36001,1,1,1,2,"La Bouzanne","46,4466160","1,8078530",201900043388,138 224 569,A01,1,1,0,0,4,2,5,NULL,201900043388,138 224 568,B01,1,1,1,1,1949,5,8,-1,-1,0,0,-1,201900043388,3,990,0,D,2,2,0,1,44,600,2,NULL,NULL,1,0,1,80
201900043388,21,7,2019,14:50:00,1,36,36001,1,1,1,2,"La Bouzanne","46,4466160","1,8078530",201900043388,138 224 569,A01,1,1,0,0,4,2,5,NULL,201900043388,138 224 569,A01,1,1,3,1,1967,5,2,-1,-1,0,0,-1,201900043388,3,990,0,D,2,2,0,1,44,600,2,NULL,NULL,1,0,1,80
201900044007,15,6,2019,18:45:00,1,95,95607,2,3,1,3,"HERBLAY (RUE D'","49,0189400","2,2125500",201900044007,138 223 456,B01,3,1,0,0,1,1,5,NULL,201900044007,138 223 455,A01,4,2,1,1,2001,5,1,0,-1,-1,0,-1,201900044007,3,106,0,NULL,2,3,0,1,3,50,1,NULL,NULL,1,0,1,50
201900044007,15,6,2019,18:45:00,1,95,95607,2,3,1,3,"HERBLAY (RUE D'","49,0189400","2,2125500",201900044007,138 223 456,B01,3,1,0,0,1,1,5,NULL,201900044007,138 223 455,A01,2,2,1,1,2000,5,1,0,-1,-1,0,-1,201900044007,3,106,0,NULL,2,3,0,1,3,50,1,NULL,NULL,1,0,1,50
201900044007,15,6,2019,18:45:00,1,95,95607,2,3,1,3,"HERBLAY (RUE D'","49,0189400","2,2125500",201900044007,138 223 456,B01,3,1,0,0,1,1,5,NULL,201900044007,138 223 455,A01,3,2,1,1,2001,5,1,0,-1,-1,0,-1,201900044007,3,106,0,NULL,2,3,0,1,3,50,1,NULL,NULL,1,0,1,50
201900044007,15,6,2019,18:45:00,1,95,95607,2,3,1,3,"HERBLAY (RUE D'","49,0189400","2,2125500",201900044007,138 223 456,B01,3,1,0,0,1,1,5,NULL,201900044007,138 223 455,A01,1,1,1,2,2001,5,1,4,-1,-1,0,-1,201900044007,3,106,0,NULL,2,3,0,1,3,50,1,NULL,NULL,1,0,1,50
201900044007,15,6,2019,18:45:00,1,95,95607,2,3,1,3,"HERBLAY (RUE D'","49,0189400","2,2125500",201900044007,138 223 456,B01,3,1,0,0,1,1,5,NULL,201900044007,138 223 456,B01,1,1,3,2,1949,3,8,0,-1,-1,0,-1,201900044007,3,106,0,NULL,2,3,0,1,3,50,1,NULL,NULL,1,0,1,50
201900044347,17,2,2019,13:22:00,1,22,22187,2,1,1,7,"PECHEURS (rue des )","48,5325003"," -2,7308621",201900044347,138 222 751,A01,2,1,0,0,0,1,5,NULL,201900044347,138 222 751,A01,1,1,2,1,1968,5,2,0,-1,0,0,-1,201900044347,4,"PECHEURS (rue des )",0,NULL,2,2,0,2,(1),(1),1,NULL,NULL,1,0,1,50
201900047841,22,2,2019,20:25:00,3,51,51232,1,1,1,2,"RD 980","49,2831270","4,2098794",201900047841,138 216 106,B01,1,1,0,0,4,1,5,NULL,201900047841,138 216 105,A01,1,1,1,1,1957,4,1,-1,-1,0,0,-1,201900047841,3,980,NULL,NULL,2,2,0,1,48,0,1,NULL,NULL,1,0,1,80
201900047841,22,2,2019,20:25:00,3,51,51232,1,1,1,2,"RD 980","49,2831270","4,2098794",201900047841,138 216 106,B01,1,1,0,0,4,1,5,NULL,201900047841,138 216 106,B01,1,1,2,1,1998,5,0,-1,-1,0,0,-1,201900047841,3,980,NULL,NULL,2,2,0,1,48,0,1,NULL,NULL,1,0,1,80
201900047981,22,2,2019,17:45:00,1,84,84069,1,3,1,1,"D938 PK 9 + 400","44,1839470","5,1243250",201900047981,138 215 852,A01,2,1,0,2,0,15,5,NULL,201900047981,138 215 851,B01,2,2,1,2,2003,9,1,-1,-1,0,0,-1,201900047981,3,938,NULL,NULL,2,2,0,1,(1),(1),1,NULL,NULL,1,0,1,80
201900047981,22,2,2019,17:45:00,1,84,84069,1,3,1,1,"D938 PK 9 + 400","44,1839470","5,1243250",201900047981,138 215 852,A01,2,1,0,2,0,15,5,NULL,201900047981,138 215 851,B01,1,1,1,1,1962,9,1,-1,-1,0,0,-1,201900047981,3,938,NULL,NULL,2,2,0,1,(1),(1),1,NULL,NULL,1,0,1,80
201900047981,22,2,2019,17:45:00,1,84,84069,1,3,1,1,"D938 PK 9 + 400","44,1839470","5,1243250",201900047981,138 215 852,A01,2,1,0,2,0,15,5,NULL,201900047981,138 215 852,A01,1,1,3,1,1987,3,0,-1,-1,0,0,-1,201900047981,3,938,NULL,NULL,2,2,0,1,(1),(1),1,NULL,NULL,1,0,1,80
201900049206,6,12,2019,17:10:00,1,64,64445,2,1,1,1,"ALFRED NOBEL","43,3100225"," -0,3260015",201900049206,138 213 572,B01,1,1,0,2,1,1,5,NULL,201900049206,138 213 571,A01,1,1,1,1,1955,9,1,8,-1,-1,0,-1,201900049206,4,"ALFRED NOBEL",0,NULL,2,2,2,1,0,0,1,NULL,NULL,1,0,1,50
201900049206,6,12,2019,17:10:00,1,64,64445,2,1,1,1,"ALFRED NOBEL","43,3100225"," -0,3260015",201900049206,138 213 572,B01,1,1,0,2,1,1,5,NULL,201900049206,138 213 572,B01,1,1,4,1,2004,9,8,0,-1,-1,0,-1,201900049206,4,"ALFRED NOBEL",0,NULL,2,2,2,1,0,0,1,NULL,NULL,1,0,1,50
201900049869,10,1,2019,10:41:00,1,6,06161,2,1,1,6,"1 Avenue du loup","43,6429260","7,1435270",201900049869,138 212 349,A01,2,1,0,0,3,1,5,NULL,201900049869,138 212 349,A01,1,1,4,1,1971,9,0,-1,-1,0,0,-1,201900049869,4,0,NULL,NULL,2,2,0,2,(1),(1),1,NULL,NULL,1,9,1,50
201900050243,21,8,2019,07:05:00,1,92,92072,2,1,8,2,"MANUFACTURE NATIONALE (PLACE DE LA)","48,8287045","2,2241014",201900050243,138 211 653,B01,3,1,0,2,1,1,5,NULL,201900050243,138 211 652,A01,1,1,1,1,1990,1,8,0,-1,-1,0,-1,201900050243,3,7,0,NULL,2,6,0,1,0,0,1,NULL,NULL,1,9,1,50
201900050243,21,8,2019,07:05:00,1,92,92072,2,1,8,2,"MANUFACTURE NATIONALE (PLACE DE LA)","48,8287045","2,2241014",201900050243,138 211 653,B01,3,1,0,2,1,1,5,NULL,201900050243,138 211 653,B01,1,1,4,1,1983,1,2,6,-1,0,0,-1,201900050243,3,7,0,NULL,2,6,0,1,0,0,1,NULL,NULL,1,9,1,50
201900050452,31,3,2019,13:35:00,1,75,75108,2,1,1,3,"RUE D AMSTERDAM","48,8767690","2,3268970",201900050452,138 211 281,B01,0,1,1,2,8,1,5,NULL,201900050452,138 211 280,A01,1,1,1,1,1989,4,8,0,-1,0,0,-1,201900050452,4,"RUE D AMSTERDAM",0,NULL,1,2,0,2,10,0,1,NULL,NULL,1,0,1,50
201900050452,31,3,2019,13:35:00,1,75,75108,2,1,1,3,"RUE D AMSTERDAM","48,8767690","2,3268970",201900050452,138 211 281,B01,0,1,1,2,8,1,5,NULL,201900050452,138 211 281,B01,1,1,4,2,1999,5,8,0,-1,0,0,-1,201900050452,4,"RUE D AMSTERDAM",0,NULL,1,2,0,2,10,0,1,NULL,NULL,1,0,1,50
201900050663,15,7,2019,15:25:00,1,68,68082,2,3,1,3,"RD 2","47,8650320","7,3453160",201900050663,138 210 875,A01,1,1,0,0,3,19,5,NULL,201900050663,138 210 873,B01,1,1,1,2,1996,5,1,-1,-1,0,0,-1,201900050663,3,2,0,NULL,2,2,1,1,15,300,1,NULL,NULL,1,5,1,50
201900050663,15,7,2019,15:25:00,1,68,68082,2,3,1,3,"RD 2","47,8650320","7,3453160",201900050663,138 210 875,A01,1,1,0,0,3,19,5,NULL,201900050663,138 210 875,A01,1,1,4,1,1960,0,0,-1,-1,0,0,-1,201900050663,3,2,0,NULL,2,2,1,1,15,300,1,NULL,NULL,1,5,1,50
201900050746,9,7,2019,14:30:00,1,59,59268,2,1,1,6,"45 rue du génral de Gaulle","50,6399540","2,7201910",201900050746,138 210 725,B01,2,1,1,0,1,1,5,NULL,201900050746,138 210 723,A01,1,1,1,1,1995,5,0,-1,-1,0,0,-1,201900050746,3,2945,NULL,NULL,2,2,0,1,(1),(1),1,NULL,NULL,1,0,1,50
201900050746,9,7,2019,14:30:00,1,59,59268,2,1,1,6,"45 rue du génral de Gaulle","50,6399540","2,7201910",201900050746,138 210 725,B01,2,1,1,0,1,1,5,NULL,201900050746,138 210 725,B01,1,1,3,2,1998,5,0,-1,-1,0,0,-1,201900050746,3,2945,NULL,NULL,2,2,0,1,(1),(1),1,NULL,NULL,1,0,1,50
201900052236,27,3,2019,11:40:00,1,50,50129,2,3,1,3,"LEMONNIER (AVENUE AMIRAL)","49,6337800"," -1,6062600",201900052236,138 207 883,B01,1,1,0,2,4,19,5,NULL,201900052236,138 207 882,A01,1,1,1,1,1981,9,1,8,-1,-1,0,-1,201900052236,3,901,0,NULL,3,4,0,1,0,0,1,NULL,NULL,1,5,1,50
201900052236,27,3,2019,11:40:00,1,50,50129,2,3,1,3,"LEMONNIER (AVENUE AMIRAL)","49,6337800"," -1,6062600",201900052236,138 207 883,B01,1,1,0,2,4,19,5,NULL,201900052236,138 207 883,B01,1,1,4,2,2005,2,8,0,-1,-1,0,-1,201900052236,3,901,0,NULL,3,4,0,1,0,0,1,NULL,NULL,1,5,1,50
201900053221,2,2,2019,09:05:00,1,73,73065,2,6,8,3,"CHEVALIERE (SQUARE DE LA) D14","45,5816887","5,8873070",201900053221,138 205 965,A01,1,1,0,2,1,1,5,NULL,201900053221,138 205 964,B01,1,1,1,1,1939,0,1,0,-1,0,0,-1,201900053221,3,14,NULL,NULL,2,2,1,1,2,280,1,NULL,NULL,2,9,5,50
201900053221,2,2,2019,09:05:00,1,73,73065,2,6,8,3,"CHEVALIERE (SQUARE DE LA) D14","45,5816887","5,8873070",201900053221,138 205 965,A01,1,1,0,2,1,1,5,NULL,201900053221,138 205 965,A01,1,1,4,1,2003,0,8,0,-1,0,0,-1,201900053221,3,14,NULL,NULL,2,2,1,1,2,280,1,NULL,NULL,2,9,5,50
201900053237,14,2,2019,14:15:00,1,51,51454,2,3,1,3,"BOULEVARD DU MARECHAL DE LATTRE DE TASSIGNY","49,2563691","4,0618999",201900053237,138 205 938,B01,1,1,0,2,1,1,5,NULL,201900053237,138 205 937,Z01,2,2,1,2,1977,0,1,0,-1,-1,0,-1,201900053237,4,"BOULEVARD DE LATTRE DE TASSIGNY",0,NULL,2,2,0,1,(1),(1),1,NULL,NULL,1,0,1,50
201900053237,14,2,2019,14:15:00,1,51,51454,2,3,1,3,"BOULEVARD DU MARECHAL DE LATTRE DE TASSIGNY","49,2563691","4,0618999",201900053237,138 205 938,B01,1,1,0,2,1,1,5,NULL,201900053237,138 205 937,Z01,1,1,1,2,1978,0,8,0,-1,-1,0,-1,201900053237,4,"BOULEVARD DE LATTRE DE TASSIGNY",0,NULL,2,2,0,1,(1),(1),1,NULL,NULL,1,0,1,50
201900053237,14,2,2019,14:15:00,1,51,51454,2,3,1,3,"BOULEVARD DU MARECHAL DE LATTRE DE TASSIGNY","49,2563691","4,0618999",201900053237,138 205 938,B01,1,1,0,2,1,1,5,NULL,201900053237,138 205 938,B01,1,1,3,1,1945,5,8,0,-1,-1,0,-1,201900053237,4,"BOULEVARD DE LATTRE DE TASSIGNY",0,NULL,2,2,0,1,(1),(1),1,NULL,NULL,1,0,1,50
201900008844,7,8,2019,13:45:00,1,33,33063,2,3,1,3,"R. Elisée Reclus / R. Dufau","44,8372690"," -0,5806040",201900008844,138 289 966,B01,2,1,0,2,1,1,5,NULL,201900008844,138 289 965,A01,1,1,1,1,1958,0,8,0,-1,-1," -1",-1,201900008844,4,"RUE ELISEE RECLUS",0,NULL,1,1,0,1,0,0,1,NULL,NULL,1,0,1,50
201900008844,7,8,2019,13:45:00,1,33,33063,2,3,1,3,"R. Elisée Reclus / R. Dufau","44,8372690"," -0,5806040",201900008844,138 289 966,B01,2,1,0,2,1,1,5,NULL,201900008844,138 289 965,A01,2,2,1,2,1961,0,8,0,-1,-1," -1",-1,201900008844,4,"RUE ELISEE RECLUS",0,NULL,1,1,0,1,0,0,1,NULL,NULL,1,0,1,50
201900008844,7,8,2019,13:45:00,1,33,33063,2,3,1,3,"R. Elisée Reclus / R. Dufau","44,8372690"," -0,5806040",201900008844,138 289 966,B01,2,1,0,2,1,1,5,NULL,201900008844,138 289 966,B01,1,1,3,2,1999,0,8,0,-1,-1," -1",-1,201900008844,4,"RUE ELISEE RECLUS",0,NULL,1,1,0,1,0,0,1,NULL,NULL,1,0,1,50
201900009200,4,7,2019,12:30:00,1,42,42187,2,2,1,3,"OUDAN (RUE DE L')","46,0521000","4,0858600",201900009200,138 289 291,A01,1,1,0,2,0,19,5,NULL,201900009200,138 289 291,A01,1,1,4,1,1999,1,8,0,-1,-1,0,-1,201900009200,4,"OUDAN (RUE DE L')",0,NULL,2,2,0,2,1,0,3,NULL,NULL,1,0,1,50
201900015825,20,4,2019,18:00:00,1,2,02680,1,2,1,3,D7,"49,5823610","3,4103410",201900015825,138 276 924,A01,2,1,0,0,1,9,5,NULL,201900015825,138 276 923,B01,1,1,1,1,1951,5,1,-1,-1,0,0,-1,201900015825,3,730,NULL,NULL,2,2,0,1,0,0,1,NULL,NULL,1,0,1,80
201900015825,20,4,2019,18:00:00,1,2,02680,1,2,1,3,D7,"49,5823610","3,4103410",201900015825,138 276 924,A01,2,1,0,0,1,9,5,NULL,201900015825,138 276 924,A01,1,1,4,1,1986,5,0,-1,-1,0,0,-1,201900015825,3,730,NULL,NULL,2,2,0,1,0,0,1,NULL,NULL,1,0,1,80
201900016149,30,6,2019,17:30:00,1,973,97303,1,1,1,2,"Route Nationale 1","5,4839991"," -53,2779408",201900016149,138 276 350,B01,2,1,0,2,4,0,5,NULL,201900016149,138 276 350,B01,1,1,3,1,2003,5,0,-1,-1,0,0,-1,201900016149,2,1,NULL,NULL,-1,2,0,1,154,500,1,NULL,NULL,1,0,1,90