Num_Acc,jour,mois,an,hrmn,lum,dep,com,agg,int,atm,col,adr,lat,long,Num_Acc,id_vehicule,num_veh,senc,catv,obs,obsm,choc,manv,motor,occutc,Num_Acc,id_vehicule,num_veh,place,catu,grav,sexe,an_nais,trajet,secu1,secu2,secu3,locp,actp,etatp,Num_Acc,catr,voie,v1,v2,circ,nbv,vosp,prof,pr,pr1,plan,lartpc,larrout,surf,infra,situ,vma
201900016149,30,6,2019,17:30:00,1,973,97303,1,1,1,2,"Route Nationale 1","5,4839991"," -53,2779408",201900016149,138 276 350,B01,2,1,0,2,4,0,5,NULL,201900016149,138 276 351,A01,2,2,1,1,1963,4,1,-1,-1,0,0,-1,201900016149,2,1,NULL,NULL,-1,2,0,1,154,500,1,NULL,NULL,1,0,1,90
201900016149,30,6,2019,17:30:00,1,973,97303,1,1,1,2,"Route Nationale 1","5,4839991"," -53,2779408",201900016149,138 276 350,B01,2,1,0,2,4,0,5,NULL,201900016149,138 276 351,A01,1,1,1,1,1981,4,1,-1,-1,0,0,-1,201900016149,2,1,NULL,NULL,-1,2,0,1,154,500,1,NULL,NULL,1,0,1,90
201900020509,26,12,2019,20:30:00,3,973,97305,1,1,1,1,N1,"4,9845960"," -52,4462650",201900020509,138 268 062,B01,1,1,0,2,1,0,5,NULL,201900020509,138 268 061,A01,2,2,1,2,1964,3,1,-1,-1,0,0,-1,201900020509,2,1,NULL,NULL,2,2,0,1,22,400,1,NULL,NULL,1,0,1,80
201900020509,26,12,2019,20:30:00,3,973,97305,1,1,1,1,N1,"4,9845960"," -52,4462650",201900020509,138 268 062,B01,1,1,0,2,1,0,5,NULL,201900020509,138 268 061,A01,1,1,1,2,1985,3,1,-1,-1,0,0,-1,201900020509,2,1,NULL,NULL,2,2,0,1,22,400,1,NULL,NULL,1,0,1,80
201900020509,26,12,2019,20:30:00,3,973,97305,1,1,1,1,N1,"4,9845960"," -52,4462650",201900020509,138 268 062,B01,1,1,0,2,1,0,5,NULL,201900020509,138 268 062,B01,1,1,2,1,1974,9,0,-1,-1,0,0,-1,201900020509,2,1,NULL,NULL,2,2,0,1,22,400,1,NULL,NULL,1,0,1,80
201900024820,15,4,2019,11:15:00,1,75,75117,2,3,1,3,"AVENUE DE LA GRANDE ARMEE","48,8757150","2,2889390",201900024820,138 259 633,B01,1,1,0,2,1,1,5,NULL,201900024820,138 259 632,A01,3,2,1,2,1951,1,1,0,-1,0,0,-1,201900024820,4,"AVENUE DE LA GRANDE ARMEE",0,NULL,2,8,1,2,0,0,1,NULL,NULL,1,0,5,50
201900024820,15,4,2019,11:15:00,1,75,75117,2,3,1,3,"AVENUE DE LA GRANDE ARMEE","48,8757150","2,2889390",201900024820,138 259 633,B01,1,1,0,2,1,1,5,NULL,201900024820,138 259 633,B01,1,1,4,1,1980,1,2,0,-1,0,0,-1,201900024820,4,"AVENUE DE LA GRANDE ARMEE",0,NULL,2,8,1,2,0,0,1,NULL,NULL,1,0,5,50
201900025421,4,5,2019,11:50:00,1,67,67482,2,1,3,6,"PREMIERE ARMEE (RUE DE LA)","48,5761500","7,7526000",201900025421,138 258 505,A01,1,1,0,1,1,1,5,NULL,201900025421,138 258 505,A01,10,3,4,2,1978,5,8,0,-1,5,3,1,201900025421,4,"PREMIERE ARMEE (RUE DE LA)",0,NULL,2,4,3,2,0,0,1,NULL,NULL,2,4,1,50
201900025421,4,5,2019,11:50:00,1,67,67482,2,1,3,6,"PREMIERE ARMEE (RUE DE LA)","48,5761500","7,7526000",201900025421,138 258 505,A01,1,1,0,1,1,1,5,NULL,201900025421,138 258 505,A01,1,1,1,1,2000,4,8,0,-1,-1,0,-1,201900025421,4,"PREMIERE ARMEE (RUE DE LA)",0,NULL,2,4,3,2,0,0,1,NULL,NULL,2,4,1,50
201900027285,15,5,2019,13:35:00,1,54,54395,2,3,1,1,"FOCH (AVENUE 2 A 16","48,6891340","6,1753430",201900027285,138 254 977,Z01,1,1,0,6,0,0,5,NULL,201900027285,138 254 976,A01,1,1,4,1,1996,0,2,0,-1,-1,0,-1,201900027285,4,"FOCH (AVENUE 2 A 16",0,NULL,1,2,0,1,0,0,1,NULL,NULL,1,0,1,50
201900027285,15,5,2019,13:35:00,1,54,54395,2,3,1,1,"FOCH (AVENUE 2 A 16","48,6891340","6,1753430",201900027285,138 254 976,A01,1,1,0,6,0,0,5,NULL,201900027285,138 254 976,A01,1,1,4,1,1996,0,2,0,-1,-1,0,-1,201900027285,4,"FOCH (AVENUE 2 A 16",0,NULL,1,2,0,1,0,0,1,NULL,NULL,1,0,1,50
201900035671,2,3,2019,10:45:00,1,69,69387,2,2,2,3,"GUILLOTIERE (DE LA)                 (GR)","45,7479100","4,8561800",201900035671,138 239 035,B01,1,1,0,2,1,19,0,NULL,201900035671,138 239 034,A01,1,1,1,1,1969,0,1,0,-1,-1," -1",-1,201900035671,4,"GUILLOTIERE (DE LA)                 (GR)",0,NULL,1,5,2,1,0,0,1,NULL,NULL,2,0,1,50
201900035671,2,3,2019,10:45:00,1,69,69387,2,2,2,3,"GUILLOTIERE (DE LA)                 (GR)","45,7479100","4,8561800",201900035671,138 239 035,B01,1,1,0,2,1,19,0,NULL,201900035671,138 239 035,B01,1,1,4,1,1958,0,8,0,-1,0,0,-1,201900035671,4,"GUILLOTIERE (DE LA)                 (GR)",0,NULL,1,5,2,1,0,0,1,NULL,NULL,2,0,1,50
201900036162,21,7,2019,11:14:00,1,52,52104,1,1,1,6,"RD 635","48,6776995","5,0024953",201900036162,138 238 125,B01,3,1,0,2,4,2,5,NULL,201900036162,138 238 124,C01,1,1,3,1,1976,5,2,6,-1,-1,0,-1,201900036162,3,635,0,NULL,2,2,0,1,8,0,1,NULL,NULL,1,0,1,80
201900036162,21,7,2019,11:14:00,1,52,52104,1,1,1,6,"RD 635","48,6776995","5,0024953",201900036162,138 238 124,C01,3,1,0,2,4,2,5,NULL,201900036162,138 238 124,C01,1,1,3,1,1976,5,2,6,-1,-1,0,-1,201900036162,3,635,0,NULL,2,2,0,1,8,0,1,NULL,NULL,1,0,1,80
201900036162,21,7,2019,11:14:00,1,52,52104,1,1,1,6,"RD 635","48,6776995","5,0024953",201900036162,138 238 125,B01,3,1,0,2,4,2,5,NULL,201900036162,138 238 125,B01,1,1,4,1,1960,5,2,6,-1,-1,0,-1,201900036162,3,635,0,NULL,2,2,0,1,8,0,1,NULL,NULL,1,0,1,80
201900036162,21,7,2019,11:14:00,1,52,52104,1,1,1,6,"RD 635","48,6776995","5,0024953",201900036162,138 238 124,C01,3,1,0,2,4,2,5,NULL,201900036162,138 238 125,B01,1,1,4,1,1960,5,2,6,-1,-1,0,-1,201900036162,3,635,0,NULL,2,2,0,1,8,0,1,NULL,NULL,1,0,1,80
201900036162,21,7,2019,11:14:00,1,52,52104,1,1,1,6,"RD 635","48,6776995","5,0024953",201900036162,138 238 125,B01,3,1,0,2,4,2,5,NULL,201900036162,138 238 126,A01,1,1,1,1,1947,5,1,0,-1,-1,0,-1,201900036162,3,635,0,NULL,2,2,0,1,8,0,1,NULL,NULL,1,0,1,80
201900036162,21,7,2019,11:14:00,1,52,52104,1,1,1,6,"RD 635","48,6776995","5,0024953",201900036162,138 238 124,C01,3,1,0,2,4,2,5,NULL,201900036162,138 238 126,A01,1,1,1,1,1947,5,1,0,-1,-1,0,-1,201900036162,3,635,0,NULL,2,2,0,1,8,0,1,NULL,NULL,1,0,1,80
201900036992,11,5,2019,18:00:00,4,987,98747,1,1,1,1,"RT.3 à hauteur du PK14+300 à TAUTIRA"," -17,7456570"," -149,2420810",201900036992,138 236 524,B01,1,1,0,2,7,19,5,NULL,201900036992,138 236 523,A01,1,1,1,1,1978,1,1,-1,-1,0,0,-1,201900036992,2,3,0,NULL,2,2,0,1,14,300,1,NULL,NULL,1,0,1,-1
201900036992,11,5,2019,18:00:00,4,987,98747,1,1,1,1,"RT.3 à hauteur du PK14+300 à TAUTIRA"," -17,7456570"," -149,2420810",201900036992,138 236 524,B01,1,1,0,2,7,19,5,NULL,201900036992,138 236 524,B01,1,1,2,1,2005,5,0,-1,-1,0,0,-1,201900036992,2,3,0,NULL,2,2,0,1,14,300,1,NULL,NULL,1,0,1,-1
201900038264,26,5,2019,12:10:00,1,75,75116,2,7,1,3,"PLACE DE LA PORTE MAILLOT","48,8773750","2,2813650",201900038264,138 234 134,B01,3,1,0,2,7,1,5,NULL,201900038264,138 234 134,B01,1,1,4,2,1977,5,8,0,-1,0,0,-1,201900038264,4,"PLACE DE LA PORTE MAILLOT",0,NULL,1,1,0,1,0,0,2,NULL,NULL,1,5,1,50
201900038264,26,5,2019,12:10:00,1,75,75116,2,7,1,3,"PLACE DE LA PORTE MAILLOT","48,8773750","2,2813650",201900038264,138 234 134,B01,3,1,0,2,7,1,5,NULL,201900038264,138 234 135,A01,1,1,1,1,1997,5,1,0,-1,0,0,-1,201900038264,4,"PLACE DE LA PORTE MAILLOT",0,NULL,1,1,0,1,0,0,2,NULL,NULL,1,5,1,50
201900038458,21,6,2019,12:15:00,1,94,94068,2,1,1,3,"FOCH (AV)","48,7900000","2,4900000",201900038458,138 233 805,B01,1,1,0,2,3,1,5,NULL,201900038458,138 233 805,B01,1,1,4,1,1944,5,2,0,-1,-1," -1",-1,201900038458,3,123,0,NULL,2,2,0,2,0,0,1,NULL,NULL,1,0,1,50
201900038458,21,6,2019,12:15:00,1,94,94068,2,1,1,3,"FOCH (AV)","48,7900000","2,4900000",201900038458,138 233 805,B01,1,1,0,2,3,1,5,NULL,201900038458,138 233 806,A01,1,1,1,1,1959,4,1,0,-1,-1," -1",-1,201900038458,3,123,0,NULL,2,2,0,2,0,0,1,NULL,NULL,1,0,1,50
201900038705,30,10,2019,08:30:00,1,75,75120,2,3,8,3,"RUE DE BELLEVILLE","48,8733868","2,3826038",201900038705,138 233 340,B01,2,1,0,2,7,5,0,NULL,201900038705,138 233 339,A01,1,1,1,1,1970,0,1,0,-1,0,0,-1,201900038705,4,"RUE DE BELLEVILLE",0,NULL,1,1,3,2,62,0,1,NULL,NULL,2,0,1,50
201900038705,30,10,2019,08:30:00,1,75,75120,2,3,8,3,"RUE DE BELLEVILLE","48,8733868","2,3826038",201900038705,138 233 340,B01,2,1,0,2,7,5,0,NULL,201900038705,138 233 340,B01,1,1,4,1,1973,4,2,8,-1,0,0,-1,201900038705,4,"RUE DE BELLEVILLE",0,NULL,1,1,3,2,62,0,1,NULL,NULL,2,0,1,50
201900040283,22,6,2019,12:40:00,1,7,07192,1,1,1,2,"Route départementale 214","45,0807940","4,4591510",201900040283,138 230 406,A01,1,1,0,0,4,1,5,NULL,201900040283,138 230 406,A01,1,1,4,1,1970,5,2,-1,-1,0,0,-1,201900040283,3,214,NULL,NULL,2,2,0,2,11,900,3,NULL,NULL,1,0,1,80
201900040283,22,6,2019,12:40:00,1,7,07192,1,1,1,2,"Route départementale 214","45,0807940","4,4591510",201900040283,138 230 406,A01,1,1,0,0,4,1,5,NULL,201900040283,138 230 407,B01,1,1,1,1,1957,5,2,6,-1,0,0,-1,201900040283,3,214,NULL,NULL,2,2,0,2,11,900,3,NULL,NULL,1,0,1,80
201900040419,2,11,2019,16:55:00,1,93,93066,2,1,1,3,""LANDY RD 20, NR IMPAIRS 1 A 144"","48,9158000","2,3624000",201900040419,138 230 148,B01,0,1,0,2,3,19,5,NULL,201900040419,138 230 147,A01,1,1,1,1,1983,4,1,0,-1,-1," -1",-1,201900040419,3,20,0,NULL,2,3,3,1,0,1,1,NULL,NULL,1,0,1,50
201900040419,2,11,2019,16:55:00,1,93,93066,2,1,1,3,""LANDY RD 20, NR IMPAIRS 1 A 144"","48,9158000","2,3624000",201900040419,138 230 148,B01,0,1,0,2,3,19,5,NULL,201900040419,138 230 148,B01,1,1,4,1,1978,3,8,0,-1,-1," -1",-1,201900040419,3,20,0,NULL,2,3,3,1,0,1,1,NULL,NULL,1,0,1,50
201900041138,30,8,2019,18:30:00,1,75,75112,2,1,1,3,"AVENUE DU TREMBLAY","48,8394720","2,4506595",201900041138,138 228 831,B01,3,1,0,2,1,19,5,NULL,201900041138,138 228 831,B01,1,1,4,1,1961,0,2,0,-1,0,0,-1,201900041138,4,"AVENUE DU TREMBLAY",0,NULL,3,4,0,1,0,0,1,NULL,NULL,1,0,1,50
201900041138,30,8,2019,18:30:00,1,75,75112,2,1,1,3,"AVENUE DU TREMBLAY","48,8394720","2,4506595",201900041138,138 228 831,B01,3,1,0,2,1,19,5,NULL,201900041138,138 228 832,A01,1,1,1,2,1991,1,1,8,-1,0,0,-1,201900041138,4,"AVENUE DU TREMBLAY",0,NULL,3,4,0,1,0,0,1,NULL,NULL,1,0,1,50
201900041372,5,4,2019,16:00:00,1,94,94011,2,1,1,3,"GROSS(RUE AUGUSTE)","48,7667000","2,4833000",201900041372,138 228 394,B01,2,1,0,2,3,2,5,NULL,201900041372,138 228 394,B01,1,1,4,1,1976,5,8,0,-1,-1,0,-1,201900041372,4,"GROSS(RUE AUGUSTE)",0,NULL,2,2,0,1,0,0,1,NULL,NULL,1,0,1,30
201900041372,5,4,2019,16:00:00,1,94,94011,2,1,1,3,"GROSS(RUE AUGUSTE)","48,7667000","2,4833000",201900041372,138 228 394,B01,2,1,0,2,3,2,5,NULL,201900041372,138 228 395,A01,1,1,1,1,1989,5,1,0,-1,-1,0,-1,201900041372,4,"GROSS(RUE AUGUSTE)",0,NULL,2,2,0,1,0,0,1,NULL,NULL,1,0,1,30
201900042048,6,5,2019,16:55:00,1,93,93070,2,1,1,3,"MICHELET(AV):N°1AU 103","48,9105200","2,3441200",201900042048,138 227 144,B01,0,1,0,2,1,18,0,NULL,201900042048,138 227 144,B01,2,1,4,2,1990,1,2,8,-1,-1," -1",-1,201900042048,4,"MICHELET(AV):N°1AU 103",0,NULL,-1,1,0,1,0,0,1,NULL,NULL,1,0,1,50
201900042048,6,5,2019,16:55:00,1,93,93070,2,1,1,3,"MICHELET(AV):N°1AU 103","48,9105200","2,3441200",201900042048,138 227 144,B01,0,1,0,2,1,18,0,NULL,201900042048,138 227 145,A01,1,1,1,2,1980,9,1,0,-1,-1," -1",-1,201900042048,4,"MICHELET(AV):N°1AU 103",0,NULL,-1,1,0,1,0,0,1,NULL,NULL,1,0,1,50
201900042058,17,5,2019,09:00:00,1,93,93066,2,1,1,2,"WILSON (AVENUE DU PRESIDENT)","48,9024700","2,3589900",201900042058,138 227 129,B01,1,1,1,0,1,1,0,NULL,201900042058,138 227 128,A01,1,1,1,1,1966,4,1,0,-1,-1," -1",-1,201900042058,3,931,0,NULL,1,2,0,1,0,1,1,NULL,NULL,2,0,1,50
201900042058,17,5,2019,09:00:00,1,93,93066,2,1,1,2,"WILSON (AVENUE DU PRESIDENT)","48,9024700","2,3589900",201900042058,138 227 129,B01,1,1,1,0,1,1,0,NULL,201900042058,138 227 129,B01,2,1,4,1,1972,1,2,6,-1,-1," -1",-1,201900042058,3,931,0,NULL,1,2,0,1,0,1,1,NULL,NULL,2,0,1,50
201900046426,27,9,2019,13:25:00,1,974,97407,2,1,1,3,"ROUTE DU SACRE COEUR"," -20,9561100","55,3122200",201900046426,138 218 731,B01,3,1,0,2,2,26,6,NULL,201900046426,138 218 731,B01,2,2,1,2,2005,2,8,0,-1,-1,0,-1,201900046426,2,1,0,E,1,2,0,1,0,0,1,NULL,NULL,1,0,1,50
201900046426,27,9,2019,13:25:00,1,974,97407,2,1,1,3,"ROUTE DU SACRE COEUR"," -20,9561100","55,3122200",201900046426,138 218 731,B01,3,1,0,2,2,26,6,NULL,201900046426,138 218 731,B01,1,1,4,1,2007,2,8,0,-1,-1,0,-1,201900046426,2,1,0,E,1,2,0,1,0,0,1,NULL,NULL,1,0,1,50
201900046426,27,9,2019,13:25:00,1,974,97407,2,1,1,3,"ROUTE DU SACRE COEUR"," -20,9561100","55,3122200",201900046426,138 218 731,B01,3,1,0,2,2,26,6,NULL,201900046426,138 218 732,A01,1,1,1,2,1984,9,1,8,-1,-1," -1",-1,201900046426,2,1,0,E,1,2,0,1,0,0,1,NULL,NULL,1,0,1,50
201900047314,28,5,2019,12:30:00,1,84,84142,1,3,1,3,"Route de l'Isle Sur la Sorgue","43,9743290","5,0388100",201900047314,138 217 082,B01,3,1,0,2,8,15,5,NULL,201900047314,138 217 082,B01,1,1,3,1,1937,1,0,-1,-1,0,0,-1,201900047314,3,938,NULL,D,2,2,0,1,34,0,2,NULL,NULL,1,0,1,80
201900047314,28,5,2019,12:30:00,1,84,84142,1,3,1,3,"Route de l'Isle Sur la Sorgue","43,9743290","5,0388100",201900047314,138 217 082,B01,3,1,0,2,8,15,5,NULL,201900047314,138 217 083,A01,1,1,1,2,1988,0,1,-1,-1,0,0,-1,201900047314,3,938,NULL,D,2,2,0,1,34,0,2,NULL,NULL,1,0,1,80
201900049807,30,10,2019,16:00:00,1,59,59478,2,1,1,3,"125 Faubourg de Cassel","50,9594650","2,4336500",201900049807,138 212 460,A01,1,1,0,2,8,25,5,NULL,201900049807,138 212 459,B01,1,1,1,1,1982,4,1,-1,-1,0,0,-1,201900049807,3,916,NULL,NULL,2,2,0,1,(1),(1),1,NULL,NULL,1,9,1,50
201900049807,30,10,2019,16:00:00,1,59,59478,2,1,1,3,"125 Faubourg de Cassel","50,9594650","2,4336500",201900049807,138 212 460,A01,1,1,0,2,8,25,5,NULL,201900049807,138 212 460,A01,1,1,3,1,2007,5,0,-1,-1,0,0,-1,201900049807,3,916,NULL,NULL,2,2,0,1,(1),(1),1,NULL,NULL,1,9,1,50
201900055458,18,9,2019,17:30:00,1,63,63180,2,1,1,1,"RD1093 Face école","45,8636300","3,3020870",201900055458,138 201 815,B01,1,1,0,2,3,1,5,NULL,201900055458,138 201 815,B01,1,1,4,1,1988,5,2,-1,-1,0,0,-1,201900055458,3,1093,0,NULL,2,2,0,1,25,250,1,NULL,NULL,1,0,1,50
201900055458,18,9,2019,17:30:00,1,63,63180,2,1,1,1,"RD1093 Face école","45,8636300","3,3020870",201900055458,138 201 815,B01,1,1,0,2,3,1,5,NULL,201900055458,138 201 816,A01,1,1,1,2,1990,5,8,-1,-1,0,0,-1,201900055458,3,1093,0,NULL,2,2,0,1,25,250,1,NULL,NULL,1,0,1,50
201900056753,18,6,2019,19:30:00,1,75,75115,2,3,1,3,"BOULEVARD VICTOR","48,8335020","2,2865560",201900056753,138 199 432,B01,1,1,0,2,1,1,5,NULL,201900056753,138 199 432,B01,1,1,4,1,1986,1,8,0,-1,0,0,-1,201900056753,4,"BOULEVARD VICTOR",0,NULL,1,2,1,1,0,0,1,NULL,NULL,1,0,5,50
201900056753,18,6,2019,19:30:00,1,75,75115,2,3,1,3,"BOULEVARD VICTOR","48,8335020","2,2865560",201900056753,138 199 432,B01,1,1,0,2,1,1,5,NULL,201900056753,138 199 435,A01,1,1,1,1,1960,4,8,0,-1,0,0,-1,201900056753,4,"BOULEVARD VICTOR",0,NULL,1,2,1,1,0,0,1,NULL,NULL,1,0,5,50
201900009743,25,3,2019,18:24:00,1,82,82019,1,3,1,5,"3886-3936 Route des 2 Mers","44,0920830","1,0090050",201900009743,138 288 290,B01,2,1,13,2,4,2,5,NULL,201900009743,138 288 289,A01,1,1,4,1,1982,1,1,-1,-1,0,0,-1,201900009743,3,813,NULL,NULL,2,2,0,1,41,966,1,NULL,NULL,1,0,1,80
201900009743,25,3,2019,18:24:00,1,82,82019,1,3,1,5,"3886-3936 Route des 2 Mers","44,0920830","1,0090050",201900009743,138 288 290,B01,2,1,13,2,4,2,5,NULL,201900009743,138 288 290,B01,1,1,2,1,2002,5,0,-1,-1,0,0,-1,201900009743,3,813,NULL,NULL,2,2,0,1,41,966,1,NULL,NULL,1,0,1,80
201900009743,25,3,2019,18:24:00,1,82,82019,1,3,1,5,"3886-3936 Route des 2 Mers","44,0920830","1,0090050",201900009743,138 288 290,B01,2,1,13,2,4,2,5,NULL,201900009743,138 288 291,C01,1,1,1,1,1994,4,1,-1,-1,0,0,-1,201900009743,3,813,NULL,NULL,2,2,0,1,41,966,1,NULL,NULL,1,0,1,80
201900012197,19,4,2019,07:40:00,1,94,94076,2,9,1,6,"DAUPHIN (R)","48,8057000","2,3637900",201900012197,138 283 768,A01,3,1,0,2,3,0,0,NULL,201900012197,138 283 768,A01,1,1,4,1,1996,1,2,0,-1,-1,0,-1,201900012197,4,"DAUPHIN (R)",0,NULL,1,1,1,1,0,0,1,NULL,NULL,1,0,1,50
201900012197,19,4,2019,07:40:00,1,94,94076,2,9,1,6,"DAUPHIN (R)","48,8057000","2,3637900",201900012197,138 283 768,A01,3,1,0,2,3,0,0,NULL,201900012197,138 283 769,B01,1,1,1,1,1980,1,1,8,-1,-1,0,-1,201900012197,4,"DAUPHIN (R)",0,NULL,1,1,1,1,0,0,1,NULL,NULL,1,0,1,50
201900013476,19,3,2019,12:05:00,1,62,62318,2,1,1,2,"boulevard billet","50,5173080","1,6400020",201900013476,138 281 364,B01,0,1,0,2,1,2,5,NULL,201900013476,138 281 363,A01,1,1,1,2,1957,1,1,-1,-1,0,0,-1,201900013476,3,939,0,D,2,2,0,1,(1),(1),1,NULL,NULL,1,0,1,50
201900013476,19,3,2019,12:05:00,1,62,62318,2,1,1,2,"boulevard billet","50,5173080","1,6400020",201900013476,138 281 364,B01,0,1,0,2,1,2,5,NULL,201900013476,138 281 364,B01,1,1,3,1,2001,5,2,-1,-1,0,0,-1,201900013476,3,939,0,D,2,2,0,1,(1),(1),1,NULL,NULL,1,0,1,50
201900014909,30,12,2019,09:10:00,1,75,75115,2,1,1,3,"RUE DE LA PORTE D ISSY","48,8326491","2,2814197",201900014909,138 278 586,B01,1,1,0,2,1,1,5,NULL,201900014909,138 278 585,A01,1,1,4,1,1966,1,2,6,-1,0,0,-1,201900014909,4,"RUE DE LA PORTE D ISSY",0,NULL,2,5,1,1,36,0,1,NULL,NULL,1,2,5,30
201900014909,30,12,2019,09:10:00,1,75,75115,2,1,1,3,"RUE DE LA PORTE D ISSY","48,8326491","2,2814197",201900014909,138 278 586,B01,1,1,0,2,1,1,5,NULL,201900014909,138 278 586,B01,1,1,1,1,1995,1,2,8,-1,0,0,-1,201900014909,4,"RUE DE LA PORTE D ISSY",0,NULL,2,5,1,1,36,0,1,NULL,NULL,1,2,5,30
201900018113,21,5,2019,10:20:00,1,69,69383,2,2,1,6,"FELIX FAURE                         (AV)","45,7528813","4,8534606",201900018113,138 272 528,A01,3,1,0,1,1,16,5,NULL,201900018113,138 272 528,A01,1,1,1,1,1984,9,8,0,-1,-1,0,-1,201900018113,4,"FELIX FAURE                         (AV)",0,NULL,1,1,3,1,0,0,1,NULL,NULL,1,5,1,50
201900018113,21,5,2019,10:20:00,1,69,69383,2,2,1,6,"FELIX FAURE                         (AV)","45,7528813","4,8534606",201900018113,138 272 528,A01,3,1,0,1,1,16,5,NULL,201900018113,138 272 528,A01,10,3,4,2,1922,5,8,0,-1,4,3,1,201900018113,4,"FELIX FAURE                         (AV)",0,NULL,1,1,3,1,0,0,1,NULL,NULL,1,5,1,50
201900018519,14,3,2019,09:00:00,1,75,75114,2,1,2,3,"RUE VERCINGETORIX","48,8346060","2,3140320",201900018519,138 271 806,B01,2,1,0,2,1,1,5,NULL,201900018519,138 271 805,A01,1,1,1,1,1975,4,1,0,-1,0,0,-1,201900018519,4,"RUE VERCINGETORIX",0,NULL,1,1,1,1,0,0,1,NULL,NULL,2,0,5,50
201900018519,14,3,2019,09:00:00,1,75,75114,2,1,2,3,"RUE VERCINGETORIX","48,8346060","2,3140320",201900018519,138 271 806,B01,2,1,0,2,1,1,5,NULL,201900018519,138 271 806,B01,1,1,4,1,1975,1,2,0,-1,0,0,-1,201900018519,4,"RUE VERCINGETORIX",0,NULL,1,1,1,1,0,0,1,NULL,NULL,2,0,5,50
201900019363,26,4,2019,11:50:00,1,42,42324,1,1,1,4,"Rue de l'Étang Nicolas","45,5552590","4,2312040",201900019363,138 270 241,B01,1,1,0,2,4,2,0,NULL,201900019363,138 270 240,A01,1,1,1,1,1988,1,0,-1,-1,0,0,-1,201900019363,3,108,0,NULL,2,2,0,1,(1),(1),1,NULL,NULL,1,0,1,70
201900019363,26,4,2019,11:50:00,1,42,42324,1,1,1,4,"Rue de l'Étang Nicolas","45,5552590","4,2312040",201900019363,138 270 241,B01,1,1,0,2,4,2,0,NULL,201900019363,138 270 241,B01,1,1,2,2,1997,5,2,-1,-1,0,0,-1,201900019363,3,108,0,NULL,2,2,0,1,(1),(1),1,NULL,NULL,1,0,1,70
201900019363,26,4,2019,11:50:00,1,42,42324,1,1,1,4,"Rue de l'Étang Nicolas","45,5552590","4,2312040",201900019363,138 270 241,B01,1,1,0,2,4,2,0,NULL,201900019363,138 270 242,C01,1,1,1,1,1982,5,1,-1,-1,0,0,-1,201900019363,3,108,0,NULL,2,2,0,1,(1),(1),1,NULL,NULL,1,0,1,70
201900020776,13,10,2019,01:05:00,5,33,33063,2,3,8,3,"BD MARECHAL LECLERC","44,8298800"," -0,5960400",201900020776,138 267 553,B01,0,1,0,2,1,1,5,NULL,201900020776,138 267 552,A01,2,2,4,2,1991,0,2,0,-1,-1," -1",-1,201900020776,4,"BD MARECHAL LECLERC",0,NULL,2,6,2,2,0,0,1,NULL,NULL,1,0,1,50
201900020776,13,10,2019,01:05:00,5,33,33063,2,3,8,3,"BD MARECHAL LECLERC","44,8298800"," -0,5960400",201900020776,138 267 553,B01,0,1,0,2,1,1,5,NULL,201900020776,138 267 552,A01,1,1,3,1,1993,0,2,0,-1,-1," -1",-1,201900020776,4,"BD MARECHAL LECLERC",0,NULL,2,6,2,2,0,0,1,NULL,NULL,1,0,1,50
201900020776,13,10,2019,01:05:00,5,33,33063,2,3,8,3,"BD MARECHAL LECLERC","44,8298800"," -0,5960400",201900020776,138 267 553,B01,0,1,0,2,1,1,5,NULL,201900020776,138 267 553,B01,1,1,3,1,1979,5,8,0,-1,-1," -1",-1,201900020776,4,"BD MARECHAL LECLERC",0,NULL,2,6,2,2,0,0,1,NULL,NULL,1,0,1,50
201900021542,2,8,2019,18:30:00,1,14,14752,2,4,1,3,"Route de Saint-Louet","49,0830390"," -0,6540390",201900021542,138 266 103,A01,1,1,0,2,8,19,5,NULL,201900021542,138 266 102,B01,1,1,1,2,1973,5,1,-1,-1,0,0,-1,201900021542,3,33,NULL,NULL,2,2,0,2,159,318,1,NULL,NULL,1,0,1,50
201900021542,2,8,2019,18:30:00,1,14,14752,2,4,1,3,"Route de Saint-Louet","49,0830390"," -0,6540390",201900021542,138 266 103,A01,1,1,0,2,8,19,5,NULL,201900021542,138 266 103,A01,1,1,3,1,1981,3,0,-1,-1,0,0,-1,201900021542,3,33,NULL,NULL,2,2,0,2,159,318,1,NULL,NULL,1,0,1,50
201900021898,12,3,2019,15:50:00,1,75,75103,2,4,1,6,"RUE DU TEMPLE","48,8660780","2,3611240",201900021898,138 265 392,B01,1,1,0,2,1,17,5,NULL,201900021898,138 265 391,A01,1,1,4,1,1995,5,1,0,-1,0,0,-1,201900021898,4,"RUE DU TEMPLE",0,NULL,1,3,0,1,0,0,1,NULL,NULL,1,0,1,50
201900021898,12,3,2019,15:50:00,1,75,75103,2,4,1,6,"RUE DU TEMPLE","48,8660780","2,3611240",201900021898,138 265 392,B01,1,1,0,2,1,17,5,NULL,201900021898,138 265 392,B01,1,1,4,2,1957,5,8,8,-1,0,0,-1,201900021898,4,"RUE DU TEMPLE",0,NULL,1,3,0,1,0,0,1,NULL,NULL,1,0,1,50