Num_Acc,jour,mois,an,hrmn,lum,dep,com,agg,int,atm,col,adr,lat,long,Num_Acc,id_vehicule,num_veh,senc,catv,obs,obsm,choc,manv,motor,occutc,Num_Acc,id_vehicule,num_veh,place,catu,grav,sexe,an_nais,trajet,secu1,secu2,secu3,locp,actp,etatp,Num_Acc,catr,voie,v1,v2,circ,nbv,vosp,prof,pr,pr1,plan,lartpc,larrout,surf,infra,situ,vma
201900024840,14,4,2019,13:25:00,1,94,94067,2,1,1,3,"GUYANE (Bd. de la)","48,8356433","2,4126899",201900024840,138 259 599,B01,2,1,0,2,1,1,5,NULL,201900024840,138 259 598,A01,1,1,1,2,1968,5,1,8,-1,-1,0,-1,201900024840,4,"GUYANE (Bd. de la)",0,NULL,2,2,0,3,0,0,1,NULL,NULL,1,0,1,50
201900024840,14,4,2019,13:25:00,1,94,94067,2,1,1,3,"GUYANE (Bd. de la)","48,8356433","2,4126899",201900024840,138 259 599,B01,2,1,0,2,1,1,5,NULL,201900024840,138 259 599,B01,1,1,4,2,1963,5,2,0,-1,-1,0,-1,201900024840,4,"GUYANE (Bd. de la)",0,NULL,2,2,0,3,0,0,1,NULL,NULL,1,0,1,50
201900026909,30,7,2019,11:00:00,1,21,21501,2,1,1,2,"2 Place des Alliés","47,2615050","4,5570980",201900026909,138 255 701,A01,1,1,0,2,1,1,5,NULL,201900026909,138 255 700,B01,2,2,1,2,1983,5,1,-1,-1,0,0,-1,201900026909,3,977,2,NULL,2,2,0,1,29,200,1,NULL,NULL,1,0,5,30
201900026909,30,7,2019,11:00:00,1,21,21501,2,1,1,2,"2 Place des Alliés","47,2615050","4,5570980",201900026909,138 255 701,A01,1,1,0,2,1,1,5,NULL,201900026909,138 255 700,B01,1,1,1,1,1981,5,1,-1,-1,0,0,-1,201900026909,3,977,2,NULL,2,2,0,1,29,200,1,NULL,NULL,1,0,5,30
201900026909,30,7,2019,11:00:00,1,21,21501,2,1,1,2,"2 Place des Alliés","47,2615050","4,5570980",201900026909,138 255 701,A01,1,1,0,2,1,1,5,NULL,201900026909,138 255 701,A01,1,1,4,1,2004,5,2,-1,-1,0,0,-1,201900026909,3,977,2,NULL,2,2,0,1,29,200,1,NULL,NULL,1,0,5,30
201900027323,28,4,2019,20:10:00,1,51,51454,2,6,1,3,"RUE DE LA DOUZIEME ESCADRE D'AVIATION","49,2747070","4,0331549",201900027323,138 254 895,B01,1,1,0,2,7,1,0,NULL,201900027323,138 254 895,B01,1,1,3,1,1970,5,2,0,-1,-1,0,-1,201900027323,4,"RUE DE LA DOUZIEME ESCADRE D'AVIATION",0,NULL,-1,2,0,1,0,0,2,NULL,NULL,1,9,1,50
201900027323,28,4,2019,20:10:00,1,51,51454,2,6,1,3,"RUE DE LA DOUZIEME ESCADRE D'AVIATION","49,2747070","4,0331549",201900027323,138 254 895,B01,1,1,0,2,7,1,0,NULL,201900027323,138 254 896,A01,1,1,1,1,1971,5,1,0,-1,-1,0,-1,201900027323,4,"RUE DE LA DOUZIEME ESCADRE D'AVIATION",0,NULL,-1,2,0,1,0,0,2,NULL,NULL,1,9,1,50
201900030244,21,6,2019,09:40:00,1,73,73065,1,3,1,1,"D912 ROUSSEAU JEAN JACQUES (RUE)","45,5607640","5,9308855",201900030244,138 249 416,A01,1,1,0,2,1,5,5,NULL,201900030244,138 249 416,A01,1,1,4,1,1974,5,2,0,-1,0,0,-1,201900030244,3,912,0,NULL,2,2,0,2,32,360,1,NULL,NULL,1,0,1,50
201900030244,21,6,2019,09:40:00,1,73,73065,1,3,1,1,"D912 ROUSSEAU JEAN JACQUES (RUE)","45,5607640","5,9308855",201900030244,138 249 416,A01,1,1,0,2,1,5,5,NULL,201900030244,138 249 417,B01,1,1,1,2,1986,5,1,0,-1,0,0,-1,201900030244,3,912,0,NULL,2,2,0,2,32,360,1,NULL,NULL,1,0,1,50
201900030885,10,5,2019,18:25:00,1,34,34172,2,1,1,6,"SAINT LOUIS (RUE)","43,6108300","3,8666400",201900030885,138 248 268,A01,0,1,0,1,2,1,5,NULL,201900030885,138 248 268,A01,10,3,4,2,1965,0,8,0,-1,9,1,2,201900030885,4,"SAINT LOUIS (RUE)",0,NULL,1,1,0,1,(1),(1),1,NULL,NULL,1,0,1,50
201900030885,10,5,2019,18:25:00,1,34,34172,2,1,1,6,"SAINT LOUIS (RUE)","43,6108300","3,8666400",201900030885,138 248 268,A01,0,1,0,1,2,1,5,NULL,201900030885,138 248 268,A01,1,1,1,1,1993,0,8,0,-1,0,0,-1,201900030885,4,"SAINT LOUIS (RUE)",0,NULL,1,1,0,1,(1),(1),1,NULL,NULL,1,0,1,50
201900030966,22,5,2019,17:25:00,1,32,32013,2,1,1,7,"CLAUDE DESBONS (PROMENADE)","43,6556700","0,5923600",201900030966,138 248 119,A01,3,1,15,0,1,16,5,NULL,201900030966,138 248 119,A01,1,1,4,2,1969,9,8,0,-1,0,0,-1,201900030966,5,"CLAUDE DESBONS (PROMENADE)",0,NULL,2,1,3,1,0,0,1,NULL,NULL,9,9,1,30
201900031657,22,1,2019,20:34:00,5,37,37261,2,1,2,7,"MAGINOT (AV. ANDRE)","47,4130000","0,6860000",201900031657,138 246 835,A01,2,1,0,0,1,1,5,NULL,201900031657,138 246 835,A01,1,1,4,1,1981,1,2,6,-1,-1,0,-1,201900031657,4,"MAGINOT (AV. ANDRE)",0,NULL,3,2,0,1,0,0,1,NULL,NULL,2,0,1,50
201900032097,2,9,2019,20:00:00,2,94,94046,2,1,1,3,"GENERAL LECLERC (AV DU)","48,8118200","2,4297100",201900032097,138 245 998,B01,2,1,1,0,2,2,5,NULL,201900032097,138 245 998,B01,1,1,3,1,1966,0,2,0,-1,-1,0,-1,201900032097,3,19,0,NULL,1,2,0,1,0,0,1,NULL,NULL,1,0,1,50
201900032097,2,9,2019,20:00:00,2,94,94046,2,1,1,3,"GENERAL LECLERC (AV DU)","48,8118200","2,4297100",201900032097,138 245 998,B01,2,1,1,0,2,2,5,NULL,201900032097,138 245 999,A01,1,1,1,2,1967,0,8,0,-1,-1,0,-1,201900032097,3,19,0,NULL,1,2,0,1,0,0,1,NULL,NULL,1,0,1,50
201900033930,3,3,2019,12:05:00,1,29,29232,2,1,3,3,"PONT L'ABBE ROUTE DE","47,9808333"," -4,1212528",201900033930,138 242 439,B01,2,1,0,2,3,1,5,NULL,201900033930,138 242 439,B01,1,1,4,1,1977,5,2,8,-1,0,0,-1,201900033930,4,"PONT L'ABBE ROUTE DE",0,NULL,2,2,0,1,0,0,1,NULL,NULL,2,0,1,50
201900033930,3,3,2019,12:05:00,1,29,29232,2,1,3,3,"PONT L'ABBE ROUTE DE","47,9808333"," -4,1212528",201900033930,138 242 439,B01,2,1,0,2,3,1,5,NULL,201900033930,138 242 440,A01,1,1,1,2,1951,3,1,8,-1,0,0,-1,201900033930,4,"PONT L'ABBE ROUTE DE",0,NULL,2,2,0,1,0,0,1,NULL,NULL,2,0,1,50
201900035858,9,4,2019,08:30:00,1,75,75117,2,3,1,3,"RUE BERZELIUS","48,8945030","2,3198180",201900035858,138 238 661,A01,2,1,0,2,0,1,5,NULL,201900035858,138 238 661,A01,1,1,4,1,1989,0,8,0,-1,0,0,-1,201900035858,4,"RUE BERZELIUS",0,NULL,1,2,0,1,0,0,1,NULL,NULL,1,0,1,30
201900035858,9,4,2019,08:30:00,1,75,75117,2,3,1,3,"RUE BERZELIUS","48,8945030","2,3198180",201900035858,138 238 661,A01,2,1,0,2,0,1,5,NULL,201900035858,138 238 662,B01,1,1,1,1,1970,9,1,0,-1,0,0,-1,201900035858,4,"RUE BERZELIUS",0,NULL,1,2,0,1,0,0,1,NULL,NULL,1,0,1,30
201900036990,10,5,2019,05:45:00,2,987,98758,2,1,1,1,"en face du lycée public"," -16,7398040"," -151,4570020",201900036990,138 236 526,B01,3,1,0,2,1,26,5,NULL,201900036990,138 236 526,B01,1,1,3,1,1997,1,0,-1,-1,0,0,-1,201900036990,4,NULL,NULL,NULL,2,2,0,1,(1),(1),1,NULL,NULL,1,0,1,40
201900036990,10,5,2019,05:45:00,2,987,98758,2,1,1,1,"en face du lycée public"," -16,7398040"," -151,4570020",201900036990,138 236 526,B01,3,1,0,2,1,26,5,NULL,201900036990,138 236 527,A01,1,1,1,1,1974,1,1,-1,-1,0,0,-1,201900036990,4,NULL,NULL,NULL,2,2,0,1,(1),(1),1,NULL,NULL,1,0,1,40
201900037429,28,8,2019,13:21:00,1,49,49007,2,1,1,3,"CARMES QUAI ET RUE","47,4732900"," -0,5585800",201900037429,138 235 643,B01,1,1,0,2,8,0,5,NULL,201900037429,138 235 643,B01,1,1,4,1,1995,0,8,0,-1,-1,0,-1,201900037429,4,"CARMES QUAI ET RUE",0,NULL,2,2,0,1,0,0,1,NULL,NULL,1,0,1,60
201900037429,28,8,2019,13:21:00,1,49,49007,2,1,1,3,"CARMES QUAI ET RUE","47,4732900"," -0,5585800",201900037429,138 235 643,B01,1,1,0,2,8,0,5,NULL,201900037429,138 235 644,A01,1,1,4,1,1966,0,2,8,-1,-1," -1",-1,201900037429,4,"CARMES QUAI ET RUE",0,NULL,2,2,0,1,0,0,1,NULL,NULL,1,0,1,60
201900037591,26,2,2019,17:05:00,1,17,17300,2,2,1,6,"FROMENTIN   RUE EUGENE","46,1603200"," -1,1541200",201900037591,138 235 347,A01,3,1,6,0,1,1,5,NULL,201900037591,138 235 347,A01,1,1,4,1,1943,5,8,0,-1,-1," -1",-1,201900037591,4,"FROMENTIN   RUE EUGENE",0,NULL,1,1,0,1,0,0,1,NULL,NULL,1,5,1,30
201900037591,26,2,2019,17:05:00,1,17,17300,2,2,1,6,"FROMENTIN   RUE EUGENE","46,1603200"," -1,1541200",201900037591,138 235 347,A01,3,1,6,0,1,1,5,NULL,201900037591,138 235 347,A01,10,3,1,1,2001,5,8,0,-1,1,3,1,201900037591,4,"FROMENTIN   RUE EUGENE",0,NULL,1,1,0,1,0,0,1,NULL,NULL,1,5,1,30
201900042089,8,1,2019,16:30:00,1,84,84007,2,3,1,6,"AMANDIER (Avenue de l')","43,9317000","4,8472800",201900042089,138 227 059,B01,3,1,0,0,8,1,5,NULL,201900042089,138 227 059,B01,1,1,3,1,1999,5,2,0,-1,-1," -1",-1,201900042089,4,"AMANDIER (Avenue de l')",0,NULL,2,2,0,1,0,1,1,NULL,NULL,1,0,1,50
201900042089,8,1,2019,16:30:00,1,84,84007,2,3,1,6,"AMANDIER (Avenue de l')","43,9317000","4,8472800",201900042089,138 227 059,B01,3,1,0,0,8,1,5,NULL,201900042089,138 227 060,A01,1,1,1,2,1987,5,8,0,-1,-1," -1",-1,201900042089,4,"AMANDIER (Avenue de l')",0,NULL,2,2,0,1,0,1,1,NULL,NULL,1,0,1,50
201900042997,27,8,2019,10:25:00,1,77,77051,2,3,1,3,"Rue Pasteur","48,4099940","3,2344814",201900042997,138 225 283,A01,3,1,0,2,4,1,5,NULL,201900042997,138 225 283,A01,1,1,4,1,1997,5,0,-1,-1,0,0,-1,201900042997,4,NULL,NULL,NULL,2,2,0,1,(1),(1),1,NULL,NULL,1,0,1,50
201900045289,17,7,2019,18:30:00,1,23,23245,1,6,1,2,RD47,"46,2004040","1,8276230",201900045289,138 220 924,B01,1,1,0,2,8,26,5,NULL,201900045289,138 220 923,A01,1,1,1,1,1938,5,1,-1,-1,0,0,-1,201900045289,3,47,NULL,NULL,1,1,0,1,0,1,2,NULL,NULL,1,9,1,80
201900045289,17,7,2019,18:30:00,1,23,23245,1,6,1,2,RD47,"46,2004040","1,8276230",201900045289,138 220 924,B01,1,1,0,2,8,26,5,NULL,201900045289,138 220 924,B01,1,1,4,2,1979,5,0,-1,-1,0,0,-1,201900045289,3,47,NULL,NULL,1,1,0,1,0,1,2,NULL,NULL,1,9,1,80
201900046025,23,2,2019,17:05:00,1,45,45298,2,3,1,3,"RUE DES 4 TOURELLES - R DE SAINT PRYVE","47,8871000","1,8768800",201900046025,138 219 515,B01,1,1,0,2,2,23,5,NULL,201900046025,138 219 515,B01,1,1,4,1,1963,5,2,8,-1,0,0,-1,201900046025,4,"RUE DES QUATRE TOURELLES",0,NULL,2,2,0,1,(1),(1),1,NULL,NULL,1,0,1,50
201900046025,23,2,2019,17:05:00,1,45,45298,2,3,1,3,"RUE DES 4 TOURELLES - R DE SAINT PRYVE","47,8871000","1,8768800",201900046025,138 219 515,B01,1,1,0,2,2,23,5,NULL,201900046025,138 219 516,A01,1,1,1,1,1973,5,1,0,-1,-1," -1",-1,201900046025,4,"RUE DES QUATRE TOURELLES",0,NULL,2,2,0,1,(1),(1),1,NULL,NULL,1,0,1,50
201900050927,27,5,2019,17:45:00,1,31,31107,2,1,1,7,"Chemin de Laveran","43,2845580","1,1884700",201900050927,138 210 407,A01,0,1,0,0,0,0,0,NULL,201900050927,138 210 407,A01,1,1,4,1,2005,5,2,-1,-1,0,0,-1,201900050927,4,1,0,NULL,2,2,0,1,0,0,1,NULL,NULL,1,4,1,50
201900052245,29,3,2019,07:35:00,1,44,44109,2,1,1,5,"FOSSE ( QUAI DE LA )","47,2070200"," -1,5723000",201900052245,138 207 865,B01,0,1,0,2,0,19,5,NULL,201900052245,138 207 865,B01,1,1,3,1,1989,1,2,0,-1,0,0,-1,201900052245,7,NULL,0,NULL,3,0,0,1,1,0,1,NULL,NULL,1,0,1,50
201900052245,29,3,2019,07:35:00,1,44,44109,2,1,1,5,"FOSSE ( QUAI DE LA )","47,2070200"," -1,5723000",201900052245,138 207 865,B01,0,1,0,2,0,19,5,NULL,201900052245,138 207 866,C01,1,1,1,2,1986,4,1,0,-1,0,0,-1,201900052245,7,NULL,0,NULL,3,0,0,1,1,0,1,NULL,NULL,1,0,1,50
201900052245,29,3,2019,07:35:00,1,44,44109,2,1,1,5,"FOSSE ( QUAI DE LA )","47,2070200"," -1,5723000",201900052245,138 207 865,B01,0,1,0,2,0,19,5,NULL,201900052245,138 207 867,A01,1,1,1,1,1985,4,1,0,-1,0,0,-1,201900052245,7,NULL,0,NULL,3,0,0,1,1,0,1,NULL,NULL,1,0,1,50
201900053119,14,2,2019,10:20:00,1,33,33063,2,2,1,1,"MOUNEYRA (RUE )","44,8289300"," -0,5913300",201900053119,138 206 148,A01,1,1,0,2,1,5,5,NULL,201900053119,138 206 147,B01,1,1,1,2,1940,0,1,0,-1,-1," -1",-1,201900053119,4,"MOUNEYRA (RUE )",0,NULL,1,1,0,1,0,0,1,NULL,NULL,1,0,1,50
201900053119,14,2,2019,10:20:00,1,33,33063,2,2,1,1,"MOUNEYRA (RUE )","44,8289300"," -0,5913300",201900053119,138 206 148,A01,1,1,0,2,1,5,5,NULL,201900053119,138 206 148,A01,2,2,3,2,2017,0,8,0,-1,-1," -1",-1,201900053119,4,"MOUNEYRA (RUE )",0,NULL,1,1,0,1,0,0,1,NULL,NULL,1,0,1,50
201900053119,14,2,2019,10:20:00,1,33,33063,2,2,1,1,"MOUNEYRA (RUE )","44,8289300"," -0,5913300",201900053119,138 206 148,A01,1,1,0,2,1,5,5,NULL,201900053119,138 206 148,A01,1,1,3,2,1987,0,2,0,-1,-1," -1",-1,201900053119,4,"MOUNEYRA (RUE )",0,NULL,1,1,0,1,0,0,1,NULL,NULL,1,0,1,50
201900058234,26,3,2019,02:20:00,5,75,75119,2,7,1,3,"PLACE DU COLONEL FABIEN","48,8777610","2,3705990",201900058234,138 196 737,A01,3,1,0,2,1,1,5,NULL,201900058234,138 196 736,B01,1,1,1,1,1976,0,1,0,-1,0,0,-1,201900058234,4,"PLACE DU COLONEL FABIEN",0,NULL,1,3,0,1,0,0,1,NULL,NULL,1,0,1,50
201900058234,26,3,2019,02:20:00,5,75,75119,2,7,1,3,"PLACE DU COLONEL FABIEN","48,8777610","2,3705990",201900058234,138 196 737,A01,3,1,0,2,1,1,5,NULL,201900058234,138 196 737,A01,1,1,4,1,1993,0,2,0,-1,0,0,-1,201900058234,4,"PLACE DU COLONEL FABIEN",0,NULL,1,3,0,1,0,0,1,NULL,NULL,1,0,1,50
201900058241,26,3,2019,07:20:00,1,75,75117,2,2,1,3,"RUE DE ROME","48,8856730","2,3168210",201900058241,138 196 722,A01,1,1,0,2,1,9,5,NULL,201900058241,138 196 722,A01,1,1,4,1,1986,1,2,0,-1,0,0,-1,201900058241,4,"RUE DE ROME",0,NULL,2,2,0,1,0,0,1,NULL,NULL,1,0,1,50
201900058241,26,3,2019,07:20:00,1,75,75117,2,2,1,3,"RUE DE ROME","48,8856730","2,3168210",201900058241,138 196 722,A01,1,1,0,2,1,9,5,NULL,201900058241,138 196 724,B01,1,1,1,1,1987,4,1,0,-1,0,0,-1,201900058241,4,"RUE DE ROME",0,NULL,2,2,0,1,0,0,1,NULL,NULL,1,0,1,50
201900010092,18,10,2019,13:15:00,1,94,94037,2,3,1,3,"PAUL VAILLANT COUTURIER (AV)","48,8164800","2,3380100",201900010092,138 287 670,B01,1,1,0,2,8,15,5,NULL,201900010092,138 287 669,A01,1,1,1,1,2003,0,2,0,-1,-1," -1",-1,201900010092,3,150,0,NULL,2,2,0,1,0,0,1,NULL,NULL,1,0,1,50
201900010092,18,10,2019,13:15:00,1,94,94037,2,3,1,3,"PAUL VAILLANT COUTURIER (AV)","48,8164800","2,3380100",201900010092,138 287 670,B01,1,1,0,2,8,15,5,NULL,201900010092,138 287 670,B01,1,1,3,1,2003,0,2,0,-1,-1,0,-1,201900010092,3,150,0,NULL,2,2,0,1,0,0,1,NULL,NULL,1,0,1,50
201900013858,11,10,2019,08:31:00,1,69,69383,2,2,1,3,"LACASSAGNE                          (AV)","45,7544500","4,8666400",201900013858,138 280 619,B01,1,1,0,2,3,1,0,NULL,201900013858,138 280 619,B01,1,1,2,2,1966,0,2,0,-1,-1," -1",-1,201900013858,4,"LACASSAGNE                          (AV)",0,NULL,2,3,3,1,0,0,1,NULL,NULL,1,0,1,50
201900013858,11,10,2019,08:31:00,1,69,69383,2,2,1,3,"LACASSAGNE                          (AV)","45,7544500","4,8666400",201900013858,138 280 619,B01,1,1,0,2,3,1,0,NULL,201900013858,138 280 620,A01,1,1,1,1,1988,4,8,0,-1,-1," -1",-1,201900013858,4,"LACASSAGNE                          (AV)",0,NULL,2,3,3,1,0,0,1,NULL,NULL,1,0,1,50
201900017929,3,7,2019,09:42:00,1,80,80582,1,1,1,3,"cd 38","49,8083400","2,1067620",201900017929,138 272 895,B01,3,1,1,0,1,2,5,NULL,201900017929,138 272 895,B01,1,1,4,1,2002,5,2,-1,-1,0,0,-1,201900017929,3,38,0,NULL,2,2,0,1,(1),(1),1,NULL,NULL,1,2,1,80
201900017929,3,7,2019,09:42:00,1,80,80582,1,1,1,3,"cd 38","49,8083400","2,1067620",201900017929,138 272 895,B01,3,1,1,0,1,2,5,NULL,201900017929,138 272 896,A01,1,1,1,1,1964,9,1,-1,-1,0,0,-1,201900017929,3,38,0,NULL,2,2,0,1,(1),(1),1,NULL,NULL,1,2,1,80
201900020713,29,1,2019,08:20:00,1,71,71076,2,1,1,6,"PARIS (AVENUE DE)","46,7879900","4,8499200",201900020713,138 267 672,B01,2,1,0,2,1,1,5,NULL,201900020713,138 267 672,B01,1,1,4,1,1979,0,2,0,-1,0,0,-1,201900020713,4,"PARIS (AVENUE DE)",0,NULL,2,2,2,1,0,0,1,NULL,NULL,1,0,1,50
201900020713,29,1,2019,08:20:00,1,71,71076,2,1,1,6,"PARIS (AVENUE DE)","46,7879900","4,8499200",201900020713,138 267 672,B01,2,1,0,2,1,1,5,NULL,201900020713,138 267 673,A01,1,1,1,2,1945,5,1,0,-1,0,0,-1,201900020713,4,"PARIS (AVENUE DE)",0,NULL,2,2,2,1,0,0,1,NULL,NULL,1,0,1,50
201900023028,16,4,2019,10:05:00,1,67,67482,1,1,1,6,"BOEUFS (RUE DES)","48,5779520","7,7524750",201900023028,138 263 243,B01,2,1,0,2,1,1,5,NULL,201900023028,138 263 243,B01,1,1,4,2,1976,0,2,0,-1,-1,0,-1,201900023028,4,"BOEUFS (RUE DES)",0,NULL,2,3,1,4,0,0,1,NULL,NULL,1,0,1,50
201900023028,16,4,2019,10:05:00,1,67,67482,1,1,1,6,"BOEUFS (RUE DES)","48,5779520","7,7524750",201900023028,138 263 243,B01,2,1,0,2,1,1,5,NULL,201900023028,138 263 244,A01,1,1,1,1,1955,4,8,0,-1,-1,0,-1,201900023028,4,"BOEUFS (RUE DES)",0,NULL,2,3,1,4,0,0,1,NULL,NULL,1,0,1,50
201900024206,6,7,2019,11:20:00,1,41,41018,2,1,1,3,"FONTAINE (RUE JEAN DE LA)","47,5802500","1,3004300",201900024206,138 260 840,B01,1,1,0,2,1,25,5,NULL,201900024206,138 260 840,B01,1,1,4,1,2007,5,8,0,-1,0," -1",-1,201900024206,4,"FONTAINE (RUE JEAN DE LA)",0,NULL,2,2,0,1,0,0,1,NULL,NULL,1,0,1,50
201900024206,6,7,2019,11:20:00,1,41,41018,2,1,1,3,"FONTAINE (RUE JEAN DE LA)","47,5802500","1,3004300",201900024206,138 260 840,B01,1,1,0,2,1,25,5,NULL,201900024206,138 260 841,A01,1,1,1,1,1990,5,8,0,-1,0," -1",-1,201900024206,4,"FONTAINE (RUE JEAN DE LA)",0,NULL,2,2,0,1,0,0,1,NULL,NULL,1,0,1,50
201900024951,29,6,2019,15:18:00,1,75,75112,2,3,1,3,"BOULEVARD DE PICPUS","48,8466130","2,4001820",201900024951,138 259 379,A01,0,1,0,2,7,15,5,NULL,201900024951,138 259 378,B01,1,1,4,1,1999,9,2,6,-1,0,0,-1,201900024951,4,"BOULEVARD DE PICPUS",0,NULL,-1,1,0,1,0,0,1,NULL,NULL,1,0,1,30
201900024951,29,6,2019,15:18:00,1,75,75112,2,3,1,3,"BOULEVARD DE PICPUS","48,8466130","2,4001820",201900024951,138 259 379,A01,0,1,0,2,7,15,5,NULL,201900024951,138 259 378,B01,2,2,4,2,2003,9,2,6,-1,0,0,-1,201900024951,4,"BOULEVARD DE PICPUS",0,NULL,-1,1,0,1,0,0,1,NULL,NULL,1,0,1,30
201900024951,29,6,2019,15:18:00,1,75,75112,2,3,1,3,"BOULEVARD DE PICPUS","48,8466130","2,4001820",201900024951,138 259 379,A01,0,1,0,2,7,15,5,NULL,201900024951,138 259 379,A01,1,1,4,1,2007,5,2,0,-1,0,0,-1,201900024951,4,"BOULEVARD DE PICPUS",0,NULL,-1,1,0,1,0,0,1,NULL,NULL,1,0,1,30
201900026092,8,10,2019,08:00:00,2,17,17300,2,3,3,3,"VESPUCCI   AVENUE AMERIGO","46,1514200"," -1,1546600",201900026092,138 257 210,B01,3,1,0,2,1,1,5,NULL,201900026092,138 257 209,A01,1,1,1,2,1999,2,1,8,-1,-1,0,-1,201900026092,4,"VESPUCCI   AVENUE AMERIGO",0,NULL,2,2,0,1,1,0,1,NULL,NULL,2,0,1,50
201900026092,8,10,2019,08:00:00,2,17,17300,2,3,3,3,"VESPUCCI   AVENUE AMERIGO","46,1514200"," -1,1546600",201900026092,138 257 210,B01,3,1,0,2,1,1,5,NULL,201900026092,138 257 210,B01,1,1,4,2,1980,1,8,8,-1,-1,0,-1,201900026092,4,"VESPUCCI   AVENUE AMERIGO",0,NULL,2,2,0,1,1,0,1,NULL,NULL,2,0,1,50
201900030908,29,5,2019,16:20:00,1,33,33162,2,2,1,3,"RUE ANDRE BLANC","44,8784530"," -0,6413470",201900030908,138 248 228,B01,2,1,0,0,8,1,5,NULL,201900030908,138 248 228,B01,1,1,4,1,1981,5,2,0,-1,-1," -1",-1,201900030908,4,"RUE ANDRE BLANC",0,NULL,2,2,2,1,0,0,1,NULL,NULL,1,0,5,50
201900030908,29,5,2019,16:20:00,1,33,33162,2,2,1,3,"RUE ANDRE BLANC","44,8784530"," -0,6413470",201900030908,138 248 228,B01,2,1,0,0,8,1,5,NULL,201900030908,138 248 229,A01,1,1,1,2,2000,2,1,0,-1,0," -1",-1,201900030908,4,"RUE ANDRE BLANC",0,NULL,2,2,2,1,0,0,1,NULL,NULL,1,0,5,50
201900031985,2,9,2019,09:10:00,1,85,85194,2,6,1,3," BOULEVARD DU VENDEE GLOBE ","46,4922300"," -1,7500000",201900031985,138 246 228,B01,3,1,0,2,8,1,5,NULL,201900031985,138 246 228,B01,1,1,4,2,1943,3,8,0,-1,-1," -1",-1,201900031985,4," BOULEVARD DU VENDEE GLOBE",0,NULL,1,0,2,1,0,0,3,NULL,NULL,1,0,1,30
201900031985,2,9,2019,09:10:00,1,85,85194,2,6,1,3," BOULEVARD DU VENDEE GLOBE ","46,4922300"," -1,7500000",201900031985,138 246 228,B01,3,1,0,2,8,1,5,NULL,201900031985,138 246 229,A01,1,1,1,2,1937,3,1,8,-1,-1," -1",-1,201900031985,4," BOULEVARD DU VENDEE GLOBE",0,NULL,1,0,2,1,0,0,3,NULL,NULL,1,0,1,30
201900032414,10,4,2019,13:00:00,1,45,45235,2,1,1,3,"RUE DES CHATAIGNIERS","47,9509852","1,8431068",201900032414,138 245 365,A01,3,1,0,2,8,26,6,NULL,201900032414,138 245 365,A01,1,1,4,1,1972,1,2,0,-1,0,0,-1,201900032414,4,"RUE DES CHATAIGNIERS",0,NULL,2,2,0,1,(1),(1),1,NULL,NULL,1,0,1,50
201900032414,10,4,2019,13:00:00,1,45,45235,2,1,1,3,"RUE DES CHATAIGNIERS","47,9509852","1,8431068",201900032414,138 245 365,A01,3,1,0,2,8,26,6,NULL,201900032414,138 245 366,B01,1,1,1,1,1950,4,1,0,-1,0,0,-1,201900032414,4,"RUE DES CHATAIGNIERS",0,NULL,2,2,0,1,(1),(1),1,NULL,NULL,1,0,1,50
201900032544,27,7,2019,14:20:00,1,63,63077,1,1,2,1,"D 996","45,5740651","2,8861494",201900032544,138 245 142,B01,2,1,0,2,1,1,5,NULL,201900032544,138 245 141,A01,1,1,4,1,2001,1,1,5,-1,0,0,-1,201900032544,3,996,NULL,NULL,2,2,0,2,26,645,3,NULL,NULL,2,0,1,80
201900032544,27,7,2019,14:20:00,1,63,63077,1,1,2,1,"D 996","45,5740651","2,8861494",201900032544,138 245 142,B01,2,1,0,2,1,1,5,NULL,201900032544,138 245 142,B01,1,1,3,1,1980,5,2,-1,-1,0,0,-1,201900032544,3,996,NULL,NULL,2,2,0,2,26,645,3,NULL,NULL,2,0,1,80
201900033645,21,1,2019,14:20:00,1,75,75113,2,1,1,3,"RUE DE SAINTE HELENE","48,8185890","2,3524930",201900033645,138 242 982,A01,2,1,0,2,1,9,5,NULL,201900033645,138 242 982,A01,1,1,4,1,2004,2,8,0,-1,0,0,-1,201900033645,4,"RUE DE SAINTE HELENE",0,NULL,2,2,0,1,0,0,1,NULL,NULL,1,0,1,50
201900033645,21,1,2019,14:20:00,1,75,75113,2,1,1,3,"RUE DE SAINTE HELENE","48,8185890","2,3524930",201900033645,138 242 982,A01,2,1,0,2,1,9,5,NULL,201900033645,138 242 983,B01,1,1,1,1,1986,5,1,0,-1,0,0,-1,201900033645,4,"RUE DE SAINTE HELENE",0,NULL,2,2,0,1,0,0,1,NULL,NULL,1,0,1,50
201900034308,25,7,2019,10:05:00,1,56,56078,1,6,1,2,"Les Cinq Chemins","47,7995420"," -3,4769310",201900034308,138 241 703,A01,2,1,0,2,4,2,5,NULL,201900034308,138 241 702,B01,1,1,1,1,1935,5,1,-1,-1,0,0,-1,201900034308,3,765,0,NULL,2,2,0,1,101,160,3,NULL,NULL,1,5,1,50
201900034308,25,7,2019,10:05:00,1,56,56078,1,6,1,2,"Les Cinq Chemins","47,7995420"," -3,4769310",201900034308,138 241 703,A01,2,1,0,2,4,2,5,NULL,201900034308,138 241 703,A01,1,1,3,1,1950,5,2,-1,-1,0,0,-1,201900034308,3,765,0,NULL,2,2,0,1,101,160,3,NULL,NULL,1,5,1,50