Num_Acc,jour,mois,an,hrmn,lum,dep,com,agg,int,atm,col,adr,lat,long,Num_Acc,id_vehicule,num_veh,senc,catv,obs,obsm,choc,manv,motor,occutc,Num_Acc,id_vehicule,num_veh,place,catu,grav,sexe,an_nais,trajet,secu1,secu2,secu3,locp,actp,etatp,Num_Acc,catr,voie,v1,v2,circ,nbv,vosp,prof,pr,pr1,plan,lartpc,larrout,surf,infra,situ,vma
201900035320,3,10,2019,08:55:00,1,75,75108,2,7,1,6,"RUE DE CONSTANTINOPLE","48,8790604","2,3232349",201900035320,138 239 728,A01,1,1,0,1,1,16,5,NULL,201900035320,138 239 728,A01,10,3,4,2,1967,1,0,-1,-1,4,3,1,201900035320,4,"RUE DE CONSTANTINOPLE",0,NULL,1,1,0,1,0,0,1,NULL,NULL,1,0,1,50
201900035320,3,10,2019,08:55:00,1,75,75108,2,7,1,6,"RUE DE CONSTANTINOPLE","48,8790604","2,3232349",201900035320,138 239 728,A01,1,1,0,1,1,16,5,NULL,201900035320,138 239 728,A01,1,1,1,1,1990,1,2,8,-1,0,0,-1,201900035320,4,"RUE DE CONSTANTINOPLE",0,NULL,1,1,0,1,0,0,1,NULL,NULL,1,0,1,50
201900035486,16,1,2019,08:30:00,2,35,35238,2,5,1,3,"SAINT-MARTIN (CANAL)","48,1206450"," -1,6818220",201900035486,138 239 391,B01,1,1,0,2,1,1,5,NULL,201900035486,138 239 391,B01,1,1,4,1,1989,2,8,0,-1,-1,0,-1,201900035486,4,"SAINT-MARTIN (CANAL)",0,NULL,2,2,1,4,0,0,1,NULL,NULL,1,0,1,50
201900035486,16,1,2019,08:30:00,2,35,35238,2,5,1,3,"SAINT-MARTIN (CANAL)","48,1206450"," -1,6818220",201900035486,138 239 391,B01,1,1,0,2,1,1,5,NULL,201900035486,138 239 392,A01,1,1,1,2,1988,1,1,8,-1,-1,0,-1,201900035486,4,"SAINT-MARTIN (CANAL)",0,NULL,2,2,1,4,0,0,1,NULL,NULL,1,0,1,50
201900035676,28,2,2019,17:00:00,1,69,69383,2,1,7,6,"VICTOR AUGAGNEUR                    (QU)","45,7605700","4,8411100",201900035676,138 239 028,A01,3,1,0,1,1,1,6,NULL,201900035676,138 239 028,A01,10,3,3,1,2015,5,8,0,-1,0,3,2,201900035676,4,"VICTOR AUGAGNEUR                    (QU)",0,NULL,2,1,1,1,1,0,1,NULL,NULL,1,0,1,20
201900035676,28,2,2019,17:00:00,1,69,69383,2,1,7,6,"VICTOR AUGAGNEUR                    (QU)","45,7605700","4,8411100",201900035676,138 239 028,A01,3,1,0,1,1,1,6,NULL,201900035676,138 239 028,A01,1,1,1,1,2001,0,2,0,-1,0,0,-1,201900035676,4,"VICTOR AUGAGNEUR                    (QU)",0,NULL,2,1,1,1,1,0,1,NULL,NULL,1,0,1,20
201900035933,10,4,2019,13:26:00,1,89,89237,2,4,1,3,"Rue Camélinat","47,5994310","3,6808000",201900035933,138 238 533,B01,1,1,0,2,1,1,5,NULL,201900035933,138 238 533,B01,1,1,4,1,1965,5,0,-1,-1,0,0,-1,201900035933,3,950,0,NULL,2,2,0,1,68,945,1,NULL,NULL,1,0,1,50
201900035933,10,4,2019,13:26:00,1,89,89237,2,4,1,3,"Rue Camélinat","47,5994310","3,6808000",201900035933,138 238 533,B01,1,1,0,2,1,1,5,NULL,201900035933,138 238 534,A01,1,1,1,2,1991,1,1,-1,-1,0,0,-1,201900035933,3,950,0,NULL,2,2,0,1,68,945,1,NULL,NULL,1,0,1,50
201900037829,14,7,2019,13:20:00,1,49,49050,2,1,1,7,"Rue Saint-Aubin (Saint-Rémy-la-Varenne)","47,3545884"," -0,4491704",201900037829,138 234 894,A01,0,1,0,1,0,1,0,NULL,201900037829,138 234 894,A01,10,3,1,2,1967,-1,0,0,0,9,B,1,201900037829,3,21,NULL,NULL,2,2,0,1,(1),(1),3,NULL,NULL,1,0,1,-1
201900037829,14,7,2019,13:20:00,1,49,49050,2,1,1,7,"Rue Saint-Aubin (Saint-Rémy-la-Varenne)","47,3545884"," -0,4491704",201900037829,138 234 894,A01,0,1,0,1,0,1,0,NULL,201900037829,138 234 894,A01,1,1,3,1,1943,5,2,9,-1,0,0,-1,201900037829,3,21,NULL,NULL,2,2,0,1,(1),(1),3,NULL,NULL,1,0,1,-1
201900038184,12,12,2019,19:30:00,5,75,75108,2,5,2,7,"RUE DU ROCHER","48,8768570","2,3216650",201900038184,138 234 270,A01,1,1,0,0,0,18,5,NULL,201900038184,138 234 270,A01,1,1,4,1,1986,1,2,8,-1,0,0,-1,201900038184,4,"RUE DU ROCHER",0,NULL,1,2,0,2,0,0,1,NULL,NULL,2,5,1,50
201900040302,20,6,2019,15:50:00,1,48,48016,1,1,1,7,"Le Choizal","44,4635710","3,4551870",201900040302,138 230 374,A01,2,1,0,0,0,1,5,NULL,201900040302,138 230 374,A01,1,1,3,1,1957,5,8,-1,-1,0,0,-1,201900040302,3,986,NULL,NULL,2,2,0,2,4,(1),1,NULL,NULL,1,0,1,80
201900040793,1,10,2019,17:26:00,1,94,94028,2,9,2,2,"GALLIENI.(AVENUE DU GENERAL)","48,7964400","2,4579100",201900040793,138 229 450,B01,1,1,0,0,4,1,5,NULL,201900040793,138 229 450,B01,1,1,4,2,1956,0,8,0,-1,-1," -1",-1,201900040793,4,"GALLIENI.(AVENUE DU GENERAL)",0,NULL,2,2,0,1,0,0,1,NULL,NULL,2,0,1,30
201900040793,1,10,2019,17:26:00,1,94,94028,2,9,2,2,"GALLIENI.(AVENUE DU GENERAL)","48,7964400","2,4579100",201900040793,138 229 450,B01,1,1,0,0,4,1,5,NULL,201900040793,138 229 451,A01,1,1,4,1,2001,9,2,8,-1,-1," -1",-1,201900040793,4,"GALLIENI.(AVENUE DU GENERAL)",0,NULL,2,2,0,1,0,0,1,NULL,NULL,2,0,1,30
201900040870,19,9,2019,19:43:00,1,36,36044,2,1,1,3,"12 RUE VICTOR HUGO","46,8116785","1,6943303",201900040870,138 229 307,A01,1,1,0,2,1,2,5,NULL,201900040870,138 229 306,B01,1,1,1,1,1979,9,1,8,-1,-1,0,-1,201900040870,4,"12 RUE VICTOR HUGO",0,NULL,1,1,0,1,0,0,1,NULL,NULL,1,0,1,30
201900040870,19,9,2019,19:43:00,1,36,36044,2,1,1,3,"12 RUE VICTOR HUGO","46,8116785","1,6943303",201900040870,138 229 307,A01,1,1,0,2,1,2,5,NULL,201900040870,138 229 307,A01,1,1,4,1,2004,9,2,0,-1,0,0,-1,201900040870,4,"12 RUE VICTOR HUGO",0,NULL,1,1,0,1,0,0,1,NULL,NULL,1,0,1,30
201900041953,16,5,2019,19:00:00,1,94,94033,2,2,1,2,"PEPINIERE (AV DE LA)","48,8453200","2,4511200",201900041953,138 227 321,A01,3,1,0,2,1,18,5,NULL,201900041953,138 227 320,B01,1,1,1,1,1995,1,2,6,-1,-1," -1",-1,201900041953,4,"PEPINIERE (AV DE LA)",0,NULL,2,2,0,1,1,0,1,NULL,NULL,1,0,1,50
201900041953,16,5,2019,19:00:00,1,94,94033,2,2,1,2,"PEPINIERE (AV DE LA)","48,8453200","2,4511200",201900041953,138 227 321,A01,3,1,0,2,1,18,5,NULL,201900041953,138 227 321,A01,1,1,4,2,1976,9,2,0,-1,-1," -1",-1,201900041953,4,"PEPINIERE (AV DE LA)",0,NULL,2,2,0,1,1,0,1,NULL,NULL,1,0,1,50
201900045499,8,12,2019,19:45:00,5,75,75107,2,1,1,2,"PLACE JOFFRE","48,8527256","2,3031753",201900045499,138 220 533,B01,1,1,0,2,4,2,5,NULL,201900045499,138 220 533,B01,1,1,4,2,2001,1,2,8,-1,0,0,-1,201900045499,4,"PLACE JOFFRE",0,NULL,2,4,0,1,13,0,1,NULL,NULL,1,0,1,50
201900045499,8,12,2019,19:45:00,5,75,75107,2,1,1,2,"PLACE JOFFRE","48,8527256","2,3031753",201900045499,138 220 533,B01,1,1,0,2,4,2,5,NULL,201900045499,138 220 534,A01,1,1,1,1,1968,4,2,6,-1,0,0,-1,201900045499,4,"PLACE JOFFRE",0,NULL,2,4,0,1,13,0,1,NULL,NULL,1,0,1,50
201900047411,1,5,2019,11:30:00,1,62,62338,1,1,1,6,"r de la chapelle grenier","50,6449260","2,8486190",201900047411,138 216 923,A01,1,1,0,1,1,2,6,NULL,201900047411,138 216 923,A01,10,3,1,2,1956,5,0,-1,-1,1,5,2,201900047411,3,176,NULL,NULL,2,2,0,1,0,300,1,NULL,NULL,1,0,1,80
201900047411,1,5,2019,11:30:00,1,62,62338,1,1,1,6,"r de la chapelle grenier","50,6449260","2,8486190",201900047411,138 216 923,A01,1,1,0,1,1,2,6,NULL,201900047411,138 216 923,A01,1,1,3,1,1974,5,2,-1,-1,0,0,-1,201900047411,3,176,NULL,NULL,2,2,0,1,0,300,1,NULL,NULL,1,0,1,80
201900048709,22,3,2019,09:38:00,1,10,10349,1,1,1,2,"départementale 60","48,3163370","3,9706660",201900048709,138 214 488,B01,0,1,0,0,4,2,5,NULL,201900048709,138 214 488,B01,1,1,2,1,1973,5,2,-1,-1,0,0,-1,201900048709,3,60,NULL,NULL,2,2,0,2,17,250,1,NULL,NULL,1,0,1,80
201900048709,22,3,2019,09:38:00,1,10,10349,1,1,1,2,"départementale 60","48,3163370","3,9706660",201900048709,138 214 488,B01,0,1,0,0,4,2,5,NULL,201900048709,138 214 489,A01,1,1,1,1,1999,5,8,-1,-1,0,0,-1,201900048709,3,60,NULL,NULL,2,2,0,2,17,250,1,NULL,NULL,1,0,1,80
201900051343,20,2,2019,17:36:00,1,45,45285,2,3,1,3,"R DES AMETHYSTES - R DES CORNALINES","47,9225200","1,8822200",201900051343,138 209 606,A01,2,1,0,2,7,16,5,NULL,201900051343,138 209 606,A01,1,1,4,2,2005,0,8,0,-1,0,0,-1,201900051343,4,"AMETHYSTES (RUE DES)",0,NULL,2,2,0,1,1,0,1,NULL,NULL,1,0,1,30
201900051343,20,2,2019,17:36:00,1,45,45285,2,3,1,3,"R DES AMETHYSTES - R DES CORNALINES","47,9225200","1,8822200",201900051343,138 209 606,A01,2,1,0,2,7,16,5,NULL,201900051343,138 209 607,B01,4,2,4,2,1996,0,8,0,-1,-1," -1",-1,201900051343,4,"AMETHYSTES (RUE DES)",0,NULL,2,2,0,1,1,0,1,NULL,NULL,1,0,1,30
201900051343,20,2,2019,17:36:00,1,45,45285,2,3,1,3,"R DES AMETHYSTES - R DES CORNALINES","47,9225200","1,8822200",201900051343,138 209 606,A01,2,1,0,2,7,16,5,NULL,201900051343,138 209 607,B01,1,1,1,1,1966,4,1,8,-1,-1," -1",-1,201900051343,4,"AMETHYSTES (RUE DES)",0,NULL,2,2,0,1,1,0,1,NULL,NULL,1,0,1,30
201900052028,23,9,2019,14:05:00,1,5,05061,2,1,1,7,"Bernard GIVAUDAN (Avenue) D900B","44,5370600","6,0627000",201900052028,138 208 295,A01,1,1,0,0,0,1,5,NULL,201900052028,138 208 295,A01,1,1,4,1,2005,5,2,0,-1,0,0,-1,201900052028,3,900,0,B,2,-1,0,1,1,197,1,NULL,NULL,9,0,4,50
201900052167,21,8,2019,08:45:00,1,75,75112,2,1,1,2,"AVENUE DE GRAVELLE","48,8242006","2,4226909",201900052167,138 208 018,B01,1,1,0,2,4,2,5,NULL,201900052167,138 208 018,B01,1,1,4,2,1972,1,2,8,-1,0,0,-1,201900052167,4,"AVENUE DE GRAVELLE",0,NULL,2,2,1,1,0,0,1,NULL,NULL,1,0,5,30
201900052167,21,8,2019,08:45:00,1,75,75112,2,1,1,2,"AVENUE DE GRAVELLE","48,8242006","2,4226909",201900052167,138 208 018,B01,1,1,0,2,4,2,5,NULL,201900052167,138 208 019,A01,1,1,1,1,1992,1,2,0,-1,0,0,-1,201900052167,4,"AVENUE DE GRAVELLE",0,NULL,2,2,1,1,0,0,1,NULL,NULL,1,0,5,30
201900052320,28,3,2019,16:45:00,1,29,29232,2,4,1,3,"MADEC RENE RUE","47,9942300"," -4,1060000",201900052320,138 207 718,B01,0,1,0,2,2,19,5,NULL,201900052320,138 207 718,B01,1,1,4,1,2006,2,8,0,-1,0,0,-1,201900052320,4,"MADEC RENE RUE",0,NULL,1,2,0,1,0,0,3,NULL,NULL,1,0,1,50
201900052320,28,3,2019,16:45:00,1,29,29232,2,4,1,3,"MADEC RENE RUE","47,9942300"," -4,1060000",201900052320,138 207 718,B01,0,1,0,2,2,19,5,NULL,201900052320,138 207 720,A01,1,1,1,2,1950,5,1,8,-1,0,0,-1,201900052320,4,"MADEC RENE RUE",0,NULL,1,2,0,1,0,0,3,NULL,NULL,1,0,1,50
201900052507,28,3,2019,11:36:00,1,93,93007,2,1,1,3,""REPUBLIQUE (AVENUE DE LA ""COTE PAIRS""","48,9366400","2,4649100",201900052507,138 207 326,B01,1,1,0,2,2,0,0,NULL,201900052507,138 207 326,B01,1,1,4,1,1951,0,2,0,-1,-1," -1",-1,201900052507,4,""REPUBLIQUE (AVENUE DE LA ""COTE PAIRS""",0,NULL,2,2,0,1,0,0,1,NULL,NULL,1,0,1,50
201900052507,28,3,2019,11:36:00,1,93,93007,2,1,1,3,""REPUBLIQUE (AVENUE DE LA ""COTE PAIRS""","48,9366400","2,4649100",201900052507,138 207 326,B01,1,1,0,2,2,0,0,NULL,201900052507,138 207 327,A01,1,1,1,2,1999,0,1,8,-1,-1," -1",-1,201900052507,4,""REPUBLIQUE (AVENUE DE LA ""COTE PAIRS""",0,NULL,2,2,0,1,0,0,1,NULL,NULL,1,0,1,50
201900053903,13,7,2019,18:30:00,1,75,75109,2,2,1,6,"BOULEVARD DE LA CHAPELLE","48,8836050","2,3495340",201900053903,138 204 656,A01,2,1,12,0,1,2,5,NULL,201900053903,138 204 656,A01,1,1,4,1,1963,5,2,0,-1,0,0,-1,201900053903,4,"BOULEVARD DE LA CHAPELLE",0,NULL,1,2,1,1,0,0,1,NULL,NULL,1,0,5,50
201900055159,4,1,2019,05:25:00,5,17,17300,2,6,1,3,"ROMPSAY   AVENUE DE","46,1616000"," -1,1399200",201900055159,138 202 340,B01,1,1,0,2,5,1,5,NULL,201900055159,138 202 340,B01,1,1,4,1,1972,1,8,0,-1,-1," -1",-1,201900055159,4,"ROMPSAY   AVENUE DE",0,NULL,1,1,1,1,0,0,2,NULL,NULL,1,5,1,50
201900055159,4,1,2019,05:25:00,5,17,17300,2,6,1,3,"ROMPSAY   AVENUE DE","46,1616000"," -1,1399200",201900055159,138 202 340,B01,1,1,0,2,5,1,5,NULL,201900055159,138 202 341,A01,1,1,1,1,1980,5,1,8,-1,-1," -1",-1,201900055159,4,"ROMPSAY   AVENUE DE",0,NULL,1,1,1,1,0,0,2,NULL,NULL,1,5,1,50
201900055528,23,9,2019,19:40:00,2,38,38317,2,1,1,3,"11 Rue Mozart","45,1298670","5,6955180",201900055528,138 201 704,A01,3,1,0,2,8,1,5,NULL,201900055528,138 201 702,B01,1,1,1,2,2000,5,1,-1,-1,0,0,-1,201900055528,7,NULL,NULL,NULL,2,2,0,1,(1),(1),1,NULL,NULL,1,0,1,50
201900055528,23,9,2019,19:40:00,2,38,38317,2,1,1,3,"11 Rue Mozart","45,1298670","5,6955180",201900055528,138 201 704,A01,3,1,0,2,8,1,5,NULL,201900055528,138 201 704,A01,1,1,4,2,2007,5,0,-1,-1,0,0,-1,201900055528,7,NULL,NULL,NULL,2,2,0,1,(1),(1),1,NULL,NULL,1,0,1,50
201900055833,13,7,2019,10:30:00,1,91,91377,1,1,1,3,"RD 188","48,7274000","2,2882000",201900055833,138 201 146,B01,1,1,0,2,4,2,5,NULL,201900055833,138 201 145,A01,1,1,1,1,1984,0,1,0,-1,0,0,-1,201900055833,3,188,0,NULL,3,3,0,1,1,0,1,NULL,NULL,1,0,3,70
201900055833,13,7,2019,10:30:00,1,91,91377,1,1,1,3,"RD 188","48,7274000","2,2882000",201900055833,138 201 146,B01,1,1,0,2,4,2,5,NULL,201900055833,138 201 146,B01,1,1,4,1,1947,0,2,0,-1,0,0,-1,201900055833,3,188,0,NULL,3,3,0,1,1,0,1,NULL,NULL,1,0,3,70
201900056064,17,8,2019,15:25:00,1,56,56083,2,1,1,2,"Rue du Bouetiëz","47,8070300"," -3,2446900",201900056064,138 200 691,A01,1,1,0,2,1,2,5,NULL,201900056064,138 200 690,B01,1,1,1,1,1957,5,1,8,-1,0,0,-1,201900056064,3,145,0,NULL,2,2,0,1,1,100,1,NULL,NULL,1,0,1,30
201900056064,17,8,2019,15:25:00,1,56,56083,2,1,1,2,"Rue du Bouetiëz","47,8070300"," -3,2446900",201900056064,138 200 691,A01,1,1,0,2,1,2,5,NULL,201900056064,138 200 691,A01,1,1,4,1,1974,5,2,8,-1,-1," -1",-1,201900056064,3,145,0,NULL,2,2,0,1,1,100,1,NULL,NULL,1,0,1,30
201900056379,28,1,2019,18:00:00,2,59,59606,2,1,8,3,"REIMS (AVENUE DE)","50,3483700","3,5247300",201900056379,138 200 134,B01,2,1,0,2,8,1,5,NULL,201900056379,138 200 133,A01,1,1,1,2,1986,0,1,0,-1,-1,0,-1,201900056379,4,"REIMS (AVENUE DE)",0,NULL,2,2,0,2,0,0,1,NULL,NULL,1,0,1,50
201900056379,28,1,2019,18:00:00,2,59,59606,2,1,8,3,"REIMS (AVENUE DE)","50,3483700","3,5247300",201900056379,138 200 134,B01,2,1,0,2,8,1,5,NULL,201900056379,138 200 134,B01,1,1,4,1,1978,5,0,0,-1,-1,0,-1,201900056379,4,"REIMS (AVENUE DE)",0,NULL,2,2,0,2,0,0,1,NULL,NULL,1,0,1,50
201900058016,7,5,2019,18:30:00,1,44,44035,2,2,1,3,"Route d'Orvault","47,2831630"," -1,5864550",201900058016,138 197 116,B01,3,1,0,2,1,1,5,NULL,201900058016,138 197 116,B01,1,1,3,1,1993,5,2,-1,-1,0,0,-1,201900058016,7,75,NULL,NULL,2,2,0,1,3,576,1,NULL,NULL,1,0,1,50
201900058016,7,5,2019,18:30:00,1,44,44035,2,2,1,3,"Route d'Orvault","47,2831630"," -1,5864550",201900058016,138 197 116,B01,3,1,0,2,1,1,5,NULL,201900058016,138 197 117,A01,1,1,1,2,1964,3,1,-1,-1,0,0,-1,201900058016,7,75,NULL,NULL,2,2,0,1,3,576,1,NULL,NULL,1,0,1,50
201900058393,23,3,2019,17:00:00,1,57,57041,1,1,1,2,"Route de Beuvillers","49,4150380","5,9379200",201900058393,138 196 443,B01,2,1,0,2,1,2,5,NULL,201900058393,138 196 443,B01,1,1,4,1,1963,5,2,-1,-1,0,0,-1,201900058393,3,906,NULL,NULL,2,2,0,1,0,500,1,NULL,NULL,1,0,1,80
201900058393,23,3,2019,17:00:00,1,57,57041,1,1,1,2,"Route de Beuvillers","49,4150380","5,9379200",201900058393,138 196 443,B01,2,1,0,2,1,2,5,NULL,201900058393,138 196 445,A01,1,1,1,1,1959,5,1,-1,-1,0,0,-1,201900058393,3,906,NULL,NULL,2,2,0,1,0,500,1,NULL,NULL,1,0,1,80
201900009809,25,3,2019,17:25:00,1,24,24286,1,2,1,3,"les places","45,2655300","0,4910390",201900009809,138 288 182,A01,3,1,0,2,1,1,5,NULL,201900009809,138 288 181,B01,1,1,1,1,1985,1,1,-1,-1,0,0,-1,201900009809,4,5,NULL,NULL,2,2,0,2,(1),(1),1,NULL,NULL,1,0,1,-1
201900009809,25,3,2019,17:25:00,1,24,24286,1,2,1,3,"les places","45,2655300","0,4910390",201900009809,138 288 182,A01,3,1,0,2,1,1,5,NULL,201900009809,138 288 182,A01,1,1,3,1,1988,3,0,-1,-1,0,0,-1,201900009809,4,5,NULL,NULL,2,2,0,2,(1),(1),1,NULL,NULL,1,0,1,-1
201900010491,28,5,2019,06:25:00,2,67,67067,1,1,1,3,"CD 30 PK 29+300","48,7145820","7,6901590",201900010491,138 286 951,A01,1,1,0,0,8,2,5,NULL,201900010491,138 286 949,B01,1,1,1,1,1963,1,1,-1,-1,0,0,-1,201900010491,3,30,NULL,NULL,2,2,0,3,29,300,1,NULL,NULL,1,0,1,80
201900010491,28,5,2019,06:25:00,2,67,67067,1,1,1,3,"CD 30 PK 29+300","48,7145820","7,6901590",201900010491,138 286 951,A01,1,1,0,0,8,2,5,NULL,201900010491,138 286 951,A01,1,1,4,1,1990,1,2,4,-1,0,0,-1,201900010491,3,30,NULL,NULL,2,2,0,3,29,300,1,NULL,NULL,1,0,1,80
201900010744,9,8,2019,18:20:00,1,2A,2A362,2,9,1,3,"route de pinarello, ste lucie de porto-vecchio","41,6990460","9,3512770",201900010744,138 286 498,B01,0,1,0,2,1,1,5,NULL,201900010744,138 286 498,B01,1,1,4,2,1966,5,0,-1,-1,0,0,-1,201900010744,2,168,NULL,NULL,2,2,0,1,(1),(1),1,NULL,NULL,1,0,1,50
201900010744,9,8,2019,18:20:00,1,2A,2A362,2,9,1,3,"route de pinarello, ste lucie de porto-vecchio","41,6990460","9,3512770",201900010744,138 286 498,B01,0,1,0,2,1,1,5,NULL,201900010744,138 286 499,A01,1,1,1,1,1957,5,1,-1,-1,0,0,-1,201900010744,2,168,NULL,NULL,2,2,0,1,(1),(1),1,NULL,NULL,1,0,1,50
201900013460,19,3,2019,14:15:00,1,45,45175,2,6,1,3,"intersection RD15-RD7","47,7495150","1,8122340",201900013460,138 281 401,B01,2,1,0,2,1,1,5,NULL,201900013460,138 281 401,B01,1,1,4,1,1959,5,2,-1,-1,0,0,-1,201900013460,3,15,0,NULL,2,2,0,1,14,905,2,NULL,NULL,1,5,1,50
201900013460,19,3,2019,14:15:00,1,45,45175,2,6,1,3,"intersection RD15-RD7","47,7495150","1,8122340",201900013460,138 281 401,B01,2,1,0,2,1,1,5,NULL,201900013460,138 281 402,A01,2,2,1,1,1971,4,1,-1,-1,0,0,-1,201900013460,3,15,0,NULL,2,2,0,1,14,905,2,NULL,NULL,1,5,1,50
201900013460,19,3,2019,14:15:00,1,45,45175,2,6,1,3,"intersection RD15-RD7","47,7495150","1,8122340",201900013460,138 281 401,B01,2,1,0,2,1,1,5,NULL,201900013460,138 281 402,A01,1,1,1,1,1977,4,8,-1,-1,0,0,-1,201900013460,3,15,0,NULL,2,2,0,1,14,905,2,NULL,NULL,1,5,1,50
201900016245,19,6,2019,02:54:00,5,49,49007,2,1,1,6,BAUDRIERE,"47,4719300"," -0,5564900",201900016245,138 276 168,B01,2,1,0,2,1,5,5,NULL,201900016245,138 276 167,A01,3,2,1,1,2001,9,1,0,-1,-1,0,-1,201900016245,4,BAUDRIERE,0,NULL,1,1,0,2,0,0,1,NULL,NULL,1,0,1,30
201900016245,19,6,2019,02:54:00,5,49,49007,2,1,1,6,BAUDRIERE,"47,4719300"," -0,5564900",201900016245,138 276 168,B01,2,1,0,2,1,5,5,NULL,201900016245,138 276 167,A01,1,1,1,1,2002,0,1,0,-1,-1,0,-1,201900016245,4,BAUDRIERE,0,NULL,1,1,0,2,0,0,1,NULL,NULL,1,0,1,30
201900016245,19,6,2019,02:54:00,5,49,49007,2,1,1,6,BAUDRIERE,"47,4719300"," -0,5564900",201900016245,138 276 168,B01,2,1,0,2,1,5,5,NULL,201900016245,138 276 168,B01,1,1,4,1,1963,9,8,8,-1,-1,0,-1,201900016245,4,BAUDRIERE,0,NULL,1,1,0,2,0,0,1,NULL,NULL,1,0,1,30
201900016937,15,3,2019,17:20:00,1,50,50165,2,3,6,3,"MOULIN (RUE DU)","48,8451000"," -1,5768900",201900016937,138 274 779,B01,2,1,0,2,2,15,5,NULL,201900016937,138 274 778,A01,1,1,1,1,1964,1,1,0,-1,-1,0,-1,201900016937,3,21,0,NULL,2,2,0,2,1,0,1,NULL,NULL,1,0,1,50
201900016937,15,3,2019,17:20:00,1,50,50165,2,3,6,3,"MOULIN (RUE DU)","48,8451000"," -1,5768900",201900016937,138 274 779,B01,2,1,0,2,2,15,5,NULL,201900016937,138 274 779,B01,1,1,3,1,2001,0,8,0,-1,-1,0,-1,201900016937,3,21,0,NULL,2,2,0,2,1,0,1,NULL,NULL,1,0,1,50
201900017951,26,6,2019,13:50:00,1,37,37016,2,3,1,3,"Chemin du Chesneau","47,2056897","0,9694791",201900017951,138 272 856,B01,0,1,0,2,1,9,5,NULL,201900017951,138 272 856,B01,1,1,4,1,2002,5,0,-1,-1,0,0,-1,201900017951,3,10,0,NULL,2,2,0,2,1,800,1,NULL,NULL,1,0,1,50
201900017951,26,6,2019,13:50:00,1,37,37016,2,3,1,3,"Chemin du Chesneau","47,2056897","0,9694791",201900017951,138 272 856,B01,0,1,0,2,1,9,5,NULL,201900017951,138 272 857,A01,1,1,1,1,1979,4,1,-1,-1,0,0,-1,201900017951,3,10,0,NULL,2,2,0,2,1,800,1,NULL,NULL,1,0,1,50
201900018797,3,2,2019,16:00:00,1,75,75115,2,1,1,2,"RUE DE L ABBE GROULT","48,8431490","2,2935090",201900018797,138 271 287,B01,1,1,0,2,1,18,5,NULL,201900018797,138 271 286,A01,2,2,1,1,1986,4,1,0,-1,0,0,-1,201900018797,4,"RUE DE L ABBE GROULT",0,NULL,1,1,0,1,0,0,1,NULL,NULL,1,0,1,50
201900018797,3,2,2019,16:00:00,1,75,75115,2,1,1,2,"RUE DE L ABBE GROULT","48,8431490","2,2935090",201900018797,138 271 287,B01,1,1,0,2,1,18,5,NULL,201900018797,138 271 286,A01,1,1,1,1,1986,4,1,0,-1,0,0,-1,201900018797,4,"RUE DE L ABBE GROULT",0,NULL,1,1,0,1,0,0,1,NULL,NULL,1,0,1,50
201900018797,3,2,2019,16:00:00,1,75,75115,2,1,1,2,"RUE DE L ABBE GROULT","48,8431490","2,2935090",201900018797,138 271 287,B01,1,1,0,2,1,18,5,NULL,201900018797,138 271 287,B01,1,1,4,1,2003,5,2,0,-1,0,0,-1,201900018797,4,"RUE DE L ABBE GROULT",0,NULL,1,1,0,1,0,0,1,NULL,NULL,1,0,1,50
201900018995,11,9,2019,09:00:00,1,75,75104,2,2,8,6,"PONT DE SULLY","48,8508089","2,3614436",201900018995,138 270 946,A01,1,1,0,2,1,2,5,NULL,201900018995,138 270 946,A01,1,1,4,1,1978,0,2,0,-1,0,0,-1,201900018995,4,"PONT DE SULLY",0,NULL,1,2,1,1,0,0,1,NULL,NULL,1,0,5,50
201900021782,23,5,2019,14:00:00,1,81,81004,2,1,1,3,"LUDE (BD ET ALLEE DU)","43,9191078","2,1505829",201900021782,138 265 629,B01,1,1,0,2,4,13,0,NULL,201900021782,138 265 628,A01,1,1,1,2,1968,1,1,0,-1,-1," -1",-1,201900021782,4,"LUDE (BD ET ALLEE DU)",0,NULL,-1,2,0,1,1,0,1,NULL,NULL,1,0,1,50
201900021782,23,5,2019,14:00:00,1,81,81004,2,1,1,3,"LUDE (BD ET ALLEE DU)","43,9191078","2,1505829",201900021782,138 265 629,B01,1,1,0,2,4,13,0,NULL,201900021782,138 265 629,B01,1,1,4,2,1997,0,2,0,-1,0,0,-1,201900021782,4,"LUDE (BD ET ALLEE DU)",0,NULL,-1,2,0,1,1,0,1,NULL,NULL,1,0,1,50
201900026090,8,10,2019,17:40:00,1,17,17300,2,2,8,3,"ROBESPIERRE   AVENUE","46,1531700"," -1,1237700",201900026090,138 257 213,B01,3,1,0,2,4,19,5,NULL,201900026090,138 257 213,B01,1,1,4,1,1997,5,2,0,-1,-1,0,-1,201900026090,4,"ROBESPIERRE   AVENUE",0,NULL,3,4,2,1,0,0,1,NULL,NULL,2,0,1,50
201900026579,29,6,2019,11:05:00,1,15,15113,1,1,1,1,rudez,"45,0855350","2,6738260",201900026579,138 256 289,B01,2,1,0,2,1,0,5,NULL,201900026579,138 256 288,A01,1,1,1,1,1998,1,1,-1,-1,0,0,-1,201900026579,3,17,NULL,NULL,2,2,0,2,25,315,4,NULL,NULL,1,0,1,80