Num_Acc,jour,mois,an,hrmn,lum,dep,com,agg,int,atm,col,adr,lat,long,Num_Acc,id_vehicule,num_veh,senc,catv,obs,obsm,choc,manv,motor,occutc,Num_Acc,id_vehicule,num_veh,place,catu,grav,sexe,an_nais,trajet,secu1,secu2,secu3,locp,actp,etatp,Num_Acc,catr,voie,v1,v2,circ,nbv,vosp,prof,pr,pr1,plan,lartpc,larrout,surf,infra,situ,vma
201900026579,29,6,2019,11:05:00,1,15,15113,1,1,1,1,rudez,"45,0855350","2,6738260",201900026579,138 256 289,B01,2,1,0,2,1,0,5,NULL,201900026579,138 256 289,B01,1,1,3,1,1968,5,0,-1,-1,0,0,-1,201900026579,3,17,NULL,NULL,2,2,0,2,25,315,4,NULL,NULL,1,0,1,80
201900029376,20,12,2019,13:20:00,1,35,35263,1,1,1,3,NULL,"48,6765000"," -1,8950000",201900029376,138 251 085,B01,1,1,0,2,7,1,5,NULL,201900029376,138 251 084,A01,1,1,1,1,1940,5,8,-1,-1,0,0,-1,201900029376,3,355,0,NULL,2,2,0,1,6,330,2,NULL,NULL,1,0,1,80
201900029376,20,12,2019,13:20:00,1,35,35263,1,1,1,3,NULL,"48,6765000"," -1,8950000",201900029376,138 251 085,B01,1,1,0,2,7,1,5,NULL,201900029376,138 251 085,B01,1,1,3,1,1946,5,2,4,6,0,0,-1,201900029376,3,355,0,NULL,2,2,0,1,6,330,2,NULL,NULL,1,0,1,80
201900031111,9,11,2019,17:30:00,5,51,51454,2,1,1,3,"RUE DE TINQUEUX","49,2491600","4,0120400",201900031111,138 247 840,B01,1,1,0,2,8,1,6,NULL,201900031111,138 247 840,B01,1,1,4,2,1987,1,8,0,-1,-1,0,-1,201900031111,4,"RUE DE TINQUEUX",0,NULL,1,0,0,1,(1),(1),1,NULL,NULL,1,0,1,50
201900032700,16,5,2019,12:25:00,1,26,26058,2,1,1,2,"LYON AVENUE DE","44,9500600","4,8920600",201900032700,138 244 796,B01,3,1,0,2,4,1,5,NULL,201900032700,138 244 795,A01,1,1,1,2,2000,1,1,0,-1,0,0,-1,201900032700,4,"LYON AVENUE DE",0,NULL,2,-1,-1,1,(1),(1),1,NULL,NULL,1,0,1,50
201900032700,16,5,2019,12:25:00,1,26,26058,2,1,1,2,"LYON AVENUE DE","44,9500600","4,8920600",201900032700,138 244 796,B01,3,1,0,2,4,1,5,NULL,201900032700,138 244 796,B01,1,1,3,1,1979,1,2,-1,-1,0,0,-1,201900032700,4,"LYON AVENUE DE",0,NULL,2,-1,-1,1,(1),(1),1,NULL,NULL,1,0,1,50
201900032957,7,11,2019,20:30:00,4,49,49007,2,1,2,3,MAINE,"47,4757900"," -0,5491800",201900032957,138 244 271,B01,2,1,0,2,7,1,5,NULL,201900032957,138 244 269,A01,1,1,1,1,1994,0,1,8,-1,-1,0,-1,201900032957,4,MAINE,0,NULL,2,2,0,1,0,0,1,NULL,NULL,2,0,1,50
201900032957,7,11,2019,20:30:00,4,49,49007,2,1,2,3,MAINE,"47,4757900"," -0,5491800",201900032957,138 244 271,B01,2,1,0,2,7,1,5,NULL,201900032957,138 244 271,B01,1,1,3,1,1983,4,2,0,-1,-1,0,-1,201900032957,4,MAINE,0,NULL,2,2,0,1,0,0,1,NULL,NULL,2,0,1,50
201900033886,2,9,2019,14:10:00,1,62,62748,2,3,7,2,"58 Rue de Calais","50,9442360","2,1267170",201900033886,138 242 515,B01,1,1,0,2,8,2,5,NULL,201900033886,138 242 515,B01,1,1,3,1,2006,5,0,-1,-1,0,0,-1,201900033886,3,218,0,D,2,2,0,1,18,135,1,NULL,NULL,1,0,1,50
201900033886,2,9,2019,14:10:00,1,62,62748,2,3,7,2,"58 Rue de Calais","50,9442360","2,1267170",201900033886,138 242 515,B01,1,1,0,2,8,2,5,NULL,201900033886,138 242 516,A01,1,1,1,2,1985,3,1,-1,-1,0,0,-1,201900033886,3,218,0,D,2,2,0,1,18,135,1,NULL,NULL,1,0,1,50
201900035508,3,9,2019,07:30:00,1,52,52242,1,1,1,6,"RN19 - MONTLANDON","47,8405460","5,4661250",201900035508,138 239 351,B01,2,1,0,0,0,1,5,NULL,201900035508,138 239 351,B01,1,1,3,1,1943,5,0,-1,-1,0,0,-1,201900035508,2,19,0,NULL,2,2,0,2,77,700,2,NULL,NULL,1,0,3,80
201900035508,3,9,2019,07:30:00,1,52,52242,1,1,1,6,"RN19 - MONTLANDON","47,8405460","5,4661250",201900035508,138 239 351,B01,2,1,0,0,0,1,5,NULL,201900035508,138 239 352,A01,1,1,1,1,1986,4,1,-1,-1,0,0,-1,201900035508,2,19,0,NULL,2,2,0,2,77,700,2,NULL,NULL,1,0,3,80
201900035825,9,4,2019,07:30:00,2,17,17300,2,3,5,7,"CHURCHILL   BOULEVARD WINSTON","46,1549600"," -1,1911200",201900035825,138 238 729,A01,3,1,0,0,7,16,5,NULL,201900035825,138 238 729,A01,1,1,4,1,1992,1,2,0,-1,-1," -1",-1,201900035825,4,"CHURCHILL   BOULEVARD WINSTON",0,NULL,2,4,2,1,0,0,3,NULL,NULL,1,0,1,50
201900035941,9,4,2019,14:10:00,1,44,44185,1,1,1,3,"Ker Yannick","47,6234450"," -2,0450650",201900035941,138 238 521,B01,2,1,0,2,3,1,6,NULL,201900035941,138 238 521,B01,1,1,2,1,1958,5,0,-1,-1,0,0,-1,201900035941,3,164,0,NULL,2,2,0,1,76,300,1,NULL,NULL,1,0,1,80
201900035941,9,4,2019,14:10:00,1,44,44185,1,1,1,3,"Ker Yannick","47,6234450"," -2,0450650",201900035941,138 238 521,B01,2,1,0,2,3,1,6,NULL,201900035941,138 238 522,A01,1,1,1,1,1985,4,1,-1,-1,0,0,-1,201900035941,3,164,0,NULL,2,2,0,1,76,300,1,NULL,NULL,1,0,1,80
201900037957,20,7,2019,16:30:00,1,22,22147,2,1,1,7,"8 Rue Général de Gaulle","48,1906340"," -2,4081900",201900037957,138 234 670,A01,2,1,0,0,0,0,5,NULL,201900037957,138 234 670,A01,1,1,3,1,1940,5,4,-1,-1,0,0,-1,201900037957,3,6,0,NULL,2,2,0,2,3,890,1,NULL,NULL,1,0,4,50
201900038567,28,10,2019,14:25:00,1,67,67482,2,1,1,3,"RATHSAMHAUSEN (RUE DE)","48,5663700","7,7605000",201900038567,138 233 605,A01,1,1,0,2,3,19,5,NULL,201900038567,138 233 605,A01,1,1,4,2,1997,5,8,0,-1,-1,0,-1,201900038567,4,"RATHSAMHAUSEN (RUE DE)",0,NULL,2,2,0,1,0,0,1,NULL,NULL,1,0,1,50
201900038567,28,10,2019,14:25:00,1,67,67482,2,1,1,3,"RATHSAMHAUSEN (RUE DE)","48,5663700","7,7605000",201900038567,138 233 605,A01,1,1,0,2,3,19,5,NULL,201900038567,138 233 606,B01,1,1,1,1,1954,5,1,8,-1,-1,0,-1,201900038567,4,"RATHSAMHAUSEN (RUE DE)",0,NULL,2,2,0,1,0,0,1,NULL,NULL,1,0,1,50
201900038888,23,4,2019,20:15:00,1,54,54395,2,3,1,3,"TIERCELINS (RUE DES)","48,6911600","6,1909400",201900038888,138 232 986,B01,1,1,0,2,1,26,5,NULL,201900038888,138 232 986,B01,1,1,4,1,1984,1,2,0,-1,-1,0,-1,201900038888,4,NULL,0,NULL,1,1,1,1,0,0,1,NULL,NULL,1,0,1,50
201900038888,23,4,2019,20:15:00,1,54,54395,2,3,1,3,"TIERCELINS (RUE DES)","48,6911600","6,1909400",201900038888,138 232 986,B01,1,1,0,2,1,26,5,NULL,201900038888,138 232 987,A01,1,1,1,1,1984,0,1,0,-1,-1,0,-1,201900038888,4,NULL,0,NULL,1,1,1,1,0,0,1,NULL,NULL,1,0,1,50
201900039120,28,8,2019,11:10:00,1,38,38563,2,1,1,2,"PAVIOT (AVENUE DE)","45,3520000","5,5909600",201900039120,138 232 563,B01,1,1,0,2,0,1,2,NULL,201900039120,138 232 562,A01,1,1,1,2,1945,3,1,0,-1,-1," -1",-1,201900039120,4,"PAVIOT (AVENUE DE)",0,NULL,2,2,0,1,0,0,1,NULL,NULL,1,0,2,50
201900039120,28,8,2019,11:10:00,1,38,38563,2,1,1,2,"PAVIOT (AVENUE DE)","45,3520000","5,5909600",201900039120,138 232 563,B01,1,1,0,2,0,1,2,NULL,201900039120,138 232 563,B01,1,1,3,1,1946,5,2,0,-1,-1," -1",-1,201900039120,4,"PAVIOT (AVENUE DE)",0,NULL,2,2,0,1,0,0,1,NULL,NULL,1,0,2,50
201900039703,20,7,2019,03:30:00,5,69,69387,2,2,1,3,"TONY GARNIER                        (AV)","45,7317115","4,8240828",201900039703,138 231 461,B01,3,1,0,2,8,1,5,NULL,201900039703,138 231 460,A01,1,1,1,1,1985,0,8,0,-1,0," -1",-1,201900039703,7,"TONY GARNIER                        (AV)",0,NULL,1,4,0,1,0,0,2,NULL,NULL,1,0,1,50
201900039703,20,7,2019,03:30:00,5,69,69387,2,2,1,3,"TONY GARNIER                        (AV)","45,7317115","4,8240828",201900039703,138 231 461,B01,3,1,0,2,8,1,5,NULL,201900039703,138 231 461,B01,1,1,4,1,1998,1,8,0,-1,0," -1",-1,201900039703,7,"TONY GARNIER                        (AV)",0,NULL,1,4,0,1,0,0,2,NULL,NULL,1,0,1,50
201900039802,12,6,2019,19:55:00,1,38,38053,2,1,7,3,"ISLE D'ABEAU (ROUTE DE)","45,6079200","5,2539300",201900039802,138 231 247,B01,3,1,0,2,7,12,5,NULL,201900039802,138 231 247,B01,1,1,3,1,1955,5,8,0,-1,0,0,-1,201900039802,3,208,0,NULL,1,2,0,1,3,700,2,NULL,NULL,1,9,1,50
201900039802,12,6,2019,19:55:00,1,38,38053,2,1,7,3,"ISLE D'ABEAU (ROUTE DE)","45,6079200","5,2539300",201900039802,138 231 247,B01,3,1,0,2,7,12,5,NULL,201900039802,138 231 248,A01,1,1,1,1,1986,0,1,0,-1,0,0,-1,201900039802,3,208,0,NULL,1,2,0,1,3,700,2,NULL,NULL,1,9,1,50
201900041892,2,5,2019,20:45:00,2,94,94068,2,2,1,3,"BOURDIGNON (R)","48,8050200","2,4778400",201900041892,138 227 431,A01,2,1,0,2,1,5,5,NULL,201900041892,138 227 431,A01,1,1,4,1,1990,0,8,0,-1,-1," -1",-1,201900041892,4,"BOURDIGNON (R)",0,NULL,2,1,0,1,0,0,1,NULL,NULL,1,0,1,50
201900041892,2,5,2019,20:45:00,2,94,94068,2,2,1,3,"BOURDIGNON (R)","48,8050200","2,4778400",201900041892,138 227 431,A01,2,1,0,2,1,5,5,NULL,201900041892,138 227 432,B01,1,1,1,2,1990,5,1,-1,-1,0,0,-1,201900041892,4,"BOURDIGNON (R)",0,NULL,2,1,0,1,0,0,1,NULL,NULL,1,0,1,50
201900045208,17,7,2019,16:30:00,1,35,35238,2,1,1,7,"VEZIN (ROUTE DE)","48,1162400"," -1,7161900",201900045208,138 221 069,A01,2,1,0,0,0,1,5,NULL,201900045208,138 221 069,A01,1,1,4,2,1992,0,8,0,-1,-1,0,-1,201900045208,3,125,0,NULL,2,2,0,1,40,550,1,NULL,NULL,1,0,1,50
201900045383,10,12,2019,16:11:00,1,25,25410,1,1,7,3,N57,"47,2203500","6,0818420",201900045383,138 220 756,A01,2,1,0,2,8,2,5,NULL,201900045383,138 220 755,B01,1,1,1,1,1979,4,1,-1,-1,0,0,-1,201900045383,2,57,NULL,NULL,3,4,0,2,21,180,1,NULL,NULL,1,0,1,80
201900045383,10,12,2019,16:11:00,1,25,25410,1,1,7,3,N57,"47,2203500","6,0818420",201900045383,138 220 756,A01,2,1,0,2,8,2,5,NULL,201900045383,138 220 756,A01,1,1,3,1,1956,5,2,-1,-1,0,0,-1,201900045383,2,57,NULL,NULL,3,4,0,2,21,180,1,NULL,NULL,1,0,1,80
201900045826,3,6,2019,17:05:00,1,74,74012,2,6,1,2,"MERMOZ RUE JEAN)","46,1945000","6,2515000",201900045826,138 219 876,A01,3,1,0,2,1,21,5,NULL,201900045826,138 219 875,B01,1,1,1,1,1977,1,1,0,-1,0,0,-1,201900045826,4,"MERMOZ RUE JEAN)",0,NULL,2,2,0,4,0,1,1,NULL,NULL,1,5,2,30
201900045826,3,6,2019,17:05:00,1,74,74012,2,6,1,2,"MERMOZ RUE JEAN)","46,1945000","6,2515000",201900045826,138 219 876,A01,3,1,0,2,1,21,5,NULL,201900045826,138 219 876,A01,1,1,4,1,2006,9,2,0,-1,0,0,-1,201900045826,4,"MERMOZ RUE JEAN)",0,NULL,2,2,0,4,0,1,1,NULL,NULL,1,5,2,30
201900045984,19,2,2019,19:35:00,5,85,85191,2,1,1,2,"AVENUE ALIENOR D' AQUITAINE ","46,6885400"," -1,4299100",201900045984,138 219 602,B01,1,1,0,2,8,13,5,NULL,201900045984,138 219 602,B01,1,1,3,1,2000,0,2,0,-1,-1,0,-1,201900045984,3,763,0,NULL,3,2,0,1,48,330,1,NULL,NULL,1,0,1,50
201900045984,19,2,2019,19:35:00,5,85,85191,2,1,1,2,"AVENUE ALIENOR D' AQUITAINE ","46,6885400"," -1,4299100",201900045984,138 219 602,B01,1,1,0,2,8,13,5,NULL,201900045984,138 219 603,A01,1,1,1,2,1987,0,1,0,-1,-1,0,-1,201900045984,3,763,0,NULL,3,2,0,1,48,330,1,NULL,NULL,1,0,1,50
201900047065,16,7,2019,18:30:00,1,92,92012,2,1,1,2,"REPUBLIQUE (BOULEVARD DE LA) 5/77BIS - 6","48,8326254","2,2495947",201900047065,138 217 516,B01,3,1,0,2,4,26,0,NULL,201900047065,138 217 515,A01,1,1,1,2,1974,1,1,0,-1,-1,0,-1,201900047065,3,50,0,NULL,1,2,0,1,0,0,1,NULL,NULL,1,0,1,50
201900047065,16,7,2019,18:30:00,1,92,92012,2,1,1,2,"REPUBLIQUE (BOULEVARD DE LA) 5/77BIS - 6","48,8326254","2,2495947",201900047065,138 217 516,B01,3,1,0,2,4,26,0,NULL,201900047065,138 217 516,B01,1,1,4,2,1961,0,2,0,-1,-1,0,-1,201900047065,3,50,0,NULL,1,2,0,1,0,0,1,NULL,NULL,1,0,1,50
201900051350,20,2,2019,18:10:00,2,34,34172,2,1,1,3,"GAMBETTA (COURS)","43,6061700","3,8727300",201900051350,138 209 592,B01,2,1,0,2,1,0,0,NULL,201900051350,138 209 592,B01,1,1,4,2,2004,5,8,0,-1,-1,0,-1,201900051350,4,"GAMBETTA (COURS)",0,NULL,1,1,3,1,(1),(1),1,NULL,NULL,1,0,1,50
201900051350,20,2,2019,18:10:00,2,34,34172,2,1,1,3,"GAMBETTA (COURS)","43,6061700","3,8727300",201900051350,138 209 592,B01,2,1,0,2,1,0,0,NULL,201900051350,138 209 593,A01,1,1,1,2,1995,5,1,0,-1,-1,0,-1,201900051350,4,"GAMBETTA (COURS)",0,NULL,1,1,3,1,(1),(1),1,NULL,NULL,1,0,1,50
201900053881,11,7,2019,08:30:00,1,75,75116,2,4,1,3,"VOIE GEORGES POMPIDOU","48,8414330","2,2691570",201900053881,138 204 698,B01,2,1,0,2,3,15,5,NULL,201900053881,138 204 697,A01,1,1,1,1,1985,1,2,6,-1,0,0,-1,201900053881,4,"VOIE GEORGES POMPIDOU",0,NULL,2,3,0,1,0,0,1,NULL,NULL,1,0,1,50
201900053881,11,7,2019,08:30:00,1,75,75116,2,4,1,3,"VOIE GEORGES POMPIDOU","48,8414330","2,2691570",201900053881,138 204 698,B01,2,1,0,2,3,15,5,NULL,201900053881,138 204 697,A01,2,2,1,2,1990,1,2,6,-1,0,0,-1,201900053881,4,"VOIE GEORGES POMPIDOU",0,NULL,2,3,0,1,0,0,1,NULL,NULL,1,0,1,50
201900053881,11,7,2019,08:30:00,1,75,75116,2,4,1,3,"VOIE GEORGES POMPIDOU","48,8414330","2,2691570",201900053881,138 204 698,B01,2,1,0,2,3,15,5,NULL,201900053881,138 204 698,B01,1,1,4,1,1993,1,2,0,-1,0,0,-1,201900053881,4,"VOIE GEORGES POMPIDOU",0,NULL,2,3,0,1,0,0,1,NULL,NULL,1,0,1,50
201900009683,21,3,2019,18:10:00,1,92,92023,2,3,1,3,"POMMIERS (RUE DES)","48,7919552","2,2676846",201900009683,138 288 400,B01,1,1,0,2,7,2,5,NULL,201900009683,138 288 399,A01,1,1,4,1,1991,5,2,0,-1,-1,0,-1,201900009683,3,906,0,NULL,2,5,1,1,0,0,1,NULL,NULL,1,0,1,50
201900009683,21,3,2019,18:10:00,1,92,92023,2,3,1,3,"POMMIERS (RUE DES)","48,7919552","2,2676846",201900009683,138 288 400,B01,1,1,0,2,7,2,5,NULL,201900009683,138 288 400,B01,1,1,4,1,1975,0,2,8,-1,-1,0,-1,201900009683,3,906,0,NULL,2,5,1,1,0,0,1,NULL,NULL,1,0,1,50
201900010821,3,7,2019,10:00:00,1,1,01053,2,1,1,3,"BROU ( BD N°65 B A FIN)","46,1935560","5,2394780",201900010821,138 286 374,B01,1,1,0,2,4,19,5,NULL,201900010821,138 286 373,A01,1,1,1,2,1970,9,1,8,-1,-1," -1",-1,201900010821,3,1075,0,NULL,2,2,0,1,1,900,1,NULL,NULL,1,6,1,50
201900010821,3,7,2019,10:00:00,1,1,01053,2,1,1,3,"BROU ( BD N°65 B A FIN)","46,1935560","5,2394780",201900010821,138 286 374,B01,1,1,0,2,4,19,5,NULL,201900010821,138 286 374,B01,1,1,4,1,1930,9,8,8,-1,-1," -1",-1,201900010821,3,1075,0,NULL,2,2,0,1,1,900,1,NULL,NULL,1,6,1,50
201900011038,22,11,2019,17:00:00,5,75,75119,2,1,1,3,"AVENUE JEAN JAURES","48,8844620","2,3766360",201900011038,138 285 987,B01,2,1,0,2,1,1,5,NULL,201900011038,138 285 986,A01,2,2,1,2,1963,5,1,0,-1,0,0,-1,201900011038,4,"AVENUE JEAN JAURES",0,NULL,2,4,1,1,66,0,1,NULL,NULL,1,0,5,30
201900011038,22,11,2019,17:00:00,5,75,75119,2,1,1,3,"AVENUE JEAN JAURES","48,8844620","2,3766360",201900011038,138 285 987,B01,2,1,0,2,1,1,5,NULL,201900011038,138 285 986,A01,1,1,1,1,1962,5,1,0,-1,0,0,-1,201900011038,4,"AVENUE JEAN JAURES",0,NULL,2,4,1,1,66,0,1,NULL,NULL,1,0,5,30
201900011038,22,11,2019,17:00:00,5,75,75119,2,1,1,3,"AVENUE JEAN JAURES","48,8844620","2,3766360",201900011038,138 285 987,B01,2,1,0,2,1,1,5,NULL,201900011038,138 285 987,B01,1,1,4,1,1995,0,8,2,-1,0,0,-1,201900011038,4,"AVENUE JEAN JAURES",0,NULL,2,4,1,1,66,0,1,NULL,NULL,1,0,5,30
201900018710,28,12,2019,13:30:00,1,63,63066,1,3,1,1,"Avenue des Acacias","45,8642350","3,6399660",201900018710,138 271 447,B01,1,1,0,2,1,1,5,NULL,201900018710,138 271 447,B01,1,1,2,1,1958,5,2,-1,-1,0,0,-1,201900018710,3,7,0,NULL,2,2,0,2,46,500,1,NULL,NULL,1,0,1,80
201900018710,28,12,2019,13:30:00,1,63,63066,1,3,1,1,"Avenue des Acacias","45,8642350","3,6399660",201900018710,138 271 447,B01,1,1,0,2,1,1,5,NULL,201900018710,138 271 448,A01,1,1,1,2,2000,0,8,-1,-1,0,0,-1,201900018710,3,7,0,NULL,2,2,0,2,46,500,1,NULL,NULL,1,0,1,80
201900019098,9,9,2019,08:20:00,1,95,95127,2,3,1,3,"TROIS FONTAINES (AVENUE DES)","49,0374100","2,0758200",201900019098,138 270 754,B01,3,1,0,2,7,15,5,NULL,201900019098,138 270 754,B01,1,1,3,1,1996,2,2,0,-1,-1," -1",-1,201900019098,4,"TROIS FONTAINES (AVENUE DES)",0,NULL,2,2,0,1,(1),(1),1,NULL,NULL,1,0,1,30
201900019098,9,9,2019,08:20:00,1,95,95127,2,3,1,3,"TROIS FONTAINES (AVENUE DES)","49,0374100","2,0758200",201900019098,138 270 754,B01,3,1,0,2,7,15,5,NULL,201900019098,138 270 755,A01,1,1,1,1,1996,1,1,0,-1,-1," -1",-1,201900019098,4,"TROIS FONTAINES (AVENUE DES)",0,NULL,2,2,0,1,(1),(1),1,NULL,NULL,1,0,1,30
201900019245,13,10,2019,18:54:00,1,3,03118,1,1,1,3,NULL,"46,1004560","3,2264977",201900019245,138 270 458,A01,2,1,0,2,8,1,5,NULL,201900019245,138 270 458,A01,1,1,3,1,1971,5,2,-1,-1,0,0,-1,201900019245,3,2209,0,NULL,2,2,0,1,2,247,1,NULL,NULL,1,0,1,80
201900019245,13,10,2019,18:54:00,1,3,03118,1,1,1,3,NULL,"46,1004560","3,2264977",201900019245,138 270 458,A01,2,1,0,2,8,1,5,NULL,201900019245,138 270 459,B01,1,1,1,1,1988,5,1,-1,-1,0,0,-1,201900019245,3,2209,0,NULL,2,2,0,1,2,247,1,NULL,NULL,1,0,1,80
201900019365,22,4,2019,16:30:00,1,38,38468,1,1,1,2,"N 7","45,3327100","4,8057800",201900019365,138 270 237,B01,2,1,0,2,4,2,5,NULL,201900019365,138 270 237,B01,1,1,2,1,1957,5,2,-1,-1,0,0,-1,201900019365,2,7,NULL,NULL,2,2,0,1,30,0,1,NULL,NULL,1,0,3,80
201900019365,22,4,2019,16:30:00,1,38,38468,1,1,1,2,"N 7","45,3327100","4,8057800",201900019365,138 270 237,B01,2,1,0,2,4,2,5,NULL,201900019365,138 270 238,A01,2,2,1,1,1997,5,1,-1,-1,0,0,-1,201900019365,2,7,NULL,NULL,2,2,0,1,30,0,1,NULL,NULL,1,0,3,80
201900019365,22,4,2019,16:30:00,1,38,38468,1,1,1,2,"N 7","45,3327100","4,8057800",201900019365,138 270 237,B01,2,1,0,2,4,2,5,NULL,201900019365,138 270 238,A01,1,1,1,1,1994,5,1,-1,-1,0,0,-1,201900019365,2,7,NULL,NULL,2,2,0,1,30,0,1,NULL,NULL,1,0,3,80
201900021767,26,5,2019,12:13:00,1,83,83069,1,9,1,3,"SALINS ( ROUTE DES VIEUX)","43,1245000","6,1887000",201900021767,138 265 688,Y01,2,1,0,2,1,1,5,NULL,201900021767,138 265 688,Y01,1,1,4,1,1972,0,2,0,-1,-1,0,-1,201900021767,3,12,0,NULL,2,2,0,2,40,90,1,NULL,NULL,1,0,1,50
201900021767,26,5,2019,12:13:00,1,83,83069,1,9,1,3,"SALINS ( ROUTE DES VIEUX)","43,1245000","6,1887000",201900021767,138 265 688,Y01,2,1,0,2,1,1,5,NULL,201900021767,138 265 689,A01,1,1,1,1,1963,9,8,0,-1,-1,0,-1,201900021767,3,12,0,NULL,2,2,0,2,40,90,1,NULL,NULL,1,0,1,50
201900022150,15,11,2019,19:50:00,5,75,75114,2,4,2,6,"RUE DAREAU","48,8309000","2,3367000",201900022150,138 264 909,A01,2,1,0,1,1,1,5,NULL,201900022150,138 264 909,A01,10,3,4,1,1960,0,0,-1,-1,3,4,1,201900022150,4,"RUE DAREAU",0,NULL,1,1,1,2,0,0,1,NULL,NULL,2,0,5,50
201900022150,15,11,2019,19:50:00,5,75,75114,2,4,2,6,"RUE DAREAU","48,8309000","2,3367000",201900022150,138 264 909,A01,2,1,0,1,1,1,5,NULL,201900022150,138 264 909,A01,1,1,4,1,1984,1,2,8,-1,0,0,-1,201900022150,4,"RUE DAREAU",0,NULL,1,1,1,2,0,0,1,NULL,NULL,2,0,5,50
201900023072,16,4,2019,09:35:00,1,75,75117,2,2,1,3,"BOULEVARD GOUVION SAINT CYR","48,8856690","2,2914590",201900023072,138 263 172,B01,3,1,0,2,2,1,5,NULL,201900023072,138 263 172,B01,1,1,4,2,1987,1,2,0,-1,0,0,-1,201900023072,4,"BOULEVARD GOUVION SAINT CYR",0,NULL,3,5,3,1,0,0,1,NULL,NULL,1,0,1,50
201900023072,16,4,2019,09:35:00,1,75,75117,2,2,1,3,"BOULEVARD GOUVION SAINT CYR","48,8856690","2,2914590",201900023072,138 263 172,B01,3,1,0,2,2,1,5,NULL,201900023072,138 263 173,A01,1,1,1,2,1995,1,1,0,-1,0,0,-1,201900023072,4,"BOULEVARD GOUVION SAINT CYR",0,NULL,3,5,3,1,0,0,1,NULL,NULL,1,0,1,50
201900025110,28,7,2019,20:15:00,1,11,11262,2,3,1,6,"VALLONS (CHEMIN DES)","43,1816600","2,9812000",201900025110,138 259 104,B01,0,1,0,0,8,9,6,NULL,201900025110,138 259 104,B01,1,1,4,1,2001,5,2,0,-1,0,0,-1,201900025110,4,"VALLONS (CHEMIN DES)",0,NULL,2,2,0,2,(1),(1),1,NULL,NULL,1,0,1,50
201900025110,28,7,2019,20:15:00,1,11,11262,2,3,1,6,"VALLONS (CHEMIN DES)","43,1816600","2,9812000",201900025110,138 259 104,B01,0,1,0,0,8,9,6,NULL,201900025110,138 259 105,A01,1,1,1,1,1977,5,1,0,-1,0,0,-1,201900025110,4,"VALLONS (CHEMIN DES)",0,NULL,2,2,0,2,(1),(1),1,NULL,NULL,1,0,1,50
201900025427,1,5,2019,14:45:00,1,67,67218,2,1,1,3,"ALFRED KASTLER (ROUTE)","48,5430120","7,7364930",201900025427,138 258 495,B01,2,1,0,2,7,19,5,NULL,201900025427,138 258 495,B01,1,1,4,2,2000,0,8,0,-1,-1,0,-1,201900025427,4,"ALFRED KASTLER (ROUTE)",0,NULL,3,4,0,1,0,0,1,NULL,NULL,1,0,1,50
201900025427,1,5,2019,14:45:00,1,67,67218,2,1,1,3,"ALFRED KASTLER (ROUTE)","48,5430120","7,7364930",201900025427,138 258 495,B01,2,1,0,2,7,19,5,NULL,201900025427,138 258 496,A01,1,1,1,1,1969,0,1,8,-1,-1,0,-1,201900025427,4,"ALFRED KASTLER (ROUTE)",0,NULL,3,4,0,1,0,0,1,NULL,NULL,1,0,1,50
201900026975,24,7,2019,07:30:00,1,27,27097,1,1,1,2,D316,"49,2008120","1,3787230",201900026975,138 255 589,A01,1,1,0,2,1,2,6,NULL,201900026975,138 255 588,B01,1,1,1,1,1965,5,1,-1,-1,0,0,-1,201900026975,3,316,0,NULL,2,2,0,1,25,675,1,NULL,NULL,1,0,1,80
201900026975,24,7,2019,07:30:00,1,27,27097,1,1,1,2,D316,"49,2008120","1,3787230",201900026975,138 255 589,A01,1,1,0,2,1,2,6,NULL,201900026975,138 255 589,A01,1,1,3,1,1979,5,2,-1,-1,0,0,-1,201900026975,3,316,0,NULL,2,2,0,1,25,675,1,NULL,NULL,1,0,1,80
201900027153,6,3,2019,09:35:00,1,67,67180,2,2,1,3,"MOUTONS (RUE DES)","48,8062000","7,8020000",201900027153,138 255 247,B01,1,1,0,2,7,15,5,NULL,201900027153,138 255 246,A01,1,1,1,1,1962,4,8,4,-1,-1,0,-1,201900027153,4,"MOUTONS (RUE DES)",0,NULL,2,2,0,1,0,1,1,NULL,NULL,1,5,1,50
201900027153,6,3,2019,09:35:00,1,67,67180,2,2,1,3,"MOUTONS (RUE DES)","48,8062000","7,8020000",201900027153,138 255 247,B01,1,1,0,2,7,15,5,NULL,201900027153,138 255 247,B01,1,1,3,1,1937,5,2,0,-1,-1,0,-1,201900027153,4,"MOUTONS (RUE DES)",0,NULL,2,2,0,1,0,1,1,NULL,NULL,1,5,1,50
201900027725,8,10,2019,12:50:00,1,75,75119,2,3,2,3,"BOULEVARD SERURIER","48,8857674","2,3943731",201900027725,138 254 181,B01,1,1,0,2,1,1,5,NULL,201900027725,138 254 181,B01,1,1,4,1,1995,0,2,0,-1,0,0,-1,201900027725,4,"BOULEVARD SERURIER",0,NULL,2,4,-1,2,0,0,1,NULL,NULL,2,0,1,50
201900027725,8,10,2019,12:50:00,1,75,75119,2,3,2,3,"BOULEVARD SERURIER","48,8857674","2,3943731",201900027725,138 254 181,B01,1,1,0,2,1,1,5,NULL,201900027725,138 254 182,A01,1,1,1,2,1979,4,1,0,-1,0,0,-1,201900027725,4,"BOULEVARD SERURIER",0,NULL,2,4,-1,2,0,0,1,NULL,NULL,2,0,1,50