Num_Acc,jour,mois,an,hrmn,lum,dep,com,agg,int,atm,col,adr,lat,long,Num_Acc,id_vehicule,num_veh,senc,catv,obs,obsm,choc,manv,motor,occutc,Num_Acc,id_vehicule,num_veh,place,catu,grav,sexe,an_nais,trajet,secu1,secu2,secu3,locp,actp,etatp,Num_Acc,catr,voie,v1,v2,circ,nbv,vosp,prof,pr,pr1,plan,lartpc,larrout,surf,infra,situ,vma
201900028039,23,1,2019,14:10:00,1,75,75106,2,1,2,2,"RUE D ASSAS","48,8437220","2,3335070",201900028039,138 253 569,A01,1,1,0,2,4,14,5,NULL,201900028039,138 253 569,A01,2,1,1,2,2000,2,2,0,-1,0,0,-1,201900028039,4,"RUE D ASSAS",0,NULL,2,2,0,2,0,0,1,NULL,NULL,2,0,1,50
201900028039,23,1,2019,14:10:00,1,75,75106,2,1,2,2,"RUE D ASSAS","48,8437220","2,3335070",201900028039,138 253 569,A01,1,1,0,2,4,14,5,NULL,201900028039,138 253 570,B01,1,1,4,1,1988,1,2,6,-1,0,0,-1,201900028039,4,"RUE D ASSAS",0,NULL,2,2,0,2,0,0,1,NULL,NULL,2,0,1,50
201900028649,26,7,2019,20:15:00,1,69,69259,2,1,1,3,"IRENE JOLIOT CURIE                  (BD)","45,7157900","4,8783300",201900028649,138 252 450,A01,0,1,0,2,2,19,5,NULL,201900028649,138 252 450,A01,1,1,4,1,1971,0,2,0,-1,-1,0,-1,201900028649,4,"IRENE JOLIOT CURIE                  (BD)",0,NULL,3,6,2,1,0,0,1,NULL,NULL,1,0,1,50
201900028649,26,7,2019,20:15:00,1,69,69259,2,1,1,3,"IRENE JOLIOT CURIE                  (BD)","45,7157900","4,8783300",201900028649,138 252 450,A01,0,1,0,2,2,19,5,NULL,201900028649,138 252 451,B01,1,1,1,1,1983,4,1,0,-1,-1,0,-1,201900028649,4,"IRENE JOLIOT CURIE                  (BD)",0,NULL,3,6,2,1,0,0,1,NULL,NULL,1,0,1,50
201900030858,2,5,2019,18:05:00,1,35,35238,2,1,1,5,"GROS MALHON (AVENUE)","48,1298970"," -1,6841180",201900030858,138 248 319,C01,1,1,0,2,1,2,0,NULL,201900030858,138 248 318,B01,1,1,1,1,2000,5,1,0,-1,-1," -1",-1,201900030858,4,"GROS MALHON (AVENUE)",0,NULL,1,2,3,1,0,0,1,NULL,NULL,1,0,1,50
201900030858,2,5,2019,18:05:00,1,35,35238,2,1,1,5,"GROS MALHON (AVENUE)","48,1298970"," -1,6841180",201900030858,138 248 319,C01,1,1,0,2,1,2,0,NULL,201900030858,138 248 319,C01,1,1,3,1,1998,9,2,0,-1,-1," -1",-1,201900030858,4,"GROS MALHON (AVENUE)",0,NULL,1,2,3,1,0,0,1,NULL,NULL,1,0,1,50
201900030858,2,5,2019,18:05:00,1,35,35238,2,1,1,5,"GROS MALHON (AVENUE)","48,1298970"," -1,6841180",201900030858,138 248 319,C01,1,1,0,2,1,2,0,NULL,201900030858,138 248 320,A01,1,1,1,1,1950,5,1,0,-1,-1," -1",-1,201900030858,4,"GROS MALHON (AVENUE)",0,NULL,1,2,3,1,0,0,1,NULL,NULL,1,0,1,50
201900030970,28,5,2019,16:53:00,1,31,31557,2,1,3,1,"BD GENERAL DE GAULLE","43,5846500","1,3251400",201900030970,138 248 109,A01,0,1,0,2,1,1,5,NULL,201900030970,138 248 109,A01,1,1,4,1,2005,5,8,0,-1,-1,0,-1,201900030970,4,"BD GENERAL DE GAULLE",0,NULL,2,2,0,1,0,0,1,NULL,NULL,2,0,1,50
201900031639,20,1,2019,20:30:00,4,62,62270,2,1,8,3,"REPUBLIQUE (RUE DE LA)","50,4792200","2,4795300",201900031639,138 246 867,B01,3,1,0,2,1,1,5,NULL,201900031639,138 246 867,B01,1,1,3,1,2001,0,8,0,-1,0,0,-1,201900031639,4,"REPUBLIQUE (RUE DE LA)",0,NULL,2,2,0,2,0,0,1,NULL,NULL,1,0,1,50
201900031639,20,1,2019,20:30:00,4,62,62270,2,1,8,3,"REPUBLIQUE (RUE DE LA)","50,4792200","2,4795300",201900031639,138 246 867,B01,3,1,0,2,1,1,5,NULL,201900031639,138 246 868,A01,1,1,1,1,1964,5,1,8,-1,0,0,-1,201900031639,4,"REPUBLIQUE (RUE DE LA)",0,NULL,2,2,0,2,0,0,1,NULL,NULL,1,0,1,50
201900031639,20,1,2019,20:30:00,4,62,62270,2,1,8,3,"REPUBLIQUE (RUE DE LA)","50,4792200","2,4795300",201900031639,138 246 867,B01,3,1,0,2,1,1,5,NULL,201900031639,138 246 868,A01,2,2,1,1,1973,5,1,0,-1,0,0,-1,201900031639,4,"REPUBLIQUE (RUE DE LA)",0,NULL,2,2,0,2,0,0,1,NULL,NULL,1,0,1,50
201900032022,3,9,2019,19:10:00,1,54,54304,1,1,1,3,"MOSELLE (RUE DE LA)","48,6988170","6,1333760",201900032022,138 246 138,A01,1,1,0,2,6,1,5,NULL,201900032022,138 246 138,A01,1,1,4,1,2000,0,2,0,-1,-1,0,-1,201900032022,4,"MOSELLE (RUE DE LA)",0,NULL,2,0,0,1,0,0,1,NULL,NULL,1,0,1,50
201900032022,3,9,2019,19:10:00,1,54,54304,1,1,1,3,"MOSELLE (RUE DE LA)","48,6988170","6,1333760",201900032022,138 246 138,A01,1,1,0,2,6,1,5,NULL,201900032022,138 246 139,B01,1,1,1,1,1980,0,1,0,-1,-1,0,-1,201900032022,4,"MOSELLE (RUE DE LA)",0,NULL,2,0,0,1,0,0,1,NULL,NULL,1,0,1,50
201900035245,21,7,2019,09:40:00,1,40,40088,2,1,1,2,"NUNGESSER ET COLI (AVENUE)","43,6922700"," -1,0660000",201900035245,138 239 887,B01,2,1,0,2,1,1,5,NULL,201900035245,138 239 887,B01,1,1,3,1,1965,5,2,0,-1,-1," -1",-1,201900035245,3,106,0,NULL,2,2,0,1,1,10,1,NULL,NULL,1,0,1,50
201900035582,31,8,2019,14:30:00,1,74,74278,2,1,1,7,"Avenue des Îles","46,0775630","6,5251010",201900035582,138 239 210,A01,3,1,0,0,0,1,5,NULL,201900035582,138 239 210,A01,1,1,3,1,1954,5,2,-1,-1,0,0,-1,201900035582,4,0,0,A,2,2,0,1,0,0,3,NULL,NULL,9,8,1,30
201900036353,29,7,2019,17:30:00,1,49,49278,1,1,1,3,D112,"47,4278590"," -0,5574720",201900036353,138 237 792,A01,1,1,0,2,8,9,5,NULL,201900036353,138 237 792,A01,1,1,3,1,1946,5,0,-1,-1,0,0,-1,201900036353,3,112,NULL,NULL,2,2,2,1,(1),(1),1,NULL,NULL,1,0,1,-1
201900036353,29,7,2019,17:30:00,1,49,49278,1,1,1,3,D112,"47,4278590"," -0,5574720",201900036353,138 237 792,A01,1,1,0,2,8,9,5,NULL,201900036353,138 237 793,B01,1,1,1,2,2001,1,1,-1,-1,0,0,-1,201900036353,3,112,NULL,NULL,2,2,2,1,(1),(1),1,NULL,NULL,1,0,1,-1
201900038456,21,6,2019,13:30:00,1,75,75102,2,2,1,3,"BOULEVARD MONTMARTRE","48,8714850","2,3430440",201900038456,138 233 809,B01,1,1,0,2,1,1,5,NULL,201900038456,138 233 809,B01,1,1,4,1,1990,0,8,0,-1,0,0,-1,201900038456,4,"BOULEVARD MONTMARTRE",0,NULL,2,3,1,1,0,0,1,NULL,NULL,1,0,5,30
201900038456,21,6,2019,13:30:00,1,75,75102,2,2,1,3,"BOULEVARD MONTMARTRE","48,8714850","2,3430440",201900038456,138 233 809,B01,1,1,0,2,1,1,5,NULL,201900038456,138 233 810,A01,1,1,1,1,1954,4,1,0,-1,0,0,-1,201900038456,4,"BOULEVARD MONTMARTRE",0,NULL,2,3,1,1,0,0,1,NULL,NULL,1,0,5,30
201900039388,26,2,2019,18:45:00,2,75,75116,2,1,1,3,"CARREFOUR DES CASCADES","48,8611680","2,2398320",201900039388,138 232 058,B01,1,1,0,2,5,19,5,NULL,201900039388,138 232 058,B01,1,1,4,1,1980,0,2,0,-1,0,0,-1,201900039388,4,"AVENUE DE  L HIPPODROME",0,NULL,2,2,0,1,0,0,1,NULL,NULL,1,0,1,50
201900039388,26,2,2019,18:45:00,2,75,75116,2,1,1,3,"CARREFOUR DES CASCADES","48,8611680","2,2398320",201900039388,138 232 058,B01,1,1,0,2,5,19,5,NULL,201900039388,138 232 059,A01,1,1,1,1,1977,4,1,0,-1,0,0,-1,201900039388,4,"AVENUE DE  L HIPPODROME",0,NULL,2,2,0,1,0,0,1,NULL,NULL,1,0,1,50
201900039409,28,2,2019,01:50:00,5,75,75111,2,2,1,2,"RUE DU FAUBOURG SAINT ANTOINE","48,8513010","2,3761410",201900039409,138 232 022,A01,2,1,0,2,1,1,5,NULL,201900039409,138 232 021,B01,1,1,1,1,1988,4,1,0,-1,0,0,-1,201900039409,4,"RUE DU FAUBOURG SAINT ANTOINE",0,NULL,1,1,0,1,0,0,1,NULL,NULL,1,0,1,50
201900039409,28,2,2019,01:50:00,5,75,75111,2,2,1,2,"RUE DU FAUBOURG SAINT ANTOINE","48,8513010","2,3761410",201900039409,138 232 022,A01,2,1,0,2,1,1,5,NULL,201900039409,138 232 022,A01,1,1,4,1,1990,0,2,0,-1,0,0,-1,201900039409,4,"RUE DU FAUBOURG SAINT ANTOINE",0,NULL,1,1,0,1,0,0,1,NULL,NULL,1,0,1,50
201900040483,28,10,2019,17:50:00,2,79,79174,2,1,8,3,"6 rue du Pont-de-Pérouzeau","46,1756260"," -0,1691050",201900040483,138 230 033,A01,1,1,0,2,3,0,5,NULL,201900040483,138 230 032,B01,1,1,1,2,1968,5,1,-1,-1,0,0,-1,201900040483,3,120,NULL,NULL,2,2,0,2,6,35,1,NULL,46,1,0,1,50
201900040483,28,10,2019,17:50:00,2,79,79174,2,1,8,3,"6 rue du Pont-de-Pérouzeau","46,1756260"," -0,1691050",201900040483,138 230 033,A01,1,1,0,2,3,0,5,NULL,201900040483,138 230 033,A01,1,1,3,1,2004,5,0,-1,-1,0,0,-1,201900040483,3,120,NULL,NULL,2,2,0,2,6,35,1,NULL,46,1,0,1,50
201900041943,12,5,2019,09:30:00,1,94,94021,2,1,1,3,"PEPINIERES (AV)","48,7670000","2,3498500",201900041943,138 227 340,B01,1,1,0,2,1,1,0,NULL,201900041943,138 227 339,A01,1,1,1,1,1970,5,1,8,-1,-1," -1",-1,201900041943,4,"PEPINIERES (AV)",0,NULL,1,2,0,1,0,0,1,NULL,NULL,1,0,1,50
201900041943,12,5,2019,09:30:00,1,94,94021,2,1,1,3,"PEPINIERES (AV)","48,7670000","2,3498500",201900041943,138 227 340,B01,1,1,0,2,1,1,0,NULL,201900041943,138 227 340,B01,1,1,4,1,2006,5,2,8,-1,-1," -1",-1,201900041943,4,"PEPINIERES (AV)",0,NULL,1,2,0,1,0,0,1,NULL,NULL,1,0,1,50
201900042832,14,1,2019,17:05:00,5,75,75113,2,2,1,6,"AVENUE D ITALIE","48,8261820","2,3572730",201900042832,138 225 587,A01,1,1,0,1,2,1,5,NULL,201900042832,138 225 587,A01,1,1,4,2,1977,1,2,0,-1,0,0,-1,201900042832,4,"AVENUE D ITALIE",0,NULL,2,7,0,1,0,0,1,NULL,NULL,1,0,1,50
201900042832,14,1,2019,17:05:00,5,75,75113,2,2,1,6,"AVENUE D ITALIE","48,8261820","2,3572730",201900042832,138 225 587,A01,1,1,0,1,2,1,5,NULL,201900042832,138 225 587,A01,10,3,1,2,1994,5,8,0,-1,4,3,1,201900042832,4,"AVENUE D ITALIE",0,NULL,2,7,0,1,0,0,1,NULL,NULL,1,0,1,50
201900043128,29,8,2019,17:30:00,1,27,27056,2,9,1,3,"Rue Jean Racine","49,0802540","0,5966290",201900043128,138 225 047,B01,3,1,0,2,8,1,5,NULL,201900043128,138 225 047,B01,1,1,4,1,2005,5,0,-1,-1,0,0,-1,201900043128,4,NULL,NULL,NULL,2,2,0,2,(1),(1),2,NULL,NULL,1,0,1,50
201900043128,29,8,2019,17:30:00,1,27,27056,2,9,1,3,"Rue Jean Racine","49,0802540","0,5966290",201900043128,138 225 047,B01,3,1,0,2,8,1,5,NULL,201900043128,138 225 048,A01,1,1,1,2,1950,5,1,-1,-1,0,0,-1,201900043128,4,NULL,NULL,NULL,2,2,0,2,(1),(1),2,NULL,NULL,1,0,1,50
201900043460,18,7,2019,10:50:00,1,73,73329,1,1,1,3,"D1504 Route du Bourget","45,6176261","5,8821021",201900043460,138 224 451,B01,2,1,0,2,8,13,5,NULL,201900043460,138 224 450,A01,1,1,4,1,1993,9,2,-1,-1,0,0,-1,201900043460,3,1504,NULL,NULL,2,2,0,1,20,520,1,NULL,NULL,1,0,1,80
201900043460,18,7,2019,10:50:00,1,73,73329,1,1,1,3,"D1504 Route du Bourget","45,6176261","5,8821021",201900043460,138 224 451,B01,2,1,0,2,8,13,5,NULL,201900043460,138 224 451,B01,1,1,3,1,1949,5,0,-1,-1,0,0,-1,201900043460,3,1504,NULL,NULL,2,2,0,1,20,520,1,NULL,NULL,1,0,1,80
201900044398,5,11,2019,20:50:00,5,37,37261,2,7,2,6,"COLLON (RUE GEORGES)","47,3817000","0,7067200",201900044398,138 222 648,B01,3,1,0,2,4,2,0,NULL,201900044398,138 222 647,A01,1,1,1,1,1967,4,2,4,-1,-1," -1",-1,201900044398,9,"COLLON (RUE GEORGES)",0,NULL,2,2,0,1,0,0,1,NULL,NULL,2,0,1,50
201900044398,5,11,2019,20:50:00,5,37,37261,2,7,2,6,"COLLON (RUE GEORGES)","47,3817000","0,7067200",201900044398,138 222 648,B01,3,1,0,2,4,2,0,NULL,201900044398,138 222 648,B01,1,1,4,2,1962,0,2,0,-1,-1," -1",-1,201900044398,9,"COLLON (RUE GEORGES)",0,NULL,2,2,0,1,0,0,1,NULL,NULL,2,0,1,50
201900046384,27,9,2019,14:30:00,1,91,91044,1,4,1,5,"Route nationale 20","48,6751750","2,2951070",201900046384,138 218 813,B01,1,1,0,2,3,19,5,NULL,201900046384,138 218 813,B01,1,1,3,1,1965,5,2,6,-1,0,0,-1,201900046384,2,20,0,R,2,1,1,1,6,(1),3,NULL,NULL,1,3,5,70
201900046384,27,9,2019,14:30:00,1,91,91044,1,4,1,5,"Route nationale 20","48,6751750","2,2951070",201900046384,138 218 813,B01,1,1,0,2,3,19,5,NULL,201900046384,138 218 814,A01,1,1,3,1,1998,1,2,6,9,0,0,-1,201900046384,2,20,0,R,2,1,1,1,6,(1),3,NULL,NULL,1,3,5,70
201900046384,27,9,2019,14:30:00,1,91,91044,1,4,1,5,"Route nationale 20","48,6751750","2,2951070",201900046384,138 218 813,B01,1,1,0,2,3,19,5,NULL,201900046384,138 218 815,C01,1,1,1,1,1943,5,1,-1,-1,0,0,-1,201900046384,2,20,0,R,2,1,1,1,6,(1),3,NULL,NULL,1,3,5,70
201900049270,6,12,2019,13:05:00,1,75,75120,2,2,2,3,"RUE DE LA REUNION","48,8539820","2,4026210",201900049270,138 213 463,B01,2,1,0,2,1,1,5,NULL,201900049270,138 213 462,A01,1,1,1,1,1968,4,1,0,-1,0,0,-1,201900049270,4,"RUE DE LA REUNION",0,NULL,1,1,0,1,0,0,1,NULL,NULL,2,0,1,50
201900049270,6,12,2019,13:05:00,1,75,75120,2,2,2,3,"RUE DE LA REUNION","48,8539820","2,4026210",201900049270,138 213 463,B01,2,1,0,2,1,1,5,NULL,201900049270,138 213 463,B01,1,1,4,2,1957,5,8,2,-1,0,0,-1,201900049270,4,"RUE DE LA REUNION",0,NULL,1,1,0,1,0,0,1,NULL,NULL,2,0,1,50
201900049742,29,10,2019,16:45:00,1,62,62555,2,1,1,3,"GAMBETTA (RUE LEON )","50,4999710","2,4959140",201900049742,138 212 578,B01,1,1,0,2,4,19,5,NULL,201900049742,138 212 577,A01,1,1,1,1,1978,4,1,0,-1,-1," -1",-1,201900049742,4,"GAMBETTA (RUE LEON )",0,NULL,3,1,0,1,1,0,1,NULL,NULL,1,0,1,50
201900049742,29,10,2019,16:45:00,1,62,62555,2,1,1,3,"GAMBETTA (RUE LEON )","50,4999710","2,4959140",201900049742,138 212 578,B01,1,1,0,2,4,19,5,NULL,201900049742,138 212 578,B01,1,1,3,1,2005,5,8,0,-1,-1," -1",-1,201900049742,4,"GAMBETTA (RUE LEON )",0,NULL,3,1,0,1,1,0,1,NULL,NULL,1,0,1,50
201900050784,24,5,2019,17:20:00,1,61,61072,1,1,1,2,"ROUTE DÉPARTEMENTALE 33, PK 15.500","48,9644150","0,2684750",201900050784,138 210 652,A01,1,1,0,0,4,1,5,NULL,201900050784,138 210 651,B01,1,1,4,1,1955,5,2,9,-1,0,0,-1,201900050784,3,33,0,NULL,2,2,0,4,15,500,1,NULL,NULL,1,0,1,80
201900050784,24,5,2019,17:20:00,1,61,61072,1,1,1,2,"ROUTE DÉPARTEMENTALE 33, PK 15.500","48,9644150","0,2684750",201900050784,138 210 651,B01,1,1,0,2,1,2,5,NULL,201900050784,138 210 651,B01,1,1,4,1,1955,5,2,9,-1,0,0,-1,201900050784,3,33,0,NULL,2,2,0,4,15,500,1,NULL,NULL,1,0,1,80
201900050784,24,5,2019,17:20:00,1,61,61072,1,1,1,2,"ROUTE DÉPARTEMENTALE 33, PK 15.500","48,9644150","0,2684750",201900050784,138 210 652,A01,1,1,0,0,4,1,5,NULL,201900050784,138 210 652,A01,1,1,3,1,1957,5,2,9,-1,0,0,-1,201900050784,3,33,0,NULL,2,2,0,4,15,500,1,NULL,NULL,1,0,1,80
201900050784,24,5,2019,17:20:00,1,61,61072,1,1,1,2,"ROUTE DÉPARTEMENTALE 33, PK 15.500","48,9644150","0,2684750",201900050784,138 210 651,B01,1,1,0,2,1,2,5,NULL,201900050784,138 210 652,A01,1,1,3,1,1957,5,2,9,-1,0,0,-1,201900050784,3,33,0,NULL,2,2,0,4,15,500,1,NULL,NULL,1,0,1,80
201900054257,30,3,2019,13:30:00,1,74,74265,1,1,1,7,RD12,"45,8021190","6,3379260",201900054257,138 204 024,A01,2,1,3,0,2,15,5,NULL,201900054257,138 204 024,A01,1,1,2,1,1995,5,0,-1,-1,0,0,-1,201900054257,3,12,NULL,NULL,2,2,0,2,16,500,2,NULL,NULL,1,0,3,90
201900010059,18,10,2019,16:45:00,1,13,13208,2,3,1,3,"PRADO (AVENUE DU)","43,2741200","5,3904900",201900010059,138 287 729,B01,0,1,0,0,0,0,0,NULL,201900010059,138 287 729,B01,1,1,4,1,2002,5,8,0,-1,-1," -1",-1,201900010059,4,"PRADO (AVENUE DU)",0,NULL,2,6,3,1,1,0,1,NULL,NULL,1,0,1,50
201900010059,18,10,2019,16:45:00,1,13,13208,2,3,1,3,"PRADO (AVENUE DU)","43,2741200","5,3904900",201900010059,138 287 729,B01,0,1,0,0,0,0,0,NULL,201900010059,138 287 730,A01,1,1,1,1,1960,0,8,0,-1,-1," -1",-1,201900010059,4,"PRADO (AVENUE DU)",0,NULL,2,6,3,1,1,0,1,NULL,NULL,1,0,1,50
201900010636,10,8,2019,12:30:00,1,75,75109,2,2,1,3,"RUE DE PROVENCE","48,8742349","2,3352668",201900010636,138 286 691,B01,1,1,0,2,1,1,5,NULL,201900010636,138 286 691,B01,1,1,4,1,1993,0,2,8,-1,0,0,-1,201900010636,4,"RUE DE PROVENCE",0,NULL,2,2,1,1,0,0,1,NULL,NULL,1,0,5,30
201900010636,10,8,2019,12:30:00,1,75,75109,2,2,1,3,"RUE DE PROVENCE","48,8742349","2,3352668",201900010636,138 286 691,B01,1,1,0,2,1,1,5,NULL,201900010636,138 286 692,A01,1,1,1,1,1966,0,1,0,-1,0,0,-1,201900010636,4,"RUE DE PROVENCE",0,NULL,2,2,1,1,0,0,1,NULL,NULL,1,0,5,30
201900011311,17,12,2019,16:15:00,1,75,75116,2,1,2,6,"RUE DE LA POMPE","48,8696621","2,2823882",201900011311,138 285 480,A01,2,1,0,1,1,5,5,NULL,201900011311,138 285 480,A01,1,1,4,1,1996,9,8,2,-1,0,0,-1,201900011311,4,"RUE DE LA POMPE",0,NULL,1,2,-1,1,163,0,1,NULL,NULL,2,0,1,50
201900011311,17,12,2019,16:15:00,1,75,75116,2,1,2,6,"RUE DE LA POMPE","48,8696621","2,2823882",201900011311,138 285 480,A01,2,1,0,1,1,5,5,NULL,201900011311,138 285 480,A01,10,3,4,1,1949,5,0,-1,-1,2,3,1,201900011311,4,"RUE DE LA POMPE",0,NULL,1,2,-1,1,163,0,1,NULL,NULL,2,0,1,50
201900011908,17,10,2019,07:45:00,5,64,64445,2,1,3,3,"ALFRED NOBEL","43,3146172"," -0,3164878",201900011908,138 284 304,B01,2,1,0,2,1,1,5,NULL,201900011908,138 284 303,A01,1,1,1,2,1968,1,1,0,-1,-1,0,-1,201900011908,4,"ALFRED NOBEL",0,NULL,2,2,1,1,0,0,1,NULL,NULL,2,0,1,50
201900011908,17,10,2019,07:45:00,5,64,64445,2,1,3,3,"ALFRED NOBEL","43,3146172"," -0,3164878",201900011908,138 284 304,B01,2,1,0,2,1,1,5,NULL,201900011908,138 284 304,B01,1,1,4,1,2007,2,8,0,-1,-1,0,-1,201900011908,4,"ALFRED NOBEL",0,NULL,2,2,1,1,0,0,1,NULL,NULL,2,0,1,50
201900012936,22,11,2019,08:45:00,1,47,47165,1,1,1,2,"À Carreau","44,5002060","0,0016310",201900012936,138 282 391,B01,0,1,0,0,4,2,5,NULL,201900012936,138 282 390,A01,1,1,1,2,1982,1,1,-1,-1,0,0,-1,201900012936,4,2,NULL,NULL,2,2,0,1,(1),(1),1,NULL,NULL,1,0,1,80
201900012936,22,11,2019,08:45:00,1,47,47165,1,1,1,2,"À Carreau","44,5002060","0,0016310",201900012936,138 282 391,B01,0,1,0,0,4,2,5,NULL,201900012936,138 282 391,B01,1,1,1,2,1990,2,0,-1,-1,0,0,-1,201900012936,4,2,NULL,NULL,2,2,0,1,(1),(1),1,NULL,NULL,1,0,1,80
201900012936,22,11,2019,08:45:00,1,47,47165,1,1,1,2,"À Carreau","44,5002060","0,0016310",201900012936,138 282 391,B01,0,1,0,0,4,2,5,NULL,201900012936,138 282 391,B01,2,2,3,2,2016,5,0,-1,-1,0,0,-1,201900012936,4,2,NULL,NULL,2,2,0,1,(1),(1),1,NULL,NULL,1,0,1,80
201900012936,22,11,2019,08:45:00,1,47,47165,1,1,1,2,"À Carreau","44,5002060","0,0016310",201900012936,138 282 391,B01,0,1,0,0,4,2,5,NULL,201900012936,138 282 391,B01,3,2,4,1,2015,5,0,-1,-1,0,0,-1,201900012936,4,2,NULL,NULL,2,2,0,1,(1),(1),1,NULL,NULL,1,0,1,80
201900016411,28,5,2019,18:20:00,5,974,97411,2,1,1,3,"LECLERC (DU MARECHAL)"," -20,8839400","55,4639500",201900016411,138 275 799,B01,2,1,0,2,1,0,5,NULL,201900016411,138 275 799,B01,1,1,4,1,2007,5,8,0,-1,-1," -1",-1,201900016411,4,"LECLERC (DU MARECHAL)",0,NULL,3,4,3,1,0,0,1,NULL,NULL,1,0,1,50
201900016411,28,5,2019,18:20:00,5,974,97411,2,1,1,3,"LECLERC (DU MARECHAL)"," -20,8839400","55,4639500",201900016411,138 275 799,B01,2,1,0,2,1,0,5,NULL,201900016411,138 275 800,A01,1,1,1,1,2001,1,2,0,-1,-1," -1",-1,201900016411,4,"LECLERC (DU MARECHAL)",0,NULL,3,4,3,1,0,0,1,NULL,NULL,1,0,1,50
201900023040,15,4,2019,15:00:00,1,42,42316,2,6,1,3,"RD 3","45,4076600","4,2542700",201900023040,138 263 227,B01,3,1,0,2,0,15,5,NULL,201900023040,138 263 227,B01,1,1,1,2,1972,5,2,0,-1,0,0,-1,201900023040,3,3,0,NULL,2,2,1,1,0,0,1,NULL,NULL,1,0,1,50
201900023040,15,4,2019,15:00:00,1,42,42316,2,6,1,3,"RD 3","45,4076600","4,2542700",201900023040,138 263 227,B01,3,1,0,2,0,15,5,NULL,201900023040,138 263 228,A01,1,1,4,1,1954,5,1,0,-1,0,0,-1,201900023040,3,3,0,NULL,2,2,1,1,0,0,1,NULL,NULL,1,0,1,50
201900025112,28,7,2019,17:13:00,1,10,10387,2,2,1,3,"PIERRE BROSSOLETTE (RUE)","48,2854000","4,0779000",201900025112,138 259 102,A01,3,1,0,2,3,5,5,NULL,201900025112,138 259 101,B01,1,1,4,1,1994,0,2,6,-1,-1," -1",-1,201900025112,4,"PIERRE BROSSOLETTE (RUE)",0,NULL,2,4,0,1,0,0,1,NULL,NULL,1,0,1,50
201900025112,28,7,2019,17:13:00,1,10,10387,2,2,1,3,"PIERRE BROSSOLETTE (RUE)","48,2854000","4,0779000",201900025112,138 259 102,A01,3,1,0,2,3,5,5,NULL,201900025112,138 259 102,A01,1,1,4,1,1986,0,8,0,-1,-1," -1",-1,201900025112,4,"PIERRE BROSSOLETTE (RUE)",0,NULL,2,4,0,1,0,0,1,NULL,NULL,1,0,1,50
201900025418,8,5,2019,14:15:00,1,67,67482,2,3,2,3,"PAIX (AVENUE DE LA)","48,5930890","7,7589850",201900025418,138 258 510,B01,1,1,0,2,0,1,5,NULL,201900025418,138 258 510,B01,1,1,4,1,1971,5,8,0,-1,-1,0,-1,201900025418,4,"PAIX (AVENUE DE LA)",0,NULL,1,2,0,1,0,0,1,NULL,NULL,2,0,1,30
201900025418,8,5,2019,14:15:00,1,67,67482,2,3,2,3,"PAIX (AVENUE DE LA)","48,5930890","7,7589850",201900025418,138 258 510,B01,1,1,0,2,0,1,5,NULL,201900025418,138 258 511,A01,1,1,1,1,1968,0,1,8,-1,-1,0,-1,201900025418,4,"PAIX (AVENUE DE LA)",0,NULL,1,2,0,1,0,0,1,NULL,NULL,2,0,1,30
201900026006,25,3,2019,10:07:00,1,54,54395,2,3,1,3,"LORRAIN (QUAI CLAUDE","48,6927200","6,1723900",201900026006,138 257 365,B01,1,1,0,2,2,1,5,NULL,201900026006,138 257 365,B01,1,1,4,2,1991,0,2,0,-1,-1,0,-1,201900026006,4,"impasse LORRAIN (QUAI CLAUDE",0,NULL,1,2,1,1,0,0,1,NULL,NULL,1,0,1,30
201900026006,25,3,2019,10:07:00,1,54,54395,2,3,1,3,"LORRAIN (QUAI CLAUDE","48,6927200","6,1723900",201900026006,138 257 365,B01,1,1,0,2,2,1,5,NULL,201900026006,138 257 366,A01,1,1,1,2,1991,0,1,0,-1,-1," -1",-1,201900026006,4,"impasse LORRAIN (QUAI CLAUDE",0,NULL,1,2,1,1,0,0,1,NULL,NULL,1,0,1,30
201900026625,29,6,2019,11:45:00,1,4,04045,1,1,1,3,"La Viguiere","43,8530570","5,5618870",201900026625,138 256 202,B01,3,1,0,2,8,1,5,NULL,201900026625,138 256 202,B01,1,1,4,1,1965,5,2,-1,-1,0,0,-1,201900026625,4,NULL,NULL,NULL,2,2,0,1,(1),(1),1,NULL,NULL,1,0,1,80
201900026625,29,6,2019,11:45:00,1,4,04045,1,1,1,3,"La Viguiere","43,8530570","5,5618870",201900026625,138 256 202,B01,3,1,0,2,8,1,5,NULL,201900026625,138 256 203,A01,1,1,1,1,1956,4,0,-1,-1,0,0,-1,201900026625,4,NULL,NULL,NULL,2,2,0,1,(1),(1),1,NULL,NULL,1,0,1,80
201900029498,18,12,2019,15:10:00,1,24,24037,2,1,1,2,"FEYRY (AVENUE MARCEAU)","44,8631700","0,4981200",201900029498,138 250 807,B01,1,1,0,2,4,2,5,NULL,201900029498,138 250 806,A01,1,1,1,1,1959,9,1,0,-1,-1," -1",-1,201900029498,3,936E1,0,NULL,2,2,0,1,9,270,1,NULL,NULL,1,0,1,50
201900029498,18,12,2019,15:10:00,1,24,24037,2,1,1,2,"FEYRY (AVENUE MARCEAU)","44,8631700","0,4981200",201900029498,138 250 807,B01,1,1,0,2,4,2,5,NULL,201900029498,138 250 807,B01,1,1,2,1,1938,5,8,0,-1,-1," -1",-1,201900029498,3,936E1,0,NULL,2,2,0,1,9,270,1,NULL,NULL,1,0,1,50