Num_Acc,jour,mois,an,hrmn,lum,dep,com,agg,int,atm,col,adr,lat,long,Num_Acc,id_vehicule,num_veh,senc,catv,obs,obsm,choc,manv,motor,occutc,Num_Acc,id_vehicule,num_veh,place,catu,grav,sexe,an_nais,trajet,secu1,secu2,secu3,locp,actp,etatp,Num_Acc,catr,voie,v1,v2,circ,nbv,vosp,prof,pr,pr1,plan,lartpc,larrout,surf,infra,situ,vma
201900033359,4,10,2019,19:10:00,2,94,94028,2,1,8,3,"POMPADOUR.(CHEMIN DE LA)","48,7721070","2,4315810",201900033359,138 243 522,A01,3,1,0,2,5,19,5,NULL,201900033359,138 243 522,A01,1,1,4,1,2004,0,8,0,-1,-1," -1",-1,201900033359,3,1,0,NULL,1,2,0,1,0,0,1,NULL,NULL,1,0,1,50
201900033359,4,10,2019,19:10:00,2,94,94028,2,1,8,3,"POMPADOUR.(CHEMIN DE LA)","48,7721070","2,4315810",201900033359,138 243 522,A01,3,1,0,2,5,19,5,NULL,201900033359,138 243 523,B01,1,1,1,1,1976,1,1,0,-1,-1," -1",-1,201900033359,3,1,0,NULL,1,2,0,1,0,0,1,NULL,NULL,1,0,1,50
201900037294,30,8,2019,01:06:00,5,69,69389,2,1,1,7,"ARLOING                             (QU)","45,7736500","4,8088600",201900037294,138 235 951,A01,1,1,12,0,2,25,0,NULL,201900037294,138 235 951,A01,1,1,4,1,1984,0,8,0,-1,-1," -1",-1,201900037294,4,"ARLOING                             (QU)",0,NULL,-1,1,0,1,0,0,1,NULL,NULL,1,0,1,50
201900037497,14,2,2019,15:50:00,1,41,41018,2,1,1,3,"LAIGRET (AVENUE DU DOCTEUR JEAN)","47,5862000","1,3293900",201900037497,138 235 522,B01,2,1,0,2,1,7,5,NULL,201900037497,138 235 522,B01,1,1,4,1,1995,5,8,0,-1,0," -1",-1,201900037497,4,"LAIGRET (AVENUE DU DOCTEUR JEAN)",0,NULL,-1,3,3,1,0,0,1,NULL,NULL,1,0,1,50
201900037497,14,2,2019,15:50:00,1,41,41018,2,1,1,3,"LAIGRET (AVENUE DU DOCTEUR JEAN)","47,5862000","1,3293900",201900037497,138 235 522,B01,2,1,0,2,1,7,5,NULL,201900037497,138 235 523,C01,1,1,1,2,1996,5,1,8,-1,0," -1",-1,201900037497,4,"LAIGRET (AVENUE DU DOCTEUR JEAN)",0,NULL,-1,3,3,1,0,0,1,NULL,NULL,1,0,1,50
201900037507,28,2,2019,08:15:00,1,37,37261,2,1,1,3,"MAUPAS (RUE DU PROFESSEUR)","47,4137200","0,7080900",201900037507,138 235 499,B01,3,1,0,2,7,1,5,NULL,201900037507,138 235 499,B01,1,1,4,1,1989,1,2,8,-1,-1,0,-1,201900037507,4,"MAUPAS (RUE DU PROFESSEUR)",0,NULL,-1,2,0,2,0,0,1,NULL,NULL,1,0,1,50
201900037507,28,2,2019,08:15:00,1,37,37261,2,1,1,3,"MAUPAS (RUE DU PROFESSEUR)","47,4137200","0,7080900",201900037507,138 235 499,B01,3,1,0,2,7,1,5,NULL,201900037507,138 235 500,A01,1,1,1,1,1978,1,1,8,-1,-1,0,-1,201900037507,4,"MAUPAS (RUE DU PROFESSEUR)",0,NULL,-1,2,0,2,0,0,1,NULL,NULL,1,0,1,50
201900041575,18,7,2019,09:20:00,1,75,75118,2,5,1,3,"RUE ORDENER","48,8917210","2,3487230",201900041575,138 228 021,B01,2,1,0,2,1,7,5,NULL,201900041575,138 228 021,B01,1,1,4,1,1986,9,8,0,-1,0,0,-1,201900041575,4,"RUE ORDENER",0,NULL,2,3,3,1,0,0,1,NULL,NULL,1,0,6,50
201900041575,18,7,2019,09:20:00,1,75,75118,2,5,1,3,"RUE ORDENER","48,8917210","2,3487230",201900041575,138 228 021,B01,2,1,0,2,1,7,5,NULL,201900041575,138 228 022,A01,1,1,1,1,1969,9,2,8,-1,0,0,-1,201900041575,4,"RUE ORDENER",0,NULL,2,3,3,1,0,0,1,NULL,NULL,1,0,6,50
201900042662,30,9,2019,12:20:00,1,94,94017,2,1,1,6,"GENERAL DE GAULLE (AV DU)","48,8202400","2,4853500",201900042662,138 225 934,B01,1,1,1,0,1,17,0,NULL,201900042662,138 225 932,A01,1,1,1,1,1999,4,1,0,-1,-1," -1",-1,201900042662,3,3,0,NULL,3,0,0,1,0,0,1,NULL,NULL,1,0,1,50
201900042662,30,9,2019,12:20:00,1,94,94017,2,1,1,6,"GENERAL DE GAULLE (AV DU)","48,8202400","2,4853500",201900042662,138 225 934,B01,1,1,1,0,1,17,0,NULL,201900042662,138 225 934,B01,1,1,4,2,1973,1,8,0,-1,-1," -1",-1,201900042662,3,3,0,NULL,3,0,0,1,0,0,1,NULL,NULL,1,0,1,50
201900043327,3,4,2019,08:55:00,1,13,13201,2,1,8,2,"NATIONAL   1 A 51 (BOULEVARD)","43,3024200","5,3868500",201900043327,138 224 675,B01,1,1,0,2,4,1,0,NULL,201900043327,138 224 675,B01,1,1,4,1,1972,1,8,0,-1,-1," -1",-1,201900043327,4,"NATIONAL   1 A 51 (BOULEVARD)",0,NULL,1,2,0,2,0,0,1,NULL,NULL,2,0,1,50
201900043327,3,4,2019,08:55:00,1,13,13201,2,1,8,2,"NATIONAL   1 A 51 (BOULEVARD)","43,3024200","5,3868500",201900043327,138 224 675,B01,1,1,0,2,4,1,0,NULL,201900043327,138 224 676,A01,1,1,1,2,1991,1,1,0,-1,-1," -1",-1,201900043327,4,"NATIONAL   1 A 51 (BOULEVARD)",0,NULL,1,2,0,2,0,0,1,NULL,NULL,2,0,1,50
201900048245,28,9,2019,17:00:00,1,31,31486,2,1,1,1,"rue d'Occitanie","43,4211370","1,2815180",201900048245,138 215 372,B01,0,1,0,2,3,1,6,NULL,201900048245,138 215 372,B01,1,1,3,1,1959,5,2,-1,-1,0,0,-1,201900048245,3,43,0,NULL,2,2,0,1,(1),(1),1,NULL,NULL,1,0,1,50
201900048245,28,9,2019,17:00:00,1,31,31486,2,1,1,1,"rue d'Occitanie","43,4211370","1,2815180",201900048245,138 215 372,B01,0,1,0,2,3,1,6,NULL,201900048245,138 215 373,A01,1,1,1,2,1934,5,1,-1,-1,0,0,-1,201900048245,3,43,0,NULL,2,2,0,1,(1),(1),1,NULL,NULL,1,0,1,50
201900048578,16,7,2019,07:50:00,1,33,33274,2,6,1,3,"D214E9 Route de Bernin / rue du Hameau des Sources","44,7181900"," -0,5395800",201900048578,138 214 727,B01,2,1,0,2,8,9,5,NULL,201900048578,138 214 727,B01,2,2,1,2,2018,0,2,3,-1,0,0,-1,201900048578,3,214E9,NULL,E,2,2,0,1,0,430,2,NULL,NULL,1,5,1,30
201900048578,16,7,2019,07:50:00,1,33,33274,2,6,1,3,"D214E9 Route de Bernin / rue du Hameau des Sources","44,7181900"," -0,5395800",201900048578,138 214 727,B01,2,1,0,2,8,9,5,NULL,201900048578,138 214 727,B01,1,1,3,2,1990,1,0,-1,-1,0,0,-1,201900048578,3,214E9,NULL,E,2,2,0,1,0,430,2,NULL,NULL,1,5,1,30
201900048578,16,7,2019,07:50:00,1,33,33274,2,6,1,3,"D214E9 Route de Bernin / rue du Hameau des Sources","44,7181900"," -0,5395800",201900048578,138 214 727,B01,2,1,0,2,8,9,5,NULL,201900048578,138 214 728,A01,2,2,1,2,1968,9,1,-1,-1,-1," -1",-1,201900048578,3,214E9,NULL,E,2,2,0,1,0,430,2,NULL,NULL,1,5,1,30
201900048578,16,7,2019,07:50:00,1,33,33274,2,6,1,3,"D214E9 Route de Bernin / rue du Hameau des Sources","44,7181900"," -0,5395800",201900048578,138 214 727,B01,2,1,0,2,8,9,5,NULL,201900048578,138 214 728,A01,1,1,1,2,1999,9,1,-1,-1,0,0,-1,201900048578,3,214E9,NULL,E,2,2,0,1,0,430,2,NULL,NULL,1,5,1,30
201900051979,21,9,2019,16:00:00,1,56,56121,2,6,1,3,"BLUM ( BD LEON )","47,7472118"," -3,3764740",201900051979,138 208 390,B01,2,1,0,2,1,1,5,NULL,201900051979,138 208 390,B01,1,1,4,1,1946,5,2,0,-1,0,0,-1,201900051979,4,"BLUM ( BD LEON )",0,NULL,2,2,0,4,(1),(1),1,NULL,NULL,1,5,1,50
201900051979,21,9,2019,16:00:00,1,56,56121,2,6,1,3,"BLUM ( BD LEON )","47,7472118"," -3,3764740",201900051979,138 208 390,B01,2,1,0,2,1,1,5,NULL,201900051979,138 208 391,A01,1,1,1,2,1943,5,1,8,-1,0,0,-1,201900051979,4,"BLUM ( BD LEON )",0,NULL,2,2,0,4,(1),(1),1,NULL,NULL,1,5,1,50
201900052607,5,12,2019,14:10:00,1,29,29135,2,1,1,1,"place des anciens combattants","47,8329096"," -4,1750976",201900052607,138 207 132,B01,1,1,0,2,3,1,5,NULL,201900052607,138 207 132,B01,1,1,4,1,1977,5,6,-1,-1,0,0,-1,201900052607,3,2,NULL,NULL,2,2,0,1,(1),(1),1,NULL,NULL,1,0,1,50
201900052607,5,12,2019,14:10:00,1,29,29135,2,1,1,1,"place des anciens combattants","47,8329096"," -4,1750976",201900052607,138 207 132,B01,1,1,0,2,3,1,5,NULL,201900052607,138 207 133,A01,1,1,1,1,1970,4,1,-1,-1,0,0,-1,201900052607,3,2,NULL,NULL,2,2,0,1,(1),(1),1,NULL,NULL,1,0,1,50
201900052928,18,6,2019,20:34:00,1,26,26281,2,1,1,3,"VINAY LOUIS (RUE)","45,0495500","5,0752400",201900052928,138 206 529,B01,1,1,0,2,8,19,5,NULL,201900052928,138 206 529,B01,1,1,4,1,2009,0,8,0,-1,-1," -1",-1,201900052928,4,"VINAY LOUIS (RUE)",0,NULL,2,2,0,1,0,0,1,NULL,NULL,1,0,1,50
201900052928,18,6,2019,20:34:00,1,26,26281,2,1,1,3,"VINAY LOUIS (RUE)","45,0495500","5,0752400",201900052928,138 206 529,B01,1,1,0,2,8,19,5,NULL,201900052928,138 206 530,A01,1,1,1,1,1997,0,1,8,-1,-1," -1",-1,201900052928,4,"VINAY LOUIS (RUE)",0,NULL,2,2,0,1,0,0,1,NULL,NULL,1,0,1,50
201900054812,18,2,2019,14:50:00,1,69,69072,1,1,1,2,"D 307","45,8060720","4,7365250",201900054812,138 203 063,B01,3,1,0,2,6,2,5,NULL,201900054812,138 203 062,A01,1,1,1,1,1980,5,2,-1,-1,0,0,-1,201900054812,3,307,0,D,2,2,0,1,(1),(1),1,NULL,NULL,1,0,1,70
201900054812,18,2,2019,14:50:00,1,69,69072,1,1,1,2,"D 307","45,8060720","4,7365250",201900054812,138 203 063,B01,3,1,0,2,6,2,5,NULL,201900054812,138 203 063,B01,1,1,4,1,1952,5,2,-1,-1,0,0,-1,201900054812,3,307,0,D,2,2,0,1,(1),(1),1,NULL,NULL,1,0,1,70
201900055127,2,1,2019,16:05:00,1,42,42187,2,8,1,3,"POLYGONE (AVENUE DU )","46,0548400","4,0807800",201900055127,138 202 395,A01,3,1,0,2,7,26,5,NULL,201900055127,138 202 394,B01,1,1,1,1,1944,3,1,0,-1,0,0,-1,201900055127,4,"POLYGONE (AVENUE DU )",0,NULL,3,2,0,1,0,0,1,NULL,NULL,1,4,1,50
201900055127,2,1,2019,16:05:00,1,42,42187,2,8,1,3,"POLYGONE (AVENUE DU )","46,0548400","4,0807800",201900055127,138 202 395,A01,3,1,0,2,7,26,5,NULL,201900055127,138 202 395,A01,1,1,3,1,1984,5,2,8,-1,0,0,-1,201900055127,4,"POLYGONE (AVENUE DU )",0,NULL,3,2,0,1,0,0,1,NULL,NULL,1,4,1,50
201900057049,9,7,2019,18:00:00,1,67,67482,2,1,1,3,"BELGES (QUAI DES)","48,5757800","7,7782700",201900057049,138 198 877,B01,1,1,0,2,1,1,5,NULL,201900057049,138 198 876,A01,1,1,1,1,1997,0,1,8,-1,0,0,-1,201900057049,4,"BELGES (QUAI DES)",0,NULL,3,4,2,1,0,0,1,NULL,NULL,1,0,1,50
201900057049,9,7,2019,18:00:00,1,67,67482,2,1,1,3,"BELGES (QUAI DES)","48,5757800","7,7782700",201900057049,138 198 877,B01,1,1,0,2,1,1,5,NULL,201900057049,138 198 877,B01,1,1,3,1,2000,0,8,0,-1,0,0,-1,201900057049,4,"BELGES (QUAI DES)",0,NULL,3,4,2,1,0,0,1,NULL,NULL,1,0,1,50
201900009763,22,3,2019,16:00:00,1,34,34036,1,1,1,2,Cartels,"43,6849380","3,3637990",201900009763,138 288 255,B01,2,1,0,0,8,2,0,NULL,201900009763,138 288 255,B01,1,1,3,1,1948,0,2,-1,-1,0,0,-1,201900009763,3,609,NULL,NULL,2,2,0,1,31,800,1,NULL,NULL,1,0,1,80
201900009763,22,3,2019,16:00:00,1,34,34036,1,1,1,2,Cartels,"43,6849380","3,3637990",201900009763,138 288 255,B01,2,1,0,0,8,2,0,NULL,201900009763,138 288 256,A01,1,1,1,1,1942,0,8,-1,-1,0,0,-1,201900009763,3,609,NULL,NULL,2,2,0,1,31,800,1,NULL,NULL,1,0,1,80
201900010097,18,10,2019,12:15:00,1,94,94071,2,1,1,7,"OLIVIER D ORMESSON (AV)","48,7810600","2,5143900",201900010097,138 287 662,A01,3,1,0,0,0,0,5,NULL,201900010097,138 287 662,A01,1,1,4,1,2001,2,8,0,-1,-1,0,-1,201900010097,4,"OLIVIER D ORMESSON (AV)",0,NULL,2,2,0,2,0,0,1,NULL,NULL,1,0,1,50
201900010870,5,7,2019,12:45:00,1,75,75111,2,2,1,3,"AVENUE DE LA REPUBLIQUE","48,8659980","2,3706800",201900010870,138 286 281,B01,2,1,0,2,3,16,5,NULL,201900010870,138 286 281,B01,1,1,4,2,1987,4,2,0,-1,0,0,-1,201900010870,4,"AVENUE DE LA REPUBLIQUE",0,NULL,2,2,0,2,0,0,1,NULL,NULL,1,0,1,30
201900010870,5,7,2019,12:45:00,1,75,75111,2,2,1,3,"AVENUE DE LA REPUBLIQUE","48,8659980","2,3706800",201900010870,138 286 281,B01,2,1,0,2,3,16,5,NULL,201900010870,138 286 282,A01,1,1,1,1,1975,9,1,0,-1,0,0,-1,201900010870,4,"AVENUE DE LA REPUBLIQUE",0,NULL,2,2,0,2,0,0,1,NULL,NULL,1,0,1,30
201900011400,14,9,2019,15:40:00,1,50,50532,2,1,1,1,"MAIRIE (RUE DE LA)","48,8142000"," -1,5678000",201900011400,138 285 306,A01,2,1,0,2,1,5,5,NULL,201900011400,138 285 305,B01,1,1,1,1,1996,5,1,8,-1,0,0,-1,201900011400,4,"MAIRIE (RUE DE LA)",0,NULL,1,1,0,1,0,0,1,NULL,NULL,1,0,1,30
201900011400,14,9,2019,15:40:00,1,50,50532,2,1,1,1,"MAIRIE (RUE DE LA)","48,8142000"," -1,5678000",201900011400,138 285 306,A01,2,1,0,2,1,5,5,NULL,201900011400,138 285 306,A01,1,1,4,1,1967,5,8,0,-1,0,0,-1,201900011400,4,"MAIRIE (RUE DE LA)",0,NULL,1,1,0,1,0,0,1,NULL,NULL,1,0,1,30
201900013964,21,4,2019,13:00:00,1,2A,2A212,1,1,1,5,"Calanques de PIANA","42,2604757","8,6819382",201900013964,138 280 428,A01,1,1,0,2,1,13,5,NULL,201900013964,138 280 426,C01,2,2,1,1,1982,5,1,-1,-1,0,0,-1,201900013964,3,81,NULL,NULL,2,2,0,2,69,800,2,NULL,NULL,1,0,1,70
201900013964,21,4,2019,13:00:00,1,2A,2A212,1,1,1,5,"Calanques de PIANA","42,2604757","8,6819382",201900013964,138 280 427,B01,1,1,0,2,1,13,5,NULL,201900013964,138 280 426,C01,2,2,1,1,1982,5,1,-1,-1,0,0,-1,201900013964,3,81,NULL,NULL,2,2,0,2,69,800,2,NULL,NULL,1,0,1,70
201900013964,21,4,2019,13:00:00,1,2A,2A212,1,1,1,5,"Calanques de PIANA","42,2604757","8,6819382",201900013964,138 280 428,A01,1,1,0,2,1,13,5,NULL,201900013964,138 280 426,C01,1,1,1,1,1994,5,1,-1,-1,0,0,-1,201900013964,3,81,NULL,NULL,2,2,0,2,69,800,2,NULL,NULL,1,0,1,70
201900013964,21,4,2019,13:00:00,1,2A,2A212,1,1,1,5,"Calanques de PIANA","42,2604757","8,6819382",201900013964,138 280 427,B01,1,1,0,2,1,13,5,NULL,201900013964,138 280 426,C01,1,1,1,1,1994,5,1,-1,-1,0,0,-1,201900013964,3,81,NULL,NULL,2,2,0,2,69,800,2,NULL,NULL,1,0,1,70
201900013964,21,4,2019,13:00:00,1,2A,2A212,1,1,1,5,"Calanques de PIANA","42,2604757","8,6819382",201900013964,138 280 428,A01,1,1,0,2,1,13,5,NULL,201900013964,138 280 427,B01,1,1,3,1,1990,5,2,-1,-1,0,0,-1,201900013964,3,81,NULL,NULL,2,2,0,2,69,800,2,NULL,NULL,1,0,1,70
201900013964,21,4,2019,13:00:00,1,2A,2A212,1,1,1,5,"Calanques de PIANA","42,2604757","8,6819382",201900013964,138 280 427,B01,1,1,0,2,1,13,5,NULL,201900013964,138 280 427,B01,1,1,3,1,1990,5,2,-1,-1,0,0,-1,201900013964,3,81,NULL,NULL,2,2,0,2,69,800,2,NULL,NULL,1,0,1,70
201900013964,21,4,2019,13:00:00,1,2A,2A212,1,1,1,5,"Calanques de PIANA","42,2604757","8,6819382",201900013964,138 280 428,A01,1,1,0,2,1,13,5,NULL,201900013964,138 280 428,A01,1,1,3,1,1982,5,2,-1,-1,0,0,-1,201900013964,3,81,NULL,NULL,2,2,0,2,69,800,2,NULL,NULL,1,0,1,70
201900013964,21,4,2019,13:00:00,1,2A,2A212,1,1,1,5,"Calanques de PIANA","42,2604757","8,6819382",201900013964,138 280 427,B01,1,1,0,2,1,13,5,NULL,201900013964,138 280 428,A01,1,1,3,1,1982,5,2,-1,-1,0,0,-1,201900013964,3,81,NULL,NULL,2,2,0,2,69,800,2,NULL,NULL,1,0,1,70
201900013975,20,4,2019,17:39:00,1,6,06060,2,1,1,1,"1319 Route du Mont-Chauve","43,7620390","7,2606400",201900013975,138 280 408,A01,0,1,0,2,1,1,5,NULL,201900013975,138 280 408,A01,1,1,3,1,1982,5,2,-1,-1,0,0,-1,201900013975,7,214,0,M,2,2,0,2,(1),(1),1,NULL,NULL,1,0,1,50
201900013975,20,4,2019,17:39:00,1,6,06060,2,1,1,1,"1319 Route du Mont-Chauve","43,7620390","7,2606400",201900013975,138 280 408,A01,0,1,0,2,1,1,5,NULL,201900013975,138 280 409,B01,1,1,4,1,2000,5,2,-1,-1,0,0,-1,201900013975,7,214,0,M,2,2,0,2,(1),(1),1,NULL,NULL,1,0,1,50
201900018131,10,5,2019,13:55:00,1,69,69386,2,2,1,3,"BUGEAUD                             (R )","45,7658290","4,8425406",201900018131,138 272 500,A01,1,1,0,2,1,2,0,NULL,201900018131,138 272 499,B01,1,1,1,1,1992,1,1,8,-1,0,0,-1,201900018131,4,"BUGEAUD                             (R )",0,NULL,2,2,2,1,0,0,1,NULL,NULL,1,0,1,30
201900018131,10,5,2019,13:55:00,1,69,69386,2,2,1,3,"BUGEAUD                             (R )","45,7658290","4,8425406",201900018131,138 272 500,A01,1,1,0,2,1,2,0,NULL,201900018131,138 272 500,A01,1,1,4,2,1995,0,2,0,-1,0,0,-1,201900018131,4,"BUGEAUD                             (R )",0,NULL,2,2,2,1,0,0,1,NULL,NULL,1,0,1,30
201900019085,9,9,2019,09:00:00,1,92,92049,2,1,1,7,"ETATS UNIS PLACE DES","48,8174800","2,3156900",201900019085,138 270 778,A01,1,1,0,0,0,14,5,NULL,201900019085,138 270 778,A01,1,1,4,1,1982,1,8,0,-1,-1,0,-1,201900019085,4,"ETATS UNIS PLACE DES",0,NULL,-1,0,0,1,0,1,1,NULL,NULL,1,0,1,50
201900020453,26,12,2019,15:35:00,1,75,75120,2,1,1,3,"BOULEVARD DE MENILMONTANT","48,8618569","2,3880330",201900020453,138 268 154,A01,1,1,0,2,8,14,5,NULL,201900020453,138 268 153,B01,1,1,1,1,1991,1,2,8,-1,0,0,-1,201900020453,4,"BOULEVARD DE MENILMONTANT",0,NULL,2,2,1,1,55,0,1,NULL,NULL,1,0,5,50
201900020453,26,12,2019,15:35:00,1,75,75120,2,1,1,3,"BOULEVARD DE MENILMONTANT","48,8618569","2,3880330",201900020453,138 268 153,B01,1,1,0,2,7,17,5,NULL,201900020453,138 268 153,B01,1,1,1,1,1991,1,2,8,-1,0,0,-1,201900020453,4,"BOULEVARD DE MENILMONTANT",0,NULL,2,2,1,1,55,0,1,NULL,NULL,1,0,5,50
201900020453,26,12,2019,15:35:00,1,75,75120,2,1,1,3,"BOULEVARD DE MENILMONTANT","48,8618569","2,3880330",201900020453,138 268 154,A01,1,1,0,2,8,14,5,NULL,201900020453,138 268 154,A01,1,1,4,2,1967,0,2,8,-1,0,0,-1,201900020453,4,"BOULEVARD DE MENILMONTANT",0,NULL,2,2,1,1,55,0,1,NULL,NULL,1,0,5,50
201900020453,26,12,2019,15:35:00,1,75,75120,2,1,1,3,"BOULEVARD DE MENILMONTANT","48,8618569","2,3880330",201900020453,138 268 153,B01,1,1,0,2,7,17,5,NULL,201900020453,138 268 154,A01,1,1,4,2,1967,0,2,8,-1,0,0,-1,201900020453,4,"BOULEVARD DE MENILMONTANT",0,NULL,2,2,1,1,55,0,1,NULL,NULL,1,0,5,50
201900021295,17,4,2019,18:55:00,1,75,75112,2,3,1,6,"QUAI DE LA RAPEE","48,8452700","2,3683620",201900021295,138 266 570,Z01,2,1,0,2,1,16,5,NULL,201900021295,138 266 569,A01,2,2,4,2,1979,5,2,6,-1,0,0,-1,201900021295,4,"QUAI DE LA RAPEE",0,NULL,2,3,0,1,0,0,1,NULL,NULL,1,0,5,50
201900021295,17,4,2019,18:55:00,1,75,75112,2,3,1,6,"QUAI DE LA RAPEE","48,8452700","2,3683620",201900021295,138 266 570,Z01,2,1,0,2,1,16,5,NULL,201900021295,138 266 569,A01,1,1,1,1,1967,5,2,6,-1,0,0,-1,201900021295,4,"QUAI DE LA RAPEE",0,NULL,2,3,0,1,0,0,1,NULL,NULL,1,0,5,50
201900022223,24,12,2019,13:25:00,1,13,13087,2,3,1,3,"1 Rue Michel Garnier Architecte","43,4701640","5,6148410",201900022223,138 264 792,B01,2,1,0,2,1,21,5,NULL,201900022223,138 264 791,A01,1,1,1,1,1976,4,1,-1,-1,0,0,-1,201900022223,3,56,NULL,C,-1,2,2,1,3,900,1,NULL,NULL,1,0,1,50
201900022223,24,12,2019,13:25:00,1,13,13087,2,3,1,3,"1 Rue Michel Garnier Architecte","43,4701640","5,6148410",201900022223,138 264 792,B01,2,1,0,2,1,21,5,NULL,201900022223,138 264 792,B01,1,1,4,1,1960,1,0,-1,-1,0,0,-1,201900022223,3,56,NULL,C,-1,2,2,1,3,900,1,NULL,NULL,1,0,1,50
201900025081,28,7,2019,07:58:00,1,29,29019,2,1,1,2,"HARTELOIRE (PONT)","48,3928000"," -4,4999700",201900025081,138 259 157,B01,0,1,0,2,4,1,0,NULL,201900025081,138 259 156,A01,1,1,1,1,1993,5,8,0,-1,0,0,-1,201900025081,4,"HARTELOIRE (PONT)",0,NULL,2,2,1,1,0,0,1,NULL,NULL,1,2,1,50
201900025081,28,7,2019,07:58:00,1,29,29019,2,1,1,2,"HARTELOIRE (PONT)","48,3928000"," -4,4999700",201900025081,138 259 157,B01,0,1,0,2,4,1,0,NULL,201900025081,138 259 157,B01,1,1,4,1,1989,5,2,8,-1,-1,0,-1,201900025081,4,"HARTELOIRE (PONT)",0,NULL,2,2,1,1,0,0,1,NULL,NULL,1,2,1,50
201900026315,6,9,2019,15:20:00,1,32,32013,1,1,1,2,"VIC (ROUTE DE)","43,6558600","0,5552200",201900026315,138 256 776,B01,1,1,0,2,8,1,5,NULL,201900026315,138 256 775,A01,1,1,1,1,1940,5,1,0,-1,0,0,-1,201900026315,3,924,0,NULL,2,2,0,2,0,0,3,NULL,NULL,1,0,1,70
201900026315,6,9,2019,15:20:00,1,32,32013,1,1,1,2,"VIC (ROUTE DE)","43,6558600","0,5552200",201900026315,138 256 776,B01,1,1,0,2,8,1,5,NULL,201900026315,138 256 776,B01,1,1,3,1,1938,5,2,0,-1,0,0,-1,201900026315,3,924,0,NULL,2,2,0,2,0,0,3,NULL,NULL,1,0,1,70
201900026698,11,4,2019,16:07:00,1,44,44049,2,6,1,3,"BOULEVARD DU GENERAL LECLERC","47,2879520"," -2,5096100",201900026698,138 256 079,B01,3,1,0,2,8,16,5,NULL,201900026698,138 256 078,A01,1,1,1,1,1945,5,1,-1,-1,0,0,-1,201900026698,4,NULL,0,NULL,2,2,0,1,(1),(1),3,NULL,NULL,1,0,1,50
201900026698,11,4,2019,16:07:00,1,44,44049,2,6,1,3,"BOULEVARD DU GENERAL LECLERC","47,2879520"," -2,5096100",201900026698,138 256 079,B01,3,1,0,2,8,16,5,NULL,201900026698,138 256 079,B01,1,1,3,1,1946,5,0,-1,-1,0,0,-1,201900026698,4,NULL,0,NULL,2,2,0,1,(1),(1),3,NULL,NULL,1,0,1,50
201900027046,6,3,2019,14:45:00,1,974,97409,2,3,3,3,"MASCAREIGNES (Avenue des)"," -20,9570500","55,6496500",201900027046,138 255 457,A01,3,1,0,2,1,17,5,NULL,201900027046,138 255 457,A01,1,1,4,1,2001,2,8,0,-1,0,0,-1,201900027046,4,"Avenue Ile de France",0,NULL,2,2,0,2,0,0,1,NULL,NULL,2,0,2,50
201900027046,6,3,2019,14:45:00,1,974,97409,2,3,3,3,"MASCAREIGNES (Avenue des)"," -20,9570500","55,6496500",201900027046,138 255 457,A01,3,1,0,2,1,17,5,NULL,201900027046,138 255 458,B01,1,1,1,1,1983,0,1,8,-1,0,0,-1,201900027046,4,"Avenue Ile de France",0,NULL,2,2,0,2,0,0,1,NULL,NULL,2,0,2,50
201900027918,25,1,2019,20:25:00,1,64,64445,2,6,1,3,"FRANCOIS MITTERAND","43,3043747"," -0,3675705",201900027918,138 253 815,B01,1,1,0,2,1,1,5,NULL,201900027918,138 253 815,B01,1,1,4,1,1994,4,8,0,-1,0,0,-1,201900027918,4,"ALSACE LORRAINE D'",0,NULL,1,1,0,1,0,0,2,NULL,NULL,2,0,1,30
201900027918,25,1,2019,20:25:00,1,64,64445,2,6,1,3,"FRANCOIS MITTERAND","43,3043747"," -0,3675705",201900027918,138 253 815,B01,1,1,0,2,1,1,5,NULL,201900027918,138 253 816,A01,1,1,1,2,1984,0,1,0,-1,0,0,-1,201900027918,4,"ALSACE LORRAINE D'",0,NULL,1,1,0,1,0,0,2,NULL,NULL,2,0,1,30
201900029267,11,11,2019,17:50:00,2,75,75111,2,1,1,3,"BOULEVARD DE BELLEVILLE","48,8706120","2,3783540",201900029267,138 251 298,B01,2,1,0,2,1,17,5,NULL,201900029267,138 251 298,B01,1,1,4,2,1994,9,8,2,-1,0,0,-1,201900029267,4,"BOULEVARD DE BELLEVILLE",0,NULL,3,1,1,1,69,0,1,NULL,NULL,1,0,5,50
201900029267,11,11,2019,17:50:00,2,75,75111,2,1,1,3,"BOULEVARD DE BELLEVILLE","48,8706120","2,3783540",201900029267,138 251 298,B01,2,1,0,2,1,17,5,NULL,201900029267,138 251 299,A01,1,1,1,1,1978,5,1,0,-1,0,0,-1,201900029267,4,"BOULEVARD DE BELLEVILLE",0,NULL,3,1,1,1,69,0,1,NULL,NULL,1,0,5,50
201900030483,9,3,2019,14:40:00,1,75,75110,2,2,1,3,"RUE LUCIEN SAMPAIX","48,8742750","2,3626250",201900030483,138 248 999,B01,2,1,0,2,3,1,5,NULL,201900030483,138 248 999,B01,1,1,4,2,1986,9,2,0,-1,0,0,-1,201900030483,4,"RUE LUCIEN SAMPAIX",0,NULL,1,1,0,1,0,0,1,NULL,NULL,1,0,1,50