Num_Acc,jour,mois,an,hrmn,lum,dep,com,agg,int,atm,col,adr,lat,long,Num_Acc,id_vehicule,num_veh,senc,catv,obs,obsm,choc,manv,motor,occutc,Num_Acc,id_vehicule,num_veh,place,catu,grav,sexe,an_nais,trajet,secu1,secu2,secu3,locp,actp,etatp,Num_Acc,catr,voie,v1,v2,circ,nbv,vosp,prof,pr,pr1,plan,lartpc,larrout,surf,infra,situ,vma
201900030483,9,3,2019,14:40:00,1,75,75110,2,2,1,3,"RUE LUCIEN SAMPAIX","48,8742750","2,3626250",201900030483,138 248 999,B01,2,1,0,2,3,1,5,NULL,201900030483,138 249 000,A01,1,1,4,2,1982,9,2,6,-1,0,0,-1,201900030483,4,"RUE LUCIEN SAMPAIX",0,NULL,1,1,0,1,0,0,1,NULL,NULL,1,0,1,50
201900034640,14,12,2019,16:17:00,1,10,10362,2,1,2,6,"PAUL DOUMER (RUE)","48,2895000","4,0460000",201900034640,138 241 071,A01,2,1,1,0,1,1,5,NULL,201900034640,138 241 070,B01,1,1,1,1,1991,5,8,0,-1,-1," -1",-1,201900034640,7,"PAUL DOUMER (RUE)",0,NULL,2,0,0,1,0,0,1,NULL,NULL,2,0,1,50
201900034640,14,12,2019,16:17:00,1,10,10362,2,1,2,6,"PAUL DOUMER (RUE)","48,2895000","4,0460000",201900034640,138 241 071,A01,2,1,1,0,1,1,5,NULL,201900034640,138 241 071,A01,1,1,3,1,1948,5,2,8,-1,-1," -1",-1,201900034640,7,"PAUL DOUMER (RUE)",0,NULL,2,0,0,1,0,0,1,NULL,NULL,2,0,1,50
201900036987,9,4,2019,20:00:00,5,987,98714,1,1,1,7,"FAANUI quartier MATAHO"," -16,4399380"," -151,7573780",201900036987,138 236 530,A01,3,1,13,0,0,14,5,NULL,201900036987,138 236 530,A01,1,1,2,1,2002,5,0,-1,-1,0,0,-1,201900036987,4,CX63,NULL,NULL,2,2,0,2,(1),(1),4,NULL,NULL,1,0,8,40
201900037381,27,8,2019,12:00:00,1,64,64483,2,9,1,3,"LARRAMENDY PIERRE (AVENUE)","43,3835900"," -1,6598900",201900037381,138 235 736,A01,1,1,0,2,1,15,5,NULL,201900037381,138 235 736,A01,1,1,4,1,1991,0,8,0,-1,0,0,-1,201900037381,4,"LARRAMENDY PIERRE (AVENUE)",0,NULL,2,3,1,1,0,0,1,NULL,NULL,1,0,3,50
201900037381,27,8,2019,12:00:00,1,64,64483,2,9,1,3,"LARRAMENDY PIERRE (AVENUE)","43,3835900"," -1,6598900",201900037381,138 235 736,A01,1,1,0,2,1,15,5,NULL,201900037381,138 235 737,B01,1,1,1,1,1965,0,1,0,-1,0,0,-1,201900037381,4,"LARRAMENDY PIERRE (AVENUE)",0,NULL,2,3,1,1,0,0,1,NULL,NULL,1,0,3,50
201900038430,20,6,2019,11:30:00,1,75,75113,2,1,1,6,"RUE DUNOIS","48,8306920","2,3698950",201900038430,138 233 860,A01,2,1,0,1,1,1,5,NULL,201900038430,138 233 860,A01,1,1,1,1,1976,1,8,8,-1,0,0,-1,201900038430,4,"RUE DUNOIS",0,NULL,1,1,2,1,0,0,1,NULL,NULL,1,0,5,30
201900038430,20,6,2019,11:30:00,1,75,75113,2,1,1,6,"RUE DUNOIS","48,8306920","2,3698950",201900038430,138 233 860,A01,2,1,0,1,1,1,5,NULL,201900038430,138 233 860,A01,10,3,4,2,1964,9,8,0,-1,2,4,1,201900038430,4,"RUE DUNOIS",0,NULL,1,1,2,1,0,0,1,NULL,NULL,1,0,5,30
201900038955,20,1,2019,10:05:00,1,62,62621,2,1,1,3,"rue de la Liette","50,8885970","2,0435320",201900038955,138 232 856,B01,3,1,0,2,3,1,5,NULL,201900038955,138 232 855,A01,1,1,1,1,1976,5,8,-1,-1,0,0,-1,201900038955,4,157,NULL,NULL,2,1,2,1,(1),(1),1,NULL,NULL,1,0,1,50
201900038955,20,1,2019,10:05:00,1,62,62621,2,1,1,3,"rue de la Liette","50,8885970","2,0435320",201900038955,138 232 856,B01,3,1,0,2,3,1,5,NULL,201900038955,138 232 856,B01,1,1,4,1,1966,5,0,-1,-1,0,0,-1,201900038955,4,157,NULL,NULL,2,1,2,1,(1),(1),1,NULL,NULL,1,0,1,50
201900039512,5,4,2019,09:45:00,1,63,63113,1,1,1,6,"PRE COMTAL (RUE DE)","45,7984940","3,1288370",201900039512,138 231 828,A01,2,1,0,0,0,0,5,NULL,201900039512,138 231 827,B01,1,1,1,1,1983,4,1,0,-1,-1," -1",-1,201900039512,4,"PRE COMTAL (RUE DE)",0,NULL,2,2,0,1,(1),(1),1,NULL,NULL,1,0,1,80
201900039512,5,4,2019,09:45:00,1,63,63113,1,1,1,6,"PRE COMTAL (RUE DE)","45,7984940","3,1288370",201900039512,138 231 828,A01,2,1,0,0,0,0,5,NULL,201900039512,138 231 828,A01,1,1,2,1,1948,5,8,0,-1,-1," -1",-1,201900039512,4,"PRE COMTAL (RUE DE)",0,NULL,2,2,0,1,(1),(1),1,NULL,NULL,1,0,1,80
201900040606,18,1,2019,21:10:00,3,29,29055,2,1,2,3,"Zone Industrielle de Kerduff, ZI DE KERDUFF","48,5663218"," -4,3536751",201900040606,138 229 823,A01,2,1,0,0,6,1,5,NULL,201900040606,138 229 822,B01,1,1,1,1,1983,1,1,-1,-1,0,0,-1,201900040606,3,28,0,NULL,2,2,0,1,1,500,1,NULL,NULL,2,0,1,70
201900040606,18,1,2019,21:10:00,3,29,29055,2,1,2,3,"Zone Industrielle de Kerduff, ZI DE KERDUFF","48,5663218"," -4,3536751",201900040606,138 229 823,A01,2,1,0,0,6,1,5,NULL,201900040606,138 229 823,A01,1,1,3,2,1956,0,0,-1,-1,0,0,-1,201900040606,3,28,0,NULL,2,2,0,1,1,500,1,NULL,NULL,2,0,1,70
201900041444,4,4,2019,16:20:00,1,66,66141,2,1,1,3,"avenue Torcatis","42,7447600","2,9174300",201900041444,138 228 256,B01,0,1,0,2,8,19,5,NULL,201900041444,138 228 256,B01,1,1,3,1,2005,2,0,-1,-1,0,0,-1,201900041444,4,NULL,NULL,NULL,1,1,0,1,(1),(1),1,NULL,NULL,1,0,1,50
201900041444,4,4,2019,16:20:00,1,66,66141,2,1,1,3,"avenue Torcatis","42,7447600","2,9174300",201900041444,138 228 256,B01,0,1,0,2,8,19,5,NULL,201900041444,138 228 257,A01,1,1,1,1,1991,5,1,-1,-1,0,0,-1,201900041444,4,NULL,NULL,NULL,1,1,0,1,(1),(1),1,NULL,NULL,1,0,1,50
201900042879,28,9,2019,10:07:00,1,50,50165,2,1,1,2,"D 135E","48,8524700"," -1,5624000",201900042879,138 225 501,B01,1,1,0,2,4,1,5,NULL,201900042879,138 225 501,B01,1,1,3,2,1993,0,8,8,-1,0,0,-1,201900042879,3,135E5,0,NULL,2,2,0,2,1,0,1,NULL,NULL,1,5,1,30
201900042879,28,9,2019,10:07:00,1,50,50165,2,1,1,2,"D 135E","48,8524700"," -1,5624000",201900042879,138 225 501,B01,1,1,0,2,4,1,5,NULL,201900042879,138 225 502,A01,1,1,1,1,1942,5,1,0,-1,0,0,-1,201900042879,3,135E5,0,NULL,2,2,0,2,1,0,1,NULL,NULL,1,5,1,30
201900045719,11,4,2019,20:34:00,2,84,84007,2,2,1,3,"TROIS FAUCONS (rue des)","43,9451200","4,8074200",201900045719,138 220 145,B01,3,1,0,2,1,1,5,NULL,201900045719,138 220 144,A01,1,1,1,1,1987,1,1,0,-1,-1," -1",-1,201900045719,4,"TROIS FAUCONS (rue des)",0,NULL,4,0,3,1,(1),(1),1,NULL,NULL,1,6,1,20
201900045719,11,4,2019,20:34:00,2,84,84007,2,2,1,3,"TROIS FAUCONS (rue des)","43,9451200","4,8074200",201900045719,138 220 145,B01,3,1,0,2,1,1,5,NULL,201900045719,138 220 145,B01,1,1,3,1,1995,5,8,0,-1,-1," -1",-1,201900045719,4,"TROIS FAUCONS (rue des)",0,NULL,4,0,3,1,(1),(1),1,NULL,NULL,1,6,1,20
201900045770,16,6,2019,22:44:00,4,78,78358,2,1,1,3,"PARIS (RUE DE)","48,9459000","2,1514600",201900045770,138 220 038,B01,2,1,1,2,4,2,0,NULL,201900045770,138 220 037,A01,1,1,1,1,1967,5,8,0,-1,-1,0,-1,201900045770,3,308,0,NULL,2,2,0,2,4,950,1,NULL,NULL,1,0,3,50
201900045770,16,6,2019,22:44:00,4,78,78358,2,1,1,3,"PARIS (RUE DE)","48,9459000","2,1514600",201900045770,138 220 038,B01,2,1,1,2,4,2,0,NULL,201900045770,138 220 038,B01,1,1,3,1,1998,0,8,0,-1,-1,0,-1,201900045770,3,308,0,NULL,2,2,0,2,4,950,1,NULL,NULL,1,0,3,50
201900046314,9,1,2019,12:15:00,1,44,44109,2,1,1,5,BERLIN,"47,2158400"," -1,5316400",201900046314,138 218 952,B01,1,1,0,2,8,1,5,NULL,201900046314,138 218 951,A01,1,1,1,1,1973,4,8,0,-1,0,0,-1,201900046314,4,NULL,0,NULL,3,0,0,1,1,0,1,NULL,NULL,1,0,1,50
201900046314,9,1,2019,12:15:00,1,44,44109,2,1,1,5,BERLIN,"47,2158400"," -1,5316400",201900046314,138 218 952,B01,1,1,0,2,8,1,5,NULL,201900046314,138 218 952,B01,1,1,4,1,1989,1,8,0,-1,0,0,-1,201900046314,4,NULL,0,NULL,3,0,0,1,1,0,1,NULL,NULL,1,0,1,50
201900046314,9,1,2019,12:15:00,1,44,44109,2,1,1,5,BERLIN,"47,2158400"," -1,5316400",201900046314,138 218 952,B01,1,1,0,2,8,1,5,NULL,201900046314,138 218 953,C01,1,1,1,1,1968,0,8,0,-1,0,0,-1,201900046314,4,NULL,0,NULL,3,0,0,1,1,0,1,NULL,NULL,1,0,1,50
201900046453,27,9,2019,17:00:00,1,72,72181,2,2,1,3,"RUBILLARD AV N° PAIRS 2 A 116","48,0109300","0,1816400",201900046453,138 218 676,A01,2,1,0,2,1,1,5,NULL,201900046453,138 218 675,B01,1,1,1,2,1980,0,1,0,-1,0,0,-1,201900046453,7,"RUBILLARD AV N° PAIRS 2 A 116",0,NULL,3,4,1,1,0,0,1,NULL,NULL,1,0,1,50
201900046453,27,9,2019,17:00:00,1,72,72181,2,2,1,3,"RUBILLARD AV N° PAIRS 2 A 116","48,0109300","0,1816400",201900046453,138 218 676,A01,2,1,0,2,1,1,5,NULL,201900046453,138 218 676,A01,1,1,4,1,2000,9,8,0,-1,0,0,-1,201900046453,7,"RUBILLARD AV N° PAIRS 2 A 116",0,NULL,3,4,1,1,0,0,1,NULL,NULL,1,0,1,50
201900047527,30,5,2019,15:10:00,1,68,68149,2,1,1,3,"HUNINGUE ( RUE DE )","47,5888540","7,5711640",201900047527,138 216 709,B01,3,1,0,2,1,0,5,NULL,201900047527,138 216 709,B01,1,1,4,1,2011,5,2,0,-1,-1,0,-1,201900047527,4,NULL,0,NULL,2,1,0,1,0,0,1,NULL,NULL,1,0,1,30
201900047527,30,5,2019,15:10:00,1,68,68149,2,1,1,3,"HUNINGUE ( RUE DE )","47,5888540","7,5711640",201900047527,138 216 709,B01,3,1,0,2,1,0,5,NULL,201900047527,138 216 710,A01,1,1,1,1,1999,5,1,0,-1,-1,0,-1,201900047527,4,NULL,0,NULL,2,1,0,1,0,0,1,NULL,NULL,1,0,1,30
201900052780,23,5,2019,16:10:00,1,70,70413,1,1,1,3,"Rue Brosset, CD 4","47,7049920","6,7216970",201900052780,138 206 807,B01,1,1,0,9,8,1,5,NULL,201900052780,138 206 807,B01,1,1,3,1,1958,5,2,-1,-1,0,0,-1,201900052780,3,4,NULL,NULL,2,2,0,1,36,600,4,NULL,NULL,1,0,1,70
201900053844,9,7,2019,17:10:00,1,10,10343,2,6,1,6,"CANAL (RUE DU)","48,2719000","4,0906000",201900053844,138 204 769,B01,3,1,0,2,1,26,5,NULL,201900053844,138 204 769,B01,2,2,4,2,1977,9,2,8,-1,-1,0,-1,201900053844,9,"CANAL (RUE DU)",0,NULL,1,3,2,1,0,0,3,NULL,NULL,1,9,1,50
201900053844,9,7,2019,17:10:00,1,10,10343,2,6,1,6,"CANAL (RUE DU)","48,2719000","4,0906000",201900053844,138 204 769,B01,3,1,0,2,1,26,5,NULL,201900053844,138 204 770,A01,1,1,1,1,1977,5,1,0,-1,-1,0,-1,201900053844,9,"CANAL (RUE DU)",0,NULL,1,3,2,1,0,0,3,NULL,NULL,1,9,1,50
201900054312,19,8,2019,12:30:00,1,9,09109,1,3,1,3,"RD 14","43,2038900","1,4640160",201900054312,138 203 925,B01,1,1,0,2,8,1,5,NULL,201900054312,138 203 925,B01,1,1,3,1,1981,5,8,-1,-1,0,0,-1,201900054312,3,14,NULL,NULL,2,2,0,1,22,700,1,NULL,NULL,1,0,1,80
201900054312,19,8,2019,12:30:00,1,9,09109,1,3,1,3,"RD 14","43,2038900","1,4640160",201900054312,138 203 925,B01,1,1,0,2,8,1,5,NULL,201900054312,138 203 926,A01,1,1,1,1,1960,4,8,-1,-1,0,0,-1,201900054312,3,14,NULL,NULL,2,2,0,1,22,700,1,NULL,NULL,1,0,1,80
201900055618,22,9,2019,08:30:00,1,972,97213,2,1,2,3,"ROUTE NATIONALE 1","14,6209950"," -60,9917800",201900055618,138 201 540,B01,2,1,0,2,6,0,0,NULL,201900055618,138 201 540,B01,1,1,1,1,1965,0,2,8,-1,-1," -1",-1,201900055618,2,1,0,NULL,2,4,0,1,5,500,1,NULL,NULL,2,0,1,70
201900055618,22,9,2019,08:30:00,1,972,97213,2,1,2,3,"ROUTE NATIONALE 1","14,6209950"," -60,9917800",201900055618,138 201 540,B01,2,1,0,2,6,0,0,NULL,201900055618,138 201 542,A01,1,1,4,2,1965,0,2,8,-1,-1,0,-1,201900055618,2,1,0,NULL,2,4,0,1,5,500,1,NULL,NULL,2,0,1,70
201900056210,17,8,2019,11:00:00,1,74,74281,1,1,1,5,"GENEVE (AVE DE) JUSQUE CROISEE ANTHY","46,3521349","6,4396622",201900056210,138 200 432,C01,3,1,0,0,0,0,0,NULL,201900056210,138 200 430,A01,1,1,1,2,1954,3,1,8,-1,0,0,-1,201900056210,3,2005,0,NULL,2,2,0,2,0,0,2,NULL,NULL,1,2,1,70
201900056210,17,8,2019,11:00:00,1,74,74281,1,1,1,5,"GENEVE (AVE DE) JUSQUE CROISEE ANTHY","46,3521349","6,4396622",201900056210,138 200 432,C01,3,1,0,0,0,0,0,NULL,201900056210,138 200 431,B01,1,1,4,1,1955,5,1,8,-1,0,0,-1,201900056210,3,2005,0,NULL,2,2,0,2,0,0,2,NULL,NULL,1,2,1,70
201900056210,17,8,2019,11:00:00,1,74,74281,1,1,1,5,"GENEVE (AVE DE) JUSQUE CROISEE ANTHY","46,3521349","6,4396622",201900056210,138 200 432,C01,3,1,0,0,0,0,0,NULL,201900056210,138 200 432,C01,1,1,4,1,1936,5,2,8,-1,0,0,-1,201900056210,3,2005,0,NULL,2,2,0,2,0,0,2,NULL,NULL,1,2,1,70
201900056302,13,5,2019,16:40:00,1,86,86096,1,2,1,3,"ROUTE DÉPARTEMENTALE 41","46,8137500","0,3168450",201900056302,138 200 267,A01,3,1,0,2,8,19,5,NULL,201900056302,138 200 266,B01,1,1,1,1,1972,4,1,-1,-1,0,0,-1,201900056302,3,725,0,A,2,2,0,1,0,900,1,NULL,NULL,1,5,1,80
201900056302,13,5,2019,16:40:00,1,86,86096,1,2,1,3,"ROUTE DÉPARTEMENTALE 41","46,8137500","0,3168450",201900056302,138 200 267,A01,3,1,0,2,8,19,5,NULL,201900056302,138 200 267,A01,1,1,3,1,1948,0,0,-1,-1,0,0,-1,201900056302,3,725,0,A,2,2,0,1,0,900,1,NULL,NULL,1,5,1,80
201900058615,1,12,2019,14:15:00,1,92,92050,2,3,1,3,"ARAGO FRANCOIS AVENUE","48,9012176","2,2252744",201900058615,138 196 031,A01,2,1,0,2,8,1,5,NULL,201900058615,138 196 031,A01,1,1,4,1,1994,1,8,0,-1,-1,0,-1,201900058615,3,131,0,NULL,2,5,0,1,0,0,1,NULL,NULL,2,0,1,50
201900058615,1,12,2019,14:15:00,1,92,92050,2,3,1,3,"ARAGO FRANCOIS AVENUE","48,9012176","2,2252744",201900058615,138 196 031,A01,2,1,0,2,8,1,5,NULL,201900058615,138 196 032,B01,1,1,1,1,1996,1,1,0,-1,-1,0,-1,201900058615,3,131,0,NULL,2,5,0,1,0,0,1,NULL,NULL,2,0,1,50
201900010592,2,6,2019,11:10:00,1,1,01248,1,6,1,3,D38,"45,8828390","4,8837350",201900010592,138 286 768,B01,1,1,0,2,8,1,5,NULL,201900010592,138 286 768,B01,10,3,4,1,1976,0,0,-1,-1,0,0,1,201900010592,3,38,0,NULL,4,2,0,1,13,500,2,NULL,NULL,1,5,1,20
201900010592,2,6,2019,11:10:00,1,1,01248,1,6,1,3,D38,"45,8828390","4,8837350",201900010592,138 286 768,B01,1,1,0,2,8,1,5,NULL,201900010592,138 286 769,A01,1,1,1,2,1947,0,0,-1,-1,0,0,-1,201900010592,3,38,0,NULL,4,2,0,1,13,500,2,NULL,NULL,1,5,1,20
201900011956,10,10,2019,17:20:00,1,18,18213,2,3,1,1,"JAURES (RUE JEAN)","47,0980000","2,4685000",201900011956,138 284 206,B01,3,1,0,2,1,1,0,NULL,201900011956,138 284 206,B01,1,1,4,1,1950,5,8,0,-1,-1,0,-1,201900011956,4,"JAURES (RUE JEAN)",0,NULL,2,2,2,1,0,0,1,NULL,NULL,1,0,1,70
201900011956,10,10,2019,17:20:00,1,18,18213,2,3,1,1,"JAURES (RUE JEAN)","47,0980000","2,4685000",201900011956,138 284 206,B01,3,1,0,2,1,1,0,NULL,201900011956,138 284 207,A01,1,1,1,2,1970,5,1,0,-1,-1,0,-1,201900011956,4,"JAURES (RUE JEAN)",0,NULL,2,2,2,1,0,0,1,NULL,NULL,1,0,1,70
201900011973,17,10,2019,18:30:00,1,75,75120,2,3,1,3,"BOULEVARD DAVOUT","48,8479425","2,4113542",201900011973,138 284 178,B01,1,1,0,2,1,18,5,NULL,201900011973,138 284 178,B01,1,1,3,1,1990,0,2,8,-1,0,0,-1,201900011973,4,"BOULEVARD DAVOUT",0,NULL,3,4,0,1,0,0,1,NULL,NULL,1,0,1,50
201900011973,17,10,2019,18:30:00,1,75,75120,2,3,1,3,"BOULEVARD DAVOUT","48,8479425","2,4113542",201900011973,138 284 178,B01,1,1,0,2,1,18,5,NULL,201900011973,138 284 179,A01,1,1,1,1,1958,3,1,0,-1,0,0,-1,201900011973,4,"BOULEVARD DAVOUT",0,NULL,3,4,0,1,0,0,1,NULL,NULL,1,0,1,50
201900014578,3,7,2019,18:15:00,1,13,13208,2,1,1,3,"PONSON RAPHAEL RUE","43,2654000","5,3857000",201900014578,138 279 199,A01,1,1,0,2,0,2,5,NULL,201900014578,138 279 198,B01,1,1,1,2,1969,5,1,8,-1,-1," -1",-1,201900014578,4,"PONSON RAPHAEL RUE",0,NULL,2,2,0,1,0,0,1,NULL,NULL,1,0,1,50
201900014578,3,7,2019,18:15:00,1,13,13208,2,1,1,3,"PONSON RAPHAEL RUE","43,2654000","5,3857000",201900014578,138 279 199,A01,1,1,0,2,0,2,5,NULL,201900014578,138 279 199,A01,1,1,4,1,1935,5,8,0,-1,-1," -1",-1,201900014578,4,"PONSON RAPHAEL RUE",0,NULL,2,2,0,1,0,0,1,NULL,NULL,1,0,1,50
201900015642,10,10,2019,21:10:00,2,49,49007,2,1,1,7,"TRISTAN SQUARE","47,4685700"," -0,5983400",201900015642,138 277 244,A01,1,1,0,0,0,26,5,NULL,201900015642,138 277 244,A01,1,1,4,1,2000,4,2,0,-1,-1,0,-1,201900015642,4,"TRISTAN SQUARE",0,NULL,-1,1,0,1,0,0,1,NULL,NULL,1,0,1,30
201900016075,7,8,2019,08:45:00,1,77,77420,1,1,1,2,D404,"49,0427700","2,6814200",201900016075,138 276 493,B01,1,1,0,2,4,14,0,NULL,201900016075,138 276 493,B01,1,1,3,1,1959,5,0,-1,-1,0,0,-1,201900016075,3,404,NULL,NULL,2,2,0,2,1,200,1,NULL,NULL,1,0,1,80
201900016075,7,8,2019,08:45:00,1,77,77420,1,1,1,2,D404,"49,0427700","2,6814200",201900016075,138 276 493,B01,1,1,0,2,4,14,0,NULL,201900016075,138 276 494,A01,1,1,1,1,1995,0,1,-1,-1,0,0,-1,201900016075,3,404,NULL,NULL,2,2,0,2,1,200,1,NULL,NULL,1,0,1,80
201900020738,29,1,2019,09:00:00,1,69,69384,2,2,1,3,"HENON                               (R )","45,7796200","4,8205300",201900020738,138 267 629,B01,3,1,0,2,0,0,5,NULL,201900020738,138 267 628,A01,1,1,1,2,1986,0,1,0,-1,0,0,-1,201900020738,4,"HENON                               (R )",0,NULL,2,2,0,2,0,1,1,NULL,NULL,1,0,1,50
201900020738,29,1,2019,09:00:00,1,69,69384,2,2,1,3,"HENON                               (R )","45,7796200","4,8205300",201900020738,138 267 629,B01,3,1,0,2,0,0,5,NULL,201900020738,138 267 629,B01,1,1,3,2,1980,0,2,0,-1,0,0,-1,201900020738,4,"HENON                               (R )",0,NULL,2,2,0,2,0,1,1,NULL,NULL,1,0,1,50
201900023850,13,11,2019,13:47:00,1,87,87085,2,1,1,6,"SAINTE FELICITE (RUE ET PLACE)","45,8216000","1,2648400",201900023850,138 261 547,A01,2,1,6,0,1,15,5,NULL,201900023850,138 261 547,A01,1,1,3,1,1997,4,8,0,-1,-1," -1",-1,201900023850,4,"SAINTE FELICITE (RUE ET PLACE)",0,NULL,2,2,0,2,0,0,2,NULL,NULL,1,0,1,50
201900025413,14,5,2019,16:27:00,1,67,67482,2,3,7,6,"CYGNE (RUE DU)","48,5788500","7,7398900",201900025413,138 258 518,B01,2,1,0,2,7,1,5,NULL,201900025413,138 258 518,B01,1,1,4,2,1979,1,8,0,-1,-1,0,-1,201900025413,4,"MARECHAL FOCH (RUE DU)",0,NULL,2,2,0,1,0,0,1,NULL,NULL,1,0,1,50
201900025413,14,5,2019,16:27:00,1,67,67482,2,3,7,6,"CYGNE (RUE DU)","48,5788500","7,7398900",201900025413,138 258 518,B01,2,1,0,2,7,1,5,NULL,201900025413,138 258 519,A01,1,1,1,2,1985,5,1,8,-1,-1,0,-1,201900025413,4,"MARECHAL FOCH (RUE DU)",0,NULL,2,2,0,1,0,0,1,NULL,NULL,1,0,1,50
201900026239,24,1,2019,07:05:00,5,91,91182,2,1,1,3,"TRAITE DE ROME (ROND-POINT DU)","48,6252500","2,4068200",201900026239,138 256 921,B01,3,1,0,2,5,1,5,NULL,201900026239,138 256 920,A01,1,1,1,1,1987,4,1,8,-1,0,0,-1,201900026239,3,"TRAITE DE ROME (ROND-POINT DU)",0,NULL,4,3,0,1,0,0,1,NULL,NULL,1,0,1,30
201900026239,24,1,2019,07:05:00,5,91,91182,2,1,1,3,"TRAITE DE ROME (ROND-POINT DU)","48,6252500","2,4068200",201900026239,138 256 921,B01,3,1,0,2,5,1,5,NULL,201900026239,138 256 921,B01,1,1,3,1,1974,4,8,0,-1,0,0,-1,201900026239,3,"TRAITE DE ROME (ROND-POINT DU)",0,NULL,4,3,0,1,0,0,1,NULL,NULL,1,0,1,30
201900026812,11,4,2019,07:50:00,2,69,69386,2,2,1,1,"BELGES (DES)                        (BD)","45,7681900","4,8589200",201900026812,138 255 878,B01,1,1,0,2,7,1,0,NULL,201900026812,138 255 877,A01,1,1,1,1,1981,4,1,0,-1,0,0,-1,201900026812,4,"BELGES (DES)                        (BD)",0,NULL,2,4,3,1,1,0,1,NULL,NULL,1,0,1,50
201900026812,11,4,2019,07:50:00,2,69,69386,2,2,1,1,"BELGES (DES)                        (BD)","45,7681900","4,8589200",201900026812,138 255 878,B01,1,1,0,2,7,1,0,NULL,201900026812,138 255 878,B01,1,1,2,1,1968,0,8,0,-1,0," -1",-1,201900026812,4,"BELGES (DES)                        (BD)",0,NULL,2,4,3,1,1,0,1,NULL,NULL,1,0,1,50
201900028112,4,9,2019,15:15:00,1,95,95313,2,1,1,3,"6 grande rue","49,1126900","2,2141300",201900028112,138 253 453,B01,1,1,1,0,1,1,6,NULL,201900028112,138 253 453,B01,1,1,4,1,1998,5,0,-1,-1,0,0,-1,201900028112,3,64,0,NULL,1,1,0,1,20,850,1,NULL,NULL,1,0,1,50
201900028112,4,9,2019,15:15:00,1,95,95313,2,1,1,3,"6 grande rue","49,1126900","2,2141300",201900028112,138 253 453,B01,1,1,1,0,1,1,6,NULL,201900028112,138 253 454,A01,1,1,1,1,1964,5,8,-1,-1,0,0,-1,201900028112,3,64,0,NULL,1,1,0,1,20,850,1,NULL,NULL,1,0,1,50
201900033811,31,8,2019,12:45:00,1,67,67482,2,1,1,6,"CERVANTES (AVENUE)","48,5930500","7,6983300",201900033811,138 242 662,B01,2,1,0,2,4,19,5,NULL,201900033811,138 242 661,A01,1,1,1,2,1959,0,1,8,-1,-1,0,-1,201900033811,4,"CERVANTES (AVENUE)",0,NULL,2,2,0,1,0,0,1,NULL,NULL,1,0,1,50
201900033811,31,8,2019,12:45:00,1,67,67482,2,1,1,6,"CERVANTES (AVENUE)","48,5930500","7,6983300",201900033811,138 242 662,B01,2,1,0,2,4,19,5,NULL,201900033811,138 242 662,B01,1,1,4,2,1967,0,8,0,-1,-1,0,-1,201900033811,4,"CERVANTES (AVENUE)",0,NULL,2,2,0,1,0,0,1,NULL,NULL,1,0,1,50
201900038439,21,6,2019,16:17:00,1,75,75111,2,3,1,3,"RUE DE LA FOLIE REGNAULT","48,8601800","2,3864320",201900038439,138 233 841,A01,1,1,0,2,1,1,5,NULL,201900038439,138 233 840,B01,1,1,1,2,1996,9,0,0,-1,0,0,-1,201900038439,4,"RUE DE LA FOLIE REGNAULT",0,NULL,1,0,0,2,0,0,1,NULL,NULL,1,0,1,30
201900038439,21,6,2019,16:17:00,1,75,75111,2,3,1,3,"RUE DE LA FOLIE REGNAULT","48,8601800","2,3864320",201900038439,138 233 841,A01,1,1,0,2,1,1,5,NULL,201900038439,138 233 841,A01,1,1,4,2,1951,9,0,0,-1,0,0,-1,201900038439,4,"RUE DE LA FOLIE REGNAULT",0,NULL,1,0,0,2,0,0,1,NULL,NULL,1,0,1,30
201900039150,28,8,2019,00:30:00,5,33,33192,2,3,1,3,"PESSAC (RTE DE)","44,7664600"," -0,6196000",201900039150,138 232 513,A01,2,1,0,2,1,1,0,NULL,201900039150,138 232 512,B01,1,1,1,1,1984,0,1,0,-1,-1," -1",-1,201900039150,4,"PESSAC (RTE DE)",0,NULL,2,1,0,2,0,0,1,NULL,NULL,1,0,5,50
201900039150,28,8,2019,00:30:00,5,33,33192,2,3,1,3,"PESSAC (RTE DE)","44,7664600"," -0,6196000",201900039150,138 232 513,A01,2,1,0,2,1,1,0,NULL,201900039150,138 232 513,A01,1,1,4,1,2001,0,2,0,-1,0," -1",-1,201900039150,4,"PESSAC (RTE DE)",0,NULL,2,1,0,2,0,0,1,NULL,NULL,1,0,5,50
201900039743,21,6,2019,20:30:00,1,83,83034,1,5,1,2,"RUE DES 3 PINS","43,1002000","6,0614000",201900039743,138 231 389,B01,3,1,0,2,4,19,5,NULL,201900039743,138 231 389,B01,1,1,3,1,1954,0,8,0,-1,-1," -1",-1,201900039743,3,559,0,NULL,2,1,0,1,39,530,1,NULL,NULL,1,0,1,50
201900039743,21,6,2019,20:30:00,1,83,83034,1,5,1,2,"RUE DES 3 PINS","43,1002000","6,0614000",201900039743,138 231 389,B01,3,1,0,2,4,19,5,NULL,201900039743,138 231 390,A01,1,1,4,1,2000,5,2,6,-1,-1,0,-1,201900039743,3,559,0,NULL,2,1,0,1,39,530,1,NULL,NULL,1,0,1,50