Num_Acc,jour,mois,an,hrmn,lum,dep,com,agg,int,atm,col,adr,lat,long,Num_Acc,id_vehicule,num_veh,senc,catv,obs,obsm,choc,manv,motor,occutc,Num_Acc,id_vehicule,num_veh,place,catu,grav,sexe,an_nais,trajet,secu1,secu2,secu3,locp,actp,etatp,Num_Acc,catr,voie,v1,v2,circ,nbv,vosp,prof,pr,pr1,plan,lartpc,larrout,surf,infra,situ,vma
201900040066,26,5,2019,15:35:00,1,75,75111,2,2,1,3,"BOULEVARD VOLTAIRE","48,8546980","2,3853150",201900040066,138 230 776,A01,1,1,0,2,1,17,5,NULL,201900040066,138 230 775,B01,1,1,1,1,1988,5,0,0,-1,0,0,-1,201900040066,4,"BOULEVARD VOLTAIRE",0,NULL,2,4,1,1,0,0,1,NULL,NULL,1,0,5,50
201900040066,26,5,2019,15:35:00,1,75,75111,2,2,1,3,"BOULEVARD VOLTAIRE","48,8546980","2,3853150",201900040066,138 230 776,A01,1,1,0,2,1,17,5,NULL,201900040066,138 230 776,A01,1,1,4,2,1991,1,2,0,-1,0,0,-1,201900040066,4,"BOULEVARD VOLTAIRE",0,NULL,2,4,1,1,0,0,1,NULL,NULL,1,0,5,50
201900041298,29,8,2019,12:45:00,1,5,05027,1,1,1,3,cd902,"44,8775835","6,6818279",201900041298,138 228 534,B01,1,1,0,2,0,2,5,NULL,201900041298,138 228 534,B01,1,1,3,1,1970,5,2,-1,-1,0,0,-1,201900041298,3,902,NULL,NULL,2,2,1,1,14,800,1,NULL,NULL,1,0,1,80
201900041298,29,8,2019,12:45:00,1,5,05027,1,1,1,3,cd902,"44,8775835","6,6818279",201900041298,138 228 534,B01,1,1,0,2,0,2,5,NULL,201900041298,138 228 535,A01,8,2,1,2,1988,5,1,-1,-1,0,0,-1,201900041298,3,902,NULL,NULL,2,2,1,1,14,800,1,NULL,NULL,1,0,1,80
201900041298,29,8,2019,12:45:00,1,5,05027,1,1,1,3,cd902,"44,8775835","6,6818279",201900041298,138 228 534,B01,1,1,0,2,0,2,5,NULL,201900041298,138 228 535,A01,2,2,1,2,1993,5,1,-1,-1,0,0,-1,201900041298,3,902,NULL,NULL,2,2,1,1,14,800,1,NULL,NULL,1,0,1,80
201900041298,29,8,2019,12:45:00,1,5,05027,1,1,1,3,cd902,"44,8775835","6,6818279",201900041298,138 228 534,B01,1,1,0,2,0,2,5,NULL,201900041298,138 228 535,A01,9,2,1,2,1993,5,1,-1,-1,0,0,-1,201900041298,3,902,NULL,NULL,2,2,1,1,14,800,1,NULL,NULL,1,0,1,80
201900041298,29,8,2019,12:45:00,1,5,05027,1,1,1,3,cd902,"44,8775835","6,6818279",201900041298,138 228 534,B01,1,1,0,2,0,2,5,NULL,201900041298,138 228 535,A01,7,2,1,2,1991,5,1,-1,-1,0,0,-1,201900041298,3,902,NULL,NULL,2,2,1,1,14,800,1,NULL,NULL,1,0,1,80
201900041298,29,8,2019,12:45:00,1,5,05027,1,1,1,3,cd902,"44,8775835","6,6818279",201900041298,138 228 534,B01,1,1,0,2,0,2,5,NULL,201900041298,138 228 535,A01,1,1,1,2,1990,5,1,-1,-1,0,0,-1,201900041298,3,902,NULL,NULL,2,2,1,1,14,800,1,NULL,NULL,1,0,1,80
201900041349,3,4,2019,11:55:00,1,75,75117,2,1,1,6,"BOULEVARD DE COURCELLES","48,8806410","2,3107960",201900041349,138 228 445,A01,2,1,0,2,8,19,5,NULL,201900041349,138 228 445,A01,1,1,4,2,1976,9,2,0,-1,0,0,-1,201900041349,4,"BOULEVARD DE COURCELLES",0,NULL,2,2,0,1,0,0,1,NULL,NULL,1,0,1,50
201900041349,3,4,2019,11:55:00,1,75,75117,2,1,1,6,"BOULEVARD DE COURCELLES","48,8806410","2,3107960",201900041349,138 228 445,A01,2,1,0,2,8,19,5,NULL,201900041349,138 228 446,B01,1,1,1,1,1998,9,2,0,-1,0,0,-1,201900041349,4,"BOULEVARD DE COURCELLES",0,NULL,2,2,0,1,0,0,1,NULL,NULL,1,0,1,50
201900042590,22,2,2019,16:50:00,1,38,38474,2,6,1,3,"Place Jean Prévost","45,2130800","5,6615600",201900042590,138 226 072,B01,2,1,0,2,8,2,5,NULL,201900042590,138 226 071,A01,1,1,1,1,1996,3,1,-1,-1,0,0,-1,201900042590,3,1532,0,NULL,1,3,0,1,51,500,1,NULL,NULL,1,0,1,50
201900042590,22,2,2019,16:50:00,1,38,38474,2,6,1,3,"Place Jean Prévost","45,2130800","5,6615600",201900042590,138 226 072,B01,2,1,0,2,8,2,5,NULL,201900042590,138 226 072,B01,1,1,4,2,1961,1,2,-1,-1,0,0,-1,201900042590,3,1532,0,NULL,1,3,0,1,51,500,1,NULL,NULL,1,0,1,50
201900043294,29,3,2019,11:35:00,1,88,88519,2,6,1,1,"Route Principale","48,3450400","6,8920100",201900043294,138 224 745,B01,1,1,0,2,1,9,0,NULL,201900043294,138 224 745,B01,1,1,4,1,1963,4,2,0,-1,-1," -1",-1,201900043294,3,32,0,NULL,2,2,0,1,0,0,1,NULL,NULL,1,0,1,50
201900043294,29,3,2019,11:35:00,1,88,88519,2,6,1,1,"Route Principale","48,3450400","6,8920100",201900043294,138 224 745,B01,1,1,0,2,1,9,0,NULL,201900043294,138 224 746,A01,1,1,1,1,1952,5,1,0,-1,0,0,-1,201900043294,3,32,0,NULL,2,2,0,1,0,0,1,NULL,NULL,1,0,1,50
201900043638,9,12,2019,18:45:00,5,972,97209,2,1,1,1,"ABATTOIR (RUE DE L')","14,6035300"," -61,0738700",201900043638,138 224 122,A01,2,1,0,2,1,8,5,NULL,201900043638,138 224 121,B01,1,1,1,1,1957,4,1,8,-1,-1," -1",-1,201900043638,4,"ABATTOIR (RUE DE L')",0,NULL,1,3,3,1,0,0,1,NULL,NULL,1,2,6,50
201900043638,9,12,2019,18:45:00,5,972,97209,2,1,1,1,"ABATTOIR (RUE DE L')","14,6035300"," -61,0738700",201900043638,138 224 122,A01,2,1,0,2,1,8,5,NULL,201900043638,138 224 122,A01,10,3,4,1,1965,5,0,-1,-1,2,2,1,201900043638,4,"ABATTOIR (RUE DE L')",0,NULL,1,3,3,1,0,0,1,NULL,NULL,1,2,6,50
201900045553,19,5,2019,08:00:00,1,92,92051,2,1,1,6,"ARGENSON (BOULEVARD, N° 24 AU 48)","48,8875400","2,2658900",201900045553,138 220 444,A01,1,1,0,1,0,1,0,NULL,201900045553,138 220 444,A01,10,3,4,1,1941,5,8,0,-1,1,3,1,201900045553,4,"ARGENSON (BOULEVARD, N° 24 AU 48)",0,NULL,2,2,0,1,0,0,1,NULL,NULL,2,0,1,30
201900045553,19,5,2019,08:00:00,1,92,92051,2,1,1,6,"ARGENSON (BOULEVARD, N° 24 AU 48)","48,8875400","2,2658900",201900045553,138 220 444,A01,1,1,0,1,0,1,0,NULL,201900045553,138 220 444,A01,1,1,4,1,1965,5,8,0,-1,-1,0,-1,201900045553,4,"ARGENSON (BOULEVARD, N° 24 AU 48)",0,NULL,2,2,0,1,0,0,1,NULL,NULL,2,0,1,30
201900046115,5,11,2019,15:42:00,1,84,84132,1,3,1,6,"19 Chemin de Tourraque","43,9194570","4,9817540",201900046115,138 219 355,A01,2,1,0,0,7,1,5,NULL,201900046115,138 219 355,A01,1,1,3,1,1942,5,0,-1,-1,0,0,-1,201900046115,3,1,NULL,NULL,2,2,0,1,(1),(1),3,NULL,NULL,1,0,3,80
201900050436,13,7,2019,08:55:00,1,31,31451,2,2,1,3,"Bd Jean Jaurès","43,4583220","2,0102670",201900050436,138 211 311,B01,2,1,0,2,8,1,5,NULL,201900050436,138 211 309,A01,1,1,1,2,1947,3,8,-1,-1,0,0,-1,201900050436,4,NULL,NULL,NULL,2,2,0,1,(1),(1),1,NULL,NULL,1,0,1,50
201900050436,13,7,2019,08:55:00,1,31,31451,2,2,1,3,"Bd Jean Jaurès","43,4583220","2,0102670",201900050436,138 211 311,B01,2,1,0,2,8,1,5,NULL,201900050436,138 211 311,B01,1,1,4,2,1937,3,0,-1,-1,0,0,-1,201900050436,4,NULL,NULL,NULL,2,2,0,1,(1),(1),1,NULL,NULL,1,0,1,50
201900052513,29,3,2019,18:50:00,2,93,93001,2,3,1,3,"JEAN JAURES (AVE)  => 53","48,9038380","2,3918180",201900052513,138 207 317,B01,2,1,0,2,3,9,5,NULL,201900052513,138 207 317,B01,1,1,4,2,1978,1,2,8,-1,0,0,-1,201900052513,3,20,0,NULL,-1,2,0,1,0,0,1,NULL,NULL,1,5,1,50
201900052513,29,3,2019,18:50:00,2,93,93001,2,3,1,3,"JEAN JAURES (AVE)  => 53","48,9038380","2,3918180",201900052513,138 207 317,B01,2,1,0,2,3,9,5,NULL,201900052513,138 207 319,A01,1,1,1,1,1987,1,1,8,-1,0,0,-1,201900052513,3,20,0,NULL,-1,2,0,1,0,0,1,NULL,NULL,1,5,1,50
201900054139,16,8,2019,18:40:00,1,67,67482,2,1,1,3,"FOUDAY (RUE DE)","48,5746520","7,7309340",201900054139,138 204 229,B01,2,1,0,2,4,19,5,NULL,201900054139,138 204 228,A01,1,1,1,1,1981,0,1,8,-1,-1,0,-1,201900054139,4,"FOUDAY (RUE DE)",0,NULL,3,2,0,1,0,0,1,NULL,NULL,1,0,1,50
201900054139,16,8,2019,18:40:00,1,67,67482,2,1,1,3,"FOUDAY (RUE DE)","48,5746520","7,7309340",201900054139,138 204 229,B01,2,1,0,2,4,19,5,NULL,201900054139,138 204 229,B01,1,1,4,2,2010,0,2,8,-1,-1,0,-1,201900054139,4,"FOUDAY (RUE DE)",0,NULL,3,2,0,1,0,0,1,NULL,NULL,1,0,1,50
201900055112,14,6,2019,16:15:00,1,75,75118,2,1,1,6,"RUE GERMAIN PILON","48,8835930","2,3365900",201900055112,138 202 422,Z01,2,1,0,1,1,1,5,NULL,201900055112,138 202 422,Z01,10,3,4,1,1946,0,8,0,-1,5,1,1,201900055112,4,"RUE GERMAIN PILON",0,NULL,1,1,0,2,0,0,1,NULL,NULL,1,0,1,30
201900056855,13,2,2019,22:55:00,5,75,75119,2,1,1,3,"AVENUE DE FLANDRE","48,8894930","2,3751240",201900056855,138 199 239,B01,3,1,0,2,2,19,5,NULL,201900056855,138 199 238,A01,1,1,4,1,1994,0,2,6,-1,0,0,-1,201900056855,4,"AVENUE DE FLANDRE",0,NULL,1,1,0,1,0,0,1,NULL,NULL,1,0,1,50
201900056855,13,2,2019,22:55:00,5,75,75119,2,1,1,3,"AVENUE DE FLANDRE","48,8894930","2,3751240",201900056855,138 199 239,B01,3,1,0,2,2,19,5,NULL,201900056855,138 199 239,B01,1,1,3,1,1998,0,2,0,-1,0,0,-1,201900056855,4,"AVENUE DE FLANDRE",0,NULL,1,1,0,1,0,0,1,NULL,NULL,1,0,1,50
201900057169,9,7,2019,08:25:00,1,94,94046,2,2,1,3,"REPUBLIQUE (AV DE LA)","48,8096301","2,4547034",201900057169,138 198 667,B01,1,1,0,2,8,2,5,NULL,201900057169,138 198 666,A01,1,1,1,2,1980,1,1,0,-1,-1,0,-1,201900057169,3,148,0,NULL,2,2,0,1,1,0,1,NULL,NULL,1,0,1,50
201900057169,9,7,2019,08:25:00,1,94,94046,2,2,1,3,"REPUBLIQUE (AV DE LA)","48,8096301","2,4547034",201900057169,138 198 667,B01,1,1,0,2,8,2,5,NULL,201900057169,138 198 667,B01,1,1,4,1,1955,0,2,0,-1,-1,0,-1,201900057169,3,148,0,NULL,2,2,0,1,1,0,1,NULL,NULL,1,0,1,50
201900008873,9,8,2019,23:15:00,5,17,17306,2,1,1,6,"155 avenue de PONTAILLAC","45,6250230"," -1,0474150",201900008873,138 289 913,A01,1,1,1,2,1,0,0,NULL,201900008873,138 289 912,B01,1,1,1,2,1996,9,8,0,-1,-1," -1",-1,201900008873,4,"PONTAILLAC (DE) (AVENUE)",0,NULL,2,3,0,1,0,0,1,NULL,NULL,1,0,1,50
201900008873,9,8,2019,23:15:00,5,17,17306,2,1,1,6,"155 avenue de PONTAILLAC","45,6250230"," -1,0474150",201900008873,138 289 913,A01,1,1,1,2,1,0,0,NULL,201900008873,138 289 913,A01,1,1,4,1,1993,0,8,0,-1,-1," -1",-1,201900008873,4,"PONTAILLAC (DE) (AVENUE)",0,NULL,2,3,0,1,0,0,1,NULL,NULL,1,0,1,50
201900009366,19,12,2019,10:50:00,1,75,75119,2,1,2,3,"RUE DES BOIS","48,8786010","2,4005450",201900009366,138 288 987,B01,1,1,0,2,1,1,5,NULL,201900009366,138 288 986,A01,1,1,1,2,1982,9,1,0,-1,0,0,-1,201900009366,4,"RUE DES BOIS",0,NULL,1,1,-1,2,42,0,1,NULL,NULL,2,8,1,50
201900009366,19,12,2019,10:50:00,1,75,75119,2,1,2,3,"RUE DES BOIS","48,8786010","2,4005450",201900009366,138 288 987,B01,1,1,0,2,1,1,5,NULL,201900009366,138 288 987,B01,1,1,4,1,1972,1,2,8,-1,0,0,-1,201900009366,4,"RUE DES BOIS",0,NULL,1,1,-1,2,42,0,1,NULL,NULL,2,8,1,50
201900010212,15,10,2019,15:58:00,1,76,76402,2,2,1,6," (ROUTE DE DIEPPE)","49,5283600","1,0416800",201900010212,138 287 441,A01,0,1,0,1,1,25,5,NULL,201900010212,138 287 441,A01,1,1,1,1,2000,1,8,0,-1,0,0,-1,201900010212,3,927,0,NULL,2,2,0,1,5,600,1,NULL,NULL,2,0,4,50
201900010212,15,10,2019,15:58:00,1,76,76402,2,2,1,6," (ROUTE DE DIEPPE)","49,5283600","1,0416800",201900010212,138 287 441,A01,0,1,0,1,1,25,5,NULL,201900010212,138 287 441,A01,10,3,3,2,1961,5,8,0,-1,5,2,1,201900010212,3,927,0,NULL,2,2,0,1,5,600,1,NULL,NULL,2,0,4,50
201900012714,5,7,2019,10:50:00,1,15,15003,1,1,1,2,"CD 681","45,1868030","2,3108130",201900012714,138 282 791,B01,1,1,0,2,1,1,5,NULL,201900012714,138 282 790,A01,1,1,4,1,1941,5,2,6,-1,0,0,-1,201900012714,3,681,NULL,NULL,2,2,0,1,2,580,1,NULL,NULL,1,0,1,-1
201900012714,5,7,2019,10:50:00,1,15,15003,1,1,1,2,"CD 681","45,1868030","2,3108130",201900012714,138 282 790,A01,1,1,0,0,0,1,5,NULL,201900012714,138 282 790,A01,1,1,4,1,1941,5,2,6,-1,0,0,-1,201900012714,3,681,NULL,NULL,2,2,0,1,2,580,1,NULL,NULL,1,0,1,-1
201900012714,5,7,2019,10:50:00,1,15,15003,1,1,1,2,"CD 681","45,1868030","2,3108130",201900012714,138 282 791,B01,1,1,0,2,1,1,5,NULL,201900012714,138 282 791,B01,1,1,4,1,1937,5,2,6,-1,0,0,-1,201900012714,3,681,NULL,NULL,2,2,0,1,2,580,1,NULL,NULL,1,0,1,-1
201900012714,5,7,2019,10:50:00,1,15,15003,1,1,1,2,"CD 681","45,1868030","2,3108130",201900012714,138 282 790,A01,1,1,0,0,0,1,5,NULL,201900012714,138 282 791,B01,1,1,4,1,1937,5,2,6,-1,0,0,-1,201900012714,3,681,NULL,NULL,2,2,0,1,2,580,1,NULL,NULL,1,0,1,-1
201900017075,1,2,2019,01:36:00,5,13,13202,2,2,1,2,"CHANTERAC (RUE DE)","43,3123600","5,3685600",201900017075,138 274 491,B01,0,1,0,0,0,0,0,NULL,201900017075,138 274 490,Z01,1,1,1,1,1975,5,1,0,-1,-1," -1",-1,201900017075,4,"CHANTERAC (RUE DE)",0,NULL,2,0,0,1,0,0,1,NULL,NULL,1,5,1,50
201900017075,1,2,2019,01:36:00,5,13,13202,2,2,1,2,"CHANTERAC (RUE DE)","43,3123600","5,3685600",201900017075,138 274 491,B01,0,1,0,0,0,0,0,NULL,201900017075,138 274 491,B01,1,1,4,2,1993,5,8,0,-1,-1," -1",-1,201900017075,4,"CHANTERAC (RUE DE)",0,NULL,2,0,0,1,0,0,1,NULL,NULL,1,5,1,50
201900017520,21,4,2019,18:50:00,1,85,85221,1,1,1,3,"Le Marais Moreau","46,9430800"," -1,9589000",201900017520,138 273 656,A01,3,1,0,2,1,1,5,NULL,201900017520,138 273 656,A01,1,1,3,2,1952,5,0,-1,-1,0,0,-1,201900017520,4,NULL,NULL,NULL,2,2,0,1,(1),(1),1,NULL,NULL,1,0,1,-1
201900017520,21,4,2019,18:50:00,1,85,85221,1,1,1,3,"Le Marais Moreau","46,9430800"," -1,9589000",201900017520,138 273 656,A01,3,1,0,2,1,1,5,NULL,201900017520,138 273 657,B01,1,1,1,1,1969,4,1,9,-1,0,0,-1,201900017520,4,NULL,NULL,NULL,2,2,0,1,(1),(1),1,NULL,NULL,1,0,1,-1
201900018958,12,9,2019,00:10:00,5,33,33522,2,3,2,2,"CRS DE LA LIBERATION","44,7981800"," -0,6000300",201900018958,138 271 025,A01,2,1,0,2,4,1,0,NULL,201900018958,138 271 025,A01,1,1,3,1,2001,0,8,0,-1,-1," -1",-1,201900018958,4,"CRS DE LA LIBERATION",0,NULL,3,7,2,1,0,0,1,NULL,NULL,1,0,1,50
201900019062,11,9,2019,12:26:00,1,38,38474,2,3,1,1,"Avenue de Valence","45,2078510","5,6625710",201900019062,138 270 831,A01,1,1,0,2,3,25,5,NULL,201900019062,138 270 831,A01,1,1,4,1,2008,2,0,-1,-1,0,0,-1,201900019062,3,1532,NULL,D,2,3,3,1,(1),(1),1,NULL,NULL,1,9,1,30
201900019062,11,9,2019,12:26:00,1,38,38474,2,3,1,1,"Avenue de Valence","45,2078510","5,6625710",201900019062,138 270 831,A01,1,1,0,2,3,25,5,NULL,201900019062,138 270 832,B01,1,1,1,1,1970,0,1,-1,-1,0,0,-1,201900019062,3,1532,NULL,D,2,3,3,1,(1),(1),1,NULL,NULL,1,9,1,30
201900019193,13,10,2019,17:22:00,1,10,10387,2,2,1,3,"SIMART (RUE)","48,3034800","4,0808100",201900019193,138 270 556,B01,3,1,0,2,1,15,5,NULL,201900019193,138 270 555,A01,1,1,1,1,1962,1,1,8,-1,-1," -1",-1,201900019193,4,"SIMART (RUE)",0,NULL,2,2,0,1,0,0,1,NULL,NULL,1,0,1,50
201900019193,13,10,2019,17:22:00,1,10,10387,2,2,1,3,"SIMART (RUE)","48,3034800","4,0808100",201900019193,138 270 556,B01,3,1,0,2,1,15,5,NULL,201900019193,138 270 556,B01,1,1,4,1,2007,5,8,0,-1,-1," -1",-1,201900019193,4,"SIMART (RUE)",0,NULL,2,2,0,1,0,0,1,NULL,NULL,1,0,1,50
201900020456,17,12,2019,09:45:00,1,75,75116,2,1,1,3,"BOULEVARD SUCHET","48,8589064","2,2656566",201900020456,138 268 148,B01,1,1,0,2,1,1,5,NULL,201900020456,138 268 148,B01,1,1,4,2,1989,1,8,2,-1,0,0,-1,201900020456,4,"BOULEVARD SUCHET",0,NULL,2,2,-1,1,26,0,1,NULL,NULL,1,0,1,50
201900020456,17,12,2019,09:45:00,1,75,75116,2,1,1,3,"BOULEVARD SUCHET","48,8589064","2,2656566",201900020456,138 268 148,B01,1,1,0,2,1,1,5,NULL,201900020456,138 268 149,A01,2,2,1,1,1974,5,1,0,-1,0,0,-1,201900020456,4,"BOULEVARD SUCHET",0,NULL,2,2,-1,1,26,0,1,NULL,NULL,1,0,1,50
201900020722,29,1,2019,06:30:00,2,973,97309,1,1,2,3,RD24,"4,9006537"," -52,3097062",201900020722,138 267 655,A01,1,1,0,2,7,19,5,NULL,201900020722,138 267 655,A01,1,1,4,1,1958,0,8,0,-1,-1,0,-1,201900020722,3,24,0,NULL,2,2,0,1,1,600,1,NULL,NULL,2,0,1,50
201900020722,29,1,2019,06:30:00,2,973,97309,1,1,2,3,RD24,"4,9006537"," -52,3097062",201900020722,138 267 655,A01,1,1,0,2,7,19,5,NULL,201900020722,138 267 656,B01,1,1,1,1,1981,0,8,0,-1,-1,0,-1,201900020722,3,24,0,NULL,2,2,0,1,1,600,1,NULL,NULL,2,0,1,50
201900021671,25,6,2019,18:20:00,1,76,76575,2,1,1,3,"DULLIN. RUE CHARLES","49,3978100","1,0683700",201900021671,138 265 867,B01,3,1,0,2,1,0,5,NULL,201900021671,138 265 866,A01,1,1,1,2,1995,0,1,0,-1,0,0,-1,201900021671,4,"DULLIN. RUE CHARLES",0,NULL,2,2,0,1,0,0,1,NULL,NULL,1,0,1,50
201900021671,25,6,2019,18:20:00,1,76,76575,2,1,1,3,"DULLIN. RUE CHARLES","49,3978100","1,0683700",201900021671,138 265 867,B01,3,1,0,2,1,0,5,NULL,201900021671,138 265 867,B01,1,1,4,1,2013,0,8,0,-1,-1,0,-1,201900021671,4,"DULLIN. RUE CHARLES",0,NULL,2,2,0,1,0,0,1,NULL,NULL,1,0,1,50
201900034154,9,4,2019,07:22:00,1,69,69387,2,2,1,3,"TONY GARNIER                        (AV)","45,7316000","4,8239200",201900034154,138 241 997,B01,3,1,0,2,8,26,5,NULL,201900034154,138 241 997,B01,2,1,4,1,1981,0,8,0,-1,0,0,-1,201900034154,4,"TONY GARNIER                        (AV)",0,NULL,2,5,0,1,0,0,1,NULL,NULL,1,4,1,50
201900034154,9,4,2019,07:22:00,1,69,69387,2,2,1,3,"TONY GARNIER                        (AV)","45,7316000","4,8239200",201900034154,138 241 997,B01,3,1,0,2,8,26,5,NULL,201900034154,138 241 998,A01,1,1,1,1,1994,1,1,0,-1,0,0,-1,201900034154,4,"TONY GARNIER                        (AV)",0,NULL,2,5,0,1,0,0,1,NULL,NULL,1,4,1,50
201900035509,1,9,2019,16:00:00,1,88,88372,2,3,8,1,"rue jules ferry","48,4073610","6,8428580",201900035509,138 239 349,B01,1,1,0,2,1,1,5,NULL,201900035509,138 239 349,B01,1,1,3,1,1979,5,2,-1,-1,0,0,-1,201900035509,3,159,0,B,2,3,0,1,1,500,1,NULL,NULL,1,5,1,50
201900035509,1,9,2019,16:00:00,1,88,88372,2,3,8,1,"rue jules ferry","48,4073610","6,8428580",201900035509,138 239 349,B01,1,1,0,2,1,1,5,NULL,201900035509,138 239 350,A01,1,1,1,1,2000,5,1,-1,-1,0,0,-1,201900035509,3,159,0,B,2,3,0,1,1,500,1,NULL,NULL,1,5,1,50
201900036758,17,6,2019,17:20:00,1,83,83129,2,9,1,6,"COUDOULIERE (LA)","43,0932700","5,8120900",201900036758,138 236 971,A01,1,1,0,1,1,1,5,NULL,201900036758,138 236 971,A01,1,1,4,1,2000,5,8,0,-1,-1,0,-1,201900036758,4,"COUDOULIERE (LA)",0,NULL,2,0,1,2,0,0,1,NULL,NULL,1,9,1,30
201900036758,17,6,2019,17:20:00,1,83,83129,2,9,1,6,"COUDOULIERE (LA)","43,0932700","5,8120900",201900036758,138 236 971,A01,1,1,0,1,1,1,5,NULL,201900036758,138 236 971,A01,10,3,3,2,1931,5,8,0,-1,3,3,1,201900036758,4,"COUDOULIERE (LA)",0,NULL,2,0,1,2,0,0,1,NULL,NULL,1,9,1,30
201900036761,20,6,2019,16:55:00,1,80,80021,2,1,1,6,"R DES TROIS CAILLOUX ","49,8917100","2,3018900",201900036761,138 236 958,A01,0,1,0,1,1,1,5,NULL,201900036761,138 236 958,A01,10,3,4,2,1998,5,8,0,-1,3,9,1,201900036761,9,"TROIS CAILLOUX (RUE DES)",0,NULL,1,1,3,1,0,0,1,NULL,NULL,1,6,1,10
201900037564,26,2,2019,08:10:00,1,27,27681,2,9,1,6,"ARDECHE (AVENUE DE L')","49,0878100","1,4811100",201900037564,138 235 396,B01,2,1,1,0,0,1,0,NULL,201900037564,138 235 396,B01,1,1,2,2,1943,0,8,0,-1,-1,0,-1,201900037564,4,"ARDECHE (AVENUE DE L')",0,NULL,2,4,1,2,1,0,1,NULL,NULL,1,0,1,50
201900037564,26,2,2019,08:10:00,1,27,27681,2,9,1,6,"ARDECHE (AVENUE DE L')","49,0878100","1,4811100",201900037564,138 235 396,B01,2,1,1,0,0,1,0,NULL,201900037564,138 235 397,A01,1,1,1,2,1964,1,8,0,-1,0,0,-1,201900037564,4,"ARDECHE (AVENUE DE L')",0,NULL,2,4,1,2,1,0,1,NULL,NULL,1,0,1,50
201900038856,1,10,2019,20:20:00,5,69,69383,2,2,3,3,"ALBERT THOMAS                       (CO)","45,7469700","4,8671500",201900038856,138 233 058,A01,2,1,0,2,1,19,5,NULL,201900038856,138 233 057,B01,1,1,1,1,1988,4,1,0,-1,-1," -1",-1,201900038856,4,"ALBERT THOMAS                       (CO)",0,NULL,2,4,1,1,0,0,1,NULL,NULL,2,0,1,50
201900038856,1,10,2019,20:20:00,5,69,69383,2,2,3,3,"ALBERT THOMAS                       (CO)","45,7469700","4,8671500",201900038856,138 233 058,A01,2,1,0,2,1,19,5,NULL,201900038856,138 233 058,A01,1,1,4,1,1999,5,8,0,-1,-1," -1",-1,201900038856,4,"ALBERT THOMAS                       (CO)",0,NULL,2,4,1,1,0,0,1,NULL,NULL,2,0,1,50
201900039527,4,4,2019,05:20:00,5,49,49007,2,1,2,6,ORGEMONT,"47,4518800"," -0,5448400",201900039527,138 231 797,A01,1,1,0,2,1,1,5,NULL,201900039527,138 231 797,A01,1,1,4,1,1999,0,8,0,-1,-1,0,-1,201900039527,4,ORGEMONT,0,NULL,2,2,0,1,0,0,1,NULL,NULL,2,0,1,30
201900039527,4,4,2019,05:20:00,5,49,49007,2,1,2,6,ORGEMONT,"47,4518800"," -0,5448400",201900039527,138 231 797,A01,1,1,0,2,1,1,5,NULL,201900039527,138 231 798,B01,1,1,1,1,1981,1,1,0,-1,-1,0,-1,201900039527,4,ORGEMONT,0,NULL,2,2,0,1,0,0,1,NULL,NULL,2,0,1,30
201900040161,2,5,2019,13:55:00,1,75,75104,2,1,2,3,"RUE SAINT ANTOINE","48,8541190","2,3641910",201900040161,138 230 610,A01,1,1,0,2,5,19,5,NULL,201900040161,138 230 609,B01,1,1,1,1,1985,0,2,6,-1,0,0,-1,201900040161,4,"RUE SAINT ANTOINE",0,NULL,2,4,0,1,0,0,1,NULL,NULL,2,9,1,50
201900040161,2,5,2019,13:55:00,1,75,75104,2,1,2,3,"RUE SAINT ANTOINE","48,8541190","2,3641910",201900040161,138 230 610,A01,1,1,0,2,5,19,5,NULL,201900040161,138 230 610,A01,1,1,4,2,1947,0,2,0,-1,0,0,-1,201900040161,4,"RUE SAINT ANTOINE",0,NULL,2,4,0,1,0,0,1,NULL,NULL,2,9,1,50
201900041468,5,4,2019,23:30:00,5,63,63338,2,3,1,3," rue aristide Briand/rue grands bassins","46,1678150","2,8323610",201900041468,138 228 217,A01,3,1,0,2,1,1,5,NULL,201900041468,138 228 217,A01,1,1,4,1,2003,5,0,-1,-1,0,0,-1,201900041468,3,79,NULL,NULL,2,2,0,2,(1),(1),1,NULL,NULL,1,0,1,50
201900041468,5,4,2019,23:30:00,5,63,63338,2,3,1,3," rue aristide Briand/rue grands bassins","46,1678150","2,8323610",201900041468,138 228 217,A01,3,1,0,2,1,1,5,NULL,201900041468,138 228 218,B01,1,1,1,1,1966,5,1,-1,-1,0,0,-1,201900041468,3,79,NULL,NULL,2,2,0,2,(1),(1),1,NULL,NULL,1,0,1,50
201900046258,7,1,2019,14:45:00,1,67,67482,2,3,8,3,"SAINT JEAN (QUAI)","48,5845000","7,7408200",201900046258,138 219 055,A01,1,1,0,2,1,19,5,NULL,201900046258,138 219 055,A01,1,1,3,1,1999,5,8,0,-1,0,0,-1,201900046258,4,"SAINT JEAN (QUAI)",0,NULL,1,1,1,1,0,0,1,NULL,NULL,1,2,1,50