Num_Acc,jour,mois,an,hrmn,lum,dep,com,agg,int,atm,col,adr,lat,long,Num_Acc,id_vehicule,num_veh,senc,catv,obs,obsm,choc,manv,motor,occutc,Num_Acc,id_vehicule,num_veh,place,catu,grav,sexe,an_nais,trajet,secu1,secu2,secu3,locp,actp,etatp,Num_Acc,catr,voie,v1,v2,circ,nbv,vosp,prof,pr,pr1,plan,lartpc,larrout,surf,infra,situ,vma
201900046258,7,1,2019,14:45:00,1,67,67482,2,3,8,3,"SAINT JEAN (QUAI)","48,5845000","7,7408200",201900046258,138 219 055,A01,1,1,0,2,1,19,5,NULL,201900046258,138 219 056,B01,1,1,1,2,1997,0,1,8,-1,-1,0,-1,201900046258,4,"SAINT JEAN (QUAI)",0,NULL,1,1,1,1,0,0,1,NULL,NULL,1,2,1,50
201900047555,2,6,2019,19:35:00,1,67,67482,2,1,1,3,"THUMENAU (RUE DE LA)","48,5718710","7,7548270",201900047555,138 216 643,B01,2,1,0,2,0,19,5,NULL,201900047555,138 216 643,B01,1,1,4,1,2009,0,8,0,-1,-1," -1",-1,201900047555,4,"THUMENAU (RUE DE LA)",0,NULL,3,7,1,1,0,0,1,NULL,NULL,1,0,1,50
201900047555,2,6,2019,19:35:00,1,67,67482,2,1,1,3,"THUMENAU (RUE DE LA)","48,5718710","7,7548270",201900047555,138 216 643,B01,2,1,0,2,0,19,5,NULL,201900047555,138 216 644,A01,1,1,1,1,1992,0,1,8,-1,-1," -1",-1,201900047555,4,"THUMENAU (RUE DE LA)",0,NULL,3,7,1,1,0,0,1,NULL,NULL,1,0,1,50
201900047674,20,2,2019,07:40:00,2,19,19031,2,6,1,3,"COSNAC (RUE DANIEL DE)","45,1543200","1,5580600",201900047674,138 216 393,B01,1,1,0,2,7,1,5,NULL,201900047674,138 216 393,B01,1,1,4,1,1963,1,8,0,-1,-1," -1",-1,201900047674,4,"COSNAC (RUE DANIEL DE)",0,NULL,1,2,0,1,0,0,2,NULL,NULL,1,5,1,50
201900048144,10,1,2019,16:00:00,1,75,75113,2,2,1,3,"RUE NATIONALE","48,8215540","2,3693840",201900048144,138 215 554,A01,1,1,0,2,1,1,5,NULL,201900048144,138 215 554,A01,1,1,4,1,1962,1,2,0,-1,0,0,-1,201900048144,4,"RUE NATIONALE",0,NULL,1,1,0,1,0,0,1,NULL,NULL,1,0,1,50
201900048144,10,1,2019,16:00:00,1,75,75113,2,2,1,3,"RUE NATIONALE","48,8215540","2,3693840",201900048144,138 215 554,A01,1,1,0,2,1,1,5,NULL,201900048144,138 215 555,B01,1,1,1,2,1973,5,1,0,-1,0,0,-1,201900048144,4,"RUE NATIONALE",0,NULL,1,1,0,1,0,0,1,NULL,NULL,1,0,1,50
201900053249,18,2,2019,13:20:00,1,31,31555,2,1,1,3,"BD DES MINIMES","43,6163700","1,4394800",201900053249,138 205 918,A01,2,1,0,2,0,12,5,NULL,201900053249,138 205 917,B01,1,1,1,1,1977,9,2,8,-1,-1,0,-1,201900053249,4,"BD DES MINIMES",0,NULL,1,3,0,1,0,0,1,NULL,NULL,1,0,1,50
201900053249,18,2,2019,13:20:00,1,31,31555,2,1,1,3,"BD DES MINIMES","43,6163700","1,4394800",201900053249,138 205 918,A01,2,1,0,2,0,12,5,NULL,201900053249,138 205 918,A01,1,1,4,1,1954,5,8,8,-1,-1,0,-1,201900053249,4,"BD DES MINIMES",0,NULL,1,3,0,1,0,0,1,NULL,NULL,1,0,1,50
201900054002,28,3,2019,16:45:00,1,42,42081,1,3,1,3,RD1082,"45,6004370","4,2647660",201900054002,138 204 485,B01,0,1,0,2,3,9,5,NULL,201900054002,138 204 484,A01,1,1,1,1,1997,1,1,-1,-1,0,0,-1,201900054002,3,1082,NULL,NULL,2,2,0,2,(1),(1),1,NULL,NULL,1,0,1,80
201900054002,28,3,2019,16:45:00,1,42,42081,1,3,1,3,RD1082,"45,6004370","4,2647660",201900054002,138 204 485,B01,0,1,0,2,3,9,5,NULL,201900054002,138 204 485,B01,1,1,3,1,2002,5,0,-1,-1,0,0,-1,201900054002,3,1082,NULL,NULL,2,2,0,2,(1),(1),1,NULL,NULL,1,0,1,80
201900054902,14,2,2019,17:50:00,1,973,97302,2,1,1,3,"GALMOT (AVENUE)","4,9318881"," -52,3285890",201900054902,138 202 843,B01,3,1,0,2,7,9,5,NULL,201900054902,138 202 842,A01,1,1,1,2,1960,9,1,0,-1,-1,0,-1,201900054902,4,"GALMOT (AVENUE)",0,NULL,2,2,0,1,(1),(1),1,NULL,NULL,1,0,1,50
201900054902,14,2,2019,17:50:00,1,973,97302,2,1,1,3,"GALMOT (AVENUE)","4,9318881"," -52,3285890",201900054902,138 202 843,B01,3,1,0,2,7,9,5,NULL,201900054902,138 202 843,B01,1,1,4,2,1987,0,8,0,-1,-1,0,-1,201900054902,4,"GALMOT (AVENUE)",0,NULL,2,2,0,1,(1),(1),1,NULL,NULL,1,0,1,50
201900056381,17,2,2019,10:30:00,1,59,59152,2,6,1,2,"boulevard de la lys","50,7552400","3,0251000",201900056381,138 200 127,B01,3,1,0,2,0,0,0,NULL,201900056381,138 200 127,B01,1,1,4,1,1982,5,2,8,-1,-1,0,-1,201900056381,4,"boulevard de la lys",0,NULL,-1,1,0,1,0,0,2,NULL,NULL,1,0,1,50
201900056381,17,2,2019,10:30:00,1,59,59152,2,6,1,2,"boulevard de la lys","50,7552400","3,0251000",201900056381,138 200 127,B01,3,1,0,2,0,0,0,NULL,201900056381,138 200 129,A01,1,1,1,2,1955,0,8,0,-1,-1,0,-1,201900056381,4,"boulevard de la lys",0,NULL,-1,1,0,1,0,0,2,NULL,NULL,1,0,1,50
201900056932,31,5,2019,17:20:00,1,75,75111,2,7,1,3,"PLACE DE LA BASTILLE","48,8534210","2,3694840",201900056932,138 199 106,B01,1,1,0,2,3,11,5,NULL,201900056932,138 199 106,B01,1,1,4,1,1969,0,2,0,-1,0,0,-1,201900056932,4,"PLACE DE LA BASTILLE",0,NULL,1,2,0,1,0,0,1,NULL,NULL,1,8,1,50
201900056932,31,5,2019,17:20:00,1,75,75111,2,7,1,3,"PLACE DE LA BASTILLE","48,8534210","2,3694840",201900056932,138 199 106,B01,1,1,0,2,3,11,5,NULL,201900056932,138 199 107,A01,1,1,1,1,1977,4,8,0,-1,0,0,-1,201900056932,4,"PLACE DE LA BASTILLE",0,NULL,1,2,0,1,0,0,1,NULL,NULL,1,8,1,50
201900058021,26,3,2019,08:30:00,1,45,45004,2,3,1,3,"R DU DOCT TRIOSON-R DE LA CROIX ST JACQUES","47,9990330","2,7484460",201900058021,138 197 110,B01,2,1,0,2,1,1,5,NULL,201900058021,138 197 102,A01,1,1,1,2,1975,2,1,8,-1,0,0,-1,201900058021,4,"R DU DOCTEUR TRIOSON",0,NULL,2,2,0,1,(1),(1),1,NULL,NULL,1,0,1,50
201900058021,26,3,2019,08:30:00,1,45,45004,2,3,1,3,"R DU DOCT TRIOSON-R DE LA CROIX ST JACQUES","47,9990330","2,7484460",201900058021,138 197 110,B01,2,1,0,2,1,1,5,NULL,201900058021,138 197 110,B01,1,1,4,1,2003,2,8,0,-1,0,0,-1,201900058021,4,"R DU DOCTEUR TRIOSON",0,NULL,2,2,0,1,(1),(1),1,NULL,NULL,1,0,1,50
201900058501,17,6,2019,17:45:00,1,94,94077,2,1,1,6,"FRONT DE SEINE","48,7296069","2,4434775",201900058501,138 196 237,A01,1,1,0,1,1,25,5,NULL,201900058501,138 196 237,A01,10,3,4,2,1962,5,8,0,-1,5,1,2,201900058501,4,"FRONT DE SEINE",0,NULL,1,1,1,1,0,0,1,NULL,NULL,1,0,5,50
201900058501,17,6,2019,17:45:00,1,94,94077,2,1,1,6,"FRONT DE SEINE","48,7296069","2,4434775",201900058501,138 196 237,A01,1,1,0,1,1,25,5,NULL,201900058501,138 196 237,A01,1,1,1,1,1961,5,8,0,-1,0,0,-1,201900058501,4,"FRONT DE SEINE",0,NULL,1,1,1,1,0,0,1,NULL,NULL,1,0,5,50
201900012862,18,11,2019,18:25:00,2,44,44184,2,2,1,3,"RUES MOZART / VOLTAIRE","47,2670000"," -2,2359000",201900012862,138 282 515,B01,3,1,0,2,1,1,5,NULL,201900012862,138 282 514,A01,1,1,1,2,1992,0,8,0,-1,-1,0,-1,201900012862,4,NULL,0,NULL,2,2,0,1,0,1,1,NULL,NULL,1,0,1,50
201900012862,18,11,2019,18:25:00,2,44,44184,2,2,1,3,"RUES MOZART / VOLTAIRE","47,2670000"," -2,2359000",201900012862,138 282 515,B01,3,1,0,2,1,1,5,NULL,201900012862,138 282 515,B01,1,1,3,2,1966,5,8,8,-1,-1,0,-1,201900012862,4,NULL,0,NULL,2,2,0,1,0,1,1,NULL,NULL,1,0,1,50
201900012889,20,11,2019,16:15:00,1,75,75115,2,4,1,3,"RUE BRANCION","48,8296830","2,3017580",201900012889,138 282 464,B01,1,1,0,2,1,18,5,NULL,201900012889,138 282 464,B01,1,1,4,2,1989,0,8,2,-1,0,0,-1,201900012889,4,"RUE BRANCION",0,NULL,2,2,0,1,0,0,1,NULL,NULL,1,0,1,30
201900012889,20,11,2019,16:15:00,1,75,75115,2,4,1,3,"RUE BRANCION","48,8296830","2,3017580",201900012889,138 282 464,B01,1,1,0,2,1,18,5,NULL,201900012889,138 282 465,A01,1,1,1,1,1974,4,1,0,-1,0,0,-1,201900012889,4,"RUE BRANCION",0,NULL,2,2,0,1,0,0,1,NULL,NULL,1,0,1,30
201900013004,15,7,2019,05:15:00,5,75,75107,2,7,1,3,"PLACE DE LA RESISTANCE","48,8623150","2,3019620",201900013004,138 282 261,B01,1,1,0,2,0,1,5,NULL,201900013004,138 282 261,B01,1,1,4,1,1986,9,2,0,-1,0,0,-1,201900013004,4,"PLACE DE LA RESISTANCE",0,NULL,3,0,0,1,0,0,1,NULL,NULL,1,8,1,50
201900013004,15,7,2019,05:15:00,5,75,75107,2,7,1,3,"PLACE DE LA RESISTANCE","48,8623150","2,3019620",201900013004,138 282 261,B01,1,1,0,2,0,1,5,NULL,201900013004,138 282 262,A01,1,1,1,1,1992,1,1,0,-1,0,0,-1,201900013004,4,"PLACE DE LA RESISTANCE",0,NULL,3,0,0,1,0,0,1,NULL,NULL,1,8,1,50
201900013317,13,9,2019,12:30:00,1,13,13209,2,1,1,7,"MARÉCHAL DE LATTRE (AVENUE)","43,2461400","5,4177640",201900013317,138 281 674,A01,1,1,0,0,0,1,5,NULL,201900013317,138 281 674,A01,1,1,4,1,1960,5,2,0,-1,-1,0,-1,201900013317,4,"MARÉCHAL DE LATTRE (AVENUE)",0,NULL,2,2,0,2,0,0,1,NULL,NULL,1,0,1,50
201900013682,4,2,2019,17:10:00,1,11,11203,2,1,1,2,"AVENUE LEO LAGRANGE","43,1903590","2,7547220",201900013682,138 280 948,B01,3,1,0,2,4,1,6,NULL,201900013682,138 280 947,A01,1,1,1,1,1997,1,1,-1,-1,0,0,-1,201900013682,4,NULL,NULL,NULL,2,2,0,1,(1),(1),1,NULL,NULL,1,0,1,50
201900013682,4,2,2019,17:10:00,1,11,11203,2,1,1,2,"AVENUE LEO LAGRANGE","43,1903590","2,7547220",201900013682,138 280 948,B01,3,1,0,2,4,1,6,NULL,201900013682,138 280 948,B01,1,1,3,1,1985,2,0,-1,-1,0,0,-1,201900013682,4,NULL,NULL,NULL,2,2,0,1,(1),(1),1,NULL,NULL,1,0,1,50
201900014989,18,3,2019,20:10:00,5,75,75114,2,2,1,3,"RUE VERCINGETORIX","48,8327400","2,3115370",201900014989,138 278 438,B01,2,1,0,2,2,1,5,NULL,201900014989,138 278 438,B01,1,1,4,1,1991,2,2,0,-1,0,0,-1,201900014989,4,"RUE VERCINGETORIX",0,NULL,2,2,1,1,0,0,1,NULL,NULL,1,0,5,50
201900014989,18,3,2019,20:10:00,5,75,75114,2,2,1,3,"RUE VERCINGETORIX","48,8327400","2,3115370",201900014989,138 278 438,B01,2,1,0,2,2,1,5,NULL,201900014989,138 278 439,A01,1,1,1,1,1981,4,1,0,-1,0,0,-1,201900014989,4,"RUE VERCINGETORIX",0,NULL,2,2,1,1,0,0,1,NULL,NULL,1,0,5,50
201900017087,31,1,2019,17:15:00,2,10,10387,2,1,2,3,"CHOMEDEY DE MAISONNEUVE (AVE)","48,3030900","4,0737300",201900017087,138 274 466,B01,1,1,0,2,1,25,5,NULL,201900017087,138 274 466,B01,1,1,4,1,1973,0,8,0,-1,-1," -1",-1,201900017087,4,"CHOMEDEY DE MAISONNEUVE (AVE)",0,NULL,1,1,0,1,0,0,1,NULL,NULL,2,0,1,50
201900017087,31,1,2019,17:15:00,2,10,10387,2,1,2,3,"CHOMEDEY DE MAISONNEUVE (AVE)","48,3030900","4,0737300",201900017087,138 274 466,B01,1,1,0,2,1,25,5,NULL,201900017087,138 274 467,A01,1,1,1,2,1989,0,1,8,-1,-1," -1",-1,201900017087,4,"CHOMEDEY DE MAISONNEUVE (AVE)",0,NULL,1,1,0,1,0,0,1,NULL,NULL,2,0,1,50
201900018166,30,4,2019,07:40:00,1,69,69383,2,2,1,1,"ALBERT THOMAS                       (CO)","45,7435755","4,8769721",201900018166,138 272 440,B01,1,1,0,2,1,1,0,NULL,201900018166,138 272 439,A01,1,1,1,1,1984,1,1,8,-1,0,0,-1,201900018166,4,"ALBERT THOMAS                       (CO)",0,NULL,2,4,3,1,1,0,1,NULL,NULL,1,0,1,50
201900018166,30,4,2019,07:40:00,1,69,69383,2,2,1,1,"ALBERT THOMAS                       (CO)","45,7435755","4,8769721",201900018166,138 272 440,B01,1,1,0,2,1,1,0,NULL,201900018166,138 272 440,B01,2,1,4,1,2000,2,8,0,-1,0,0,-1,201900018166,4,"ALBERT THOMAS                       (CO)",0,NULL,2,4,3,1,1,0,1,NULL,NULL,1,0,1,50
201900018205,23,5,2019,18:35:00,1,69,69382,2,3,1,3,"DELANDINE                           (R )","45,7400000","4,8200000",201900018205,138 272 374,B01,0,1,0,0,0,0,0,NULL,201900018205,138 272 373,A01,1,1,1,2,1966,1,1,8,-1,0,0,-1,201900018205,4,"DELANDINE                           (R )",0,NULL,1,1,1,1,0,0,1,NULL,NULL,1,0,1,50
201900018205,23,5,2019,18:35:00,1,69,69382,2,3,1,3,"DELANDINE                           (R )","45,7400000","4,8200000",201900018205,138 272 374,B01,0,1,0,0,0,0,0,NULL,201900018205,138 272 374,B01,1,1,4,1,1980,1,2,8,-1,-1,0,-1,201900018205,4,"DELANDINE                           (R )",0,NULL,1,1,1,1,0,0,1,NULL,NULL,1,0,1,50
201900019281,13,10,2019,07:45:00,3,33,33498,1,1,1,2,"70 Route de Caplanne","44,5522800"," -0,9211600",201900019281,138 270 397,B01,1,1,0,0,4,2,6,NULL,201900019281,138 270 397,B01,1,1,3,1,1993,5,0,-1,-1,0,0,-1,201900019281,3,108,NULL,NULL,2,2,0,1,49,400,1,NULL,NULL,1,0,1,80
201900019281,13,10,2019,07:45:00,3,33,33498,1,1,1,2,"70 Route de Caplanne","44,5522800"," -0,9211600",201900019281,138 270 397,B01,1,1,0,0,4,2,6,NULL,201900019281,138 270 398,A01,1,1,1,1,1977,5,8,-1,-1,0,0,-1,201900019281,3,108,NULL,NULL,2,2,0,1,49,400,1,NULL,NULL,1,0,1,80
201900019962,5,5,2019,19:20:00,1,91,91477,2,1,1,3,"VIALA (BOULEVARD)","48,7129000","2,2412000",201900019962,138 269 064,B01,3,1,0,2,6,1,5,NULL,201900019962,138 269 064,B01,1,1,4,1,1996,5,2,0,-1,0,0,-1,201900019962,4,"VIALA (BOULEVARD)",0,NULL,2,2,0,1,0,0,1,NULL,NULL,1,0,1,50
201900019962,5,5,2019,19:20:00,1,91,91477,2,1,1,3,"VIALA (BOULEVARD)","48,7129000","2,2412000",201900019962,138 269 064,B01,3,1,0,2,6,1,5,NULL,201900019962,138 269 065,A01,1,1,1,2,1954,5,1,0,-1,0,0,-1,201900019962,4,"VIALA (BOULEVARD)",0,NULL,2,2,0,1,0,0,1,NULL,NULL,1,0,1,50
201900022016,11,3,2019,18:00:00,1,62,62193,2,1,7,3,"MARTIN LUTHER KING","50,9546400","1,8931300",201900022016,138 265 162,B01,3,1,0,2,1,19,5,NULL,201900022016,138 265 162,B01,1,1,3,1,1991,1,8,0,-1,0,0,-1,201900022016,7,"MARTIN LUTHER KING",0,NULL,1,2,1,1,1,0,1,NULL,NULL,1,9,2,50
201900022016,11,3,2019,18:00:00,1,62,62193,2,1,7,3,"MARTIN LUTHER KING","50,9546400","1,8931300",201900022016,138 265 162,B01,3,1,0,2,1,19,5,NULL,201900022016,138 265 163,A01,1,1,1,1,1981,5,1,0,-1,0,0,-1,201900022016,7,"MARTIN LUTHER KING",0,NULL,1,2,1,1,1,0,1,NULL,NULL,1,9,2,50
201900023340,30,7,2019,16:56:00,1,92,92012,2,1,1,3,"PONT DE SEVRES (ROND POINT DU)","48,8290198","2,2292472",201900023340,138 262 603,B01,2,1,0,2,3,1,5,NULL,201900023340,138 262 602,A01,1,1,1,1,1987,5,1,8,-1,-1,0,-1,201900023340,3,910,0,NULL,1,3,0,1,1,0,1,NULL,NULL,1,8,1,50
201900023340,30,7,2019,16:56:00,1,92,92012,2,1,1,3,"PONT DE SEVRES (ROND POINT DU)","48,8290198","2,2292472",201900023340,138 262 603,B01,2,1,0,2,3,1,5,NULL,201900023340,138 262 603,B01,1,1,3,1,1961,5,8,0,-1,-1,0,-1,201900023340,3,910,0,NULL,1,3,0,1,1,0,1,NULL,NULL,1,8,1,50
201900023739,11,3,2019,14:30:00,1,45,45208,2,3,6,6,"RUE ANDRE COQUILLET","47,9919400","2,7322800",201900023739,138 261 767,A01,0,1,12,0,1,21,5,NULL,201900023739,138 261 767,A01,1,1,4,1,1997,-1,8,-1,-1,0,0,-1,201900023739,4,"RUE ANDRE COQUILLET",0,NULL,-1,1,0,1,(1),(1),1,NULL,NULL,1,0,4,50
201900024950,26,6,2019,20:30:00,1,75,75113,2,3,1,3,"BOULEVARD MASSENA","48,8192150","2,3620540",201900024950,138 259 380,A01,2,1,0,4,1,19,5,NULL,201900024950,138 259 380,A01,1,1,3,1,1986,9,2,8,-1,0,0,-1,201900024950,4,"BOULEVARD MASSENA",0,NULL,3,6,3,1,0,0,4,NULL,NULL,1,4,1,50
201900024950,26,6,2019,20:30:00,1,75,75113,2,3,1,3,"BOULEVARD MASSENA","48,8192150","2,3620540",201900024950,138 259 380,A01,2,1,0,4,1,19,5,NULL,201900024950,138 259 381,B01,1,1,1,1,1963,4,8,8,-1,0,0,-1,201900024950,4,"BOULEVARD MASSENA",0,NULL,3,6,3,1,0,0,4,NULL,NULL,1,4,1,50
201900025443,30,4,2019,08:45:00,1,66,66136,2,1,1,3,"ARGELES SUR MER AVENUE D'","42,6770000","2,9130000",201900025443,138 258 467,A01,0,1,0,2,3,9,5,NULL,201900025443,138 258 467,A01,1,1,4,1,1936,5,8,8,-1,0,0,-1,201900025443,4,"ARGELES SUR MER AVENUE D'",0,NULL,-1,2,0,1,0,0,2,NULL,NULL,1,0,1,50
201900025443,30,4,2019,08:45:00,1,66,66136,2,1,1,3,"ARGELES SUR MER AVENUE D'","42,6770000","2,9130000",201900025443,138 258 467,A01,0,1,0,2,3,9,5,NULL,201900025443,138 258 468,B01,1,1,1,1,1957,5,1,0,-1,0,0,-1,201900025443,4,"ARGELES SUR MER AVENUE D'",0,NULL,-1,2,0,1,0,0,2,NULL,NULL,1,0,1,50
201900027579,25,11,2019,09:45:00,1,62,62126,2,6,1,3,"CD 941","50,5135560","2,6819730",201900027579,138 254 445,B01,3,1,0,2,0,2,5,NULL,201900027579,138 254 445,B01,1,1,3,1,1964,0,8,0,-1,-1," -1",-1,201900027579,3,941,0,NULL,1,4,0,1,1,0,1,NULL,NULL,1,5,1,50
201900027579,25,11,2019,09:45:00,1,62,62126,2,6,1,3,"CD 941","50,5135560","2,6819730",201900027579,138 254 445,B01,3,1,0,2,0,2,5,NULL,201900027579,138 254 446,A01,1,1,1,1,1991,4,1,0,-1,-1," -1",-1,201900027579,3,941,0,NULL,1,4,0,1,1,0,1,NULL,NULL,1,5,1,50
201900028642,26,7,2019,06:00:00,1,988,98818,2,6,1,3,"OHLEN (RUE ARMAND)"," -22,2671400","166,4635600",201900028642,138 252 464,B01,1,1,0,2,1,15,5,NULL,201900028642,138 252 463,A01,1,1,1,1,1962,2,1,0,-1,0,0,-1,201900028642,4,694,0,NULL,2,2,0,1,0,0,2,NULL,NULL,1,0,3,50
201900028642,26,7,2019,06:00:00,1,988,98818,2,6,1,3,"OHLEN (RUE ARMAND)"," -22,2671400","166,4635600",201900028642,138 252 464,B01,1,1,0,2,1,15,5,NULL,201900028642,138 252 464,B01,1,1,3,2,1984,1,8,0,-1,0,0,-1,201900028642,4,694,0,NULL,2,2,0,1,0,0,2,NULL,NULL,1,0,3,50
201900028732,24,7,2019,08:15:00,1,57,57672,2,1,1,6,"ROBERT SCHUMANN (BOULEVARD)","49,3525800","6,1750600",201900028732,138 252 277,B01,2,1,0,2,5,1,5,NULL,201900028732,138 252 277,B01,1,1,4,1,1947,5,2,0,-1,-1," -1",-1,201900028732,4,"ROBERT SCHUMANN (BOULEVARD)",0,NULL,2,2,0,1,0,0,1,NULL,NULL,1,0,1,50
201900028732,24,7,2019,08:15:00,1,57,57672,2,1,1,6,"ROBERT SCHUMANN (BOULEVARD)","49,3525800","6,1750600",201900028732,138 252 277,B01,2,1,0,2,5,1,5,NULL,201900028732,138 252 278,A01,1,1,1,2,1955,5,1,0,-1,-1," -1",-1,201900028732,4,"ROBERT SCHUMANN (BOULEVARD)",0,NULL,2,2,0,1,0,0,1,NULL,NULL,1,0,1,50
201900030071,3,9,2019,18:35:00,1,75,75114,2,1,1,3,"BOULEVARD BRUNE","48,8265130","2,3110400",201900030071,138 249 761,A01,2,1,0,2,8,19,5,NULL,201900030071,138 249 761,A01,1,1,1,1,1963,5,2,8,-1,0,0,-1,201900030071,4,"BOULEVARD BRUNE",2,NULL,3,2,0,1,0,0,1,NULL,NULL,1,0,1,50
201900030071,3,9,2019,18:35:00,1,75,75114,2,1,1,3,"BOULEVARD BRUNE","48,8265130","2,3110400",201900030071,138 249 761,A01,2,1,0,2,8,19,5,NULL,201900030071,138 249 762,B01,1,1,4,1,1990,1,2,6,-1,0,0,-1,201900030071,4,"BOULEVARD BRUNE",2,NULL,3,2,0,1,0,0,1,NULL,NULL,1,0,1,50
201900035384,19,1,2019,17:25:00,5,91,91114,2,1,2,3,"CERCAY (RUE DE)","48,7075000","2,5169000",201900035384,138 239 590,B01,2,1,0,2,1,19,5,NULL,201900035384,138 239 590,B01,1,1,3,1,1977,9,8,0,-1,0,0,-1,201900035384,4,"CERCAY (RUE DE)",0,NULL,2,2,0,1,0,0,1,NULL,NULL,2,0,1,50
201900035384,19,1,2019,17:25:00,5,91,91114,2,1,2,3,"CERCAY (RUE DE)","48,7075000","2,5169000",201900035384,138 239 590,B01,2,1,0,2,1,19,5,NULL,201900035384,138 239 591,A01,1,1,1,1,1978,0,8,0,-1,0,0,-1,201900035384,4,"CERCAY (RUE DE)",0,NULL,2,2,0,1,0,0,1,NULL,NULL,2,0,1,50
201900035766,23,2,2019,11:20:00,1,74,74118,2,1,1,7,"SALEVE (ROUTE DU)","46,1751500","6,2218700",201900035766,138 238 853,A01,1,1,0,0,0,26,5,NULL,201900035766,138 238 853,A01,1,1,3,1,1935,0,8,0,-1,0,0,-1,201900035766,3,"906 ",0,A,2,2,0,2,0,1,1,NULL,NULL,1,0,1,50
201900037383,31,8,2019,17:20:00,1,64,64445,2,1,1,6,"FEDERICO GARCIA LORCA","43,3087200"," -0,3548200",201900037383,138 235 732,B01,2,1,0,2,1,1,5,NULL,201900037383,138 235 732,B01,1,1,4,2,1995,0,8,0,-1,0,0,-1,201900037383,4,"FEDERICO GARCIA LORCA",0,NULL,2,2,0,1,0,0,1,NULL,NULL,1,0,1,50
201900037383,31,8,2019,17:20:00,1,64,64445,2,1,1,6,"FEDERICO GARCIA LORCA","43,3087200"," -0,3548200",201900037383,138 235 732,B01,2,1,0,2,1,1,5,NULL,201900037383,138 235 733,A01,1,1,1,1,1955,9,1,8,-1,0,0,-1,201900037383,4,"FEDERICO GARCIA LORCA",0,NULL,2,2,0,1,0,0,1,NULL,NULL,1,0,1,50
201900037518,27,2,2019,18:20:00,2,35,35238,2,2,1,6,"BRIAND (AVENUE ARISTIDE)","48,1103000"," -1,6658700",201900037518,138 235 481,B01,0,1,14,2,3,15,5,NULL,201900037518,138 235 481,B01,1,1,4,1,2003,5,8,0,-1,-1," -1",-1,201900037518,4,"BRIAND (AVENUE ARISTIDE)",0,NULL,1,1,0,1,0,0,1,NULL,NULL,1,0,1,50
201900037518,27,2,2019,18:20:00,2,35,35238,2,2,1,6,"BRIAND (AVENUE ARISTIDE)","48,1103000"," -1,6658700",201900037518,138 235 481,B01,0,1,14,2,3,15,5,NULL,201900037518,138 235 482,A01,1,1,1,1,1970,0,8,0,-1,-1,0,-1,201900037518,4,"BRIAND (AVENUE ARISTIDE)",0,NULL,1,1,0,1,0,0,1,NULL,NULL,1,0,1,50
201900042012,17,5,2019,16:37:00,1,94,94044,2,9,1,3,"EUGENE VARLIN (R)","48,7423500","2,4912500",201900042012,138 227 210,B01,1,1,0,2,3,0,5,NULL,201900042012,138 227 210,B01,1,1,4,1,1946,9,8,0,-1,0,0,-1,201900042012,3,136,0,NULL,1,1,0,1,0,0,1,NULL,NULL,1,0,1,50
201900042012,17,5,2019,16:37:00,1,94,94044,2,9,1,3,"EUGENE VARLIN (R)","48,7423500","2,4912500",201900042012,138 227 210,B01,1,1,0,2,3,0,5,NULL,201900042012,138 227 211,A01,1,1,1,1,1987,9,1,8,-1,0,0,-1,201900042012,3,136,0,NULL,1,1,0,1,0,0,1,NULL,NULL,1,0,1,50
201900043880,24,5,2019,10:50:00,1,92,92046,2,2,1,6,"PAUL BERT (RUE)","48,8192414","2,2978404",201900043880,138 223 689,B01,1,1,0,2,3,22,5,NULL,201900043880,138 223 689,B01,2,1,4,1,1977,0,2,0,-1,-1,0,-1,201900043880,3,50,NULL,NULL,2,-1,-1,1,(1),(1),1,NULL,NULL,1,5,1,-1
201900043880,24,5,2019,10:50:00,1,92,92046,2,2,1,6,"PAUL BERT (RUE)","48,8192414","2,2978404",201900043880,138 223 689,B01,1,1,0,2,3,22,5,NULL,201900043880,138 223 690,A01,1,1,1,2,1966,5,1,0,-1,-1,0,-1,201900043880,3,50,NULL,NULL,2,-1,-1,1,(1),(1),1,NULL,NULL,1,5,1,-1
201900044843,28,8,2019,16:54:00,1,78,78655,1,2,1,3,"Route d'Auffargis","48,6822200","1,8869070",201900044843,138 221 794,B01,3,1,0,2,7,19,5,NULL,201900044843,138 221 793,A01,1,1,1,1,1991,1,5,-1,-1,0,0,-1,201900044843,3,61,0,D,2,2,0,1,11,200,1,NULL,NULL,1,0,1,70
201900044843,28,8,2019,16:54:00,1,78,78655,1,2,1,3,"Route d'Auffargis","48,6822200","1,8869070",201900044843,138 221 794,B01,3,1,0,2,7,19,5,NULL,201900044843,138 221 794,B01,1,1,3,1,2004,5,2,-1,-1,0,0,-1,201900044843,3,61,0,D,2,2,0,1,11,200,1,NULL,NULL,1,0,1,70
201900045959,23,2,2019,17:55:00,2,69,69383,2,3,1,5,"VICTOR AUGAGNEUR                    (QU)","45,7572700","4,8407600",201900045959,138 219 644,C01,3,1,0,2,8,19,0,NULL,201900045959,138 219 642,A01,1,1,1,2,1994,5,1,0,-1,0,0,-1,201900045959,4,"VICTOR AUGAGNEUR                    (QU)",0,NULL,1,2,2,1,0,0,1,NULL,NULL,1,0,1,50