Num_Acc,jour,mois,an,hrmn,lum,dep,com,agg,int,atm,col,adr,lat,long,Num_Acc,id_vehicule,num_veh,senc,catv,obs,obsm,choc,manv,motor,occutc,Num_Acc,id_vehicule,num_veh,place,catu,grav,sexe,an_nais,trajet,secu1,secu2,secu3,locp,actp,etatp,Num_Acc,catr,voie,v1,v2,circ,nbv,vosp,prof,pr,pr1,plan,lartpc,larrout,surf,infra,situ,vma
201900045959,23,2,2019,17:55:00,2,69,69383,2,3,1,5,"VICTOR AUGAGNEUR                    (QU)","45,7572700","4,8407600",201900045959,138 219 643,B01,3,1,0,2,3,19,0,NULL,201900045959,138 219 642,A01,1,1,1,2,1994,5,1,0,-1,0,0,-1,201900045959,4,"VICTOR AUGAGNEUR                    (QU)",0,NULL,1,2,2,1,0,0,1,NULL,NULL,1,0,1,50
201900045959,23,2,2019,17:55:00,2,69,69383,2,3,1,5,"VICTOR AUGAGNEUR                    (QU)","45,7572700","4,8407600",201900045959,138 219 644,C01,3,1,0,2,8,19,0,NULL,201900045959,138 219 643,B01,1,1,4,2,1976,5,8,0,-1,-1," -1",-1,201900045959,4,"VICTOR AUGAGNEUR                    (QU)",0,NULL,1,2,2,1,0,0,1,NULL,NULL,1,0,1,50
201900045959,23,2,2019,17:55:00,2,69,69383,2,3,1,5,"VICTOR AUGAGNEUR                    (QU)","45,7572700","4,8407600",201900045959,138 219 643,B01,3,1,0,2,3,19,0,NULL,201900045959,138 219 643,B01,1,1,4,2,1976,5,8,0,-1,-1," -1",-1,201900045959,4,"VICTOR AUGAGNEUR                    (QU)",0,NULL,1,2,2,1,0,0,1,NULL,NULL,1,0,1,50
201900045959,23,2,2019,17:55:00,2,69,69383,2,3,1,5,"VICTOR AUGAGNEUR                    (QU)","45,7572700","4,8407600",201900045959,138 219 644,C01,3,1,0,2,8,19,0,NULL,201900045959,138 219 644,C01,1,1,4,2,2008,5,8,0,-1,0,0,-1,201900045959,4,"VICTOR AUGAGNEUR                    (QU)",0,NULL,1,2,2,1,0,0,1,NULL,NULL,1,0,1,50
201900045959,23,2,2019,17:55:00,2,69,69383,2,3,1,5,"VICTOR AUGAGNEUR                    (QU)","45,7572700","4,8407600",201900045959,138 219 643,B01,3,1,0,2,3,19,0,NULL,201900045959,138 219 644,C01,1,1,4,2,2008,5,8,0,-1,0,0,-1,201900045959,4,"VICTOR AUGAGNEUR                    (QU)",0,NULL,1,2,2,1,0,0,1,NULL,NULL,1,0,1,50
201900046445,24,9,2019,17:10:00,1,77,77243,2,9,1,6,"DELAMBRE (RUE  )","48,8792500","2,7061800",201900046445,138 218 693,A01,1,1,0,1,1,1,5,NULL,201900046445,138 218 693,A01,1,1,1,1,1983,5,8,0,-1,0,0,-1,201900046445,4,"DELAMBRE (RUE  )",0,NULL,1,1,0,1,0,0,1,NULL,NULL,1,0,2,30
201900046445,24,9,2019,17:10:00,1,77,77243,2,9,1,6,"DELAMBRE (RUE  )","48,8792500","2,7061800",201900046445,138 218 693,A01,1,1,0,1,1,1,5,NULL,201900046445,138 218 693,A01,10,3,4,1,2010,5,8,0,-1,3,3,1,201900046445,4,"DELAMBRE (RUE  )",0,NULL,1,1,0,1,0,0,1,NULL,NULL,1,0,2,30
201900047586,11,6,2019,07:55:00,1,64,64284,2,2,1,3,"HENRI IV","43,2835000"," -0,3864000",201900047586,138 216 582,B01,1,1,0,2,4,16,5,NULL,201900047586,138 216 582,B01,1,1,4,1,2004,0,8,0,-1,0,0,-1,201900047586,4,"HENRI IV",0,NULL,2,4,1,1,0,0,3,NULL,NULL,2,0,1,50
201900047586,11,6,2019,07:55:00,1,64,64284,2,2,1,3,"HENRI IV","43,2835000"," -0,3864000",201900047586,138 216 582,B01,1,1,0,2,4,16,5,NULL,201900047586,138 216 583,A01,1,1,1,2,1947,0,1,0,-1,0,0,-1,201900047586,4,"HENRI IV",0,NULL,2,4,1,1,0,0,3,NULL,NULL,2,0,1,50
201900051272,13,6,2019,18:30:00,1,31,31555,2,3,1,3,"SALADE PONSAN (CHE DE LA) DU 19AU 181","43,5987100","1,4514300",201900051272,138 209 756,B01,0,1,0,2,1,1,5,NULL,201900051272,138 209 755,A01,1,1,1,1,1995,5,1,0,-1,-1,0,-1,201900051272,4,NULL,0,NULL,2,2,0,1,0,0,1,NULL,NULL,1,0,1,50
201900051272,13,6,2019,18:30:00,1,31,31555,2,3,1,3,"SALADE PONSAN (CHE DE LA) DU 19AU 181","43,5987100","1,4514300",201900051272,138 209 756,B01,0,1,0,2,1,1,5,NULL,201900051272,138 209 756,B01,1,1,4,2,2001,9,8,0,-1,-1,0,-1,201900051272,4,NULL,0,NULL,2,2,0,1,0,0,1,NULL,NULL,1,0,1,50
201900055866,9,7,2019,13:02:00,1,49,49007,2,1,1,7,LETANDUERE,"47,4574300"," -0,5540500",201900055866,138 201 075,A01,1,1,0,0,0,1,5,NULL,201900055866,138 201 075,A01,1,1,4,2,1970,0,8,0,-1,-1,0,-1,201900055866,4,LETANDUERE,0,NULL,1,1,0,1,0,0,1,NULL,NULL,1,4,1,50
201900057489,25,10,2019,15:55:00,1,2B,2B049,1,6,1,3,"Route de Calvi","42,5502660","8,7957790",201900057489,138 198 100,B01,2,1,0,0,8,26,5,NULL,201900057489,138 198 100,B01,1,1,4,1,1964,5,0,-1,-1,0,0,-1,201900057489,3,151,0,NULL,2,2,0,1,36,600,2,NULL,NULL,1,0,1,70
201900057489,25,10,2019,15:55:00,1,2B,2B049,1,6,1,3,"Route de Calvi","42,5502660","8,7957790",201900057489,138 198 100,B01,2,1,0,0,8,26,5,NULL,201900057489,138 198 106,A01,1,1,1,1,2003,5,2,-1,-1,0,0,-1,201900057489,3,151,0,NULL,2,2,0,1,36,600,2,NULL,NULL,1,0,1,70
201900008771,8,8,2019,10:10:00,1,74,74010,2,1,1,6,"GARE (RUE DE LA)(SECTEUR 120)","45,8998000","6,1216000",201900008771,138 290 102,A01,1,1,0,1,1,25,5,NULL,201900008771,138 290 102,A01,10,3,3,2,1938,5,8,0,-1,5,9,1,201900008771,4,"GARE (RUE DE LA)(SECTEUR 120)",0,NULL,2,2,0,1,0,0,1,NULL,NULL,1,0,1,30
201900008771,8,8,2019,10:10:00,1,74,74010,2,1,1,6,"GARE (RUE DE LA)(SECTEUR 120)","45,8998000","6,1216000",201900008771,138 290 102,A01,1,1,0,1,1,25,5,NULL,201900008771,138 290 102,A01,1,1,1,2,1958,5,2,0,-1,0,0,-1,201900008771,4,"GARE (RUE DE LA)(SECTEUR 120)",0,NULL,2,2,0,1,0,0,1,NULL,NULL,1,0,1,30
201900008829,7,8,2019,08:45:00,1,44,44109,2,1,1,1,"BRANDT ( PONT WILLY )","47,2106200"," -1,5356900",201900008829,138 289 993,B01,1,1,0,2,1,1,5,NULL,201900008829,138 289 993,B01,1,1,4,1,1972,0,2,0,-1,0,0,-1,201900008829,4,NULL,0,NULL,-1,0,1,1,1,0,1,NULL,NULL,1,0,1,30
201900008829,7,8,2019,08:45:00,1,44,44109,2,1,1,1,"BRANDT ( PONT WILLY )","47,2106200"," -1,5356900",201900008829,138 289 993,B01,1,1,0,2,1,1,5,NULL,201900008829,138 289 994,A01,1,1,4,1,1994,0,2,0,-1,0,0,-1,201900008829,4,NULL,0,NULL,-1,0,1,1,1,0,1,NULL,NULL,1,0,1,30
201900009110,4,7,2019,20:11:00,1,87,87085,2,1,1,3,"BEL AIR (BOULEVARD DE)","45,8208800","1,2469000",201900009110,138 289 471,B01,2,1,0,2,5,1,5,NULL,201900009110,138 289 470,A01,1,1,1,1,1961,5,1,0,-1,0,0,-1,201900009110,4,"BEL AIR (BOULEVARD DE)",0,NULL,3,4,0,2,0,0,1,NULL,NULL,1,0,1,50
201900009110,4,7,2019,20:11:00,1,87,87085,2,1,1,3,"BEL AIR (BOULEVARD DE)","45,8208800","1,2469000",201900009110,138 289 471,B01,2,1,0,2,5,1,5,NULL,201900009110,138 289 471,B01,1,1,3,1,1976,1,2,0,-1,0,0,-1,201900009110,4,"BEL AIR (BOULEVARD DE)",0,NULL,3,4,0,2,0,0,1,NULL,NULL,1,0,1,50
201900009236,4,7,2019,08:05:00,1,33,33069,2,6,1,3,"RUE GEORGES LAFONT","44,8682700"," -0,5982400",201900009236,138 289 226,B01,1,1,0,2,1,1,5,NULL,201900009236,138 289 225,A01,1,1,1,1,1960,0,8,0,-1,-1," -1",-1,201900009236,4,"RUE GEORGES LAFONT",0,NULL,2,2,0,1,0,0,1,NULL,NULL,1,0,1,50
201900009236,4,7,2019,08:05:00,1,33,33069,2,6,1,3,"RUE GEORGES LAFONT","44,8682700"," -0,5982400",201900009236,138 289 226,B01,1,1,0,2,1,1,5,NULL,201900009236,138 289 226,B01,1,1,3,2,1969,0,8,0,-1,-1," -1",-1,201900009236,4,"RUE GEORGES LAFONT",0,NULL,2,2,0,1,0,0,1,NULL,NULL,1,0,1,50
201900010476,22,4,2019,17:20:00,1,75,75119,2,3,1,3,"RUE LALLY TOLLENDAL","48,8828500","2,3745430",201900010476,138 286 977,A01,1,1,0,2,8,5,5,NULL,201900010476,138 286 977,A01,1,1,1,1,2001,5,2,0,-1,0,0,-1,201900010476,4,"RUE LALLY TOLLENDAL",0,NULL,1,1,0,1,0,0,3,NULL,NULL,1,0,1,30
201900010476,22,4,2019,17:20:00,1,75,75119,2,3,1,3,"RUE LALLY TOLLENDAL","48,8828500","2,3745430",201900010476,138 286 977,A01,1,1,0,2,8,5,5,NULL,201900010476,138 286 979,B01,2,2,4,2,1978,5,2,6,-1,0,0,-1,201900010476,4,"RUE LALLY TOLLENDAL",0,NULL,1,1,0,1,0,0,3,NULL,NULL,1,0,1,30
201900010476,22,4,2019,17:20:00,1,75,75119,2,3,1,3,"RUE LALLY TOLLENDAL","48,8828500","2,3745430",201900010476,138 286 977,A01,1,1,0,2,8,5,5,NULL,201900010476,138 286 979,B01,1,1,4,1,1954,5,2,6,-1,0,0,-1,201900010476,4,"RUE LALLY TOLLENDAL",0,NULL,1,1,0,1,0,0,3,NULL,NULL,1,0,1,30
201900012260,18,4,2019,14:25:00,1,93,93050,2,1,1,2,"GENERAL DE GAULLE (AVENUE)","48,8567680","2,5301400",201900012260,138 283 666,Y01,1,1,0,2,0,0,0,NULL,201900012260,138 283 665,A01,1,1,1,2,1978,1,1,0,-1,-1," -1",-1,201900012260,3,934,0,NULL,3,4,0,1,0,1,1,NULL,NULL,1,0,1,50
201900012260,18,4,2019,14:25:00,1,93,93050,2,1,1,2,"GENERAL DE GAULLE (AVENUE)","48,8567680","2,5301400",201900012260,138 283 666,Y01,1,1,0,2,0,0,0,NULL,201900012260,138 283 666,Y01,1,1,4,1,1952,0,8,0,-1,0,0,-1,201900012260,3,934,0,NULL,3,4,0,1,0,1,1,NULL,NULL,1,0,1,50
201900014099,5,8,2019,06:20:00,2,974,97416,2,9,1,3,"BANK (BOULEVARD)"," -21,3301200","55,4721100",201900014099,138 280 214,B01,0,1,0,2,1,1,0,NULL,201900014099,138 280 214,B01,1,1,4,1,1969,1,2,4,-1,-1," -1",-1,201900014099,4,"BANK (BOULEVARD)",0,NULL,-1,2,0,1,0,0,1,NULL,NULL,1,0,1,50
201900014099,5,8,2019,06:20:00,2,974,97416,2,9,1,3,"BANK (BOULEVARD)"," -21,3301200","55,4721100",201900014099,138 280 214,B01,0,1,0,2,1,1,0,NULL,201900014099,138 280 215,A01,1,1,1,1,1952,0,1,0,-1,-1," -1",-1,201900014099,4,"BANK (BOULEVARD)",0,NULL,-1,2,0,1,0,0,1,NULL,NULL,1,0,1,50
201900014881,16,12,2019,07:50:00,5,33,33063,2,2,1,6,"BD DU PDT FRANKLIN ROOSEVELT","44,8148600"," -0,5727200",201900014881,138 278 633,A01,0,1,0,2,1,0,5,NULL,201900014881,138 278 633,A01,1,1,4,2,1992,0,8,0,-1,-1," -1",-1,201900014881,4,"BD DU PDT FRANKLIN ROOSEVELT",0,NULL,2,7,2,1,(1),(1),1,NULL,NULL,1,0,1,50
201900015406,16,1,2019,07:10:00,2,69,69387,2,1,1,6,"BERTHELOT                           (AV)","45,7412800","4,8545100",201900015406,138 277 672,A01,2,1,0,1,1,1,0,NULL,201900015406,138 277 672,A01,10,3,3,2,1956,1,8,0,-1,5,1,1,201900015406,4,"BERTHELOT                           (AV)",0,NULL,1,4,3,1,0,0,1,NULL,NULL,1,0,1,50
201900016385,10,5,2019,13:30:00,1,988,98818,2,1,1,7,"SEBASTOPOL (RUE DE)"," -22,2760600","166,4438900",201900016385,138 275 851,A01,3,1,8,0,1,1,5,NULL,201900016385,138 275 851,A01,1,1,3,1,1980,0,8,0,-1,0,0,-1,201900016385,4,557,0,NULL,2,2,0,4,0,0,1,NULL,NULL,1,0,1,50
201900017264,11,9,2019,08:00:00,1,74,74012,2,1,1,1,"BRIAND (RUE ARISITIDE)","46,1924600","6,2394800",201900017264,138 274 136,B01,1,1,0,0,0,0,5,NULL,201900017264,138 274 135,A01,1,1,1,1,1998,1,1,0,-1,-1,0,-1,201900017264,4,"BRIAND (RUE ARISTIDE)",0,NULL,1,1,0,1,0,1,1,NULL,NULL,1,0,1,50
201900017264,11,9,2019,08:00:00,1,74,74012,2,1,1,1,"BRIAND (RUE ARISITIDE)","46,1924600","6,2394800",201900017264,138 274 136,B01,1,1,0,0,0,0,5,NULL,201900017264,138 274 136,B01,1,1,4,1,1983,0,8,0,-1,-1,0,-1,201900017264,4,"BRIAND (RUE ARISTIDE)",0,NULL,1,1,0,1,0,1,1,NULL,NULL,1,0,1,50
201900019856,4,8,2019,11:40:00,1,67,67276,2,4,1,1,"1 Rue des Biancons","48,5226150","7,2905780",201900019856,138 269 292,B01,1,1,0,2,1,16,5,NULL,201900019856,138 269 291,A01,1,1,1,1,1953,5,1,-1,-1,0,0,-1,201900019856,4,"rue des Biancons",0,NULL,2,2,0,2,(1),(1),3,NULL,NULL,1,9,1,50
201900019856,4,8,2019,11:40:00,1,67,67276,2,4,1,1,"1 Rue des Biancons","48,5226150","7,2905780",201900019856,138 269 292,B01,1,1,0,2,1,16,5,NULL,201900019856,138 269 292,B01,1,1,3,1,1975,5,2,6,9,0,0,-1,201900019856,4,"rue des Biancons",0,NULL,2,2,0,2,(1),(1),3,NULL,NULL,1,9,1,50
201900020012,27,5,2019,10:00:00,1,89,89387,2,1,2,3,"GENERAL DE GAULLE (RUE DU)","48,1939900","3,2835800",201900020012,138 268 958,B01,3,1,1,0,1,0,5,NULL,201900020012,138 268 958,B01,1,1,3,1,1954,5,8,0,-1,-1," -1",-1,201900020012,4,"GENERAL DE GAULLE (RUE DU)",0,NULL,2,2,0,1,0,0,1,NULL,NULL,1,0,1,50
201900020012,27,5,2019,10:00:00,1,89,89387,2,1,2,3,"GENERAL DE GAULLE (RUE DU)","48,1939900","3,2835800",201900020012,138 268 958,B01,3,1,1,0,1,0,5,NULL,201900020012,138 268 959,A01,1,1,1,1,1959,0,8,0,-1,-1," -1",-1,201900020012,4,"GENERAL DE GAULLE (RUE DU)",0,NULL,2,2,0,1,0,0,1,NULL,NULL,1,0,1,50
201900022678,10,10,2019,08:20:00,1,35,35238,2,3,1,3,"AVENUE DES PREALES","48,1064700"," -1,6861700",201900022678,138 263 920,A01,3,1,0,2,1,1,5,NULL,201900022678,138 263 919,B01,1,1,1,2,1961,1,1,0,-1,-1," -1",-1,201900022678,4,"PERRIN (JEAN)",0,NULL,2,2,0,3,0,0,1,NULL,NULL,1,0,1,30
201900022678,10,10,2019,08:20:00,1,35,35238,2,3,1,3,"AVENUE DES PREALES","48,1064700"," -1,6861700",201900022678,138 263 920,A01,3,1,0,2,1,1,5,NULL,201900022678,138 263 920,A01,1,1,4,1,1991,1,8,0,-1,-1," -1",-1,201900022678,4,"PERRIN (JEAN)",0,NULL,2,2,0,3,0,0,1,NULL,NULL,1,0,1,30
201900027434,12,11,2019,17:50:00,5,69,69387,2,2,1,3,"FELIX FAURE                         (AV)","45,7521800","4,8472400",201900027434,138 254 710,B01,1,1,0,2,3,1,5,NULL,201900027434,138 254 709,A01,1,1,1,1,1975,4,1,0,-1,-1,0,-1,201900027434,4,"FELIX FAURE                         (AV)",0,NULL,1,3,1,1,1,0,1,NULL,NULL,1,0,1,50
201900027434,12,11,2019,17:50:00,5,69,69387,2,2,1,3,"FELIX FAURE                         (AV)","45,7521800","4,8472400",201900027434,138 254 710,B01,1,1,0,2,3,1,5,NULL,201900027434,138 254 710,B01,1,1,4,2,1984,0,8,0,-1,-1,0,-1,201900027434,4,"FELIX FAURE                         (AV)",0,NULL,1,3,1,1,1,0,1,NULL,NULL,1,0,1,50
201900027669,19,12,2019,22:15:00,5,75,75119,2,1,2,3,"RUE D AUBERVILLIERS","48,8982870","2,3704890",201900027669,138 254 274,B01,1,1,0,2,1,1,5,NULL,201900027669,138 254 274,B01,1,1,3,1,1991,9,2,8,-1,0,0,-1,201900027669,4,"RUE D AUBERVILLIERS",0,NULL,2,2,1,2,215,0,1,NULL,NULL,2,0,5,50
201900027669,19,12,2019,22:15:00,5,75,75119,2,1,2,3,"RUE D AUBERVILLIERS","48,8982870","2,3704890",201900027669,138 254 274,B01,1,1,0,2,1,1,5,NULL,201900027669,138 254 275,A01,1,1,1,1,1987,4,1,0,-1,0,0,-1,201900027669,4,"RUE D AUBERVILLIERS",0,NULL,2,2,1,2,215,0,1,NULL,NULL,2,0,5,50
201900029520,18,12,2019,07:50:00,1,75,75113,2,3,8,3,"QUAI FRANCOIS MAURIAC","48,8356830","2,3753800",201900029520,138 250 763,B01,2,1,0,2,2,1,5,NULL,201900029520,138 250 763,B01,1,1,4,1,1989,1,8,2,-1,0,0,-1,201900029520,4,"QUAI FRANCOIS MAURIAC",0,NULL,2,2,1,1,0,0,1,NULL,NULL,1,0,5,50
201900029520,18,12,2019,07:50:00,1,75,75113,2,3,8,3,"QUAI FRANCOIS MAURIAC","48,8356830","2,3753800",201900029520,138 250 763,B01,2,1,0,2,2,1,5,NULL,201900029520,138 250 764,A01,1,1,1,1,1999,5,1,0,-1,0,0,-1,201900029520,4,"QUAI FRANCOIS MAURIAC",0,NULL,2,2,1,1,0,0,1,NULL,NULL,1,0,5,50
201900029607,7,10,2019,15:20:00,1,76,76408,1,1,1,3,"route des mésanges - CD10","49,6168230","0,3507050",201900029607,138 250 616,B01,1,1,0,2,3,1,5,NULL,201900029607,138 250 615,A01,1,1,1,1,1972,4,0,-1,-1,0,0,-1,201900029607,3,10,0,NULL,2,2,0,1,11,700,1,NULL,NULL,1,0,1,80
201900029607,7,10,2019,15:20:00,1,76,76408,1,1,1,3,"route des mésanges - CD10","49,6168230","0,3507050",201900029607,138 250 616,B01,1,1,0,2,3,1,5,NULL,201900029607,138 250 616,B01,1,1,4,1,1961,5,2,-1,-1,0,0,-1,201900029607,3,10,0,NULL,2,2,0,1,11,700,1,NULL,NULL,1,0,1,80
201900035349,19,1,2019,20:10:00,5,974,97409,2,1,1,1,"DU CENTRE(CHEMIN)"," -20,9436500","55,6501300",201900035349,138 239 673,B01,1,1,0,2,1,1,5,NULL,201900035349,138 239 673,B01,1,1,4,1,1991,0,0,0,-1,-1," -1",-1,201900035349,4,"DU CENTRE(CHEMIN)",0,NULL,2,2,0,1,0,0,1,NULL,NULL,1,0,1,50
201900036855,21,6,2019,09:00:00,1,35,35238,2,3,7,1,"LECLERC (AVENUE DU GENERAL)","48,1147500"," -1,6526200",201900036855,138 236 773,B01,3,1,0,2,1,1,0,NULL,201900036855,138 236 773,B01,1,1,4,1,1989,1,8,0,-1,-1,0,-1,201900036855,4,"LECLERC (AVENUE DU GENERAL)",0,NULL,-1,2,0,2,0,0,1,NULL,NULL,1,5,1,50
201900036855,21,6,2019,09:00:00,1,35,35238,2,3,7,1,"LECLERC (AVENUE DU GENERAL)","48,1147500"," -1,6526200",201900036855,138 236 773,B01,3,1,0,2,1,1,0,NULL,201900036855,138 236 774,A01,1,1,1,2,1966,1,1,0,-1,-1,0,-1,201900036855,4,"LECLERC (AVENUE DU GENERAL)",0,NULL,-1,2,0,2,0,0,1,NULL,NULL,1,5,1,50
201900039115,22,8,2019,08:57:00,1,42,42218,2,2,1,3,"GUICHARD PAUL ET PIERRE","45,4579800","4,3887000",201900039115,138 232 571,B01,1,1,0,2,1,1,5,NULL,201900039115,138 232 571,B01,1,1,3,1,2000,9,2,8,-1,-1,0,-1,201900039115,4,"GUICHARD PAUL ET PIERRE",0,NULL,2,2,0,1,0,0,1,NULL,NULL,1,0,1,50
201900039115,22,8,2019,08:57:00,1,42,42218,2,2,1,3,"GUICHARD PAUL ET PIERRE","45,4579800","4,3887000",201900039115,138 232 571,B01,1,1,0,2,1,1,5,NULL,201900039115,138 232 572,A01,1,1,1,1,1992,4,1,8,-1,-1," -1",-1,201900039115,4,"GUICHARD PAUL ET PIERRE",0,NULL,2,2,0,1,0,0,1,NULL,NULL,1,0,1,50
201900041913,27,5,2019,19:05:00,1,94,94003,2,1,1,1,"LAPLACE (AV)","48,8075800","2,3343000",201900041913,138 227 394,A01,1,1,0,2,1,5,5,NULL,201900041913,138 227 394,A01,1,1,4,1,2006,5,8,0,-1,-1,0,-1,201900041913,3,161,0,NULL,2,2,1,2,0,0,1,NULL,NULL,1,0,1,30
201900041913,27,5,2019,19:05:00,1,94,94003,2,1,1,1,"LAPLACE (AV)","48,8075800","2,3343000",201900041913,138 227 394,A01,1,1,0,2,1,5,5,NULL,201900041913,138 227 395,B01,1,1,1,2,1960,5,1,0,-1,-1," -1",-1,201900041913,3,161,0,NULL,2,2,1,2,0,0,1,NULL,NULL,1,0,1,30
201900044898,25,8,2019,18:55:00,1,17,17121,1,9,1,3,"RD 735","46,1984450"," -1,4261660",201900044898,138 221 698,A01,1,1,0,2,1,1,5,NULL,201900044898,138 221 698,A01,1,1,3,2,1993,5,0,-1,-1,0,0,-1,201900044898,3,735,0,D,3,2,1,1,19,500,1,NULL,NULL,1,0,1,-1
201900044898,25,8,2019,18:55:00,1,17,17121,1,9,1,3,"RD 735","46,1984450"," -1,4261660",201900044898,138 221 698,A01,1,1,0,2,1,1,5,NULL,201900044898,138 221 699,B01,2,2,1,2,1948,5,1,-1,-1,0,0,-1,201900044898,3,735,0,D,3,2,1,1,19,500,1,NULL,NULL,1,0,1,-1
201900044898,25,8,2019,18:55:00,1,17,17121,1,9,1,3,"RD 735","46,1984450"," -1,4261660",201900044898,138 221 698,A01,1,1,0,2,1,1,5,NULL,201900044898,138 221 699,B01,1,1,1,1,1949,5,1,-1,-1,0,0,-1,201900044898,3,735,0,D,3,2,1,1,19,500,1,NULL,NULL,1,0,1,-1
201900052500,11,7,2019,18:30:00,1,44,44109,2,2,1,3,"BOULEVARD DE LA BEAUJOIRE","47,2595170"," -1,5111900",201900052500,138 207 341,B01,0,1,0,2,1,0,5,NULL,201900052500,138 207 340,A01,1,1,1,1,1996,0,1,0,-1,0,0,-1,201900052500,4,NULL,0,NULL,2,0,1,1,1,0,1,NULL,NULL,1,0,1,50
201900052500,11,7,2019,18:30:00,1,44,44109,2,2,1,3,"BOULEVARD DE LA BEAUJOIRE","47,2595170"," -1,5111900",201900052500,138 207 341,B01,0,1,0,2,1,0,5,NULL,201900052500,138 207 341,B01,1,1,4,1,1977,0,2,0,-1,0,0,-1,201900052500,4,NULL,0,NULL,2,0,1,1,1,0,1,NULL,NULL,1,0,1,50
201900052787,7,5,2019,15:15:00,1,26,26011,1,1,1,3,"RD 93 - PK 21+200","44,7148890","5,0685190",201900052787,138 206 795,A01,2,1,0,2,8,5,5,NULL,201900052787,138 206 795,A01,1,1,3,2,1960,5,0,-1,-1,0,0,-1,201900052787,3,93,NULL,NULL,2,2,0,1,21,200,1,NULL,NULL,1,0,1,80
201900052787,7,5,2019,15:15:00,1,26,26011,1,1,1,3,"RD 93 - PK 21+200","44,7148890","5,0685190",201900052787,138 206 795,A01,2,1,0,2,8,5,5,NULL,201900052787,138 206 796,B01,1,1,1,2,1952,3,1,-1,-1,0,0,-1,201900052787,3,93,NULL,NULL,2,2,0,1,21,200,1,NULL,NULL,1,0,1,80
201900052992,18,6,2019,22:30:00,2,14,14118,2,2,1,1,"FOSSES DU CHATEAU (RUE DES)","49,1881300"," -0,3600500",201900052992,138 206 387,A01,2,1,0,2,1,2,5,NULL,201900052992,138 206 386,B01,1,1,1,1,1974,0,1,0,-1,-1," -1",-1,201900052992,4,"FOSSES DU CHATEAU (RUE DES)",0,NULL,2,1,0,2,1,0,1,NULL,NULL,1,0,1,50
201900052992,18,6,2019,22:30:00,2,14,14118,2,2,1,1,"FOSSES DU CHATEAU (RUE DES)","49,1881300"," -0,3600500",201900052992,138 206 387,A01,2,1,0,2,1,2,5,NULL,201900052992,138 206 387,A01,1,1,4,1,1974,0,8,0,-1,-1," -1",-1,201900052992,4,"FOSSES DU CHATEAU (RUE DES)",0,NULL,2,1,0,2,1,0,1,NULL,NULL,1,0,1,50
201900053866,13,7,2019,01:05:00,5,75,75105,2,3,1,6,"RUE SANTEUIL","48,8406600","2,3539770",201900053866,138 204 722,A01,2,1,1,0,1,16,5,NULL,201900053866,138 204 722,A01,1,1,4,2,1994,5,2,0,-1,0,0,-1,201900053866,4,"RUE SANTEUIL",0,NULL,1,1,0,2,0,0,3,NULL,NULL,1,0,1,50
201900055247,5,1,2019,09:05:00,1,75,75120,2,2,1,7,"RUE DES COURONNES","48,8696550","2,3821760",201900055247,138 202 187,A01,2,1,0,0,0,1,5,NULL,201900055247,138 202 187,A01,1,1,4,1,1958,5,2,0,-1,0,0,-1,201900055247,4,"RUE DES COURONNES",0,NULL,2,2,0,2,0,0,1,NULL,NULL,1,0,1,30
201900056003,27,3,2019,09:15:00,1,75,75106,2,2,1,3,"BOULEVARD SAINT GERMAIN","48,8529170","2,3369820",201900056003,138 200 792,B01,2,1,0,2,4,7,5,NULL,201900056003,138 200 792,B01,1,1,4,2,1958,5,8,0,-1,0,0,-1,201900056003,4,"BOULEVARD SAINT GERMAIN",0,NULL,1,3,3,1,0,0,1,NULL,NULL,1,0,6,50
201900056003,27,3,2019,09:15:00,1,75,75106,2,2,1,3,"BOULEVARD SAINT GERMAIN","48,8529170","2,3369820",201900056003,138 200 792,B01,2,1,0,2,4,7,5,NULL,201900056003,138 200 793,A01,1,1,1,1,1999,4,1,0,-1,0,0,-1,201900056003,4,"BOULEVARD SAINT GERMAIN",0,NULL,1,3,3,1,0,0,1,NULL,NULL,1,0,6,50
201900010081,18,10,2019,18:30:00,2,75,75111,2,1,1,3,"BOULEVARD VOLTAIRE","48,8550120","2,3848330",201900010081,138 287 690,B01,2,1,0,2,1,1,5,NULL,201900010081,138 287 690,B01,1,1,4,1,1996,9,8,0,-1,0,0,-1,201900010081,4,"BOULEVARD VOLTAIRE",0,NULL,2,2,1,1,0,0,1,NULL,NULL,1,0,5,30
201900010081,18,10,2019,18:30:00,2,75,75111,2,1,1,3,"BOULEVARD VOLTAIRE","48,8550120","2,3848330",201900010081,138 287 690,B01,2,1,0,2,1,1,5,NULL,201900010081,138 287 691,A01,1,1,1,2,1948,5,1,8,-1,0,0,-1,201900010081,4,"BOULEVARD VOLTAIRE",0,NULL,2,2,1,1,0,0,1,NULL,NULL,1,0,5,30
201900013550,4,2,2019,11:30:00,1,66,66136,2,1,1,6,"KENNEDY (BD JOHN-FITZGERALD)","42,6901600","2,9021100",201900013550,138 281 200,B01,1,1,0,2,1,1,5,NULL,201900013550,138 281 199,A01,1,1,1,1,1973,9,1,8,-1,0,0,-1,201900013550,4,"KENNEDY (BD JOHN-FITZGERALD)",0,NULL,2,1,0,1,0,0,1,NULL,NULL,1,0,1,50