Num_Acc,jour,mois,an,hrmn,lum,dep,com,agg,int,atm,col,adr,lat,long,Num_Acc,id_vehicule,num_veh,senc,catv,obs,obsm,choc,manv,motor,occutc,Num_Acc,id_vehicule,num_veh,place,catu,grav,sexe,an_nais,trajet,secu1,secu2,secu3,locp,actp,etatp,Num_Acc,catr,voie,v1,v2,circ,nbv,vosp,prof,pr,pr1,plan,lartpc,larrout,surf,infra,situ,vma
201900013550,4,2,2019,11:30:00,1,66,66136,2,1,1,6,"KENNEDY (BD JOHN-FITZGERALD)","42,6901600","2,9021100",201900013550,138 281 200,B01,1,1,0,2,1,1,5,NULL,201900013550,138 281 200,B01,1,1,4,1,1999,9,8,0,-1,0," -1",-1,201900013550,4,"KENNEDY (BD JOHN-FITZGERALD)",0,NULL,2,1,0,1,0,0,1,NULL,NULL,1,0,1,50
201900015952,5,8,2019,06:05:00,3,33,33221,1,1,1,2,"La Noëlle","44,5642200","0,0434410",201900015952,138 276 708,B01,2,1,0,2,4,1,5,NULL,201900015952,138 276 708,B01,1,1,2,1,1957,9,0,-1,-1,0,0,-1,201900015952,3,1113,0,NULL,2,2,0,1,2,800,1,NULL,NULL,1,0,1,70
201900015952,5,8,2019,06:05:00,3,33,33221,1,1,1,2,"La Noëlle","44,5642200","0,0434410",201900015952,138 276 708,B01,2,1,0,2,4,1,5,NULL,201900015952,138 276 709,A01,1,1,1,1,1970,4,1,-1,-1,0,0,-1,201900015952,3,1113,0,NULL,2,2,0,1,2,800,1,NULL,NULL,1,0,1,70
201900016067,5,8,2019,12:08:00,1,68,68278,2,1,1,6,"87 Rue Wilson","47,7514070","7,3902640",201900016067,138 276 508,A01,3,1,0,0,0,26,5,NULL,201900016067,138 276 508,A01,1,1,3,1,1949,5,0,-1,-1,0,0,-1,201900016067,4,NULL,NULL,NULL,2,2,1,1,(1),(1),1,NULL,NULL,1,9,5,50
201900018143,7,5,2019,18:30:00,1,69,69383,2,1,1,3,"FELIX FAURE                         (AV)","45,7548500","4,8689900",201900018143,138 272 474,B01,2,1,0,2,8,2,0,NULL,201900018143,138 272 473,A01,1,1,1,1,1990,9,8,0,-1,0,0,-1,201900018143,4,"FELIX FAURE                         (AV)",0,NULL,2,2,2,1,0,0,1,NULL,NULL,1,0,1,50
201900018143,7,5,2019,18:30:00,1,69,69383,2,1,1,3,"FELIX FAURE                         (AV)","45,7548500","4,8689900",201900018143,138 272 474,B01,2,1,0,2,8,2,0,NULL,201900018143,138 272 474,B01,1,1,4,1,1991,1,8,0,-1,0,0,-1,201900018143,4,"FELIX FAURE                         (AV)",0,NULL,2,2,2,1,0,0,1,NULL,NULL,1,0,1,50
201900021622,3,8,2019,09:05:00,1,69,69141,2,6,1,2,"Boulevard du Général de Gaulle","45,6249440","4,6676080",201900021622,138 265 965,B01,0,1,0,2,4,0,0,NULL,201900021622,138 265 965,B01,1,1,3,1,1940,0,0,-1,-1,0,0,-1,201900021622,3,30,0,D,-1,1,1,1,0,0,1,NULL,NULL,1,0,1,50
201900021622,3,8,2019,09:05:00,1,69,69141,2,6,1,2,"Boulevard du Général de Gaulle","45,6249440","4,6676080",201900021622,138 265 965,B01,0,1,0,2,4,0,0,NULL,201900021622,138 265 966,A01,1,1,1,2,1940,0,1,-1,-1,0,0,-1,201900021622,3,30,0,D,-1,1,1,1,0,0,1,NULL,NULL,1,0,1,50
201900022654,10,10,2019,07:35:00,2,74,74305,2,9,1,3,"VOIRONS (RUE DES)","46,2025000","6,2559000",201900022654,138 263 961,B01,2,1,0,2,1,1,5,NULL,201900022654,138 263 960,A01,1,1,1,1,1987,1,1,0,-1,0,0,-1,201900022654,3,150,0,NULL,2,3,0,2,1,700,2,NULL,NULL,2,9,2,50
201900022654,10,10,2019,07:35:00,2,74,74305,2,9,1,3,"VOIRONS (RUE DES)","46,2025000","6,2559000",201900022654,138 263 961,B01,2,1,0,2,1,1,5,NULL,201900022654,138 263 961,B01,1,1,4,1,1963,1,2,6,-1,0,0,-1,201900022654,3,150,0,NULL,2,3,0,2,1,700,2,NULL,NULL,2,9,2,50
201900023897,14,11,2019,09:55:00,1,75,75118,2,2,1,3,"BOULEVARD DE ROCHECHOUART","48,8838370","2,3494780",201900023897,138 261 445,B01,1,1,0,2,1,1,5,NULL,201900023897,138 261 445,B01,1,1,4,2,1995,0,2,8,-1,0,0,-1,201900023897,4,"BOULEVARD DE ROCHECHOUART",0,NULL,3,2,0,1,0,0,1,NULL,NULL,1,0,1,50
201900023897,14,11,2019,09:55:00,1,75,75118,2,2,1,3,"BOULEVARD DE ROCHECHOUART","48,8838370","2,3494780",201900023897,138 261 445,B01,1,1,0,2,1,1,5,NULL,201900023897,138 261 446,A01,1,1,1,2,1977,4,1,0,-1,0,0,-1,201900023897,4,"BOULEVARD DE ROCHECHOUART",0,NULL,3,2,0,1,0,0,1,NULL,NULL,1,0,1,50
201900024361,20,12,2019,12:15:00,1,56,56121,2,1,2,2,"MERVILLE (RUE  JEAN DE )","47,7447600"," -3,3779200",201900024361,138 260 535,A01,2,1,0,2,1,2,5,NULL,201900024361,138 260 534,B01,1,1,1,2,1987,0,1,8,-1,-1,0,-1,201900024361,4,"MERVILLE (RUE  JEAN DE )",0,NULL,2,2,0,1,0,0,1,NULL,NULL,1,0,1,50
201900024361,20,12,2019,12:15:00,1,56,56121,2,1,2,2,"MERVILLE (RUE  JEAN DE )","47,7447600"," -3,3779200",201900024361,138 260 535,A01,2,1,0,2,1,2,5,NULL,201900024361,138 260 535,A01,1,1,4,2,1999,1,2,0,-1,-1,0,-1,201900024361,4,"MERVILLE (RUE  JEAN DE )",0,NULL,2,2,0,1,0,0,1,NULL,NULL,1,0,1,50
201900024481,23,12,2019,16:30:00,1,66,66227,2,3,1,3,"Avenue de la Mediterranee","42,6323210","2,9198760",201900024481,138 260 303,B01,3,1,0,2,1,15,0,NULL,201900024481,138 260 303,B01,1,1,3,1,2005,5,0,-1,-1,0,0,-1,201900024481,4,NULL,0,NULL,2,2,0,1,(1),(1),1,NULL,NULL,1,0,1,30
201900024481,23,12,2019,16:30:00,1,66,66227,2,3,1,3,"Avenue de la Mediterranee","42,6323210","2,9198760",201900024481,138 260 303,B01,3,1,0,2,1,15,0,NULL,201900024481,138 260 304,A01,1,1,1,2,1959,1,1,-1,-1,0,0,-1,201900024481,4,NULL,0,NULL,2,2,0,1,(1),(1),1,NULL,NULL,1,0,1,30
201900027239,22,5,2019,16:45:00,1,57,57306,2,3,1,3,"METROPOLE (AVENUE DE LA)","49,3484600","6,0591800",201900027239,138 255 067,B01,2,1,0,2,1,1,1,NULL,201900027239,138 255 066,A01,1,1,1,2,1996,5,1,0,-1,-1," -1",-1,201900027239,3,14,0,B,2,2,0,1,0,0,1,NULL,NULL,1,0,1,50
201900027239,22,5,2019,16:45:00,1,57,57306,2,3,1,3,"METROPOLE (AVENUE DE LA)","49,3484600","6,0591800",201900027239,138 255 067,B01,2,1,0,2,1,1,1,NULL,201900027239,138 255 067,B01,1,1,3,1,1973,5,2,4,-1,-1," -1",-1,201900027239,3,14,0,B,2,2,0,1,0,0,1,NULL,NULL,1,0,1,50
201900027683,20,12,2019,10:45:00,1,75,75107,2,1,8,3,"QUAI VOLTAIRE","48,8588441","2,3314485",201900027683,138 254 254,A01,1,1,0,2,8,13,5,NULL,201900027683,138 254 253,B01,1,1,4,1,1967,0,2,8,-1,0,0,-1,201900027683,4,"QUAI VOLTAIRE",0,NULL,1,3,1,1,17,0,1,NULL,NULL,2,0,5,50
201900027683,20,12,2019,10:45:00,1,75,75107,2,1,8,3,"QUAI VOLTAIRE","48,8588441","2,3314485",201900027683,138 254 253,B01,1,1,0,2,0,17,5,NULL,201900027683,138 254 253,B01,1,1,4,1,1967,0,2,8,-1,0,0,-1,201900027683,4,"QUAI VOLTAIRE",0,NULL,1,3,1,1,17,0,1,NULL,NULL,2,0,5,50
201900027683,20,12,2019,10:45:00,1,75,75107,2,1,8,3,"QUAI VOLTAIRE","48,8588441","2,3314485",201900027683,138 254 254,A01,1,1,0,2,8,13,5,NULL,201900027683,138 254 254,A01,1,1,1,1,1994,0,2,8,-1,0,0,-1,201900027683,4,"QUAI VOLTAIRE",0,NULL,1,3,1,1,17,0,1,NULL,NULL,2,0,5,50
201900027683,20,12,2019,10:45:00,1,75,75107,2,1,8,3,"QUAI VOLTAIRE","48,8588441","2,3314485",201900027683,138 254 253,B01,1,1,0,2,0,17,5,NULL,201900027683,138 254 254,A01,1,1,1,1,1994,0,2,8,-1,0,0,-1,201900027683,4,"QUAI VOLTAIRE",0,NULL,1,3,1,1,17,0,1,NULL,NULL,2,0,5,50
201900028176,6,9,2019,09:30:00,1,35,35015,1,2,7,3,"Le Moulin de la Roche","48,1750798"," -1,2109084",201900028176,138 253 350,B01,3,1,0,2,8,19,5,NULL,201900028176,138 253 349,A01,1,1,1,1,1983,4,1,-1,-1,0,0,-1,201900028176,3,528,0,D,2,2,3,1,37,280,1,NULL,NULL,1,0,1,80
201900028176,6,9,2019,09:30:00,1,35,35015,1,2,7,3,"Le Moulin de la Roche","48,1750798"," -1,2109084",201900028176,138 253 350,B01,3,1,0,2,8,19,5,NULL,201900028176,138 253 350,B01,1,1,3,1,1994,5,2,-1,-1,0,0,-1,201900028176,3,528,0,D,2,2,3,1,37,280,1,NULL,NULL,1,0,1,80
201900028450,25,6,2019,11:49:00,1,37,37261,2,1,1,3,"MALRAUX (QUAI ANDRE)","47,3973831","0,6899438",201900028450,138 252 836,B01,3,1,0,2,1,1,5,NULL,201900028450,138 252 835,A01,1,1,1,2,1951,5,1,0,-1,-1,0,-1,201900028450,4,"MALRAUX (QUAI ANDRE)",0,NULL,2,2,1,1,0,0,1,NULL,NULL,1,0,1,50
201900028450,25,6,2019,11:49:00,1,37,37261,2,1,1,3,"MALRAUX (QUAI ANDRE)","47,3973831","0,6899438",201900028450,138 252 836,B01,3,1,0,2,1,1,5,NULL,201900028450,138 252 836,B01,1,1,4,1,1969,0,8,0,-1,-1,0,-1,201900028450,4,"MALRAUX (QUAI ANDRE)",0,NULL,2,2,1,1,0,0,1,NULL,NULL,1,0,1,50
201900035352,20,1,2019,14:25:00,1,69,69387,2,9,1,3,"RAOUL SERVANT                       (R )","45,7458200","4,8346900",201900035352,138 239 667,B01,1,1,0,2,1,15,0,NULL,201900035352,138 239 666,A01,1,1,1,2,1989,0,1,0,-1,0,0,-1,201900035352,4,"RAOUL SERVANT                       (R )",0,NULL,1,3,0,1,0,0,1,NULL,NULL,1,0,1,50
201900035352,20,1,2019,14:25:00,1,69,69387,2,9,1,3,"RAOUL SERVANT                       (R )","45,7458200","4,8346900",201900035352,138 239 667,B01,1,1,0,2,1,15,0,NULL,201900035352,138 239 667,B01,1,1,4,1,1999,0,8,0,-1,0,0,-1,201900035352,4,"RAOUL SERVANT                       (R )",0,NULL,1,3,0,1,0,0,1,NULL,NULL,1,0,1,50
201900036119,11,3,2019,19:30:00,3,86,86001,1,1,1,2,"D729 PK22+660","46,2331580","0,7571790",201900036119,138 238 215,A01,2,1,0,2,4,1,5,NULL,201900036119,138 238 215,A01,1,1,3,1,1992,3,2,-1,-1,0,0,-1,201900036119,2,729,0,NULL,2,2,0,1,22,660,2,NULL,NULL,1,0,1,80
201900036119,11,3,2019,19:30:00,3,86,86001,1,1,1,2,"D729 PK22+660","46,2331580","0,7571790",201900036119,138 238 215,A01,2,1,0,2,4,1,5,NULL,201900036119,138 238 216,B01,1,1,1,1,1977,1,1,-1,-1,0,0,-1,201900036119,2,729,0,NULL,2,2,0,1,22,660,2,NULL,NULL,1,0,1,80
201900036274,13,12,2019,16:45:00,1,93,93001,2,1,1,3,"HEURTAULT (RUE)","48,9133300","2,3760800",201900036274,138 237 918,B01,2,1,0,2,2,5,0,NULL,201900036274,138 237 918,B01,1,1,4,2,2005,9,8,0,-1,-1," -1",-1,201900036274,9,"HEURTAULT (RUE)",0,NULL,1,1,0,1,0,0,1,NULL,NULL,1,0,-1,50
201900036274,13,12,2019,16:45:00,1,93,93001,2,1,1,3,"HEURTAULT (RUE)","48,9133300","2,3760800",201900036274,138 237 918,B01,2,1,0,2,2,5,0,NULL,201900036274,138 237 919,A01,1,1,1,2,1984,1,1,0,-1,-1," -1",-1,201900036274,9,"HEURTAULT (RUE)",0,NULL,1,1,0,1,0,0,1,NULL,NULL,1,0,-1,50
201900042383,6,11,2019,15:10:00,1,75,75120,2,1,1,6,"RUE DES COURONNES","48,8722710","2,3893560",201900042383,138 226 435,A01,1,1,0,1,1,1,5,NULL,201900042383,138 226 435,A01,1,1,1,1,1997,5,8,2,-1,0,0,-1,201900042383,4,"RUE DES COURONNES",0,NULL,2,2,0,3,103,0,1,NULL,NULL,1,0,1,50
201900042383,6,11,2019,15:10:00,1,75,75120,2,1,1,6,"RUE DES COURONNES","48,8722710","2,3893560",201900042383,138 226 435,A01,1,1,0,1,1,1,5,NULL,201900042383,138 226 435,A01,10,3,4,2,1928,5,0,-1,-1,2,3,1,201900042383,4,"RUE DES COURONNES",0,NULL,2,2,0,3,103,0,1,NULL,NULL,1,0,1,50
201900048282,26,9,2019,12:45:00,1,69,69387,2,1,1,6,"GAMBETTA                            (CO)","45,7538200","4,8472200",201900048282,138 215 287,A01,1,1,0,1,1,1,5,NULL,201900048282,138 215 287,A01,1,1,1,1,1993,0,8,0,-1,0,0,-1,201900048282,4,"GAMBETTA                            (CO)",0,NULL,2,4,3,1,0,0,1,NULL,NULL,1,0,1,50
201900048282,26,9,2019,12:45:00,1,69,69387,2,1,1,6,"GAMBETTA                            (CO)","45,7538200","4,8472200",201900048282,138 215 287,A01,1,1,0,1,1,1,5,NULL,201900048282,138 215 287,A01,10,3,4,2,1951,0,8,0,-1,4,3,1,201900048282,4,"GAMBETTA                            (CO)",0,NULL,2,4,3,1,0,0,1,NULL,NULL,1,0,1,50
201900048660,13,7,2019,15:50:00,1,50,50129,2,1,1,3,"Quai Lawton COLLINS","49,6396900"," -1,6186100",201900048660,138 214 566,A01,0,1,0,1,1,19,5,NULL,201900048660,138 214 566,A01,1,1,3,1,1995,5,8,0,-1,-1,0,-1,201900048660,4,"Quai Lawton COLLINS",0,NULL,2,2,1,1,0,0,1,NULL,NULL,2,0,1,50
201900048660,13,7,2019,15:50:00,1,50,50129,2,1,1,3,"Quai Lawton COLLINS","49,6396900"," -1,6186100",201900048660,138 214 566,A01,0,1,0,1,1,19,5,NULL,201900048660,138 214 567,B01,1,1,1,2,1997,5,1,0,-1,-1,0,-1,201900048660,4,"Quai Lawton COLLINS",0,NULL,2,2,1,1,0,0,1,NULL,NULL,2,0,1,50
201900048945,12,5,2019,12:20:00,1,31,31588,2,3,1,3,"7 Avenue de Francazal","43,5255750","1,3449760",201900048945,138 214 057,B01,2,1,0,2,8,15,5,NULL,201900048945,138 214 057,B01,1,1,3,1,1950,5,2,-1,-1,0,0,-1,201900048945,3,15,0,NULL,2,2,0,1,(1),(1),1,NULL,NULL,1,0,1,-1
201900048945,12,5,2019,12:20:00,1,31,31588,2,3,1,3,"7 Avenue de Francazal","43,5255750","1,3449760",201900048945,138 214 057,B01,2,1,0,2,8,15,5,NULL,201900048945,138 214 058,A01,1,1,1,1,1967,1,1,-1,-1,0,0,-1,201900048945,3,15,0,NULL,2,2,0,1,(1),(1),1,NULL,NULL,1,0,1,-1
201900051794,6,1,2019,12:22:00,1,49,49007,2,2,1,3,"PASTEUR AVENUE","47,4797900"," -0,5265200",201900051794,138 208 729,A01,1,1,0,2,1,1,5,NULL,201900051794,138 208 728,B01,1,1,1,2,1987,0,1,8,-1,-1," -1",-1,201900051794,4,"PASTEUR AVENUE",0,NULL,2,2,0,1,0,0,1,NULL,NULL,1,0,1,50
201900051794,6,1,2019,12:22:00,1,49,49007,2,2,1,3,"PASTEUR AVENUE","47,4797900"," -0,5265200",201900051794,138 208 729,A01,1,1,0,2,1,1,5,NULL,201900051794,138 208 729,A01,1,1,4,1,2000,0,2,0,-1,-1," -1",-1,201900051794,4,"PASTEUR AVENUE",0,NULL,2,2,0,1,0,0,1,NULL,NULL,1,0,1,50
201900052696,4,12,2019,18:05:00,5,91,91421,2,3,1,2,"MARGUERITE (RUE)","48,6956500","2,4635000",201900052696,138 206 958,A01,1,1,0,2,4,19,5,NULL,201900052696,138 206 958,A01,1,1,4,1,2004,0,8,8,-1,0,0,-1,201900052696,4,"MARGUERITE (RUE)",0,NULL,2,1,0,1,0,0,1,NULL,NULL,1,0,1,30
201900052696,4,12,2019,18:05:00,5,91,91421,2,3,1,2,"MARGUERITE (RUE)","48,6956500","2,4635000",201900052696,138 206 958,A01,1,1,0,2,4,19,5,NULL,201900052696,138 206 959,B01,1,1,1,2,1986,0,8,0,-1,0,0,-1,201900052696,4,"MARGUERITE (RUE)",0,NULL,2,1,0,1,0,0,1,NULL,NULL,1,0,1,30
201900053365,4,1,2019,15:47:00,1,84,84092,2,1,1,3,"AVENUE JULES VERNE","43,9840320","4,8795390",201900053365,138 205 705,B01,0,1,0,2,7,19,5,NULL,201900053365,138 205 705,B01,10,3,4,1,1983,3,0,-1,-1,3,3,1,201900053365,7,NULL,NULL,NULL,-1,2,0,1,(1),(1),3,NULL,NULL,1,0,1,50
201900053365,4,1,2019,15:47:00,1,84,84092,2,1,1,3,"AVENUE JULES VERNE","43,9840320","4,8795390",201900053365,138 205 705,B01,0,1,0,2,7,19,5,NULL,201900053365,138 205 706,A01,1,1,1,2,1958,3,1,-1,-1,0,0,-1,201900053365,7,NULL,NULL,NULL,-1,2,0,1,(1),(1),3,NULL,NULL,1,0,1,50
201900053756,22,9,2019,19:20:00,5,21,21231,2,2,3,3,"CHAMPOLLION (AVENUE)","47,3296700","5,0708000",201900053756,138 204 939,B01,3,1,0,2,2,1,5,NULL,201900053756,138 204 939,B01,1,1,4,1,1997,3,8,0,-1,-1,0,-1,201900053756,4,"CHAMPOLLION (AVENUE)",0,NULL,3,4,0,1,0,0,1,NULL,NULL,2,0,1,50
201900053756,22,9,2019,19:20:00,5,21,21231,2,2,3,3,"CHAMPOLLION (AVENUE)","47,3296700","5,0708000",201900053756,138 204 939,B01,3,1,0,2,2,1,5,NULL,201900053756,138 204 940,A01,1,1,1,1,2000,0,1,0,-1,-1,0,-1,201900053756,4,"CHAMPOLLION (AVENUE)",0,NULL,3,4,0,1,0,0,1,NULL,NULL,2,0,1,50
201900055736,12,7,2019,11:10:00,1,4,04166,2,1,1,7,"RD 952","43,8184070","6,1010750",201900055736,138 201 333,A01,1,1,0,0,8,1,5,NULL,201900055736,138 201 333,A01,1,1,4,1,2004,5,2,-1,-1,0,0,-1,201900055736,3,952,NULL,NULL,2,2,0,2,59,300,1,NULL,NULL,1,0,1,50
201900056464,2,12,2019,19:25:00,5,92,92009,2,3,1,1,"ARGENTEUIL ( AVENUE D' )","48,9211100","2,2783800",201900056464,138 199 972,A01,1,1,9,2,1,15,5,NULL,201900056464,138 199 970,B01,1,1,4,1,1998,0,2,6,-1,-1,0,-1,201900056464,3,909,0,NULL,2,3,0,1,0,0,1,NULL,NULL,1,5,1,50
201900056464,2,12,2019,19:25:00,5,92,92009,2,3,1,1,"ARGENTEUIL ( AVENUE D' )","48,9211100","2,2783800",201900056464,138 199 972,A01,1,1,9,2,1,15,5,NULL,201900056464,138 199 972,A01,1,1,4,1,1980,0,8,0,-1,-1,0,-1,201900056464,3,909,0,NULL,2,3,0,1,0,0,1,NULL,NULL,1,5,1,50
201900058220,23,5,2019,13:40:00,1,69,69055,1,1,1,2,"Route de Morancé","45,8863730","4,7381970",201900058220,138 196 760,A01,1,1,0,0,4,1,5,NULL,201900058220,138 196 758,B01,1,1,1,1,1990,4,1,-1,-1,0,0,-1,201900058220,3,100,0,D,2,2,0,1,4,0,1,NULL,NULL,1,2,1,70
201900058220,23,5,2019,13:40:00,1,69,69055,1,1,1,2,"Route de Morancé","45,8863730","4,7381970",201900058220,138 196 760,A01,1,1,0,0,4,1,5,NULL,201900058220,138 196 760,A01,1,1,3,1,1948,5,2,-1,-1,0,0,-1,201900058220,3,100,0,D,2,2,0,1,4,0,1,NULL,NULL,1,2,1,70
201900009296,13,12,2019,08:05:00,1,31,31555,2,1,3,2,"RUE LOUIS PLANA","43,6192000","1,4695500",201900009296,138 289 108,A01,0,1,0,2,3,1,5,NULL,201900009296,138 289 108,A01,1,1,4,2,1963,4,8,0,-1,-1," -1",-1,201900009296,4,NULL,0,NULL,2,2,0,1,0,0,1,NULL,NULL,2,0,1,50
201900009296,13,12,2019,08:05:00,1,31,31555,2,1,3,2,"RUE LOUIS PLANA","43,6192000","1,4695500",201900009296,138 289 108,A01,0,1,0,2,3,1,5,NULL,201900009296,138 289 109,B01,1,1,1,1,1969,4,1,0,-1,-1," -1",-1,201900009296,4,NULL,0,NULL,2,2,0,1,0,0,1,NULL,NULL,2,0,1,50
201900013939,20,4,2019,14:15:00,1,92,92026,2,1,1,3,"RÉPUBLIQUE ( DE 65 A FIN )","48,9019700","2,2526600",201900013939,138 280 471,B01,1,1,1,0,2,1,0,NULL,201900013939,138 280 470,A01,1,1,1,2,1957,1,1,0,-1,-1,0,-1,201900013939,4,"RÉPUBLIQUE ( DE 65 A FIN )",0,NULL,2,2,0,1,0,0,1,NULL,NULL,1,0,1,50
201900013939,20,4,2019,14:15:00,1,92,92026,2,1,1,3,"RÉPUBLIQUE ( DE 65 A FIN )","48,9019700","2,2526600",201900013939,138 280 471,B01,1,1,1,0,2,1,0,NULL,201900013939,138 280 471,B01,1,1,4,1,1986,5,2,0,-1,-1,0,-1,201900013939,4,"RÉPUBLIQUE ( DE 65 A FIN )",0,NULL,2,2,0,1,0,0,1,NULL,NULL,1,0,1,50
201900014671,20,11,2019,11:00:00,1,27,27681,2,6,1,3,"JAURES (BOULEVARD JAURES)","49,0963400","1,4637400",201900014671,138 279 028,B01,3,1,0,2,1,1,5,NULL,201900014671,138 279 028,B01,1,1,4,1,2000,1,8,0,-1,-1," -1",-1,201900014671,4,"JAURES (BOULEVARD JAURES)",0,NULL,2,2,1,1,1,0,3,NULL,NULL,1,0,1,50
201900014671,20,11,2019,11:00:00,1,27,27681,2,6,1,3,"JAURES (BOULEVARD JAURES)","49,0963400","1,4637400",201900014671,138 279 028,B01,3,1,0,2,1,1,5,NULL,201900014671,138 279 029,A01,1,1,1,1,1939,5,1,0,-1,-1," -1",-1,201900014671,4,"JAURES (BOULEVARD JAURES)",0,NULL,2,2,1,1,1,0,3,NULL,NULL,1,0,1,50
201900015280,6,9,2019,10:25:00,1,89,89338,2,6,1,6,"HENRI VINCENOT (RUE)","48,2216373","3,2880088",201900015280,138 277 901,A01,3,1,0,2,1,1,5,NULL,201900015280,138 277 901,A01,1,1,4,2,1950,9,2,4,-1,-1," -1",-1,201900015280,3,939,NULL,NULL,1,-1,-1,1,2,550,2,NULL,NULL,1,5,8,50
201900015280,6,9,2019,10:25:00,1,89,89338,2,6,1,6,"HENRI VINCENOT (RUE)","48,2216373","3,2880088",201900015280,138 277 901,A01,3,1,0,2,1,1,5,NULL,201900015280,138 277 902,B01,1,1,1,1,1950,0,1,0,-1,-1," -1",-1,201900015280,3,939,NULL,NULL,1,-1,-1,1,2,550,2,NULL,NULL,1,5,8,50
201900016631,29,12,2019,10:15:00,1,75,75115,2,2,1,6,"RUE DE VAUGIRARD","48,8414870","2,3079500",201900016631,138 275 352,A01,2,1,0,1,1,16,5,NULL,201900016631,138 275 352,A01,10,3,4,2,1949,0,0,-1,-1,4,3,2,201900016631,4,"RUE DE VAUGIRARD",0,NULL,1,3,-1,1,0,0,1,NULL,NULL,1,0,1,50
201900016631,29,12,2019,10:15:00,1,75,75115,2,2,1,6,"RUE DE VAUGIRARD","48,8414870","2,3079500",201900016631,138 275 352,A01,2,1,0,1,1,16,5,NULL,201900016631,138 275 352,A01,1,1,1,1,1964,5,2,8,-1,0,0,-1,201900016631,4,"RUE DE VAUGIRARD",0,NULL,1,3,-1,1,0,0,1,NULL,NULL,1,0,1,50
201900016642,29,12,2019,20:50:00,5,93,93001,2,1,1,3,"REPUBLIQUE (AVE DE LA ) => NO 41/50","48,9108900","2,3850800",201900016642,138 275 332,V01,1,1,0,2,0,0,0,NULL,201900016642,138 275 332,V01,1,1,4,1,1988,5,8,0,-1,0,0,-1,201900016642,3,20,0,NULL,2,2,0,1,0,1,1,NULL,NULL,1,0,1,50
201900016642,29,12,2019,20:50:00,5,93,93001,2,1,1,3,"REPUBLIQUE (AVE DE LA ) => NO 41/50","48,9108900","2,3850800",201900016642,138 275 332,V01,1,1,0,2,0,0,0,NULL,201900016642,138 275 333,B01,1,1,1,1,1969,5,1,0,-1,-1," -1",-1,201900016642,3,20,0,NULL,2,2,0,1,0,1,1,NULL,NULL,1,0,1,50
201900016725,28,12,2019,14:35:00,1,34,34172,2,3,1,3,"RAVAZ (AVENUE DU PROFESSEUR LOUIS","43,6209980","3,8488250",201900016725,138 275 190,A01,1,1,0,2,8,15,5,NULL,201900016725,138 275 190,A01,1,1,4,1,1990,5,8,0,-1,0,0,-1,201900016725,4,"RAVAZ (AVENUE DU PROFESSEUR LOUIS",0,NULL,2,2,2,1,0,0,1,NULL,NULL,1,0,1,50
201900016725,28,12,2019,14:35:00,1,34,34172,2,3,1,3,"RAVAZ (AVENUE DU PROFESSEUR LOUIS","43,6209980","3,8488250",201900016725,138 275 190,A01,1,1,0,2,8,15,5,NULL,201900016725,138 275 191,B01,1,1,1,1,1988,5,1,0,-1,0,0,-1,201900016725,4,"RAVAZ (AVENUE DU PROFESSEUR LOUIS",0,NULL,2,2,2,1,0,0,1,NULL,NULL,1,0,1,50
201900021126,6,9,2019,19:00:00,2,67,67482,2,1,1,6,"FINKMATT (RUE)","48,5875400","7,7484400",201900021126,138 266 914,A01,1,1,0,1,1,1,2,NULL,201900021126,138 266 914,A01,10,3,4,2,2013,5,8,8,-1,8,5,1,201900021126,4,"FINKMATT (RUE)",0,NULL,-1,1,3,1,0,0,1,NULL,NULL,1,6,2,5
201900021126,6,9,2019,19:00:00,2,67,67482,2,1,1,6,"FINKMATT (RUE)","48,5875400","7,7484400",201900021126,138 266 914,A01,1,1,0,1,1,1,2,NULL,201900021126,138 266 914,A01,1,1,4,1,1993,4,8,8,-1,-1,0,-1,201900021126,4,"FINKMATT (RUE)",0,NULL,-1,1,3,1,0,0,1,NULL,NULL,1,6,2,5
201900024372,21,12,2019,02:20:00,5,49,49007,2,1,1,6,"BOURG LA CROIX PLACE ET RUE","47,4514200"," -0,5246200",201900024372,138 260 514,C01,1,1,0,2,4,1,0,NULL,201900024372,138 260 513,B01,1,1,4,2,2002,0,8,0,-1,-1," -1",-1,201900024372,4,"BOURG LA CROIX PLACE ET RUE",0,NULL,2,2,0,1,0,0,1,NULL,NULL,1,0,1,50
201900024372,21,12,2019,02:20:00,5,49,49007,2,1,1,6,"BOURG LA CROIX PLACE ET RUE","47,4514200"," -0,5246200",201900024372,138 260 513,B01,1,1,0,2,4,1,5,NULL,201900024372,138 260 513,B01,1,1,4,2,2002,0,8,0,-1,-1," -1",-1,201900024372,4,"BOURG LA CROIX PLACE ET RUE",0,NULL,2,2,0,1,0,0,1,NULL,NULL,1,0,1,50
201900024372,21,12,2019,02:20:00,5,49,49007,2,1,1,6,"BOURG LA CROIX PLACE ET RUE","47,4514200"," -0,5246200",201900024372,138 260 514,C01,1,1,0,2,4,1,0,NULL,201900024372,138 260 514,C01,1,1,4,1,2002,0,8,0,-1,-1," -1",-1,201900024372,4,"BOURG LA CROIX PLACE ET RUE",0,NULL,2,2,0,1,0,0,1,NULL,NULL,1,0,1,50