Num_Acc,jour,mois,an,hrmn,lum,dep,com,agg,int,atm,col,adr,lat,long,Num_Acc,id_vehicule,num_veh,senc,catv,obs,obsm,choc,manv,motor,occutc,Num_Acc,id_vehicule,num_veh,place,catu,grav,sexe,an_nais,trajet,secu1,secu2,secu3,locp,actp,etatp,Num_Acc,catr,voie,v1,v2,circ,nbv,vosp,prof,pr,pr1,plan,lartpc,larrout,surf,infra,situ,vma
201900024372,21,12,2019,02:20:00,5,49,49007,2,1,1,6,"BOURG LA CROIX PLACE ET RUE","47,4514200"," -0,5246200",201900024372,138 260 513,B01,1,1,0,2,4,1,5,NULL,201900024372,138 260 514,C01,1,1,4,1,2002,0,8,0,-1,-1," -1",-1,201900024372,4,"BOURG LA CROIX PLACE ET RUE",0,NULL,2,2,0,1,0,0,1,NULL,NULL,1,0,1,50
201900029034,15,5,2019,06:40:00,2,45,45075,2,6,7,3,"ROUTE D'ORLEANS - Rue G BIZET","47,8916925","1,8426896",201900029034,138 251 748,B01,0,1,0,2,4,1,5,NULL,201900029034,138 251 747,A01,1,1,1,1,1963,4,1,4,-1,0,0,-1,201900029034,4,"ROUTE D'ORLEANS",0,NULL,2,2,1,1,(1),(1),1,NULL,NULL,1,0,1,50
201900029034,15,5,2019,06:40:00,2,45,45075,2,6,7,3,"ROUTE D'ORLEANS - Rue G BIZET","47,8916925","1,8426896",201900029034,138 251 748,B01,0,1,0,2,4,1,5,NULL,201900029034,138 251 748,B01,1,1,4,1,1958,1,2,6,-1,0,0,-1,201900029034,4,"ROUTE D'ORLEANS",0,NULL,2,2,1,1,(1),(1),1,NULL,NULL,1,0,1,50
201900029492,19,12,2019,11:50:00,1,38,38421,2,2,1,1,"RUE DE LA CHIMIE","45,1940000","5,7676000",201900029492,138 250 821,B01,3,1,0,2,8,1,5,NULL,201900029492,138 250 821,B01,1,1,4,1,1990,0,2,0,-1,-1," -1",-1,201900029492,7,"RUE DE LA CHIMIE",0,NULL,2,2,0,1,0,0,1,NULL,NULL,1,0,1,50
201900029492,19,12,2019,11:50:00,1,38,38421,2,2,1,1,"RUE DE LA CHIMIE","45,1940000","5,7676000",201900029492,138 250 821,B01,3,1,0,2,8,1,5,NULL,201900029492,138 250 822,A01,1,1,1,1,2000,0,1,0,-1,-1," -1",-1,201900029492,7,"RUE DE LA CHIMIE",0,NULL,2,2,0,1,0,0,1,NULL,NULL,1,0,1,50
201900030910,28,5,2019,22:00:00,5,33,33063,2,2,1,3,"PASTEUR CAUD (RUE )","44,8468910"," -0,6291470",201900030910,138 248 226,B01,0,1,0,2,1,1,5,NULL,201900030910,138 248 225,A01,1,1,1,2,1944,5,1,0,-1,-1," -1",-1,201900030910,4,"PASTEUR CAUD (RUE )",0,NULL,2,2,0,1,0,0,1,NULL,NULL,1,0,1,50
201900030910,28,5,2019,22:00:00,5,33,33063,2,2,1,3,"PASTEUR CAUD (RUE )","44,8468910"," -0,6291470",201900030910,138 248 226,B01,0,1,0,2,1,1,5,NULL,201900030910,138 248 226,B01,1,1,3,1,1986,5,8,0,-1,-1," -1",-1,201900030910,4,"PASTEUR CAUD (RUE )",0,NULL,2,2,0,1,0,0,1,NULL,NULL,1,0,1,50
201900031967,3,9,2019,10:29:00,1,973,97302,2,3,1,6,"FELIX EBOUE(ROCADE)","4,9272489"," -52,3195231",201900031967,138 246 270,A01,0,1,0,0,0,0,5,NULL,201900031967,138 246 269,B01,1,1,1,1,1994,0,2,0,-1,-1,0,-1,201900031967,3,18,0,NULL,2,1,0,1,1,200,1,NULL,NULL,1,0,1,50
201900031967,3,9,2019,10:29:00,1,973,97302,2,3,1,6,"FELIX EBOUE(ROCADE)","4,9272489"," -52,3195231",201900031967,138 246 270,A01,0,1,0,0,0,0,5,NULL,201900031967,138 246 270,A01,1,1,4,1,2000,1,8,0,-1,-1,0,-1,201900031967,3,18,0,NULL,2,1,0,1,1,200,1,NULL,NULL,1,0,1,50
201900034431,6,5,2019,17:25:00,1,13,13108,2,1,1,3,"CAYADES (ROUTE DES)","43,8031200","4,6733100",201900034431,138 241 462,B01,3,1,0,2,1,1,5,NULL,201900034431,138 241 462,B01,1,1,3,1,2007,2,2,0,-1,-1," -1",-1,201900034431,4,"CAYADES (ROUTE DES)",0,NULL,2,2,0,1,1,0,1,NULL,NULL,1,0,1,50
201900034816,7,11,2019,18:35:00,3,72,72056,1,1,1,4,"LE HARAS DU VIEUX PRESSOIR","48,3970900","0,1362780",201900034816,138 240 731,A01,2,1,0,0,8,1,6,NULL,201900034816,138 240 729,C01,1,1,1,1,1994,5,1,-1,-1,0,0,-1,201900034816,3,19,0,NULL,2,2,0,1,44,250,1,NULL,NULL,1,0,1,80
201900034816,7,11,2019,18:35:00,3,72,72056,1,1,1,4,"LE HARAS DU VIEUX PRESSOIR","48,3970900","0,1362780",201900034816,138 240 731,A01,2,1,0,0,8,1,6,NULL,201900034816,138 240 730,B01,1,1,1,1,1943,5,1,-1,-1,0,0,-1,201900034816,3,19,0,NULL,2,2,0,1,44,250,1,NULL,NULL,1,0,1,80
201900034816,7,11,2019,18:35:00,3,72,72056,1,1,1,4,"LE HARAS DU VIEUX PRESSOIR","48,3970900","0,1362780",201900034816,138 240 731,A01,2,1,0,0,8,1,6,NULL,201900034816,138 240 731,A01,1,1,4,1,2004,2,0,-1,-1,0,0,-1,201900034816,3,19,0,NULL,2,2,0,1,44,250,1,NULL,NULL,1,0,1,80
201900035078,22,6,2019,16:00:00,1,77,77029,1,1,1,1,"Départementale 211","48,6434519","2,8765214",201900035078,138 240 210,A01,2,1,0,2,8,1,0,NULL,201900035078,138 240 210,A01,1,1,3,1,1967,5,2,-1,-1,0,0,-1,201900035078,3,211,0,NULL,2,2,0,1,7,205,1,NULL,NULL,1,0,1,80
201900035515,2,9,2019,14:15:00,1,971,97116,2,4,1,3,"Vieux Bourg","16,3145980"," -61,4843670",201900035515,138 239 338,B01,2,1,0,2,8,1,5,NULL,201900035515,138 239 337,A01,1,1,1,2,1969,9,8,-1,-1,0,0,-1,201900035515,2,107,0,D,2,2,0,1,2,(1),1,NULL,NULL,1,0,1,50
201900035515,2,9,2019,14:15:00,1,971,97116,2,4,1,3,"Vieux Bourg","16,3145980"," -61,4843670",201900035515,138 239 338,B01,2,1,0,2,8,1,5,NULL,201900035515,138 239 338,B01,1,1,4,1,1976,5,2,-1,-1,0,0,-1,201900035515,2,107,0,D,2,2,0,1,2,(1),1,NULL,NULL,1,0,1,50
201900037351,29,8,2019,13:52:00,1,76,76270,2,6,1,2,"JEAN JAURES","49,5300900","0,1431600",201900037351,138 235 800,B01,2,1,0,2,6,1,0,NULL,201900037351,138 235 799,A01,1,1,1,2,1965,0,1,0,-1,-1,0,-1,201900037351,3,52,0,NULL,-1,2,0,1,6,470,2,NULL,NULL,1,0,1,50
201900037351,29,8,2019,13:52:00,1,76,76270,2,6,1,2,"JEAN JAURES","49,5300900","0,1431600",201900037351,138 235 800,B01,2,1,0,2,6,1,0,NULL,201900037351,138 235 800,B01,1,1,3,2,1971,1,2,0,-1,-1,0,-1,201900037351,3,52,0,NULL,-1,2,0,1,6,470,2,NULL,NULL,1,0,1,50
201900039316,28,2,2019,17:02:00,1,10,10357,2,9,1,3,"GENERAL DE GAULLE (RUE DU)","48,2959000","4,1329000",201900039316,138 232 185,B01,1,1,0,2,8,15,5,NULL,201900039316,138 232 185,B01,1,1,4,2,1947,9,8,0,-1,-1," -1",-1,201900039316,4,"GENERAL DE GAULLE (RUE DU)",0,NULL,1,2,0,1,0,0,2,NULL,NULL,1,9,1,50
201900039316,28,2,2019,17:02:00,1,10,10357,2,9,1,3,"GENERAL DE GAULLE (RUE DU)","48,2959000","4,1329000",201900039316,138 232 185,B01,1,1,0,2,8,15,5,NULL,201900039316,138 232 186,A01,1,1,1,2,1946,9,1,0,-1,-1," -1",-1,201900039316,4,"GENERAL DE GAULLE (RUE DU)",0,NULL,1,2,0,1,0,0,2,NULL,NULL,1,9,1,50
201900040213,21,6,2019,12:15:00,1,95,95026,1,1,1,2,"DEPARTEMENTALE 909","49,1500870","2,3800480",201900040213,138 230 522,B01,2,1,0,0,6,15,5,NULL,201900040213,138 230 522,B01,1,1,3,1,1945,5,0,-1,-1,0,0,-1,201900040213,3,909,NULL,NULL,2,2,0,1,27,800,1,NULL,NULL,1,0,1,70
201900040213,21,6,2019,12:15:00,1,95,95026,1,1,1,2,"DEPARTEMENTALE 909","49,1500870","2,3800480",201900040213,138 230 522,B01,2,1,0,0,6,15,5,NULL,201900040213,138 230 523,A01,1,1,1,1,1984,1,1,-1,-1,0,0,-1,201900040213,3,909,NULL,NULL,2,2,0,1,27,800,1,NULL,NULL,1,0,1,70
201900040232,19,6,2019,17:30:00,1,11,11206,2,6,1,3,"rond-point du 8 mai 1945","43,0544150","2,2129270",201900040232,138 230 492,B01,1,1,0,2,0,1,5,NULL,201900040232,138 230 492,B01,1,1,3,1,1947,0,0,-1,-1,0,0,-1,201900040232,3,118,NULL,NULL,1,2,0,1,60,500,2,NULL,NULL,1,0,1,50
201900040232,19,6,2019,17:30:00,1,11,11206,2,6,1,3,"rond-point du 8 mai 1945","43,0544150","2,2129270",201900040232,138 230 492,B01,1,1,0,2,0,1,5,NULL,201900040232,138 230 493,A01,1,1,1,1,1940,3,1,-1,-1,0,0,-1,201900040232,3,118,NULL,NULL,1,2,0,1,60,500,2,NULL,NULL,1,0,1,50
201900041995,15,5,2019,08:50:00,1,94,94018,2,1,7,3,"GRAVELLE (AV DE)","48,8284100","2,4049700",201900041995,138 227 236,C01,-1,1,-1,-1,-1,-1,-1,NULL,201900041995,138 227 236,C01,1,1,4,1,1985,1,8,0,-1,-1,0,-1,201900041995,4,"GRAVELLE (AV DE)",0,NULL,2,2,1,1,0,0,1,NULL,NULL,1,0,1,30
201900041995,15,5,2019,08:50:00,1,94,94018,2,1,7,3,"GRAVELLE (AV DE)","48,8284100","2,4049700",201900041995,138 227 236,C01,-1,1,-1,-1,-1,-1,-1,NULL,201900041995,138 227 237,A01,1,1,1,1,1963,1,8,0,-1,-1,0,-1,201900041995,4,"GRAVELLE (AV DE)",0,NULL,2,2,1,1,0,0,1,NULL,NULL,1,0,1,30
201900044534,12,1,2019,07:30:00,1,973,97302,2,6,1,3,"GALMOT (AVENUE)","4,9313800"," -52,3299000",201900044534,138 222 384,B01,2,1,0,2,7,1,5,NULL,201900044534,138 222 384,B01,1,1,4,1,1951,0,0,-1,-1,-1,0,-1,201900044534,2,0001,0,NULL,2,2,0,1,0,1,1,NULL,NULL,1,0,1,50
201900044534,12,1,2019,07:30:00,1,973,97302,2,6,1,3,"GALMOT (AVENUE)","4,9313800"," -52,3299000",201900044534,138 222 384,B01,2,1,0,2,7,1,5,NULL,201900044534,138 222 385,A01,1,1,1,1,1951,1,1,0,-1,-1,0,-1,201900044534,2,0001,0,NULL,2,2,0,1,0,1,1,NULL,NULL,1,0,1,50
201900045169,17,7,2019,23:55:00,5,69,69382,2,1,1,3,"REPUBLIQUE (DE LA)                  (R )","45,7643800","4,8358400",201900045169,138 221 160,B01,2,1,14,0,0,21,6,NULL,201900045169,138 221 160,B01,1,1,1,1,1991,4,2,0,-1,-1,0,-1,201900045169,4,"REPUBLIQUE (DE LA)                  (R )",0,NULL,2,2,3,1,0,0,1,NULL,NULL,1,0,1,50
201900045169,17,7,2019,23:55:00,5,69,69382,2,1,1,3,"REPUBLIQUE (DE LA)                  (R )","45,7643800","4,8358400",201900045169,138 221 160,B01,2,1,14,0,0,21,6,NULL,201900045169,138 221 161,A01,1,1,4,1,1974,4,2,0,-1,-1," -1",-1,201900045169,4,"REPUBLIQUE (DE LA)                  (R )",0,NULL,2,2,3,1,0,0,1,NULL,NULL,1,0,1,50
201900047105,16,7,2019,21:40:00,3,973,97311,1,1,1,1,"Avenue Jean Galmot","5,5037349"," -53,9687920",201900047105,138 217 448,B01,1,1,0,2,1,0,5,NULL,201900047105,138 217 447,A01,1,1,1,1,1981,0,1,-1,-1,0,0,-1,201900047105,3,9,0,NULL,2,2,0,1,2,0,1,NULL,NULL,1,0,1,80
201900047105,16,7,2019,21:40:00,3,973,97311,1,1,1,1,"Avenue Jean Galmot","5,5037349"," -53,9687920",201900047105,138 217 448,B01,1,1,0,2,1,0,5,NULL,201900047105,138 217 448,B01,1,1,3,1,1957,0,0,-1,-1,0,0,-1,201900047105,3,9,0,NULL,2,2,0,1,2,0,1,NULL,NULL,1,0,1,80
201900047404,24,5,2019,15:00:00,1,1,01194,2,6,1,3,rd933,"45,9959490","4,7529720",201900047404,138 216 933,A01,2,1,0,9,4,1,5,NULL,201900047404,138 216 933,A01,1,1,4,1,1956,3,0,-1,-1,0,0,-1,201900047404,3,933,NULL,NULL,1,1,0,1,66,0,1,NULL,NULL,1,0,1,70
201900047404,24,5,2019,15:00:00,1,1,01194,2,6,1,3,rd933,"45,9959490","4,7529720",201900047404,138 216 933,A01,2,1,0,9,4,1,5,NULL,201900047404,138 216 934,B01,1,1,1,1,1930,0,1,-1,-1,0,0,-1,201900047404,3,933,NULL,NULL,1,1,0,1,66,0,1,NULL,NULL,1,0,1,70
201900047833,24,2,2019,09:15:00,1,72,72260,1,1,7,2,"Route de Brette les Pins","47,9336790","0,2777720",201900047833,138 216 120,A01,2,1,0,0,4,2,0,NULL,201900047833,138 216 119,B01,1,1,1,1,1960,5,1,-1,-1,0,0,-1,201900047833,3,142,0,D,2,2,0,2,(1),(1),1,NULL,NULL,1,0,1,-1
201900047833,24,2,2019,09:15:00,1,72,72260,1,1,7,2,"Route de Brette les Pins","47,9336790","0,2777720",201900047833,138 216 120,A01,2,1,0,0,4,2,0,NULL,201900047833,138 216 120,A01,1,1,4,1,1961,5,2,-1,-1,0,0,-1,201900047833,3,142,0,D,2,2,0,2,(1),(1),1,NULL,NULL,1,0,1,-1
201900048850,16,7,2019,08:30:00,1,62,62297,2,3,1,2,"Rue de la Meullemotte","50,8047130","2,1473820",201900048850,138 214 251,B01,3,1,0,0,4,2,5,NULL,201900048850,138 214 251,B01,1,1,3,1,1944,5,2,-1,-1,0,0,-1,201900048850,3,221E1,NULL,NULL,2,2,0,2,(1),(1),2,NULL,NULL,1,0,1,50
201900048850,16,7,2019,08:30:00,1,62,62297,2,3,1,2,"Rue de la Meullemotte","50,8047130","2,1473820",201900048850,138 214 251,B01,3,1,0,0,4,2,5,NULL,201900048850,138 214 252,A01,1,1,1,2,1971,4,1,-1,-1,0,0,-1,201900048850,3,221E1,NULL,NULL,2,2,0,2,(1),(1),2,NULL,NULL,1,0,1,50
201900049773,29,10,2019,09:05:00,1,75,75118,2,3,2,3,"RUE MARX DORMOY","48,8868708","2,3596372",201900049773,138 212 517,B01,1,1,0,2,8,9,5,NULL,201900049773,138 212 516,A01,1,1,1,1,1970,4,1,0,-1,0,0,-1,201900049773,4,"RUE MARX DORMOY",0,NULL,2,4,0,1,0,0,1,NULL,NULL,2,5,1,50
201900049773,29,10,2019,09:05:00,1,75,75118,2,3,2,3,"RUE MARX DORMOY","48,8868708","2,3596372",201900049773,138 212 517,B01,1,1,0,2,8,9,5,NULL,201900049773,138 212 517,B01,1,1,4,1,2005,5,8,0,-1,0,0,-1,201900049773,4,"RUE MARX DORMOY",0,NULL,2,4,0,1,0,0,1,NULL,NULL,2,5,1,50
201900050881,21,5,2019,16:20:00,1,44,44010,2,1,1,2,"Rue Olivier Guichard","47,2784450"," -2,4644340",201900050881,138 210 484,B01,1,1,0,2,1,1,5,NULL,201900050881,138 210 483,A01,1,1,1,1,1969,4,1,-1,-1,0,0,-1,201900050881,3,245,0,NULL,2,2,2,1,2,200,1,NULL,NULL,1,0,5,50
201900050881,21,5,2019,16:20:00,1,44,44010,2,1,1,2,"Rue Olivier Guichard","47,2784450"," -2,4644340",201900050881,138 210 484,B01,1,1,0,2,1,1,5,NULL,201900050881,138 210 484,B01,1,1,3,1,1947,5,2,-1,-1,0,0,-1,201900050881,3,245,0,NULL,2,2,2,1,2,200,1,NULL,NULL,1,0,5,50
201900052545,12,7,2019,08:26:00,1,31,31149,2,6,1,3,"PIBRAC (BOULEVARD DE)","43,6162300","1,3318100",201900052545,138 207 250,B01,3,1,0,2,7,1,5,NULL,201900052545,138 207 250,B01,1,1,4,2,1989,5,2,7,-1,-1,0,-1,201900052545,3,82,0,NULL,3,0,0,1,0,0,1,NULL,NULL,1,0,1,50
201900052545,12,7,2019,08:26:00,1,31,31149,2,6,1,3,"PIBRAC (BOULEVARD DE)","43,6162300","1,3318100",201900052545,138 207 250,B01,3,1,0,2,7,1,5,NULL,201900052545,138 207 251,A01,1,1,1,1,1965,4,1,8,-1,-1,0,-1,201900052545,3,82,0,NULL,3,0,0,1,0,0,1,NULL,NULL,1,0,1,50
201900054628,4,12,2019,16:50:00,1,75,75115,2,2,1,3,"RUE DE LA CONVENTION","48,8411020","2,2878920",201900054628,138 203 371,B01,2,1,0,2,8,1,5,NULL,201900054628,138 203 371,B01,1,1,4,1,1988,1,8,2,-1,0,0,-1,201900054628,4,"RUE DE LA CONVENTION",0,NULL,2,3,-1,1,0,0,1,NULL,NULL,1,5,1,50
201900054628,4,12,2019,16:50:00,1,75,75115,2,2,1,3,"RUE DE LA CONVENTION","48,8411020","2,2878920",201900054628,138 203 371,B01,2,1,0,2,8,1,5,NULL,201900054628,138 203 372,A01,2,2,1,1,1978,5,1,0,-1,0,0,-1,201900054628,4,"RUE DE LA CONVENTION",0,NULL,2,3,-1,1,0,0,1,NULL,NULL,1,5,1,50
201900054628,4,12,2019,16:50:00,1,75,75115,2,2,1,3,"RUE DE LA CONVENTION","48,8411020","2,2878920",201900054628,138 203 371,B01,2,1,0,2,8,1,5,NULL,201900054628,138 203 372,A01,1,1,1,1,1996,5,1,0,-1,0,0,-1,201900054628,4,"RUE DE LA CONVENTION",0,NULL,2,3,-1,1,0,0,1,NULL,NULL,1,5,1,50
201900009106,17,9,2019,11:00:00,1,44,44109,2,1,1,3,"BOULEVARD DES BELGES","47,2352500"," -1,5454300",201900009106,138 289 489,B01,1,1,0,2,1,26,5,NULL,201900009106,138 289 489,B01,1,1,4,1,1996,0,2,0,-1,-1," -1",-1,201900009106,4,NULL,0,NULL,-1,2,0,1,0,0,1,NULL,NULL,1,0,1,50
201900009106,17,9,2019,11:00:00,1,44,44109,2,1,1,3,"BOULEVARD DES BELGES","47,2352500"," -1,5454300",201900009106,138 289 489,B01,1,1,0,2,1,26,5,NULL,201900009106,138 289 490,A01,1,1,1,1,1980,0,1,0,-1,-1," -1",-1,201900009106,4,NULL,0,NULL,-1,2,0,1,0,0,1,NULL,NULL,1,0,1,50
201900011939,17,10,2019,07:05:00,5,37,37233,2,6,2,6,"JAURES (BOULEVARD JEAN)","47,3949815","0,7261247",201900011939,138 284 243,B01,3,1,0,2,7,1,5,NULL,201900011939,138 284 243,B01,1,1,4,1,1989,1,8,0,-1,-1," -1",-1,201900011939,4,"PAUL (RUE MARCEL)",0,NULL,2,2,0,1,0,0,1,NULL,NULL,2,5,1,50
201900011939,17,10,2019,07:05:00,5,37,37233,2,6,2,6,"JAURES (BOULEVARD JEAN)","47,3949815","0,7261247",201900011939,138 284 243,B01,3,1,0,2,7,1,5,NULL,201900011939,138 284 244,A01,1,1,1,1,1966,0,1,0,-1,-1," -1",-1,201900011939,4,"PAUL (RUE MARCEL)",0,NULL,2,2,0,1,0,0,1,NULL,NULL,2,5,1,50
201900013279,13,9,2019,09:00:00,1,44,44109,2,3,1,3,"BD ORION / RUE CHARLES LEBOURG","47,2337100"," -1,5606500",201900013279,138 281 749,A01,0,1,0,2,1,2,5,NULL,201900013279,138 281 749,A01,1,1,3,1,1990,9,2,0,-1,-1,0,-1,201900013279,4,NULL,0,NULL,2,0,0,1,1,0,1,NULL,NULL,1,0,1,50
201900013279,13,9,2019,09:00:00,1,44,44109,2,3,1,3,"BD ORION / RUE CHARLES LEBOURG","47,2337100"," -1,5606500",201900013279,138 281 749,A01,0,1,0,2,1,2,5,NULL,201900013279,138 281 750,B01,1,1,3,2,1965,0,1,0,-1,-1,0,-1,201900013279,4,NULL,0,NULL,2,0,0,1,1,0,1,NULL,NULL,1,0,1,50
201900018523,15,3,2019,17:50:00,1,75,75112,2,1,8,6,"RUE DE CHARENTON","48,8481000","2,3764310",201900018523,138 271 800,A01,2,1,0,1,1,1,5,NULL,201900018523,138 271 800,A01,1,1,1,1,1991,0,2,0,-1,0,0,-1,201900018523,4,"RUE DE CHARENTON",0,NULL,2,2,0,1,0,0,1,NULL,NULL,1,0,1,30
201900018523,15,3,2019,17:50:00,1,75,75112,2,1,8,6,"RUE DE CHARENTON","48,8481000","2,3764310",201900018523,138 271 800,A01,2,1,0,1,1,1,5,NULL,201900018523,138 271 800,A01,10,3,4,2,1975,0,8,0,-1,2,4,1,201900018523,4,"RUE DE CHARENTON",0,NULL,2,2,0,1,0,0,1,NULL,NULL,1,0,1,30
201900019302,12,10,2019,17:30:00,1,69,69389,2,1,8,2,"PAUL SEDAILLIAN                     (QU)","45,7945100","4,8237500",201900019302,138 270 357,B01,2,1,0,2,1,0,5,NULL,201900019302,138 270 356,A01,1,1,1,1,1996,5,1,0,-1,-1," -1",-1,201900019302,7,"PAUL SEDAILLIAN                     (QU)",0,NULL,2,4,1,1,0,0,1,NULL,NULL,1,0,1,50
201900019302,12,10,2019,17:30:00,1,69,69389,2,1,8,2,"PAUL SEDAILLIAN                     (QU)","45,7945100","4,8237500",201900019302,138 270 357,B01,2,1,0,2,1,0,5,NULL,201900019302,138 270 357,B01,1,1,4,1,1968,5,2,0,-1,-1," -1",-1,201900019302,7,"PAUL SEDAILLIAN                     (QU)",0,NULL,2,4,1,1,0,0,1,NULL,NULL,1,0,1,50
201900019836,29,7,2019,10:00:00,1,84,84061,2,3,1,3,"RD 65","44,2271280","4,8502920",201900019836,138 269 332,B01,1,1,0,0,8,15,5,NULL,201900019836,138 269 332,B01,1,1,4,1,1945,5,2,6,-1,0,0,-1,201900019836,3,65,NULL,NULL,2,2,0,2,6,100,1,NULL,NULL,1,0,1,50
201900019836,29,7,2019,10:00:00,1,84,84061,2,3,1,3,"RD 65","44,2271280","4,8502920",201900019836,138 269 332,B01,1,1,0,0,8,15,5,NULL,201900019836,138 269 333,A01,1,1,1,1,1958,5,1,-1,-1,0,0,-1,201900019836,3,65,NULL,NULL,2,2,0,2,6,100,1,NULL,NULL,1,0,1,50
201900019866,10,5,2019,14:00:00,1,69,69034,2,1,1,3,"GENERAL DE GAULLE                   (AV)","45,8127700","4,8601200",201900019866,138 269 272,B01,1,1,0,2,8,1,5,NULL,201900019866,138 269 272,B01,1,1,4,1,1973,0,8,0,-1,-1," -1",-1,201900019866,4,"GENERAL DE GAULLE                   (AV)",0,NULL,2,3,3,1,0,1,1,NULL,NULL,1,0,1,50
201900019866,10,5,2019,14:00:00,1,69,69034,2,1,1,3,"GENERAL DE GAULLE                   (AV)","45,8127700","4,8601200",201900019866,138 269 272,B01,1,1,0,2,8,1,5,NULL,201900019866,138 269 273,A01,1,1,1,2,1948,0,1,0,-1,0,0,-1,201900019866,4,"GENERAL DE GAULLE                   (AV)",0,NULL,2,3,3,1,0,1,1,NULL,NULL,1,0,1,50
201900020764,29,1,2019,09:05:00,1,76,76351,2,2,2,1,"CAVEE VERTE (RUE DE LA)","49,5021100","0,1034900",201900020764,138 267 578,A01,3,1,0,2,0,1,0,NULL,201900020764,138 267 578,A01,1,1,4,1,2003,0,2,0,-1,0,0,-1,201900020764,3,32,0,NULL,2,2,0,4,4,0,1,NULL,NULL,2,0,1,50
201900020764,29,1,2019,09:05:00,1,76,76351,2,2,2,1,"CAVEE VERTE (RUE DE LA)","49,5021100","0,1034900",201900020764,138 267 578,A01,3,1,0,2,0,1,0,NULL,201900020764,138 267 579,B01,1,1,1,2,1930,0,1,8,-1,0,0,-1,201900020764,3,32,0,NULL,2,2,0,4,4,0,1,NULL,NULL,2,0,1,50
201900021344,29,6,2019,10:35:00,1,77,77237,2,2,7,2,"D10 X D406","48,8380400","2,7529600",201900021344,138 266 478,B01,2,1,0,2,6,26,5,NULL,201900021344,138 266 477,A01,1,1,1,2,1951,9,1,0,-1,-1,0,-1,201900021344,3,406,0,NULL,2,2,0,1,13,694,1,NULL,NULL,1,5,1,50
201900021344,29,6,2019,10:35:00,1,77,77237,2,2,7,2,"D10 X D406","48,8380400","2,7529600",201900021344,138 266 478,B01,2,1,0,2,6,26,5,NULL,201900021344,138 266 478,B01,1,1,4,1,1956,0,8,6,-1,-1,0,-1,201900021344,3,406,0,NULL,2,2,0,1,13,694,1,NULL,NULL,1,5,1,50
201900021621,3,8,2019,11:38:00,1,69,69141,1,1,1,7,"route de chaussan","45,6255900","4,6616270",201900021621,138 265 967,A01,2,1,0,0,0,1,0,NULL,201900021621,138 265 967,A01,1,1,3,1,1945,5,2,-1,-1,0,0,-1,201900021621,3,34,0,NULL,2,2,0,2,5,400,1,NULL,NULL,1,0,1,80
201900023723,11,3,2019,07:50:00,2,64,64445,2,6,2,1,"ALSACE LORRAINE D'","43,3044735"," -0,3675141",201900023723,138 261 797,B01,1,1,0,2,1,15,5,NULL,201900023723,138 261 797,B01,1,1,4,1,1998,9,8,0,-1,0,0,-1,201900023723,4,"ALSACE LORRAINE D'",0,NULL,2,2,0,1,0,0,1,NULL,NULL,2,9,1,50
201900023723,11,3,2019,07:50:00,2,64,64445,2,6,2,1,"ALSACE LORRAINE D'","43,3044735"," -0,3675141",201900023723,138 261 797,B01,1,1,0,2,1,15,5,NULL,201900023723,138 261 798,A01,1,1,1,1,1962,9,1,8,-1,0,0,-1,201900023723,4,"ALSACE LORRAINE D'",0,NULL,2,2,0,1,0,0,1,NULL,NULL,2,9,1,50
201900025072,29,7,2019,14:15:00,1,33,33063,2,1,1,2,"AVE THIERS - accès d'un chantier privé","44,8457500"," -0,5510800",201900025072,138 259 172,A01,2,1,0,2,1,1,5,NULL,201900025072,138 259 171,B01,1,1,1,1,1967,4,8,0,-1,-1," -1",-1,201900025072,4,"AVE THIERS",0,NULL,3,6,-1,1,0,0,1,NULL,NULL,1,0,1,50
201900025072,29,7,2019,14:15:00,1,33,33063,2,1,1,2,"AVE THIERS - accès d'un chantier privé","44,8457500"," -0,5510800",201900025072,138 259 172,A01,2,1,0,2,1,1,5,NULL,201900025072,138 259 172,A01,1,1,4,1,1975,5,8,0,-1,-1," -1",-1,201900025072,4,"AVE THIERS",0,NULL,3,6,-1,1,0,0,1,NULL,NULL,1,0,1,50
201900030262,11,4,2019,11:10:00,1,75,75115,2,2,1,3,"RUE DUTOT","48,8382400","2,3083550",201900030262,138 249 378,A01,1,1,12,2,5,18,5,NULL,201900030262,138 249 377,B01,1,1,1,1,1973,4,1,0,-1,0,0,-1,201900030262,4,"RUE DUTOT",0,NULL,1,1,0,1,0,0,1,NULL,NULL,1,0,1,50
201900030262,11,4,2019,11:10:00,1,75,75115,2,2,1,3,"RUE DUTOT","48,8382400","2,3083550",201900030262,138 249 378,A01,1,1,12,2,5,18,5,NULL,201900030262,138 249 378,A01,1,1,3,2,1972,4,2,0,-1,0,0,-1,201900030262,4,"RUE DUTOT",0,NULL,1,1,0,1,0,0,1,NULL,NULL,1,0,1,50
201900030856,3,5,2019,16:00:00,1,35,35238,2,1,1,3,"JANVIER (AVENUE JEAN)","48,1082900"," -1,6736400",201900030856,138 248 322,B01,3,1,0,2,0,0,5,NULL,201900030856,138 248 322,B01,1,1,3,2,1959,0,2,0,-1,-1,0,-1,201900030856,4,"JANVIER (AVENUE JEAN)",0,NULL,2,1,0,1,0,0,1,NULL,NULL,1,0,1,50