Num_Acc,jour,mois,an,hrmn,lum,dep,com,agg,int,atm,col,adr,lat,long,Num_Acc,id_vehicule,num_veh,senc,catv,obs,obsm,choc,manv,motor,occutc,Num_Acc,id_vehicule,num_veh,place,catu,grav,sexe,an_nais,trajet,secu1,secu2,secu3,locp,actp,etatp,Num_Acc,catr,voie,v1,v2,circ,nbv,vosp,prof,pr,pr1,plan,lartpc,larrout,surf,infra,situ,vma
201900032193,27,2,2019,16:30:00,1,974,97408,2,3,1,3,"intersection rue Pierre Rossolin-chemin boeuf mort"," -20,9444770","55,3386170",201900032193,138 245 822,B01,1,1,0,2,7,5,5,NULL,201900032193,138 245 820,A01,1,1,1,1,1965,5,1,-1,-1,0,0,-1,201900032193,4,NULL,NULL,NULL,1,1,0,2,(1),(1),4,NULL,NULL,1,0,1,50
201900032193,27,2,2019,16:30:00,1,974,97408,2,3,1,3,"intersection rue Pierre Rossolin-chemin boeuf mort"," -20,9444770","55,3386170",201900032193,138 245 822,B01,1,1,0,2,7,5,5,NULL,201900032193,138 245 822,B01,1,1,3,1,1973,5,2,-1,-1,0,0,-1,201900032193,4,NULL,NULL,NULL,1,1,0,2,(1),(1),4,NULL,NULL,1,0,1,50
201900034343,25,7,2019,00:00:00,3,34,34327,1,2,1,3,"Route Départementale","43,6581100","3,9631450",201900034343,138 241 643,B01,2,1,0,2,1,11,5,NULL,201900034343,138 241 643,B01,1,1,4,1,2002,5,0,-1,-1,0,0,-1,201900034343,3,610,0,NULL,4,3,0,1,0,710,1,NULL,NULL,1,5,1,70
201900034343,25,7,2019,00:00:00,3,34,34327,1,2,1,3,"Route Départementale","43,6581100","3,9631450",201900034343,138 241 643,B01,2,1,0,2,1,11,5,NULL,201900034343,138 241 644,A01,1,1,1,1,1978,5,1,-1,-1,0,0,-1,201900034343,3,610,0,NULL,4,3,0,1,0,710,1,NULL,NULL,1,5,1,70
201900035462,17,1,2019,15:45:00,1,44,44114,1,1,1,3,"RD 965","47,2528900"," -1,6247700",201900035462,138 239 442,B01,3,1,0,2,3,2,5,NULL,201900035462,138 239 442,B01,1,1,3,1,1958,5,2,0,-1,0,0,-1,201900035462,7,965,0,NULL,2,2,0,1,0,1,1,NULL,NULL,1,0,1,70
201900035462,17,1,2019,15:45:00,1,44,44114,1,1,1,3,"RD 965","47,2528900"," -1,6247700",201900035462,138 239 442,B01,3,1,0,2,3,2,5,NULL,201900035462,138 239 443,A01,1,1,1,1,1982,4,1,0,-1,0,0,-1,201900035462,7,965,0,NULL,2,2,0,1,0,1,1,NULL,NULL,1,0,1,70
201900038570,26,10,2019,23:00:00,5,67,67482,2,3,1,3,"ZIEGELAU (RUE DE LA)","48,5645800","7,7668100",201900038570,138 233 600,A01,1,1,0,2,8,1,5,NULL,201900038570,138 233 599,B01,1,1,4,1,1976,1,2,0,-1,-1,0,-1,201900038570,4,"ZIEGELAU (RUE DE LA)",0,NULL,2,2,0,1,0,0,1,NULL,NULL,1,0,1,50
201900038570,26,10,2019,23:00:00,5,67,67482,2,3,1,3,"ZIEGELAU (RUE DE LA)","48,5645800","7,7668100",201900038570,138 233 600,A01,1,1,0,2,8,1,5,NULL,201900038570,138 233 600,A01,1,1,4,1,1979,5,8,0,-1,-1,0,-1,201900038570,4,"ZIEGELAU (RUE DE LA)",0,NULL,2,2,0,1,0,0,1,NULL,NULL,1,0,1,50
201900038944,17,1,2019,16:30:00,1,84,84142,1,6,1,3,D938,"43,9574820","5,0284790",201900038944,138 232 875,A01,3,1,0,0,7,16,5,NULL,201900038944,138 232 874,B01,1,1,1,2,1984,0,1,-1,-1,0,0,-1,201900038944,3,938,0,D,2,2,0,1,35,900,1,NULL,NULL,1,5,1,80
201900038944,17,1,2019,16:30:00,1,84,84142,1,6,1,3,D938,"43,9574820","5,0284790",201900038944,138 232 875,A01,3,1,0,0,7,16,5,NULL,201900038944,138 232 875,A01,1,1,3,1,1955,5,0,-1,-1,0,0,-1,201900038944,3,938,0,D,2,2,0,1,35,900,1,NULL,NULL,1,5,1,80
201900040789,1,10,2019,07:20:00,2,75,75104,2,2,1,2,"BOULEVARD DE SEBASTOPOL","48,8585260","2,3481940",201900040789,138 229 457,A01,1,1,0,2,1,18,5,NULL,201900040789,138 229 456,B01,1,1,1,1,1975,4,1,0,-1,0,0,-1,201900040789,4,"BOULEVARD DE SEBASTOPOL",0,NULL,1,4,3,1,0,0,1,NULL,NULL,1,-1,6,50
201900040789,1,10,2019,07:20:00,2,75,75104,2,2,1,2,"BOULEVARD DE SEBASTOPOL","48,8585260","2,3481940",201900040789,138 229 457,A01,1,1,0,2,1,18,5,NULL,201900040789,138 229 457,A01,1,1,4,1,1981,1,2,8,-1,0,0,-1,201900040789,4,"BOULEVARD DE SEBASTOPOL",0,NULL,1,4,3,1,0,0,1,NULL,NULL,1,-1,6,50
201900041332,5,4,2019,13:15:00,1,75,75112,2,3,1,6,"RUE BARON LE ROY","48,8359070","2,3864750",201900041332,138 228 475,A01,1,1,0,1,1,15,5,NULL,201900041332,138 228 475,A01,10,3,4,2,1951,0,8,0,-1,2,3,3,201900041332,4,"RUE BARON LE ROY",0,NULL,2,2,0,1,0,0,1,NULL,NULL,1,0,1,50
201900041332,5,4,2019,13:15:00,1,75,75112,2,3,1,6,"RUE BARON LE ROY","48,8359070","2,3864750",201900041332,138 228 475,A01,1,1,0,1,1,15,5,NULL,201900041332,138 228 475,A01,1,1,1,1,1991,1,8,0,-1,0,0,-1,201900041332,4,"RUE BARON LE ROY",0,NULL,2,2,0,1,0,0,1,NULL,NULL,1,0,1,50
201900041607,19,7,2019,09:15:00,1,75,75104,2,3,1,3,"RUE GEOFFROY L ASNIER","48,8541150","2,3558000",201900041607,138 227 967,B01,2,1,0,2,3,1,5,NULL,201900041607,138 227 966,A01,1,1,1,1,1963,9,8,0,-1,0,0,-1,201900041607,4,"RUE GEOFFROY L ASNIER",0,NULL,2,2,1,1,50,0,1,NULL,NULL,1,0,5,30
201900041607,19,7,2019,09:15:00,1,75,75104,2,3,1,3,"RUE GEOFFROY L ASNIER","48,8541150","2,3558000",201900041607,138 227 967,B01,2,1,0,2,3,1,5,NULL,201900041607,138 227 967,B01,1,1,4,1,1973,9,2,0,-1,0,0,-1,201900041607,4,"RUE GEOFFROY L ASNIER",0,NULL,2,2,1,1,50,0,1,NULL,NULL,1,0,5,30
201900044471,13,1,2019,13:10:00,1,33,33381,2,6,2,3,"Avenue de LUZANNE","44,7486700"," -0,4323800",201900044471,138 222 515,B01,2,1,0,2,7,15,5,NULL,201900044471,138 222 514,A01,1,1,1,1,1948,5,1,-1,-1,0,0,-1,201900044471,3,115,0,NULL,2,2,0,1,67,215,1,NULL,NULL,2,0,1,-1
201900044471,13,1,2019,13:10:00,1,33,33381,2,6,2,3,"Avenue de LUZANNE","44,7486700"," -0,4323800",201900044471,138 222 515,B01,2,1,0,2,7,15,5,NULL,201900044471,138 222 515,B01,1,1,4,1,1984,5,2,-1,-1,0,0,-1,201900044471,3,115,0,NULL,2,2,0,1,67,215,1,NULL,NULL,2,0,1,-1
201900044922,28,8,2019,15:20:00,1,60,60628,2,2,1,6,"rue aimé besnard","49,4251660","2,1347410",201900044922,138 221 653,B01,1,1,0,0,7,11,5,NULL,201900044922,138 221 653,B01,1,1,4,1,1994,0,0,-1,-1,0,0,-1,201900044922,4,NULL,0,NULL,2,2,0,3,(1),(1),1,NULL,NULL,1,5,8,50
201900044922,28,8,2019,15:20:00,1,60,60628,2,2,1,6,"rue aimé besnard","49,4251660","2,1347410",201900044922,138 221 653,B01,1,1,0,0,7,11,5,NULL,201900044922,138 221 654,A01,1,1,1,1,1994,5,1,-1,-1,0,0,-1,201900044922,4,NULL,0,NULL,2,2,0,3,(1),(1),1,NULL,NULL,1,5,8,50
201900045270,16,7,2019,17:40:00,1,93,93045,2,1,1,2,"BRUYERES RUE DES","48,8788000","2,4131400",201900045270,138 220 954,B01,2,1,0,2,8,23,5,NULL,201900045270,138 220 953,A01,1,1,1,1,1986,0,1,8,-1,-1," -1",-1,201900045270,4,"BRUYERES RUE DES",0,NULL,2,2,0,1,0,0,1,NULL,NULL,1,0,1,50
201900045270,16,7,2019,17:40:00,1,93,93045,2,1,1,2,"BRUYERES RUE DES","48,8788000","2,4131400",201900045270,138 220 954,B01,2,1,0,2,8,23,5,NULL,201900045270,138 220 954,B01,1,1,4,2,1970,0,8,0,-1,-1," -1",-1,201900045270,4,"BRUYERES RUE DES",0,NULL,2,2,0,1,0,0,1,NULL,NULL,1,0,1,50
201900045748,17,6,2019,13:22:00,1,80,80021,2,1,1,3,"493, AV DU QUATORZE JUILLET 1789","49,8749200","2,2815700",201900045748,138 220 072,B01,0,1,0,2,1,1,5,NULL,201900045748,138 220 072,B01,1,1,4,1,1966,1,8,0,-1,0,0,-1,201900045748,4,"QUATORZE JUILLET 1789 (AVENUE DU)",0,NULL,2,4,0,1,0,0,1,NULL,NULL,1,0,1,50
201900045748,17,6,2019,13:22:00,1,80,80021,2,1,1,3,"493, AV DU QUATORZE JUILLET 1789","49,8749200","2,2815700",201900045748,138 220 072,B01,0,1,0,2,1,1,5,NULL,201900045748,138 220 073,A01,1,1,1,1,1980,5,1,0,-1,0,0,-1,201900045748,4,"QUATORZE JUILLET 1789 (AVENUE DU)",0,NULL,2,4,0,1,0,0,1,NULL,NULL,1,0,1,50
201900046322,12,1,2019,00:40:00,5,37,37261,2,2,1,3,"WALVEIN (RUE)","47,3902700","0,6705900",201900046322,138 218 937,A01,3,1,0,2,7,1,5,NULL,201900046322,138 218 936,B01,1,1,4,1,1990,9,8,0,-1,-1,0,-1,201900046322,4,"WALVEIN (RUE)",0,NULL,1,1,0,1,0,0,1,NULL,NULL,1,5,1,50
201900046322,12,1,2019,00:40:00,5,37,37261,2,2,1,3,"WALVEIN (RUE)","47,3902700","0,6705900",201900046322,138 218 937,A01,3,1,0,2,7,1,5,NULL,201900046322,138 218 937,A01,1,1,1,1,1977,9,2,0,-1,-1,0,-1,201900046322,4,"WALVEIN (RUE)",0,NULL,1,1,0,1,0,0,1,NULL,NULL,1,5,1,50
201900048229,23,9,2019,13:20:00,1,73,73096,2,1,1,1,"D11 Place de Marechet","45,5288753","6,0894319",201900048229,138 215 403,B01,3,1,0,2,1,1,5,NULL,201900048229,138 215 403,B01,1,1,3,1,1978,5,2,-1,-1,0,0,-1,201900048229,3,11,NULL,NULL,2,2,0,2,25,390,1,NULL,NULL,1,0,1,50
201900048229,23,9,2019,13:20:00,1,73,73096,2,1,1,1,"D11 Place de Marechet","45,5288753","6,0894319",201900048229,138 215 403,B01,3,1,0,2,1,1,5,NULL,201900048229,138 215 404,A01,1,1,1,1,1987,1,1,-1,-1,0,0,-1,201900048229,3,11,NULL,NULL,2,2,0,2,25,390,1,NULL,NULL,1,0,1,50
201900049283,6,12,2019,10:10:00,1,75,75110,2,4,2,6,"BOULEVARD DE MAGENTA","48,8765210","2,3558590",201900049283,138 213 443,A01,2,1,1,0,3,13,5,NULL,201900049283,138 213 443,A01,1,1,4,1,1988,0,8,2,-1,0,0,-1,201900049283,4,"BOULEVARD DE MAGENTA",2,NULL,2,4,1,2,85,0,1,NULL,NULL,2,0,5,20
201900049371,17,6,2019,21:40:00,1,49,49007,2,1,1,6,"SAINT MICHEL BOULEVARD","47,4720800"," -0,5419700",201900049371,138 213 281,B01,1,1,0,2,1,1,5,NULL,201900049371,138 213 280,A01,1,1,1,1,1996,0,1,0,-1,-1,0,-1,201900049371,4,"SAINT MICHEL BOULEVARD",0,NULL,2,2,0,1,0,0,1,NULL,NULL,1,9,1,30
201900049371,17,6,2019,21:40:00,1,49,49007,2,1,1,6,"SAINT MICHEL BOULEVARD","47,4720800"," -0,5419700",201900049371,138 213 281,B01,1,1,0,2,1,1,5,NULL,201900049371,138 213 281,B01,1,1,4,1,1994,0,8,8,-1,-1,0,-1,201900049371,4,"SAINT MICHEL BOULEVARD",0,NULL,2,2,0,1,0,0,1,NULL,NULL,1,9,1,30
201900052725,27,11,2019,07:45:00,2,67,67462,2,6,8,3,"NANCY (BOULEVARD DE)","48,2643369","7,4589385",201900052725,138 206 906,B01,2,1,0,2,8,2,5,NULL,201900052725,138 206 906,B01,1,1,4,2,1969,1,8,4,-1,0,0,-1,201900052725,3,21,0,NULL,1,1,0,1,1,0,2,NULL,NULL,2,5,1,50
201900052725,27,11,2019,07:45:00,2,67,67462,2,6,8,3,"NANCY (BOULEVARD DE)","48,2643369","7,4589385",201900052725,138 206 906,B01,2,1,0,2,8,2,5,NULL,201900052725,138 206 907,A01,1,1,1,1,1973,4,8,0,-1,0,0,-1,201900052725,3,21,0,NULL,1,1,0,1,1,0,2,NULL,NULL,2,5,1,50
201900057195,25,10,2019,21:30:00,5,25,25056,2,2,1,3,"CHURCHILL BD WINSTON","47,2462700","5,9980000",201900057195,138 198 616,A01,2,1,0,2,6,19,5,NULL,201900057195,138 198 616,A01,1,1,4,2,1997,0,8,0,-1,-1," -1",-1,201900057195,4,"CHURCHILL BD WINSTON",0,NULL,3,4,0,2,0,0,3,NULL,NULL,1,5,1,50
201900057195,25,10,2019,21:30:00,5,25,25056,2,2,1,3,"CHURCHILL BD WINSTON","47,2462700","5,9980000",201900057195,138 198 616,A01,2,1,0,2,6,19,5,NULL,201900057195,138 198 618,B01,1,1,1,1,1996,0,1,0,-1,-1," -1",-1,201900057195,4,"CHURCHILL BD WINSTON",0,NULL,3,4,0,2,0,0,3,NULL,NULL,1,5,1,50
201900008736,9,6,2019,09:00:00,1,77,77437,2,2,1,3,"D9 X RUE DE L'INTE","49,0357400","2,7959800",201900008736,138 290 181,B01,3,1,0,2,8,0,5,NULL,201900008736,138 290 181,B01,1,1,4,1,1933,5,2,-1,-1,0,0,-1,201900008736,3,9,NULL,NULL,2,2,0,3,9,117,1,NULL,NULL,1,5,1,50
201900008736,9,6,2019,09:00:00,1,77,77437,2,2,1,3,"D9 X RUE DE L'INTE","49,0357400","2,7959800",201900008736,138 290 181,B01,3,1,0,2,8,0,5,NULL,201900008736,138 290 182,A01,1,1,1,2,1955,3,1,-1,-1,0,0,-1,201900008736,3,9,NULL,NULL,2,2,0,3,9,117,1,NULL,NULL,1,5,1,50
201900009038,8,10,2019,08:55:00,1,83,83129,2,9,1,3,"CLAUDE POMPIDOU","43,0935000","5,8449100",201900009038,138 289 619,B01,3,1,0,2,9,1,5,NULL,201900009038,138 289 618,A01,1,1,1,2,1941,5,1,8,-1,-1,0,-1,201900009038,3,559,0,NULL,1,1,0,1,21,500,2,NULL,NULL,1,5,1,50
201900009038,8,10,2019,08:55:00,1,83,83129,2,9,1,3,"CLAUDE POMPIDOU","43,0935000","5,8449100",201900009038,138 289 619,B01,3,1,0,2,9,1,5,NULL,201900009038,138 289 619,B01,1,1,3,2,1963,5,2,8,-1,-1,0,-1,201900009038,3,559,0,NULL,1,1,0,1,21,500,2,NULL,NULL,1,5,1,50
201900009151,4,7,2019,17:30:00,1,67,67482,2,3,1,3,"PORTE DE L HOPITAL (RUE DE LA)","48,5768250","7,7497180",201900009151,138 289 380,B01,2,1,0,2,1,1,2,NULL,201900009151,138 289 380,B01,1,1,4,2,1964,0,8,0,-1,-1,0,-1,201900009151,4,"PORTE DE L HOPITAL (RUE DE LA)",0,NULL,1,1,0,1,0,0,1,NULL,NULL,1,0,1,30
201900009151,4,7,2019,17:30:00,1,67,67482,2,3,1,3,"PORTE DE L HOPITAL (RUE DE LA)","48,5768250","7,7497180",201900009151,138 289 380,B01,2,1,0,2,1,1,2,NULL,201900009151,138 289 381,A01,1,1,1,1,1999,5,1,8,-1,-1,0,-1,201900009151,4,"PORTE DE L HOPITAL (RUE DE LA)",0,NULL,1,1,0,1,0,0,1,NULL,NULL,1,0,1,30
201900009709,13,3,2019,19:20:00,5,1,01354,1,6,2,3,"rond point de france","46,2393990","6,0342890",201900009709,138 288 351,A01,2,1,0,2,8,19,5,NULL,201900009709,138 288 351,A01,1,1,4,1,1978,1,0,-1,-1,0,0,-1,201900009709,3,984,NULL,F,2,2,1,1,0,70,3,NULL,NULL,1,3,1,80
201900009709,13,3,2019,19:20:00,5,1,01354,1,6,2,3,"rond point de france","46,2393990","6,0342890",201900009709,138 288 351,A01,2,1,0,2,8,19,5,NULL,201900009709,138 288 352,B01,1,1,1,1,1982,5,1,-1,-1,0,0,-1,201900009709,3,984,NULL,F,2,2,1,1,0,70,3,NULL,NULL,1,3,1,80
201900010963,5,7,2019,15:00:00,1,92,92024,2,1,1,2,"VICTOR HUGO (BD)","48,9003668","2,3152092",201900010963,138 286 115,B01,1,1,0,2,4,1,5,NULL,201900010963,138 286 115,B01,1,1,3,1,1949,5,8,0,-1,-1,0,-1,201900010963,3,912,0,NULL,2,4,0,1,0,0,1,NULL,NULL,1,0,1,50
201900010963,5,7,2019,15:00:00,1,92,92024,2,1,1,2,"VICTOR HUGO (BD)","48,9003668","2,3152092",201900010963,138 286 115,B01,1,1,0,2,4,1,5,NULL,201900010963,138 286 116,A01,1,1,1,1,1958,4,2,6,-1,-1,0,-1,201900010963,3,912,0,NULL,2,4,0,1,0,0,1,NULL,NULL,1,0,1,50
201900016330,21,5,2019,09:22:00,1,7,07070,2,3,1,3,"COLONNEL ROUSSET (AVENUE DU)","44,9587600","4,8474100",201900016330,138 275 947,B01,3,1,0,2,8,2,5,NULL,201900016330,138 275 946,A01,1,1,1,2,1971,0,1,0,-1,-1," -1",-1,201900016330,3,86,0,NULL,2,2,0,1,49,900,1,NULL,NULL,1,0,1,50
201900016330,21,5,2019,09:22:00,1,7,07070,2,3,1,3,"COLONNEL ROUSSET (AVENUE DU)","44,9587600","4,8474100",201900016330,138 275 947,B01,3,1,0,2,8,2,5,NULL,201900016330,138 275 947,B01,1,1,4,1,1949,5,2,0,-1,-1," -1",-1,201900016330,3,86,0,NULL,2,2,0,1,49,900,1,NULL,NULL,1,0,1,50
201900016740,28,12,2019,00:01:00,5,75,75110,2,1,1,3,"BOULEVARD DE MAGENTA","48,8728590","2,3591280",201900016740,138 275 158,B01,2,1,0,2,1,7,5,NULL,201900016740,138 275 157,A01,1,1,1,1,1989,0,1,0,-1,0,0,-1,201900016740,4,"BOULEVARD DE MAGENTA",0,NULL,2,4,3,1,45,0,1,NULL,NULL,1,0,6,50
201900016740,28,12,2019,00:01:00,5,75,75110,2,1,1,3,"BOULEVARD DE MAGENTA","48,8728590","2,3591280",201900016740,138 275 158,B01,2,1,0,2,1,7,5,NULL,201900016740,138 275 158,B01,1,1,4,1,1988,5,8,2,-1,0,0,-1,201900016740,4,"BOULEVARD DE MAGENTA",0,NULL,2,4,3,1,45,0,1,NULL,NULL,1,0,6,50
201900018521,14,3,2019,14:00:00,2,75,75113,2,3,2,3,"RUE DE BELLIEVRE","48,8383300","2,3727990",201900018521,138 271 802,B01,1,1,0,2,8,5,5,NULL,201900018521,138 271 802,B01,1,1,4,2,1976,5,2,0,-1,0,0,-1,201900018521,4,"RUE DE BELLIEVRE",0,NULL,1,1,0,1,0,0,1,NULL,NULL,2,0,5,30
201900018521,14,3,2019,14:00:00,2,75,75113,2,3,2,3,"RUE DE BELLIEVRE","48,8383300","2,3727990",201900018521,138 271 802,B01,1,1,0,2,8,5,5,NULL,201900018521,138 271 803,A01,1,1,1,1,1985,5,1,0,-1,0,0,-1,201900018521,4,"RUE DE BELLIEVRE",0,NULL,1,1,0,1,0,0,1,NULL,NULL,2,0,5,30
201900021612,1,8,2019,18:15:00,1,67,67451,2,4,1,3,"Rue des Paquerettes 67160","48,9936160","8,0349100",201900021612,138 265 980,B01,0,1,0,9,2,26,5,NULL,201900021612,138 265 979,A01,1,1,1,1,1980,1,1,-1,-1,0,0,-1,201900021612,4,"rue des Paquerettes",NULL,NULL,2,2,1,1,(1),(1),2,NULL,NULL,1,0,1,30
201900021612,1,8,2019,18:15:00,1,67,67451,2,4,1,3,"Rue des Paquerettes 67160","48,9936160","8,0349100",201900021612,138 265 980,B01,0,1,0,9,2,26,5,NULL,201900021612,138 265 980,B01,1,1,3,2,1939,5,2,-1,-1,0,0,-1,201900021612,4,"rue des Paquerettes",NULL,NULL,2,2,1,1,(1),(1),2,NULL,NULL,1,0,1,30
201900024536,8,9,2019,09:50:00,1,62,62201,2,6,1,3,"Boulevard de Sainte-Cécile","50,5751730","1,5834740",201900024536,138 260 211,B01,3,1,0,2,4,9,6,NULL,201900024536,138 260 211,B01,1,1,3,1,1965,5,0,-1,-1,0,0,-1,201900024536,4,NULL,NULL,NULL,1,1,1,1,0,0,3,NULL,NULL,1,0,1,50
201900024536,8,9,2019,09:50:00,1,62,62201,2,6,1,3,"Boulevard de Sainte-Cécile","50,5751730","1,5834740",201900024536,138 260 211,B01,3,1,0,2,4,9,6,NULL,201900024536,138 260 212,A01,1,1,1,2,1957,5,1,-1,-1,0,0,-1,201900024536,4,NULL,NULL,NULL,1,1,1,1,0,0,3,NULL,NULL,1,0,1,50
201900025054,29,7,2019,17:40:00,1,49,49007,2,1,1,3,"GAULLE BOULEVARD CHARLES DE","47,4700700"," -0,5616800",201900025054,138 259 203,B01,1,1,0,2,1,0,5,NULL,201900025054,138 259 202,A01,1,1,3,1,1934,0,1,8,-1,-1,0,-1,201900025054,4,"GAULLE BOULEVARD CHARLES DE",0,NULL,2,4,0,1,0,0,1,NULL,NULL,1,0,1,30
201900025054,29,7,2019,17:40:00,1,49,49007,2,1,1,3,"GAULLE BOULEVARD CHARLES DE","47,4700700"," -0,5616800",201900025054,138 259 203,B01,1,1,0,2,1,0,5,NULL,201900025054,138 259 202,A01,2,2,4,2,1938,0,1,8,-1,-1,0,-1,201900025054,4,"GAULLE BOULEVARD CHARLES DE",0,NULL,2,4,0,1,0,0,1,NULL,NULL,1,0,1,30
201900025054,29,7,2019,17:40:00,1,49,49007,2,1,1,3,"GAULLE BOULEVARD CHARLES DE","47,4700700"," -0,5616800",201900025054,138 259 203,B01,1,1,0,2,1,0,5,NULL,201900025054,138 259 203,B01,1,1,3,1,2003,5,8,0,-1,-1,0,-1,201900025054,4,"GAULLE BOULEVARD CHARLES DE",0,NULL,2,4,0,1,0,0,1,NULL,NULL,1,0,1,30
201900025340,11,3,2019,10:00:00,1,56,56089,1,1,1,2,Locunel,"47,9510090"," -3,2420050",201900025340,138 258 671,B01,2,1,0,2,4,1,5,NULL,201900025340,138 258 671,B01,1,1,2,1,1956,5,2,-1,-1,0,0,-1,201900025340,3,2,NULL,NULL,2,2,0,2,15,210,1,NULL,NULL,1,0,1,80
201900025340,11,3,2019,10:00:00,1,56,56089,1,1,1,2,Locunel,"47,9510090"," -3,2420050",201900025340,138 258 671,B01,2,1,0,2,4,1,5,NULL,201900025340,138 258 672,A01,1,1,1,2,1970,5,1,-1,-1,0,0,-1,201900025340,3,2,NULL,NULL,2,2,0,2,15,210,1,NULL,NULL,1,0,1,80
201900025452,21,4,2019,12:45:00,1,64,64260,2,1,1,3,"GAULLE CHARLES (RUE DE)","43,3587117"," -1,7760237",201900025452,138 258 450,B01,2,1,0,2,2,1,0,NULL,201900025452,138 258 449,A01,1,1,1,2,1976,0,1,0,-1,-1,0,-1,201900025452,4,"GAULLE CHARLES (RUE DE)",0,NULL,2,2,0,1,1,500,1,NULL,NULL,1,0,1,30
201900025452,21,4,2019,12:45:00,1,64,64260,2,1,1,3,"GAULLE CHARLES (RUE DE)","43,3587117"," -1,7760237",201900025452,138 258 450,B01,2,1,0,2,2,1,0,NULL,201900025452,138 258 450,B01,1,1,3,2,1976,0,8,0,-1,-1,0,-1,201900025452,4,"GAULLE CHARLES (RUE DE)",0,NULL,2,2,0,1,1,500,1,NULL,NULL,1,0,1,30
201900028083,25,1,2019,17:55:00,5,75,75110,2,3,2,3,"PLACE DE LA REPUBLIQUE","48,8683720","2,3628550",201900028083,138 253 500,B01,2,1,0,2,5,15,5,NULL,201900028083,138 253 500,B01,2,1,4,1,1964,3,8,8,-1,0,0,-1,201900028083,4,"PLACE DE LA REPUBLIQUE",0,NULL,2,4,1,1,0,0,1,NULL,NULL,2,0,1,50
201900028083,25,1,2019,17:55:00,5,75,75110,2,3,2,3,"PLACE DE LA REPUBLIQUE","48,8683720","2,3628550",201900028083,138 253 500,B01,2,1,0,2,5,15,5,NULL,201900028083,138 253 501,A01,1,1,1,1,1975,4,1,0,-1,0,0,-1,201900028083,4,"PLACE DE LA REPUBLIQUE",0,NULL,2,4,1,1,0,0,1,NULL,NULL,2,0,1,50
201900030027,4,9,2019,08:45:00,1,51,51454,2,1,1,3,"AVENUE DE LAON","49,2679368","4,0241343",201900030027,138 249 847,A01,1,1,0,2,1,1,5,NULL,201900030027,138 249 847,A01,1,1,4,2,1979,1,2,0,-1,-1,0,-1,201900030027,3,944,0,NULL,3,4,0,2,(1),(1),1,NULL,NULL,1,1,1,50
201900030027,4,9,2019,08:45:00,1,51,51454,2,1,1,3,"AVENUE DE LAON","49,2679368","4,0241343",201900030027,138 249 847,A01,1,1,0,2,1,1,5,NULL,201900030027,138 249 848,B01,1,1,1,2,1996,1,1,8,-1,-1,0,-1,201900030027,3,944,0,NULL,3,4,0,2,(1),(1),1,NULL,NULL,1,1,1,50
201900030030,3,9,2019,19:34:00,1,49,49007,2,1,1,6,"PASTEUR AVENUE","47,4766800"," -0,5327600",201900030030,138 249 840,B01,1,1,0,2,9,0,5,NULL,201900030030,138 249 839,A01,1,1,1,1,2000,0,1,8,-1,-1,0,-1,201900030030,4,"PASTEUR AVENUE",0,NULL,2,2,0,1,0,0,1,NULL,NULL,1,0,1,60
201900030030,3,9,2019,19:34:00,1,49,49007,2,1,1,6,"PASTEUR AVENUE","47,4766800"," -0,5327600",201900030030,138 249 840,B01,1,1,0,2,9,0,5,NULL,201900030030,138 249 840,B01,1,1,3,1,2005,0,8,0,-1,-1,0,-1,201900030030,4,"PASTEUR AVENUE",0,NULL,2,2,0,1,0,0,1,NULL,NULL,1,0,1,60
201900030472,7,3,2019,16:30:00,1,75,75114,2,3,2,3,"RUE JULES GUESDE","48,8374870","2,3202070",201900030472,138 249 018,A01,2,1,0,2,2,1,5,NULL,201900030472,138 249 017,B01,1,1,1,1,1970,4,1,0,-1,0,0,-1,201900030472,4,"RUE JULES GUESDE",0,NULL,1,1,0,1,0,0,1,NULL,NULL,2,0,1,50
201900030472,7,3,2019,16:30:00,1,75,75114,2,3,2,3,"RUE JULES GUESDE","48,8374870","2,3202070",201900030472,138 249 018,A01,2,1,0,2,2,1,5,NULL,201900030472,138 249 018,A01,1,1,4,1,1992,0,2,0,-1,0,0,-1,201900030472,4,"RUE JULES GUESDE",0,NULL,1,1,0,1,0,0,1,NULL,NULL,2,0,1,50
201900032376,2,3,2019,11:50:00,1,87,87085,2,1,1,3,"BEL AIR (BOULEVARD DE)","45,8191200","1,2512200",201900032376,138 245 438,B01,2,1,0,2,1,25,5,NULL,201900032376,138 245 438,B01,1,1,4,1,1983,1,8,0,-1,-1,0,-1,201900032376,4,"BEL AIR (BOULEVARD DE)",0,NULL,3,4,0,2,0,0,1,NULL,NULL,1,0,4,50
201900032376,2,3,2019,11:50:00,1,87,87085,2,1,1,3,"BEL AIR (BOULEVARD DE)","45,8191200","1,2512200",201900032376,138 245 438,B01,2,1,0,2,1,25,5,NULL,201900032376,138 245 439,A01,1,1,1,2,1994,5,1,0,-1,-1,0,-1,201900032376,4,"BEL AIR (BOULEVARD DE)",0,NULL,3,4,0,2,0,0,1,NULL,NULL,1,0,4,50
201900035296,3,10,2019,18:25:00,1,14,14167,1,1,1,1,"JEAN JAURES (RUE )","49,2000100"," -0,2957900",201900035296,138 239 769,B01,1,1,0,2,1,1,5,NULL,201900035296,138 239 769,B01,1,1,4,1,1987,1,8,0,-1,0,0,-1,201900035296,4,"JEAN JAURES (RUE )",0,NULL,-1,1,0,1,1,0,1,NULL,NULL,1,0,1,50