Num_Acc,jour,mois,an,hrmn,lum,dep,com,agg,int,atm,col,adr,lat,long,Num_Acc,id_vehicule,num_veh,senc,catv,obs,obsm,choc,manv,motor,occutc,Num_Acc,id_vehicule,num_veh,place,catu,grav,sexe,an_nais,trajet,secu1,secu2,secu3,locp,actp,etatp,Num_Acc,catr,voie,v1,v2,circ,nbv,vosp,prof,pr,pr1,plan,lartpc,larrout,surf,infra,situ,vma
201900035296,3,10,2019,18:25:00,1,14,14167,1,1,1,1,"JEAN JAURES (RUE )","49,2000100"," -0,2957900",201900035296,138 239 769,B01,1,1,0,2,1,1,5,NULL,201900035296,138 239 770,A01,1,1,1,1,1993,1,1,0,-1,0,0,-1,201900035296,4,"JEAN JAURES (RUE )",0,NULL,-1,1,0,1,1,0,1,NULL,NULL,1,0,1,50
201900036466,5,5,2019,17:00:00,1,4,04070,2,3,1,3,"Ch Moulin / Ch Marquis","44,0810321","6,2115254",201900036466,138 237 547,B01,1,1,0,2,1,1,5,NULL,201900036466,138 237 546,A01,1,1,1,1,2000,5,8,-1,-1,-1,0,-1,201900036466,4,"Ch du Marquis",0,NULL,2,1,0,2,1,0,1,NULL,NULL,1,9,1,50
201900036466,5,5,2019,17:00:00,1,4,04070,2,3,1,3,"Ch Moulin / Ch Marquis","44,0810321","6,2115254",201900036466,138 237 547,B01,1,1,0,2,1,1,5,NULL,201900036466,138 237 547,B01,1,1,3,1,2004,5,2,-1,-1,-1,0,-1,201900036466,4,"Ch du Marquis",0,NULL,2,1,0,2,1,0,1,NULL,NULL,1,9,1,50
201900037771,4,4,2019,07:10:00,1,69,69383,2,1,2,3,"BONNEL (DE)                         (R )","45,7620800","4,8515800",201900037771,138 235 003,B01,3,1,0,2,0,0,0,NULL,201900037771,138 235 002,A01,1,1,1,1,1988,4,8,0,-1,0,0,-1,201900037771,9,"BONNEL (DE)                         (R )",0,NULL,-1,0,0,1,0,0,1,NULL,NULL,2,6,1,50
201900037771,4,4,2019,07:10:00,1,69,69383,2,1,2,3,"BONNEL (DE)                         (R )","45,7620800","4,8515800",201900037771,138 235 003,B01,3,1,0,2,0,0,0,NULL,201900037771,138 235 003,B01,1,1,4,1,1986,0,8,0,-1,0,0,-1,201900037771,9,"BONNEL (DE)                         (R )",0,NULL,-1,0,0,1,0,0,1,NULL,NULL,2,6,1,50
201900039374,27,2,2019,15:30:00,1,75,75118,2,3,1,3,"RUE DE LA CHAPELLE","48,8927090","2,3597290",201900039374,138 232 082,A01,2,1,0,2,3,1,5,NULL,201900039374,138 232 082,A01,1,1,4,2,1986,0,8,0,-1,0,0,-1,201900039374,4,"RUE DE LA CHAPELLE",0,NULL,2,4,0,1,0,0,1,NULL,NULL,1,0,1,50
201900039411,27,2,2019,16:25:00,1,75,75112,2,1,1,3,"BOULEVARD SOULT","48,8440240","2,4100760",201900039411,138 232 017,A01,1,1,0,2,8,19,5,NULL,201900039411,138 232 017,A01,1,1,4,1,1938,5,8,0,-1,0,0,-1,201900039411,4,"BOULEVARD SOULT",0,NULL,1,2,1,1,0,0,1,NULL,NULL,1,0,1,50
201900040452,31,10,2019,16:15:00,1,60,60559,2,1,1,3,"Rue du Jardin à But","49,4100040","2,2937370",201900040452,138 230 086,B01,3,1,0,2,1,9,5,NULL,201900040452,138 230 086,B01,1,1,4,1,2008,5,0,-1,-1,0,0,-1,201900040452,4,NULL,NULL,NULL,2,2,0,1,(1),(1),1,NULL,NULL,1,0,1,50
201900040452,31,10,2019,16:15:00,1,60,60559,2,1,1,3,"Rue du Jardin à But","49,4100040","2,2937370",201900040452,138 230 086,B01,3,1,0,2,1,9,5,NULL,201900040452,138 230 087,A01,1,1,1,2,1983,5,1,-1,-1,0,0,-1,201900040452,4,NULL,NULL,NULL,2,2,0,1,(1),(1),1,NULL,NULL,1,0,1,50
201900040905,30,9,2019,08:49:00,1,67,67447,2,3,1,3,"GENERAL DE GAULLE (ROUTE DU)","48,6107100","7,7339000",201900040905,138 229 224,B01,1,1,0,2,0,0,5,NULL,201900040905,138 229 223,A01,1,1,1,1,1963,4,1,8,-1,-1,0,-1,201900040905,7,263,0,NULL,2,4,3,1,2,80,1,NULL,NULL,1,0,1,40
201900040905,30,9,2019,08:49:00,1,67,67447,2,3,1,3,"GENERAL DE GAULLE (ROUTE DU)","48,6107100","7,7339000",201900040905,138 229 224,B01,1,1,0,2,0,0,5,NULL,201900040905,138 229 224,B01,1,1,2,2,1982,1,8,0,-1,-1,0,-1,201900040905,7,263,0,NULL,2,4,3,1,2,80,1,NULL,NULL,1,0,1,40
201900040950,27,2,2019,18:30:00,5,93,93066,2,3,1,1,"LIBERATION RD14 (BOULEVARD)","48,9257900","2,3421700",201900040950,138 229 151,B01,1,1,0,2,8,9,5,NULL,201900040950,138 229 150,A01,1,1,1,2,1998,1,1,0,-1,-1," -1",-1,201900040950,3,114,0,NULL,2,2,0,1,0,0,1,NULL,NULL,1,0,1,50
201900040950,27,2,2019,18:30:00,5,93,93066,2,3,1,1,"LIBERATION RD14 (BOULEVARD)","48,9257900","2,3421700",201900040950,138 229 151,B01,1,1,0,2,8,9,5,NULL,201900040950,138 229 151,B01,1,1,4,1,1965,9,8,0,-1,-1," -1",-1,201900040950,3,114,0,NULL,2,2,0,1,0,0,1,NULL,NULL,1,0,1,50
201900041194,30,8,2019,16:50:00,1,93,93078,2,6,1,6,"BREGUET (ALLEE LOUIS)","48,9581100","2,5621600",201900041194,138 228 737,B01,3,1,0,2,7,0,5,NULL,201900041194,138 228 737,B01,1,1,4,1,2002,0,8,0,-1,-1," -1",-1,201900041194,4,"BREGUET (ALLEE LOUIS)",0,NULL,2,1,3,1,0,0,1,NULL,NULL,1,0,1,30
201900041194,30,8,2019,16:50:00,1,93,93078,2,6,1,6,"BREGUET (ALLEE LOUIS)","48,9581100","2,5621600",201900041194,138 228 737,B01,3,1,0,2,7,0,5,NULL,201900041194,138 228 738,A01,1,1,1,1,1963,0,1,0,-1,-1," -1",-1,201900041194,4,"BREGUET (ALLEE LOUIS)",0,NULL,2,1,3,1,0,0,1,NULL,NULL,1,0,1,30
201900041885,13,5,2019,10:10:00,1,94,94068,2,7,1,3,"8 MAI 1945 (CARR DU)","48,8022300","2,4923800",201900041885,138 227 444,B01,3,1,0,2,1,1,0,NULL,201900041885,138 227 444,B01,1,1,4,1,1945,3,8,0,-1,-1," -1",-1,201900041885,4,"8 MAI 1945 (CARR DU)",0,NULL,3,2,0,1,0,0,1,NULL,NULL,1,0,1,50
201900041885,13,5,2019,10:10:00,1,94,94068,2,7,1,3,"8 MAI 1945 (CARR DU)","48,8022300","2,4923800",201900041885,138 227 444,B01,3,1,0,2,1,1,0,NULL,201900041885,138 227 445,A01,1,1,1,1,1939,3,1,0,-1,-1," -1",-1,201900041885,4,"8 MAI 1945 (CARR DU)",0,NULL,3,2,0,1,0,0,1,NULL,NULL,1,0,1,50
201900041885,13,5,2019,10:10:00,1,94,94068,2,7,1,3,"8 MAI 1945 (CARR DU)","48,8022300","2,4923800",201900041885,138 227 444,B01,3,1,0,2,1,1,0,NULL,201900041885,138 227 445,A01,2,2,1,2,1969,3,1,0,-1,-1," -1",-1,201900041885,4,"8 MAI 1945 (CARR DU)",0,NULL,3,2,0,1,0,0,1,NULL,NULL,1,0,1,50
201900043694,4,12,2019,18:50:00,5,27,27229,2,1,5,3,"DESMOULINS (RUE C. ET L.)","49,0303200","1,1792500",201900043694,138 224 011,B01,0,1,0,2,0,19,5,NULL,201900043694,138 224 011,B01,1,1,4,1,2003,9,8,0,-1,0,0,-1,201900043694,4,"DESMOULINS (RUE C. ET L.)",0,NULL,2,2,0,1,0,0,1,NULL,NULL,2,0,1,50
201900043694,4,12,2019,18:50:00,5,27,27229,2,1,5,3,"DESMOULINS (RUE C. ET L.)","49,0303200","1,1792500",201900043694,138 224 011,B01,0,1,0,2,0,19,5,NULL,201900043694,138 224 012,A01,1,1,1,1,1965,9,1,5,-1,0,0,-1,201900043694,4,"DESMOULINS (RUE C. ET L.)",0,NULL,2,2,0,1,0,0,1,NULL,NULL,2,0,1,50
201900045303,17,7,2019,14:30:00,1,86,86207,2,3,1,1,"carrefour de la rue des sarrazins et de l'avenue du Mal De Lattre de Tassigny","46,7887190","0,8076780",201900045303,138 220 900,B01,2,1,0,2,1,1,5,NULL,201900045303,138 220 900,B01,1,1,3,1,1967,4,0,-1,-1,0,0,-1,201900045303,3,725,NULL,NULL,-1,2,0,4,(1),700,1,NULL,NULL,1,0,1,50
201900045303,17,7,2019,14:30:00,1,86,86207,2,3,1,1,"carrefour de la rue des sarrazins et de l'avenue du Mal De Lattre de Tassigny","46,7887190","0,8076780",201900045303,138 220 900,B01,2,1,0,2,1,1,5,NULL,201900045303,138 220 901,A01,1,1,1,2,1945,5,8,-1,-1,0,0,-1,201900045303,3,725,NULL,NULL,-1,2,0,4,(1),700,1,NULL,NULL,1,0,1,50
201900046293,11,1,2019,09:20:00,1,51,51454,2,6,8,6,"CHEMIN SAINT LEONARD","49,2249200","4,0968200",201900046293,138 218 990,B01,3,1,0,2,0,0,0,NULL,201900046293,138 218 989,A01,1,1,1,1,1969,1,1,0,-1,-1,0,-1,201900046293,4,"CHEMIN SAINT LEONARD",0,NULL,2,2,0,1,1,0,2,NULL,NULL,2,0,1,50
201900046293,11,1,2019,09:20:00,1,51,51454,2,6,8,6,"CHEMIN SAINT LEONARD","49,2249200","4,0968200",201900046293,138 218 990,B01,3,1,0,2,0,0,0,NULL,201900046293,138 218 989,A01,2,2,1,2,1975,0,1,0,-1,-1,0,-1,201900046293,4,"CHEMIN SAINT LEONARD",0,NULL,2,2,0,1,1,0,2,NULL,NULL,2,0,1,50
201900046293,11,1,2019,09:20:00,1,51,51454,2,6,8,6,"CHEMIN SAINT LEONARD","49,2249200","4,0968200",201900046293,138 218 990,B01,3,1,0,2,0,0,0,NULL,201900046293,138 218 990,B01,1,1,4,1,1997,0,8,0,-1,-1,0,-1,201900046293,4,"CHEMIN SAINT LEONARD",0,NULL,2,2,0,1,1,0,2,NULL,NULL,2,0,1,50
201900046881,31,3,2019,16:55:00,1,49,49007,2,1,1,2,"LAC DE MAINE AVENUE","47,4603700"," -0,5966000",201900046881,138 217 855,B01,1,1,0,2,4,1,5,NULL,201900046881,138 217 855,B01,1,1,4,2,2014,5,8,0,-1,-1,0,-1,201900046881,4,"LAC DE MAINE AVENUE",0,NULL,2,-1,0,1,0,0,1,NULL,NULL,1,0,1,50
201900046881,31,3,2019,16:55:00,1,49,49007,2,1,1,2,"LAC DE MAINE AVENUE","47,4603700"," -0,5966000",201900046881,138 217 855,B01,1,1,0,2,4,1,5,NULL,201900046881,138 217 856,A01,1,1,1,1,1994,0,8,0,-1,-1,0,-1,201900046881,4,"LAC DE MAINE AVENUE",0,NULL,2,-1,0,1,0,0,1,NULL,NULL,1,0,1,50
201900047739,23,2,2019,19:05:00,5,75,75110,2,3,1,6,"BOULEVARD DE MAGENTA","48,8757790","2,3565200",201900047739,138 216 276,A01,2,1,0,1,0,1,5,NULL,201900047739,138 216 276,A01,1,1,1,1,1999,5,2,0,-1,0,0,-1,201900047739,4,"BOULEVARD DE MAGENTA",0,NULL,2,4,1,1,0,0,1,NULL,NULL,1,6,1,50
201900047739,23,2,2019,19:05:00,5,75,75110,2,3,1,6,"BOULEVARD DE MAGENTA","48,8757790","2,3565200",201900047739,138 216 276,A01,2,1,0,1,0,1,5,NULL,201900047739,138 216 276,A01,10,3,4,2,1963,5,8,0,-1,3,3,1,201900047739,4,"BOULEVARD DE MAGENTA",0,NULL,2,4,1,1,0,0,1,NULL,NULL,1,6,1,50
201900047970,2,11,2019,10:30:00,1,75,75109,2,5,1,6,"RUE DE ROCHECHOUART","48,8820100","2,3465948",201900047970,138 215 874,A01,2,1,0,1,1,1,5,NULL,201900047970,138 215 874,A01,10,3,4,1,1956,4,0,-1,-1,2,4,1,201900047970,4,"RUE DE ROCHECHOUART",0,NULL,1,1,-1,2,0,0,1,NULL,NULL,1,0,1,50
201900047970,2,11,2019,10:30:00,1,75,75109,2,5,1,6,"RUE DE ROCHECHOUART","48,8820100","2,3465948",201900047970,138 215 874,A01,2,1,0,1,1,1,5,NULL,201900047970,138 215 874,A01,1,1,1,1,1980,0,8,2,-1,0,0,-1,201900047970,4,"RUE DE ROCHECHOUART",0,NULL,1,1,-1,2,0,0,1,NULL,NULL,1,0,1,50
201900052821,25,5,2019,15:20:00,1,6,06068,1,1,1,7,"Route départementale 03","43,7175910","6,9717460",201900052821,138 206 714,A01,1,1,10,0,1,1,5,NULL,201900052821,138 206 714,A01,1,1,3,1,1957,5,0,-1,-1,0,0,-1,201900052821,3,03,NULL,NULL,2,2,0,1,25,700,1,NULL,NULL,1,0,8,80
201900054136,12,7,2019,00:05:00,5,74,74112,2,1,1,2,"Route de Bellegarde (Épagny)","45,9275110","6,0846750",201900054136,138 204 233,B01,1,1,0,2,4,2,5,NULL,201900054136,138 204 233,B01,1,1,2,1,1996,5,0,-1,-1,0,0,-1,201900054136,3,2508,0,D,2,2,1,1,0,120,1,NULL,NULL,1,2,1,50
201900054136,12,7,2019,00:05:00,5,74,74112,2,1,1,2,"Route de Bellegarde (Épagny)","45,9275110","6,0846750",201900054136,138 204 233,B01,1,1,0,2,4,2,5,NULL,201900054136,138 204 235,A01,2,2,1,1,1998,5,1,-1,-1,0,0,-1,201900054136,3,2508,0,D,2,2,1,1,0,120,1,NULL,NULL,1,2,1,50
201900054136,12,7,2019,00:05:00,5,74,74112,2,1,1,2,"Route de Bellegarde (Épagny)","45,9275110","6,0846750",201900054136,138 204 233,B01,1,1,0,2,4,2,5,NULL,201900054136,138 204 235,A01,1,1,1,1,1970,5,1,-1,-1,0,0,-1,201900054136,3,2508,0,D,2,2,1,1,0,120,1,NULL,NULL,1,2,1,50
201900054136,12,7,2019,00:05:00,5,74,74112,2,1,1,2,"Route de Bellegarde (Épagny)","45,9275110","6,0846750",201900054136,138 204 233,B01,1,1,0,2,4,2,5,NULL,201900054136,138 204 235,A01,9,2,1,1,1994,5,1,-1,-1,0,0,-1,201900054136,3,2508,0,D,2,2,1,1,0,120,1,NULL,NULL,1,2,1,50
201900054136,12,7,2019,00:05:00,5,74,74112,2,1,1,2,"Route de Bellegarde (Épagny)","45,9275110","6,0846750",201900054136,138 204 233,B01,1,1,0,2,4,2,5,NULL,201900054136,138 204 235,A01,7,2,1,1,2000,5,1,-1,-1,0,0,-1,201900054136,3,2508,0,D,2,2,1,1,0,120,1,NULL,NULL,1,2,1,50
201900056362,2,12,2019,11:30:00,1,75,75116,2,1,1,3,"AVENUE DE L HIPPODROME","48,8582110","2,2550270",201900056362,138 200 158,B01,2,1,0,2,7,5,5,NULL,201900056362,138 200 157,A01,1,1,1,1,1963,1,1,0,-1,0,0,-1,201900056362,4,"AVENUE DE L HIPPODROME",0,NULL,2,2,1,1,0,0,1,NULL,NULL,1,0,5,50
201900056362,2,12,2019,11:30:00,1,75,75116,2,1,1,3,"AVENUE DE L HIPPODROME","48,8582110","2,2550270",201900056362,138 200 158,B01,2,1,0,2,7,5,5,NULL,201900056362,138 200 158,B01,1,1,4,1,1975,1,2,8,-1,0,0,-1,201900056362,4,"AVENUE DE L HIPPODROME",0,NULL,2,2,1,1,0,0,1,NULL,NULL,1,0,5,50
201900010872,4,7,2019,09:10:00,1,75,75104,2,2,1,3,"BOULEVARD BEAUMARCHAIS","48,8540250","2,3689330",201900010872,138 286 278,B01,2,1,0,2,0,1,5,NULL,201900010872,138 286 277,A01,1,1,1,1,1969,4,1,0,-1,0,0,-1,201900010872,4,"BOULEVARD BEAUMARCHAIS",0,NULL,2,4,0,1,0,0,1,NULL,NULL,1,0,1,50
201900010872,4,7,2019,09:10:00,1,75,75104,2,2,1,3,"BOULEVARD BEAUMARCHAIS","48,8540250","2,3689330",201900010872,138 286 278,B01,2,1,0,2,0,1,5,NULL,201900010872,138 286 278,B01,1,1,4,2,1983,5,2,0,-1,0,0,-1,201900010872,4,"BOULEVARD BEAUMARCHAIS",0,NULL,2,4,0,1,0,0,1,NULL,NULL,1,0,1,50
201900011708,18,3,2019,16:50:00,1,86,86041,2,1,1,3,"SAINTE CROIX (RUE)","46,6000539","0,3520533",201900011708,138 284 681,B01,1,1,0,2,7,26,5,NULL,201900011708,138 284 680,A01,1,1,1,2,1958,9,1,0,-1,-1,0,-1,201900011708,4,"SAINTE CROIX (RUE)",0,NULL,2,2,0,1,0,0,1,NULL,NULL,1,0,1,50
201900011708,18,3,2019,16:50:00,1,86,86041,2,1,1,3,"SAINTE CROIX (RUE)","46,6000539","0,3520533",201900011708,138 284 681,B01,1,1,0,2,7,26,5,NULL,201900011708,138 284 681,B01,1,1,4,1,2008,2,8,0,-1,-1,0,-1,201900011708,4,"SAINTE CROIX (RUE)",0,NULL,2,2,0,1,0,0,1,NULL,NULL,1,0,1,50
201900012211,25,4,2019,12:30:00,1,94,94028,2,1,2,3,"CASALIS.(AVE DU DR PAUL)","48,7802400","2,4720400",201900012211,138 283 747,A01,1,1,0,2,1,15,0,NULL,201900012211,138 283 747,A01,1,1,4,1,1991,9,8,0,-1,-1,0,-1,201900012211,4,"CASALIS.(AVE DU DR PAUL)",0,NULL,2,2,0,1,0,0,1,NULL,NULL,2,5,2,50
201900012211,25,4,2019,12:30:00,1,94,94028,2,1,2,3,"CASALIS.(AVE DU DR PAUL)","48,7802400","2,4720400",201900012211,138 283 747,A01,1,1,0,2,1,15,0,NULL,201900012211,138 283 748,B01,1,1,1,2,1984,0,1,0,-1,-1," -1",-1,201900012211,4,"CASALIS.(AVE DU DR PAUL)",0,NULL,2,2,0,1,0,0,1,NULL,NULL,2,5,2,50
201900013353,12,9,2019,19:45:00,5,75,75104,2,1,1,3,"BOULEVARD DE SEBASTOPOL","48,8609600","2,3495750",201900013353,138 281 607,B01,1,1,0,2,2,1,5,NULL,201900013353,138 281 606,A01,1,1,1,1,1981,5,1,8,-1,0,0,-1,201900013353,4,"BOULEVARD DE SEBASTOPOL",0,NULL,3,4,1,1,0,0,1,NULL,NULL,1,0,5,50
201900013353,12,9,2019,19:45:00,5,75,75104,2,1,1,3,"BOULEVARD DE SEBASTOPOL","48,8609600","2,3495750",201900013353,138 281 607,B01,1,1,0,2,2,1,5,NULL,201900013353,138 281 607,B01,1,1,4,1,2001,2,8,2,-1,0,0,-1,201900013353,4,"BOULEVARD DE SEBASTOPOL",0,NULL,3,4,1,1,0,0,1,NULL,NULL,1,0,5,50
201900014979,17,3,2019,07:45:00,1,13,13005,2,6,1,3,"CD 2 (CAMP MAJOR)","43,2800000","5,5400000",201900014979,138 278 457,B01,1,1,0,2,1,1,5,NULL,201900014979,138 278 457,B01,1,1,4,1,1935,5,2,0,-1,-1," -1",-1,201900014979,3,2,0,NULL,2,2,0,1,0,0,1,NULL,NULL,1,9,1,50
201900014979,17,3,2019,07:45:00,1,13,13005,2,6,1,3,"CD 2 (CAMP MAJOR)","43,2800000","5,5400000",201900014979,138 278 457,B01,1,1,0,2,1,1,5,NULL,201900014979,138 278 458,A01,1,1,1,2,1952,5,1,0,-1,-1," -1",-1,201900014979,3,2,0,NULL,2,2,0,1,0,0,1,NULL,NULL,1,9,1,50
201900017020,2,2,2019,12:00:00,1,34,34172,2,2,2,3,"TOULOUSE (AVENUE DE","43,5973300","3,8642200",201900017020,138 274 595,B01,2,1,0,2,1,1,5,NULL,201900017020,138 274 595,B01,1,1,4,1,1990,0,8,0,-1,-1," -1",-1,201900017020,4,"TOULOUSE (AVENUE DE",0,NULL,2,4,0,1,(1),(1),1,NULL,NULL,2,0,1,50
201900017020,2,2,2019,12:00:00,1,34,34172,2,2,2,3,"TOULOUSE (AVENUE DE","43,5973300","3,8642200",201900017020,138 274 595,B01,2,1,0,2,1,1,5,NULL,201900017020,138 274 596,A01,1,1,1,1,1952,5,1,0,-1,-1," -1",-1,201900017020,4,"TOULOUSE (AVENUE DE",0,NULL,2,4,0,1,(1),(1),1,NULL,NULL,2,0,1,50
201900023898,13,11,2019,19:55:00,3,75,75116,2,2,1,5,"ROUTE DE LA PTE DAUPHINE A LA PTE DES SA","48,8749121","2,2711113",201900023898,138 261 443,A01,1,1,0,2,3,15,5,NULL,201900023898,138 261 442,B01,1,1,1,1,1989,5,1,0,-1,0,0,-1,201900023898,4,"ROUTE DE LA PTE DAUPHINE A LA PTE DES SA",0,NULL,2,4,0,1,0,0,1,NULL,NULL,1,0,1,50
201900023898,13,11,2019,19:55:00,3,75,75116,2,2,1,5,"ROUTE DE LA PTE DAUPHINE A LA PTE DES SA","48,8749121","2,2711113",201900023898,138 261 443,A01,1,1,0,2,3,15,5,NULL,201900023898,138 261 443,A01,1,1,4,2,1989,5,2,8,-1,0,0,-1,201900023898,4,"ROUTE DE LA PTE DAUPHINE A LA PTE DES SA",0,NULL,2,4,0,1,0,0,1,NULL,NULL,1,0,1,50
201900023898,13,11,2019,19:55:00,3,75,75116,2,2,1,5,"ROUTE DE LA PTE DAUPHINE A LA PTE DES SA","48,8749121","2,2711113",201900023898,138 261 443,A01,1,1,0,2,3,15,5,NULL,201900023898,138 261 444,C01,1,1,1,1,1971,0,2,6,-1,0,0,-1,201900023898,4,"ROUTE DE LA PTE DAUPHINE A LA PTE DES SA",0,NULL,2,4,0,1,0,0,1,NULL,NULL,1,0,1,50
201900024758,14,4,2019,17:00:00,1,67,67482,2,1,1,3,"TANCHE (RUE DE LA)","48,5968530","7,7889730",201900024758,138 259 758,B01,2,1,0,2,0,0,0,NULL,201900024758,138 259 758,B01,1,1,4,2,1965,0,8,0,-1,-1,0,-1,201900024758,4,"TANCHE (RUE DE LA)",0,NULL,2,2,0,1,0,0,1,NULL,NULL,1,0,1,50
201900025167,29,7,2019,19:20:00,1,93,93066,2,1,1,3,PROUDHON,"48,9064400","2,3643600",201900025167,138 258 997,B01,1,1,0,2,7,1,5,NULL,201900025167,138 258 997,B01,1,1,4,1,1982,1,8,0,-1,-1," -1",-1,201900025167,4,PROUDHON,0,NULL,2,2,0,1,0,1,1,NULL,NULL,1,0,1,50
201900025167,29,7,2019,19:20:00,1,93,93066,2,1,1,3,PROUDHON,"48,9064400","2,3643600",201900025167,138 258 997,B01,1,1,0,2,7,1,5,NULL,201900025167,138 258 998,A01,1,1,1,1,1984,0,1,0,-1,-1," -1",-1,201900025167,4,PROUDHON,0,NULL,2,2,0,1,0,1,1,NULL,NULL,1,0,1,50
201900026093,7,10,2019,14:19:00,1,17,17300,2,6,2,3,"CHAMP DE MARS   AVENUE DU","46,1690200"," -1,1501000",201900026093,138 257 207,B01,1,1,0,2,3,1,5,NULL,201900026093,138 257 207,B01,1,1,4,2,1991,5,8,0,-1,-1,0,-1,201900026093,4,"CHAMP DE MARS   AVENUE DU",0,NULL,1,1,1,1,0,0,2,NULL,NULL,2,0,1,30
201900026093,7,10,2019,14:19:00,1,17,17300,2,6,2,3,"CHAMP DE MARS   AVENUE DU","46,1690200"," -1,1501000",201900026093,138 257 207,B01,1,1,0,2,3,1,5,NULL,201900026093,138 257 208,A01,1,1,1,2,1944,5,1,0,-1,-1,0,-1,201900026093,4,"CHAMP DE MARS   AVENUE DU",0,NULL,1,1,1,1,0,0,2,NULL,NULL,2,0,1,30
201900029724,25,1,2019,15:20:00,1,75,75110,2,1,8,6,"RUE DU CHATEAU D EAU","48,8724800","2,3553820",201900029724,138 250 402,B01,1,1,0,1,2,1,5,NULL,201900029724,138 250 402,B01,1,1,1,1,1989,9,2,8,-1,0,0,-1,201900029724,4,"RUE DU CHATEAU D EAU",0,NULL,1,1,1,1,0,0,1,NULL,NULL,1,9,5,30
201900029724,25,1,2019,15:20:00,1,75,75110,2,1,8,6,"RUE DU CHATEAU D EAU","48,8724800","2,3553820",201900029724,138 250 402,B01,1,1,0,1,2,1,5,NULL,201900029724,138 250 402,B01,10,3,4,2,1982,5,8,0,-1,2,3,1,201900029724,4,"RUE DU CHATEAU D EAU",0,NULL,1,1,1,1,0,0,1,NULL,NULL,1,9,5,30
201900030159,27,6,2019,07:20:00,1,61,61145,2,3,7,3,"Rue Robert Massoul (Domfront)","48,5872254"," -0,6280341",201900030159,138 249 594,B01,3,1,0,2,3,1,5,NULL,201900030159,138 249 594,B01,1,1,3,1,2002,5,2,-1,-1,0,0,-1,201900030159,4,"RUE DE LA COSNIERE",NULL,NULL,2,2,0,2,(1),(1),1,NULL,NULL,1,0,1,50
201900030159,27,6,2019,07:20:00,1,61,61145,2,3,7,3,"Rue Robert Massoul (Domfront)","48,5872254"," -0,6280341",201900030159,138 249 594,B01,3,1,0,2,3,1,5,NULL,201900030159,138 249 594,B01,2,2,3,1,2003,5,2,-1,-1,0,0,-1,201900030159,4,"RUE DE LA COSNIERE",NULL,NULL,2,2,0,2,(1),(1),1,NULL,NULL,1,0,1,50
201900030159,27,6,2019,07:20:00,1,61,61145,2,3,7,3,"Rue Robert Massoul (Domfront)","48,5872254"," -0,6280341",201900030159,138 249 594,B01,3,1,0,2,3,1,5,NULL,201900030159,138 249 595,A01,1,1,1,1,1959,4,1,-1,-1,0,0,-1,201900030159,4,"RUE DE LA COSNIERE",NULL,NULL,2,2,0,2,(1),(1),1,NULL,NULL,1,0,1,50
201900031781,24,6,2019,18:10:00,1,12,12145,2,1,1,3,"AUMIERES (ROUTE DES)","44,1032380","3,0646683",201900031781,138 246 622,B01,3,1,0,2,8,19,5,NULL,201900031781,138 246 621,A01,1,1,1,1,1993,4,1,8,-1,0,0,-1,201900031781,4,"AUMIERES (ROUTE DES)",0,NULL,2,2,0,2,0,0,1,NULL,NULL,1,0,1,50
201900031781,24,6,2019,18:10:00,1,12,12145,2,1,1,3,"AUMIERES (ROUTE DES)","44,1032380","3,0646683",201900031781,138 246 622,B01,3,1,0,2,8,19,5,NULL,201900031781,138 246 622,B01,1,1,3,1,2012,5,8,-1,-1,-1," -1",-1,201900031781,4,"AUMIERES (ROUTE DES)",0,NULL,2,2,0,2,0,0,1,NULL,NULL,1,0,1,50
201900031814,25,6,2019,19:20:00,1,94,94046,2,1,1,6,"PROFESSEUR CADIOT (AV DU)","48,8060388","2,4300433",201900031814,138 246 562,B01,1,1,0,2,1,1,0,NULL,201900031814,138 246 560,A01,1,1,1,2,1970,5,1,0,-1,-1,0,-1,201900031814,3,6,0,NULL,2,4,0,1,0,0,1,NULL,NULL,1,0,1,50
201900031814,25,6,2019,19:20:00,1,94,94046,2,1,1,6,"PROFESSEUR CADIOT (AV DU)","48,8060388","2,4300433",201900031814,138 246 562,B01,1,1,0,2,1,1,0,NULL,201900031814,138 246 562,B01,1,1,4,1,1993,5,2,0,-1,-1,0,-1,201900031814,3,6,0,NULL,2,4,0,1,0,0,1,NULL,NULL,1,0,1,50
201900032889,14,12,2019,17:40:00,3,4,04197,1,4,1,2,"RD 4096 / Vieux ch de Manosque","43,8028210","5,7784700",201900032889,138 244 408,A01,1,1,0,2,4,15,5,NULL,201900032889,138 244 408,A01,1,1,4,1,1996,5,0,-1,-1,0,0,-1,201900032889,3,4096,0,NULL,2,2,0,1,7,300,1,NULL,NULL,1,0,1,80
201900032889,14,12,2019,17:40:00,3,4,04197,1,4,1,2,"RD 4096 / Vieux ch de Manosque","43,8028210","5,7784700",201900032889,138 244 408,A01,1,1,0,2,4,15,5,NULL,201900032889,138 244 409,B01,1,1,1,1,1948,5,1,-1,-1,0,0,-1,201900032889,3,4096,0,NULL,2,2,0,1,7,300,1,NULL,NULL,1,0,1,80