Num_Acc,jour,mois,an,hrmn,lum,dep,com,agg,int,atm,col,adr,lat,long,Num_Acc,id_vehicule,num_veh,senc,catv,obs,obsm,choc,manv,motor,occutc,Num_Acc,id_vehicule,num_veh,place,catu,grav,sexe,an_nais,trajet,secu1,secu2,secu3,locp,actp,etatp,Num_Acc,catr,voie,v1,v2,circ,nbv,vosp,prof,pr,pr1,plan,lartpc,larrout,surf,infra,situ,vma
201900032889,14,12,2019,17:40:00,3,4,04197,1,4,1,2,"RD 4096 / Vieux ch de Manosque","43,8028210","5,7784700",201900032889,138 244 408,A01,1,1,0,2,4,15,5,NULL,201900032889,138 244 409,B01,2,2,1,2,1940,5,1,-1,-1,0,0,-1,201900032889,3,4096,0,NULL,2,2,0,1,7,300,1,NULL,NULL,1,0,1,80
201900034892,7,11,2019,08:45:00,1,69,69383,2,1,2,6,"LACASSAGNE                          (AV)","45,7464500","4,8858800",201900034892,138 240 559,A01,2,1,1,1,1,1,6,NULL,201900034892,138 240 559,A01,10,3,4,2,2009,0,0,-1,-1,4,3,1,201900034892,4,"LACASSAGNE                          (AV)",0,NULL,2,3,1,1,1,0,1,NULL,NULL,2,6,1,50
201900034892,7,11,2019,08:45:00,1,69,69383,2,1,2,6,"LACASSAGNE                          (AV)","45,7464500","4,8858800",201900034892,138 240 559,A01,2,1,1,1,1,1,6,NULL,201900034892,138 240 559,A01,1,1,1,2,1992,1,8,0,-1,-1," -1",-1,201900034892,4,"LACASSAGNE                          (AV)",0,NULL,2,3,1,1,1,0,1,NULL,NULL,2,6,1,50
201900034898,7,11,2019,05:45:00,2,91,91345,2,1,2,2,"CANAL (RUE DU)","48,6961400","2,2893600",201900034898,138 240 549,A01,1,1,0,2,4,1,5,NULL,201900034898,138 240 549,A01,1,1,4,1,1991,1,8,0,-1,-1," -1",-1,201900034898,4,"CANAL (RUE DU)",0,NULL,2,2,0,1,0,0,1,NULL,NULL,2,0,1,50
201900037416,28,8,2019,11:10:00,1,54,54549,2,1,7,1,RD400,"48,6342210","6,3210050",201900037416,138 235 665,B01,2,1,0,2,1,1,0,NULL,201900037416,138 235 665,B01,1,1,3,1,1970,5,8,0,-1,0,0,-1,201900037416,3,400,0,NULL,2,2,0,1,1,0,1,NULL,NULL,1,0,1,50
201900037416,28,8,2019,11:10:00,1,54,54549,2,1,7,1,RD400,"48,6342210","6,3210050",201900037416,138 235 665,B01,2,1,0,2,1,1,0,NULL,201900037416,138 235 666,A01,1,1,1,2,1973,5,1,8,-1,-1,0,-1,201900037416,3,400,0,NULL,2,2,0,1,1,0,1,NULL,NULL,1,0,1,50
201900037861,21,7,2019,11:30:00,1,68,68142,1,1,1,1,"D5 B1","48,0745680","7,1351080",201900037861,138 234 832,B01,2,1,0,2,1,13,5,NULL,201900037861,138 234 832,B01,1,1,1,1,1978,5,0,-1,-1,0,0,-1,201900037861,3,5,2,NULL,2,2,0,2,7,800,3,NULL,NULL,1,0,1,80
201900037861,21,7,2019,11:30:00,1,68,68142,1,1,1,1,"D5 B1","48,0745680","7,1351080",201900037861,138 234 832,B01,2,1,0,2,1,13,5,NULL,201900037861,138 234 833,A01,1,1,4,1,1984,5,2,6,-1,0,0,-1,201900037861,3,5,2,NULL,2,2,0,2,7,800,3,NULL,NULL,1,0,1,80
201900039806,20,7,2019,19:45:00,1,35,35278,2,9,1,2,"ROBIQUETTE (ROND POINT DE LA)","48,1341100"," -1,6941700",201900039806,138 231 242,B01,3,1,0,2,0,0,5,NULL,201900039806,138 231 241,A01,1,1,1,1,1978,5,1,8,-1,-1,0,-1,201900039806,4,"ROBIQUETTE (ROND POINT DE LA)",0,NULL,2,0,0,1,0,0,2,NULL,NULL,1,0,1,50
201900039806,20,7,2019,19:45:00,1,35,35278,2,9,1,2,"ROBIQUETTE (ROND POINT DE LA)","48,1341100"," -1,6941700",201900039806,138 231 242,B01,3,1,0,2,0,0,5,NULL,201900039806,138 231 242,B01,1,1,4,1,1987,4,2,0,-1,-1," -1",-1,201900039806,4,"ROBIQUETTE (ROND POINT DE LA)",0,NULL,2,0,0,1,0,0,2,NULL,NULL,1,0,1,50
201900040098,26,5,2019,17:00:00,1,75,75109,2,3,8,3,"RUE LAFFITTE","48,8734060","2,3378110",201900040098,138 230 722,B01,1,1,0,2,1,1,5,NULL,201900040098,138 230 722,B01,1,1,4,1,1968,0,8,0,-1,0,0,-1,201900040098,4,"RUE LAFFITTE",0,NULL,1,1,0,1,0,0,1,NULL,NULL,1,0,1,50
201900040098,26,5,2019,17:00:00,1,75,75109,2,3,8,3,"RUE LAFFITTE","48,8734060","2,3378110",201900040098,138 230 722,B01,1,1,0,2,1,1,5,NULL,201900040098,138 230 723,A01,1,1,1,1,1945,5,8,0,-1,0,0,-1,201900040098,4,"RUE LAFFITTE",0,NULL,1,1,0,1,0,0,1,NULL,NULL,1,0,1,50
201900040098,26,5,2019,17:00:00,1,75,75109,2,3,8,3,"RUE LAFFITTE","48,8734060","2,3378110",201900040098,138 230 722,B01,1,1,0,2,1,1,5,NULL,201900040098,138 230 723,A01,2,2,1,2,1945,5,8,0,-1,0,0,-1,201900040098,4,"RUE LAFFITTE",0,NULL,1,1,0,1,0,0,1,NULL,NULL,1,0,1,50
201900040823,2,10,2019,08:50:00,1,44,44133,2,8,1,2,"Lieu dit La Gare","47,1172730"," -1,7388840",201900040823,138 229 403,B01,1,1,0,4,6,26,5,NULL,201900040823,138 229 403,B01,1,1,3,2,1999,1,0,-1,-1,0,0,-1,201900040823,3,64,0,NULL,2,2,0,1,9,980,1,NULL,NULL,1,4,6,50
201900040823,2,10,2019,08:50:00,1,44,44133,2,8,1,2,"Lieu dit La Gare","47,1172730"," -1,7388840",201900040823,138 229 403,B01,1,1,0,4,6,26,5,NULL,201900040823,138 229 404,A01,1,1,1,1,1973,4,8,-1,-1,0,0,-1,201900040823,3,64,0,NULL,2,2,0,1,9,980,1,NULL,NULL,1,4,6,50
201900041345,4,4,2019,09:50:00,1,75,75109,2,2,1,7,"RUE DE PROVENCE","48,8740360","2,3424240",201900041345,138 228 453,A01,1,1,0,0,1,1,5,NULL,201900041345,138 228 453,A01,1,1,4,1,1978,0,2,0,-1,0,0,-1,201900041345,4,"RUE DE PROVENCE",0,NULL,2,2,2,1,0,0,1,NULL,NULL,1,0,5,50
201900048464,20,8,2019,17:25:00,1,50,50416,1,1,1,1,"VAL AVRIL (RUE DU)","49,6556900"," -1,6994300",201900048464,138 214 930,A01,2,1,0,2,1,1,5,NULL,201900048464,138 214 929,B01,1,1,1,2,1997,0,8,0,-1,0,0,-1,201900048464,3,152,0,NULL,2,2,0,4,0,0,1,NULL,NULL,1,0,1,80
201900048464,20,8,2019,17:25:00,1,50,50416,1,1,1,1,"VAL AVRIL (RUE DU)","49,6556900"," -1,6994300",201900048464,138 214 930,A01,2,1,0,2,1,1,5,NULL,201900048464,138 214 930,A01,1,1,4,1,2002,1,8,0,-1,0,0,-1,201900048464,3,152,0,NULL,2,2,0,4,0,0,1,NULL,NULL,1,0,1,80
201900050330,24,8,2019,11:50:00,1,68,68126,1,3,1,3,"Rue de Bourgfelden","47,5656520","7,5342300",201900050330,138 211 494,B01,2,1,0,2,2,1,5,NULL,201900050330,138 211 494,B01,1,1,3,2,1945,5,0,-1,-1,0,0,-1,201900050330,3,469,NULL,NULL,2,2,0,1,4,500,1,NULL,NULL,1,0,1,80
201900050330,24,8,2019,11:50:00,1,68,68126,1,3,1,3,"Rue de Bourgfelden","47,5656520","7,5342300",201900050330,138 211 494,B01,2,1,0,2,2,1,5,NULL,201900050330,138 211 495,A01,1,1,1,1,1975,5,1,-1,-1,0,0,-1,201900050330,3,469,NULL,NULL,2,2,0,1,4,500,1,NULL,NULL,1,0,1,80
201900050453,31,3,2019,18:25:00,1,75,75107,2,2,1,3,"RUE DU BAC","48,8517100","2,3235220",201900050453,138 211 279,B01,1,1,0,2,8,1,5,NULL,201900050453,138 211 278,A01,1,1,1,1,1973,5,1,0,-1,0,0,-1,201900050453,4,"RUE DU BAC",0,NULL,1,1,0,1,0,0,1,NULL,NULL,1,0,1,30
201900050453,31,3,2019,18:25:00,1,75,75107,2,2,1,3,"RUE DU BAC","48,8517100","2,3235220",201900050453,138 211 279,B01,1,1,0,2,8,1,5,NULL,201900050453,138 211 279,B01,1,1,4,1,1943,5,2,0,-1,0,0,-1,201900050453,4,"RUE DU BAC",0,NULL,1,1,0,1,0,0,1,NULL,NULL,1,0,1,30
201900054452,24,5,2019,15:00:00,1,4,04138,1,3,1,3,"RD 4100 - La Tuiliere","43,9350620","5,8532810",201900054452,138 203 680,B01,2,1,0,2,3,15,5,NULL,201900054452,138 203 679,A01,1,1,1,2,1945,5,1,-1,-1,0,0,-1,201900054452,3,4100,NULL,NULL,2,2,0,1,34,450,1,NULL,NULL,1,0,1,80
201900054452,24,5,2019,15:00:00,1,4,04138,1,3,1,3,"RD 4100 - La Tuiliere","43,9350620","5,8532810",201900054452,138 203 680,B01,2,1,0,2,3,15,5,NULL,201900054452,138 203 680,B01,1,1,4,1,1952,5,2,-1,-1,0,0,-1,201900054452,3,4100,NULL,NULL,2,2,0,1,34,450,1,NULL,NULL,1,0,1,80
201900054782,18,2,2019,13:10:00,1,39,39132,1,2,1,3,NULL,"46,8275900","5,4673570",201900054782,138 203 111,A01,3,1,0,2,3,19,5,NULL,201900054782,138 203 111,A01,1,1,3,2,2003,5,2,-1,-1,0,0,-1,201900054782,3,1,NULL,NULL,2,2,0,1,4,435,1,NULL,NULL,1,0,1,80
201900054782,18,2,2019,13:10:00,1,39,39132,1,2,1,3,NULL,"46,8275900","5,4673570",201900054782,138 203 111,A01,3,1,0,2,3,19,5,NULL,201900054782,138 203 112,B01,1,1,1,2,1955,5,1,-1,-1,0,0,-1,201900054782,3,1,NULL,NULL,2,2,0,1,4,435,1,NULL,NULL,1,0,1,80
201900057005,9,7,2019,19:42:00,1,69,69386,2,2,1,1,"BELLECOMBE (DE)                     (R )","45,7637379","4,8637665",201900057005,138 198 968,A01,2,1,0,2,1,1,5,NULL,201900057005,138 198 968,A01,2,1,4,1,1976,1,8,0,-1,0,0,-1,201900057005,4,"BELLECOMBE (DE)                     (R )",0,NULL,1,1,0,1,0,0,1,NULL,NULL,1,0,1,50
201900057005,9,7,2019,19:42:00,1,69,69386,2,2,1,1,"BELLECOMBE (DE)                     (R )","45,7637379","4,8637665",201900057005,138 198 968,A01,2,1,0,2,1,1,5,NULL,201900057005,138 198 969,B01,1,1,1,2,1964,1,1,0,-1,0,0,-1,201900057005,4,"BELLECOMBE (DE)                     (R )",0,NULL,1,1,0,1,0,0,1,NULL,NULL,1,0,1,50
201900057560,17,2,2019,16:55:00,1,75,75103,2,7,1,6,"PLACE DE LA REPUBLIQUE","48,8673390","2,3633760",201900057560,138 197 954,A01,1,1,0,1,4,1,5,NULL,201900057560,138 197 954,A01,1,1,1,2,1999,5,2,0,-1,0,0,-1,201900057560,4,"PLACE DE LA REPUBLIQUE",0,NULL,2,6,1,1,0,0,1,NULL,NULL,1,5,1,50
201900057560,17,2,2019,16:55:00,1,75,75103,2,7,1,6,"PLACE DE LA REPUBLIQUE","48,8673390","2,3633760",201900057560,138 197 954,A01,1,1,0,1,4,1,5,NULL,201900057560,138 197 954,A01,10,3,4,2,1960,5,8,0,-1,4,3,1,201900057560,4,"PLACE DE LA REPUBLIQUE",0,NULL,2,6,1,1,0,0,1,NULL,NULL,1,5,1,50
201900057893,19,5,2019,15:25:00,1,67,67397,2,1,1,2,"33 rue de l' Hotel de Ville","48,3194230","7,7026290",201900057893,138 197 326,B01,1,1,0,2,1,4,5,NULL,201900057893,138 197 326,B01,1,1,4,1,1978,5,2,-1,-1,0,0,-1,201900057893,3,5,NULL,NULL,2,2,0,1,(1),(1),1,NULL,NULL,1,0,1,50
201900057893,19,5,2019,15:25:00,1,67,67397,2,1,1,2,"33 rue de l' Hotel de Ville","48,3194230","7,7026290",201900057893,138 197 326,B01,1,1,0,2,1,4,5,NULL,201900057893,138 197 327,A01,1,1,1,1,1976,5,1,-1,-1,0,0,-1,201900057893,3,5,NULL,NULL,2,2,0,1,(1),(1),1,NULL,NULL,1,0,1,50
201900009486,16,9,2019,13:30:00,1,36,36088,2,2,1,3,"RUE FERDINAND DE LESSEPS/RUE BASSE ST DENIS","46,9599830","1,9884280",201900009486,138 288 762,A01,1,1,0,2,1,19,5,NULL,201900009486,138 288 761,B01,1,1,1,1,1965,1,1,-1,-1,0,0,-1,201900009486,4,NULL,NULL,NULL,2,2,0,2,(1),(1),1,NULL,NULL,1,0,1,50
201900009486,16,9,2019,13:30:00,1,36,36088,2,2,1,3,"RUE FERDINAND DE LESSEPS/RUE BASSE ST DENIS","46,9599830","1,9884280",201900009486,138 288 762,A01,1,1,0,2,1,19,5,NULL,201900009486,138 288 762,A01,1,1,3,1,2008,2,0,-1,-1,0,0,-1,201900009486,4,NULL,NULL,NULL,2,2,0,2,(1),(1),1,NULL,NULL,1,0,1,50
201900009962,11,2,2019,18:55:00,3,59,59611,1,1,1,2,"rue d'ypres","50,6984610","3,0150710",201900009962,138 287 928,B01,1,1,0,0,4,2,5,NULL,201900009962,138 287 927,A01,1,1,1,2,1984,0,1,-1,-1,0,0,-1,201900009962,3,949,NULL,NULL,2,2,2,1,(1),(1),1,NULL,NULL,1,0,1,70
201900009962,11,2,2019,18:55:00,3,59,59611,1,1,1,2,"rue d'ypres","50,6984610","3,0150710",201900009962,138 287 928,B01,1,1,0,0,4,2,5,NULL,201900009962,138 287 928,B01,1,1,3,1,1999,5,0,-1,-1,0,0,-1,201900009962,3,949,NULL,NULL,2,2,2,1,(1),(1),1,NULL,NULL,1,0,1,70
201900010135,9,10,2019,11:10:00,1,22,22018,1,1,1,7,Kernevez,"48,6558630"," -3,2273610",201900010135,138 287 593,A01,3,1,0,0,0,13,5,NULL,201900010135,138 287 593,A01,1,1,2,1,1949,5,2,-1,-1,0,0,-1,201900010135,4,5,0,NULL,2,2,0,1,(1),(1),1,NULL,NULL,1,0,3,80
201900010384,19,4,2019,17:25:00,1,6,06027,2,1,1,6,"GARE AVENUE DE LA","43,6545542","7,1453120",201900010384,138 287 144,B01,1,1,0,2,8,3,5,NULL,201900010384,138 287 144,B01,1,1,2,1,1936,9,8,0,-1,0,0,-1,201900010384,7,"(2085)    GARE AVENUE DE LA",0,NULL,2,3,0,2,0,0,1,NULL,NULL,1,0,1,50
201900010384,19,4,2019,17:25:00,1,6,06027,2,1,1,6,"GARE AVENUE DE LA","43,6545542","7,1453120",201900010384,138 287 144,B01,1,1,0,2,8,3,5,NULL,201900010384,138 287 145,A01,1,1,1,2,1987,9,1,8,-1,0,0,-1,201900010384,7,"(2085)    GARE AVENUE DE LA",0,NULL,2,3,0,2,0,0,1,NULL,NULL,1,0,1,50
201900013899,21,4,2019,10:50:00,1,93,93008,2,3,1,3,"GROSLAY (CHEMIN DE) D20","48,9090075","2,4729310",201900013899,138 280 542,B01,3,1,0,2,8,15,5,NULL,201900013899,138 280 541,A01,1,1,1,1,1975,5,8,0,-1,0,0,-1,201900013899,3,20,0,NULL,3,2,0,1,1,0,1,NULL,NULL,1,0,1,50
201900013899,21,4,2019,10:50:00,1,93,93008,2,3,1,3,"GROSLAY (CHEMIN DE) D20","48,9090075","2,4729310",201900013899,138 280 542,B01,3,1,0,2,8,15,5,NULL,201900013899,138 280 542,B01,1,1,4,1,1974,5,8,0,-1,0,0,-1,201900013899,3,20,0,NULL,3,2,0,1,1,0,1,NULL,NULL,1,0,1,50
201900015617,15,10,2019,15:55:00,1,54,54395,2,4,8,3,"BRIAND (RUE ARISTIDE)","48,6820600","6,1649000",201900015617,138 277 285,B01,1,1,0,2,1,1,5,NULL,201900015617,138 277 284,A01,1,1,1,1,1967,0,1,0,-1,-1,0,-1,201900015617,4,"BRIAND (RUE ARISTIDE)",0,NULL,1,2,1,1,0,0,2,NULL,NULL,1,0,1,50
201900015617,15,10,2019,15:55:00,1,54,54395,2,4,8,3,"BRIAND (RUE ARISTIDE)","48,6820600","6,1649000",201900015617,138 277 285,B01,1,1,0,2,1,1,5,NULL,201900015617,138 277 285,B01,1,1,4,1,1995,0,2,-1,-1,-1,0,-1,201900015617,4,"BRIAND (RUE ARISTIDE)",0,NULL,1,2,1,1,0,0,2,NULL,NULL,1,0,1,50
201900020934,10,10,2019,14:30:00,1,92,92004,2,1,1,3,"ARGENTEUIL AV D'","48,9100729","2,2860891",201900020934,138 267 277,B01,3,1,0,2,1,1,5,NULL,201900020934,138 267 276,A01,1,1,1,2,1963,1,1,8,-1,-1,0,-1,201900020934,3,909,0,NULL,-1,2,0,1,0,0,1,NULL,NULL,1,0,1,50
201900020934,10,10,2019,14:30:00,1,92,92004,2,1,1,3,"ARGENTEUIL AV D'","48,9100729","2,2860891",201900020934,138 267 277,B01,3,1,0,2,1,1,5,NULL,201900020934,138 267 277,B01,1,1,4,1,1983,2,2,8,-1,-1,0,-1,201900020934,3,909,0,NULL,-1,2,0,1,0,0,1,NULL,NULL,1,0,1,50
201900028561,9,4,2019,17:45:00,1,17,17306,2,4,1,3,"HEDDE (AVENUE DANIEL)","45,6304600"," -1,0322400",201900028561,138 252 610,B01,1,1,0,2,8,1,0,NULL,201900028561,138 252 610,B01,1,1,4,1,1956,5,2,0,-1,-1," -1",-1,201900028561,4,"HEDDE (AVENUE DANIEL)",0,NULL,3,4,0,1,0,0,1,NULL,NULL,1,5,1,50
201900028561,9,4,2019,17:45:00,1,17,17306,2,4,1,3,"HEDDE (AVENUE DANIEL)","45,6304600"," -1,0322400",201900028561,138 252 610,B01,1,1,0,2,8,1,0,NULL,201900028561,138 252 611,A01,1,1,1,2,1949,5,1,0,-1,-1," -1",-1,201900028561,4,"HEDDE (AVENUE DANIEL)",0,NULL,3,4,0,1,0,0,1,NULL,NULL,1,5,1,50
201900030682,26,7,2019,18:30:00,1,75,75102,2,2,1,3,"RUE DU QUATRE SEPTEMBRE","48,8689211","2,3400825",201900030682,138 248 646,B01,2,1,0,2,6,1,5,NULL,201900030682,138 248 645,A01,1,1,1,1,1983,0,1,0,-1,0,0,-1,201900030682,4,"RUE DU QUATRE SEPTEMBRE",0,NULL,1,3,0,1,0,0,1,NULL,NULL,1,0,1,50
201900030682,26,7,2019,18:30:00,1,75,75102,2,2,1,3,"RUE DU QUATRE SEPTEMBRE","48,8689211","2,3400825",201900030682,138 248 646,B01,2,1,0,2,6,1,5,NULL,201900030682,138 248 646,B01,1,1,4,2,1995,0,2,0,-1,0,0,-1,201900030682,4,"RUE DU QUATRE SEPTEMBRE",0,NULL,1,3,0,1,0,0,1,NULL,NULL,1,0,1,50
201900031227,19,12,2019,20:15:00,3,79,79079,1,1,3,6,NULL,"46,9308100"," -0,8222440",201900031227,138 247 618,A01,1,1,0,0,0,1,5,NULL,201900031227,138 247 618,A01,1,1,4,1,1988,5,0,-1,-1,0,0,-1,201900031227,3,149,2,NULL,2,2,0,1,25,33,1,NULL,73,2,0,1,80
201900031864,4,9,2019,18:45:00,1,5,05010,2,1,1,3,Aiguebelle,"44,5253160","5,7723640",201900031864,138 246 469,B01,3,1,0,2,3,1,5,NULL,201900031864,138 246 468,A01,1,1,1,2,1974,4,1,-1,-1,0,0,-1,201900031864,4,NULL,NULL,NULL,2,2,0,3,(1),(1),4,NULL,NULL,1,0,1,50
201900031864,4,9,2019,18:45:00,1,5,05010,2,1,1,3,Aiguebelle,"44,5253160","5,7723640",201900031864,138 246 469,B01,3,1,0,2,3,1,5,NULL,201900031864,138 246 469,B01,1,1,3,1,2005,5,2,-1,-1,0,0,-1,201900031864,4,NULL,NULL,NULL,2,2,0,3,(1),(1),4,NULL,NULL,1,0,1,50
201900032799,27,5,2019,18:35:00,1,14,14118,2,1,1,3,"VENDEUVRE (QUAI)","49,1830300"," -0,3557900",201900032799,138 244 595,D01,2,1,0,2,9,1,5,NULL,201900032799,138 244 594,C01,1,1,1,1,1963,-1,1,-1,-1,0,0,-1,201900032799,4,NULL,NULL,NULL,2,-1,-1,1,(1),(1),1,NULL,NULL,1,0,1,-1
201900032799,27,5,2019,18:35:00,1,14,14118,2,1,1,3,"VENDEUVRE (QUAI)","49,1830300"," -0,3557900",201900032799,138 244 595,D01,2,1,0,2,9,1,5,NULL,201900032799,138 244 595,D01,1,1,3,1,2000,-1,0,-1,-1,0,0,-1,201900032799,4,NULL,NULL,NULL,2,-1,-1,1,(1),(1),1,NULL,NULL,1,0,1,-1
201900033471,24,6,2019,14:35:00,1,92,92012,2,1,1,2,"ANATOLE FRANCE (BOULEVARD) 1/4BIS","48,8505800","2,2362900",201900033471,138 243 300,A01,2,1,0,2,1,2,5,NULL,201900033471,138 243 300,A01,1,1,4,1,1982,5,2,8,-1,-1,0,-1,201900033471,4,"ANATOLE FRANCE (BOULEVARD) 1/4BIS",0,NULL,2,2,0,1,0,0,1,NULL,NULL,1,0,1,50
201900033471,24,6,2019,14:35:00,1,92,92012,2,1,1,2,"ANATOLE FRANCE (BOULEVARD) 1/4BIS","48,8505800","2,2362900",201900033471,138 243 300,A01,2,1,0,2,1,2,5,NULL,201900033471,138 243 301,B01,1,1,1,2,1961,5,1,8,-1,-1,0,-1,201900033471,4,"ANATOLE FRANCE (BOULEVARD) 1/4BIS",0,NULL,2,2,0,1,0,0,1,NULL,NULL,1,0,1,50
201900034791,13,12,2019,06:15:00,5,38,38544,2,2,2,3,"REPUBLIQUE(BD DE LA )","45,5230300","4,8720000",201900034791,138 240 773,A01,1,1,0,2,1,19,5,NULL,201900034791,138 240 772,B01,1,1,1,2,1998,1,1,0,-1,-1," -1",-1,201900034791,4,BOSON(RUE),0,NULL,1,1,0,1,0,0,1,NULL,NULL,2,5,1,50
201900034791,13,12,2019,06:15:00,5,38,38544,2,2,2,3,"REPUBLIQUE(BD DE LA )","45,5230300","4,8720000",201900034791,138 240 773,A01,1,1,0,2,1,19,5,NULL,201900034791,138 240 773,A01,1,1,4,1,2002,1,8,0,-1,-1," -1",-1,201900034791,4,BOSON(RUE),0,NULL,1,1,0,1,0,0,1,NULL,NULL,2,5,1,50
201900035422,17,1,2019,20:40:00,5,67,67482,2,3,1,3,"RACINE (AVENUE)","48,5920600","7,7042100",201900035422,138 239 513,B01,2,1,0,2,3,19,5,NULL,201900035422,138 239 513,B01,1,1,4,1,1987,1,8,8,-1,-1,0,-1,201900035422,4,"RACINE (AVENUE)",0,NULL,2,2,2,1,0,0,1,NULL,NULL,2,0,1,50
201900035422,17,1,2019,20:40:00,5,67,67482,2,3,1,3,"RACINE (AVENUE)","48,5920600","7,7042100",201900035422,138 239 513,B01,2,1,0,2,3,19,5,NULL,201900035422,138 239 514,A01,1,1,1,2,1998,0,1,8,-1,-1,0,-1,201900035422,4,"RACINE (AVENUE)",0,NULL,2,2,2,1,0,0,1,NULL,NULL,2,0,1,50
201900038369,19,6,2019,15:39:00,1,10,10387,2,1,1,3,"GAMBETTA (RUE)","48,2997500","4,0730100",201900038369,138 233 961,B01,3,1,0,2,1,19,5,NULL,201900038369,138 233 961,B01,1,1,4,1,2005,0,8,0,-1,-1," -1",-1,201900038369,4,"GAMBETTA (RUE)",0,NULL,2,4,0,1,0,0,1,NULL,NULL,1,0,1,50
201900038369,19,6,2019,15:39:00,1,10,10387,2,1,1,3,"GAMBETTA (RUE)","48,2997500","4,0730100",201900038369,138 233 961,B01,3,1,0,2,1,19,5,NULL,201900038369,138 233 962,A01,1,1,1,1,1963,0,1,0,-1,-1," -1",-1,201900038369,4,"GAMBETTA (RUE)",0,NULL,2,4,0,1,0,0,1,NULL,NULL,1,0,1,50
201900039270,27,8,2019,15:15:00,1,75,75120,2,3,1,7,"RUE DE MENILMONTANT","48,8687640","2,3900460",201900039270,138 232 258,A01,2,1,0,0,1,1,5,NULL,201900039270,138 232 258,A01,1,1,4,1,2004,5,2,0,-1,0,0,-1,201900039270,4,"RUE DE MENILMONTANT",0,NULL,1,2,0,2,0,0,1,NULL,NULL,1,0,1,30
201900043198,27,3,2019,13:50:00,1,67,67223,1,1,1,3,"RD 147","48,5027080","7,5669380",201900043198,138 224 939,B01,0,1,0,2,6,1,0,NULL,201900043198,138 224 939,B01,1,1,3,1,1981,5,2,-1,-1,0,0,-1,201900043198,3,147,0,D,2,2,0,1,0,0,2,NULL,NULL,1,0,1,80
201900043198,27,3,2019,13:50:00,1,67,67223,1,1,1,3,"RD 147","48,5027080","7,5669380",201900043198,138 224 939,B01,0,1,0,2,6,1,0,NULL,201900043198,138 224 940,A01,1,1,1,1,1985,4,1,-1,-1,0,0,-1,201900043198,3,147,0,D,2,2,0,1,0,0,2,NULL,NULL,1,0,1,80
201900044484,12,1,2019,16:15:00,1,24,24532,1,2,2,3,"moulin neuf","44,6691000","0,4653300",201900044484,138 222 492,A01,0,1,0,2,1,9,6,NULL,201900044484,138 222 492,A01,1,1,3,1,1945,5,0,-1,-1,0,0,-1,201900044484,3,107,NULL,NULL,2,2,0,2,46,311,1,NULL,NULL,2,5,1,80
201900044484,12,1,2019,16:15:00,1,24,24532,1,2,2,3,"moulin neuf","44,6691000","0,4653300",201900044484,138 222 492,A01,0,1,0,2,1,9,6,NULL,201900044484,138 222 493,B01,1,1,1,1,1983,1,1,-1,-1,0,0,-1,201900044484,3,107,NULL,NULL,2,2,0,2,46,311,1,NULL,NULL,2,5,1,80
201900044484,12,1,2019,16:15:00,1,24,24532,1,2,2,3,"moulin neuf","44,6691000","0,4653300",201900044484,138 222 492,A01,0,1,0,2,1,9,6,NULL,201900044484,138 222 493,B01,2,2,1,2,1983,5,1,-1,-1,0,0,-1,201900044484,3,107,NULL,NULL,2,2,0,2,46,311,1,NULL,NULL,2,5,1,80
201900049440,16,6,2019,03:05:00,5,44,44109,2,1,1,7,"BOULEVARD DE LA PRAIRIE AU DUC","47,2040100"," -1,5662300",201900049440,138 213 152,A01,1,1,0,0,0,0,5,NULL,201900049440,138 213 152,A01,1,1,4,2,1994,5,8,0,-1,0,0,-1,201900049440,4,NULL,0,NULL,2,0,0,1,1,0,1,NULL,NULL,1,0,1,50
201900052614,4,12,2019,17:15:00,2,7,07236,1,1,1,6,"route de St Victor","45,0927210","4,6337520",201900052614,138 207 117,B01,1,1,0,0,0,5,5,NULL,201900052614,138 207 116,A01,1,1,1,1,1962,1,8,-1,-1,0,0,-1,201900052614,3,532,0,NULL,2,2,0,2,25,600,2,NULL,NULL,1,0,1,80
201900052614,4,12,2019,17:15:00,2,7,07236,1,1,1,6,"route de St Victor","45,0927210","4,6337520",201900052614,138 207 117,B01,1,1,0,0,0,5,5,NULL,201900052614,138 207 117,B01,1,1,3,1,1956,5,2,-1,-1,0,0,-1,201900052614,3,532,0,NULL,2,2,0,2,25,600,2,NULL,NULL,1,0,1,80
201900054265,31,3,2019,14:35:00,1,1,01160,2,4,1,3,"Rue de Meyrin","46,2496315","6,1016653",201900054265,138 204 012,B01,0,1,0,2,5,2,5,NULL,201900054265,138 204 012,B01,1,1,4,1,1965,5,2,-1,-1,0,0,-1,201900054265,3,35,0,NULL,2,2,0,1,9,170,2,NULL,NULL,1,0,1,50
201900054265,31,3,2019,14:35:00,1,1,01160,2,4,1,3,"Rue de Meyrin","46,2496315","6,1016653",201900054265,138 204 012,B01,0,1,0,2,5,2,5,NULL,201900054265,138 204 013,A01,1,1,1,1,1981,5,1,-1,-1,0,0,-1,201900054265,3,35,0,NULL,2,2,0,1,9,170,2,NULL,NULL,1,0,1,50
201900054921,14,2,2019,19:05:00,5,69,69388,2,3,1,3,"PUISARD (DU)                        (R )","45,7228200","4,8774600",201900054921,138 202 807,B01,2,1,0,2,8,19,0,NULL,201900054921,138 202 806,A01,1,1,1,1,1950,0,8,0,-1,0,0,-1,201900054921,4,"PUISARD (DU)                        (R )",0,NULL,2,2,0,1,1,0,1,NULL,NULL,1,0,1,50