Num_Acc,jour,mois,an,hrmn,lum,dep,com,agg,int,atm,col,adr,lat,long,Num_Acc,id_vehicule,num_veh,senc,catv,obs,obsm,choc,manv,motor,occutc,Num_Acc,id_vehicule,num_veh,place,catu,grav,sexe,an_nais,trajet,secu1,secu2,secu3,locp,actp,etatp,Num_Acc,catr,voie,v1,v2,circ,nbv,vosp,prof,pr,pr1,plan,lartpc,larrout,surf,infra,situ,vma
201900054921,14,2,2019,19:05:00,5,69,69388,2,3,1,3,"PUISARD (DU)                        (R )","45,7228200","4,8774600",201900054921,138 202 807,B01,2,1,0,2,8,19,0,NULL,201900054921,138 202 807,B01,1,1,4,1,1999,4,8,0,-1,0,0,-1,201900054921,4,"PUISARD (DU)                        (R )",0,NULL,2,2,0,1,1,0,1,NULL,NULL,1,0,1,50
201900056666,13,6,2019,13:30:00,1,75,75116,2,7,1,3,"PLACE DU MARECHAL DE LATTRE DE TASSIGNY","48,8720810","2,2755300",201900056666,138 199 601,B01,3,1,0,2,4,1,5,NULL,201900056666,138 199 601,B01,1,1,4,2,1942,5,8,0,-1,0,0,-1,201900056666,4,"PLACE DU MARECHAL DE LATTRE DE TASSIGNY",0,NULL,1,1,0,1,0,0,1,NULL,NULL,1,0,1,50
201900056666,13,6,2019,13:30:00,1,75,75116,2,7,1,3,"PLACE DU MARECHAL DE LATTRE DE TASSIGNY","48,8720810","2,2755300",201900056666,138 199 601,B01,3,1,0,2,4,1,5,NULL,201900056666,138 199 604,A01,2,2,1,2,1985,5,1,8,-1,0,0,-1,201900056666,4,"PLACE DU MARECHAL DE LATTRE DE TASSIGNY",0,NULL,1,1,0,1,0,0,1,NULL,NULL,1,0,1,50
201900056666,13,6,2019,13:30:00,1,75,75116,2,7,1,3,"PLACE DU MARECHAL DE LATTRE DE TASSIGNY","48,8720810","2,2755300",201900056666,138 199 601,B01,3,1,0,2,4,1,5,NULL,201900056666,138 199 604,A01,1,1,1,2,1984,5,1,8,-1,0,0,-1,201900056666,4,"PLACE DU MARECHAL DE LATTRE DE TASSIGNY",0,NULL,1,1,0,1,0,0,1,NULL,NULL,1,0,1,50
201900056714,5,6,2019,17:00:00,1,75,75116,2,1,2,6,"RUE RAYNOUARD","48,8541480","2,2780790",201900056714,138 199 505,A01,0,1,1,0,2,14,5,NULL,201900056714,138 199 505,A01,1,1,4,1,1974,4,8,0,-1,0,0,-1,201900056714,4,"RUE RAYNOUARD",0,NULL,1,2,0,2,0,0,1,NULL,NULL,2,0,1,50
201900058345,15,10,2019,19:30:00,5,33,33063,2,1,3,3,"RUE JUDAIQUE","44,8409400"," -0,5909300",201900058345,138 196 531,B01,1,1,0,2,1,1,5,NULL,201900058345,138 196 530,A01,1,1,1,2,2001,0,8,0,-1,-1," -1",-1,201900058345,4,"RUE JUDAIQUE",0,NULL,1,2,1,1,0,0,1,NULL,NULL,2,0,5,30
201900058345,15,10,2019,19:30:00,5,33,33063,2,1,3,3,"RUE JUDAIQUE","44,8409400"," -0,5909300",201900058345,138 196 531,B01,1,1,0,2,1,1,5,NULL,201900058345,138 196 531,B01,1,1,4,1,1996,0,2,0,-1,-1," -1",-1,201900058345,4,"RUE JUDAIQUE",0,NULL,1,2,1,1,0,0,1,NULL,NULL,2,0,5,30
201900014707,20,11,2019,12:45:00,1,93,93007,2,3,1,3,"EMILE PALADHILE (RUE)","48,9380000","2,4680000",201900014707,138 278 961,B01,2,1,0,2,2,5,0,NULL,201900014707,138 278 960,A01,1,1,1,2,1979,5,1,0,-1,-1," -1",-1,201900014707,4,"EMILE PALADHILE (RUE)",0,NULL,1,1,0,1,2,410,1,NULL,NULL,1,0,1,50
201900014707,20,11,2019,12:45:00,1,93,93007,2,3,1,3,"EMILE PALADHILE (RUE)","48,9380000","2,4680000",201900014707,138 278 961,B01,2,1,0,2,2,5,0,NULL,201900014707,138 278 961,B01,1,1,4,2,1997,0,2,0,-1,-1," -1",-1,201900014707,4,"EMILE PALADHILE (RUE)",0,NULL,1,1,0,1,2,410,1,NULL,NULL,1,0,1,50
201900015169,12,9,2019,22:35:00,5,93,93045,2,4,1,3,"PARIS RUE DE","48,8810200","2,4201800",201900015169,138 278 112,B01,2,1,0,2,1,1,0,NULL,201900015169,138 278 112,B01,2,1,4,2,1988,0,8,0,-1,-1," -1",-1,201900015169,3,117,0,NULL,2,2,0,1,1,0,1,NULL,NULL,1,0,1,50
201900015169,12,9,2019,22:35:00,5,93,93045,2,4,1,3,"PARIS RUE DE","48,8810200","2,4201800",201900015169,138 278 112,B01,2,1,0,2,1,1,0,NULL,201900015169,138 278 113,A01,1,1,1,1,1998,0,1,0,-1,-1," -1",-1,201900015169,3,117,0,NULL,2,2,0,1,1,0,1,NULL,NULL,1,0,1,50
201900015675,5,10,2019,10:40:00,1,33,33063,2,3,1,3,"AVE DES QUARANTE JOURNAUX","44,8788900"," -0,5684390",201900015675,138 277 188,B01,0,1,0,2,1,9,5,NULL,201900015675,138 277 187,A01,1,1,1,1,2000,0,1,-1,-1,-1," -1",-1,201900015675,4,"AVE DES QUARANTE JOURNAUX",0,NULL,2,2,0,1,0,0,1,NULL,NULL,1,0,1,30
201900015675,5,10,2019,10:40:00,1,33,33063,2,3,1,3,"AVE DES QUARANTE JOURNAUX","44,8788900"," -0,5684390",201900015675,138 277 188,B01,0,1,0,2,1,9,5,NULL,201900015675,138 277 188,B01,2,1,4,1,2000,0,2,0,-1,-1," -1",-1,201900015675,4,"AVE DES QUARANTE JOURNAUX",0,NULL,2,2,0,1,0,0,1,NULL,NULL,1,0,1,30
201900017820,31,7,2019,08:20:00,1,49,49007,2,1,1,7,"PONTS DE CE","47,4509100"," -0,5374200",201900017820,138 273 093,A01,1,1,0,0,0,0,5,NULL,201900017820,138 273 093,A01,1,1,4,2,1968,1,2,8,-1,-1,0,-1,201900017820,4,"PONTS DE CE",0,NULL,2,2,0,1,0,0,1,NULL,NULL,1,0,1,60
201900017866,2,7,2019,14:10:00,1,75,75120,2,2,1,3,"RUE VITRUVE","48,8581300","2,4046450",201900017866,138 273 009,A01,2,1,0,2,0,1,5,NULL,201900017866,138 273 008,B01,1,1,1,1,1958,4,1,0,-1,0,0,-1,201900017866,4,"RUE VITRUVE",0,NULL,1,1,0,1,0,0,1,NULL,NULL,1,0,1,30
201900017866,2,7,2019,14:10:00,1,75,75120,2,2,1,3,"RUE VITRUVE","48,8581300","2,4046450",201900017866,138 273 009,A01,2,1,0,2,0,1,5,NULL,201900017866,138 273 009,A01,1,1,4,1,2000,5,2,0,-1,0,0,-1,201900017866,4,"RUE VITRUVE",0,NULL,1,1,0,1,0,0,1,NULL,NULL,1,0,1,30
201900019737,3,8,2019,00:08:00,5,75,75119,2,2,1,3,"BOULEVARD DE LA VILLETTE","48,8721169","2,3770365",201900019737,138 269 517,B01,2,1,0,2,1,1,5,NULL,201900019737,138 269 516,A01,1,1,1,1,1945,0,1,0,-1,0,0,-1,201900019737,4,"BOULEVARD DE LA VILLETTE",0,NULL,3,2,0,1,0,0,1,NULL,NULL,1,0,1,50
201900019737,3,8,2019,00:08:00,5,75,75119,2,2,1,3,"BOULEVARD DE LA VILLETTE","48,8721169","2,3770365",201900019737,138 269 517,B01,2,1,0,2,1,1,5,NULL,201900019737,138 269 517,B01,1,1,4,1,1983,0,2,0,-1,0,0,-1,201900019737,4,"BOULEVARD DE LA VILLETTE",0,NULL,3,2,0,1,0,0,1,NULL,NULL,1,0,1,50
201900020294,16,3,2019,16:10:00,1,10,10013,1,3,1,2,"RD 25","48,1840070","4,0546300",201900020294,138 268 462,B01,1,1,0,2,1,1,5,NULL,201900020294,138 268 461,A01,1,1,1,1,1932,5,1,-1,-1,0,0,-1,201900020294,3,25,NULL,NULL,2,2,0,1,7,500,1,NULL,NULL,1,0,1,80
201900020294,16,3,2019,16:10:00,1,10,10013,1,3,1,2,"RD 25","48,1840070","4,0546300",201900020294,138 268 462,B01,1,1,0,2,1,1,5,NULL,201900020294,138 268 462,B01,1,1,3,1,1946,5,2,-1,-1,0,0,-1,201900020294,3,25,NULL,NULL,2,2,0,1,7,500,1,NULL,NULL,1,0,1,80
201900021015,10,9,2019,12:25:00,1,75,75112,2,1,1,6,"RUE DU RENDEZ VOUS","48,8453800","2,4041110",201900021015,138 267 125,A01,1,1,0,1,1,1,5,NULL,201900021015,138 267 125,A01,10,3,4,1,1950,0,0,0,0,1,3,1,201900021015,4,"RUE DU RENDEZ VOUS",0,NULL,2,2,1,1,0,0,1,NULL,NULL,1,0,5,50
201900021015,10,9,2019,12:25:00,1,75,75112,2,1,1,6,"RUE DU RENDEZ VOUS","48,8453800","2,4041110",201900021015,138 267 125,A01,1,1,0,1,1,1,5,NULL,201900021015,138 267 125,A01,1,1,4,1,2006,5,2,8,-1,0,0,-1,201900021015,4,"RUE DU RENDEZ VOUS",0,NULL,2,2,1,1,0,0,1,NULL,NULL,1,0,5,50
201900021136,7,9,2019,22:49:00,5,63,63113,2,1,1,6,"JULIEN (AVENUE)","45,7755000","3,0820500",201900021136,138 266 897,B01,1,1,0,2,1,1,5,NULL,201900021136,138 266 896,A01,1,1,1,1,2001,0,1,0,-1,0,0,-1,201900021136,4,"JULIEN (AVENUE)",0,NULL,1,2,0,1,(1),(1),1,NULL,NULL,1,0,1,50
201900021136,7,9,2019,22:49:00,5,63,63113,2,1,1,6,"JULIEN (AVENUE)","45,7755000","3,0820500",201900021136,138 266 897,B01,1,1,0,2,1,1,5,NULL,201900021136,138 266 897,B01,1,1,3,1,1997,0,8,0,-1,-1," -1",-1,201900021136,4,"JULIEN (AVENUE)",0,NULL,1,2,0,1,(1),(1),1,NULL,NULL,1,0,1,50
201900022100,14,11,2019,14:25:00,1,37,37214,2,6,1,6,"HUGO (RUE VICTOR)","47,4100300","0,6674200",201900022100,138 264 998,B01,3,1,0,2,1,1,5,NULL,201900022100,138 264 997,A01,1,1,1,2,1951,5,1,0,-1,-1," -1",-1,201900022100,4,"HUGO (RUE VICTOR)",0,NULL,1,2,0,1,0,0,3,NULL,NULL,1,0,1,50
201900022100,14,11,2019,14:25:00,1,37,37214,2,6,1,6,"HUGO (RUE VICTOR)","47,4100300","0,6674200",201900022100,138 264 998,B01,3,1,0,2,1,1,5,NULL,201900022100,138 264 998,B01,1,1,4,2,1977,1,8,0,-1,-1," -1",-1,201900022100,4,"HUGO (RUE VICTOR)",0,NULL,1,2,0,1,0,0,3,NULL,NULL,1,0,1,50
201900022385,28,1,2019,12:50:00,1,11,11262,2,3,1,3,"MISTRAL (BOULEVARD FREDERIC)","43,1849600","3,0005800",201900022385,138 264 471,B01,1,1,0,2,7,19,5,NULL,201900022385,138 264 471,B01,1,1,4,1,1982,1,8,0,-1,0,0,-1,201900022385,4,"MISTRAL (BOULEVARD FREDERIC)",0,NULL,1,3,0,1,0,0,1,NULL,NULL,1,2,1,30
201900022385,28,1,2019,12:50:00,1,11,11262,2,3,1,3,"MISTRAL (BOULEVARD FREDERIC)","43,1849600","3,0005800",201900022385,138 264 471,B01,1,1,0,2,7,19,5,NULL,201900022385,138 264 472,A01,1,1,1,2,1967,0,8,0,-1,0,0,-1,201900022385,4,"MISTRAL (BOULEVARD FREDERIC)",0,NULL,1,3,0,1,0,0,1,NULL,NULL,1,2,1,30
201900023223,27,6,2019,15:40:00,1,68,68066,2,2,1,3,"INGERSHEIM (ROUTE D')","48,0845700","7,3423100",201900023223,138 262 849,B01,1,1,0,2,1,1,0,NULL,201900023223,138 262 848,A01,1,1,1,1,1989,4,1,8,-1,0,0,-1,201900023223,3,418,0,NULL,2,3,1,1,0,0,1,NULL,NULL,1,0,1,50
201900023223,27,6,2019,15:40:00,1,68,68066,2,2,1,3,"INGERSHEIM (ROUTE D')","48,0845700","7,3423100",201900023223,138 262 849,B01,1,1,0,2,1,1,0,NULL,201900023223,138 262 849,B01,1,1,2,2,1959,1,2,0,-1,-1," -1",-1,201900023223,3,418,0,NULL,2,3,1,1,0,0,1,NULL,NULL,1,0,1,50
201900025047,29,7,2019,11:25:00,1,56,56121,2,3,2,3,"Rue de l'Enclos du Port","47,7494400"," -3,3574600",201900025047,138 259 213,B01,1,1,0,2,0,1,5,NULL,201900025047,138 259 212,A01,1,1,1,1,1950,5,1,8,-1,0,0,-1,201900025047,4,"Rue de l'Enclos du Port",0,NULL,2,1,1,2,(1),(1),1,NULL,NULL,2,0,1,50
201900025047,29,7,2019,11:25:00,1,56,56121,2,3,2,3,"Rue de l'Enclos du Port","47,7494400"," -3,3574600",201900025047,138 259 213,B01,1,1,0,2,0,1,5,NULL,201900025047,138 259 213,B01,1,1,4,1,1988,5,8,0,-1,0,0,-1,201900025047,4,"Rue de l'Enclos du Port",0,NULL,2,1,1,2,(1),(1),1,NULL,NULL,2,0,1,50
201900026286,7,9,2019,16:45:00,1,42,42095,2,1,1,2,"BARGE (PLACE DE LA)","45,4006500","4,2902700",201900026286,138 256 825,A01,3,1,0,2,4,1,5,NULL,201900026286,138 256 824,B01,1,1,1,2,1981,5,1,0,-1,-1," -1",-1,201900026286,4,"BARGE (PLACE DE LA)",0,NULL,2,0,0,2,0,0,1,NULL,NULL,1,0,1,30
201900026286,7,9,2019,16:45:00,1,42,42095,2,1,1,2,"BARGE (PLACE DE LA)","45,4006500","4,2902700",201900026286,138 256 825,A01,3,1,0,2,4,1,5,NULL,201900026286,138 256 825,A01,1,1,3,1,2009,5,8,0,-1,-1," -1",-1,201900026286,4,"BARGE (PLACE DE LA)",0,NULL,2,0,0,2,0,0,1,NULL,NULL,1,0,1,30
201900027037,8,3,2019,15:30:00,1,976,97611,2,1,1,3,"mamoudzou centre-RP Passot quai colas (R"," -12,7772100","45,2318500",201900027037,138 255 472,B01,2,1,0,6,0,0,0,NULL,201900027037,138 255 472,B01,1,1,4,1,1969,9,2,8,-1,-1,0,-1,201900027037,2,2,0,NULL,2,2,0,1,0,0,1,NULL,NULL,1,0,1,50
201900027037,8,3,2019,15:30:00,1,976,97611,2,1,1,3,"mamoudzou centre-RP Passot quai colas (R"," -12,7772100","45,2318500",201900027037,138 255 472,B01,2,1,0,6,0,0,0,NULL,201900027037,138 255 473,A01,1,1,1,1,1971,0,1,0,-1,-1,0,-1,201900027037,2,2,0,NULL,2,2,0,1,0,0,1,NULL,NULL,1,0,1,50
201900027333,24,5,2019,10:00:00,1,50,50129,2,1,1,3,"PARIS (AVENUE DE)","49,6293200"," -1,6181000",201900027333,138 254 877,B01,1,1,1,0,1,1,5,NULL,201900027333,138 254 877,B01,1,1,4,1,2000,5,2,0,-1,-1,0,-1,201900027333,4,"PARIS (AVENUE DE)",0,NULL,2,2,0,1,0,0,1,NULL,NULL,1,0,3,50
201900027333,24,5,2019,10:00:00,1,50,50129,2,1,1,3,"PARIS (AVENUE DE)","49,6293200"," -1,6181000",201900027333,138 254 877,B01,1,1,1,0,1,1,5,NULL,201900027333,138 254 878,A01,1,1,1,1,1952,5,1,0,-1,-1,0,-1,201900027333,4,"PARIS (AVENUE DE)",0,NULL,2,2,0,1,0,0,1,NULL,NULL,1,0,3,50
201900027342,21,5,2019,09:50:00,1,49,49328,2,6,1,3,"RESISTANCE (PLACE DE LA) N 147","47,2672900"," -0,0699900",201900027342,138 254 865,B01,2,1,0,2,1,1,5,NULL,201900027342,138 254 864,A01,1,1,1,2,1957,5,1,0,-1,-1,0,-1,201900027342,4,"RESISTANCE (PLACE DE LA) N 147",0,NULL,1,1,0,1,0,0,2,NULL,NULL,1,0,1,50
201900027342,21,5,2019,09:50:00,1,49,49328,2,6,1,3,"RESISTANCE (PLACE DE LA) N 147","47,2672900"," -0,0699900",201900027342,138 254 865,B01,2,1,0,2,1,1,5,NULL,201900027342,138 254 865,B01,1,1,4,1,1950,5,8,0,-1,-1,0,-1,201900027342,4,"RESISTANCE (PLACE DE LA) N 147",0,NULL,1,1,0,1,0,0,2,NULL,NULL,1,0,1,50
201900029143,2,5,2019,16:20:00,1,38,38421,1,1,1,6,"HUIT MAI 45 (AVENUE DU 8)","45,1711200","5,7569300",201900029143,138 251 537,B01,3,1,0,2,7,19,5,NULL,201900029143,138 251 537,B01,1,1,4,1,2007,0,8,0,-1,-1," -1",-1,201900029143,4,"HUIT MAI 45 (AVENUE DU 8)",0,NULL,2,2,0,1,0,0,1,NULL,NULL,1,0,1,30
201900029143,2,5,2019,16:20:00,1,38,38421,1,1,1,6,"HUIT MAI 45 (AVENUE DU 8)","45,1711200","5,7569300",201900029143,138 251 537,B01,3,1,0,2,7,19,5,NULL,201900029143,138 251 538,A01,1,1,1,1,1963,0,1,0,-1,-1," -1",-1,201900029143,4,"HUIT MAI 45 (AVENUE DU 8)",0,NULL,2,2,0,1,0,0,1,NULL,NULL,1,0,1,30
201900030954,25,4,2019,22:15:00,5,33,33550,2,3,1,2,"RTE DE TOULOUSE","44,8031700"," -0,5715500",201900030954,138 248 139,A01,1,1,0,0,4,1,5,NULL,201900030954,138 248 139,A01,1,1,4,2,1997,0,8,0,-1,-1," -1",-1,201900030954,4,"RTE DE TOULOUSE",0,NULL,2,2,0,1,0,0,1,NULL,NULL,1,0,1,50
201900030954,25,4,2019,22:15:00,5,33,33550,2,3,1,2,"RTE DE TOULOUSE","44,8031700"," -0,5715500",201900030954,138 248 139,A01,1,1,0,0,4,1,5,NULL,201900030954,138 248 140,B01,1,1,4,1,2001,4,2,4,-1,-1," -1",-1,201900030954,4,"RTE DE TOULOUSE",0,NULL,2,2,0,1,0,0,1,NULL,NULL,1,0,1,50
201900031165,9,11,2019,14:45:00,1,68,68088,1,6,1,3,"route départementale D429","47,8480560","7,2788890",201900031165,138 247 733,B01,1,1,0,2,1,1,5,NULL,201900031165,138 247 732,A01,1,1,1,2,1991,0,1,-1,-1,0,0,-1,201900031165,3,429,0,NULL,2,2,0,1,44,500,1,NULL,NULL,1,0,1,80
201900031165,9,11,2019,14:45:00,1,68,68088,1,6,1,3,"route départementale D429","47,8480560","7,2788890",201900031165,138 247 733,B01,1,1,0,2,1,1,5,NULL,201900031165,138 247 733,B01,1,1,3,1,1954,0,0,-1,-1,0,0,-1,201900031165,3,429,0,NULL,2,2,0,1,44,500,1,NULL,NULL,1,0,1,80
201900031906,4,9,2019,17:25:00,1,84,84138,1,1,1,2,"Route de Richerenches","44,3734680","4,9369510",201900031906,138 246 388,B01,1,1,0,2,4,1,5,NULL,201900031906,138 246 388,B01,1,1,3,1,1959,5,2,-1,-1,0,0,-1,201900031906,3,18,0,NULL,2,2,0,1,4,500,1,NULL,NULL,1,0,1,80
201900031906,4,9,2019,17:25:00,1,84,84138,1,1,1,2,"Route de Richerenches","44,3734680","4,9369510",201900031906,138 246 388,B01,1,1,0,2,4,1,5,NULL,201900031906,138 246 389,A01,1,1,1,1,1981,1,1,-1,-1,0,0,-1,201900031906,3,18,0,NULL,2,2,0,1,4,500,1,NULL,NULL,1,0,1,80
201900033381,24,6,2019,21:23:00,1,59,59350,2,2,1,6,"FAUBOURG DE DOUAI N°1-81/2-140","50,6131200","3,0750100",201900033381,138 243 467,B01,1,1,0,2,0,0,5,NULL,201900033381,138 243 467,B01,1,1,3,2,1961,5,8,0,-1,-1,0,-1,201900033381,7,917,0,NULL,2,2,1,1,0,0,1,NULL,NULL,1,5,1,50
201900035345,18,1,2019,12:50:00,1,974,97416,2,1,1,3,"MERMOZ (ALLEE)"," -21,3300700","55,4737600",201900035345,138 239 680,A01,3,1,0,2,1,16,5,NULL,201900035345,138 239 679,B01,1,1,1,1,1984,5,1,0,-1,-1," -1",-1,201900035345,4,"MERMOZ (ALLEE)",0,NULL,1,1,0,2,0,0,1,NULL,NULL,1,0,1,50
201900035345,18,1,2019,12:50:00,1,974,97416,2,1,1,3,"MERMOZ (ALLEE)"," -21,3300700","55,4737600",201900035345,138 239 680,A01,3,1,0,2,1,16,5,NULL,201900035345,138 239 680,A01,1,1,4,1,1985,5,8,0,-1,-1," -1",-1,201900035345,4,"MERMOZ (ALLEE)",0,NULL,1,1,0,2,0,0,1,NULL,NULL,1,0,1,50
201900039180,27,8,2019,12:35:00,1,24,24037,2,1,1,6,"QUAI DE LA PELOUSE","44,8481300","0,4807700",201900039180,138 232 436,B01,0,1,1,0,1,1,5,NULL,201900039180,138 232 436,B01,1,1,3,1,1961,5,8,0,-1,-1,0,-1,201900039180,4,NULL,0,NULL,2,2,0,1,0,0,1,NULL,NULL,1,0,1,50
201900039180,27,8,2019,12:35:00,1,24,24037,2,1,1,6,"QUAI DE LA PELOUSE","44,8481300","0,4807700",201900039180,138 232 436,B01,0,1,1,0,1,1,5,NULL,201900039180,138 232 437,A01,1,1,1,2,1958,5,8,0,-1,-1,0,-1,201900039180,4,NULL,0,NULL,2,2,0,1,0,0,1,NULL,NULL,1,0,1,50
201900041997,10,5,2019,09:00:00,1,94,94018,2,3,1,3,"PARIS (R DE)","48,8214429","2,4138524",201900041997,138 227 232,B01,2,1,0,2,7,15,0,NULL,201900041997,138 227 232,B01,1,1,4,1,1987,1,8,0,-1,0,0,-1,201900041997,3,6,0,B,1,2,0,1,73,0,1,NULL,NULL,1,0,1,30
201900041997,10,5,2019,09:00:00,1,94,94018,2,3,1,3,"PARIS (R DE)","48,8214429","2,4138524",201900041997,138 227 232,B01,2,1,0,2,7,15,0,NULL,201900041997,138 227 233,A01,1,1,1,1,1988,2,1,8,-1,-1," -1",-1,201900041997,3,6,0,B,1,2,0,1,73,0,1,NULL,NULL,1,0,1,30
201900045028,28,3,2019,20:15:00,3,88,88160,1,1,1,3,"LIEU DIT LES 4 VENTS","48,1306580","6,4328550",201900045028,138 221 439,A01,2,1,0,2,9,1,0,NULL,201900045028,138 221 439,A01,1,1,3,1,1963,3,0,-1,-1,0,0,-1,201900045028,3,434,NULL,NULL,2,2,0,2,32,500,1,NULL,NULL,1,0,1,80
201900045028,28,3,2019,20:15:00,3,88,88160,1,1,1,3,"LIEU DIT LES 4 VENTS","48,1306580","6,4328550",201900045028,138 221 439,A01,2,1,0,2,9,1,0,NULL,201900045028,138 221 440,B01,1,1,1,1,1971,5,1,-1,-1,0,0,-1,201900045028,3,434,NULL,NULL,2,2,0,2,32,500,1,NULL,NULL,1,0,1,80
201900046365,10,1,2019,08:13:00,5,29,29232,2,6,9,3,"PONTIGOU RUE DU","48,0021800"," -4,1140460",201900046365,138 218 856,B01,3,1,0,2,1,2,5,NULL,201900046365,138 218 856,B01,1,1,3,2,1963,1,8,8,-1,-1,0,-1,201900046365,4,"PONTIGOU RUE DU",0,NULL,2,2,0,4,0,0,1,NULL,NULL,1,5,1,50
201900046365,10,1,2019,08:13:00,5,29,29232,2,6,9,3,"PONTIGOU RUE DU","48,0021800"," -4,1140460",201900046365,138 218 856,B01,3,1,0,2,1,2,5,NULL,201900046365,138 218 857,A01,2,2,1,1,2005,0,1,0,-1,0,0,-1,201900046365,4,"PONTIGOU RUE DU",0,NULL,2,2,0,4,0,0,1,NULL,NULL,1,5,1,50
201900046365,10,1,2019,08:13:00,5,29,29232,2,6,9,3,"PONTIGOU RUE DU","48,0021800"," -4,1140460",201900046365,138 218 856,B01,3,1,0,2,1,2,5,NULL,201900046365,138 218 857,A01,1,1,1,1,1978,2,1,0,-1,0,0,-1,201900046365,4,"PONTIGOU RUE DU",0,NULL,2,2,0,4,0,0,1,NULL,NULL,1,5,1,50
201900046795,2,4,2019,09:40:00,1,70,70258,2,6,1,3,"Avenue de la Vallée du Breuchin","47,8250750","6,4119550",201900046795,138 218 040,B01,1,1,0,2,1,1,5,NULL,201900046795,138 218 040,B01,1,1,3,1,1955,5,2,-1,-1,0,0,-1,201900046795,3,6,NULL,NULL,2,2,0,1,45,800,1,NULL,NULL,1,9,1,50
201900046795,2,4,2019,09:40:00,1,70,70258,2,6,1,3,"Avenue de la Vallée du Breuchin","47,8250750","6,4119550",201900046795,138 218 040,B01,1,1,0,2,1,1,5,NULL,201900046795,138 218 041,A01,1,1,1,2,1943,5,1,-1,-1,0,0,-1,201900046795,3,6,NULL,NULL,2,2,0,1,45,800,1,NULL,NULL,1,9,1,50
201900049169,5,12,2019,18:00:00,5,69,69382,2,2,5,3,"SEGUIN                              (R )","45,7459900","4,8227600",201900049169,138 213 650,B01,2,1,0,2,1,5,6,NULL,201900049169,138 213 650,B01,1,1,4,1,1999,4,8,0,-1,-1," -1",-1,201900049169,4,"SEGUIN                              (R )",0,NULL,2,2,1,1,0,0,1,NULL,NULL,1,0,1,50
201900049169,5,12,2019,18:00:00,5,69,69382,2,2,5,3,"SEGUIN                              (R )","45,7459900","4,8227600",201900049169,138 213 650,B01,2,1,0,2,1,5,6,NULL,201900049169,138 213 651,A01,1,1,1,1,1973,1,1,0,-1,-1," -1",-1,201900049169,4,"SEGUIN                              (R )",0,NULL,2,2,1,1,0,0,1,NULL,NULL,1,0,1,50
201900053122,18,2,2019,07:25:00,2,31,31555,2,1,1,3,"AV YVES BRUNAUD","43,6170800","1,4656400",201900053122,138 206 142,B01,1,1,0,2,1,1,5,NULL,201900053122,138 206 142,B01,1,1,4,1,1986,1,2,0,-1,-1,0,-1,201900053122,3,112,0,NULL,3,4,1,1,0,0,1,NULL,NULL,1,0,1,50
201900053122,18,2,2019,07:25:00,2,31,31555,2,1,1,3,"AV YVES BRUNAUD","43,6170800","1,4656400",201900053122,138 206 142,B01,1,1,0,2,1,1,5,NULL,201900053122,138 206 143,A01,1,1,1,2,1994,1,1,0,-1,-1,0,-1,201900053122,3,112,0,NULL,3,4,1,1,0,0,1,NULL,NULL,1,0,1,50
201900056070,16,8,2019,19:25:00,1,49,49267,2,1,1,6,PELLERINIERE,"47,4581400"," -0,4829000",201900056070,138 200 681,B01,1,1,0,2,4,6,5,NULL,201900056070,138 200 680,A01,1,1,1,2,1969,0,1,8,-1,-1," -1",-1,201900056070,4,PELLERINIERE,0,NULL,2,2,0,1,0,0,1,NULL,NULL,1,0,1,60
201900056070,16,8,2019,19:25:00,1,49,49267,2,1,1,6,PELLERINIERE,"47,4581400"," -0,4829000",201900056070,138 200 681,B01,1,1,0,2,4,6,5,NULL,201900056070,138 200 681,B01,1,1,4,2,1979,0,8,0,-1,-1,0,-1,201900056070,4,PELLERINIERE,0,NULL,2,2,0,1,0,0,1,NULL,NULL,1,0,1,60
201900056479,12,2,2019,10:35:00,1,39,39300,2,1,1,2,NULL,"46,6767100","5,5597100",201900056479,138 199 938,B01,2,1,0,2,8,1,5,NULL,201900056479,138 199 938,B01,1,1,4,2,1946,5,2,0,-1,-1," -1",-1,201900056479,4,"Avenue Paul Seguin",0,NULL,2,3,0,2,0,0,1,NULL,NULL,1,0,1,50
201900056479,12,2,2019,10:35:00,1,39,39300,2,1,1,2,NULL,"46,6767100","5,5597100",201900056479,138 199 938,B01,2,1,0,2,8,1,5,NULL,201900056479,138 199 948,A01,1,1,1,1,1945,5,1,8,-1,-1," -1",-1,201900056479,4,"Avenue Paul Seguin",0,NULL,2,3,0,2,0,0,1,NULL,NULL,1,0,1,50
201900056733,15,2,2019,15:51:00,1,10,10387,2,1,1,7,"EDOUARD VAILLANT (RUE)","48,2764000","4,0800000",201900056733,138 199 470,A01,1,1,0,0,0,1,5,NULL,201900056733,138 199 470,A01,1,1,4,1,1980,9,8,0,-1,-1," -1",-1,201900056733,4,"EDOUARD VAILLANT (RUE)",0,NULL,2,2,0,4,0,0,1,NULL,NULL,1,0,1,50
201900058311,20,9,2019,15:25:00,1,17,17209,2,2,1,3,"Rue de Marignan","45,5949760"," -0,3933520",201900058311,138 196 607,A01,1,1,0,2,2,1,5,NULL,201900058311,138 196 602,B01,1,1,1,1,2000,1,1,-1,-1,0,0,-1,201900058311,3,128,NULL,NULL,2,2,0,1,40,600,1,NULL,NULL,1,0,1,50