Num_Acc,jour,mois,an,hrmn,lum,dep,com,agg,int,atm,col,adr,lat,long,Num_Acc,id_vehicule,num_veh,senc,catv,obs,obsm,choc,manv,motor,occutc,Num_Acc,id_vehicule,num_veh,place,catu,grav,sexe,an_nais,trajet,secu1,secu2,secu3,locp,actp,etatp,Num_Acc,catr,voie,v1,v2,circ,nbv,vosp,prof,pr,pr1,plan,lartpc,larrout,surf,infra,situ,vma
201900058311,20,9,2019,15:25:00,1,17,17209,2,2,1,3,"Rue de Marignan","45,5949760"," -0,3933520",201900058311,138 196 607,A01,1,1,0,2,2,1,5,NULL,201900058311,138 196 607,A01,1,1,3,1,1951,5,2,-1,-1,0,0,-1,201900058311,3,128,NULL,NULL,2,2,0,1,40,600,1,NULL,NULL,1,0,1,50
201900058367,24,10,2019,08:30:00,1,31,31555,2,1,1,3,"BD DELACOURTIE","43,5841000","1,4488500",201900058367,138 196 498,B01,0,1,0,2,3,1,5,NULL,201900058367,138 196 498,B01,1,1,4,2,1968,1,2,8,-1,-1," -1",-1,201900058367,4,NULL,0,NULL,-1,2,0,1,0,0,1,NULL,NULL,1,0,1,50
201900058367,24,10,2019,08:30:00,1,31,31555,2,1,1,3,"BD DELACOURTIE","43,5841000","1,4488500",201900058367,138 196 498,B01,0,1,0,2,3,1,5,NULL,201900058367,138 196 499,A01,1,1,1,1,1974,1,1,8,-1,-1," -1",-1,201900058367,4,NULL,0,NULL,-1,2,0,1,0,0,1,NULL,NULL,1,0,1,50
201900058456,31,5,2019,19:25:00,1,73,73008,2,4,1,3,"D1201 ROOSEVELT FRANKLIN AVENUE","45,7013270","5,9091103",201900058456,138 196 322,B01,2,1,0,2,1,18,5,NULL,201900058456,138 196 321,A01,1,1,1,1,1963,1,1,0,-1,0,0,-1,201900058456,3,1201,0,NULL,3,2,2,1,18,900,1,NULL,NULL,1,0,1,50
201900058456,31,5,2019,19:25:00,1,73,73008,2,4,1,3,"D1201 ROOSEVELT FRANKLIN AVENUE","45,7013270","5,9091103",201900058456,138 196 322,B01,2,1,0,2,1,18,5,NULL,201900058456,138 196 322,B01,1,1,3,1,1972,0,2,0,-1,0,0,-1,201900058456,3,1201,0,NULL,3,2,2,1,18,900,1,NULL,NULL,1,0,1,50
201900011319,17,12,2019,23:40:00,5,75,75113,2,3,1,6,"AVENUE DES GOBELINS","48,8349060","2,3531770",201900011319,138 285 468,A01,1,1,0,2,6,15,5,NULL,201900011319,138 285 468,A01,1,1,4,2,1992,0,2,8,-1,0,0,-1,201900011319,4,"AVENUE DES GOBELINS",0,NULL,2,4,0,2,0,0,1,NULL,NULL,1,0,1,50
201900019604,30,6,2019,09:45:00,1,68,68178,1,1,1,7,"RD 430","47,9400800","7,1484900",201900019604,138 269 782,A01,1,1,0,0,0,2,0,NULL,201900019604,138 269 782,A01,1,1,4,1,1971,5,2,-1,-1,0,0,-1,201900019604,3,430,0,D,2,2,0,2,21,263,1,NULL,NULL,1,0,1,80
201900024524,8,9,2019,17:45:00,1,973,97312,2,3,1,3,"Rue Renner","5,3731172"," -52,9548526",201900024524,138 260 234,B01,3,1,0,2,1,26,5,NULL,201900024524,138 260 233,A01,1,1,1,1,1964,5,1,-1,-1,0,0,-1,201900024524,4,"rue antony albert",NULL,NULL,2,2,0,1,(1),(1),1,NULL,NULL,1,0,1,50
201900024524,8,9,2019,17:45:00,1,973,97312,2,3,1,3,"Rue Renner","5,3731172"," -52,9548526",201900024524,138 260 234,B01,3,1,0,2,1,26,5,NULL,201900024524,138 260 233,A01,2,2,1,1,1989,5,1,-1,-1,0,0,-1,201900024524,4,"rue antony albert",NULL,NULL,2,2,0,1,(1),(1),1,NULL,NULL,1,0,1,50
201900024524,8,9,2019,17:45:00,1,973,97312,2,3,1,3,"Rue Renner","5,3731172"," -52,9548526",201900024524,138 260 234,B01,3,1,0,2,1,26,5,NULL,201900024524,138 260 234,B01,1,1,3,2,2011,5,0,-1,-1,0,0,-1,201900024524,4,"rue antony albert",NULL,NULL,2,2,0,1,(1),(1),1,NULL,NULL,1,0,1,50
201900025220,10,3,2019,17:00:00,1,75,75103,2,7,1,6,"PLACE DE LA REPUBLIQUE","48,8665970","2,3646760",201900025220,138 258 906,Z01,2,1,0,1,0,1,5,NULL,201900025220,138 258 906,Z01,10,3,4,1,1983,5,8,0,-1,2,3,1,201900025220,4,"PLACE DE LA REPUBLIQUE",0,NULL,2,4,0,1,0,0,1,NULL,NULL,1,0,1,50
201900026626,29,6,2019,09:25:00,1,4,04031,1,1,1,4,"RD 907","43,9237890","6,1400750",201900026626,138 256 201,C01,1,1,0,2,4,1,5,NULL,201900026626,138 256 199,A01,1,1,1,2,1994,1,1,-1,-1,0,0,-1,201900026626,3,907,0,NULL,2,2,0,3,39,200,1,NULL,NULL,1,0,1,80
201900026626,29,6,2019,09:25:00,1,4,04031,1,1,1,4,"RD 907","43,9237890","6,1400750",201900026626,138 256 200,B01,1,1,0,2,4,1,5,NULL,201900026626,138 256 199,A01,1,1,1,2,1994,1,1,-1,-1,0,0,-1,201900026626,3,907,0,NULL,2,2,0,3,39,200,1,NULL,NULL,1,0,1,80
201900026626,29,6,2019,09:25:00,1,4,04031,1,1,1,4,"RD 907","43,9237890","6,1400750",201900026626,138 256 201,C01,1,1,0,2,4,1,5,NULL,201900026626,138 256 200,B01,1,1,4,1,1968,5,2,-1,-1,0,0,-1,201900026626,3,907,0,NULL,2,2,0,3,39,200,1,NULL,NULL,1,0,1,80
201900026626,29,6,2019,09:25:00,1,4,04031,1,1,1,4,"RD 907","43,9237890","6,1400750",201900026626,138 256 200,B01,1,1,0,2,4,1,5,NULL,201900026626,138 256 200,B01,1,1,4,1,1968,5,2,-1,-1,0,0,-1,201900026626,3,907,0,NULL,2,2,0,3,39,200,1,NULL,NULL,1,0,1,80
201900026626,29,6,2019,09:25:00,1,4,04031,1,1,1,4,"RD 907","43,9237890","6,1400750",201900026626,138 256 201,C01,1,1,0,2,4,1,5,NULL,201900026626,138 256 201,C01,1,1,4,1,1966,5,2,-1,-1,0,0,-1,201900026626,3,907,0,NULL,2,2,0,3,39,200,1,NULL,NULL,1,0,1,80
201900026626,29,6,2019,09:25:00,1,4,04031,1,1,1,4,"RD 907","43,9237890","6,1400750",201900026626,138 256 200,B01,1,1,0,2,4,1,5,NULL,201900026626,138 256 201,C01,1,1,4,1,1966,5,2,-1,-1,0,0,-1,201900026626,3,907,0,NULL,2,2,0,3,39,200,1,NULL,NULL,1,0,1,80
201900028188,7,9,2019,08:50:00,1,3,03126,1,6,1,3,"avenue de Saint-Yorre","46,0763185","3,4414674",201900028188,138 253 332,B01,1,1,0,0,3,1,5,NULL,201900028188,138 253 332,B01,1,1,4,1,1965,5,2,-1,-1,0,0,-1,201900028188,3,131,0,NULL,2,2,0,1,5,376,2,NULL,NULL,1,0,1,80
201900028188,7,9,2019,08:50:00,1,3,03126,1,6,1,3,"avenue de Saint-Yorre","46,0763185","3,4414674",201900028188,138 253 332,B01,1,1,0,0,3,1,5,NULL,201900028188,138 253 333,A01,1,1,1,1,1941,9,1,-1,-1,0,0,-1,201900028188,3,131,0,NULL,2,2,0,1,5,376,2,NULL,NULL,1,0,1,80
201900032901,7,11,2019,07:40:00,2,76,76540,2,2,1,3,"NEUFCHATEL. ROUTE DE","49,4487700","1,0995200",201900032901,138 244 380,B01,0,1,0,2,1,1,5,NULL,201900032901,138 244 380,B01,1,1,4,1,1999,5,8,0,-1,0,0,-1,201900032901,3,928,0,NULL,2,4,0,1,1,0,1,NULL,NULL,2,0,1,50
201900032901,7,11,2019,07:40:00,2,76,76540,2,2,1,3,"NEUFCHATEL. ROUTE DE","49,4487700","1,0995200",201900032901,138 244 380,B01,0,1,0,2,1,1,5,NULL,201900032901,138 244 382,A01,1,1,1,1,1991,1,1,0,-1,0,0,-1,201900032901,3,928,0,NULL,2,4,0,1,1,0,1,NULL,NULL,2,0,1,50
201900039241,31,8,2019,10:45:00,1,7,07102,2,6,1,3,"SADI-CARNOT (AVEN.) [DU N° AU N°]","44,9253300","4,8690700",201900039241,138 232 314,B01,1,1,0,2,7,1,5,NULL,201900039241,138 232 313,A01,1,1,1,2,1986,5,1,0,-1,-1," -1",-1,201900039241,4,"SADI-CARNOT (AVEN.) [DU N° AU N°]",0,NULL,1,1,0,1,0,0,3,NULL,NULL,1,0,1,50
201900039241,31,8,2019,10:45:00,1,7,07102,2,6,1,3,"SADI-CARNOT (AVEN.) [DU N° AU N°]","44,9253300","4,8690700",201900039241,138 232 314,B01,1,1,0,2,7,1,5,NULL,201900039241,138 232 314,B01,1,1,4,1,1976,5,2,0,-1,-1," -1",-1,201900039241,4,"SADI-CARNOT (AVEN.) [DU N° AU N°]",0,NULL,1,1,0,1,0,0,3,NULL,NULL,1,0,1,50
201900039805,18,7,2019,17:15:00,1,37,37261,2,1,1,7,"MONTJOYEUX (AVENUE)","47,3617944","0,7025149",201900039805,138 231 243,A01,3,1,0,0,1,0,5,NULL,201900039805,138 231 243,A01,1,1,4,1,2002,5,2,0,-1,-1,0,-1,201900039805,4,"MONTJOYEUX (AVENUE)",0,NULL,1,1,0,4,0,0,3,NULL,NULL,1,0,1,50
201900042877,29,9,2019,21:00:00,5,54,54547,2,1,2,1,"28 rue Aristide Briand","48,6729420","6,1824020",201900042877,138 225 505,B01,1,1,0,2,1,2,5,NULL,201900042877,138 225 505,B01,1,1,4,2,1973,0,2,0,-1,-1,0,-1,201900042877,4,"Rue Aristide Briand",0,NULL,2,2,0,1,0,0,1,NULL,NULL,2,0,1,50
201900043826,30,4,2019,20:06:00,2,93,93010,2,3,1,3,"BOREL (RUE)","48,9067880","2,4861250",201900043826,138 223 779,B01,1,1,0,2,7,19,5,NULL,201900043826,138 223 779,B01,1,1,4,2,1996,0,8,0,-1,-1," -1",-1,201900043826,3,933,0,NULL,1,3,0,1,0,0,1,NULL,NULL,1,5,-1,50
201900045924,21,2,2019,14:30:00,1,33,33009,2,1,1,5,"PLAGE (BD DE LA) DU 161 ET +","44,6626700"," -1,1745000",201900045924,138 219 700,A01,1,1,0,2,1,11,5,NULL,201900045924,138 219 698,C01,1,1,1,1,1933,0,1,0,-1,-1," -1",-1,201900045924,3,650,0,NULL,1,3,2,1,21,640,1,NULL,NULL,1,0,5,30
201900045924,21,2,2019,14:30:00,1,33,33009,2,1,1,5,"PLAGE (BD DE LA) DU 161 ET +","44,6626700"," -1,1745000",201900045924,138 219 699,B01,2,1,0,2,1,0,0,NULL,201900045924,138 219 698,C01,1,1,1,1,1933,0,1,0,-1,-1," -1",-1,201900045924,3,650,0,NULL,1,3,2,1,21,640,1,NULL,NULL,1,0,5,30
201900045924,21,2,2019,14:30:00,1,33,33009,2,1,1,5,"PLAGE (BD DE LA) DU 161 ET +","44,6626700"," -1,1745000",201900045924,138 219 700,A01,1,1,0,2,1,11,5,NULL,201900045924,138 219 699,B01,1,1,4,1,1974,5,2,0,-1,-1," -1",-1,201900045924,3,650,0,NULL,1,3,2,1,21,640,1,NULL,NULL,1,0,5,30
201900045924,21,2,2019,14:30:00,1,33,33009,2,1,1,5,"PLAGE (BD DE LA) DU 161 ET +","44,6626700"," -1,1745000",201900045924,138 219 699,B01,2,1,0,2,1,0,0,NULL,201900045924,138 219 699,B01,1,1,4,1,1974,5,2,0,-1,-1," -1",-1,201900045924,3,650,0,NULL,1,3,2,1,21,640,1,NULL,NULL,1,0,5,30
201900045924,21,2,2019,14:30:00,1,33,33009,2,1,1,5,"PLAGE (BD DE LA) DU 161 ET +","44,6626700"," -1,1745000",201900045924,138 219 700,A01,1,1,0,2,1,11,5,NULL,201900045924,138 219 700,A01,1,1,4,1,1955,5,8,0,-1,-1," -1",-1,201900045924,3,650,0,NULL,1,3,2,1,21,640,1,NULL,NULL,1,0,5,30
201900045924,21,2,2019,14:30:00,1,33,33009,2,1,1,5,"PLAGE (BD DE LA) DU 161 ET +","44,6626700"," -1,1745000",201900045924,138 219 699,B01,2,1,0,2,1,0,0,NULL,201900045924,138 219 700,A01,1,1,4,1,1955,5,8,0,-1,-1," -1",-1,201900045924,3,650,0,NULL,1,3,2,1,21,640,1,NULL,NULL,1,0,5,30
201900046062,5,11,2019,17:20:00,1,93,93010,2,3,8,1,"GROSLAY (CHEM. DE)","48,9110800","2,4746100",201900046062,138 219 447,B01,3,1,0,2,1,21,5,NULL,201900046062,138 219 447,B01,1,1,3,1,1997,0,8,0,-1,-1," -1",-1,201900046062,4,"GROSLAY (CHEM. DE)",0,NULL,2,2,0,1,0,0,3,NULL,NULL,1,0,1,50
201900046062,5,11,2019,17:20:00,1,93,93010,2,3,8,1,"GROSLAY (CHEM. DE)","48,9110800","2,4746100",201900046062,138 219 447,B01,3,1,0,2,1,21,5,NULL,201900046062,138 219 448,A01,1,1,1,1,1998,5,1,0,-1,-1," -1",-1,201900046062,4,"GROSLAY (CHEM. DE)",0,NULL,2,2,0,1,0,0,3,NULL,NULL,1,0,1,50
201900047646,2,6,2019,11:20:00,1,59,59508,2,1,1,2,"LINSELLES (RUE DE)","50,7362345","3,1120545",201900047646,138 216 468,B01,2,1,1,0,1,1,5,NULL,201900047646,138 216 468,B01,1,1,4,1,1962,5,2,8,-1,-1,0,-1,201900047646,4,"LINSELLES (RUE DE)",0,NULL,2,2,0,2,0,0,2,NULL,NULL,1,0,1,50
201900047646,2,6,2019,11:20:00,1,59,59508,2,1,1,2,"LINSELLES (RUE DE)","50,7362345","3,1120545",201900047646,138 216 468,B01,2,1,1,0,1,1,5,NULL,201900047646,138 216 469,A01,1,1,1,1,1957,5,8,0,-1,-1,0,-1,201900047646,4,"LINSELLES (RUE DE)",0,NULL,2,2,0,2,0,0,2,NULL,NULL,1,0,1,50
201900050723,13,7,2019,21:40:00,3,973,97305,1,1,1,1,"pk 16","4,9421281"," -52,4138832",201900050723,138 210 775,B01,2,1,0,2,7,15,5,NULL,201900050723,138 210 775,B01,1,1,3,1,1976,0,0,-1,-1,0,0,-1,201900050723,2,1,0,NULL,2,2,0,1,16,0,1,NULL,NULL,1,0,6,80
201900050723,13,7,2019,21:40:00,3,973,97305,1,1,1,1,"pk 16","4,9421281"," -52,4138832",201900050723,138 210 775,B01,2,1,0,2,7,15,5,NULL,201900050723,138 210 776,A01,1,1,1,2,1996,5,1,-1,-1,0,0,-1,201900050723,2,1,0,NULL,2,2,0,1,16,0,1,NULL,NULL,1,0,6,80
201900051159,3,6,2019,16:00:00,1,37,37261,2,2,1,3,"CLUZEL (RUE DU)","47,3825745","0,6848018",201900051159,138 209 972,A01,1,1,0,2,2,1,5,NULL,201900051159,138 209 972,A01,1,1,4,2,1998,2,8,0,-1,-1,0,-1,201900051159,4,NULL,0,NULL,1,1,0,1,(1),(1),1,NULL,NULL,1,0,1,50
201900051159,3,6,2019,16:00:00,1,37,37261,2,2,1,3,"CLUZEL (RUE DU)","47,3825745","0,6848018",201900051159,138 209 972,A01,1,1,0,2,2,1,5,NULL,201900051159,138 209 973,B01,1,1,1,2,1984,5,1,8,-1,-1,0,-1,201900051159,4,NULL,0,NULL,1,1,0,1,(1),(1),1,NULL,NULL,1,0,1,50
201900052748,13,11,2019,15:00:00,1,33,33032,2,1,1,6,"RUE PAUL BERT","44,9003000"," -0,5154700",201900052748,138 206 858,A01,0,1,0,1,0,1,5,NULL,201900052748,138 206 858,A01,1,1,4,1,2009,0,8,0,-1,-1," -1",-1,201900052748,4,"RUE PAUL BERT",0,NULL,1,3,2,1,(1),(1),1,NULL,NULL,1,0,5,50
201900052748,13,11,2019,15:00:00,1,33,33032,2,1,1,6,"RUE PAUL BERT","44,9003000"," -0,5154700",201900052748,138 206 858,A01,0,1,0,1,0,1,5,NULL,201900052748,138 206 858,A01,10,3,4,1,2013,0,8,0,-1,9,3,1,201900052748,4,"RUE PAUL BERT",0,NULL,1,3,2,1,(1),(1),1,NULL,NULL,1,0,5,50
201900053205,18,2,2019,16:30:00,1,973,97302,2,1,1,3,"MONTABO (ROUTE DE) 2","4,9300923"," -52,2904801",201900053205,138 205 989,B01,2,1,0,0,0,0,0,NULL,201900053205,138 205 989,B01,1,1,4,2,2001,0,0,0,-1,-1,0,-1,201900053205,3,1,0,NULL,2,0,0,1,4,300,1,NULL,NULL,1,0,1,50
201900053205,18,2,2019,16:30:00,1,973,97302,2,1,1,3,"MONTABO (ROUTE DE) 2","4,9300923"," -52,2904801",201900053205,138 205 989,B01,2,1,0,0,0,0,0,NULL,201900053205,138 205 990,A01,1,1,1,2,1977,1,1,8,-1,-1,0,-1,201900053205,3,1,0,NULL,2,0,0,1,4,300,1,NULL,NULL,1,0,1,50
201900053498,3,1,2019,13:25:00,1,76,76351,2,1,1,3,"PAUL VERLAINE (AVENUE)","49,5095100","0,1522600",201900053498,138 205 453,B01,0,1,0,2,7,1,5,NULL,201900053498,138 205 453,B01,1,1,4,1,1996,5,8,0,-1,0,0,-1,201900053498,4,"PAUL VERLAINE (AVENUE)",0,NULL,3,2,1,1,0,0,1,NULL,NULL,1,0,1,30
201900053768,26,10,2019,12:55:00,1,64,64445,2,1,1,3,MANESCAU,"43,3019700"," -0,3741500",201900053768,138 204 919,A01,1,1,1,2,1,5,5,NULL,201900053768,138 204 919,A01,1,1,4,1,2008,5,8,0,-1,0,0,-1,201900053768,4,MANESCAU,0,NULL,1,1,0,1,0,0,1,NULL,NULL,1,0,1,50
201900053768,26,10,2019,12:55:00,1,64,64445,2,1,1,3,MANESCAU,"43,3019700"," -0,3741500",201900053768,138 204 919,A01,1,1,1,2,1,5,5,NULL,201900053768,138 204 920,B01,1,1,1,1,1999,5,1,8,-1,0,0,-1,201900053768,4,MANESCAU,0,NULL,1,1,0,1,0,0,1,NULL,NULL,1,0,1,50
201900054766,3,12,2019,16:25:00,2,3,03076,1,1,7,2,NULL,"46,5912077","3,4012275",201900054766,138 203 137,B01,2,1,0,0,4,1,5,NULL,201900054766,138 203 136,A01,2,2,1,2,1990,5,1,-1,-1,0,0,-1,201900054766,3,30,0,NULL,2,2,0,1,1,577,1,NULL,NULL,1,0,1,80
201900054766,3,12,2019,16:25:00,2,3,03076,1,1,7,2,NULL,"46,5912077","3,4012275",201900054766,138 203 137,B01,2,1,0,0,4,1,5,NULL,201900054766,138 203 136,A01,1,1,1,2,1958,5,1,-1,-1,0,0,-1,201900054766,3,30,0,NULL,2,2,0,1,1,577,1,NULL,NULL,1,0,1,80
201900054766,3,12,2019,16:25:00,2,3,03076,1,1,7,2,NULL,"46,5912077","3,4012275",201900054766,138 203 137,B01,2,1,0,0,4,1,5,NULL,201900054766,138 203 137,B01,1,1,3,1,1956,5,2,-1,-1,0,0,-1,201900054766,3,30,0,NULL,2,2,0,1,1,577,1,NULL,NULL,1,0,1,80
201900013832,19,9,2019,17:30:00,1,62,62215,2,3,1,3,"anne frank","50,4960000","2,9630000",201900013832,138 280 669,B01,3,1,0,2,1,2,5,NULL,201900013832,138 280 668,A01,1,1,1,1,1990,5,1,8,-1,-1," -1",-1,201900013832,4,"anne frank",0,NULL,2,2,0,1,0,0,1,NULL,NULL,1,0,1,50
201900013832,19,9,2019,17:30:00,1,62,62215,2,3,1,3,"anne frank","50,4960000","2,9630000",201900013832,138 280 669,B01,3,1,0,2,1,2,5,NULL,201900013832,138 280 669,B01,1,1,3,1,2009,5,2,0,-1,-1," -1",-1,201900013832,4,"anne frank",0,NULL,2,2,0,1,0,0,1,NULL,NULL,1,0,1,50
201900014554,3,7,2019,15:00:00,1,45,45234,2,1,1,6,"AVENUE DE CONCYR","47,8199983","1,9299131",201900014554,138 279 248,A01,3,1,1,0,1,1,5,NULL,201900014554,138 279 248,A01,1,1,4,1,1934,5,8,0,-1,0,0,-1,201900014554,4," AVENUE DE CONCYR",0,NULL,3,4,0,1,(1),(1),1,NULL,NULL,1,0,1,30
201900017002,31,1,2019,08:45:00,1,42,42187,2,1,1,6,"THOMAS (RUE ALBERT)","46,0466700","4,0743600",201900017002,138 274 635,B01,2,1,1,0,1,1,5,NULL,201900017002,138 274 634,A01,1,1,1,1,1932,5,1,0,-1,0,0,-1,201900017002,4,"THOMAS (RUE ALBERT)",0,NULL,2,2,0,1,0,0,1,NULL,NULL,1,0,1,50
201900017002,31,1,2019,08:45:00,1,42,42187,2,1,1,6,"THOMAS (RUE ALBERT)","46,0466700","4,0743600",201900017002,138 274 635,B01,2,1,1,0,1,1,5,NULL,201900017002,138 274 635,B01,2,1,4,2,1958,1,8,0,-1,0,0,-1,201900017002,4,"THOMAS (RUE ALBERT)",0,NULL,2,2,0,1,0,0,1,NULL,NULL,1,0,1,50
201900017189,12,9,2019,18:00:00,1,973,97311,2,3,1,3,"Avenue Paul Castaing","5,4858373"," -54,0163141",201900017189,138 274 283,B01,3,1,0,2,6,0,5,NULL,201900017189,138 274 283,B01,1,1,3,2,1988,1,0,-1,-1,0,0,-1,201900017189,4,"Paul castaing",NULL,NULL,2,2,0,1,(1),(1),1,NULL,NULL,1,0,1,50
201900017189,12,9,2019,18:00:00,1,973,97311,2,3,1,3,"Avenue Paul Castaing","5,4858373"," -54,0163141",201900017189,138 274 283,B01,3,1,0,2,6,0,5,NULL,201900017189,138 274 284,A01,2,2,1,1,1995,1,1,-1,-1,0,0,-1,201900017189,4,"Paul castaing",NULL,NULL,2,2,0,1,(1),(1),1,NULL,NULL,1,0,1,50
201900017189,12,9,2019,18:00:00,1,973,97311,2,3,1,3,"Avenue Paul Castaing","5,4858373"," -54,0163141",201900017189,138 274 283,B01,3,1,0,2,6,0,5,NULL,201900017189,138 274 284,A01,1,1,1,1,1967,5,1,-1,-1,0,0,-1,201900017189,4,"Paul castaing",NULL,NULL,2,2,0,1,(1),(1),1,NULL,NULL,1,0,1,50
201900019858,14,5,2019,10:18:00,1,69,69382,2,9,1,3,"CHARLEMAGNE                         (CO)","45,7390800","4,8175200",201900019858,138 269 288,B01,3,1,0,2,3,5,5,NULL,201900019858,138 269 288,B01,1,1,4,2,1975,5,8,0,-1,0,0,-1,201900019858,4,"CHARLEMAGNE                         (CO)",0,NULL,1,2,0,1,0,0,1,NULL,NULL,1,0,1,50
201900019858,14,5,2019,10:18:00,1,69,69382,2,9,1,3,"CHARLEMAGNE                         (CO)","45,7390800","4,8175200",201900019858,138 269 288,B01,3,1,0,2,3,5,5,NULL,201900019858,138 269 289,A01,1,1,1,1,1964,0,1,0,-1,0,0,-1,201900019858,4,"CHARLEMAGNE                         (CO)",0,NULL,1,2,0,1,0,0,1,NULL,NULL,1,0,1,50
201900021783,30,4,2019,21:20:00,5,81,81004,2,2,1,3,"MOULIN (LICES JEAN)","43,9254169","2,1485841",201900021783,138 265 627,B01,1,1,0,2,4,2,0,NULL,201900021783,138 265 626,A01,1,1,1,1,1994,0,2,6,-1,-1," -1",-1,201900021783,7,"MOULIN (LICES JEAN)",0,NULL,1,1,0,1,1,0,1,NULL,NULL,1,2,1,30
201900021783,30,4,2019,21:20:00,5,81,81004,2,2,1,3,"MOULIN (LICES JEAN)","43,9254169","2,1485841",201900021783,138 265 627,B01,1,1,0,2,4,2,0,NULL,201900021783,138 265 627,B01,1,1,4,2,1984,0,2,0,-1,-1," -1",-1,201900021783,7,"MOULIN (LICES JEAN)",0,NULL,1,1,0,1,1,0,1,NULL,NULL,1,2,1,30
201900021890,13,3,2019,16:30:00,1,75,75112,2,1,1,6,"CARREFOUR DE PYRAMIDE","48,8337890","2,4451680",201900021890,138 265 406,A01,3,1,14,0,1,1,5,NULL,201900021890,138 265 406,A01,1,1,4,1,1957,5,2,0,-1,0,0,-1,201900021890,4,"CARREFOUR DE PYRAMIDE",0,NULL,-1,0,0,1,0,0,3,NULL,NULL,1,0,1,50
201900023233,28,6,2019,09:30:00,1,64,64445,2,9,1,3,"GASTON PHOEBUS","43,3024000"," -0,3793800",201900023233,138 262 827,B01,2,1,0,2,3,15,5,NULL,201900023233,138 262 827,B01,1,1,4,2,2001,5,8,0,-1,0,0,-1,201900023233,4,"GASTON PHOEBUS",0,NULL,2,3,0,1,0,0,2,NULL,NULL,1,0,1,50
201900023233,28,6,2019,09:30:00,1,64,64445,2,9,1,3,"GASTON PHOEBUS","43,3024000"," -0,3793800",201900023233,138 262 827,B01,2,1,0,2,3,15,5,NULL,201900023233,138 262 828,A01,1,1,1,2,1941,5,1,0,-1,0,0,-1,201900023233,4,"GASTON PHOEBUS",0,NULL,2,3,0,1,0,0,2,NULL,NULL,1,0,1,50
201900024244,9,10,2019,08:35:00,1,67,67447,2,1,8,6,SCHILTIGHEIM,"48,6131910","7,7106350",201900024244,138 260 763,A01,1,1,0,1,1,1,5,NULL,201900024244,138 260 763,A01,10,3,4,2,1966,1,8,0,-1,1,3,1,201900024244,4,SCHILTIGHEIM,0,NULL,2,2,0,1,0,0,3,NULL,NULL,1,0,1,50
201900024244,9,10,2019,08:35:00,1,67,67447,2,1,8,6,SCHILTIGHEIM,"48,6131910","7,7106350",201900024244,138 260 763,A01,1,1,0,1,1,1,5,NULL,201900024244,138 260 763,A01,1,1,1,1,1974,1,8,0,-1,-1,0,-1,201900024244,4,SCHILTIGHEIM,0,NULL,2,2,0,1,0,0,3,NULL,NULL,1,0,1,50
201900026382,4,9,2019,13:20:00,1,75,75120,2,1,1,3,"RUE DE BELLEVILLE","48,8767100","2,4049620",201900026382,138 256 631,B01,1,1,0,2,4,2,5,NULL,201900026382,138 256 631,B01,1,1,4,1,1986,0,2,8,-1,0,0,-1,201900026382,4,"RUE DE BELLEVILLE",0,NULL,2,2,0,1,0,0,1,NULL,NULL,1,0,1,50
201900026382,4,9,2019,13:20:00,1,75,75120,2,1,1,3,"RUE DE BELLEVILLE","48,8767100","2,4049620",201900026382,138 256 631,B01,1,1,0,2,4,2,5,NULL,201900026382,138 256 632,A01,1,1,1,2,1988,0,1,0,-1,0,0,-1,201900026382,4,"RUE DE BELLEVILLE",0,NULL,2,2,0,1,0,0,1,NULL,NULL,1,0,1,50
201900030916,15,5,2019,07:50:00,1,33,33039,2,3,1,2,"Rte de Toulouse/Av Farvarque","44,8045840"," -0,5721500",201900030916,138 248 209,B01,2,1,0,2,3,1,5,NULL,201900030916,138 248 209,B01,1,1,4,2,1994,1,8,0,-1,0,0,-1,201900030916,4,"RTE DE TOULOUSE",0,NULL,2,2,0,1,0,0,1,NULL,NULL,1,0,1,50
201900030916,15,5,2019,07:50:00,1,33,33039,2,3,1,2,"Rte de Toulouse/Av Farvarque","44,8045840"," -0,5721500",201900030916,138 248 209,B01,2,1,0,2,3,1,5,NULL,201900030916,138 248 210,A01,1,1,1,1,1988,5,8,0,-1,-1,0,-1,201900030916,4,"RTE DE TOULOUSE",0,NULL,2,2,0,1,0,0,1,NULL,NULL,1,0,1,50
201900032734,14,5,2019,10:50:00,1,22,22113,2,1,1,3,"TREGASTEL (ROUTE DE)","48,7630090"," -3,4726179",201900032734,138 244 725,B01,2,1,0,2,8,1,5,NULL,201900032734,138 244 725,B01,1,1,3,2,1950,5,2,8,-1,0,0,-1,201900032734,3,11,0,NULL,2,2,0,1,31,470,3,NULL,NULL,1,0,1,70
201900032734,14,5,2019,10:50:00,1,22,22113,2,1,1,3,"TREGASTEL (ROUTE DE)","48,7630090"," -3,4726179",201900032734,138 244 725,B01,2,1,0,2,8,1,5,NULL,201900032734,138 244 726,A01,1,1,1,1,1968,4,1,8,-1,0,0,-1,201900032734,3,11,0,NULL,2,2,0,1,31,470,3,NULL,NULL,1,0,1,70
201900034196,6,4,2019,17:00:00,1,64,64102,2,6,1,3,"GIRATOIRE LES PONTOTS ","43,4881900"," -1,4916700",201900034196,138 241 907,B01,3,1,0,2,7,1,5,NULL,201900034196,138 241 906,A01,1,1,1,1,1971,3,1,5,-1,0,0,-1,201900034196,4,"GIRATOIRE LES PONTOTS",0,NULL,4,2,0,1,0,0,2,NULL,NULL,1,5,1,50