Num_Acc,jour,mois,an,hrmn,lum,dep,com,agg,int,atm,col,adr,lat,long,Num_Acc,id_vehicule,num_veh,senc,catv,obs,obsm,choc,manv,motor,occutc,Num_Acc,id_vehicule,num_veh,place,catu,grav,sexe,an_nais,trajet,secu1,secu2,secu3,locp,actp,etatp,Num_Acc,catr,voie,v1,v2,circ,nbv,vosp,prof,pr,pr1,plan,lartpc,larrout,surf,infra,situ,vma
201900034196,6,4,2019,17:00:00,1,64,64102,2,6,1,3,"GIRATOIRE LES PONTOTS ","43,4881900"," -1,4916700",201900034196,138 241 907,B01,3,1,0,2,7,1,5,NULL,201900034196,138 241 907,B01,1,1,3,1,1943,5,2,8,-1,0,0,-1,201900034196,4,"GIRATOIRE LES PONTOTS",0,NULL,4,2,0,1,0,0,2,NULL,NULL,1,5,1,50
201900035134,22,6,2019,17:25:00,1,69,69381,2,1,1,6,"SERGENT BLANDAN (DU)                (R )","45,7688000","4,8296000",201900035134,138 240 096,A01,3,1,0,1,1,18,5,NULL,201900035134,138 240 096,A01,1,1,1,1,1989,5,2,0,-1,-1,0,-1,201900035134,4,"SERGENT BLANDAN (DU)                (R )",0,NULL,1,1,0,1,0,0,1,NULL,NULL,1,0,1,50
201900035134,22,6,2019,17:25:00,1,69,69381,2,1,1,6,"SERGENT BLANDAN (DU)                (R )","45,7688000","4,8296000",201900035134,138 240 096,A01,3,1,0,1,1,18,5,NULL,201900035134,138 240 096,A01,10,3,4,1,2013,5,8,0,-1,1,5,1,201900035134,4,"SERGENT BLANDAN (DU)                (R )",0,NULL,1,1,0,1,0,0,1,NULL,NULL,1,0,1,50
201900035630,24,5,2019,17:37:00,1,68,68066,2,1,1,3,"ROME (AVENUE DE)","48,0744700","7,3338200",201900035630,138 239 109,B01,1,1,1,0,1,1,6,NULL,201900035630,138 239 108,A01,1,1,1,1,1946,5,8,0,-1,-1,0,-1,201900035630,4,NULL,0,NULL,2,0,0,1,(1),(1),2,NULL,NULL,1,0,1,50
201900035630,24,5,2019,17:37:00,1,68,68066,2,1,1,3,"ROME (AVENUE DE)","48,0744700","7,3338200",201900035630,138 239 109,B01,1,1,1,0,1,1,6,NULL,201900035630,138 239 109,B01,1,1,4,2,1999,0,8,0,-1,-1,0,-1,201900035630,4,NULL,0,NULL,2,0,0,1,(1),(1),2,NULL,NULL,1,0,1,50
201900037051,1,10,2019,10:25:00,1,69,69034,2,6,1,3,"LOUIS DUFOUR                        (AV)","45,8007800","4,8514300",201900037051,138 236 410,B01,2,1,0,2,4,1,5,NULL,201900037051,138 236 410,B01,1,1,4,1,1974,5,2,8,-1,-1," -1",-1,201900037051,3,1E1,0,NULL,2,2,0,1,0,250,1,NULL,NULL,1,0,1,50
201900037051,1,10,2019,10:25:00,1,69,69034,2,6,1,3,"LOUIS DUFOUR                        (AV)","45,8007800","4,8514300",201900037051,138 236 410,B01,2,1,0,2,4,1,5,NULL,201900037051,138 236 411,A01,1,1,1,1,1949,5,1,8,-1,-1," -1",-1,201900037051,3,1E1,0,NULL,2,2,0,1,0,250,1,NULL,NULL,1,0,1,50
201900038122,12,12,2019,17:25:00,5,75,75105,2,1,2,6,"RUE BUFFON","48,8426350","2,3616230",201900038122,138 234 370,A01,2,1,0,1,1,1,5,NULL,201900038122,138 234 370,A01,10,3,4,2,1993,0,0,-1,-1,2,4,1,201900038122,4,"RUE BUFFON",0,NULL,2,2,1,1,17,0,1,NULL,NULL,2,0,5,30
201900038122,12,12,2019,17:25:00,5,75,75105,2,1,2,6,"RUE BUFFON","48,8426350","2,3616230",201900038122,138 234 370,A01,2,1,0,1,1,1,5,NULL,201900038122,138 234 370,A01,1,1,1,2,1983,9,2,8,-1,0,0,-1,201900038122,4,"RUE BUFFON",0,NULL,2,2,1,1,17,0,1,NULL,NULL,2,0,5,30
201900039184,27,8,2019,14:50:00,1,18,18279,2,1,1,3,"SOCIETE FRANCAISE (RUE DE LA)","47,2268900","2,0552900",201900039184,138 232 429,B01,3,1,0,2,8,19,5,NULL,201900039184,138 232 428,A01,1,1,1,2,1976,0,1,0,-1,-1," -1",-1,201900039184,3,2076,0,NULL,2,2,0,1,0,0,1,NULL,NULL,1,0,1,50
201900039184,27,8,2019,14:50:00,1,18,18279,2,1,1,3,"SOCIETE FRANCAISE (RUE DE LA)","47,2268900","2,0552900",201900039184,138 232 429,B01,3,1,0,2,8,19,5,NULL,201900039184,138 232 429,B01,1,1,4,1,1976,5,8,0,-1,-1," -1",-1,201900039184,3,2076,0,NULL,2,2,0,1,0,0,1,NULL,NULL,1,0,1,50
201900039607,4,4,2019,12:20:00,1,11,11262,2,1,8,7,"JACOBINS (RUE ET PLACE DES)","43,1821100","3,0041400",201900039607,138 231 649,A01,3,1,0,0,0,15,5,NULL,201900039607,138 231 649,A01,1,1,4,2,1974,4,8,0,-1,0,0,-1,201900039607,4,"JACOBINS (RUE ET PLACE DES)",0,NULL,1,1,0,1,0,0,1,NULL,NULL,2,0,1,30
201900040097,30,4,2019,08:35:00,1,75,75110,2,1,1,6,"BOULEVARD DE MAGENTA","48,8781170","2,3544220",201900040097,138 230 724,A01,2,1,1,0,8,17,5,NULL,201900040097,138 230 724,A01,1,1,4,2,1987,1,8,0,-1,0,0,-1,201900040097,4,"BOULEVARD DE MAGENTA",0,NULL,2,6,3,2,0,0,1,NULL,NULL,1,0,5,50
201900041805,9,12,2019,12:50:00,1,67,67482,2,1,1,3,"LAUSANNE (RUE DE)","48,5758000","7,7563000",201900041805,138 227 590,B01,1,1,0,2,8,1,5,NULL,201900041805,138 227 590,B01,1,1,4,1,1983,0,8,0,-1,-1,0,-1,201900041805,4,"LAUSANNE (RUE DE)",0,NULL,2,4,2,1,0,0,1,NULL,NULL,1,9,1,50
201900041805,9,12,2019,12:50:00,1,67,67482,2,1,1,3,"LAUSANNE (RUE DE)","48,5758000","7,7563000",201900041805,138 227 590,B01,1,1,0,2,8,1,5,NULL,201900041805,138 227 591,A01,1,1,1,1,1953,0,1,8,-1,-1,0,-1,201900041805,4,"LAUSANNE (RUE DE)",0,NULL,2,4,2,1,0,0,1,NULL,NULL,1,9,1,50
201900047541,11,6,2019,12:30:00,1,67,67447,2,3,8,3,"DACHSTEIN (RUE DE)","48,6071450","7,7343900",201900047541,138 216 665,B01,2,1,0,2,0,0,5,NULL,201900047541,138 216 665,B01,1,1,4,2,1961,0,8,0,-1,-1," -1",-1,201900047541,4,"DACHSTEIN (RUE DE)",0,NULL,1,1,0,1,0,0,1,NULL,NULL,1,0,1,30
201900047541,11,6,2019,12:30:00,1,67,67447,2,3,8,3,"DACHSTEIN (RUE DE)","48,6071450","7,7343900",201900047541,138 216 665,B01,2,1,0,2,0,0,5,NULL,201900047541,138 216 666,A01,1,1,1,2,1984,0,1,8,-1,-1,0,-1,201900047541,4,"DACHSTEIN (RUE DE)",0,NULL,1,1,0,1,0,0,1,NULL,NULL,1,0,1,30
201900047634,14,6,2019,18:16:00,1,61,61169,2,1,1,3,"RESTOUT (ALLEE)","48,7470500"," -0,5471900",201900047634,138 216 500,B01,3,1,0,2,1,19,5,NULL,201900047634,138 216 500,B01,1,1,3,1,2009,5,0,0,-1,0,0,-1,201900047634,4,"RESTOUT (ALLEE)",0,NULL,2,2,0,1,0,0,3,NULL,NULL,1,0,1,50
201900047634,14,6,2019,18:16:00,1,61,61169,2,1,1,3,"RESTOUT (ALLEE)","48,7470500"," -0,5471900",201900047634,138 216 500,B01,3,1,0,2,1,19,5,NULL,201900047634,138 216 501,A01,1,1,1,2,1996,9,1,8,-1,-1," -1",-1,201900047634,4,"RESTOUT (ALLEE)",0,NULL,2,2,0,1,0,0,3,NULL,NULL,1,0,1,50
201900048773,10,7,2019,15:30:00,1,94,94080,2,2,1,1,"FONTENAY (R DE)","48,8488900","2,4265000",201900048773,138 214 379,B01,2,1,0,2,1,1,0,NULL,201900048773,138 214 379,B01,1,1,4,1,1966,0,8,0,-1,-1,0,-1,201900048773,3,143,0,A,2,2,0,1,0,0,1,NULL,NULL,1,0,1,50
201900048773,10,7,2019,15:30:00,1,94,94080,2,2,1,1,"FONTENAY (R DE)","48,8488900","2,4265000",201900048773,138 214 379,B01,2,1,0,2,1,1,0,NULL,201900048773,138 214 380,A01,2,2,1,2,1979,4,1,8,-1,-1,0,-1,201900048773,3,143,0,A,2,2,0,1,0,0,1,NULL,NULL,1,0,1,50
201900048773,10,7,2019,15:30:00,1,94,94080,2,2,1,1,"FONTENAY (R DE)","48,8488900","2,4265000",201900048773,138 214 379,B01,2,1,0,2,1,1,0,NULL,201900048773,138 214 380,A01,1,1,1,1,2002,4,1,8,-1,-1,0,-1,201900048773,3,143,0,A,2,2,0,1,0,0,1,NULL,NULL,1,0,1,50
201900048909,20,3,2019,11:00:00,1,49,49301,2,1,1,6,"Boulevard du 08 mai 1945","47,1195450"," -0,9951230",201900048909,138 214 135,A01,2,1,0,6,1,1,5,NULL,201900048909,138 214 135,A01,1,1,3,1,1950,5,2,4,6,0,0,-1,201900048909,3,63,0,D,2,2,2,1,(1),(1),1,NULL,NULL,1,0,5,50
201900050529,29,3,2019,08:35:00,1,988,98818,2,2,1,6,"RUE VERDUN/RUE DU G. MANGIN"," -22,2726200","166,4403000",201900050529,138 211 123,A01,3,1,0,1,8,5,5,NULL,201900050529,138 211 123,A01,10,3,4,2,1944,0,8,0,-1,2,3,1,201900050529,4,617,0,NULL,1,1,0,1,0,0,1,NULL,NULL,1,0,1,50
201900050529,29,3,2019,08:35:00,1,988,98818,2,2,1,6,"RUE VERDUN/RUE DU G. MANGIN"," -22,2726200","166,4403000",201900050529,138 211 123,A01,3,1,0,1,8,5,5,NULL,201900050529,138 211 123,A01,1,1,1,1,1968,0,8,0,-1,0,0,-1,201900050529,4,617,0,NULL,1,1,0,1,0,0,1,NULL,NULL,1,0,1,50
201900051223,9,6,2019,01:05:00,5,33,33063,2,4,1,3,"CRS D'ALSACE ET LORRAINE","44,8379900"," -0,5677200",201900051223,138 209 846,B01,0,1,0,2,8,19,5,NULL,201900051223,138 209 845,A01,1,1,1,1,2000,0,8,0,-1,0,0,-1,201900051223,4,"CRS D'ALSACE ET LORRAINE",0,NULL,2,3,2,1,0,0,1,NULL,NULL,1,0,1,30
201900051223,9,6,2019,01:05:00,5,33,33063,2,4,1,3,"CRS D'ALSACE ET LORRAINE","44,8379900"," -0,5677200",201900051223,138 209 846,B01,0,1,0,2,8,19,5,NULL,201900051223,138 209 846,B01,1,1,4,2,1989,0,8,0,-1,0,0,-1,201900051223,4,"CRS D'ALSACE ET LORRAINE",0,NULL,2,3,2,1,0,0,1,NULL,NULL,1,0,1,30
201900051785,4,1,2019,16:40:00,1,64,64125,2,1,1,6,"BURRUNTZ (RUE)","43,4364800"," -1,5651000",201900051785,138 208 742,A01,1,1,12,0,0,14,5,NULL,201900051785,138 208 742,A01,1,1,4,1,2003,5,2,0,-1,0,0,-1,201900051785,4,"BURRUNTZ (RUE)",0,NULL,2,2,0,1,0,0,1,NULL,NULL,1,0,1,50
201900052130,20,8,2019,11:50:00,1,85,85194,2,1,1,6,"RUE BEAUSEJOUR","46,4984800"," -1,7766500",201900052130,138 208 106,A01,3,1,0,1,1,5,5,NULL,201900052130,138 208 106,A01,10,3,4,2,1970,4,8,0,-1,5,3,1,201900052130,4,"RUE BEAUSEJOUR",0,NULL,1,1,3,1,0,0,1,NULL,NULL,1,0,1,50
201900052130,20,8,2019,11:50:00,1,85,85194,2,1,1,6,"RUE BEAUSEJOUR","46,4984800"," -1,7766500",201900052130,138 208 106,A01,3,1,0,1,1,5,5,NULL,201900052130,138 208 106,A01,1,1,4,2,2000,1,8,0,-1,0,0,-1,201900052130,4,"RUE BEAUSEJOUR",0,NULL,1,1,3,1,0,0,1,NULL,NULL,1,0,1,50
201900052150,20,8,2019,15:10:00,1,33,33063,2,2,1,3,"R. Camille Godard / Crs Portal / Crs Saint Louis","44,8550240"," -0,5718230",201900052150,138 208 063,B01,2,1,0,2,1,0,5,NULL,201900052150,138 208 063,B01,1,1,4,1,1997,0,8,0,-1,-1," -1",-1,201900052150,4,"GODARD (RUE CAMILLE)",0,NULL,2,2,-1,1,0,0,1,NULL,NULL,1,0,8,50
201900052150,20,8,2019,15:10:00,1,33,33063,2,2,1,3,"R. Camille Godard / Crs Portal / Crs Saint Louis","44,8550240"," -0,5718230",201900052150,138 208 063,B01,2,1,0,2,1,0,5,NULL,201900052150,138 208 064,A01,1,1,1,1,1984,0,1,0,-1,-1," -1",-1,201900052150,4,"GODARD (RUE CAMILLE)",0,NULL,2,2,-1,1,0,0,1,NULL,NULL,1,0,8,50
201900052540,7,7,2019,17:00:00,1,33,33039,2,1,7,6,"R.GASTON MONMOUSSEAU / Cycliste traverse entre 2 buissons sans regarder","44,8013500"," -0,5400300",201900052540,138 207 263,B01,0,1,0,2,1,19,5,NULL,201900052540,138 207 262,A01,1,1,1,1,2000,5,1,0,-1,0,0,-1,201900052540,4,"RUE GASTON MONMOUSSEAU",0,NULL,2,2,0,1,0,0,4,NULL,NULL,1,0,1,30
201900052540,7,7,2019,17:00:00,1,33,33039,2,1,7,6,"R.GASTON MONMOUSSEAU / Cycliste traverse entre 2 buissons sans regarder","44,8013500"," -0,5400300",201900052540,138 207 263,B01,0,1,0,2,1,19,5,NULL,201900052540,138 207 262,A01,2,2,1,1,2000,0,1,0,-1,0,0,-1,201900052540,4,"RUE GASTON MONMOUSSEAU",0,NULL,2,2,0,1,0,0,4,NULL,NULL,1,0,1,30
201900052540,7,7,2019,17:00:00,1,33,33039,2,1,7,6,"R.GASTON MONMOUSSEAU / Cycliste traverse entre 2 buissons sans regarder","44,8013500"," -0,5400300",201900052540,138 207 263,B01,0,1,0,2,1,19,5,NULL,201900052540,138 207 263,B01,1,1,4,1,2003,5,8,0,-1,0,0,-1,201900052540,4,"RUE GASTON MONMOUSSEAU",0,NULL,2,2,0,1,0,0,4,NULL,NULL,1,0,1,30
201900052733,4,12,2019,19:15:00,5,51,51454,2,1,1,3,"BOULEVARD DE LA PAIX","49,2532147","4,0411352",201900052733,138 206 888,B01,1,1,0,2,1,2,0,NULL,201900052733,138 206 887,A01,1,1,1,1,1953,1,1,0,-1,-1,0,-1,201900052733,3,944,0,NULL,2,3,1,1,(1),(1),1,NULL,NULL,1,0,1,50
201900052733,4,12,2019,19:15:00,5,51,51454,2,1,1,3,"BOULEVARD DE LA PAIX","49,2532147","4,0411352",201900052733,138 206 888,B01,1,1,0,2,1,2,0,NULL,201900052733,138 206 888,B01,1,1,4,1,1995,0,8,0,-1,-1,0,-1,201900052733,3,944,0,NULL,2,3,1,1,(1),(1),1,NULL,NULL,1,0,1,50
201900052954,4,6,2019,16:05:00,1,19,19275,2,3,1,3,NULL,"45,5458990","2,3051700",201900052954,138 206 472,B01,2,1,0,2,3,9,5,NULL,201900052954,138 206 471,A01,1,1,1,1,1972,3,1,0,-1,0," -1",-1,201900052954,3,1089,0,NULL,4,3,0,1,(1),(1),1,NULL,NULL,1,5,1,70
201900052954,4,6,2019,16:05:00,1,19,19275,2,3,1,3,NULL,"45,5458990","2,3051700",201900052954,138 206 472,B01,2,1,0,2,3,9,5,NULL,201900052954,138 206 472,B01,1,1,4,1,2004,5,8,0,-1,0,0,-1,201900052954,3,1089,0,NULL,4,3,0,1,(1),(1),1,NULL,NULL,1,5,1,70
201900055686,12,7,2019,17:50:00,1,68,68115,2,3,1,1,"rue de soppe","47,7490960","7,0925410",201900055686,138 201 414,B01,2,1,0,2,1,1,5,NULL,201900055686,138 201 414,B01,1,1,4,1,1946,5,2,-1,-1,0,0,-1,201900055686,3,34,0,NULL,2,2,0,1,10,600,1,NULL,NULL,1,0,1,50
201900055686,12,7,2019,17:50:00,1,68,68115,2,3,1,1,"rue de soppe","47,7490960","7,0925410",201900055686,138 201 414,B01,2,1,0,2,1,1,5,NULL,201900055686,138 201 415,A01,1,1,1,1,1999,1,1,-1,-1,0,0,-1,201900055686,3,34,0,NULL,2,2,0,1,10,600,1,NULL,NULL,1,0,1,50
201900056743,29,5,2019,20:30:00,1,75,75116,2,7,1,3,"PORTE MAILLOT","48,8768540","2,2826470",201900056743,138 199 451,B01,2,1,0,2,1,1,5,NULL,201900056743,138 199 451,B01,1,1,4,1,1970,5,2,0,-1,0,0,-1,201900056743,4,"PLACE DE LA PORTE MAILLOT",0,NULL,1,3,0,1,0,0,1,NULL,NULL,1,0,1,50
201900056743,29,5,2019,20:30:00,1,75,75116,2,7,1,3,"PORTE MAILLOT","48,8768540","2,2826470",201900056743,138 199 451,B01,2,1,0,2,1,1,5,NULL,201900056743,138 199 454,A01,1,1,1,1,1983,1,1,0,-1,0,0,-1,201900056743,4,"PLACE DE LA PORTE MAILLOT",0,NULL,1,3,0,1,0,0,1,NULL,NULL,1,0,1,50
201900058442,13,8,2019,16:45:00,1,77,77083,2,6,1,3,"ALBERT EINSTEIN (BOULEVARD)","48,8380700","2,5846600",201900058442,138 196 349,B01,3,1,0,2,8,25,5,NULL,201900058442,138 196 349,B01,2,1,4,1,1971,5,8,0,-1,-1,0,-1,201900058442,4,"ALBERT EINSTEIN (BOULEVARD)",0,NULL,3,4,0,1,0,0,1,NULL,NULL,1,0,1,50
201900058442,13,8,2019,16:45:00,1,77,77083,2,6,1,3,"ALBERT EINSTEIN (BOULEVARD)","48,8380700","2,5846600",201900058442,138 196 349,B01,3,1,0,2,8,25,5,NULL,201900058442,138 196 350,A01,1,1,1,2,1992,5,1,0,-1,-1,0,-1,201900058442,4,"ALBERT EINSTEIN (BOULEVARD)",0,NULL,3,4,0,1,0,0,1,NULL,NULL,1,0,1,50
201900009745,23,3,2019,16:08:00,1,65,65080,2,1,1,3,"38 Rue du Pic du Midi","43,1520360","0,0243990",201900009745,138 288 286,B01,1,1,0,2,8,1,5,NULL,201900009745,138 288 285,A01,1,1,1,1,1984,4,1,-1,-1,0,0,-1,201900009745,3,7,0,NULL,2,2,0,1,24,800,4,NULL,NULL,1,0,1,50
201900009745,23,3,2019,16:08:00,1,65,65080,2,1,1,3,"38 Rue du Pic du Midi","43,1520360","0,0243990",201900009745,138 288 286,B01,1,1,0,2,8,1,5,NULL,201900009745,138 288 286,B01,1,1,3,1,1959,5,2,-1,-1,0,0,-1,201900009745,3,7,0,NULL,2,2,0,1,24,800,4,NULL,NULL,1,0,1,50
201900010453,28,4,2019,14:45:00,1,75,75120,2,2,2,6,"RUE D AVRON","48,8518580","2,4013740",201900010453,138 287 009,A01,1,1,0,1,7,1,0,NULL,201900010453,138 287 009,A01,10,3,4,1,1950,5,8,0,-1,4,3,1,201900010453,4,"RUE D AVRON",0,NULL,1,2,0,1,0,0,1,NULL,NULL,2,0,1,50
201900010453,28,4,2019,14:45:00,1,75,75120,2,2,2,6,"RUE D AVRON","48,8518580","2,4013740",201900010453,138 287 009,A01,1,1,0,1,7,1,0,NULL,201900010453,138 287 009,A01,1,1,1,1,1960,0,2,0,-1,0,0,-1,201900010453,4,"RUE D AVRON",0,NULL,1,2,0,1,0,0,1,NULL,NULL,2,0,1,50
201900012691,5,7,2019,08:20:00,1,68,68258,2,1,1,7,"Rue d'Ensisheim","47,8366830","7,3061100",201900012691,138 282 828,A01,2,1,12,0,0,1,5,NULL,201900012691,138 282 828,A01,1,1,4,1,1998,1,2,-1,-1,0,0,-1,201900012691,3,2,0,NULL,2,2,1,1,(1),(1),1,NULL,NULL,1,0,5,50
201900016995,28,1,2019,13:10:00,1,49,49007,2,2,1,3,"BIRGE BOULEVARD","47,4705600"," -0,5190200",201900016995,138 274 647,B01,2,1,0,2,8,1,5,NULL,201900016995,138 274 647,B01,1,1,2,1,1936,5,2,8,-1,-1,0,-1,201900016995,4,"BIRGE BOULEVARD",0,NULL,3,5,0,1,0,0,1,NULL,NULL,1,5,1,50
201900016995,28,1,2019,13:10:00,1,49,49007,2,2,1,3,"BIRGE BOULEVARD","47,4705600"," -0,5190200",201900016995,138 274 647,B01,2,1,0,2,8,1,5,NULL,201900016995,138 274 648,A01,1,1,1,1,1968,4,1,0,-1,-1,0,-1,201900016995,4,"BIRGE BOULEVARD",0,NULL,3,5,0,1,0,0,1,NULL,NULL,1,5,1,50
201900017786,1,8,2019,18:35:00,1,71,71306,2,3,1,3,"PLESSIS (BOULEVARD DU)","46,6775200","4,3785000",201900017786,138 273 161,B01,1,1,0,2,7,1,5,NULL,201900017786,138 273 160,A01,1,1,1,1,1986,0,1,0,-1,0,0,-1,201900017786,4,"PLESSIS (BOULEVARD DU)",0,NULL,2,2,1,1,1,0,1,NULL,NULL,1,0,1,50
201900017786,1,8,2019,18:35:00,1,71,71306,2,3,1,3,"PLESSIS (BOULEVARD DU)","46,6775200","4,3785000",201900017786,138 273 161,B01,1,1,0,2,7,1,5,NULL,201900017786,138 273 161,B01,1,1,4,1,1957,0,2,0,-1,0,0,-1,201900017786,4,"PLESSIS (BOULEVARD DU)",0,NULL,2,2,1,1,1,0,1,NULL,NULL,1,0,1,50
201900019850,1,8,2019,09:45:00,1,83,83097,1,1,1,5,"CD23 - PK18","43,5273570","5,7356180",201900019850,138 269 303,C01,1,1,0,2,1,1,0,NULL,201900019850,138 269 303,C01,1,1,3,1,1960,5,2,-1,-1,0,0,-1,201900019850,3,23,NULL,D,2,2,0,2,18,(1),3,NULL,NULL,1,0,1,80
201900019850,1,8,2019,09:45:00,1,83,83097,1,1,1,5,"CD23 - PK18","43,5273570","5,7356180",201900019850,138 269 303,C01,1,1,0,2,1,1,0,NULL,201900019850,138 269 304,B01,1,1,1,2,1999,0,8,-1,-1,0,0,-1,201900019850,3,23,NULL,D,2,2,0,2,18,(1),3,NULL,NULL,1,0,1,80
201900019850,1,8,2019,09:45:00,1,83,83097,1,1,1,5,"CD23 - PK18","43,5273570","5,7356180",201900019850,138 269 303,C01,1,1,0,2,1,1,0,NULL,201900019850,138 269 305,A01,1,1,1,1,1968,5,8,-1,-1,0,0,-1,201900019850,3,23,NULL,D,2,2,0,2,18,(1),3,NULL,NULL,1,0,1,80
201900019914,16,5,2019,17:20:00,1,2A,2A004,2,1,1,2,"MEZZAVIA ROUTE DE","41,9525900","8,7847000",201900019914,138 269 184,B01,3,1,0,2,1,2,5,NULL,201900019914,138 269 184,B01,1,1,3,1,1986,0,2,0,-1,0,0,-1,201900019914,2,22,0,NULL,2,2,0,1,(1),(1),1,NULL,NULL,1,0,1,50
201900019914,16,5,2019,17:20:00,1,2A,2A004,2,1,1,2,"MEZZAVIA ROUTE DE","41,9525900","8,7847000",201900019914,138 269 184,B01,3,1,0,2,1,2,5,NULL,201900019914,138 269 185,A01,1,1,1,2,1964,0,1,0,-1,0,0,-1,201900019914,2,22,0,NULL,2,2,0,1,(1),(1),1,NULL,NULL,1,0,1,50
201900019959,17,5,2019,17:30:00,1,91,91645,2,3,1,3,"AMBLAINVILLIERS (RUE D')","48,7434190","2,2563950",201900019959,138 269 071,A01,1,1,0,2,7,1,5,NULL,201900019959,138 269 070,B01,1,1,1,2,1976,9,1,0,-1,0,0,-1,201900019959,4,"AMBLAINVILLIERS (RUE D')",0,NULL,2,1,0,1,0,0,1,NULL,NULL,1,0,1,50
201900019959,17,5,2019,17:30:00,1,91,91645,2,3,1,3,"AMBLAINVILLIERS (RUE D')","48,7434190","2,2563950",201900019959,138 269 071,A01,1,1,0,2,7,1,5,NULL,201900019959,138 269 071,A01,1,1,4,1,1992,2,2,0,-1,0,0,-1,201900019959,4,"AMBLAINVILLIERS (RUE D')",0,NULL,2,1,0,1,0,0,1,NULL,NULL,1,0,1,50
201900020920,11,10,2019,18:00:00,1,94,94017,2,1,1,2,"BOIS L ABBE (R DU)","48,8100000","2,5400000",201900020920,138 267 304,A01,2,1,0,2,1,1,5,NULL,201900020920,138 267 303,B01,1,1,1,2,1977,0,1,0,-1,-1," -1",-1,201900020920,3,145,0,NULL,2,3,1,2,0,0,1,NULL,NULL,1,0,1,50
201900020920,11,10,2019,18:00:00,1,94,94017,2,1,1,2,"BOIS L ABBE (R DU)","48,8100000","2,5400000",201900020920,138 267 304,A01,2,1,0,2,1,1,5,NULL,201900020920,138 267 304,A01,1,1,3,1,1970,0,8,0,-1,-1," -1",-1,201900020920,3,145,0,NULL,2,3,1,2,0,0,1,NULL,NULL,1,0,1,50
201900022421,22,12,2019,15:30:00,1,93,93066,2,3,1,5,"MOULIN JEAN (AVE) NR 10 A 20 ET  13 A 17","48,9408400","2,3640300",201900022421,138 264 410,C01,2,1,0,2,1,15,0,NULL,201900022421,138 264 410,C01,1,1,4,1,2005,0,8,0,-1,-1," -1",-1,201900022421,4,"MOULIN JEAN (AVE) NR 10 A 20 ET  13 A 17",0,NULL,2,2,0,1,0,1,1,NULL,NULL,1,0,1,50
201900022421,22,12,2019,15:30:00,1,93,93066,2,3,1,5,"MOULIN JEAN (AVE) NR 10 A 20 ET  13 A 17","48,9408400","2,3640300",201900022421,138 264 410,C01,2,1,0,2,1,15,0,NULL,201900022421,138 264 411,B01,1,1,1,1,1986,0,1,0,-1,-1," -1",-1,201900022421,4,"MOULIN JEAN (AVE) NR 10 A 20 ET  13 A 17",0,NULL,2,2,0,1,0,1,1,NULL,NULL,1,0,1,50
201900022421,22,12,2019,15:30:00,1,93,93066,2,3,1,5,"MOULIN JEAN (AVE) NR 10 A 20 ET  13 A 17","48,9408400","2,3640300",201900022421,138 264 410,C01,2,1,0,2,1,15,0,NULL,201900022421,138 264 418,A01,1,1,1,1,1994,0,1,0,-1,-1," -1",-1,201900022421,4,"MOULIN JEAN (AVE) NR 10 A 20 ET  13 A 17",0,NULL,2,2,0,1,0,1,1,NULL,NULL,1,0,1,50
201900024015,25,1,2019,13:40:00,1,67,67482,2,1,8,3,"PAUL ELUARD (RUE)","48,5881100","7,6974600",201900024015,138 261 193,A01,1,1,0,2,0,1,5,NULL,201900024015,138 261 192,B01,1,1,1,1,1984,3,1,8,-1,-1,0,-1,201900024015,4,"PAUL ELUARD (RUE)",0,NULL,3,2,2,2,0,0,1,NULL,NULL,2,9,1,30
201900024015,25,1,2019,13:40:00,1,67,67482,2,1,8,3,"PAUL ELUARD (RUE)","48,5881100","7,6974600",201900024015,138 261 193,A01,1,1,0,2,0,1,5,NULL,201900024015,138 261 193,A01,1,1,4,1,1962,0,8,8,-1,-1,0,-1,201900024015,4,"PAUL ELUARD (RUE)",0,NULL,3,2,2,2,0,0,1,NULL,NULL,2,9,1,30
201900025464,15,5,2019,17:20:00,1,64,64445,2,9,1,3,"LOUP DU","43,3012037"," -0,3710348",201900025464,138 258 431,B01,3,1,0,2,1,19,0,NULL,201900025464,138 258 431,B01,1,1,4,1,1995,5,8,0,-1,0,0,-1,201900025464,4,"LOUP DU",0,NULL,2,2,1,1,0,0,1,NULL,NULL,1,0,1,50
201900025464,15,5,2019,17:20:00,1,64,64445,2,9,1,3,"LOUP DU","43,3012037"," -0,3710348",201900025464,138 258 431,B01,3,1,0,2,1,19,0,NULL,201900025464,138 258 432,A01,1,1,1,1,1978,5,1,8,-1,0,0,-1,201900025464,4,"LOUP DU",0,NULL,2,2,1,1,0,0,1,NULL,NULL,1,0,1,50
201900028849,5,3,2019,08:10:00,1,35,35238,2,3,1,3,"POMPIDOU ( BD GEORGES)","48,0982800"," -1,6881200",201900028849,138 252 061,B01,2,1,0,2,3,1,5,NULL,201900028849,138 252 060,A01,1,1,1,1,1971,0,1,0,-1,-1,0,-1,201900028849,4,"POMPIDOU ( BD GEORGES)",0,NULL,1,5,1,2,0,0,1,NULL,NULL,1,0,1,50
201900028849,5,3,2019,08:10:00,1,35,35238,2,3,1,3,"POMPIDOU ( BD GEORGES)","48,0982800"," -1,6881200",201900028849,138 252 061,B01,2,1,0,2,3,1,5,NULL,201900028849,138 252 061,B01,1,1,4,2,1959,0,8,0,-1,-1,0,-1,201900028849,4,"POMPIDOU ( BD GEORGES)",0,NULL,1,5,1,2,0,0,1,NULL,NULL,1,0,1,50