Num_Acc,jour,mois,an,hrmn,lum,dep,com,agg,int,atm,col,adr,lat,long,Num_Acc,id_vehicule,num_veh,senc,catv,obs,obsm,choc,manv,motor,occutc,Num_Acc,id_vehicule,num_veh,place,catu,grav,sexe,an_nais,trajet,secu1,secu2,secu3,locp,actp,etatp,Num_Acc,catr,voie,v1,v2,circ,nbv,vosp,prof,pr,pr1,plan,lartpc,larrout,surf,infra,situ,vma
201900030489,6,3,2019,18:20:00,3,75,75109,2,1,2,6,"RUE LA FAYETTE","48,8762010","2,3451430",201900030489,138 248 989,B01,1,1,0,2,0,7,5,NULL,201900030489,138 248 989,B01,1,1,4,2,1991,1,2,0,-1,0,0,-1,201900030489,4,"RUE LA FAYETTE",0,NULL,1,3,3,1,0,0,1,NULL,NULL,2,0,6,50
201900031327,16,12,2019,10:25:00,1,92,92062,2,1,2,3,"WALLACE (BD RICHARD) DU 17 AU 91 ET DU 3","48,8805900","2,2384300",201900031327,138 247 443,B01,1,1,0,2,2,1,5,NULL,201900031327,138 247 442,A01,1,1,1,2,1982,9,1,0,-1,-1,0,-1,201900031327,4,"WALLACE (BD RICHARD) DU 17 AU 91 ET DU 3",0,NULL,2,2,0,1,0,0,1,NULL,NULL,2,0,1,50
201900031327,16,12,2019,10:25:00,1,92,92062,2,1,2,3,"WALLACE (BD RICHARD) DU 17 AU 91 ET DU 3","48,8805900","2,2384300",201900031327,138 247 443,B01,1,1,0,2,2,1,5,NULL,201900031327,138 247 443,B01,1,1,4,2,1997,0,8,0,-1,-1,0,-1,201900031327,4,"WALLACE (BD RICHARD) DU 17 AU 91 ET DU 3",0,NULL,2,2,0,1,0,0,1,NULL,NULL,2,0,1,50
201900033168,14,12,2019,18:30:00,3,972,97209,2,1,1,3,"AVE CAMILLE DARSIERES","14,5992900"," -61,0508900",201900033168,138 243 891,B01,1,1,0,2,6,13,5,NULL,201900033168,138 243 890,A01,1,1,1,1,1965,5,1,0,-1,-1," -1",-1,201900033168,4,"AVE CAMILLE DARSIERES",0,NULL,3,3,0,1,1,799,1,NULL,NULL,1,0,1,50
201900033168,14,12,2019,18:30:00,3,972,97209,2,1,1,3,"AVE CAMILLE DARSIERES","14,5992900"," -61,0508900",201900033168,138 243 891,B01,1,1,0,2,6,13,5,NULL,201900033168,138 243 891,B01,1,1,4,1,1997,5,8,0,-1,-1," -1",-1,201900033168,4,"AVE CAMILLE DARSIERES",0,NULL,3,3,0,1,1,799,1,NULL,NULL,1,0,1,50
201900033644,21,1,2019,20:45:00,5,75,75113,2,7,1,2,"PLACE D ITALIE","48,8312710","2,3562640",201900033644,138 242 984,B01,3,1,0,2,5,1,5,NULL,201900033644,138 242 984,B01,1,1,4,1,1986,1,2,4,-1,0,0,-1,201900033644,4,"PLACE D ITALIE",0,NULL,1,0,0,1,0,0,2,NULL,NULL,1,0,1,50
201900033644,21,1,2019,20:45:00,5,75,75113,2,7,1,2,"PLACE D ITALIE","48,8312710","2,3562640",201900033644,138 242 984,B01,3,1,0,2,5,1,5,NULL,201900033644,138 242 985,A01,1,1,1,1,1949,5,1,0,-1,0,0,-1,201900033644,4,"PLACE D ITALIE",0,NULL,1,0,0,1,0,0,2,NULL,NULL,1,0,1,50
201900035748,27,2,2019,18:10:00,1,80,80021,2,3,1,3,"280, BD DE BAPAUME","49,8792300","2,3062500",201900035748,138 238 902,B01,0,1,0,2,0,16,5,NULL,201900035748,138 238 901,A01,1,1,1,1,1965,0,2,0,-1,0,0,-1,201900035748,4,"BAPAUME (BOULEVARD DE)",0,NULL,2,2,0,1,0,0,1,NULL,NULL,1,0,1,50
201900035748,27,2,2019,18:10:00,1,80,80021,2,3,1,3,"280, BD DE BAPAUME","49,8792300","2,3062500",201900035748,138 238 901,A01,0,1,0,2,0,15,5,NULL,201900035748,138 238 901,A01,1,1,1,1,1965,0,2,0,-1,0,0,-1,201900035748,4,"BAPAUME (BOULEVARD DE)",0,NULL,2,2,0,1,0,0,1,NULL,NULL,1,0,1,50
201900035748,27,2,2019,18:10:00,1,80,80021,2,3,1,3,"280, BD DE BAPAUME","49,8792300","2,3062500",201900035748,138 238 902,B01,0,1,0,2,0,16,5,NULL,201900035748,138 238 902,B01,1,1,4,1,2000,0,2,0,-1,0,0,-1,201900035748,4,"BAPAUME (BOULEVARD DE)",0,NULL,2,2,0,1,0,0,1,NULL,NULL,1,0,1,50
201900035748,27,2,2019,18:10:00,1,80,80021,2,3,1,3,"280, BD DE BAPAUME","49,8792300","2,3062500",201900035748,138 238 901,A01,0,1,0,2,0,15,5,NULL,201900035748,138 238 902,B01,1,1,4,1,2000,0,2,0,-1,0,0,-1,201900035748,4,"BAPAUME (BOULEVARD DE)",0,NULL,2,2,0,1,0,0,1,NULL,NULL,1,0,1,50
201900036389,29,4,2019,09:25:00,1,10,10333,2,6,1,3,"ABBAYE DE MONTIER LA CELLE (RUE DE)","48,2857600","4,0523400",201900036389,138 237 704,B01,3,1,0,2,7,26,5,NULL,201900036389,138 237 703,A01,1,1,1,1,1900,-1,1,9,9,-1," -1",-1,201900036389,4,"ABBAYE DE MONTIER LA CELLE (RUE DE)",0,NULL,2,2,0,1,0,0,3,NULL,NULL,1,9,1,50
201900036389,29,4,2019,09:25:00,1,10,10333,2,6,1,3,"ABBAYE DE MONTIER LA CELLE (RUE DE)","48,2857600","4,0523400",201900036389,138 237 704,B01,3,1,0,2,7,26,5,NULL,201900036389,138 237 704,B01,1,1,4,1,1997,1,8,0,-1,-1," -1",-1,201900036389,4,"ABBAYE DE MONTIER LA CELLE (RUE DE)",0,NULL,2,2,0,1,0,0,3,NULL,NULL,1,9,1,50
201900036997,2,6,2019,03:00:00,5,987,98733,2,1,1,1,"PK 20.500 RT1"," -17,6793140"," -149,5877070",201900036997,138 236 515,B01,1,1,0,2,1,1,6,NULL,201900036997,138 236 515,B01,2,2,2,1,2001,5,0,-1,-1,0,0,-1,201900036997,2,1,NULL,NULL,2,2,2,1,20,500,1,NULL,NULL,1,0,1,60
201900036997,2,6,2019,03:00:00,5,987,98733,2,1,1,1,"PK 20.500 RT1"," -17,6793140"," -149,5877070",201900036997,138 236 515,B01,1,1,0,2,1,1,6,NULL,201900036997,138 236 515,B01,1,1,3,1,2002,5,0,-1,-1,0,0,-1,201900036997,2,1,NULL,NULL,2,2,2,1,20,500,1,NULL,NULL,1,0,1,60
201900036997,2,6,2019,03:00:00,5,987,98733,2,1,1,1,"PK 20.500 RT1"," -17,6793140"," -149,5877070",201900036997,138 236 515,B01,1,1,0,2,1,1,6,NULL,201900036997,138 236 516,A01,1,1,1,1,1977,5,1,-1,-1,0,0,-1,201900036997,2,1,NULL,NULL,2,2,2,1,20,500,1,NULL,NULL,1,0,1,60
201900038128,23,5,2019,19:30:00,1,75,75119,2,3,1,6,"AVENUE DE FLANDRE","48,8905760","2,3765170",201900038128,138 234 362,Z01,2,1,0,1,1,1,5,NULL,201900038128,138 234 362,Z01,10,3,4,2,1979,5,8,0,-1,4,3,1,201900038128,4,"AVENUE DE FLANDRE",0,NULL,2,4,0,1,0,0,1,NULL,NULL,1,0,1,50
201900038176,20,5,2019,17:20:00,1,75,75118,2,1,1,6,"BOULEVARD NEY","48,8977790","2,3397880",201900038176,138 234 280,A01,2,1,0,2,4,23,5,NULL,201900038176,138 234 280,A01,1,1,4,1,1990,1,8,0,-1,0,0,-1,201900038176,4,"BOULEVARD NEY",0,NULL,1,2,1,1,0,0,1,NULL,NULL,1,0,1,50
201900038597,28,10,2019,20:00:00,2,54,54395,2,3,1,1,"BATAILLE (QUAI DE LA)","48,6768300","6,1918800",201900038597,138 233 548,B01,1,1,0,2,1,1,5,NULL,201900038597,138 233 548,B01,1,1,4,1,1988,-1,2,-1,-1,-1," -1",-1,201900038597,4,"BATAILLE (QUAI DE LA)",0,NULL,-1,2,0,1,0,0,1,NULL,NULL,1,0,1,50
201900042962,11,1,2019,10:30:00,1,95,95476,2,6,2,3,"JULES CESAR (CHAUSSEE)","49,0498300","2,0746800",201900042962,138 225 347,B01,1,1,0,2,0,1,5,NULL,201900042962,138 225 347,B01,1,1,4,2,1963,1,2,4,-1,-1,0,-1,201900042962,4,"JULES CESAR (CHAUSSEE)",0,NULL,1,2,2,1,0,0,3,NULL,NULL,2,0,1,50
201900042962,11,1,2019,10:30:00,1,95,95476,2,6,2,3,"JULES CESAR (CHAUSSEE)","49,0498300","2,0746800",201900042962,138 225 347,B01,1,1,0,2,0,1,5,NULL,201900042962,138 225 348,A01,1,1,1,1,1977,4,8,0,-1,-1,0,-1,201900042962,4,"JULES CESAR (CHAUSSEE)",0,NULL,1,2,2,1,0,0,3,NULL,NULL,2,0,1,50
201900043534,10,12,2019,13:01:00,1,75,75109,2,1,1,6,"RUE SAINT LAZARE","48,8758670","2,3291830",201900043534,138 224 312,A01,1,1,0,1,1,7,5,NULL,201900043534,138 224 312,A01,1,1,1,1,1966,5,2,8,-1,0,0,-1,201900043534,4,"RUE SAINT LAZARE",0,NULL,2,3,3,1,83,0,1,NULL,NULL,1,0,6,50
201900043534,10,12,2019,13:01:00,1,75,75109,2,1,1,6,"RUE SAINT LAZARE","48,8758670","2,3291830",201900043534,138 224 312,A01,1,1,0,1,1,7,5,NULL,201900043534,138 224 312,A01,10,3,4,2,1967,4,0,-1,-1,2,3,1,201900043534,4,"RUE SAINT LAZARE",0,NULL,2,3,3,1,83,0,1,NULL,NULL,1,0,6,50
201900044714,28,9,2019,18:30:00,1,75,75116,2,1,1,2,"VOIE GEORGES POMPIDOU","48,8492730","2,2767820",201900044714,138 222 032,B01,1,1,0,2,2,2,5,NULL,201900044714,138 222 032,B01,1,1,4,1,1979,0,8,2,-1,0,0,-1,201900044714,4,"VOIE GEORGES POMPIDOU",0,NULL,1,4,-1,1,0,0,1,NULL,NULL,1,0,1,50
201900044714,28,9,2019,18:30:00,1,75,75116,2,1,1,2,"VOIE GEORGES POMPIDOU","48,8492730","2,2767820",201900044714,138 222 032,B01,1,1,0,2,2,2,5,NULL,201900044714,138 222 033,A01,1,1,1,1,1970,0,1,0,-1,0,0,-1,201900044714,4,"VOIE GEORGES POMPIDOU",0,NULL,1,4,-1,1,0,0,1,NULL,NULL,1,0,1,50
201900045538,14,5,2019,13:45:00,1,92,92063,2,2,1,3,"FLOQUET (RUE CHARLES) EST","48,8751700","2,1775392",201900045538,138 220 470,A01,2,1,0,2,7,17,5,NULL,201900045538,138 220 469,B01,1,1,1,2,1968,1,1,8,-1,-1,0,-1,201900045538,3,180,0,NULL,2,2,0,4,0,0,1,NULL,NULL,1,5,1,50
201900045538,14,5,2019,13:45:00,1,92,92063,2,2,1,3,"FLOQUET (RUE CHARLES) EST","48,8751700","2,1775392",201900045538,138 220 470,A01,2,1,0,2,7,17,5,NULL,201900045538,138 220 470,A01,1,1,4,1,1970,1,8,8,-1,-1,0,-1,201900045538,3,180,0,NULL,2,2,0,4,0,0,1,NULL,NULL,1,5,1,50
201900046335,9,1,2019,08:17:00,2,35,35238,2,2,1,3,"LANGUEDOC (AVENUE DU)","48,1160500"," -1,7052100",201900046335,138 218 909,B01,2,1,0,2,7,16,5,NULL,201900046335,138 218 909,B01,1,1,4,1,1956,1,8,0,-1,-1,0,-1,201900046335,4,"LANGUEDOC (AVENUE DU)",0,NULL,1,2,1,1,0,0,2,NULL,NULL,1,0,1,50
201900046847,1,4,2019,15:40:00,1,69,69382,2,1,1,2,"GENTIL                              (R )","45,7649400","4,8362700",201900046847,138 217 937,B01,2,1,0,2,4,15,5,NULL,201900046847,138 217 937,B01,1,1,4,2,1959,0,8,0,-1,0,0,-1,201900046847,4,"GENTIL                              (R )",0,NULL,1,1,0,1,0,0,1,NULL,NULL,1,0,1,50
201900046847,1,4,2019,15:40:00,1,69,69382,2,1,1,2,"GENTIL                              (R )","45,7649400","4,8362700",201900046847,138 217 937,B01,2,1,0,2,4,15,5,NULL,201900046847,138 217 938,A01,1,1,1,1,1991,0,1,0,-1,0,0,-1,201900046847,4,"GENTIL                              (R )",0,NULL,1,1,0,1,0,0,1,NULL,NULL,1,0,1,50
201900051199,28,5,2019,16:00:00,1,34,34172,2,3,1,3,"MOULIN DE SEMALEN (RUE DU)","43,6097600","3,8955100",201900051199,138 209 891,A01,1,1,0,2,0,19,5,NULL,201900051199,138 209 890,B01,1,1,1,1,1968,1,1,8,-1,0,0,-1,201900051199,4,"MOULIN DE SEMALEN (RUE DU)",0,NULL,1,1,0,1,(1),(1),1,NULL,NULL,1,5,1,50
201900051199,28,5,2019,16:00:00,1,34,34172,2,3,1,3,"MOULIN DE SEMALEN (RUE DU)","43,6097600","3,8955100",201900051199,138 209 891,A01,1,1,0,2,0,19,5,NULL,201900051199,138 209 891,A01,1,1,4,2,1982,0,8,0,-1,0,0,-1,201900051199,4,"MOULIN DE SEMALEN (RUE DU)",0,NULL,1,1,0,1,(1),(1),1,NULL,NULL,1,5,1,50
201900051216,21,5,2019,20:30:00,1,33,33063,2,1,1,6,"LOUIS XVIII (QUAI )","44,8484000"," -0,5703600",201900051216,138 209 858,B01,0,1,0,2,0,1,5,NULL,201900051216,138 209 857,A01,1,1,4,1,1982,1,8,0,-1,-1," -1",-1,201900051216,4,"LOUIS XVIII (QUAI )",0,NULL,2,0,1,1,0,0,1,NULL,NULL,1,0,5,20
201900051216,21,5,2019,20:30:00,1,33,33063,2,1,1,6,"LOUIS XVIII (QUAI )","44,8484000"," -0,5703600",201900051216,138 209 858,B01,0,1,0,2,0,1,5,NULL,201900051216,138 209 858,B01,1,1,4,1,1996,0,8,0,-1,-1," -1",-1,201900051216,4,"LOUIS XVIII (QUAI )",0,NULL,2,0,1,1,0,0,1,NULL,NULL,1,0,5,20
201900052511,19,6,2019,12:10:00,1,40,40088,2,1,1,3,"CHAULET (RUE GEORGES)","43,7159000"," -1,0525200",201900052511,138 207 318,B01,1,1,0,2,3,2,5,NULL,201900052511,138 207 316,A01,1,1,4,1,2001,2,2,6,-1,0,0,-1,201900052511,4,"CHAULET (RUE GEORGES)",0,NULL,2,3,0,1,1,10,1,NULL,NULL,1,0,1,50
201900052511,19,6,2019,12:10:00,1,40,40088,2,1,1,3,"CHAULET (RUE GEORGES)","43,7159000"," -1,0525200",201900052511,138 207 318,B01,1,1,0,2,3,2,5,NULL,201900052511,138 207 318,B01,1,1,3,1,1977,5,8,0,-1,0,1,-1,201900052511,4,"CHAULET (RUE GEORGES)",0,NULL,2,3,0,1,1,10,1,NULL,NULL,1,0,1,50
201900052823,11,5,2019,08:20:00,1,6,06112,2,1,1,3,"chemin des princes","43,6731230","7,0065780",201900052823,138 206 710,B01,3,1,0,2,2,5,6,NULL,201900052823,138 206 710,B01,1,1,4,1,2011,5,0,-1,-1,0,0,-1,201900052823,4,NULL,NULL,NULL,2,1,0,2,(1),(1),3,NULL,NULL,1,0,1,50
201900052823,11,5,2019,08:20:00,1,6,06112,2,1,1,3,"chemin des princes","43,6731230","7,0065780",201900052823,138 206 710,B01,3,1,0,2,2,5,6,NULL,201900052823,138 206 711,A01,1,1,1,1,1978,1,1,-1,-1,0,0,-1,201900052823,4,NULL,NULL,NULL,2,1,0,2,(1),(1),3,NULL,NULL,1,0,1,50
201900054170,19,8,2019,13:50:00,1,50,50602,1,1,1,6,"COUPLETS (ROUTE DES)","49,6505200"," -1,5535500",201900054170,138 204 177,A01,1,1,16,0,0,1,5,NULL,201900054170,138 204 177,A01,1,1,4,2,2005,5,2,0,-1,-1,0,-1,201900054170,3,120,0,NULL,2,2,0,2,0,0,1,NULL,NULL,1,0,1,80
201900058302,15,2,2019,14:30:00,1,39,39034,1,1,1,3,NULL,"46,9584580","5,4669790",201900058302,138 196 621,B01,2,1,0,2,8,1,5,NULL,201900058302,138 196 619,A01,1,1,1,1,1932,5,1,-1,-1,0,0,-1,201900058302,3,469,NULL,NULL,2,2,0,1,4,820,1,NULL,NULL,1,0,1,80
201900058302,15,2,2019,14:30:00,1,39,39034,1,1,1,3,NULL,"46,9584580","5,4669790",201900058302,138 196 621,B01,2,1,0,2,8,1,5,NULL,201900058302,138 196 621,B01,1,1,3,1,1937,5,2,-1,-1,0,0,-1,201900058302,3,469,NULL,NULL,2,2,0,1,4,820,1,NULL,NULL,1,0,1,80
201900015845,21,4,2019,19:30:00,1,70,70427,2,2,1,1,"Rue du Vaux","47,7492040","5,9990410",201900015845,138 276 899,A01,2,1,0,2,8,5,5,NULL,201900015845,138 276 898,B01,1,1,1,1,1978,5,1,-1,-1,0,0,-1,201900015845,3,7,0,NULL,2,2,0,2,(1),(1),1,NULL,NULL,1,0,1,50
201900015845,21,4,2019,19:30:00,1,70,70427,2,2,1,1,"Rue du Vaux","47,7492040","5,9990410",201900015845,138 276 899,A01,2,1,0,2,8,5,5,NULL,201900015845,138 276 899,A01,1,1,3,1,2005,5,0,-1,-1,0,0,-1,201900015845,3,7,0,NULL,2,2,0,2,(1),(1),1,NULL,NULL,1,0,1,50
201900019873,4,5,2019,23:35:00,5,69,69382,2,2,8,3,"SAINT EXUPERY                       (R )","45,7574200","4,8289100",201900019873,138 269 258,A01,2,1,0,2,1,1,5,NULL,201900019873,138 269 258,A01,1,1,4,1,1992,4,8,0,-1,0,0,-1,201900019873,4,"SAINT EXUPERY (R)",0,NULL,1,4,3,1,0,0,1,NULL,NULL,1,0,1,50
201900019873,4,5,2019,23:35:00,5,69,69382,2,2,8,3,"SAINT EXUPERY                       (R )","45,7574200","4,8289100",201900019873,138 269 258,A01,2,1,0,2,1,1,5,NULL,201900019873,138 269 259,B01,1,1,1,1,1985,5,1,0,-1,0,0,-1,201900019873,4,"SAINT EXUPERY (R)",0,NULL,1,4,3,1,0,0,1,NULL,NULL,1,0,1,50
201900019873,4,5,2019,23:35:00,5,69,69382,2,2,8,3,"SAINT EXUPERY                       (R )","45,7574200","4,8289100",201900019873,138 269 258,A01,2,1,0,2,1,1,5,NULL,201900019873,138 269 259,B01,2,2,1,1,1993,5,1,0,-1,0,0,-1,201900019873,4,"SAINT EXUPERY (R)",0,NULL,1,4,3,1,0,0,1,NULL,NULL,1,0,1,50
201900022025,11,3,2019,09:40:00,1,49,49007,2,1,1,3,"LYCEE PLACE","47,4671000"," -0,5448600",201900022025,138 265 148,B01,1,1,0,2,3,1,5,NULL,201900022025,138 265 148,B01,1,1,4,1,2001,0,8,0,-1,-1,0,-1,201900022025,4,"LYCEE PLACE",0,NULL,2,2,0,1,0,0,1,NULL,NULL,1,0,1,50
201900022025,11,3,2019,09:40:00,1,49,49007,2,1,1,3,"LYCEE PLACE","47,4671000"," -0,5448600",201900022025,138 265 148,B01,1,1,0,2,3,1,5,NULL,201900022025,138 265 150,A01,1,1,1,2,1991,0,1,8,-1,-1,0,-1,201900022025,4,"LYCEE PLACE",0,NULL,2,2,0,1,0,0,1,NULL,NULL,1,0,1,50
201900028340,28,6,2019,11:30:00,1,69,69040,2,1,1,3,"Allée des Monts d'Or","45,7982940","4,7821910",201900028340,138 253 065,B01,3,1,0,2,1,0,5,NULL,201900028340,138 253 065,B01,1,1,3,1,1979,0,0,-1,-1,0,0,-1,201900028340,9,NULL,NULL,NULL,2,2,0,1,(1),(1),1,NULL,NULL,1,0,4,50
201900028340,28,6,2019,11:30:00,1,69,69040,2,1,1,3,"Allée des Monts d'Or","45,7982940","4,7821910",201900028340,138 253 065,B01,3,1,0,2,1,0,5,NULL,201900028340,138 253 066,A01,1,1,1,1,1957,0,1,-1,-1,0,0,-1,201900028340,9,NULL,NULL,NULL,2,2,0,1,(1),(1),1,NULL,NULL,1,0,4,50
201900030498,4,3,2019,14:10:00,1,75,75107,2,7,8,3,"PLACE DE FONTENOY","48,8503510","2,3068590",201900030498,138 248 972,B01,1,1,0,2,2,19,5,NULL,201900030498,138 248 971,A01,1,1,1,1,1937,0,1,0,-1,0,0,-1,201900030498,4,"PLACE DE FONTENOY",0,NULL,1,2,0,1,1,0,3,NULL,NULL,1,0,1,50
201900030498,4,3,2019,14:10:00,1,75,75107,2,7,8,3,"PLACE DE FONTENOY","48,8503510","2,3068590",201900030498,138 248 972,B01,1,1,0,2,2,19,5,NULL,201900030498,138 248 972,B01,1,1,4,1,2004,0,2,0,-1,0,0,-1,201900030498,4,"PLACE DE FONTENOY",0,NULL,1,2,0,1,1,0,3,NULL,NULL,1,0,1,50
201900031219,19,12,2019,07:45:00,3,76,76238,1,1,1,2,"Rue de Coupeauville","49,5588577","0,2341140",201900031219,138 247 633,B01,1,1,0,2,4,1,5,NULL,201900031219,138 247 632,A01,1,1,1,1,1987,4,1,-1,-1,0,0,-1,201900031219,3,31,NULL,B,2,2,0,2,1,0,3,NULL,NULL,1,0,1,80
201900031219,19,12,2019,07:45:00,3,76,76238,1,1,1,2,"Rue de Coupeauville","49,5588577","0,2341140",201900031219,138 247 633,B01,1,1,0,2,4,1,5,NULL,201900031219,138 247 633,B01,1,1,3,1,1994,1,0,-1,-1,0,0,-1,201900031219,3,31,NULL,B,2,2,0,2,1,0,3,NULL,NULL,1,0,1,80
201900031336,21,7,2019,11:10:00,1,47,47256,1,3,1,5,malcournet,"44,6375720","0,7984210",201900031336,138 247 427,B01,3,1,0,2,1,1,5,NULL,201900031336,138 247 426,C01,1,1,4,1,1951,5,2,-1,-1,0,0,-1,201900031336,4,2,NULL,C,2,2,0,1,(1),(1),1,NULL,NULL,1,0,1,80
201900031336,21,7,2019,11:10:00,1,47,47256,1,3,1,5,malcournet,"44,6375720","0,7984210",201900031336,138 247 426,C01,3,1,0,0,0,1,5,NULL,201900031336,138 247 426,C01,1,1,4,1,1951,5,2,-1,-1,0,0,-1,201900031336,4,2,NULL,C,2,2,0,1,(1),(1),1,NULL,NULL,1,0,1,80
201900031336,21,7,2019,11:10:00,1,47,47256,1,3,1,5,malcournet,"44,6375720","0,7984210",201900031336,138 247 427,B01,3,1,0,2,1,1,5,NULL,201900031336,138 247 427,B01,1,1,3,1,1946,5,2,-1,-1,0,0,-1,201900031336,4,2,NULL,C,2,2,0,1,(1),(1),1,NULL,NULL,1,0,1,80
201900031336,21,7,2019,11:10:00,1,47,47256,1,3,1,5,malcournet,"44,6375720","0,7984210",201900031336,138 247 426,C01,3,1,0,0,0,1,5,NULL,201900031336,138 247 427,B01,1,1,3,1,1946,5,2,-1,-1,0,0,-1,201900031336,4,2,NULL,C,2,2,0,1,(1),(1),1,NULL,NULL,1,0,1,80
201900031336,21,7,2019,11:10:00,1,47,47256,1,3,1,5,malcournet,"44,6375720","0,7984210",201900031336,138 247 427,B01,3,1,0,2,1,1,5,NULL,201900031336,138 247 428,A01,1,1,1,2,1942,3,1,-1,-1,0,0,-1,201900031336,4,2,NULL,C,2,2,0,1,(1),(1),1,NULL,NULL,1,0,1,80
201900031336,21,7,2019,11:10:00,1,47,47256,1,3,1,5,malcournet,"44,6375720","0,7984210",201900031336,138 247 426,C01,3,1,0,0,0,1,5,NULL,201900031336,138 247 428,A01,1,1,1,2,1942,3,1,-1,-1,0,0,-1,201900031336,4,2,NULL,C,2,2,0,1,(1),(1),1,NULL,NULL,1,0,1,80
201900034214,6,4,2019,15:46:00,1,49,49007,2,1,1,3,"BON PASTEUR BOULEVARD","47,4727900"," -0,5769000",201900034214,138 241 869,B01,1,1,0,2,3,1,5,NULL,201900034214,138 241 868,A01,1,1,1,1,1959,0,1,8,-1,-1,0,-1,201900034214,4,"BON PASTEUR BOULEVARD",0,NULL,2,2,0,1,0,0,1,NULL,NULL,1,0,1,50
201900034214,6,4,2019,15:46:00,1,49,49007,2,1,1,3,"BON PASTEUR BOULEVARD","47,4727900"," -0,5769000",201900034214,138 241 869,B01,1,1,0,2,3,1,5,NULL,201900034214,138 241 869,B01,1,1,4,1,1995,0,8,0,-1,-1,0,-1,201900034214,4,"BON PASTEUR BOULEVARD",0,NULL,2,2,0,1,0,0,1,NULL,NULL,1,0,1,50
201900034773,13,12,2019,16:45:00,2,64,64445,2,3,3,3,"LEON BLUM","43,3245100"," -0,3255800",201900034773,138 240 814,B01,3,1,0,2,1,1,5,NULL,201900034773,138 240 813,A01,1,1,1,1,1986,0,8,0,-1,0,0,-1,201900034773,4,"CAMI SALIE DU",0,NULL,2,1,0,1,0,0,1,NULL,NULL,2,0,1,50
201900034773,13,12,2019,16:45:00,2,64,64445,2,3,3,3,"LEON BLUM","43,3245100"," -0,3255800",201900034773,138 240 814,B01,3,1,0,2,1,1,5,NULL,201900034773,138 240 814,B01,1,1,4,2,1991,0,2,0,-1,0,0,-1,201900034773,4,"CAMI SALIE DU",0,NULL,2,1,0,1,0,0,1,NULL,NULL,2,0,1,50
201900036263,13,12,2019,09:50:00,1,93,93070,2,1,3,3,"MICHELET (AVE) : DU 1 AU 103","48,9084000","2,3441000",201900036263,138 237 939,B01,1,1,0,2,0,0,5,NULL,201900036263,138 237 938,A01,1,1,1,1,1960,4,1,0,-1,-1," -1",-1,201900036263,3,14,0,NULL,1,2,0,1,0,0,1,NULL,NULL,2,0,1,50
201900036263,13,12,2019,09:50:00,1,93,93070,2,1,3,3,"MICHELET (AVE) : DU 1 AU 103","48,9084000","2,3441000",201900036263,138 237 939,B01,1,1,0,2,0,0,5,NULL,201900036263,138 237 939,B01,1,1,4,1,1980,0,8,0,-1,-1," -1",-1,201900036263,3,14,0,NULL,1,2,0,1,0,0,1,NULL,NULL,2,0,1,50
201900039349,26,2,2019,13:10:00,1,75,75117,2,1,1,2,"RUE NICOLAS CHUQUET","48,8886430","2,3034070",201900039349,138 232 125,B01,2,1,0,2,4,5,5,NULL,201900039349,138 232 125,B01,1,1,2,1,1957,9,2,0,-1,0,0,-1,201900039349,4,"RUE NICOLAS CHUQUET",0,NULL,1,1,0,1,0,0,1,NULL,NULL,1,0,1,30
201900039349,26,2,2019,13:10:00,1,75,75117,2,1,1,2,"RUE NICOLAS CHUQUET","48,8886430","2,3034070",201900039349,138 232 125,B01,2,1,0,2,4,5,5,NULL,201900039349,138 232 126,A01,1,1,1,2,1992,5,1,0,-1,0,0,-1,201900039349,4,"RUE NICOLAS CHUQUET",0,NULL,1,1,0,1,0,0,1,NULL,NULL,1,0,1,30
201900040559,31,10,2019,11:00:00,1,34,34199,2,6,1,3,"Avenue de Plaisance","43,4606750","3,4105524",201900040559,138 229 907,A01,1,1,0,2,1,9,5,NULL,201900040559,138 229 907,A01,1,1,4,1,1943,5,0,-1,-1,0,0,-1,201900040559,3,13,NULL,NULL,-1,1,0,1,(1),(1),2,NULL,NULL,2,0,1,50
201900040559,31,10,2019,11:00:00,1,34,34199,2,6,1,3,"Avenue de Plaisance","43,4606750","3,4105524",201900040559,138 229 907,A01,1,1,0,2,1,9,5,NULL,201900040559,138 229 908,B01,1,1,1,2,1986,4,1,-1,-1,0,0,-1,201900040559,3,13,NULL,NULL,-1,1,0,1,(1),(1),2,NULL,NULL,2,0,1,50
201900041333,5,4,2019,08:05:00,1,75,75112,2,2,1,3,"AVENUE DE SAINT MANDE","48,8446690","2,4057320",201900041333,138 228 473,B01,1,1,0,2,0,15,5,NULL,201900041333,138 228 473,B01,1,1,4,2,1996,1,8,0,-1,0,0,-1,201900041333,4,"AVENUE DE SAINT MANDE",0,NULL,2,2,0,1,0,0,1,NULL,NULL,1,0,1,50
201900041333,5,4,2019,08:05:00,1,75,75112,2,2,1,3,"AVENUE DE SAINT MANDE","48,8446690","2,4057320",201900041333,138 228 473,B01,1,1,0,2,0,15,5,NULL,201900041333,138 228 474,A01,1,1,1,2,1975,1,1,0,-1,0,0,-1,201900041333,4,"AVENUE DE SAINT MANDE",0,NULL,2,2,0,1,0,0,1,NULL,NULL,1,0,1,50