Num_Acc,jour,mois,an,hrmn,lum,dep,com,agg,int,atm,col,adr,lat,long,Num_Acc,id_vehicule,num_veh,senc,catv,obs,obsm,choc,manv,motor,occutc,Num_Acc,id_vehicule,num_veh,place,catu,grav,sexe,an_nais,trajet,secu1,secu2,secu3,locp,actp,etatp,Num_Acc,catr,voie,v1,v2,circ,nbv,vosp,prof,pr,pr1,plan,lartpc,larrout,surf,infra,situ,vma
201900047531,2,6,2019,20:26:00,1,68,68066,2,1,7,1,"ROUFFACH (ROUTE DE)","48,0620380","7,3384380",201900047531,138 216 683,B01,1,1,0,2,1,26,0,NULL,201900047531,138 216 683,B01,2,1,4,2,2003,5,8,0,-1,-1,0,-1,201900047531,3,30,0,NULL,2,2,0,1,2,200,1,NULL,NULL,1,0,1,50
201900047531,2,6,2019,20:26:00,1,68,68066,2,1,7,1,"ROUFFACH (ROUTE DE)","48,0620380","7,3384380",201900047531,138 216 683,B01,1,1,0,2,1,26,0,NULL,201900047531,138 216 684,A01,1,1,1,2,1965,5,1,4,-1,-1,0,-1,201900047531,3,30,0,NULL,2,2,0,1,2,200,1,NULL,NULL,1,0,1,50
201900047625,11,6,2019,20:25:00,1,62,62193,2,2,7,3,"LAFAYETTE (BOULEVARD)","50,9573781","1,8544699",201900047625,138 216 517,B01,1,1,0,2,6,1,5,NULL,201900047625,138 216 517,B01,1,1,4,1,1996,5,8,0,-1,-1," -1",-1,201900047625,4,"LAFAYETTE (BOULEVARD)",0,NULL,2,2,0,1,1,0,1,NULL,NULL,1,0,2,30
201900048755,1,4,2019,18:15:00,1,82,82096,1,2,1,3,"Route de Beaumont de Lomagne","44,0276380","1,2059530",201900048755,138 214 407,B01,1,1,0,2,3,19,5,NULL,201900048755,138 214 407,B01,1,1,3,2,1940,5,0,-1,-1,0,0,-1,201900048755,3,14,NULL,NULL,2,2,0,1,16,294,1,NULL,NULL,1,0,1,70
201900048755,1,4,2019,18:15:00,1,82,82096,1,2,1,3,"Route de Beaumont de Lomagne","44,0276380","1,2059530",201900048755,138 214 407,B01,1,1,0,2,3,19,5,NULL,201900048755,138 214 408,A01,1,1,1,2,1980,1,1,-1,-1,0,0,-1,201900048755,3,14,NULL,NULL,2,2,0,1,16,294,1,NULL,NULL,1,0,1,70
201900051645,25,9,2019,14:15:00,1,49,49018,1,1,2,1,"Route des Sourches (Saint-Quentin-lès-Beaurepaire)","47,6252520"," -0,0950730",201900051645,138 209 017,A01,2,1,0,2,1,13,0,NULL,201900051645,138 209 017,A01,1,1,3,1,2005,5,2,-1,-1,0,0,-1,201900051645,4,NULL,NULL,NULL,-1,2,0,1,(1),(1),3,NULL,NULL,2,0,1,80
201900051645,25,9,2019,14:15:00,1,49,49018,1,1,2,1,"Route des Sourches (Saint-Quentin-lès-Beaurepaire)","47,6252520"," -0,0950730",201900051645,138 209 017,A01,2,1,0,2,1,13,0,NULL,201900051645,138 209 018,B01,2,2,1,1,2002,5,1,-1,-1,0,0,-1,201900051645,4,NULL,NULL,NULL,-1,2,0,1,(1),(1),3,NULL,NULL,2,0,1,80
201900051645,25,9,2019,14:15:00,1,49,49018,1,1,2,1,"Route des Sourches (Saint-Quentin-lès-Beaurepaire)","47,6252520"," -0,0950730",201900051645,138 209 017,A01,2,1,0,2,1,13,0,NULL,201900051645,138 209 018,B01,9,2,1,1,2003,5,1,-1,-1,0,0,-1,201900051645,4,NULL,NULL,NULL,-1,2,0,1,(1),(1),3,NULL,NULL,2,0,1,80
201900051645,25,9,2019,14:15:00,1,49,49018,1,1,2,1,"Route des Sourches (Saint-Quentin-lès-Beaurepaire)","47,6252520"," -0,0950730",201900051645,138 209 017,A01,2,1,0,2,1,13,0,NULL,201900051645,138 209 018,B01,1,1,1,2,1969,5,1,-1,-1,0,0,-1,201900051645,4,NULL,NULL,NULL,-1,2,0,1,(1),(1),3,NULL,NULL,2,0,1,80
201900052267,29,3,2019,10:35:00,1,37,37122,2,1,1,2,"COMTE DE MONTS (RUE DU)","47,3517900","0,6616300",201900052267,138 207 823,A01,2,1,0,2,1,2,5,NULL,201900052267,138 207 822,B01,1,1,1,1,1950,0,1,8,-1,-1,0,-1,201900052267,4,"COMTE DE MONTS (RUE DU)",0,NULL,1,1,0,2,0,0,1,NULL,NULL,1,0,1,50
201900052267,29,3,2019,10:35:00,1,37,37122,2,1,1,2,"COMTE DE MONTS (RUE DU)","47,3517900","0,6616300",201900052267,138 207 823,A01,2,1,0,2,1,2,5,NULL,201900052267,138 207 823,A01,1,1,4,1,1982,0,8,0,-1,-1,0,-1,201900052267,4,"COMTE DE MONTS (RUE DU)",0,NULL,1,1,0,2,0,0,1,NULL,NULL,1,0,1,50
201900053269,18,2,2019,11:25:00,1,6,06123,2,9,1,3,"MAICON PROMENADE","43,6666400","7,1960800",201900053269,138 205 881,B01,3,1,0,2,2,15,5,NULL,201900053269,138 205 880,A01,1,1,1,1,1947,5,1,8,-1,0,0,-1,201900053269,4,"MAICON PROMENADE",0,NULL,1,1,0,1,0,0,2,NULL,NULL,1,9,1,50
201900053269,18,2,2019,11:25:00,1,6,06123,2,9,1,3,"MAICON PROMENADE","43,6666400","7,1960800",201900053269,138 205 881,B01,3,1,0,2,2,15,5,NULL,201900053269,138 205 881,B01,1,1,4,1,1952,5,8,0,-1,0,0,-1,201900053269,4,"MAICON PROMENADE",0,NULL,1,1,0,1,0,0,2,NULL,NULL,1,9,1,50
201900053668,28,10,2019,14:40:00,1,38,38565,2,1,1,3,"Avenue de Juin 1940","45,2994550","5,6281250",201900053668,138 205 127,B01,2,1,0,2,1,1,5,NULL,201900053668,138 205 127,B01,1,1,4,1,1985,1,0,-1,-1,0,0,-1,201900053668,3,1075,0,D,3,4,0,2,73,500,1,NULL,NULL,1,0,1,70
201900053668,28,10,2019,14:40:00,1,38,38565,2,1,1,3,"Avenue de Juin 1940","45,2994550","5,6281250",201900053668,138 205 127,B01,2,1,0,2,1,1,5,NULL,201900053668,138 205 128,A01,1,1,1,1,1998,4,1,-1,-1,0,0,-1,201900053668,3,1075,0,D,3,4,0,2,73,500,1,NULL,NULL,1,0,1,70
201900053978,11,7,2019,13:50:00,1,93,93078,2,1,1,3,"CLEMENCEAU (AVENUE GEORGES)","48,9532000","2,5630400",201900053978,138 204 531,B01,3,1,0,2,8,2,5,NULL,201900053978,138 204 529,A01,1,1,1,1,2000,5,1,8,-1,-1," -1",-1,201900053978,3,40,0,NULL,2,4,0,1,0,0,1,NULL,NULL,1,0,1,50
201900053978,11,7,2019,13:50:00,1,93,93078,2,1,1,3,"CLEMENCEAU (AVENUE GEORGES)","48,9532000","2,5630400",201900053978,138 204 531,B01,3,1,0,2,8,2,5,NULL,201900053978,138 204 531,B01,1,1,4,1,1939,5,8,0,-1,-1," -1",-1,201900053978,3,40,0,NULL,2,4,0,1,0,0,1,NULL,NULL,1,0,1,50
201900055421,23,9,2019,18:15:00,1,92,92024,2,1,8,3,"VICTOR HUGO (BD)","48,8991047","2,3131784",201900055421,138 201 875,B01,2,1,0,2,8,11,5,NULL,201900055421,138 201 873,A01,1,1,4,1,1970,1,2,0,-1,-1,0,-1,201900055421,3,912,0,NULL,2,2,0,1,0,0,1,NULL,NULL,1,0,1,50
201900055421,23,9,2019,18:15:00,1,92,92024,2,1,8,3,"VICTOR HUGO (BD)","48,8991047","2,3131784",201900055421,138 201 875,B01,2,1,0,2,8,11,5,NULL,201900055421,138 201 875,B01,1,1,4,1,2008,5,8,0,-1,-1,0,-1,201900055421,3,912,0,NULL,2,2,0,1,0,0,1,NULL,NULL,1,0,1,50
201900055648,21,9,2019,08:15:00,1,75,75115,2,2,1,7,"RUE DE LA CONVENTION","48,8399731","2,2903582",201900055648,138 201 478,A01,1,1,0,0,8,21,5,NULL,201900055648,138 201 478,A01,1,1,4,2,1960,5,8,2,-1,0,0,-1,201900055648,4,"RUE DE LA CONVENTION",0,NULL,2,3,0,1,142,0,1,NULL,NULL,1,5,1,50
201900009222,4,7,2019,19:35:00,1,34,34172,2,9,1,3,"MOULARES (CHEMIN DE","43,5979310","3,8931390",201900009222,138 289 249,B01,1,1,0,2,8,0,0,NULL,201900009222,138 289 249,B01,1,1,4,1,1987,0,2,0,-1,0,0,-1,201900009222,4,"MOULARES (CHEMIN DE",0,NULL,2,2,0,1,(1),(1),1,NULL,NULL,1,0,1,50
201900009222,4,7,2019,19:35:00,1,34,34172,2,9,1,3,"MOULARES (CHEMIN DE","43,5979310","3,8931390",201900009222,138 289 249,B01,1,1,0,2,8,0,0,NULL,201900009222,138 289 250,A01,1,1,1,2,1998,9,1,0,-1,0,0,-1,201900009222,4,"MOULARES (CHEMIN DE",0,NULL,2,2,0,1,(1),(1),1,NULL,NULL,1,0,1,50
201900009386,12,9,2019,17:25:00,1,42,42218,2,1,1,6,"rue du monteil","45,4495730","4,4055000",201900009386,138 288 946,A01,3,1,2,0,1,-1,-1,NULL,201900009386,138 288 946,A01,1,1,2,2,2010,5,-1,-1,-1,0,0,-1,201900009386,4,NULL,0,NULL,2,-1,-1,-1,(1),(1),-1,NULL,NULL,1,-1,5,-1
201900011423,14,9,2019,22:30:00,5,6,06004,2,1,1,5,"NICE(RN.7) AV.ET RTE DE","43,6087180","7,1247430",201900011423,138 285 255,C01,3,1,0,2,4,2,5,NULL,201900011423,138 285 255,C01,1,1,1,1,2004,5,8,0,-1,0,0,-1,201900011423,3,6007,0,NULL,2,2,0,1,26,268,1,NULL,NULL,1,0,6,70
201900011423,14,9,2019,22:30:00,5,6,06004,2,1,1,5,"NICE(RN.7) AV.ET RTE DE","43,6087180","7,1247430",201900011423,138 285 255,C01,3,1,0,2,4,2,5,NULL,201900011423,138 285 256,A01,2,2,4,1,1999,0,2,0,-1,0,0,-1,201900011423,3,6007,0,NULL,2,2,0,1,26,268,1,NULL,NULL,1,0,6,70
201900011423,14,9,2019,22:30:00,5,6,06004,2,1,1,5,"NICE(RN.7) AV.ET RTE DE","43,6087180","7,1247430",201900011423,138 285 255,C01,3,1,0,2,4,2,5,NULL,201900011423,138 285 256,A01,1,1,4,1,1999,0,2,0,-1,0,0,-1,201900011423,3,6007,0,NULL,2,2,0,1,26,268,1,NULL,NULL,1,0,6,70
201900011423,14,9,2019,22:30:00,5,6,06004,2,1,1,5,"NICE(RN.7) AV.ET RTE DE","43,6087180","7,1247430",201900011423,138 285 255,C01,3,1,0,2,4,2,5,NULL,201900011423,138 285 257,B01,1,1,4,2,1984,5,1,0,-1,0,0,-1,201900011423,3,6007,0,NULL,2,2,0,1,26,268,1,NULL,NULL,1,0,6,70
201900013263,3,3,2019,10:30:00,1,54,54274,2,3,1,3,"SAINT SAENS (RUE CAMILLE)","48,6727300","6,2090500",201900013263,138 281 777,A01,1,1,0,2,2,9,5,NULL,201900013263,138 281 777,A01,1,1,4,1,2002,0,2,0,-1,-1,0,-1,201900013263,4,"SAINT SAENS (RUE CAMILLE)",0,NULL,1,1,0,1,0,0,1,NULL,NULL,1,0,1,50
201900013263,3,3,2019,10:30:00,1,54,54274,2,3,1,3,"SAINT SAENS (RUE CAMILLE)","48,6727300","6,2090500",201900013263,138 281 777,A01,1,1,0,2,2,9,5,NULL,201900013263,138 281 778,B01,1,1,1,1,1972,0,1,0,-1,-1,0,-1,201900013263,4,"SAINT SAENS (RUE CAMILLE)",0,NULL,1,1,0,1,0,0,1,NULL,NULL,1,0,1,50
201900015885,27,4,2019,05:00:00,3,90,90023,1,1,3,1,d465,"47,6996590","6,8349720",201900015885,138 276 830,C01,2,1,0,2,1,1,5,NULL,201900015885,138 276 829,A01,1,1,1,1,1989,1,1,-1,-1,0,0,-1,201900015885,3,465,NULL,NULL,2,2,0,1,(1),(1),1,NULL,NULL,2,0,1,80
201900015885,27,4,2019,05:00:00,3,90,90023,1,1,3,1,d465,"47,6996590","6,8349720",201900015885,138 276 830,C01,2,1,0,2,1,1,5,NULL,201900015885,138 276 830,C01,1,1,2,1,1957,0,0,-1,-1,0,0,-1,201900015885,3,465,NULL,NULL,2,2,0,1,(1),(1),1,NULL,NULL,2,0,1,80
201900019428,19,4,2019,08:15:00,1,2,02798,1,1,1,2,"La Bouloy","48,8967766","3,4184142",201900019428,138 270 127,B01,0,1,0,2,4,1,5,NULL,201900019428,138 270 126,A01,1,1,1,1,1992,4,1,-1,-1,0,0,-1,201900019428,3,933,NULL,NULL,2,2,0,1,3,605,1,NULL,NULL,1,0,1,80
201900019428,19,4,2019,08:15:00,1,2,02798,1,1,1,2,"La Bouloy","48,8967766","3,4184142",201900019428,138 270 127,B01,0,1,0,2,4,1,5,NULL,201900019428,138 270 127,B01,1,1,2,1,1958,5,0,-1,-1,0,0,-1,201900019428,3,933,NULL,NULL,2,2,0,1,3,605,1,NULL,NULL,1,0,1,80
201900021528,2,8,2019,15:00:00,1,29,29037,1,1,1,2,"Route de Kergulan","47,8735800"," -4,1551040",201900021528,138 266 131,B01,0,1,0,2,8,2,6,NULL,201900021528,138 266 130,A01,1,1,1,2,1943,4,8,-1,-1,0,0,-1,201900021528,4,NULL,NULL,NULL,2,2,0,1,(1),(1),1,NULL,NULL,1,0,3,50
201900021528,2,8,2019,15:00:00,1,29,29037,1,1,1,2,"Route de Kergulan","47,8735800"," -4,1551040",201900021528,138 266 131,B01,0,1,0,2,8,2,6,NULL,201900021528,138 266 131,B01,1,1,4,1,1966,5,0,-1,-1,0,0,-1,201900021528,4,NULL,NULL,NULL,2,2,0,1,(1),(1),1,NULL,NULL,1,0,3,50
201900025149,28,7,2019,20:30:00,2,75,75102,2,2,1,3,"BOULEVARD DES CAPUCINES","48,8709583","2,3341594",201900025149,138 259 034,B01,2,1,0,2,1,18,5,NULL,201900025149,138 259 034,B01,1,1,4,1,1979,0,2,0,-1,0,0,-1,201900025149,4,"BOULEVARD DES CAPUCINES",0,NULL,2,3,0,1,0,0,1,NULL,NULL,1,0,1,50
201900025149,28,7,2019,20:30:00,2,75,75102,2,2,1,3,"BOULEVARD DES CAPUCINES","48,8709583","2,3341594",201900025149,138 259 034,B01,2,1,0,2,1,18,5,NULL,201900025149,138 259 035,A01,1,1,1,2,1998,0,1,0,-1,0,0,-1,201900025149,4,"BOULEVARD DES CAPUCINES",0,NULL,2,3,0,1,0,0,1,NULL,NULL,1,0,1,50
201900025149,28,7,2019,20:30:00,2,75,75102,2,2,1,3,"BOULEVARD DES CAPUCINES","48,8709583","2,3341594",201900025149,138 259 034,B01,2,1,0,2,1,18,5,NULL,201900025149,138 259 035,A01,2,2,1,1,1993,0,1,0,-1,0,0,-1,201900025149,4,"BOULEVARD DES CAPUCINES",0,NULL,2,3,0,1,0,0,1,NULL,NULL,1,0,1,50
201900025703,13,11,2019,09:45:00,1,75,75117,2,2,1,3,"AVENUE DE SAINT OUEN","48,8955646","2,3282861",201900025703,138 257 954,B01,2,1,0,2,2,1,5,NULL,201900025703,138 257 953,A01,1,1,1,1,1993,1,1,0,-1,0,0,-1,201900025703,4,"AVENUE DE SAINT OUEN",0,NULL,2,3,0,1,0,0,1,NULL,NULL,1,0,1,50
201900025703,13,11,2019,09:45:00,1,75,75117,2,2,1,3,"AVENUE DE SAINT OUEN","48,8955646","2,3282861",201900025703,138 257 954,B01,2,1,0,2,2,1,5,NULL,201900025703,138 257 954,B01,2,2,4,1,2002,2,8,2,-1,0,0,-1,201900025703,4,"AVENUE DE SAINT OUEN",0,NULL,2,3,0,1,0,0,1,NULL,NULL,1,0,1,50
201900025703,13,11,2019,09:45:00,1,75,75117,2,2,1,3,"AVENUE DE SAINT OUEN","48,8955646","2,3282861",201900025703,138 257 954,B01,2,1,0,2,2,1,5,NULL,201900025703,138 257 954,B01,1,1,4,1,2002,1,8,2,-1,0,0,-1,201900025703,4,"AVENUE DE SAINT OUEN",0,NULL,2,3,0,1,0,0,1,NULL,NULL,1,0,1,50
201900026165,27,1,2019,20:25:00,5,987,98734,2,1,1,1,"PK 31.100, RT01, face à la source Papemato"," -17,7212520"," -149,4966380",201900026165,138 257 064,B01,1,1,0,2,2,0,5,NULL,201900026165,138 257 064,B01,1,1,2,1,2005,5,0,-1,-1,0,0,-1,201900026165,2,01,NULL,NULL,2,2,0,1,31,100,1,NULL,NULL,1,0,1,60
201900026165,27,1,2019,20:25:00,5,987,98734,2,1,1,1,"PK 31.100, RT01, face à la source Papemato"," -17,7212520"," -149,4966380",201900026165,138 257 064,B01,1,1,0,2,2,0,5,NULL,201900026165,138 257 065,A01,1,1,1,1,1962,5,1,-1,-1,0,0,-1,201900026165,2,01,NULL,NULL,2,2,0,1,31,100,1,NULL,NULL,1,0,1,60
201900028986,7,3,2019,21:05:00,5,75,75120,2,3,1,6,"RUE DE MENILMONTANT","48,8686660","2,3896560",201900028986,138 251 816,A01,2,1,0,1,1,1,5,NULL,201900028986,138 251 816,A01,1,1,4,1,1989,4,2,0,-1,0,0,-1,201900028986,4,"RUE DE MENILMONTANT",0,NULL,2,2,0,1,0,0,1,NULL,NULL,1,0,1,50
201900028986,7,3,2019,21:05:00,5,75,75120,2,3,1,6,"RUE DE MENILMONTANT","48,8686660","2,3896560",201900028986,138 251 816,A01,2,1,0,1,1,1,5,NULL,201900028986,138 251 816,A01,10,3,4,1,1992,5,8,0,-1,4,3,1,201900028986,4,"RUE DE MENILMONTANT",0,NULL,2,2,0,1,0,0,1,NULL,NULL,1,0,1,50
201900030395,14,4,2019,15:45:00,1,12,12165,1,1,1,1,RD904,"44,4938930","2,5718800",201900030395,138 249 147,A01,2,1,0,2,1,13,5,NULL,201900030395,138 249 146,B01,1,1,1,2,1954,5,1,-1,-1,0,0,-1,201900030395,3,904,NULL,NULL,2,2,0,2,57,557,3,NULL,NULL,1,0,1,80
201900030395,14,4,2019,15:45:00,1,12,12165,1,1,1,1,RD904,"44,4938930","2,5718800",201900030395,138 249 147,A01,2,1,0,2,1,13,5,NULL,201900030395,138 249 147,A01,1,1,4,1,1969,5,2,6,-1,0,0,-1,201900030395,3,904,NULL,NULL,2,2,0,2,57,557,3,NULL,NULL,1,0,1,80
201900034009,5,3,2019,14:20:00,1,22,22093,1,1,6,6,"Lieu-dit La Garde","48,4554195"," -2,5363441",201900034009,138 242 298,A01,2,1,0,0,1,21,5,NULL,201900034009,138 242 298,A01,1,1,3,1,1961,5,2,-1,-1,0,0,-1,201900034009,3,768,NULL,NULL,2,2,0,2,12,200,4,NULL,NULL,1,0,1,80
201900034009,5,3,2019,14:20:00,1,22,22093,1,1,6,6,"Lieu-dit La Garde","48,4554195"," -2,5363441",201900034009,138 242 298,A01,2,1,0,0,1,21,5,NULL,201900034009,138 242 299,B01,1,1,1,2,1997,5,1,-1,-1,0,0,-1,201900034009,3,768,NULL,NULL,2,2,0,2,12,200,4,NULL,NULL,1,0,1,80
201900034151,7,4,2019,18:20:00,5,974,97407,2,1,1,3,"19 MARS 1946(AVENUE DU)"," -20,9497900","55,2971800",201900034151,138 242 004,B01,3,1,0,2,1,16,5,NULL,201900034151,138 242 004,B01,1,1,4,1,2007,5,8,0,-1,0,0,-1,201900034151,4,"Avenue du 19 mrs 1946",0,NULL,-1,2,0,1,0,0,1,NULL,NULL,1,9,1,50
201900034151,7,4,2019,18:20:00,5,974,97407,2,1,1,3,"19 MARS 1946(AVENUE DU)"," -20,9497900","55,2971800",201900034151,138 242 004,B01,3,1,0,2,1,16,5,NULL,201900034151,138 242 005,A01,1,1,1,2,1997,5,1,8,-1,0,0,-1,201900034151,4,"Avenue du 19 mrs 1946",0,NULL,-1,2,0,1,0,0,1,NULL,NULL,1,9,1,50
201900037075,1,10,2019,14:20:00,1,56,56121,2,6,1,3,"BLUM ( BD LEON )","47,7492000"," -3,3735800",201900037075,138 236 349,B01,3,1,0,2,7,0,5,NULL,201900037075,138 236 348,A01,1,1,1,2,1957,4,1,8,-1,-1,0,-1,201900037075,4,"BLUM ( BD LEON )",0,NULL,1,1,0,1,0,0,1,NULL,NULL,1,5,1,30
201900037075,1,10,2019,14:20:00,1,56,56121,2,6,1,3,"BLUM ( BD LEON )","47,7492000"," -3,3735800",201900037075,138 236 349,B01,3,1,0,2,7,0,5,NULL,201900037075,138 236 349,B01,1,1,4,1,2002,4,2,8,-1,-1,0,-1,201900037075,4,"BLUM ( BD LEON )",0,NULL,1,1,0,1,0,0,1,NULL,NULL,1,5,1,30
201900037522,25,2,2019,19:45:00,3,35,35238,2,2,1,3,"PARIS (RUE DE)","48,1146100"," -1,6572000",201900037522,138 235 473,B01,0,1,0,2,5,19,5,NULL,201900037522,138 235 473,B01,1,1,4,1,2005,5,8,0,-1,-1,0,-1,201900037522,4,"PARIS (RUE DE)",0,NULL,2,3,0,1,0,0,1,NULL,NULL,1,5,1,30
201900037522,25,2,2019,19:45:00,3,35,35238,2,2,1,3,"PARIS (RUE DE)","48,1146100"," -1,6572000",201900037522,138 235 473,B01,0,1,0,2,5,19,5,NULL,201900037522,138 235 474,A01,1,1,1,1,1970,1,2,6,-1,-1,0,-1,201900037522,4,"PARIS (RUE DE)",0,NULL,2,3,0,1,0,0,1,NULL,NULL,1,5,1,30
201900037756,3,4,2019,07:20:00,1,974,97411,2,1,1,2,"MONNERVILLE (BOULEVARD GASTON)"," -20,8962940","55,4471600",201900037756,138 235 029,A01,2,1,0,2,1,1,5,NULL,201900037756,138 235 029,A01,1,1,3,1,1988,1,2,8,-1,0,0,-1,201900037756,4,"Boulevard Gaston Monnerville",0,NULL,2,2,0,2,0,0,1,NULL,NULL,1,0,1,50
201900037756,3,4,2019,07:20:00,1,974,97411,2,1,1,2,"MONNERVILLE (BOULEVARD GASTON)"," -20,8962940","55,4471600",201900037756,138 235 029,A01,2,1,0,2,1,1,5,NULL,201900037756,138 235 030,B01,1,1,1,2,1973,2,8,8,-1,0,0,-1,201900037756,4,"Boulevard Gaston Monnerville",0,NULL,2,2,0,2,0,0,1,NULL,NULL,1,0,1,50
201900038620,30,10,2019,18:00:00,5,35,35238,2,1,2,3,"VERN (DE)","48,0871000"," -1,6444000",201900038620,138 233 496,A01,3,1,0,2,1,0,6,NULL,201900038620,138 233 495,B01,1,1,1,2,1971,5,1,0,-1,-1," -1",-1,201900038620,4,"VERN (DE)",0,NULL,2,4,1,1,0,0,1,NULL,NULL,2,0,1,50
201900038620,30,10,2019,18:00:00,5,35,35238,2,1,2,3,"VERN (DE)","48,0871000"," -1,6444000",201900038620,138 233 496,A01,3,1,0,2,1,0,6,NULL,201900038620,138 233 496,A01,1,1,4,1,1992,1,8,0,-1,-1," -1",-1,201900038620,4,"VERN (DE)",0,NULL,2,4,1,1,0,0,1,NULL,NULL,2,0,1,50
201900038816,3,10,2019,10:00:00,1,34,34327,1,3,1,3,"Avenue de Nîmes","43,6477470","3,9544170",201900038816,138 233 142,B01,2,1,0,2,8,16,5,NULL,201900038816,138 233 142,B01,1,1,3,1,1945,5,0,-1,-1,0,0,-1,201900038816,2,113,0,NULL,2,2,0,1,(1),(1),1,NULL,NULL,1,0,1,70
201900038816,3,10,2019,10:00:00,1,34,34327,1,3,1,3,"Avenue de Nîmes","43,6477470","3,9544170",201900038816,138 233 142,B01,2,1,0,2,8,16,5,NULL,201900038816,138 233 143,A01,1,1,1,1,1957,4,1,-1,-1,0,0,-1,201900038816,2,113,0,NULL,2,2,0,1,(1),(1),1,NULL,NULL,1,0,1,70
201900042769,30,9,2019,10:15:00,1,83,83107,1,1,7,3,"Chemin de l'Homede","43,4216190","6,6808740",201900042769,138 225 706,B01,2,1,0,2,8,1,5,NULL,201900042769,138 225 706,B01,1,1,3,1,1942,5,2,6,-1,0,0,-1,201900042769,3,7,0,NULL,2,2,0,1,(1),(1),1,NULL,NULL,1,0,1,80
201900042769,30,9,2019,10:15:00,1,83,83107,1,1,7,3,"Chemin de l'Homede","43,4216190","6,6808740",201900042769,138 225 706,B01,2,1,0,2,8,1,5,NULL,201900042769,138 225 707,A01,1,1,1,1,1951,5,1,-1,-1,0,0,-1,201900042769,3,7,0,NULL,2,2,0,1,(1),(1),1,NULL,NULL,1,0,1,80
201900043618,9,12,2019,06:15:00,1,972,97209,2,4,1,3,"PIONNIERS (RUE DES)","14,6019819"," -61,0782444",201900043618,138 224 162,B01,3,1,0,2,1,1,0,NULL,201900043618,138 224 162,B01,1,1,3,1,1978,1,8,0,-1,-1,0,-1,201900043618,2,1,0,NULL,1,1,0,2,14,602,3,NULL,NULL,1,0,1,50
201900043618,9,12,2019,06:15:00,1,972,97209,2,4,1,3,"PIONNIERS (RUE DES)","14,6019819"," -61,0782444",201900043618,138 224 162,B01,3,1,0,2,1,1,0,NULL,201900043618,138 224 163,A01,1,1,1,2,1991,1,1,8,-1,-1,0,-1,201900043618,2,1,0,NULL,1,1,0,2,14,602,3,NULL,NULL,1,0,1,50
201900046342,4,1,2019,19:50:00,5,33,33063,2,3,1,3,"CRS D'ALBRET / PLACE REPUBLIQUE","44,8346200"," -0,5802900",201900046342,138 218 895,A01,2,1,0,2,1,1,5,NULL,201900046342,138 218 895,A01,1,1,4,1,1998,5,8,0,-1,-1," -1",-1,201900046342,4,"CRS D'ALBRET",0,NULL,2,4,2,2,0,0,1,NULL,NULL,1,0,1,50
201900046342,4,1,2019,19:50:00,5,33,33063,2,3,1,3,"CRS D'ALBRET / PLACE REPUBLIQUE","44,8346200"," -0,5802900",201900046342,138 218 895,A01,2,1,0,2,1,1,5,NULL,201900046342,138 218 896,B01,1,1,1,2,1992,5,1,0,-1,-1," -1",-1,201900046342,4,"CRS D'ALBRET",0,NULL,2,4,2,2,0,0,1,NULL,NULL,1,0,1,50
201900048025,31,10,2019,00:30:00,3,27,27044,1,1,2,3,D51,"48,9404810","1,1149330",201900048025,138 215 778,A01,1,1,0,2,8,1,5,NULL,201900048025,138 215 778,A01,1,1,4,1,1998,1,4,9,-1,0,0,-1,201900048025,3,51,NULL,NULL,2,2,0,1,6,0,1,NULL,NULL,2,0,1,80
201900048667,13,7,2019,21:45:00,2,49,49007,2,1,1,2,"FARCY PLACE","47,4728100"," -0,5768500",201900048667,138 214 557,B01,0,1,0,2,1,0,5,NULL,201900048667,138 214 555,A01,1,1,1,1,1959,0,1,8,-1,-1,0,-1,201900048667,4,"FARCY PLACE",0,NULL,2,2,0,1,0,0,1,NULL,NULL,1,0,1,60
201900048667,13,7,2019,21:45:00,2,49,49007,2,1,1,2,"FARCY PLACE","47,4728100"," -0,5768500",201900048667,138 214 557,B01,0,1,0,2,1,0,5,NULL,201900048667,138 214 557,B01,1,1,4,1,1984,0,8,0,-1,-1,0,-1,201900048667,4,"FARCY PLACE",0,NULL,2,2,0,1,0,0,1,NULL,NULL,1,0,1,60
201900050110,19,9,2019,09:10:00,1,91,91228,1,9,1,3,RN7,"48,6403000","2,4290600",201900050110,138 211 909,B01,3,1,0,2,2,19,0,NULL,201900050110,138 211 909,B01,1,1,4,1,1990,1,2,8,-1,0,0,-1,201900050110,2,7,0,NULL,1,1,0,1,(1),(1),1,NULL,NULL,1,0,1,30
201900050110,19,9,2019,09:10:00,1,91,91228,1,9,1,3,RN7,"48,6403000","2,4290600",201900050110,138 211 909,B01,3,1,0,2,2,19,0,NULL,201900050110,138 211 910,A01,1,1,1,2,1989,1,1,0,-1,0,0,-1,201900050110,2,7,0,NULL,1,1,0,1,(1),(1),1,NULL,NULL,1,0,1,30
201900053458,24,9,2019,18:30:00,1,92,92019,2,1,2,6,"VIGNES (GRANDE VOIE DES)","48,7658700","2,2848600",201900053458,138 205 532,B01,3,1,0,2,7,1,0,NULL,201900053458,138 205 531,A01,1,1,1,1,1974,1,1,8,-1,-1," -1",-1,201900053458,4,"VIGNES (GRANDE VOIE DES)",0,NULL,2,1,1,1,1,0,1,NULL,NULL,2,0,1,30