Num_Acc,jour,mois,an,hrmn,lum,dep,com,agg,int,atm,col,adr,lat,long,Num_Acc,id_vehicule,num_veh,senc,catv,obs,obsm,choc,manv,motor,occutc,Num_Acc,id_vehicule,num_veh,place,catu,grav,sexe,an_nais,trajet,secu1,secu2,secu3,locp,actp,etatp,Num_Acc,catr,voie,v1,v2,circ,nbv,vosp,prof,pr,pr1,plan,lartpc,larrout,surf,infra,situ,vma
201900053458,24,9,2019,18:30:00,1,92,92019,2,1,2,6,"VIGNES (GRANDE VOIE DES)","48,7658700","2,2848600",201900053458,138 205 532,B01,3,1,0,2,7,1,0,NULL,201900053458,138 205 532,B01,1,1,4,2,1965,1,2,8,-1,-1," -1",-1,201900053458,4,"VIGNES (GRANDE VOIE DES)",0,NULL,2,1,1,1,1,0,1,NULL,NULL,2,0,1,30
201900056871,14,2,2019,14:40:00,1,75,75117,2,1,1,6,"BOULEVARD DE COURCELLES","48,8811390","2,3150520",201900056871,138 199 211,A01,1,1,0,1,7,1,5,NULL,201900056871,138 199 211,A01,10,3,4,2,1942,5,8,0,-1,2,3,1,201900056871,4,"BOULEVARD DE COURCELLES",0,NULL,2,5,1,1,0,0,1,NULL,NULL,1,0,5,30
201900056871,14,2,2019,14:40:00,1,75,75117,2,1,1,6,"BOULEVARD DE COURCELLES","48,8811390","2,3150520",201900056871,138 199 211,A01,1,1,0,1,7,1,5,NULL,201900056871,138 199 211,A01,1,1,1,1,1991,9,2,0,-1,0,0,-1,201900056871,4,"BOULEVARD DE COURCELLES",0,NULL,2,5,1,1,0,0,1,NULL,NULL,1,0,5,30
201900009889,8,2,2019,08:45:00,1,973,97312,1,1,1,3,"RN1 - PK 110+300","5,3462575"," -52,9347897",201900009889,138 288 050,B01,2,1,0,2,9,13,5,NULL,201900009889,138 288 050,B01,1,1,2,1,1998,5,0,-1,-1,0,0,-1,201900009889,2,1,NULL,NULL,2,2,0,1,110,300,1,NULL,NULL,1,0,1,80
201900009889,8,2,2019,08:45:00,1,973,97312,1,1,1,3,"RN1 - PK 110+300","5,3462575"," -52,9347897",201900009889,138 288 050,B01,2,1,0,2,9,13,5,NULL,201900009889,138 288 051,A01,2,2,1,2,1978,5,1,-1,-1,0,0,-1,201900009889,2,1,NULL,NULL,2,2,0,1,110,300,1,NULL,NULL,1,0,1,80
201900009889,8,2,2019,08:45:00,1,973,97312,1,1,1,3,"RN1 - PK 110+300","5,3462575"," -52,9347897",201900009889,138 288 050,B01,2,1,0,2,9,13,5,NULL,201900009889,138 288 051,A01,9,2,1,2,1958,5,1,-1,-1,0,0,-1,201900009889,2,1,NULL,NULL,2,2,0,1,110,300,1,NULL,NULL,1,0,1,80
201900009889,8,2,2019,08:45:00,1,973,97312,1,1,1,3,"RN1 - PK 110+300","5,3462575"," -52,9347897",201900009889,138 288 050,B01,2,1,0,2,9,13,5,NULL,201900009889,138 288 051,A01,1,1,1,1,1993,5,1,-1,-1,0,0,-1,201900009889,2,1,NULL,NULL,2,2,0,1,110,300,1,NULL,NULL,1,0,1,80
201900011406,13,9,2019,08:10:00,1,37,37214,2,1,1,2,"MENARDIERE (RUE DE LA)","47,4198900","0,6638500",201900011406,138 285 291,B01,1,1,0,2,1,25,5,NULL,201900011406,138 285 291,B01,1,1,4,1,2009,2,8,0,-1,0,0,-1,201900011406,4,"MENARDIERE (RUE DE LA)",0,NULL,2,2,0,1,0,0,1,NULL,NULL,1,0,1,50
201900011406,13,9,2019,08:10:00,1,37,37214,2,1,1,2,"MENARDIERE (RUE DE LA)","47,4198900","0,6638500",201900011406,138 285 291,B01,1,1,0,2,1,25,5,NULL,201900011406,138 285 292,A01,1,1,1,1,2000,3,1,0,-1,-1,0,-1,201900011406,4,"MENARDIERE (RUE DE LA)",0,NULL,2,2,0,1,0,0,1,NULL,NULL,1,0,1,50
201900013347,13,9,2019,20:00:00,5,75,75109,2,2,1,2,"RUE DE LA CHAUSSEE D ANTIN","48,8752590","2,3322910",201900013347,138 281 618,A01,1,1,0,2,4,1,5,NULL,201900013347,138 281 618,A01,1,1,4,2,1991,1,8,2,-1,0,0,-1,201900013347,4,"RUE DE LA CHAUSSEE D ANTIN",0,NULL,1,2,-1,1,62,0,1,NULL,NULL,1,0,1,50
201900013347,13,9,2019,20:00:00,5,75,75109,2,2,1,2,"RUE DE LA CHAUSSEE D ANTIN","48,8752590","2,3322910",201900013347,138 281 618,A01,1,1,0,2,4,1,5,NULL,201900013347,138 281 619,B01,1,1,1,2,1994,1,2,6,0,0,0,-1,201900013347,4,"RUE DE LA CHAUSSEE D ANTIN",0,NULL,1,2,-1,1,62,0,1,NULL,NULL,1,0,1,50
201900015736,19,4,2019,15:20:00,1,82,82134,2,6,1,3,"Rond point du cllège Fragonnard","44,0745410","1,5296350",201900015736,138 277 073,B01,2,1,0,2,8,0,5,NULL,201900015736,138 277 072,A01,1,1,1,2,1947,3,1,-1,-1,0,0,-1,201900015736,3,958,0,NULL,2,2,0,1,49,28,2,NULL,NULL,1,5,1,50
201900015736,19,4,2019,15:20:00,1,82,82134,2,6,1,3,"Rond point du cllège Fragonnard","44,0745410","1,5296350",201900015736,138 277 073,B01,2,1,0,2,8,0,5,NULL,201900015736,138 277 073,B01,1,1,3,1,1952,5,0,-1,-1,0,0,-1,201900015736,3,958,0,NULL,2,2,0,1,49,28,2,NULL,NULL,1,5,1,50
201900015985,7,8,2019,08:00:00,1,74,74267,2,1,2,3,"RD 1508 en face du 295 Route de Piron (Sévrier)","45,8434770","6,1511630",201900015985,138 276 647,B01,2,1,0,0,8,19,5,NULL,201900015985,138 276 646,A01,1,1,1,1,1959,1,1,-1,-1,0,0,-1,201900015985,3,1508,0,D,2,2,0,1,48,550,1,NULL,NULL,2,6,1,70
201900015985,7,8,2019,08:00:00,1,74,74267,2,1,2,3,"RD 1508 en face du 295 Route de Piron (Sévrier)","45,8434770","6,1511630",201900015985,138 276 647,B01,2,1,0,0,8,19,5,NULL,201900015985,138 276 647,B01,1,1,3,1,1938,5,0,-1,-1,0,0,-1,201900015985,3,1508,0,D,2,2,0,1,48,550,1,NULL,NULL,2,6,1,70
201900016469,19,11,2019,08:20:00,2,17,17028,2,6,1,3,"REPUBLIQUE   BOULEVARD DE LA","46,1397900"," -1,1452000",201900016469,138 275 669,A01,3,1,0,2,7,1,5,NULL,201900016469,138 275 668,B01,1,1,1,1,1997,1,1,0,-1,-1," -1",-1,201900016469,4,"REPUBLIQUE   BOULEVARD DE LA",0,NULL,2,2,2,1,0,0,3,NULL,NULL,1,0,1,50
201900016469,19,11,2019,08:20:00,2,17,17028,2,6,1,3,"REPUBLIQUE   BOULEVARD DE LA","46,1397900"," -1,1452000",201900016469,138 275 669,A01,3,1,0,2,7,1,5,NULL,201900016469,138 275 669,A01,2,1,4,2,1967,1,2,4,-1,-1," -1",-1,201900016469,4,"REPUBLIQUE   BOULEVARD DE LA",0,NULL,2,2,2,1,0,0,3,NULL,NULL,1,0,1,50
201900017145,12,9,2019,16:45:00,1,62,62491,2,1,1,3,"33 Rue du 11 Novembre","50,6290450","2,7706520",201900017145,138 274 362,B01,1,1,0,2,2,17,5,NULL,201900017145,138 274 362,B01,1,1,4,1,1953,5,2,-1,-1,0,0,-1,201900017145,9,33,NULL,NULL,2,2,0,1,(1),(1),1,NULL,NULL,1,0,1,50
201900017145,12,9,2019,16:45:00,1,62,62491,2,1,1,3,"33 Rue du 11 Novembre","50,6290450","2,7706520",201900017145,138 274 362,B01,1,1,0,2,2,17,5,NULL,201900017145,138 274 363,A01,1,1,1,2,1977,0,1,-1,-1,0,0,-1,201900017145,9,33,NULL,NULL,2,2,0,1,(1),(1),1,NULL,NULL,1,0,1,50
201900019642,2,7,2019,14:05:00,1,41,41136,2,1,1,6,"17 place de la halle","47,7040060","1,5067630",201900019642,138 269 710,A01,2,1,0,1,1,1,5,NULL,201900019642,138 269 710,A01,10,3,4,2,1954,5,0,-1,-1,2,3,1,201900019642,9,NULL,0,NULL,1,1,0,2,(1),(1),1,NULL,NULL,1,0,1,50
201900019642,2,7,2019,14:05:00,1,41,41136,2,1,1,6,"17 place de la halle","47,7040060","1,5067630",201900019642,138 269 710,A01,2,1,0,1,1,1,5,NULL,201900019642,138 269 710,A01,1,1,1,1,2005,9,0,-1,-1,0,0,-1,201900019642,9,NULL,0,NULL,1,1,0,2,(1),(1),1,NULL,NULL,1,0,1,50
201900020349,15,3,2019,19:35:00,5,22,22143,2,1,1,7,"20 rue colonel le coq","48,5975095"," -2,2866486",201900020349,138 268 374,A01,3,1,0,0,0,0,5,NULL,201900020349,138 268 374,A01,1,1,4,1,1972,5,0,-1,-1,0,0,-1,201900020349,3,786,NULL,NULL,2,2,0,1,4,2915,1,NULL,NULL,1,0,1,-1
201900021534,1,8,2019,18:10:00,1,2,02095,2,2,1,3,"1 Rue Paulin Pecqueux","49,9881280","3,4524190",201900021534,138 266 120,A01,0,1,0,2,8,19,5,NULL,201900021534,138 266 119,B01,1,1,1,1,1977,5,2,-1,-1,0,0,-1,201900021534,3,960,NULL,NULL,2,2,0,2,(1),(1),1,NULL,NULL,1,0,1,50
201900021534,1,8,2019,18:10:00,1,2,02095,2,2,1,3,"1 Rue Paulin Pecqueux","49,9881280","3,4524190",201900021534,138 266 119,B01,1,1,0,9,1,1,5,NULL,201900021534,138 266 119,B01,1,1,1,1,1977,5,2,-1,-1,0,0,-1,201900021534,3,960,NULL,NULL,2,2,0,2,(1),(1),1,NULL,NULL,1,0,1,50
201900021534,1,8,2019,18:10:00,1,2,02095,2,2,1,3,"1 Rue Paulin Pecqueux","49,9881280","3,4524190",201900021534,138 266 120,A01,0,1,0,2,8,19,5,NULL,201900021534,138 266 120,A01,1,1,2,1,1987,3,0,-1,-1,0,0,-1,201900021534,3,960,NULL,NULL,2,2,0,2,(1),(1),1,NULL,NULL,1,0,1,50
201900021534,1,8,2019,18:10:00,1,2,02095,2,2,1,3,"1 Rue Paulin Pecqueux","49,9881280","3,4524190",201900021534,138 266 119,B01,1,1,0,9,1,1,5,NULL,201900021534,138 266 120,A01,1,1,2,1,1987,3,0,-1,-1,0,0,-1,201900021534,3,960,NULL,NULL,2,2,0,2,(1),(1),1,NULL,NULL,1,0,1,50
201900021640,1,8,2019,08:30:00,1,60,60139,2,1,1,3,"rue thomas edison","49,1534380","2,2532600",201900021640,138 265 936,B01,3,1,0,2,8,0,5,NULL,201900021640,138 265 936,B01,1,1,3,1,2003,1,0,-1,-1,0,0,-1,201900021640,4,NULL,NULL,NULL,2,2,0,1,(1),(1),1,NULL,NULL,1,0,1,50
201900021640,1,8,2019,08:30:00,1,60,60139,2,1,1,3,"rue thomas edison","49,1534380","2,2532600",201900021640,138 265 936,B01,3,1,0,2,8,0,5,NULL,201900021640,138 265 937,A01,1,1,1,1,1991,1,1,-1,-1,0,0,-1,201900021640,4,NULL,NULL,NULL,2,2,0,1,(1),(1),1,NULL,NULL,1,0,1,50
201900021791,21,5,2019,19:05:00,1,80,80021,2,1,1,3,"FAUBOURG DE HEM (RUE DU)","49,9025730","2,2766250",201900021791,138 265 611,A01,0,1,0,2,7,19,5,NULL,201900021791,138 265 610,B01,1,1,1,1,1994,5,1,0,-1,-1," -1",-1,201900021791,4,"FAUBOURG DE HEM (RUE DU)",0,NULL,2,2,0,1,0,0,2,NULL,NULL,1,0,1,50
201900021791,21,5,2019,19:05:00,1,80,80021,2,1,1,3,"FAUBOURG DE HEM (RUE DU)","49,9025730","2,2766250",201900021791,138 265 611,A01,0,1,0,2,7,19,5,NULL,201900021791,138 265 611,A01,1,1,4,1,2005,5,8,0,-1,-1," -1",-1,201900021791,4,"FAUBOURG DE HEM (RUE DU)",0,NULL,2,2,0,1,0,0,2,NULL,NULL,1,0,1,50
201900021816,24,5,2019,14:25:00,1,78,78646,2,2,1,3,"ROYALE (RUE)","48,7951800","2,1250600",201900021816,138 265 560,A01,0,1,0,2,7,19,5,NULL,201900021816,138 265 560,A01,1,1,3,1,1996,1,8,0,-1,-1,0,-1,201900021816,4,"ROYALE (RUE)",0,NULL,2,2,0,1,0,0,1,NULL,NULL,1,0,1,50
201900021816,24,5,2019,14:25:00,1,78,78646,2,2,1,3,"ROYALE (RUE)","48,7951800","2,1250600",201900021816,138 265 560,A01,0,1,0,2,7,19,5,NULL,201900021816,138 265 561,B01,1,1,1,1,1996,0,1,0,-1,-1,0,-1,201900021816,4,"ROYALE (RUE)",0,NULL,2,2,0,1,0,0,1,NULL,NULL,1,0,1,50
201900022193,14,11,2019,15:50:00,1,92,92035,2,2,1,3,"Château ( rue du )","48,9048000","2,2491900",201900022193,138 264 841,B01,2,1,0,2,6,1,0,NULL,201900022193,138 264 840,A01,1,1,1,1,1952,9,8,0,-1,-1,0,-1,201900022193,4,"Château ( rue du )",0,NULL,1,1,0,1,0,0,1,NULL,NULL,1,0,1,50
201900022193,14,11,2019,15:50:00,1,92,92035,2,2,1,3,"Château ( rue du )","48,9048000","2,2491900",201900022193,138 264 841,B01,2,1,0,2,6,1,0,NULL,201900022193,138 264 841,B01,1,1,4,1,1957,5,8,0,-1,-1,0,-1,201900022193,4,"Château ( rue du )",0,NULL,1,1,0,1,0,0,1,NULL,NULL,1,0,1,50
201900024741,13,4,2019,18:05:00,1,86,86194,2,3,1,3,"PIERRE LEVEE (RUE DE LA)","46,5755600","0,3543700",201900024741,138 259 798,B01,1,1,0,2,1,1,5,NULL,201900024741,138 259 797,A01,1,1,1,1,1998,0,1,0,-1,-1,0,-1,201900024741,4,"PIERRE LEVEE (RUE DE LA)",0,NULL,2,2,0,2,0,0,1,NULL,NULL,1,0,1,50
201900024741,13,4,2019,18:05:00,1,86,86194,2,3,1,3,"PIERRE LEVEE (RUE DE LA)","46,5755600","0,3543700",201900024741,138 259 798,B01,1,1,0,2,1,1,5,NULL,201900024741,138 259 798,B01,1,1,4,1,1998,5,2,0,-1,-1,0,-1,201900024741,4,"PIERRE LEVEE (RUE DE LA)",0,NULL,2,2,0,2,0,0,1,NULL,NULL,1,0,1,50
201900025262,7,3,2019,11:00:00,1,66,66012,1,6,8,3,"Route Nationale","42,7043810","2,8323230",201900025262,138 258 825,A01,2,1,0,2,1,1,5,NULL,201900025262,138 258 825,A01,1,1,3,1,1949,5,2,-1,-1,0,0,-1,201900025262,3,616,0,A,1,2,0,1,3,400,2,NULL,NULL,1,0,1,80
201900025262,7,3,2019,11:00:00,1,66,66012,1,6,8,3,"Route Nationale","42,7043810","2,8323230",201900025262,138 258 825,A01,2,1,0,2,1,1,5,NULL,201900025262,138 258 826,B01,1,1,1,1,1987,1,8,-1,-1,0,0,-1,201900025262,3,616,0,A,1,2,0,1,3,400,2,NULL,NULL,1,0,1,80
201900025755,21,12,2019,09:50:00,1,974,97411,2,9,1,3,"JAURES (BOULEVARD JEAN)"," -20,8969000","55,4754000",201900025755,138 257 843,A01,3,1,0,2,7,19,5,NULL,201900025755,138 257 842,B01,1,1,1,1,1950,0,1,0,-1,-1," -1",-1,201900025755,4,"JAURES (BOULEVARD JEAN)",0,NULL,1,2,0,1,0,0,1,NULL,NULL,1,9,1,70
201900025755,21,12,2019,09:50:00,1,974,97411,2,9,1,3,"JAURES (BOULEVARD JEAN)"," -20,8969000","55,4754000",201900025755,138 257 843,A01,3,1,0,2,7,19,5,NULL,201900025755,138 257 843,A01,1,1,3,1,1950,0,8,8,-1,-1," -1",-1,201900025755,4,"JAURES (BOULEVARD JEAN)",0,NULL,1,2,0,1,0,0,1,NULL,NULL,1,9,1,70
201900026305,6,9,2019,21:25:00,5,34,34172,2,3,1,3,"SAINT-JUST (RUE)","43,6001832","3,8441908",201900026305,138 256 794,B01,1,1,0,2,8,11,5,NULL,201900026305,138 256 794,B01,1,1,4,1,1994,5,8,0,-1,0,0,-1,201900026305,4,"SAINT-JUST (RUE)",0,NULL,2,2,0,1,(1),(1),1,NULL,NULL,1,0,1,50
201900026305,6,9,2019,21:25:00,5,34,34172,2,3,1,3,"SAINT-JUST (RUE)","43,6001832","3,8441908",201900026305,138 256 794,B01,1,1,0,2,8,11,5,NULL,201900026305,138 256 795,A01,1,1,1,1,1960,1,1,0,-1,0,0,-1,201900026305,4,"SAINT-JUST (RUE)",0,NULL,2,2,0,1,(1),(1),1,NULL,NULL,1,0,1,50
201900027283,22,5,2019,18:50:00,1,54,54304,2,2,1,3,"DEROULEDE (AVENUE PAUL)","48,6851900","6,1556600",201900027283,138 254 981,B01,1,1,0,2,1,1,5,NULL,201900027283,138 254 981,B01,1,1,4,1,1979,0,8,0,-1,-1," -1",-1,201900027283,4,"DEROULEDE (AVENUE PAUL)",0,NULL,2,2,1,1,0,0,1,NULL,NULL,1,0,1,50
201900027595,18,12,2019,09:19:00,1,49,49007,2,1,1,3,"LA ROCHEFOUCAULT PLACE","47,4751400"," -0,5591100",201900027595,138 254 412,B01,0,1,0,2,0,0,5,NULL,201900027595,138 254 412,B01,1,1,4,1,1991,0,8,0,-1,-1," -1",-1,201900027595,4,"LA ROCHEFOUCAULT PLACE",0,NULL,2,2,0,1,0,0,1,NULL,NULL,1,0,1,60
201900027595,18,12,2019,09:19:00,1,49,49007,2,1,1,3,"LA ROCHEFOUCAULT PLACE","47,4751400"," -0,5591100",201900027595,138 254 412,B01,0,1,0,2,0,0,5,NULL,201900027595,138 254 413,A01,1,1,1,1,1994,0,1,8,-1,-1," -1",-1,201900027595,4,"LA ROCHEFOUCAULT PLACE",0,NULL,2,2,0,1,0,0,1,NULL,NULL,1,0,1,60
201900028962,8,3,2019,16:20:00,1,6,06004,1,6,1,3,"MICHARD PELISSIER AV.JEAN","43,6151160","7,1084570",201900028962,138 251 854,B01,1,1,0,2,7,14,5,NULL,201900028962,138 251 853,A01,1,1,1,1,1991,4,1,0,-1,-1," -1",-1,201900028962,3,504,0,NULL,1,1,0,1,0,410,2,NULL,NULL,1,5,1,50
201900028962,8,3,2019,16:20:00,1,6,06004,1,6,1,3,"MICHARD PELISSIER AV.JEAN","43,6151160","7,1084570",201900028962,138 251 854,B01,1,1,0,2,7,14,5,NULL,201900028962,138 251 854,B01,1,1,3,1,1958,5,8,0,-1,-1," -1",-1,201900028962,3,504,0,NULL,1,1,0,1,0,410,2,NULL,NULL,1,5,1,50
201900029043,10,5,2019,17:05:00,1,45,45234,2,2,2,3,"R DE LA BRETONNERIE - R DES ANGLAISES","47,9035500","1,9079200",201900029043,138 251 728,A01,0,1,0,2,1,1,5,NULL,201900029043,138 251 728,A01,1,1,4,2,1987,0,8,0,-1,0,0,-1,201900029043,4,"R DE LA BRETONNERIE",0,NULL,1,1,0,1,(1),(1),1,NULL,NULL,2,0,1,50
201900029043,10,5,2019,17:05:00,1,45,45234,2,2,2,3,"R DE LA BRETONNERIE - R DES ANGLAISES","47,9035500","1,9079200",201900029043,138 251 728,A01,0,1,0,2,1,1,5,NULL,201900029043,138 251 729,B01,1,1,1,1,1964,0,1,0,-1,0,0,-1,201900029043,4,"R DE LA BRETONNERIE",0,NULL,1,1,0,1,(1),(1),1,NULL,NULL,2,0,1,50
201900032764,30,4,2019,19:30:00,1,17,17380,2,1,1,2,"VERDUN (74 AVENUE DE)","45,6586340"," -1,0758270",201900032764,138 244 663,B01,2,1,0,0,4,15,5,NULL,201900032764,138 244 663,B01,1,1,3,2,1954,5,8,0,-1,-1," -1",-1,201900032764,4,"VERDUN (AVENUE DE)",0,NULL,-1,2,0,1,0,0,1,NULL,NULL,1,0,1,50
201900032764,30,4,2019,19:30:00,1,17,17380,2,1,1,2,"VERDUN (74 AVENUE DE)","45,6586340"," -1,0758270",201900032764,138 244 663,B01,2,1,0,0,4,15,5,NULL,201900032764,138 244 664,A01,1,1,1,2,1996,1,1,0,-1,-1," -1",-1,201900032764,4,"VERDUN (AVENUE DE)",0,NULL,-1,2,0,1,0,0,1,NULL,NULL,1,0,1,50
201900033232,22,7,2019,21:20:00,1,54,54300,2,1,1,2,"GALTIER (RUE LUCIEN)","48,6633970","6,2191490",201900033232,138 243 780,B01,1,1,0,2,0,0,5,NULL,201900033232,138 243 779,A01,1,1,1,1,1988,0,1,0,-1,-1,0,-1,201900033232,4,"GALTIER (RUE LUCIEN)",0,NULL,2,2,0,1,0,0,1,NULL,NULL,1,0,1,50
201900033232,22,7,2019,21:20:00,1,54,54300,2,1,1,2,"GALTIER (RUE LUCIEN)","48,6633970","6,2191490",201900033232,138 243 780,B01,1,1,0,2,0,0,5,NULL,201900033232,138 243 780,B01,1,1,4,1,1996,0,2,0,-1,-1,0,-1,201900033232,4,"GALTIER (RUE LUCIEN)",0,NULL,2,2,0,1,0,0,1,NULL,NULL,1,0,1,50
201900033247,3,10,2019,12:28:00,1,95,95051,2,1,1,3,"RUE DENIS PAPIN","49,0172070","2,1775780",201900033247,138 243 754,B01,3,1,0,2,7,1,5,NULL,201900033247,138 243 753,A01,1,1,1,1,1973,4,8,8,-1,-1,0,-1,201900033247,4,"8 RUE DENIS PAPIN",0,NULL,2,2,0,1,(1),(1),1,NULL,NULL,1,0,1,50
201900033247,3,10,2019,12:28:00,1,95,95051,2,1,1,3,"RUE DENIS PAPIN","49,0172070","2,1775780",201900033247,138 243 754,B01,3,1,0,2,7,1,5,NULL,201900033247,138 243 754,B01,1,1,2,1,2007,2,8,0,-1,-1,0,-1,201900033247,4,"8 RUE DENIS PAPIN",0,NULL,2,2,0,1,(1),(1),1,NULL,NULL,1,0,1,50
201900033280,4,10,2019,19:51:00,5,42,42044,2,1,1,1,"GAFFARD (AVENUE DE)","45,3865148","4,3078461",201900033280,138 243 669,B01,2,1,0,2,1,1,5,NULL,201900033280,138 243 668,A01,2,2,1,1,2000,5,8,0,-1,-1,0,-1,201900033280,4,"GAFFARD (AVENUE DE)",0,NULL,3,2,0,1,0,0,1,NULL,NULL,1,0,1,50
201900033280,4,10,2019,19:51:00,5,42,42044,2,1,1,1,"GAFFARD (AVENUE DE)","45,3865148","4,3078461",201900033280,138 243 669,B01,2,1,0,2,1,1,5,NULL,201900033280,138 243 668,A01,1,1,1,1,1991,5,8,0,-1,-1,0,-1,201900033280,4,"GAFFARD (AVENUE DE)",0,NULL,3,2,0,1,0,0,1,NULL,NULL,1,0,1,50
201900033280,4,10,2019,19:51:00,5,42,42044,2,1,1,1,"GAFFARD (AVENUE DE)","45,3865148","4,3078461",201900033280,138 243 669,B01,2,1,0,2,1,1,5,NULL,201900033280,138 243 669,B01,1,1,3,2,1991,5,2,0,-1,-1,0,-1,201900033280,4,"GAFFARD (AVENUE DE)",0,NULL,3,2,0,1,0,0,1,NULL,NULL,1,0,1,50
201900034986,16,6,2019,03:30:00,5,59,59350,2,1,1,7,"BERNOS RUE","50,6335000","3,0843000",201900034986,138 240 371,A01,1,1,0,2,8,1,5,NULL,201900034986,138 240 371,A01,1,1,3,1,1999,-1,0,-1,-1,-1,0,-1,201900034986,4,"BERNOS RUE",0,NULL,1,2,0,2,0,0,1,NULL,NULL,1,2,1,50
201900037184,17,1,2019,10:50:00,1,75,75105,2,3,1,2,"BOULEVARD SAINT MICHEL","48,8473400","2,3408440",201900037184,138 236 141,B01,2,1,0,2,4,1,5,NULL,201900037184,138 236 140,A01,1,1,1,1,1972,4,1,0,-1,0,0,-1,201900037184,4,"BOULEVARD SAINT MICHEL",0,NULL,2,2,0,2,0,0,1,NULL,NULL,1,0,1,50
201900037184,17,1,2019,10:50:00,1,75,75105,2,3,1,2,"BOULEVARD SAINT MICHEL","48,8473400","2,3408440",201900037184,138 236 141,B01,2,1,0,2,4,1,5,NULL,201900037184,138 236 141,B01,1,1,4,2,1939,0,8,0,-1,0,0,-1,201900037184,4,"BOULEVARD SAINT MICHEL",0,NULL,2,2,0,2,0,0,1,NULL,NULL,1,0,1,50
201900037922,21,7,2019,11:30:00,1,75,75115,2,2,1,3,"RUE DE VOUILLE","48,8335620","2,3092180",201900037922,138 234 723,A01,1,1,0,2,2,12,5,NULL,201900037922,138 234 722,B01,1,1,1,2,1958,5,1,0,-1,0,0,-1,201900037922,4,"RUE DE VOUILLE",0,NULL,2,3,0,1,0,0,1,NULL,NULL,1,0,1,50
201900037922,21,7,2019,11:30:00,1,75,75115,2,2,1,3,"RUE DE VOUILLE","48,8335620","2,3092180",201900037922,138 234 723,A01,1,1,0,2,2,12,5,NULL,201900037922,138 234 723,A01,1,1,4,2,1948,5,2,0,-1,0,0,-1,201900037922,4,"RUE DE VOUILLE",0,NULL,2,3,0,1,0,0,1,NULL,NULL,1,0,1,50
201900040088,23,5,2019,18:00:00,1,75,75110,2,5,1,3,"BOULEVARD DE LA CHAPELLE","48,8843080","2,3593620",201900040088,138 230 739,B01,1,1,0,2,1,1,5,NULL,201900040088,138 230 738,A01,1,1,1,1,1966,1,2,6,-1,0,0,-1,201900040088,4,"BOULEVARD DE LA CHAPELLE",0,NULL,2,3,0,1,0,0,1,NULL,NULL,1,0,1,50
201900040088,23,5,2019,18:00:00,1,75,75110,2,5,1,3,"BOULEVARD DE LA CHAPELLE","48,8843080","2,3593620",201900040088,138 230 739,B01,1,1,0,2,1,1,5,NULL,201900040088,138 230 739,B01,1,1,4,1,1990,1,8,0,-1,0,0,-1,201900040088,4,"BOULEVARD DE LA CHAPELLE",0,NULL,2,3,0,1,0,0,1,NULL,NULL,1,0,1,50
201900040890,28,9,2019,19:06:00,1,86,86041,2,3,1,5,"FRERES LUMIERE (RUE DES)","46,6106700","0,3674700",201900040890,138 229 262,A01,1,1,0,2,1,9,5,NULL,201900040890,138 229 261,A01,1,1,4,1,1950,-1,1,-1,-1,-1," -1",-1,201900040890,4,"FRERES LUMIERE (RUE DES)",0,NULL,2,2,0,1,0,0,1,NULL,NULL,1,0,1,30
201900040890,28,9,2019,19:06:00,1,86,86041,2,3,1,5,"FRERES LUMIERE (RUE DES)","46,6106700","0,3674700",201900040890,138 229 262,A01,1,1,0,2,1,9,5,NULL,201900040890,138 229 262,A01,1,1,4,1,1996,1,8,0,-1,-1,0,-1,201900040890,4,"FRERES LUMIERE (RUE DES)",0,NULL,2,2,0,1,0,0,1,NULL,NULL,1,0,1,30
201900040890,28,9,2019,19:06:00,1,86,86041,2,3,1,5,"FRERES LUMIERE (RUE DES)","46,6106700","0,3674700",201900040890,138 229 262,A01,1,1,0,2,1,9,5,NULL,201900040890,138 229 263,B01,1,1,1,2,1971,0,1,0,-1,-1,0,-1,201900040890,4,"FRERES LUMIERE (RUE DES)",0,NULL,2,2,0,1,0,0,1,NULL,NULL,1,0,1,30
201900042913,15,1,2019,15:28:00,1,13,13029,1,3,1,1,"D70 - CHEMIN DE LA COPÉRATIVE","43,5720910","5,0753450",201900042913,138 225 443,B01,0,1,0,2,8,15,5,NULL,201900042913,138 225 442,A01,1,1,1,1,1962,0,1,-1,-1,0,0,-1,201900042913,3,70,0,NULL,2,2,0,2,7,250,1,NULL,NULL,1,0,1,80
201900042913,15,1,2019,15:28:00,1,13,13029,1,3,1,1,"D70 - CHEMIN DE LA COPÉRATIVE","43,5720910","5,0753450",201900042913,138 225 443,B01,0,1,0,2,8,15,5,NULL,201900042913,138 225 443,B01,1,1,2,1,1964,5,2,-1,-1,0,0,-1,201900042913,3,70,0,NULL,2,2,0,2,7,250,1,NULL,NULL,1,0,1,80
201900044913,21,8,2019,19:00:00,1,27,27168,2,1,1,3,"17 Route d'Amfreville-Sous-Les-Monts","49,2555670","1,2704580",201900044913,138 221 672,A01,1,1,0,2,8,2,5,NULL,201900044913,138 221 672,A01,1,1,4,1,1986,5,2,-1,-1,0,0,-1,201900044913,3,19,NULL,NULL,2,2,0,1,10,900,3,NULL,NULL,1,0,1,50
201900044913,21,8,2019,19:00:00,1,27,27168,2,1,1,3,"17 Route d'Amfreville-Sous-Les-Monts","49,2555670","1,2704580",201900044913,138 221 672,A01,1,1,0,2,8,2,5,NULL,201900044913,138 221 673,B01,1,1,1,1,1980,4,1,-1,-1,0,0,-1,201900044913,3,19,NULL,NULL,2,2,0,1,10,900,3,NULL,NULL,1,0,1,50