Num_Acc,jour,mois,an,hrmn,lum,dep,com,agg,int,atm,col,adr,lat,long,Num_Acc,id_vehicule,num_veh,senc,catv,obs,obsm,choc,manv,motor,occutc,Num_Acc,id_vehicule,num_veh,place,catu,grav,sexe,an_nais,trajet,secu1,secu2,secu3,locp,actp,etatp,Num_Acc,catr,voie,v1,v2,circ,nbv,vosp,prof,pr,pr1,plan,lartpc,larrout,surf,infra,situ,vma
201900048804,15,7,2019,12:21:00,1,93,93059,2,3,1,3,"JEAN MERMOZ (N°59 AU 185)","48,9711790","2,3662300",201900048804,138 214 326,B01,1,1,0,2,7,1,5,NULL,201900048804,138 214 325,A01,2,2,3,1,1975,1,8,0,-1,0,0,-1,201900048804,3,931,0,NULL,3,4,3,2,0,100,1,NULL,NULL,1,9,1,50
201900048804,15,7,2019,12:21:00,1,93,93059,2,3,1,3,"JEAN MERMOZ (N°59 AU 185)","48,9711790","2,3662300",201900048804,138 214 326,B01,1,1,0,2,7,1,5,NULL,201900048804,138 214 325,A01,1,1,1,1,1990,4,1,8,-1,-1," -1",-1,201900048804,3,931,0,NULL,3,4,3,2,0,100,1,NULL,NULL,1,9,1,50
201900050268,23,8,2019,17:05:00,1,17,17425,1,1,1,3,"Voie longeant la RD 730","45,6044370"," -0,9114830",201900050268,138 211 604,A01,1,1,0,2,8,19,5,NULL,201900050268,138 211 604,A01,1,1,3,1,1951,5,0,-1,-1,0,0,-1,201900050268,4,NULL,0,NULL,2,4,0,1,(1),(1),1,NULL,NULL,1,6,1,70
201900050268,23,8,2019,17:05:00,1,17,17425,1,1,1,3,"Voie longeant la RD 730","45,6044370"," -0,9114830",201900050268,138 211 604,A01,1,1,0,2,8,19,5,NULL,201900050268,138 211 605,B01,1,1,1,1,1985,5,1,-1,-1,0,0,-1,201900050268,4,NULL,0,NULL,2,4,0,1,(1),(1),1,NULL,NULL,1,6,1,70
201900051168,4,6,2019,20:20:00,1,35,35288,2,6,1,6,"GREVES DE CHASLES (CARREFOUR)","48,6399600"," -2,0087600",201900051168,138 209 955,B01,3,1,0,0,0,0,0,NULL,201900051168,138 209 954,A01,1,1,1,1,1956,5,1,0,-1,-1," -1",-1,201900051168,4,"GREVES DE CHASLES (CARREFOUR)",0,NULL,1,2,0,1,0,0,3,NULL,NULL,1,0,1,50
201900051168,4,6,2019,20:20:00,1,35,35288,2,6,1,6,"GREVES DE CHASLES (CARREFOUR)","48,6399600"," -2,0087600",201900051168,138 209 955,B01,3,1,0,0,0,0,0,NULL,201900051168,138 209 955,B01,1,1,3,2,1961,5,8,0,-1,-1,0,-1,201900051168,4,"GREVES DE CHASLES (CARREFOUR)",0,NULL,1,2,0,1,0,0,3,NULL,NULL,1,0,1,50
201900051957,23,9,2019,09:39:00,1,87,87085,2,1,1,7,"11 BERTHELOT (AVENUE)","45,8372300","1,2518400",201900051957,138 208 441,A01,2,1,0,0,1,1,5,NULL,201900051957,138 208 441,A01,1,1,4,2,1989,5,8,-1,-1,0,0,-1,201900051957,4,"BERTHELOT (AVENUE)",0,NULL,2,2,0,2,0,0,1,NULL,NULL,1,0,1,50
201900052469,28,3,2019,14:30:00,1,94,94060,2,3,1,3,"PONT BANNERET (RTE DU)","48,7861100","2,5775800",201900052469,138 207 400,B01,3,1,0,2,8,23,6,NULL,201900052469,138 207 400,B01,1,1,4,1,1987,1,8,0,-1,0,0,-1,201900052469,4,"PONT BANNERET (RTE DU)",0,NULL,1,1,0,1,0,0,1,NULL,NULL,1,0,1,50
201900010951,4,7,2019,23:00:00,5,92,92051,2,1,1,2,"CHARLES DE GAULLE (AVENUE,N°118 A 192 +","48,8850000","2,2603000",201900010951,138 286 136,A01,1,1,0,2,1,2,5,NULL,201900010951,138 286 136,A01,1,1,4,1,1984,0,2,8,-1,-1,0,-1,201900010951,2,13,0,NULL,-1,3,0,1,0,0,1,NULL,NULL,1,0,1,50
201900010951,4,7,2019,23:00:00,5,92,92051,2,1,1,2,"CHARLES DE GAULLE (AVENUE,N°118 A 192 +","48,8850000","2,2603000",201900010951,138 286 136,A01,1,1,0,2,1,2,5,NULL,201900010951,138 286 137,B01,1,1,1,1,1968,4,1,0,-1,-1,0,-1,201900010951,2,13,0,NULL,-1,3,0,1,0,0,1,NULL,NULL,1,0,1,50
201900011952,16,10,2019,00:00:00,5,31,31555,2,1,1,2,"AV DE MURET","43,5855600","1,4285500",201900011952,138 284 214,B01,2,1,0,2,4,2,5,NULL,201900011952,138 284 213,A01,1,1,1,1,1983,9,1,-1,-1,0,0,-1,201900011952,4,NULL,0,NULL,3,2,0,1,0,0,1,NULL,NULL,1,0,1,50
201900011952,16,10,2019,00:00:00,5,31,31555,2,1,1,2,"AV DE MURET","43,5855600","1,4285500",201900011952,138 284 214,B01,2,1,0,2,4,2,5,NULL,201900011952,138 284 214,B01,1,1,4,2,1980,9,2,8,-1,-1," -1",-1,201900011952,4,NULL,0,NULL,3,2,0,1,0,0,1,NULL,NULL,1,0,1,50
201900013154,30,12,2019,15:55:00,1,49,49007,2,1,1,1,"RONCERAY BOULEVARD","47,4747500"," -0,5597800",201900013154,138 281 989,B01,3,1,0,2,1,26,5,NULL,201900013154,138 281 989,B01,2,1,4,1,1998,9,2,8,-1,-1," -1",-1,201900013154,4,"RONCERAY BOULEVARD",0,NULL,-1,1,0,1,0,0,1,NULL,NULL,1,0,1,30
201900013154,30,12,2019,15:55:00,1,49,49007,2,1,1,1,"RONCERAY BOULEVARD","47,4747500"," -0,5597800",201900013154,138 281 989,B01,3,1,0,2,1,26,5,NULL,201900013154,138 281 990,A01,1,1,1,2,2000,0,1,8,-1,-1," -1",-1,201900013154,4,"RONCERAY BOULEVARD",0,NULL,-1,1,0,1,0,0,1,NULL,NULL,1,0,1,30
201900015881,20,4,2019,14:10:00,1,50,50484,1,1,1,3,"La Beduaudière","48,5359720"," -1,1711100",201900015881,138 276 836,B01,3,1,0,2,3,9,5,NULL,201900015881,138 276 835,A01,1,1,1,1,1990,5,1,-1,-1,0,0,-1,201900015881,3,85,NULL,NULL,2,2,0,1,(1),(1),1,NULL,NULL,1,0,1,-1
201900015881,20,4,2019,14:10:00,1,50,50484,1,1,1,3,"La Beduaudière","48,5359720"," -1,1711100",201900015881,138 276 836,B01,3,1,0,2,3,9,5,NULL,201900015881,138 276 836,B01,1,1,3,1,2008,5,0,-1,-1,0,0,-1,201900015881,3,85,NULL,NULL,2,2,0,1,(1),(1),1,NULL,NULL,1,0,1,-1
201900016053,6,8,2019,05:35:00,3,37,37250,1,1,1,3,"Rue Nungesser et Coli","47,2579890","0,6944580",201900016053,138 276 532,A01,2,1,0,2,1,1,5,NULL,201900016053,138 276 532,A01,1,1,4,1,1982,1,0,-1,-1,0,0,-1,201900016053,4,NULL,NULL,NULL,2,2,0,1,(1),(1),1,NULL,NULL,1,0,1,50
201900016053,6,8,2019,05:35:00,3,37,37250,1,1,1,3,"Rue Nungesser et Coli","47,2579890","0,6944580",201900016053,138 276 532,A01,2,1,0,2,1,1,5,NULL,201900016053,138 276 533,B01,1,1,1,2,1972,1,1,-1,-1,0,0,-1,201900016053,4,NULL,NULL,NULL,2,2,0,1,(1),(1),1,NULL,NULL,1,0,1,50
201900017389,11,10,2019,11:40:00,1,67,67263,2,3,1,3,"10 Rue des Ecoles","49,0028620","7,7937890",201900017389,138 273 898,B01,3,1,0,2,7,10,5,NULL,201900017389,138 273 898,B01,1,1,3,2,2017,2,2,-1,-1,0,0,-1,201900017389,4,NULL,NULL,NULL,2,2,3,4,(1),(1),1,NULL,NULL,1,0,1,50
201900017389,11,10,2019,11:40:00,1,67,67263,2,3,1,3,"10 Rue des Ecoles","49,0028620","7,7937890",201900017389,138 273 898,B01,3,1,0,2,7,10,5,NULL,201900017389,138 273 899,A01,1,1,1,1,1953,5,8,-1,-1,0,0,-1,201900017389,4,NULL,NULL,NULL,2,2,3,4,(1),(1),1,NULL,NULL,1,0,1,50
201900022021,15,11,2019,19:00:00,5,973,97302,2,1,1,3,"JADFARD (RENE)","4,9341489"," -52,3324871",201900022021,138 265 156,B01,3,1,0,2,9,1,0,NULL,201900022021,138 265 156,B01,1,1,4,2,2002,0,8,0,-1,-1,0,-1,201900022021,4,"JADFARD (RENE)",0,NULL,2,2,0,1,0,0,1,NULL,NULL,1,0,1,50
201900022021,15,11,2019,19:00:00,5,973,97302,2,1,1,3,"JADFARD (RENE)","4,9341489"," -52,3324871",201900022021,138 265 156,B01,3,1,0,2,9,1,0,NULL,201900022021,138 265 158,A01,1,1,1,1,1976,0,8,0,-1,-1,0,-1,201900022021,4,"JADFARD (RENE)",0,NULL,2,2,0,1,0,0,1,NULL,NULL,1,0,1,50
201900023592,1,5,2019,00:00:00,5,69,69266,2,3,1,6,"4 AOUT 1789    (Rue du)","45,7647100","4,8866000",201900023592,138 262 049,C01,2,1,0,2,1,1,5,NULL,201900023592,138 262 048,B01,1,1,4,1,1989,0,8,0,-1,0,0,-1,201900023592,4,"4 AOUT 1789    (Rue du)",0,NULL,2,2,3,1,0,0,1,NULL,NULL,1,0,1,50
201900023592,1,5,2019,00:00:00,5,69,69266,2,3,1,6,"4 AOUT 1789    (Rue du)","45,7647100","4,8866000",201900023592,138 262 049,C01,2,1,0,2,1,1,5,NULL,201900023592,138 262 049,C01,1,1,4,1,1980,0,8,0,-1,-1," -1",-1,201900023592,4,"4 AOUT 1789    (Rue du)",0,NULL,2,2,3,1,0,0,1,NULL,NULL,1,0,1,50
201900024306,8,10,2019,21:55:00,5,75,75111,2,2,2,3,"RUE DE CHARONNE","48,8551290","2,3871040",201900024306,138 260 653,B01,1,1,0,2,7,1,5,NULL,201900024306,138 260 652,A01,1,1,1,1,1987,0,1,8,-1,0,0,-1,201900024306,4,"RUE DE CHARONNE",0,NULL,2,2,0,1,0,0,1,NULL,NULL,2,0,1,50
201900024306,8,10,2019,21:55:00,5,75,75111,2,2,2,3,"RUE DE CHARONNE","48,8551290","2,3871040",201900024306,138 260 653,B01,1,1,0,2,7,1,5,NULL,201900024306,138 260 653,B01,1,1,4,1,1992,0,2,8,-1,0,0,-1,201900024306,4,"RUE DE CHARONNE",0,NULL,2,2,0,1,0,0,1,NULL,NULL,2,0,1,50
201900029007,29,4,2019,22:10:00,3,49,49353,2,1,1,7,PASTEUR,"47,4454600"," -0,4696000",201900029007,138 251 786,A01,1,1,0,0,9,0,5,NULL,201900029007,138 251 786,A01,1,1,4,1,1996,0,2,8,-1,-1,0,-1,201900029007,4,PASTEUR,0,NULL,2,2,0,1,0,0,1,NULL,NULL,1,0,1,50
201900030216,24,6,2019,21:40:00,1,93,93055,2,1,1,2,"JEAN LOLIVE (AVENUE)(107/135 ET 108/132)","48,8925300","2,4104600",201900030216,138 249 481,B01,1,1,0,2,1,2,5,NULL,201900030216,138 249 480,A01,1,1,1,2,1984,5,1,0,-1,-1," -1",-1,201900030216,3,933,0,NULL,1,3,0,1,0,1,1,NULL,NULL,1,0,1,50
201900030216,24,6,2019,21:40:00,1,93,93055,2,1,1,2,"JEAN LOLIVE (AVENUE)(107/135 ET 108/132)","48,8925300","2,4104600",201900030216,138 249 481,B01,1,1,0,2,1,2,5,NULL,201900030216,138 249 481,B01,1,1,4,1,1983,5,8,0,-1,-1," -1",-1,201900030216,3,933,0,NULL,1,3,0,1,0,1,1,NULL,NULL,1,0,1,50
201900030567,5,3,2019,08:30:00,1,92,92035,2,1,1,3,"Général de Gaulle  ( avenue du )","48,9090000","2,2551800",201900030567,138 248 847,B01,3,1,0,2,8,25,5,NULL,201900030567,138 248 846,A01,1,1,1,2,1994,1,1,0,-1,-1,0,-1,201900030567,4,"Général de Gaulle  ( avenue du )",0,NULL,2,2,0,1,0,0,1,NULL,NULL,1,0,1,50
201900030567,5,3,2019,08:30:00,1,92,92035,2,1,1,3,"Général de Gaulle  ( avenue du )","48,9090000","2,2551800",201900030567,138 248 847,B01,3,1,0,2,8,25,5,NULL,201900030567,138 248 847,B01,1,1,4,2,1968,1,8,0,-1,-1,0,-1,201900030567,4,"Général de Gaulle  ( avenue du )",0,NULL,2,2,0,1,0,0,1,NULL,NULL,1,0,1,50
201900033524,24,6,2019,09:49:00,1,38,38200,2,3,1,3,"Montée de la Creuse","45,0996620","5,7417870",201900033524,138 243 206,B01,3,1,0,2,7,26,0,NULL,201900033524,138 243 205,A01,1,1,1,2,1981,4,1,-1,-1,0,0,-1,201900033524,4,NULL,0,NULL,2,2,0,2,(1),(1),1,NULL,NULL,1,0,1,50
201900033524,24,6,2019,09:49:00,1,38,38200,2,3,1,3,"Montée de la Creuse","45,0996620","5,7417870",201900033524,138 243 206,B01,3,1,0,2,7,26,0,NULL,201900033524,138 243 206,B01,1,1,3,1,1997,1,0,-1,-1,0,0,-1,201900033524,4,NULL,0,NULL,2,2,0,2,(1),(1),1,NULL,NULL,1,0,1,50
201900034801,9,11,2019,11:30:00,1,12,12106,1,1,1,6,"Lieu-dit Magrin","44,4731300","2,8014240",201900034801,138 240 755,A01,3,1,14,0,1,1,5,NULL,201900034801,138 240 755,A01,1,1,3,1,1960,5,0,-1,-1,0,0,-1,201900034801,4,NULL,0,NULL,2,2,0,2,(1),(1),1,NULL,NULL,1,0,1,80
201900039383,1,3,2019,12:35:00,1,75,75116,2,2,1,3,"AVENUE THEOPHILE GAUTIER","48,8499390","2,2722040",201900039383,138 232 068,B01,2,1,0,2,3,1,5,NULL,201900039383,138 232 067,A01,1,1,1,1,1978,4,1,0,-1,0,0,-1,201900039383,4,"AVENUE THEOPHILE GAUTIER",0,NULL,1,1,0,2,0,0,1,NULL,NULL,1,0,1,50
201900039383,1,3,2019,12:35:00,1,75,75116,2,2,1,3,"AVENUE THEOPHILE GAUTIER","48,8499390","2,2722040",201900039383,138 232 068,B01,2,1,0,2,3,1,5,NULL,201900039383,138 232 068,B01,1,1,4,1,1994,5,2,0,-1,0,0,-1,201900039383,4,"AVENUE THEOPHILE GAUTIER",0,NULL,1,1,0,2,0,0,1,NULL,NULL,1,0,1,50
201900039971,11,12,2019,21:57:00,3,75,75113,2,2,8,3,"RUE DE LA GLACIERE","48,8341680","2,3448540",201900039971,138 230 937,A01,1,1,0,2,8,1,5,NULL,201900039971,138 230 937,A01,1,1,4,1,1993,5,2,8,-1,0,0,-1,201900039971,4,"RUE DE LA GLACIERE",0,NULL,1,2,0,1,29,0,1,NULL,NULL,2,0,1,50
201900039971,11,12,2019,21:57:00,3,75,75113,2,2,8,3,"RUE DE LA GLACIERE","48,8341680","2,3448540",201900039971,138 230 937,A01,1,1,0,2,8,1,5,NULL,201900039971,138 230 938,B01,1,1,1,1,1988,4,1,0,-1,0,0,-1,201900039971,4,"RUE DE LA GLACIERE",0,NULL,1,2,0,1,29,0,1,NULL,NULL,2,0,1,50
201900045488,7,12,2019,23:55:00,5,75,75119,2,2,1,3,"AVENUE DE FLANDRE","48,8906240","2,3768500",201900045488,138 220 554,B01,1,1,0,2,8,1,5,NULL,201900045488,138 220 553,A01,1,1,1,1,1990,3,1,0,-1,0,0,-1,201900045488,4,"AVENUE DE FLANDRE",0,NULL,1,2,3,1,92,0,1,NULL,NULL,1,0,6,50
201900045488,7,12,2019,23:55:00,5,75,75119,2,2,1,3,"AVENUE DE FLANDRE","48,8906240","2,3768500",201900045488,138 220 554,B01,1,1,0,2,8,1,5,NULL,201900045488,138 220 554,B01,1,1,4,1,1994,0,8,2,-1,0,0,-1,201900045488,4,"AVENUE DE FLANDRE",0,NULL,1,2,3,1,92,0,1,NULL,NULL,1,0,6,50
201900045832,17,6,2019,09:14:00,1,72,72095,2,1,1,3,"SAINT NICOLAS (BD)","48,0278300","0,2023500",201900045832,138 219 866,B01,2,1,0,2,1,1,5,NULL,201900045832,138 219 865,A01,1,1,1,1,1985,0,1,0,-1,0,0,-1,201900045832,3,303,0,NULL,2,2,1,1,0,0,1,NULL,NULL,1,0,1,50
201900045832,17,6,2019,09:14:00,1,72,72095,2,1,1,3,"SAINT NICOLAS (BD)","48,0278300","0,2023500",201900045832,138 219 866,B01,2,1,0,2,1,1,5,NULL,201900045832,138 219 866,B01,1,1,4,1,2004,2,8,8,-1,0,0,-1,201900045832,3,303,0,NULL,2,2,1,1,0,0,1,NULL,NULL,1,0,1,50
201900046793,3,4,2019,16:29:00,1,2,02128,2,9,1,7,"6 Rue Porte de Reims","49,5239430","3,6648830",201900046793,138 218 044,A01,2,1,0,0,8,15,5,NULL,201900046793,138 218 044,A01,1,1,3,1,2006,5,0,-1,-1,0,0,-1,201900046793,4,NULL,0,NULL,2,2,0,1,(1),(1),1,NULL,NULL,1,0,1,50
201900048309,28,3,2019,14:05:00,1,54,54274,2,1,1,3,"REPUBLIQUE (RUE DE LA)","48,6712990","6,2057740",201900048309,138 215 235,B01,1,1,0,2,1,0,5,NULL,201900048309,138 215 235,B01,1,1,4,1,1962,0,2,0,-1,-1,0,-1,201900048309,9,"REPUBLIQUE (RUE DE LA)",0,NULL,-1,1,0,1,0,0,1,NULL,NULL,1,0,1,50
201900048309,28,3,2019,14:05:00,1,54,54274,2,1,1,3,"REPUBLIQUE (RUE DE LA)","48,6712990","6,2057740",201900048309,138 215 235,B01,1,1,0,2,1,0,5,NULL,201900048309,138 215 236,A01,1,1,1,2,1982,0,8,0,-1,-1,0,-1,201900048309,9,"REPUBLIQUE (RUE DE LA)",0,NULL,-1,1,0,1,0,0,1,NULL,NULL,1,0,1,50
201900048603,13,7,2019,19:00:00,1,51,51172,2,3,1,3,"RUE MEHAUT-DUPONT","49,2245900","4,0484400",201900048603,138 214 675,A01,3,1,0,2,0,0,5,NULL,201900048603,138 214 675,A01,2,1,4,1,2009,5,8,0,-1,-1,0,-1,201900048603,4,"RUE MEHAUT-DUPONT",0,NULL,2,2,0,1,0,0,1,NULL,NULL,1,0,1,50
201900051169,17,6,2019,15:45:00,1,35,35238,2,9,1,3,"ALMA (DE L')","48,0992600"," -1,6757400",201900051169,138 209 952,A01,3,1,0,2,1,16,0,NULL,201900051169,138 209 952,A01,1,1,4,2,1995,0,8,0,-1,-1,0,-1,201900051169,4,"ALMA (DE L')",0,NULL,2,3,1,1,0,0,1,NULL,NULL,1,0,1,50
201900051169,17,6,2019,15:45:00,1,35,35238,2,9,1,3,"ALMA (DE L')","48,0992600"," -1,6757400",201900051169,138 209 952,A01,3,1,0,2,1,16,0,NULL,201900051169,138 209 953,B01,1,1,1,1,1970,1,1,0,-1,-1," -1",-1,201900051169,4,"ALMA (DE L')",0,NULL,2,3,1,1,0,0,1,NULL,NULL,1,0,1,50
201900052265,29,3,2019,17:47:00,1,37,37122,2,1,1,3,"JEAN JAURES","47,3492901","0,6667968",201900052265,138 207 825,B01,3,1,0,2,8,1,5,NULL,201900052265,138 207 825,B01,1,1,4,1,1943,5,2,8,-1,-1,0,-1,201900052265,4,"JEAN JAURES",0,NULL,1,1,0,1,0,0,1,NULL,NULL,1,0,1,50
201900052265,29,3,2019,17:47:00,1,37,37122,2,1,1,3,"JEAN JAURES","47,3492901","0,6667968",201900052265,138 207 825,B01,3,1,0,2,8,1,5,NULL,201900052265,138 207 826,A01,1,1,1,2,1990,5,1,8,-1,-1,0,-1,201900052265,4,"JEAN JAURES",0,NULL,1,1,0,1,0,0,1,NULL,NULL,1,0,1,50
201900053567,4,1,2019,11:00:00,1,57,57463,2,1,1,2,"JEAN XXIII (AVENUE )","49,1129600","6,1830600",201900053567,138 205 320,B01,3,1,0,2,4,1,5,NULL,201900053567,138 205 320,B01,1,1,3,1,1945,5,8,8,-1,-1," -1",-1,201900053567,4,"JEAN XXIII (AVENUE )",0,NULL,1,3,0,1,0,0,1,NULL,NULL,1,0,1,50
201900053567,4,1,2019,11:00:00,1,57,57463,2,1,1,2,"JEAN XXIII (AVENUE )","49,1129600","6,1830600",201900053567,138 205 320,B01,3,1,0,2,4,1,5,NULL,201900053567,138 205 321,A01,1,1,1,1,1960,9,1,0,-1,-1," -1",-1,201900053567,4,"JEAN XXIII (AVENUE )",0,NULL,1,3,0,1,0,0,1,NULL,NULL,1,0,1,50
201900053644,27,10,2019,18:45:00,5,987,98747,1,1,1,1,"PK 9 PUEU"," -17,7515450"," -149,2403540",201900053644,138 205 163,B01,2,1,0,2,1,5,5,NULL,201900053644,138 205 163,B01,1,1,3,1,1964,5,0,-1,-1,0,0,-1,201900053644,2,3,0,NULL,2,2,0,1,9,0,1,NULL,NULL,1,0,1,60
201900053644,27,10,2019,18:45:00,5,987,98747,1,1,1,1,"PK 9 PUEU"," -17,7515450"," -149,2403540",201900053644,138 205 163,B01,2,1,0,2,1,5,5,NULL,201900053644,138 205 164,A01,1,1,2,1,1976,5,2,-1,-1,0,0,-1,201900053644,2,3,0,NULL,2,2,0,1,9,0,1,NULL,NULL,1,0,1,60
201900055612,22,9,2019,19:25:00,2,69,69387,2,1,3,2,"BERTHELOT                           (AV)","45,7421200","4,8514300",201900055612,138 201 549,B01,1,1,0,2,4,1,0,NULL,201900055612,138 201 549,B01,1,1,4,1,2006,9,8,0,-1,-1," -1",-1,201900055612,4,"BERTHELOT                           (AV)",0,NULL,-1,2,3,1,0,0,1,NULL,NULL,2,4,6,50
201900055631,22,9,2019,15:25:00,1,37,37261,2,1,1,3,"CHOISEUL (PLACE)","47,4018400","0,6842600",201900055631,138 201 512,A01,2,1,0,2,1,1,5,NULL,201900055631,138 201 511,B01,1,1,1,2,1961,3,1,8,-1,-1,0,-1,201900055631,4,"CHOISEUL (PLACE)",0,NULL,2,4,2,2,0,0,1,NULL,NULL,1,0,1,50
201900055631,22,9,2019,15:25:00,1,37,37261,2,1,1,3,"CHOISEUL (PLACE)","47,4018400","0,6842600",201900055631,138 201 512,A01,2,1,0,2,1,1,5,NULL,201900055631,138 201 512,A01,1,1,4,1,1995,3,8,0,-1,-1,0,-1,201900055631,4,"CHOISEUL (PLACE)",0,NULL,2,4,2,2,0,0,1,NULL,NULL,1,0,1,50
201900010603,7,8,2019,21:00:00,2,75,75105,2,2,1,6,"QUAI DE LA TOURNELLE","48,8511324","2,3513039",201900010603,138 286 752,A01,2,1,0,1,4,1,5,NULL,201900010603,138 286 752,A01,1,1,1,1,1988,1,2,0,-1,0,0,-1,201900010603,4,"QUAI DE LA TOURNELLE",0,NULL,2,4,1,1,0,0,1,NULL,NULL,1,0,1,30
201900010603,7,8,2019,21:00:00,2,75,75105,2,2,1,6,"QUAI DE LA TOURNELLE","48,8511324","2,3513039",201900010603,138 286 752,A01,2,1,0,1,4,1,5,NULL,201900010603,138 286 752,A01,10,3,4,2,1995,5,0,0,-1,2,9,1,201900010603,4,"QUAI DE LA TOURNELLE",0,NULL,2,4,1,1,0,0,1,NULL,NULL,1,0,1,30
201900011049,22,11,2019,15:15:00,1,75,75109,2,3,1,6,"RUE DE MONTHOLON","48,8765700","2,3461103",201900011049,138 285 968,A01,1,1,0,1,2,1,5,NULL,201900011049,138 285 968,A01,1,1,1,1,1982,0,2,8,-1,0,0,-1,201900011049,4,"RUE DE MONTHOLON",0,NULL,1,1,0,1,0,0,1,NULL,NULL,1,0,1,50
201900011049,22,11,2019,15:15:00,1,75,75109,2,3,1,6,"RUE DE MONTHOLON","48,8765700","2,3461103",201900011049,138 285 968,A01,1,1,0,1,2,1,5,NULL,201900011049,138 285 968,A01,10,3,4,1,1937,5,0,-1,-1,3,3,1,201900011049,4,"RUE DE MONTHOLON",0,NULL,1,1,0,1,0,0,1,NULL,NULL,1,0,1,50
201900012701,4,7,2019,14:30:00,1,35,35246,1,1,7,3,"La Haie","48,5348200"," -1,7999470",201900012701,138 282 813,B01,2,1,0,2,3,2,5,NULL,201900012701,138 282 812,A01,1,1,1,1,1997,4,1,-1,-1,0,0,-1,201900012701,3,676,NULL,NULL,2,2,0,2,4,500,3,NULL,NULL,1,0,3,70
201900012701,4,7,2019,14:30:00,1,35,35246,1,1,7,3,"La Haie","48,5348200"," -1,7999470",201900012701,138 282 813,B01,2,1,0,2,3,2,5,NULL,201900012701,138 282 813,B01,1,1,4,1,1970,5,2,6,-1,0,0,-1,201900012701,3,676,NULL,NULL,2,2,0,2,4,500,3,NULL,NULL,1,0,3,70
201900012988,22,11,2019,15:50:00,1,60,60317,1,3,1,3,"81 Moulin d'Hondainville","49,3330532","2,3066279",201900012988,138 282 300,B01,3,1,0,2,1,0,5,NULL,201900012988,138 282 300,B01,1,1,4,1,1952,5,2,-1,-1,0,0,-1,201900012988,3,12,NULL,NULL,2,2,0,1,16,50,1,NULL,NULL,1,5,1,80
201900012988,22,11,2019,15:50:00,1,60,60317,1,3,1,3,"81 Moulin d'Hondainville","49,3330532","2,3066279",201900012988,138 282 300,B01,3,1,0,2,1,0,5,NULL,201900012988,138 282 301,A01,1,1,1,2,1945,5,1,-1,-1,0,0,-1,201900012988,3,12,NULL,NULL,2,2,0,1,16,50,1,NULL,NULL,1,5,1,80
201900013290,13,9,2019,19:35:00,1,33,33167,2,1,1,2,"AVE JEAN ALFONSEA","44,8270000"," -0,5251000",201900013290,138 281 731,A01,1,1,0,2,4,1,5,NULL,201900013290,138 281 731,A01,1,1,3,1,2003,5,8,0,-1,-1," -1",-1,201900013290,4,"AVE JEAN ALFONSEA",0,NULL,2,2,0,1,0,0,1,NULL,NULL,1,0,1,50
201900013862,10,10,2019,17:28:00,2,972,97213,1,1,1,1,"ROUTE DEPARTEMENTALE 15","14,6161800"," -61,0052800",201900013862,138 280 612,A01,1,1,0,2,1,5,5,NULL,201900013862,138 280 612,A01,1,1,4,1,1971,5,2,4,-1,-1,0,-1,201900013862,3,15,0,NULL,2,2,0,1,1,0,1,NULL,NULL,1,0,1,50
201900013862,10,10,2019,17:28:00,2,972,97213,1,1,1,1,"ROUTE DEPARTEMENTALE 15","14,6161800"," -61,0052800",201900013862,138 280 612,A01,1,1,0,2,1,5,5,NULL,201900013862,138 280 613,B01,1,1,1,1,1995,4,1,8,-1,-1,0,-1,201900013862,3,15,0,NULL,2,2,0,1,1,0,1,NULL,NULL,1,0,1,50
201900014442,5,7,2019,10:25:00,1,33,33435,1,6,7,3,"Rond point du viaduc","44,5635750"," -0,2440830",201900014442,138 279 486,B01,1,1,0,2,1,13,5,NULL,201900014442,138 279 486,B01,1,1,3,1,1974,5,0,-1,-1,0,0,-1,201900014442,3,1113,NULL,NULL,2,4,0,1,26,830,1,NULL,NULL,1,0,1,80
201900014442,5,7,2019,10:25:00,1,33,33435,1,6,7,3,"Rond point du viaduc","44,5635750"," -0,2440830",201900014442,138 279 486,B01,1,1,0,2,1,13,5,NULL,201900014442,138 279 487,A01,1,1,1,2,1967,0,8,-1,-1,0,0,-1,201900014442,3,1113,NULL,NULL,2,4,0,1,26,830,1,NULL,NULL,1,0,1,80
201900015698,3,9,2019,14:00:00,1,17,17306,2,6,1,3,"RD 25","45,6393300"," -1,0252500",201900015698,138 277 143,B01,2,1,0,2,1,26,5,NULL,201900015698,138 277 142,A01,1,1,1,2,1966,4,1,-1,-1,-1," -1",-1,201900015698,3,25,0,NULL,-1,2,0,1,0,0,3,NULL,NULL,1,5,1,50
201900015698,3,9,2019,14:00:00,1,17,17306,2,6,1,3,"RD 25","45,6393300"," -1,0252500",201900015698,138 277 143,B01,2,1,0,2,1,26,5,NULL,201900015698,138 277 143,B01,1,1,4,2,1966,1,8,0,-1,-1," -1",-1,201900015698,3,25,0,NULL,-1,2,0,1,0,0,3,NULL,NULL,1,5,1,50
201900016224,28,6,2019,22:40:00,5,67,67482,2,1,1,6,"GERLINDE (RUE)","48,5819600","7,7127700",201900016224,138 276 200,B01,2,1,0,2,1,19,5,NULL,201900016224,138 276 200,B01,1,1,4,2,2014,5,8,0,-1,0,0,-1,201900016224,4,"GERLINDE (RUE)",0,NULL,2,2,0,1,0,0,1,NULL,NULL,1,0,1,30