Num_Acc,jour,mois,an,hrmn,lum,dep,com,agg,int,atm,col,adr,lat,long,Num_Acc,id_vehicule,num_veh,senc,catv,obs,obsm,choc,manv,motor,occutc,Num_Acc,id_vehicule,num_veh,place,catu,grav,sexe,an_nais,trajet,secu1,secu2,secu3,locp,actp,etatp,Num_Acc,catr,voie,v1,v2,circ,nbv,vosp,prof,pr,pr1,plan,lartpc,larrout,surf,infra,situ,vma
201900016224,28,6,2019,22:40:00,5,67,67482,2,1,1,6,"GERLINDE (RUE)","48,5819600","7,7127700",201900016224,138 276 200,B01,2,1,0,2,1,19,5,NULL,201900016224,138 276 201,Z01,1,1,1,1,1959,-1,8,8,8,-1," -1",-1,201900016224,4,"GERLINDE (RUE)",0,NULL,2,2,0,1,0,0,1,NULL,NULL,1,0,1,30
201900017111,12,9,2019,19:45:00,1,75,75116,2,1,1,3,"ROUTE DES TRIBUNES","48,8640370","2,2342370",201900017111,138 274 422,B01,2,1,0,2,8,1,5,NULL,201900017111,138 274 421,A01,1,1,1,1,1994,5,1,0,-1,0,0,-1,201900017111,4,"ROUTE DES TRIBUNES",0,NULL,1,2,1,1,0,0,3,NULL,NULL,1,0,5,50
201900017111,12,9,2019,19:45:00,1,75,75116,2,1,1,3,"ROUTE DES TRIBUNES","48,8640370","2,2342370",201900017111,138 274 422,B01,2,1,0,2,8,1,5,NULL,201900017111,138 274 422,B01,1,1,4,1,1984,5,2,8,-1,0,0,-1,201900017111,4,"ROUTE DES TRIBUNES",0,NULL,1,2,1,1,0,0,3,NULL,NULL,1,0,5,50
201900018643,27,12,2019,05:30:00,5,64,64122,2,1,1,7,"MARCEL DASSAULT (BD)","43,4711702"," -1,5360582",201900018643,138 271 570,A01,1,1,0,0,0,5,0,NULL,201900018643,138 271 570,A01,1,1,4,1,1964,1,2,0,-1,0,0,-1,201900018643,3,810,0,NULL,2,2,0,1,11,440,1,NULL,NULL,1,0,1,50
201900019878,2,5,2019,08:20:00,1,69,69384,2,3,1,3,"CROIX-ROUSSE (DE LA)                (BD)","45,7725300","4,8198700",201900019878,138 269 251,B01,2,1,0,2,1,1,5,NULL,201900019878,138 269 250,A01,1,1,1,2,1943,5,8,0,-1,0,0,-1,201900019878,4,"CROIX-ROUSSE (DE LA)                (BD)",0,NULL,2,4,2,1,0,1,1,NULL,NULL,1,0,1,50
201900019878,2,5,2019,08:20:00,1,69,69384,2,3,1,3,"CROIX-ROUSSE (DE LA)                (BD)","45,7725300","4,8198700",201900019878,138 269 251,B01,2,1,0,2,1,1,5,NULL,201900019878,138 269 251,B01,1,1,4,1,1987,0,8,0,-1,0,0,-1,201900019878,4,"CROIX-ROUSSE (DE LA)                (BD)",0,NULL,2,4,2,1,0,1,1,NULL,NULL,1,0,1,50
201900022787,9,9,2019,20:30:00,5,75,75120,2,4,1,6,"RUE D AVRON","48,8515836","2,3998432",201900022787,138 263 719,A01,2,1,0,2,2,17,5,NULL,201900022787,138 263 719,A01,1,1,4,2,1984,5,2,0,-1,0,0,-1,201900022787,4,"RUE D AVRON",0,NULL,2,2,0,1,0,0,1,NULL,NULL,1,0,1,30
201900024716,15,4,2019,16:10:00,1,974,97411,2,9,1,1,"ROUTIER (RUELLE)"," -20,8890900","55,4476900",201900024716,138 259 849,B01,2,1,0,2,1,5,5,NULL,201900024716,138 259 849,B01,1,1,3,2,1973,0,8,0,-1,0,0,-1,201900024716,4,"Ruelle Routier",0,NULL,1,1,0,2,0,0,1,NULL,NULL,1,0,1,50
201900024716,15,4,2019,16:10:00,1,974,97411,2,9,1,1,"ROUTIER (RUELLE)"," -20,8890900","55,4476900",201900024716,138 259 849,B01,2,1,0,2,1,5,5,NULL,201900024716,138 259 850,A01,1,1,1,1,1991,4,1,8,-1,0,0,-1,201900024716,4,"Ruelle Routier",0,NULL,1,1,0,2,0,0,1,NULL,NULL,1,0,1,50
201900026416,4,9,2019,13:15:00,1,75,75109,2,2,1,4,"BOULEVARD HAUSSMANN","48,8723620","2,3374260",201900026416,138 256 576,A01,1,1,0,2,1,3,5,NULL,201900026416,138 256 576,A01,1,1,4,1,1971,1,2,8,-1,0,0,-1,201900026416,4,"BOULEVARD HAUSSMANN",0,NULL,1,2,0,1,1,0,1,NULL,NULL,1,0,1,50
201900026416,4,9,2019,13:15:00,1,75,75109,2,2,1,4,"BOULEVARD HAUSSMANN","48,8723620","2,3374260",201900026416,138 256 576,A01,1,1,0,2,1,3,5,NULL,201900026416,138 256 577,C01,1,1,1,1,1966,4,1,0,-1,0,0,-1,201900026416,4,"BOULEVARD HAUSSMANN",0,NULL,1,2,0,1,1,0,1,NULL,NULL,1,0,1,50
201900026416,4,9,2019,13:15:00,1,75,75109,2,2,1,4,"BOULEVARD HAUSSMANN","48,8723620","2,3374260",201900026416,138 256 576,A01,1,1,0,2,1,3,5,NULL,201900026416,138 256 578,B01,1,1,1,1,1989,4,1,0,-1,0,0,-1,201900026416,4,"BOULEVARD HAUSSMANN",0,NULL,1,2,0,1,1,0,1,NULL,NULL,1,0,1,50
201900027266,14,5,2019,17:25:00,1,56,56121,2,2,1,3,"INDES ( QUAI DES )","47,7452200"," -3,3585300",201900027266,138 255 007,B01,2,1,0,2,7,1,5,NULL,201900027266,138 255 007,B01,1,1,3,2,1986,1,2,0,-1,0,0,-1,201900027266,4,"INDES ( QUAI DES )",0,NULL,2,2,0,1,0,0,1,NULL,NULL,1,0,1,30
201900027266,14,5,2019,17:25:00,1,56,56121,2,2,1,3,"INDES ( QUAI DES )","47,7452200"," -3,3585300",201900027266,138 255 007,B01,2,1,0,2,7,1,5,NULL,201900027266,138 255 008,A01,1,1,1,1,1960,5,1,8,-1,0,0,-1,201900027266,4,"INDES ( QUAI DES )",0,NULL,2,2,0,1,0,0,1,NULL,NULL,1,0,1,30
201900028629,11,4,2019,21:50:00,5,75,75117,2,3,1,3,"AVENUE DE LA PORTE DE CLICHY","48,8954110","2,3116660",201900028629,138 252 488,B01,1,1,0,2,3,1,5,NULL,201900028629,138 252 488,B01,1,1,4,1,1996,5,2,0,-1,0,0,-1,201900028629,4,"AVENUE DE LA PORTE DE CLICHY",0,NULL,2,3,0,1,0,0,1,NULL,NULL,1,0,1,50
201900028629,11,4,2019,21:50:00,5,75,75117,2,3,1,3,"AVENUE DE LA PORTE DE CLICHY","48,8954110","2,3116660",201900028629,138 252 488,B01,1,1,0,2,3,1,5,NULL,201900028629,138 252 489,A01,1,1,1,1,1964,5,1,0,-1,0,0,-1,201900028629,4,"AVENUE DE LA PORTE DE CLICHY",0,NULL,2,3,0,1,0,0,1,NULL,NULL,1,0,1,50
201900029258,11,11,2019,15:40:00,1,17,17291,2,1,1,3,"BELGIQUE  RUE","46,1749800"," -1,1233300",201900029258,138 251 321,B01,3,1,0,2,7,19,0,NULL,201900029258,138 251 320,A01,1,1,4,2,1972,5,2,0,-1,-1,0,-1,201900029258,4,"BELGIQUE  RUE",0,NULL,2,2,0,1,1,0,1,NULL,NULL,1,9,1,50
201900029258,11,11,2019,15:40:00,1,17,17291,2,1,1,3,"BELGIQUE  RUE","46,1749800"," -1,1233300",201900029258,138 251 321,B01,3,1,0,2,7,19,0,NULL,201900029258,138 251 321,B01,1,1,4,2,2007,5,2,0,-1,-1," -1",-1,201900029258,4,"BELGIQUE  RUE",0,NULL,2,2,0,1,1,0,1,NULL,NULL,1,9,1,50
201900031970,3,9,2019,21:15:00,5,69,69387,2,3,1,3,"YVES FARGES                         (BD)","45,7373900","4,8291400",201900031970,138 246 262,A01,2,1,0,2,3,16,5,NULL,201900031970,138 246 260,B01,1,1,1,1,1989,0,8,0,-1,-1," -1",-1,201900031970,4,"YVES FARGES                         (BD)",0,NULL,2,3,1,1,0,0,1,NULL,NULL,1,0,1,50
201900031970,3,9,2019,21:15:00,5,69,69387,2,3,1,3,"YVES FARGES                         (BD)","45,7373900","4,8291400",201900031970,138 246 262,A01,2,1,0,2,3,16,5,NULL,201900031970,138 246 262,A01,1,1,4,1,2001,4,8,0,-1,-1," -1",-1,201900031970,4,"YVES FARGES                         (BD)",0,NULL,2,3,1,1,0,0,1,NULL,NULL,1,0,1,50
201900034200,26,3,2019,12:50:00,1,59,59350,2,1,1,3,"MONTEBELLO BD PAIRS DE 78 -196","50,6206200","3,0469900",201900034200,138 241 898,B01,1,1,0,2,3,11,5,NULL,201900034200,138 241 898,B01,1,1,4,1,1986,1,8,0,-1,-1,0,-1,201900034200,4,"MONTEBELLO BD PAIRS DE 78 -196",0,NULL,3,4,2,1,0,0,1,NULL,NULL,1,0,2,50
201900034200,26,3,2019,12:50:00,1,59,59350,2,1,1,3,"MONTEBELLO BD PAIRS DE 78 -196","50,6206200","3,0469900",201900034200,138 241 898,B01,1,1,0,2,3,11,5,NULL,201900034200,138 241 899,A01,1,1,1,1,1999,5,1,0,-1,-1,0,-1,201900034200,4,"MONTEBELLO BD PAIRS DE 78 -196",0,NULL,3,4,2,1,0,0,1,NULL,NULL,1,0,2,50
201900036182,22,7,2019,08:15:00,1,75,75119,2,1,1,6,"AVENUE CORENTIN CARIOU","48,8970680","2,3847470",201900036182,138 238 083,A01,2,1,8,2,1,21,5,NULL,201900036182,138 238 083,A01,1,1,4,1,1967,9,2,0,-1,0,0,-1,201900036182,4,"AVENUE CORENTIN CARIOU",0,NULL,2,3,1,1,0,100,1,NULL,NULL,1,6,5,10
201900038561,31,10,2019,17:30:00,3,69,69029,2,3,3,3,"CAMILLE ROUSSET                     (AV)","45,7350100","4,9063100",201900038561,138 233 618,B01,2,1,0,2,1,1,0,NULL,201900038561,138 233 618,B01,1,1,4,1,1992,5,8,0,-1,-1," -1",-1,201900038561,4,"CAMILLE ROUSSET                     (AV)",0,NULL,2,6,1,2,0,0,1,NULL,NULL,2,0,1,50
201900038561,31,10,2019,17:30:00,3,69,69029,2,3,3,3,"CAMILLE ROUSSET                     (AV)","45,7350100","4,9063100",201900038561,138 233 618,B01,2,1,0,2,1,1,0,NULL,201900038561,138 233 619,A01,1,1,1,2,1941,5,1,0,-1,-1," -1",-1,201900038561,4,"CAMILLE ROUSSET                     (AV)",0,NULL,2,6,1,2,0,0,1,NULL,NULL,2,0,1,50
201900038837,30,9,2019,17:10:00,1,86,86194,2,1,1,2,"TRAIT TABOULEAU (RUE DU)","46,5960000","0,3354000",201900038837,138 233 099,A01,2,1,0,2,1,2,5,NULL,201900038837,138 233 099,A01,1,1,4,1,2003,5,8,0,-1,-1," -1",-1,201900038837,4,"TRAIT TABOULEAU (RUE DU)",0,NULL,1,1,0,2,0,0,3,NULL,NULL,1,0,1,50
201900038837,30,9,2019,17:10:00,1,86,86194,2,1,1,2,"TRAIT TABOULEAU (RUE DU)","46,5960000","0,3354000",201900038837,138 233 099,A01,2,1,0,2,1,2,5,NULL,201900038837,138 233 100,B01,1,1,1,1,1997,4,1,0,-1,-1," -1",-1,201900038837,4,"TRAIT TABOULEAU (RUE DU)",0,NULL,1,1,0,2,0,0,3,NULL,NULL,1,0,1,50
201900040110,29,4,2019,16:30:00,1,75,75109,2,7,1,6,"RUE HALEVY","48,8722190","2,3328190",201900040110,138 230 703,A01,1,1,0,1,1,1,5,NULL,201900040110,138 230 703,A01,10,3,4,2,1952,0,8,0,-1,3,3,2,201900040110,4,"RUE HALEVY",0,NULL,1,0,0,1,14,0,1,NULL,NULL,1,0,1,50
201900040110,29,4,2019,16:30:00,1,75,75109,2,7,1,6,"RUE HALEVY","48,8722190","2,3328190",201900040110,138 230 703,A01,1,1,0,1,1,1,5,NULL,201900040110,138 230 703,A01,10,3,1,1,1949,4,8,0,-1,3,3,2,201900040110,4,"RUE HALEVY",0,NULL,1,0,0,1,14,0,1,NULL,NULL,1,0,1,50
201900040110,29,4,2019,16:30:00,1,75,75109,2,7,1,6,"RUE HALEVY","48,8722190","2,3328190",201900040110,138 230 703,A01,1,1,0,1,1,1,5,NULL,201900040110,138 230 703,A01,1,1,1,1,1967,4,2,0,-1,0,0,-1,201900040110,4,"RUE HALEVY",0,NULL,1,0,0,1,14,0,1,NULL,NULL,1,0,1,50
201900041804,9,12,2019,18:25:00,4,67,67218,1,1,8,3,"ALFRED KASTLER (ROUTE)","48,5374000","7,7463800",201900041804,138 227 592,B01,2,1,0,2,2,19,5,NULL,201900041804,138 227 592,B01,1,1,4,1,2000,0,8,0,-1,-1,0,-1,201900041804,4,"ALFRED KASTLER (ROUTE)",0,NULL,1,1,1,1,0,0,3,NULL,NULL,1,0,1,50
201900041804,9,12,2019,18:25:00,4,67,67218,1,1,8,3,"ALFRED KASTLER (ROUTE)","48,5374000","7,7463800",201900041804,138 227 592,B01,2,1,0,2,2,19,5,NULL,201900041804,138 227 593,A01,1,1,1,1,1976,0,1,8,-1,-1,0,-1,201900041804,4,"ALFRED KASTLER (ROUTE)",0,NULL,1,1,1,1,0,0,3,NULL,NULL,1,0,1,50
201900045176,16,7,2019,09:46:00,1,87,87050,1,2,1,3,"VILLAGEAS ( route de)","45,8877100","1,2213800",201900045176,138 221 142,B01,1,1,0,2,1,1,5,NULL,201900045176,138 221 142,B01,1,1,4,1,1959,5,8,0,-1,0,0,-1,201900045176,4,"VILLAGEAS ( route de)",0,NULL,2,2,0,1,0,0,1,NULL,NULL,1,0,1,80
201900045176,16,7,2019,09:46:00,1,87,87050,1,2,1,3,"VILLAGEAS ( route de)","45,8877100","1,2213800",201900045176,138 221 142,B01,1,1,0,2,1,1,5,NULL,201900045176,138 221 143,A01,1,1,1,1,1961,5,1,8,-1,0,0,-1,201900045176,4,"VILLAGEAS ( route de)",0,NULL,2,2,0,1,0,0,1,NULL,NULL,1,0,1,80
201900045317,18,7,2019,09:35:00,1,85,85018,2,6,1,3,"rue des sables","46,9110100"," -2,0470600",201900045317,138 220 880,B01,1,1,0,2,1,1,6,NULL,201900045317,138 220 879,A01,1,1,1,1,1935,3,8,-1,-1,0,0,-1,201900045317,3,22,0,D,1,1,0,1,14,150,2,NULL,NULL,1,0,1,50
201900045317,18,7,2019,09:35:00,1,85,85018,2,6,1,3,"rue des sables","46,9110100"," -2,0470600",201900045317,138 220 880,B01,1,1,0,2,1,1,6,NULL,201900045317,138 220 880,B01,1,1,4,1,2006,5,0,-1,-1,0,0,-1,201900045317,3,22,0,D,1,1,0,1,14,150,2,NULL,NULL,1,0,1,50
201900046010,21,2,2019,12:15:00,1,62,62041,2,3,1,3,"ABBE PIERRE ( DE L ' )","50,2954899","2,7711859",201900046010,138 219 542,B01,3,1,0,2,1,15,5,NULL,201900046010,138 219 541,A01,1,1,1,2,1996,5,1,8,-1,0,0,-1,201900046010,4,"ABBE PIERRE ( DE L ' )",0,NULL,2,3,0,1,0,0,1,NULL,NULL,1,5,1,30
201900046010,21,2,2019,12:15:00,1,62,62041,2,3,1,3,"ABBE PIERRE ( DE L ' )","50,2954899","2,7711859",201900046010,138 219 542,B01,3,1,0,2,1,15,5,NULL,201900046010,138 219 542,B01,1,1,3,2,1962,5,8,0,-1,0,0,-1,201900046010,4,"ABBE PIERRE ( DE L ' )",0,NULL,2,3,0,1,0,0,1,NULL,NULL,1,5,1,30
201900047330,29,5,2019,14:15:00,1,36,36230,2,1,1,2,"PLACE DE LA RÉPUBLIQUE","47,0713770","1,8096850",201900047330,138 217 049,B01,1,1,0,2,0,17,5,NULL,201900047330,138 217 048,A01,1,1,1,2,1971,3,0,-1,-1,0,0,-1,201900047330,3,920,0,NULL,2,2,0,1,(1),(1),1,NULL,NULL,1,0,1,50
201900047330,29,5,2019,14:15:00,1,36,36230,2,1,1,2,"PLACE DE LA RÉPUBLIQUE","47,0713770","1,8096850",201900047330,138 217 049,B01,1,1,0,2,0,17,5,NULL,201900047330,138 217 049,B01,1,1,3,1,1942,5,2,-1,-1,0,0,-1,201900047330,3,920,0,NULL,2,2,0,1,(1),(1),1,NULL,NULL,1,0,1,50
201900047589,8,6,2019,15:00:00,1,64,64445,2,6,1,3,"COMMANDANT RENE MOUCHOTTE DU","43,3053300"," -0,3285100",201900047589,138 216 578,B01,1,1,0,2,5,1,5,NULL,201900047589,138 216 577,A01,1,1,1,2,1968,4,1,8,-1,-1,0,-1,201900047589,4,"COMMANDANT RENE MOUCHOTTE DU",0,NULL,1,2,0,1,0,0,2,NULL,NULL,1,0,1,50
201900047589,8,6,2019,15:00:00,1,64,64445,2,6,1,3,"COMMANDANT RENE MOUCHOTTE DU","43,3053300"," -0,3285100",201900047589,138 216 578,B01,1,1,0,2,5,1,5,NULL,201900047589,138 216 578,B01,1,1,3,1,1941,9,8,0,-1,-1,0,-1,201900047589,4,"COMMANDANT RENE MOUCHOTTE DU",0,NULL,1,2,0,1,0,0,2,NULL,NULL,1,0,1,50
201900048312,24,9,2019,15:50:00,1,54,54159,2,1,2,6,"CARNOT (RUE)","48,6252100","6,3489520",201900048312,138 215 229,B01,2,1,0,2,1,19,5,NULL,201900048312,138 215 229,B01,1,1,3,1,2007,2,2,0,-1,-1,0,-1,201900048312,7,"CARNOT (RUE)",0,NULL,2,2,0,1,46,0,1,NULL,NULL,2,0,1,30
201900048312,24,9,2019,15:50:00,1,54,54159,2,1,2,6,"CARNOT (RUE)","48,6252100","6,3489520",201900048312,138 215 229,B01,2,1,0,2,1,19,5,NULL,201900048312,138 215 230,A01,1,1,1,1,1939,5,1,0,-1,-1,0,-1,201900048312,7,"CARNOT (RUE)",0,NULL,2,2,0,1,46,0,1,NULL,NULL,2,0,1,30
201900048326,26,9,2019,10:30:00,1,32,32013,2,1,1,2,"PREMIERE ARMEE FRANCAISE (AVENUE DE LA)","43,6494900","0,5971700",201900048326,138 215 199,A01,2,1,0,2,1,1,5,NULL,201900048326,138 215 199,A01,1,1,4,1,1949,5,8,0,-1,0,0,-1,201900048326,3,924,0,NULL,2,6,0,2,0,0,1,NULL,NULL,1,0,1,50
201900048326,26,9,2019,10:30:00,1,32,32013,2,1,1,2,"PREMIERE ARMEE FRANCAISE (AVENUE DE LA)","43,6494900","0,5971700",201900048326,138 215 199,A01,2,1,0,2,1,1,5,NULL,201900048326,138 215 200,B01,1,1,1,2,1944,5,1,0,-1,0,0,-1,201900048326,3,924,0,NULL,2,6,0,2,0,0,1,NULL,NULL,1,0,1,50
201900048383,12,9,2019,14:00:00,1,68,68026,2,1,1,6,"RD4 - Bennwhr Gare","48,1309900","7,3563950",201900048383,138 215 085,A01,1,1,12,0,1,1,5,NULL,201900048383,138 215 085,A01,1,1,4,1,1952,5,0,-1,-1,0,0,-1,201900048383,3,4,NULL,NULL,2,2,0,4,3,50,1,NULL,NULL,1,0,4,50
201900049531,23,2,2019,15:10:00,1,73,73270,2,2,1,3,"D911 Av de L'arclusaz","45,5616819","6,1542868",201900049531,138 212 983,B01,1,1,0,2,2,1,5,NULL,201900049531,138 212 983,B01,1,1,3,1,1973,5,2,-1,-1,0,0,-1,201900049531,3,911,NULL,NULL,2,2,0,2,49,290,1,NULL,NULL,1,5,1,70
201900049531,23,2,2019,15:10:00,1,73,73270,2,2,1,3,"D911 Av de L'arclusaz","45,5616819","6,1542868",201900049531,138 212 983,B01,1,1,0,2,2,1,5,NULL,201900049531,138 212 984,A01,1,1,1,2,1947,5,1,-1,-1,0,0,-1,201900049531,3,911,NULL,NULL,2,2,0,2,49,290,1,NULL,NULL,1,5,1,70
201900050492,16,7,2019,10:10:00,1,71,71510,1,1,1,6,"Les vignes des cotes","46,2624560","4,0906060",201900050492,138 211 198,B01,2,1,0,2,1,1,5,NULL,201900050492,138 211 197,A01,1,1,3,1,1949,5,2,6,-1,0,0,-1,201900050492,3,989,NULL,NULL,2,2,0,2,12,100,2,NULL,NULL,1,0,1,80
201900050492,16,7,2019,10:10:00,1,71,71510,1,1,1,6,"Les vignes des cotes","46,2624560","4,0906060",201900050492,138 211 197,A01,2,1,0,0,0,1,5,NULL,201900050492,138 211 197,A01,1,1,3,1,1949,5,2,6,-1,0,0,-1,201900050492,3,989,NULL,NULL,2,2,0,2,12,100,2,NULL,NULL,1,0,1,80
201900050492,16,7,2019,10:10:00,1,71,71510,1,1,1,6,"Les vignes des cotes","46,2624560","4,0906060",201900050492,138 211 198,B01,2,1,0,2,1,1,5,NULL,201900050492,138 211 198,B01,1,1,4,1,1953,5,2,6,-1,0,0,-1,201900050492,3,989,NULL,NULL,2,2,0,2,12,100,2,NULL,NULL,1,0,1,80
201900050492,16,7,2019,10:10:00,1,71,71510,1,1,1,6,"Les vignes des cotes","46,2624560","4,0906060",201900050492,138 211 197,A01,2,1,0,0,0,1,5,NULL,201900050492,138 211 198,B01,1,1,4,1,1953,5,2,6,-1,0,0,-1,201900050492,3,989,NULL,NULL,2,2,0,2,12,100,2,NULL,NULL,1,0,1,80
201900050701,27,3,2019,11:20:00,1,67,67267,2,1,1,6,"MARECHAL FOCH (RUE DU)","48,5589400","7,6880400",201900050701,138 210 809,B01,1,1,1,0,1,1,5,NULL,201900050701,138 210 809,B01,1,1,4,2,1949,5,8,0,-1,-1,0,-1,201900050701,4,"MARECHAL FOCH (RUE DU)",0,NULL,2,2,0,1,0,0,1,NULL,NULL,1,0,1,50
201900050701,27,3,2019,11:20:00,1,67,67267,2,1,1,6,"MARECHAL FOCH (RUE DU)","48,5589400","7,6880400",201900050701,138 210 809,B01,1,1,1,0,1,1,5,NULL,201900050701,138 210 810,A01,1,1,1,1,1996,5,8,0,-1,-1,0,-1,201900050701,4,"MARECHAL FOCH (RUE DU)",0,NULL,2,2,0,1,0,0,1,NULL,NULL,1,0,1,50
201900051135,5,12,2019,06:50:00,5,75,75115,2,3,8,3,"BOULEVARD LEFEBVRE","48,8310141","2,2923485",201900051135,138 210 009,B01,2,1,0,2,1,1,5,NULL,201900051135,138 210 009,B01,1,1,4,1,1978,0,8,2,-1,0,0,-1,201900051135,4,"BOULEVARD LEFEBVRE",0,NULL,1,2,-1,2,0,0,1,NULL,NULL,1,0,1,50
201900051135,5,12,2019,06:50:00,5,75,75115,2,3,8,3,"BOULEVARD LEFEBVRE","48,8310141","2,2923485",201900051135,138 210 009,B01,2,1,0,2,1,1,5,NULL,201900051135,138 210 010,A01,1,1,1,2,1989,5,1,0,-1,0,0,-1,201900051135,4,"BOULEVARD LEFEBVRE",0,NULL,1,2,-1,2,0,0,1,NULL,NULL,1,0,1,50
201900052065,21,8,2019,18:00:00,1,67,67118,2,2,1,3,"rue de Lingolsheim","48,5747120","7,6868550",201900052065,138 208 228,B01,3,1,0,2,8,1,5,NULL,201900052065,138 208 228,B01,1,1,3,1,1966,5,2,-1,-1,0,0,-1,201900052065,7,445,0,NULL,3,2,1,1,(1),(1),1,NULL,NULL,1,0,1,50
201900052065,21,8,2019,18:00:00,1,67,67118,2,2,1,3,"rue de Lingolsheim","48,5747120","7,6868550",201900052065,138 208 228,B01,3,1,0,2,8,1,5,NULL,201900052065,138 208 229,A01,1,1,1,2,1954,0,1,-1,-1,0,0,-1,201900052065,7,445,0,NULL,3,2,1,1,(1),(1),1,NULL,NULL,1,0,1,50
201900052732,4,12,2019,15:35:00,1,54,54395,2,1,1,7,"COMMANDERIE (RUE/PLACE DE LA)","48,6861000","6,1673000",201900052732,138 206 889,A01,1,1,0,1,1,1,5,NULL,201900052732,138 206 889,A01,10,3,4,2,1968,0,8,0,-1,5,1,1,201900052732,4,"COMMANDERIE (RUE/PLACE DE LA)",0,NULL,1,2,0,1,0,0,1,NULL,NULL,1,0,4,30
201900052732,4,12,2019,15:35:00,1,54,54395,2,1,1,7,"COMMANDERIE (RUE/PLACE DE LA)","48,6861000","6,1673000",201900052732,138 206 889,A01,1,1,0,1,1,1,5,NULL,201900052732,138 206 889,A01,1,1,1,1,2001,0,8,0,-1,-1," -1",-1,201900052732,4,"COMMANDERIE (RUE/PLACE DE LA)",0,NULL,1,2,0,1,0,0,1,NULL,NULL,1,0,4,30
201900053418,2,1,2019,08:45:00,1,69,69383,2,2,8,3,"DUGUESCLIN                          (R )","45,7548800","4,8498800",201900053418,138 205 605,B01,1,1,0,2,0,0,0,NULL,201900053418,138 205 605,B01,1,1,4,2,1994,4,8,0,-1,-1,0,-1,201900053418,4,"DUGUESCLIN                          (R )",0,NULL,1,2,1,1,0,0,1,NULL,NULL,1,0,1,50
201900053418,2,1,2019,08:45:00,1,69,69383,2,2,8,3,"DUGUESCLIN                          (R )","45,7548800","4,8498800",201900053418,138 205 605,B01,1,1,0,2,0,0,0,NULL,201900053418,138 205 606,A01,1,1,1,1,1986,1,1,0,-1,-1,0,-1,201900053418,4,"DUGUESCLIN                          (R )",0,NULL,1,2,1,1,0,0,1,NULL,NULL,1,0,1,50
201900055500,25,10,2019,19:25:00,3,59,59426,1,1,1,2,"VERTUQUET (RUE DU)","50,7561350","3,1636290",201900055500,138 201 747,B01,3,1,0,0,0,0,0,NULL,201900055500,138 201 747,B01,1,1,4,1,2000,0,2,0,-1,0,0,-1,201900055500,7,291,0,NULL,2,0,0,1,0,0,1,NULL,NULL,1,9,1,20
201900055500,25,10,2019,19:25:00,3,59,59426,1,1,1,2,"VERTUQUET (RUE DU)","50,7561350","3,1636290",201900055500,138 201 747,B01,3,1,0,0,0,0,0,NULL,201900055500,138 201 748,A01,1,1,1,1,1990,1,1,0,-1,0,0,-1,201900055500,7,291,0,NULL,2,0,0,1,0,0,1,NULL,NULL,1,9,1,20
201900058313,23,10,2019,09:55:00,1,62,62516,2,4,1,3,"CANTRAINE - RUE-","50,5708600","2,5158400",201900058313,138 196 601,A01,2,1,0,2,1,2,5,NULL,201900058313,138 196 601,A01,1,1,3,1,1937,5,8,0,-1,-1," -1",-1,201900058313,4,"CANTRAINE - RUE-",0,NULL,2,2,0,1,0,0,2,NULL,NULL,1,0,1,50
201900058313,23,10,2019,09:55:00,1,62,62516,2,4,1,3,"CANTRAINE - RUE-","50,5708600","2,5158400",201900058313,138 196 601,A01,2,1,0,2,1,2,5,NULL,201900058313,138 196 609,B01,1,1,1,2,1980,1,1,8,-1,-1," -1",-1,201900058313,4,"CANTRAINE - RUE-",0,NULL,2,2,0,1,0,0,2,NULL,NULL,1,0,1,50
201900009696,20,3,2019,17:20:00,1,33,33138,2,6,1,2,"Zone Industrielle Eygreteau, ZI EYGRETEAU","45,0384170"," -0,1032010",201900009696,138 288 372,B01,2,1,0,2,4,21,5,NULL,201900009696,138 288 372,B01,1,1,3,1,1944,5,2,6,4,0,0,-1,201900009696,3,261,NULL,NULL,2,2,0,1,1,815,1,NULL,NULL,1,0,1,90
201900009696,20,3,2019,17:20:00,1,33,33138,2,6,1,2,"Zone Industrielle Eygreteau, ZI EYGRETEAU","45,0384170"," -0,1032010",201900009696,138 288 372,B01,2,1,0,2,4,21,5,NULL,201900009696,138 288 373,A01,1,1,1,1,1944,5,1,-1,-1,0,0,-1,201900009696,3,261,NULL,NULL,2,2,0,1,1,815,1,NULL,NULL,1,0,1,90
201900011744,6,2,2019,17:35:00,2,69,69199,2,2,1,3,"YVES FARGE                          (BD)","45,6886400","4,8617100",201900011744,138 284 603,A01,1,1,0,2,8,19,0,NULL,201900011744,138 284 603,A01,1,1,4,1,1975,9,8,0,-1,0,0,-1,201900011744,3,307,0,NULL,2,2,0,1,0,0,1,NULL,NULL,1,0,1,50
201900011744,6,2,2019,17:35:00,2,69,69199,2,2,1,3,"YVES FARGE                          (BD)","45,6886400","4,8617100",201900011744,138 284 603,A01,1,1,0,2,8,19,0,NULL,201900011744,138 284 604,B01,1,1,1,2,1954,9,1,8,-1,0,0,-1,201900011744,3,307,0,NULL,2,2,0,1,0,0,1,NULL,NULL,1,0,1,50