Num_Acc,jour,mois,an,hrmn,lum,dep,com,agg,int,atm,col,adr,lat,long,Num_Acc,id_vehicule,num_veh,senc,catv,obs,obsm,choc,manv,motor,occutc,Num_Acc,id_vehicule,num_veh,place,catu,grav,sexe,an_nais,trajet,secu1,secu2,secu3,locp,actp,etatp,Num_Acc,catr,voie,v1,v2,circ,nbv,vosp,prof,pr,pr1,plan,lartpc,larrout,surf,infra,situ,vma
201900015300,25,2,2019,16:40:00,1,54,54395,2,1,1,3,"SAINT GEORGES (RUE)","48,6919800","6,1863270",201900015300,138 277 854,B01,1,1,0,2,1,5,5,NULL,201900015300,138 277 854,B01,1,1,4,1,1994,0,2,0,-1,-1,0,-1,201900015300,4,"SAINT GEORGES (RUE)",0,NULL,2,2,0,1,0,0,1,NULL,NULL,1,0,1,30
201900015300,25,2,2019,16:40:00,1,54,54395,2,1,1,3,"SAINT GEORGES (RUE)","48,6919800","6,1863270",201900015300,138 277 854,B01,1,1,0,2,1,5,5,NULL,201900015300,138 277 855,A01,1,1,1,1,2002,0,1,0,-1,-1,0,-1,201900015300,4,"SAINT GEORGES (RUE)",0,NULL,2,2,0,1,0,0,1,NULL,NULL,1,0,1,30
201900016391,2,5,2019,04:45:00,5,988,98818,1,1,1,6,"RUE ARMAND OHLEN"," -22,2506100","166,4637000",201900016391,138 275 840,B01,2,1,14,2,3,21,5,NULL,201900016391,138 275 840,B01,1,1,4,1,1986,1,8,0,-1,0,0,-1,201900016391,4,694,0,NULL,2,2,0,4,0,0,1,NULL,NULL,1,0,1,50
201900017058,31,1,2019,16:50:00,1,17,17300,2,6,1,6,"REPUBLIQUE   BOULEVARD DE LA","46,1418800"," -1,1401480",201900017058,138 274 525,C01,3,1,0,2,8,1,0,NULL,201900017058,138 274 523,A01,1,1,1,1,1992,4,1,0,-1,-1," -1",-1,201900017058,4,"REPUBLIQUE   BOULEVARD DE LA",0,NULL,2,2,1,1,0,0,3,NULL,NULL,2,0,1,50
201900017058,31,1,2019,16:50:00,1,17,17300,2,6,1,6,"REPUBLIQUE   BOULEVARD DE LA","46,1418800"," -1,1401480",201900017058,138 274 525,C01,3,1,0,2,8,1,0,NULL,201900017058,138 274 524,B01,1,1,1,1,1990,0,1,0,-1,-1," -1",-1,201900017058,4,"REPUBLIQUE   BOULEVARD DE LA",0,NULL,2,2,1,1,0,0,3,NULL,NULL,2,0,1,50
201900017058,31,1,2019,16:50:00,1,17,17300,2,6,1,6,"REPUBLIQUE   BOULEVARD DE LA","46,1418800"," -1,1401480",201900017058,138 274 525,C01,3,1,0,2,8,1,0,NULL,201900017058,138 274 525,C01,1,1,2,1,1961,0,8,0,-1,-1," -1",-1,201900017058,4,"REPUBLIQUE   BOULEVARD DE LA",0,NULL,2,2,1,1,0,0,3,NULL,NULL,2,0,1,50
201900023263,6,5,2019,07:50:00,1,44,44162,2,6,1,3,"RM75 / rue de la johardière","47,2270400"," -1,6514300",201900023263,138 262 763,B01,3,1,0,2,7,1,5,NULL,201900023263,138 262 762,A01,1,1,1,2,1959,0,1,0,-1,0,0,-1,201900023263,7,75,0,NULL,2,2,0,1,12,457,1,NULL,NULL,1,5,1,70
201900023263,6,5,2019,07:50:00,1,44,44162,2,6,1,3,"RM75 / rue de la johardière","47,2270400"," -1,6514300",201900023263,138 262 763,B01,3,1,0,2,7,1,5,NULL,201900023263,138 262 763,B01,1,1,4,2,1966,1,8,0,-1,0,0,-1,201900023263,7,75,0,NULL,2,2,0,1,12,457,1,NULL,NULL,1,5,1,70
201900023661,13,3,2019,13:07:00,1,6,06059,1,1,1,3,M6007,"43,7297970","7,3597640",201900023661,138 261 929,B01,0,1,0,2,0,1,5,NULL,201900023661,138 261 929,B01,1,1,4,1,1968,5,2,-1,-1,0,0,-1,201900023661,3,6007,NULL,NULL,2,4,0,1,(1),(1),3,NULL,NULL,1,0,1,70
201900023661,13,3,2019,13:07:00,1,6,06059,1,1,1,3,M6007,"43,7297970","7,3597640",201900023661,138 261 929,B01,0,1,0,2,0,1,5,NULL,201900023661,138 261 930,A01,1,1,1,1,1954,5,1,-1,-1,0,0,-1,201900023661,3,6007,NULL,NULL,2,4,0,1,(1),(1),3,NULL,NULL,1,0,1,70
201900026478,28,6,2019,02:30:00,5,92,92012,2,2,1,3,"POINT DU JOUR (QUAI DU)","48,8316500","2,2580100",201900026478,138 256 459,A01,3,1,0,2,3,1,5,NULL,201900026478,138 256 459,A01,1,1,4,2,1972,0,8,0,-1,-1,0,-1,201900026478,3,1,0,NULL,1,2,0,1,0,0,1,NULL,NULL,1,0,1,50
201900026478,28,6,2019,02:30:00,5,92,92012,2,2,1,3,"POINT DU JOUR (QUAI DU)","48,8316500","2,2580100",201900026478,138 256 459,A01,3,1,0,2,3,1,5,NULL,201900026478,138 256 460,B01,1,1,1,1,1979,4,1,8,-1,-1,0,-1,201900026478,3,1,0,NULL,1,2,0,1,0,0,1,NULL,NULL,1,0,1,50
201900028455,26,6,2019,17:00:00,1,34,34172,2,2,1,3,"PALAVAS (AVENUE DE)","43,6010600","3,8847100",201900028455,138 252 827,A01,3,1,0,2,1,1,5,NULL,201900028455,138 252 826,B01,1,1,1,1,1981,1,1,0,-1,0,0,-1,201900028455,4,"PALAVAS (AVENUE DE)",0,NULL,2,4,0,2,(1),(1),1,NULL,NULL,1,9,1,50
201900028455,26,6,2019,17:00:00,1,34,34172,2,2,1,3,"PALAVAS (AVENUE DE)","43,6010600","3,8847100",201900028455,138 252 827,A01,3,1,0,2,1,1,5,NULL,201900028455,138 252 827,A01,2,1,4,1,1979,1,8,0,-1,0,0,-1,201900028455,4,"PALAVAS (AVENUE DE)",0,NULL,2,4,0,2,(1),(1),1,NULL,NULL,1,9,1,50
201900028637,11,4,2019,20:10:00,2,75,75115,2,2,1,3,"RUE DE LOURMEL","48,8437670","2,2863650",201900028637,138 252 474,B01,2,1,0,2,8,1,5,NULL,201900028637,138 252 473,A01,1,1,1,1,1993,1,1,0,-1,0,0,-1,201900028637,4,"RUE DE LOURMEL",0,NULL,2,1,1,1,0,0,1,NULL,NULL,1,5,1,50
201900028637,11,4,2019,20:10:00,2,75,75115,2,2,1,3,"RUE DE LOURMEL","48,8437670","2,2863650",201900028637,138 252 474,B01,2,1,0,2,8,1,5,NULL,201900028637,138 252 474,B01,1,1,4,1,1959,5,2,0,-1,0,0,-1,201900028637,4,"RUE DE LOURMEL",0,NULL,2,1,1,1,0,0,1,NULL,NULL,1,5,1,50
201900029704,5,10,2019,23:20:00,5,75,75103,2,1,1,3,"RUE SAINT MARTIN","48,8670271","2,3544618",201900029704,138 250 435,B01,1,1,0,2,3,13,5,NULL,201900029704,138 250 434,A01,1,1,1,1,1984,0,1,0,-1,0,0,-1,201900029704,4,"RUE SAINT MARTIN",0,NULL,1,2,3,1,0,0,1,NULL,NULL,1,0,6,50
201900029704,5,10,2019,23:20:00,5,75,75103,2,1,1,3,"RUE SAINT MARTIN","48,8670271","2,3544618",201900029704,138 250 435,B01,1,1,0,2,3,13,5,NULL,201900029704,138 250 435,B01,1,1,4,1,1977,5,2,8,-1,0,0,-1,201900029704,4,"RUE SAINT MARTIN",0,NULL,1,2,3,1,0,0,1,NULL,NULL,1,0,6,50
201900031825,4,9,2019,17:45:00,1,74,74019,2,6,7,3,"Route de Champ Moisi","45,9399000","6,1442430",201900031825,138 246 540,B01,3,1,0,0,7,19,5,NULL,201900031825,138 246 540,B01,1,1,4,1,1934,0,0,-1,-1,0,0,-1,201900031825,4,NULL,NULL,NULL,2,2,1,1,(1),(1),1,NULL,NULL,1,0,6,50
201900031825,4,9,2019,17:45:00,1,74,74019,2,6,7,3,"Route de Champ Moisi","45,9399000","6,1442430",201900031825,138 246 540,B01,3,1,0,0,7,19,5,NULL,201900031825,138 246 542,A01,1,1,1,1,1980,1,2,6,-1,0,0,-1,201900031825,4,NULL,NULL,NULL,2,2,1,1,(1),(1),1,NULL,NULL,1,0,6,50
201900032441,10,4,2019,22:15:00,5,75,75119,2,3,1,3,"BOULEVARD DE LA VILLETTE","48,8843410","2,3668690",201900032441,138 245 321,B01,1,1,0,2,1,1,5,NULL,201900032441,138 245 320,A01,1,1,1,1,1995,5,1,0,-1,0,0,-1,201900032441,4,"BOULEVARD DE LA VILLETTE",0,NULL,1,2,1,1,0,0,1,NULL,NULL,1,5,1,50
201900032441,10,4,2019,22:15:00,5,75,75119,2,3,1,3,"BOULEVARD DE LA VILLETTE","48,8843410","2,3668690",201900032441,138 245 321,B01,1,1,0,2,1,1,5,NULL,201900032441,138 245 321,B01,1,1,4,1,1991,4,8,0,-1,0,0,-1,201900032441,4,"BOULEVARD DE LA VILLETTE",0,NULL,1,2,1,1,0,0,1,NULL,NULL,1,5,1,50
201900032649,24,7,2019,07:40:00,1,34,34003,1,1,1,3,"SETE ( ROUTE)","43,3106600","3,5185200",201900032649,138 244 917,A01,0,1,0,2,7,19,5,NULL,201900032649,138 244 917,A01,1,1,3,1,1947,5,8,0,-1,0,0,-1,201900032649,4,"SETE ( ROUTE)",0,NULL,3,0,0,1,(1),(1),1,NULL,NULL,1,0,1,80
201900032649,24,7,2019,07:40:00,1,34,34003,1,1,1,3,"SETE ( ROUTE)","43,3106600","3,5185200",201900032649,138 244 917,A01,0,1,0,2,7,19,5,NULL,201900032649,138 244 918,B01,1,1,1,1,1963,0,2,6,-1,0,0,-1,201900032649,4,"SETE ( ROUTE)",0,NULL,3,0,0,1,(1),(1),1,NULL,NULL,1,0,1,80
201900032767,28,5,2019,09:20:00,1,17,17300,2,1,1,6,"SCHWEITZER   RUE DU DOCTEUR ALB","46,1582300"," -1,1438700",201900032767,138 244 660,B01,2,1,0,2,8,1,5,NULL,201900032767,138 244 659,A01,1,1,4,2,1980,9,2,6,-1,-1," -1",-1,201900032767,4,"SCHWEITZER   RUE DU DOCTEUR ALB",0,NULL,1,1,1,2,0,0,1,NULL,NULL,1,0,1,50
201900032767,28,5,2019,09:20:00,1,17,17300,2,1,1,6,"SCHWEITZER   RUE DU DOCTEUR ALB","46,1582300"," -1,1438700",201900032767,138 244 660,B01,2,1,0,2,8,1,5,NULL,201900032767,138 244 660,B01,1,1,4,2,1996,5,8,0,-1,-1," -1",-1,201900032767,4,"SCHWEITZER   RUE DU DOCTEUR ALB",0,NULL,1,1,1,2,0,0,1,NULL,NULL,1,0,1,50
201900033759,3,9,2019,20:50:00,3,67,67046,2,6,1,3,"Route de Strasbourg","48,7524190","7,8476050",201900033759,138 242 763,B01,3,1,0,2,3,2,5,NULL,201900033759,138 242 763,B01,1,1,4,1,2000,1,0,-1,-1,0,0,-1,201900033759,3,37,0,D,1,1,0,1,2,(1),1,NULL,NULL,1,0,1,50
201900033759,3,9,2019,20:50:00,3,67,67046,2,6,1,3,"Route de Strasbourg","48,7524190","7,8476050",201900033759,138 242 763,B01,3,1,0,2,3,2,5,NULL,201900033759,138 242 764,A01,1,1,1,1,1941,0,1,-1,-1,0,0,-1,201900033759,3,37,0,D,1,1,0,1,2,(1),1,NULL,NULL,1,0,1,50
201900036160,20,7,2019,13:10:00,1,56,56121,2,1,1,3,"JAURES ( AVE JEAN )","47,7451800"," -3,3740200",201900036160,138 238 128,A01,1,1,0,2,0,19,5,NULL,201900036160,138 238 128,A01,1,1,4,1,2001,9,8,8,-1,0,0,-1,201900036160,4,"JAURES ( AVE JEAN )",0,NULL,2,2,0,1,(1),(1),1,NULL,NULL,1,0,1,30
201900036160,20,7,2019,13:10:00,1,56,56121,2,1,1,3,"JAURES ( AVE JEAN )","47,7451800"," -3,3740200",201900036160,138 238 128,A01,1,1,0,2,0,19,5,NULL,201900036160,138 238 129,B01,1,1,1,1,1976,0,1,8,-1,0,0,-1,201900036160,4,"JAURES ( AVE JEAN )",0,NULL,2,2,0,1,(1),(1),1,NULL,NULL,1,0,1,30
201900040843,1,10,2019,20:45:00,3,68,68036,1,1,1,6,RD52,"48,0505940","7,5561020",201900040843,138 229 373,B01,1,1,0,0,8,1,5,NULL,201900040843,138 229 372,A01,1,1,1,1,1968,1,1,-1,-1,0,0,-1,201900040843,3,52,NULL,NULL,2,2,0,3,43,500,1,NULL,NULL,1,0,1,80
201900040843,1,10,2019,20:45:00,3,68,68036,1,1,1,6,RD52,"48,0505940","7,5561020",201900040843,138 229 373,B01,1,1,0,0,8,1,5,NULL,201900040843,138 229 373,B01,1,1,4,1,1970,1,2,4,9,0,0,-1,201900040843,3,52,NULL,NULL,2,2,0,3,43,500,1,NULL,NULL,1,0,1,80
201900042756,12,1,2019,11:26:00,1,49,49246,2,1,1,7,"BROSSE CHEMINE DE LA","47,4393300"," -0,5055700",201900042756,138 225 727,A01,2,1,0,0,0,1,5,NULL,201900042756,138 225 727,A01,1,1,4,2,1975,4,8,0,-1,-1,0,-1,201900042756,4,"BROSSE CHEMINE DE LA",0,NULL,2,2,0,1,0,0,1,NULL,NULL,1,0,1,50
201900044744,28,9,2019,20:15:00,3,74,74070,1,1,1,5,D1005,"46,2853950","6,2632740",201900044744,138 221 972,C01,2,1,0,0,4,2,5,NULL,201900044744,138 221 970,A01,1,1,1,1,1975,5,1,-1,-1,0,0,-1,201900044744,3,1005,NULL,D,2,2,0,1,2,150,1,NULL,NULL,1,0,1,80
201900044744,28,9,2019,20:15:00,3,74,74070,1,1,1,5,D1005,"46,2853950","6,2632740",201900044744,138 221 971,B01,2,1,0,0,4,2,5,NULL,201900044744,138 221 970,A01,1,1,1,1,1975,5,1,-1,-1,0,0,-1,201900044744,3,1005,NULL,D,2,2,0,1,2,150,1,NULL,NULL,1,0,1,80
201900044744,28,9,2019,20:15:00,3,74,74070,1,1,1,5,D1005,"46,2853950","6,2632740",201900044744,138 221 972,C01,2,1,0,0,4,2,5,NULL,201900044744,138 221 971,B01,1,1,2,1,1967,5,2,-1,-1,0,0,-1,201900044744,3,1005,NULL,D,2,2,0,1,2,150,1,NULL,NULL,1,0,1,80
201900044744,28,9,2019,20:15:00,3,74,74070,1,1,1,5,D1005,"46,2853950","6,2632740",201900044744,138 221 971,B01,2,1,0,0,4,2,5,NULL,201900044744,138 221 971,B01,1,1,2,1,1967,5,2,-1,-1,0,0,-1,201900044744,3,1005,NULL,D,2,2,0,1,2,150,1,NULL,NULL,1,0,1,80
201900044744,28,9,2019,20:15:00,3,74,74070,1,1,1,5,D1005,"46,2853950","6,2632740",201900044744,138 221 972,C01,2,1,0,0,4,2,5,NULL,201900044744,138 221 972,C01,1,1,2,1,1969,5,2,-1,-1,0,0,-1,201900044744,3,1005,NULL,D,2,2,0,1,2,150,1,NULL,NULL,1,0,1,80
201900044744,28,9,2019,20:15:00,3,74,74070,1,1,1,5,D1005,"46,2853950","6,2632740",201900044744,138 221 971,B01,2,1,0,0,4,2,5,NULL,201900044744,138 221 972,C01,1,1,2,1,1969,5,2,-1,-1,0,0,-1,201900044744,3,1005,NULL,D,2,2,0,1,2,150,1,NULL,NULL,1,0,1,80
201900046480,27,9,2019,11:45:00,1,34,34172,2,1,1,3,"MONTPELLIER (AVENUE MARIE DE)","43,6017100","3,9002500",201900046480,138 218 631,A01,1,1,0,2,7,19,5,NULL,201900046480,138 218 631,A01,1,1,4,2,1951,5,2,8,-1,0,0,-1,201900046480,4,"MONTPELLIER (AVENUE MARIE DE)",0,NULL,1,3,0,1,(1),(1),1,NULL,NULL,1,0,1,50
201900046480,27,9,2019,11:45:00,1,34,34172,2,1,1,3,"MONTPELLIER (AVENUE MARIE DE)","43,6017100","3,9002500",201900046480,138 218 631,A01,1,1,0,2,7,19,5,NULL,201900046480,138 218 632,B01,1,1,1,1,1983,4,1,8,-1,0,0,-1,201900046480,4,"MONTPELLIER (AVENUE MARIE DE)",0,NULL,1,3,0,1,(1),(1),1,NULL,NULL,1,0,1,50
201900047128,9,12,2019,17:00:00,3,55,55079,1,1,2,7,"1 Rue Marcel Rondeau","48,7076550","5,0914560",201900047128,138 217 407,A01,3,1,0,0,0,1,5,NULL,201900047128,138 217 407,A01,1,1,4,1,1973,5,0,-1,-1,0,0,-1,201900047128,3,4,NULL,NULL,2,2,0,1,(1),(1),2,NULL,NULL,2,0,1,80
201900047928,31,10,2019,18:50:00,5,974,97409,2,2,1,3,"JEAN ALBANI(RUE)"," -20,9673000","55,6511600",201900047928,138 215 954,A01,1,1,15,1,2,26,5,NULL,201900047928,138 215 953,B01,1,1,1,2,1966,1,1,8,-1,-1," -1",-1,201900047928,4,LEBON(RUE),0,NULL,2,2,0,2,0,0,3,NULL,NULL,1,9,1,50
201900047928,31,10,2019,18:50:00,5,974,97409,2,2,1,3,"JEAN ALBANI(RUE)"," -20,9673000","55,6511600",201900047928,138 215 954,A01,1,1,15,1,2,26,5,NULL,201900047928,138 215 954,A01,1,1,1,1,1999,5,8,0,-1,-1," -1",-1,201900047928,4,LEBON(RUE),0,NULL,2,2,0,2,0,0,3,NULL,NULL,1,9,1,50
201900047928,31,10,2019,18:50:00,5,974,97409,2,2,1,3,"JEAN ALBANI(RUE)"," -20,9673000","55,6511600",201900047928,138 215 954,A01,1,1,15,1,2,26,5,NULL,201900047928,138 215 954,A01,2,2,4,2,2003,0,2,0,-1,-1," -1",-1,201900047928,4,LEBON(RUE),0,NULL,2,2,0,2,0,0,3,NULL,NULL,1,9,1,50
201900048014,30,10,2019,17:55:00,5,70,70428,2,6,1,3,"RUE DE L'OASIS - RD322 -GIRATOIRE","47,6473930","6,1378050",201900048014,138 215 797,B01,3,1,0,2,7,16,5,NULL,201900048014,138 215 797,B01,1,1,4,1,1970,5,2,4,9,0,0,-1,201900048014,3,322,0,D,-1,1,0,1,1,120,3,NULL,NULL,2,0,1,50
201900048014,30,10,2019,17:55:00,5,70,70428,2,6,1,3,"RUE DE L'OASIS - RD322 -GIRATOIRE","47,6473930","6,1378050",201900048014,138 215 797,B01,3,1,0,2,7,16,5,NULL,201900048014,138 215 798,A01,1,1,1,2,1973,0,1,-1,-1,0,0,-1,201900048014,3,322,0,D,-1,1,0,1,1,120,3,NULL,NULL,2,0,1,50
201900048525,24,8,2019,09:15:00,1,10,10081,2,6,1,3,CD60,"48,3085000","4,0209000",201900048525,138 214 813,B01,1,1,0,2,0,1,5,NULL,201900048525,138 214 813,B01,1,1,4,1,1978,5,2,6,-1,-1,0,-1,201900048525,3,60,0,NULL,-1,2,0,1,0,0,2,NULL,NULL,1,0,1,50
201900051570,28,10,2019,17:30:00,1,17,17300,2,1,1,3,"MOITESSIER  PLACE BERNARD","46,1488500"," -1,1510700",201900051570,138 209 156,B01,3,1,0,2,8,1,5,NULL,201900051570,138 209 156,B01,1,1,4,2,1997,2,2,0,-1,-1," -1",-1,201900051570,4,"MOITESSIER  PLACE BERNARD",0,NULL,2,2,3,1,0,0,2,NULL,NULL,1,0,1,30
201900051570,28,10,2019,17:30:00,1,17,17300,2,1,1,3,"MOITESSIER  PLACE BERNARD","46,1488500"," -1,1510700",201900051570,138 209 156,B01,3,1,0,2,8,1,5,NULL,201900051570,138 209 157,A01,1,1,1,1,1995,0,1,0,-1,-1," -1",-1,201900051570,4,"MOITESSIER  PLACE BERNARD",0,NULL,2,2,3,1,0,0,2,NULL,NULL,1,0,1,30
201900052038,24,9,2019,11:00:00,1,75,75120,2,3,2,1,"RUE DE MENILMONTANT","48,8675450","2,3850910",201900052038,138 208 272,B01,1,1,0,2,8,13,5,NULL,201900052038,138 208 272,B01,1,1,4,1,1995,9,8,2,-1,0,0,-1,201900052038,4,"RUE DE MENILMONTANT",0,NULL,2,2,-1,2,0,0,1,NULL,NULL,2,0,1,50
201900052038,24,9,2019,11:00:00,1,75,75120,2,3,2,1,"RUE DE MENILMONTANT","48,8675450","2,3850910",201900052038,138 208 272,B01,1,1,0,2,8,13,5,NULL,201900052038,138 208 273,A01,1,1,1,1,1982,4,1,0,-1,0,0,-1,201900052038,4,"RUE DE MENILMONTANT",0,NULL,2,2,-1,2,0,0,1,NULL,NULL,2,0,1,50
201900052895,31,5,2019,12:00:00,1,18,18037,1,1,7,2,D24E,"47,5550590","2,1833880",201900052895,138 206 581,B01,2,1,0,2,4,1,5,NULL,201900052895,138 206 581,B01,1,1,3,1,1987,5,2,-1,-1,0,0,-1,201900052895,3,24,0,E,2,2,0,1,0,500,1,NULL,NULL,1,0,1,80
201900052895,31,5,2019,12:00:00,1,18,18037,1,1,7,2,D24E,"47,5550590","2,1833880",201900052895,138 206 581,B01,2,1,0,2,4,1,5,NULL,201900052895,138 206 582,A01,1,1,1,1,1970,4,1,-1,-1,0,0,-1,201900052895,3,24,0,E,2,2,0,1,0,500,1,NULL,NULL,1,0,1,80
201900053182,18,2,2019,17:45:00,1,973,97309,1,3,1,1,N3,"4,8901090"," -52,2875950",201900053182,138 206 035,B01,1,1,0,2,5,5,5,NULL,201900053182,138 206 035,B01,1,1,3,1,1951,5,0,-1,-1,0,0,-1,201900053182,3,24,0,NULL,2,2,0,1,4,470,1,NULL,NULL,1,0,1,90
201900053182,18,2,2019,17:45:00,1,973,97309,1,3,1,1,N3,"4,8901090"," -52,2875950",201900053182,138 206 035,B01,1,1,0,2,5,5,5,NULL,201900053182,138 206 036,A01,1,1,1,1,1962,5,1,-1,-1,0,0,-1,201900053182,3,24,0,NULL,2,2,0,1,4,470,1,NULL,NULL,1,0,1,90
201900055251,3,1,2019,19:43:00,5,75,75120,2,2,1,6,"RUE LOUIS LUMIERE","48,8626650","2,4109820",201900055251,138 202 181,A01,2,1,0,2,1,1,5,NULL,201900055251,138 202 181,A01,1,1,4,1,1996,5,2,0,-1,0,0,-1,201900055251,4,"RUE LOUIS LUMIERE",0,NULL,2,5,1,2,0,0,1,NULL,NULL,1,0,1,50
201900056827,1,6,2019,13:00:00,1,75,75114,2,3,1,6,"RUE VERCINGETORIX","48,8291150","2,3064220",201900056827,138 199 286,A01,1,1,0,2,1,19,5,NULL,201900056827,138 199 286,A01,1,1,4,1,1951,0,2,8,-1,0,0,-1,201900056827,4,"RUE VERCINGETORIX",0,NULL,1,2,1,1,0,0,1,NULL,NULL,1,9,5,50
201900057017,9,7,2019,11:12:00,1,87,87085,2,2,1,6,"VANTEAUX (BOULEVARD DE)","45,8240800","1,2259500",201900057017,138 198 939,B01,1,1,0,2,7,1,5,NULL,201900057017,138 198 939,B01,1,1,4,2,1984,5,8,0,-1,0,0,-1,201900057017,4,"VANTEAUX (BOULEVARD DE)",0,NULL,1,2,0,1,0,0,2,NULL,NULL,1,5,1,50
201900057017,9,7,2019,11:12:00,1,87,87085,2,2,1,6,"VANTEAUX (BOULEVARD DE)","45,8240800","1,2259500",201900057017,138 198 939,B01,1,1,0,2,7,1,5,NULL,201900057017,138 198 940,A01,1,1,1,2,1982,5,1,0,-1,0,0,-1,201900057017,4,"VANTEAUX (BOULEVARD DE)",0,NULL,1,2,0,1,0,0,2,NULL,NULL,1,5,1,50
201900057652,14,2,2019,21:00:00,5,94,94033,2,1,1,3,"CLOS D ORLEANS (R DU)","48,8436000","2,4665400",201900057652,138 197 785,B01,1,1,0,0,0,0,5,NULL,201900057652,138 197 782,A01,1,1,1,1,1994,4,1,0,-1,-1," -1",-1,201900057652,4,"CLOS D ORLEANS (R DU)",0,NULL,1,1,1,1,0,0,1,NULL,NULL,1,0,1,50
201900057652,14,2,2019,21:00:00,5,94,94033,2,1,1,3,"CLOS D ORLEANS (R DU)","48,8436000","2,4665400",201900057652,138 197 785,B01,1,1,0,0,0,0,5,NULL,201900057652,138 197 782,A01,7,2,4,2,1966,5,8,0,-1,-1," -1",-1,201900057652,4,"CLOS D ORLEANS (R DU)",0,NULL,1,1,1,1,0,0,1,NULL,NULL,1,0,1,50
201900057652,14,2,2019,21:00:00,5,94,94033,2,1,1,3,"CLOS D ORLEANS (R DU)","48,8436000","2,4665400",201900057652,138 197 785,B01,1,1,0,0,0,0,5,NULL,201900057652,138 197 782,A01,2,2,4,2,1994,5,8,0,-1,-1," -1",-1,201900057652,4,"CLOS D ORLEANS (R DU)",0,NULL,1,1,1,1,0,0,1,NULL,NULL,1,0,1,50
201900057652,14,2,2019,21:00:00,5,94,94033,2,1,1,3,"CLOS D ORLEANS (R DU)","48,8436000","2,4665400",201900057652,138 197 785,B01,1,1,0,0,0,0,5,NULL,201900057652,138 197 785,B01,1,1,1,1,1999,4,2,0,-1,-1," -1",-1,201900057652,4,"CLOS D ORLEANS (R DU)",0,NULL,1,1,1,1,0,0,1,NULL,NULL,1,0,1,50
201900058034,26,3,2019,08:18:00,1,44,44114,2,6,1,3,"PLACE DE HEUSWEILER","47,2534300"," -1,5971800",201900058034,138 197 082,B01,0,1,0,0,0,1,0,NULL,201900058034,138 197 080,A01,1,1,1,1,1958,9,1,0,-1,0,0,-1,201900058034,7,NULL,0,NULL,2,0,0,2,1,0,1,NULL,NULL,1,0,1,50
201900058034,26,3,2019,08:18:00,1,44,44114,2,6,1,3,"PLACE DE HEUSWEILER","47,2534300"," -1,5971800",201900058034,138 197 082,B01,0,1,0,0,0,1,0,NULL,201900058034,138 197 082,B01,1,1,4,2,1968,1,8,0,-1,0,0,-1,201900058034,7,NULL,0,NULL,2,0,0,2,1,0,1,NULL,NULL,1,0,1,50
201900058428,13,8,2019,19:00:00,1,83,83137,2,9,1,2,"JOFFRE (BD MARECHAL)","43,1250400","5,9568400",201900058428,138 196 383,B01,3,1,0,2,4,1,0,NULL,201900058428,138 196 383,B01,1,1,4,1,2004,0,8,0,-1,-1,0,-1,201900058428,4,"JOFFRE (BD MARECHAL)",0,NULL,2,2,0,1,0,0,1,NULL,NULL,1,0,1,50
201900011712,18,3,2019,09:00:00,1,76,76481,1,1,1,6,"GOLF (CHEMIN DU)","49,5664000","0,1372000",201900011712,138 284 670,A01,0,1,0,2,3,1,5,NULL,201900011712,138 284 670,A01,1,1,4,2,2002,1,2,0,-1,0,0,-1,201900011712,4,"GOLF (CHEMIN DU)",0,NULL,2,2,0,1,0,0,1,NULL,NULL,1,0,1,80
201900012301,9,8,2019,09:10:00,1,64,64160,2,1,1,2,"Avenue de l'Ursuya","43,3604473"," -1,3826789",201900012301,138 283 593,B01,1,1,0,2,4,1,6,NULL,201900012301,138 283 593,B01,1,1,3,1,1957,5,2,-1,-1,0,0,-1,201900012301,3,10,NULL,NULL,2,2,0,2,2,100,1,NULL,NULL,1,0,1,50
201900012301,9,8,2019,09:10:00,1,64,64160,2,1,1,2,"Avenue de l'Ursuya","43,3604473"," -1,3826789",201900012301,138 283 593,B01,1,1,0,2,4,1,6,NULL,201900012301,138 283 594,A01,1,1,1,2,1986,5,1,-1,-1,0,0,-1,201900012301,3,10,NULL,NULL,2,2,0,2,2,100,1,NULL,NULL,1,0,1,50
201900013515,16,3,2019,22:10:00,3,76,76351,2,9,1,3,"GRAND HAMEAU (Avenue du )","49,5230600","0,1097500",201900013515,138 281 279,A01,3,1,0,2,3,1,5,NULL,201900013515,138 281 279,A01,1,1,4,1,2000,5,8,0,-1,0,0,-1,201900013515,6,"GRAND HAMEAU (Avenue du )",0,NULL,-1,-1,0,1,0,0,1,NULL,NULL,1,0,1,10
201900013516,18,3,2019,16:50:00,1,74,74012,2,1,1,3,"FAUCIGNY (RUE DU)","46,1941900","6,2400600",201900013516,138 281 273,A01,2,1,0,2,7,19,5,NULL,201900013516,138 281 272,B01,2,2,1,1,1970,0,1,0,-1,0,0,-1,201900013516,4,"FAUCIGNY (RUE DU)",0,NULL,1,0,0,1,0,1,1,NULL,NULL,1,0,1,50
201900013516,18,3,2019,16:50:00,1,74,74012,2,1,1,3,"FAUCIGNY (RUE DU)","46,1941900","6,2400600",201900013516,138 281 273,A01,2,1,0,2,7,19,5,NULL,201900013516,138 281 272,B01,1,1,1,1,1960,0,1,0,-1,0,0,-1,201900013516,4,"FAUCIGNY (RUE DU)",0,NULL,1,0,0,1,0,1,1,NULL,NULL,1,0,1,50