Num_Acc,jour,mois,an,hrmn,lum,dep,com,agg,int,atm,col,adr,lat,long,Num_Acc,id_vehicule,num_veh,senc,catv,obs,obsm,choc,manv,motor,occutc,Num_Acc,id_vehicule,num_veh,place,catu,grav,sexe,an_nais,trajet,secu1,secu2,secu3,locp,actp,etatp,Num_Acc,catr,voie,v1,v2,circ,nbv,vosp,prof,pr,pr1,plan,lartpc,larrout,surf,infra,situ,vma
201900013516,18,3,2019,16:50:00,1,74,74012,2,1,1,3,"FAUCIGNY (RUE DU)","46,1941900","6,2400600",201900013516,138 281 273,A01,2,1,0,2,7,19,5,NULL,201900013516,138 281 273,A01,1,1,4,1,1982,0,2,0,-1,0,0,-1,201900013516,4,"FAUCIGNY (RUE DU)",0,NULL,1,0,0,1,0,1,1,NULL,NULL,1,0,1,50
201900016429,19,11,2019,17:45:00,5,69,69256,2,1,1,3,"PAUL MARCELLIN                      (AV)","45,7741900","4,9323700",201900016429,138 275 752,A01,2,1,0,2,1,1,5,NULL,201900016429,138 275 752,A01,1,1,4,1,1987,1,8,0,-1,-1," -1",-1,201900016429,4,"PAUL MARCELLIN                      (AV)",0,NULL,2,4,2,1,0,0,1,NULL,NULL,1,0,5,50
201900016429,19,11,2019,17:45:00,5,69,69256,2,1,1,3,"PAUL MARCELLIN                      (AV)","45,7741900","4,9323700",201900016429,138 275 752,A01,2,1,0,2,1,1,5,NULL,201900016429,138 275 753,B01,1,1,1,2,1975,5,1,8,-1,-1," -1",-1,201900016429,4,"PAUL MARCELLIN                      (AV)",0,NULL,2,4,2,1,0,0,1,NULL,NULL,1,0,5,50
201900016926,15,3,2019,15:25:00,1,65,65440,2,6,1,3,"DEBUSSY (BOULEVARD CLAUDE)","43,2210000","0,0612000",201900016926,138 274 805,B01,2,1,0,2,3,2,5,NULL,201900016926,138 274 804,A01,1,1,1,1,1972,4,8,0,-1,0,0,-1,201900016926,2,21,0,NULL,3,4,0,1,23,360,1,NULL,NULL,1,0,1,50
201900016926,15,3,2019,15:25:00,1,65,65440,2,6,1,3,"DEBUSSY (BOULEVARD CLAUDE)","43,2210000","0,0612000",201900016926,138 274 805,B01,2,1,0,2,3,2,5,NULL,201900016926,138 274 805,B01,1,1,3,1,1967,1,2,0,-1,0,0,-1,201900016926,2,21,0,NULL,3,4,0,1,23,360,1,NULL,NULL,1,0,1,50
201900017259,11,9,2019,13:15:00,1,78,78638,2,1,1,3,"PARIS (AVENUE DE)","48,9976470","1,9812710",201900017259,138 274 147,B01,1,1,0,2,3,15,0,NULL,201900017259,138 274 147,B01,1,1,4,1,2001,0,2,0,-1,-1," -1",-1,201900017259,3,190,0,NULL,2,2,0,1,37,350,1,NULL,NULL,1,0,1,50
201900017259,11,9,2019,13:15:00,1,78,78638,2,1,1,3,"PARIS (AVENUE DE)","48,9976470","1,9812710",201900017259,138 274 147,B01,1,1,0,2,3,15,0,NULL,201900017259,138 274 148,A01,1,1,1,1,1984,0,1,0,-1,-1," -1",-1,201900017259,3,190,0,NULL,2,2,0,1,37,350,1,NULL,NULL,1,0,1,50
201900022581,9,7,2019,08:30:00,1,987,98734,1,1,1,2,"PK 37 + 900 coté montagne"," -17,7233790"," -149,5057300",201900022581,138 264 128,A01,2,1,1,0,1,26,5,NULL,201900022581,138 264 127,B01,1,1,1,1,1983,0,0,-1,-1,0,0,-1,201900022581,6,NULL,NULL,NULL,1,1,0,1,37,900,1,NULL,NULL,1,0,8,-1
201900022581,9,7,2019,08:30:00,1,987,98734,1,1,1,2,"PK 37 + 900 coté montagne"," -17,7233790"," -149,5057300",201900022581,138 264 128,A01,2,1,1,0,1,26,5,NULL,201900022581,138 264 128,A01,1,1,3,1,1988,0,0,-1,-1,0,0,-1,201900022581,6,NULL,NULL,NULL,1,1,0,1,37,900,1,NULL,NULL,1,0,8,-1
201900026211,24,1,2019,06:40:00,2,973,97302,2,1,1,3,"FELIX EBOUE(ROCADE)","4,9301992"," -52,3142338",201900026211,138 256 969,B01,1,1,0,2,8,19,5,NULL,201900026211,138 256 969,B01,1,1,3,1,1967,1,2,4,-1,-1,0,-1,201900026211,3,18,0,NULL,2,2,1,1,2,0,1,NULL,NULL,1,0,1,50
201900026211,24,1,2019,06:40:00,2,973,97302,2,1,1,3,"FELIX EBOUE(ROCADE)","4,9301992"," -52,3142338",201900026211,138 256 969,B01,1,1,0,2,8,19,5,NULL,201900026211,138 256 970,A01,1,1,1,1,1992,1,1,0,-1,-1,0,-1,201900026211,3,18,0,NULL,2,2,1,1,2,0,1,NULL,NULL,1,0,1,50
201900026290,7,9,2019,12:15:00,1,38,38185,2,1,1,6,"AVENUE JEAN PERROT","45,1771800","5,7366600",201900026290,138 256 817,A01,0,1,0,1,1,0,5,NULL,201900026290,138 256 817,A01,10,3,4,1,1923,9,8,0,-1,3,3,1,201900026290,4,"AVENUE JEAN PERROT",0,NULL,1,3,0,1,0,0,1,NULL,NULL,1,0,1,50
201900026290,7,9,2019,12:15:00,1,38,38185,2,1,1,6,"AVENUE JEAN PERROT","45,1771800","5,7366600",201900026290,138 256 817,A01,0,1,0,1,1,0,5,NULL,201900026290,138 256 817,A01,1,1,4,1,1994,4,8,0,-1,-1," -1",-1,201900026290,4,"AVENUE JEAN PERROT",0,NULL,1,3,0,1,0,0,1,NULL,NULL,1,0,1,50
201900027145,6,3,2019,09:45:00,1,67,67482,2,1,1,3,"JEAN JAURES (AVENUE)","48,5707690","7,7595310",201900027145,138 255 261,A01,1,1,0,2,1,5,5,NULL,201900027145,138 255 260,B01,1,1,4,1,1994,4,8,8,-1,-1,0,-1,201900027145,4,"JEAN JAURES (AVENUE)",0,NULL,3,6,1,1,0,0,1,NULL,NULL,1,0,1,50
201900027145,6,3,2019,09:45:00,1,67,67482,2,1,1,3,"JEAN JAURES (AVENUE)","48,5707690","7,7595310",201900027145,138 255 260,B01,2,1,0,2,1,9,5,NULL,201900027145,138 255 260,B01,1,1,4,1,1994,4,8,8,-1,-1,0,-1,201900027145,4,"JEAN JAURES (AVENUE)",0,NULL,3,6,1,1,0,0,1,NULL,NULL,1,0,1,50
201900027145,6,3,2019,09:45:00,1,67,67482,2,1,1,3,"JEAN JAURES (AVENUE)","48,5707690","7,7595310",201900027145,138 255 261,A01,1,1,0,2,1,5,5,NULL,201900027145,138 255 261,A01,1,1,4,1,1979,0,8,8,-1,-1,0,-1,201900027145,4,"JEAN JAURES (AVENUE)",0,NULL,3,6,1,1,0,0,1,NULL,NULL,1,0,1,50
201900027145,6,3,2019,09:45:00,1,67,67482,2,1,1,3,"JEAN JAURES (AVENUE)","48,5707690","7,7595310",201900027145,138 255 260,B01,2,1,0,2,1,9,5,NULL,201900027145,138 255 261,A01,1,1,4,1,1979,0,8,8,-1,-1,0,-1,201900027145,4,"JEAN JAURES (AVENUE)",0,NULL,3,6,1,1,0,0,1,NULL,NULL,1,0,1,50
201900028647,27,7,2019,17:30:00,1,69,69386,2,2,2,3,"JULIETTE RECAMIER                   (R )","45,7644300","4,8537100",201900028647,138 252 454,B01,2,1,1,0,7,1,0,NULL,201900028647,138 252 453,A01,1,1,1,1,1987,9,1,8,-1,-1,0,-1,201900028647,4,"ROBERT                              (R )",0,NULL,1,1,0,1,1,0,1,NULL,NULL,2,0,1,50
201900028647,27,7,2019,17:30:00,1,69,69386,2,2,2,3,"JULIETTE RECAMIER                   (R )","45,7644300","4,8537100",201900028647,138 252 454,B01,2,1,1,0,7,1,0,NULL,201900028647,138 252 454,B01,1,1,4,1,1959,9,8,0,-1,-1,0,-1,201900028647,4,"ROBERT                              (R )",0,NULL,1,1,0,1,1,0,1,NULL,NULL,2,0,1,50
201900030417,12,4,2019,18:55:00,1,72,72217,2,3,7,6,"Rue Principale","48,0738900","0,2253176",201900030417,138 249 114,B01,2,1,0,2,8,1,5,NULL,201900030417,138 249 112,A01,1,1,1,1,1900,-1,1,-1,-1,0,0,-1,201900030417,3,300,0,NULL,2,2,0,1,(1),(1),1,NULL,NULL,1,0,1,50
201900030417,12,4,2019,18:55:00,1,72,72217,2,3,7,6,"Rue Principale","48,0738900","0,2253176",201900030417,138 249 114,B01,2,1,0,2,8,1,5,NULL,201900030417,138 249 113,A01,1,1,1,2,2000,5,1,-1,-1,0,0,-1,201900030417,3,300,0,NULL,2,2,0,1,(1),(1),1,NULL,NULL,1,0,1,50
201900030417,12,4,2019,18:55:00,1,72,72217,2,3,7,6,"Rue Principale","48,0738900","0,2253176",201900030417,138 249 114,B01,2,1,0,2,8,1,5,NULL,201900030417,138 249 114,B01,1,1,3,1,1967,5,2,-1,-1,0,0,-1,201900030417,3,300,0,NULL,2,2,0,1,(1),(1),1,NULL,NULL,1,0,1,50
201900036597,8,11,2019,14:25:00,2,89,89384,1,2,1,3,D178,"47,9047850","3,3338920",201900036597,138 237 305,B01,2,1,0,2,1,1,5,NULL,201900036597,138 237 305,B01,1,1,4,1,1949,5,2,-1,-1,0,0,-1,201900036597,3,178,0,NULL,2,2,0,1,1,990,1,NULL,NULL,1,0,1,80
201900036597,8,11,2019,14:25:00,2,89,89384,1,2,1,3,D178,"47,9047850","3,3338920",201900036597,138 237 305,B01,2,1,0,2,1,1,5,NULL,201900036597,138 237 306,A01,1,1,1,1,1944,0,1,-1,-1,0,0,-1,201900036597,3,178,0,NULL,2,2,0,1,1,990,1,NULL,NULL,1,0,1,80
201900036843,20,6,2019,14:42:00,1,37,37261,2,1,1,7,"MAGINOT (AV. ANDRE)","47,4120000","0,6850000",201900036843,138 236 793,A01,3,1,0,0,0,0,5,NULL,201900036843,138 236 793,A01,1,1,4,2,1985,0,8,0,-1,-1,0,-1,201900036843,4,"MAGINOT (AV. ANDRE)",0,NULL,2,2,0,1,0,0,1,NULL,NULL,1,0,1,50
201900037237,18,1,2019,16:58:00,2,75,75107,2,3,1,7,"RUE SAINT DOMINIQUE","48,8593740","2,3195560",201900037237,138 236 046,A01,2,1,0,0,0,1,5,NULL,201900037237,138 236 046,A01,1,1,4,1,1954,0,2,0,-1,0,0,-1,201900037237,4,"RUE SAINT DOMINIQUE",0,NULL,1,2,0,1,0,0,1,NULL,NULL,1,0,1,50
201900039129,30,8,2019,20:30:00,1,35,35238,2,9,1,6,SAINT-HELIER,"48,1077000"," -1,6728000",201900039129,138 232 546,B01,1,1,0,2,3,2,0,NULL,201900039129,138 232 546,B01,1,1,4,1,2002,0,2,0,-1,-1," -1",-1,201900039129,4,SAINT-HELIER,0,NULL,-1,1,0,1,0,0,1,NULL,NULL,1,0,1,50
201900039129,30,8,2019,20:30:00,1,35,35238,2,9,1,6,SAINT-HELIER,"48,1077000"," -1,6728000",201900039129,138 232 546,B01,1,1,0,2,3,2,0,NULL,201900039129,138 232 547,A01,1,1,3,1,1962,5,2,0,-1,-1,0,-1,201900039129,4,SAINT-HELIER,0,NULL,-1,1,0,1,0,0,1,NULL,NULL,1,0,1,50
201900039448,7,3,2019,16:45:00,1,94,94068,2,3,1,3,"PIE (QU DE LA)","48,7882383","2,4749083",201900039448,138 231 954,B01,1,1,0,2,0,0,0,NULL,201900039448,138 231 954,B01,1,1,4,2,2003,0,2,0,-1,-1," -1",-1,201900039448,4,"PIE (QU DE LA)",0,NULL,1,1,1,1,0,0,1,NULL,NULL,1,9,1,50
201900039448,7,3,2019,16:45:00,1,94,94068,2,3,1,3,"PIE (QU DE LA)","48,7882383","2,4749083",201900039448,138 231 954,B01,1,1,0,2,0,0,0,NULL,201900039448,138 231 955,A01,1,1,1,2,1952,5,1,0,-1,-1," -1",-1,201900039448,4,"PIE (QU DE LA)",0,NULL,1,1,1,1,0,0,1,NULL,NULL,1,9,1,50
201900039903,10,12,2019,16:15:00,1,80,80021,2,1,1,6,"CHARLES DE FOUCAULD (RUE)","49,8895500","2,3071800",201900039903,138 231 057,A01,0,1,0,1,1,1,5,NULL,201900039903,138 231 057,A01,10,3,4,2,1997,0,8,0,-1,4,3,1,201900039903,4,"CHARLES DE FOUCAULD (RUE)",0,NULL,2,2,0,1,0,0,1,NULL,NULL,2,0,1,30
201900039903,10,12,2019,16:15:00,1,80,80021,2,1,1,6,"CHARLES DE FOUCAULD (RUE)","49,8895500","2,3071800",201900039903,138 231 057,A01,0,1,0,1,1,1,5,NULL,201900039903,138 231 057,A01,1,1,1,1,1986,0,2,0,-1,-1," -1",-1,201900039903,4,"CHARLES DE FOUCAULD (RUE)",0,NULL,2,2,0,1,0,0,1,NULL,NULL,2,0,1,30
201900040086,27,5,2019,20:30:00,1,75,75110,2,3,1,3,"BOULEVARD DE MAGENTA","48,8760390","2,3562880",201900040086,138 230 745,B01,2,1,0,2,1,1,5,NULL,201900040086,138 230 744,A01,1,1,1,1,1958,4,1,0,-1,0,0,-1,201900040086,4,"BOULEVARD DE MAGENTA",0,NULL,2,4,1,1,0,0,1,NULL,NULL,1,0,5,50
201900040086,27,5,2019,20:30:00,1,75,75110,2,3,1,3,"BOULEVARD DE MAGENTA","48,8760390","2,3562880",201900040086,138 230 745,B01,2,1,0,2,1,1,5,NULL,201900040086,138 230 745,B01,1,1,4,1,1979,1,2,0,-1,0,0,-1,201900040086,4,"BOULEVARD DE MAGENTA",0,NULL,2,4,1,1,0,0,1,NULL,NULL,1,0,5,50
201900043732,13,5,2019,09:05:00,1,93,93053,2,3,1,1,"CHASSE (RUE DE LA)","48,8795400","2,4559500",201900043732,138 223 947,A01,2,1,0,2,1,5,5,NULL,201900043732,138 223 946,B01,1,1,1,2,1966,4,1,0,-1,-1," -1",-1,201900043732,4,"RUE DE LA CHASSE",0,NULL,1,1,0,1,0,0,1,NULL,NULL,1,0,1,50
201900043732,13,5,2019,09:05:00,1,93,93053,2,3,1,1,"CHASSE (RUE DE LA)","48,8795400","2,4559500",201900043732,138 223 947,A01,2,1,0,2,1,5,5,NULL,201900043732,138 223 947,A01,1,1,4,1,1992,1,2,0,-1,-1," -1",-1,201900043732,4,"RUE DE LA CHASSE",0,NULL,1,1,0,1,0,0,1,NULL,NULL,1,0,1,50
201900047726,22,2,2019,17:20:00,1,75,75115,2,1,1,6,"RUE DUTOT","48,8390370","2,3091150",201900047726,138 216 296,Z01,2,1,0,1,1,5,6,NULL,201900047726,138 216 296,Z01,10,3,4,1,1951,5,8,0,-1,1,3,1,201900047726,4,"RUE DUTOT",0,NULL,1,1,0,1,0,0,1,NULL,NULL,1,0,1,50
201900048313,25,9,2019,12:50:00,1,50,50173,2,1,8,6,"MILLET (RUE JEAN FRANCOIS)","49,6494100"," -1,6474800",201900048313,138 215 227,A01,0,1,1,0,2,1,5,NULL,201900048313,138 215 227,A01,1,1,4,1,1975,5,8,8,-1,-1," -1",-1,201900048313,4,"MILLET (RUE JEAN FRANCOIS)",0,NULL,1,1,0,1,0,0,1,NULL,NULL,1,0,1,50
201900050177,25,9,2019,14:25:00,1,75,75119,2,4,1,6,"PLACE AUGUSTE BARON","48,9008494","2,3889440",201900050177,138 211 778,A01,1,1,0,1,8,1,5,NULL,201900050177,138 211 778,A01,10,3,4,2,1950,5,0,-1,-1,3,3,1,201900050177,4,"PLACE AUGUSTE BARON",0,NULL,1,3,1,1,0,0,1,NULL,NULL,1,0,5,30
201900050177,25,9,2019,14:25:00,1,75,75119,2,4,1,6,"PLACE AUGUSTE BARON","48,9008494","2,3889440",201900050177,138 211 778,A01,1,1,0,1,8,1,5,NULL,201900050177,138 211 778,A01,1,1,1,1,1999,4,8,2,-1,0,0,-1,201900050177,4,"PLACE AUGUSTE BARON",0,NULL,1,3,1,1,0,0,1,NULL,NULL,1,0,5,30
201900050184,24,9,2019,12:18:00,1,75,75112,2,1,2,6,"RUE DE REUILLY","48,8416730","2,3933990",201900050184,138 211 764,A01,1,1,0,2,0,1,5,NULL,201900050184,138 211 764,A01,1,1,4,2,1998,0,8,2,-1,0,0,-1,201900050184,4,"RUE DE REUILLY",0,NULL,2,2,0,1,115,0,1,NULL,NULL,2,0,1,50
201900051805,6,1,2019,12:10:00,1,29,29019,2,2,1,2,"PORTE (DE 1 A 75 ET 2 A 64)","48,3841914"," -4,5008122",201900051805,138 208 710,A01,2,1,0,2,1,8,5,NULL,201900051805,138 208 709,B01,1,1,4,1,1999,0,1,0,-1,-1," -1",-1,201900051805,4,"PORTE (DE 1 A 75 ET 2 A 64)",0,NULL,2,2,3,2,0,0,1,NULL,NULL,1,0,1,50
201900051805,6,1,2019,12:10:00,1,29,29019,2,2,1,2,"PORTE (DE 1 A 75 ET 2 A 64)","48,3841914"," -4,5008122",201900051805,138 208 710,A01,2,1,0,2,1,8,5,NULL,201900051805,138 208 710,A01,1,1,4,1,1976,5,8,0,-1,-1," -1",-1,201900051805,4,"PORTE (DE 1 A 75 ET 2 A 64)",0,NULL,2,2,3,2,0,0,1,NULL,NULL,1,0,1,50
201900051892,15,9,2019,17:50:00,1,26,26243,1,1,1,3,CD540,"44,5302720","5,0142200",201900051892,138 208 560,B01,2,1,0,2,8,13,6,NULL,201900051892,138 208 560,B01,1,1,1,1,1991,9,0,-1,-1,0,0,-1,201900051892,3,540,NULL,NULL,2,2,0,1,24,550,1,NULL,NULL,1,0,1,70
201900051892,15,9,2019,17:50:00,1,26,26243,1,1,1,3,CD540,"44,5302720","5,0142200",201900051892,138 208 560,B01,2,1,0,2,8,13,6,NULL,201900051892,138 208 561,A01,1,1,4,2,1991,5,2,6,-1,0,0,-1,201900051892,3,540,NULL,NULL,2,2,0,1,24,550,1,NULL,NULL,1,0,1,70
201900052387,30,3,2019,16:10:00,1,75,75105,2,2,1,6,"QUAI DE LA TOURNELLE","48,8511370","2,3513000",201900052387,138 207 560,A01,1,1,0,1,1,1,5,NULL,201900052387,138 207 560,A01,10,3,4,2,1968,5,8,0,-1,2,3,2,201900052387,4,"QUAI DE LA TOURNELLE",0,NULL,2,4,2,1,0,0,1,NULL,NULL,1,8,5,50
201900052387,30,3,2019,16:10:00,1,75,75105,2,2,1,6,"QUAI DE LA TOURNELLE","48,8511370","2,3513000",201900052387,138 207 560,A01,1,1,0,1,1,1,5,NULL,201900052387,138 207 560,A01,1,1,4,1,1988,5,2,0,-1,0,0,-1,201900052387,4,"QUAI DE LA TOURNELLE",0,NULL,2,4,2,1,0,0,1,NULL,NULL,1,8,5,50
201900055644,19,9,2019,08:30:00,1,75,75116,2,2,1,3,"AVENUE DE L HIPPODROME","48,8622868","2,2383142",201900055644,138 201 485,A01,1,1,0,2,8,13,5,NULL,201900055644,138 201 484,B01,1,1,4,1,1978,5,2,8,-1,0,0,-1,201900055644,4,"AVENUE DE L HIPPODROME",0,NULL,-1,2,1,1,0,0,1,NULL,NULL,1,0,5,50
201900055644,19,9,2019,08:30:00,1,75,75116,2,2,1,3,"AVENUE DE L HIPPODROME","48,8622868","2,2383142",201900055644,138 201 484,B01,1,1,0,2,1,17,5,NULL,201900055644,138 201 484,B01,1,1,4,1,1978,5,2,8,-1,0,0,-1,201900055644,4,"AVENUE DE L HIPPODROME",0,NULL,-1,2,1,1,0,0,1,NULL,NULL,1,0,5,50
201900055644,19,9,2019,08:30:00,1,75,75116,2,2,1,3,"AVENUE DE L HIPPODROME","48,8622868","2,2383142",201900055644,138 201 485,A01,1,1,0,2,8,13,5,NULL,201900055644,138 201 485,A01,1,1,1,2,2001,2,8,2,-1,0,0,-1,201900055644,4,"AVENUE DE L HIPPODROME",0,NULL,-1,2,1,1,0,0,1,NULL,NULL,1,0,5,50
201900055644,19,9,2019,08:30:00,1,75,75116,2,2,1,3,"AVENUE DE L HIPPODROME","48,8622868","2,2383142",201900055644,138 201 484,B01,1,1,0,2,1,17,5,NULL,201900055644,138 201 485,A01,1,1,1,2,2001,2,8,2,-1,0,0,-1,201900055644,4,"AVENUE DE L HIPPODROME",0,NULL,-1,2,1,1,0,0,1,NULL,NULL,1,0,5,50
201900057135,10,7,2019,18:40:00,1,75,75118,2,1,1,3,"BOULEVARD BARBES","48,8887760","2,3496220",201900057135,138 198 727,B01,1,1,0,2,3,1,5,NULL,201900057135,138 198 727,B01,1,1,4,1,1972,9,8,0,-1,0,0,-1,201900057135,4,"BOULEVARD BARBES",0,NULL,-1,1,1,1,0,0,1,NULL,NULL,1,0,5,50
201900057135,10,7,2019,18:40:00,1,75,75118,2,1,1,3,"BOULEVARD BARBES","48,8887760","2,3496220",201900057135,138 198 727,B01,1,1,0,2,3,1,5,NULL,201900057135,138 198 729,A01,1,1,1,1,1978,9,1,0,-1,0,0,-1,201900057135,4,"BOULEVARD BARBES",0,NULL,-1,1,1,1,0,0,1,NULL,NULL,1,0,5,50
201900057135,10,7,2019,18:40:00,1,75,75118,2,1,1,3,"BOULEVARD BARBES","48,8887760","2,3496220",201900057135,138 198 727,B01,1,1,0,2,3,1,5,NULL,201900057135,138 198 729,A01,2,2,1,1,1987,9,1,0,-1,0,0,-1,201900057135,4,"BOULEVARD BARBES",0,NULL,-1,1,1,1,0,0,1,NULL,NULL,1,0,5,50
201900008792,9,8,2019,11:00:00,1,64,64445,2,1,1,3,"ALSACE LORRAINE D'","43,3056600"," -0,3759100",201900008792,138 290 063,B01,3,1,0,2,8,26,5,NULL,201900008792,138 290 063,B01,1,1,3,1,1988,5,8,0,-1,0,0,-1,201900008792,4,"ALSACE LORRAINE D'",0,NULL,2,2,0,1,0,0,1,NULL,NULL,1,9,1,50
201900008792,9,8,2019,11:00:00,1,64,64445,2,1,1,3,"ALSACE LORRAINE D'","43,3056600"," -0,3759100",201900008792,138 290 063,B01,3,1,0,2,8,26,5,NULL,201900008792,138 290 064,A01,1,1,1,1,1934,5,1,0,-1,0,0,-1,201900008792,4,"ALSACE LORRAINE D'",0,NULL,2,2,0,1,0,0,1,NULL,NULL,1,9,1,50
201900009150,4,7,2019,12:20:00,1,68,68066,2,9,7,3,"REY (AVENUE JOSEPH)","48,0957300","7,3777600",201900009150,138 289 383,B01,2,1,0,2,1,9,5,NULL,201900009150,138 289 382,A01,1,1,1,1,1976,1,1,8,-1,-1,0,-1,201900009150,4,"REY (AVENUE JOSEPH)",0,NULL,1,0,0,1,0,0,1,NULL,NULL,1,0,1,50
201900009150,4,7,2019,12:20:00,1,68,68066,2,9,7,3,"REY (AVENUE JOSEPH)","48,0957300","7,3777600",201900009150,138 289 383,B01,2,1,0,2,1,9,5,NULL,201900009150,138 289 383,B01,1,1,3,2,2004,5,2,0,-1,-1,0,-1,201900009150,4,"REY (AVENUE JOSEPH)",0,NULL,1,0,0,1,0,0,1,NULL,NULL,1,0,1,50
201900009555,14,9,2019,19:15:00,1,7,07102,2,1,1,2,"MISTRAL (PONT FREDERIC)","44,9328600","4,8801800",201900009555,138 288 623,A01,3,1,0,2,1,2,5,NULL,201900009555,138 288 623,A01,1,1,4,1,1975,5,8,0,-1,-1," -1",-1,201900009555,3,533,0,NULL,3,2,0,4,60,100,1,NULL,NULL,1,0,1,50
201900009555,14,9,2019,19:15:00,1,7,07102,2,1,1,2,"MISTRAL (PONT FREDERIC)","44,9328600","4,8801800",201900009555,138 288 623,A01,3,1,0,2,1,2,5,NULL,201900009555,138 288 624,B01,1,1,1,2,1972,5,1,0,-1,-1," -1",-1,201900009555,3,533,0,NULL,3,2,0,4,60,100,1,NULL,NULL,1,0,1,50
201900011437,14,9,2019,10:40:00,1,94,94080,2,1,1,3,"FRANCE (R DE)","48,8489200","2,4548500",201900011437,138 285 228,B01,1,1,1,0,1,1,0,NULL,201900011437,138 285 227,A01,1,1,1,1,1959,0,8,0,-1,-1,0,-1,201900011437,4,"FRANCE (R DE)",0,NULL,2,2,0,1,0,0,1,NULL,NULL,1,0,1,25
201900011437,14,9,2019,10:40:00,1,94,94080,2,1,1,3,"FRANCE (R DE)","48,8489200","2,4548500",201900011437,138 285 228,B01,1,1,1,0,1,1,0,NULL,201900011437,138 285 228,B01,10,3,4,1,2000,1,8,0,-1,1,1,1,201900011437,4,"FRANCE (R DE)",0,NULL,2,2,0,1,0,0,1,NULL,NULL,1,0,1,25
201900012130,18,4,2019,15:35:00,1,75,75111,2,2,1,3,"RUE SEDAINE","48,8579340","2,3769990",201900012130,138 283 895,A01,2,1,0,2,7,1,5,NULL,201900012130,138 283 894,B01,1,1,1,2,1959,5,1,0,-1,0,0,-1,201900012130,4,"RUE SEDAINE",0,NULL,1,1,0,1,0,0,1,NULL,NULL,1,0,1,30
201900012130,18,4,2019,15:35:00,1,75,75111,2,2,1,3,"RUE SEDAINE","48,8579340","2,3769990",201900012130,138 283 895,A01,2,1,0,2,7,1,5,NULL,201900012130,138 283 895,A01,1,1,4,2,1951,5,2,0,-1,0,0,-1,201900012130,4,"RUE SEDAINE",0,NULL,1,1,0,1,0,0,1,NULL,NULL,1,0,1,30
201900012136,23,4,2019,22:37:00,5,75,75109,2,4,1,6,"RUE DU FAUBOURG MONTMARTRE","48,8730440","2,3430580",201900012136,138 283 885,A01,1,1,0,2,0,1,5,NULL,201900012136,138 283 885,A01,1,1,4,1,1931,5,2,0,-1,0,0,-1,201900012136,4,"RUE DU FAUBOURG MONTMARTRE",0,NULL,1,2,0,1,0,0,1,NULL,NULL,1,0,1,50
201900012704,4,7,2019,18:44:00,1,29,29260,1,1,7,3,"Ker Ar Valy","48,4218310"," -4,6233890",201900012704,138 282 807,B01,1,1,0,2,8,2,5,NULL,201900012704,138 282 807,B01,1,1,4,1,1968,5,2,-1,-1,0,0,-1,201900012704,3,67,0,NULL,2,2,0,2,25,300,1,NULL,NULL,1,0,1,80
201900012704,4,7,2019,18:44:00,1,29,29260,1,1,7,3,"Ker Ar Valy","48,4218310"," -4,6233890",201900012704,138 282 807,B01,1,1,0,2,8,2,5,NULL,201900012704,138 282 808,A01,1,1,1,1,1986,0,1,-1,-1,0,0,-1,201900012704,3,67,0,NULL,2,2,0,2,25,300,1,NULL,NULL,1,0,1,80
201900015023,16,3,2019,20:45:00,5,92,92024,2,3,1,3,"GENERAL LECLERC (BD DU) DE (61 A 9)","48,9038000","2,3122000",201900015023,138 278 378,B01,1,1,0,2,8,15,5,NULL,201900015023,138 278 378,B01,1,1,4,1,1991,0,8,0,-1,-1,0,-1,201900015023,3,110,0,NULL,2,2,0,1,0,0,1,NULL,NULL,1,0,1,50
201900015023,16,3,2019,20:45:00,5,92,92024,2,3,1,3,"GENERAL LECLERC (BD DU) DE (61 A 9)","48,9038000","2,3122000",201900015023,138 278 378,B01,1,1,0,2,8,15,5,NULL,201900015023,138 278 379,A01,1,1,1,2,2000,0,2,6,-1,-1,0,-1,201900015023,3,110,0,NULL,2,2,0,1,0,0,1,NULL,NULL,1,0,1,50
201900015694,31,10,2019,17:50:00,5,26,26362,2,3,1,6,"PAPIN RUE DENIS (304)","44,9273800","4,8924800",201900015694,138 277 154,B01,3,1,0,2,1,1,5,NULL,201900015694,138 277 153,A01,1,1,1,2,1999,5,1,0,-1,0,0,-1,201900015694,4,"PAPIN RUE DENIS (304)",0,NULL,2,2,1,1,0,0,1,NULL,NULL,2,0,1,50
201900015694,31,10,2019,17:50:00,5,26,26362,2,3,1,6,"PAPIN RUE DENIS (304)","44,9273800","4,8924800",201900015694,138 277 154,B01,3,1,0,2,1,1,5,NULL,201900015694,138 277 154,B01,1,1,4,1,2004,5,8,0,-1,0,0,-1,201900015694,4,"PAPIN RUE DENIS (304)",0,NULL,2,2,1,1,0,0,1,NULL,NULL,2,0,1,50
201900019106,4,9,2019,09:50:00,1,83,83069,2,6,1,3,"ARROMANCHES ( ROND POINT D' )","43,0827022","6,1501063",201900019106,138 270 739,B01,2,1,0,2,1,1,6,NULL,201900019106,138 270 739,B01,2,1,4,1,1939,5,2,0,-1,0,0,-1,201900019106,3,197,0,NULL,1,2,0,1,1,0,2,NULL,NULL,1,0,1,50