Num_Acc,jour,mois,an,hrmn,lum,dep,com,agg,int,atm,col,adr,lat,long,Num_Acc,id_vehicule,num_veh,senc,catv,obs,obsm,choc,manv,motor,occutc,Num_Acc,id_vehicule,num_veh,place,catu,grav,sexe,an_nais,trajet,secu1,secu2,secu3,locp,actp,etatp,Num_Acc,catr,voie,v1,v2,circ,nbv,vosp,prof,pr,pr1,plan,lartpc,larrout,surf,infra,situ,vma
201900019106,4,9,2019,09:50:00,1,83,83069,2,6,1,3,"ARROMANCHES ( ROND POINT D' )","43,0827022","6,1501063",201900019106,138 270 739,B01,2,1,0,2,1,1,6,NULL,201900019106,138 270 740,Y01,1,1,1,1,1996,4,1,0,-1,0,0,-1,201900019106,3,197,0,NULL,1,2,0,1,1,0,2,NULL,NULL,1,0,1,50
201900019641,1,7,2019,15:35:00,1,17,17323,2,1,1,1,"23 Rue d'Antiochat","46,0385280"," -1,3793840",201900019641,138 269 712,A01,3,1,0,2,3,1,5,NULL,201900019641,138 269 711,B01,1,1,1,1,1969,4,1,-1,-1,0,0,-1,201900019641,4,"rue d'Antiochat",0,NULL,2,2,0,1,(1),(1),1,NULL,NULL,1,0,1,50
201900019641,1,7,2019,15:35:00,1,17,17323,2,1,1,1,"23 Rue d'Antiochat","46,0385280"," -1,3793840",201900019641,138 269 712,A01,3,1,0,2,3,1,5,NULL,201900019641,138 269 712,A01,1,1,3,2,1948,5,0,-1,-1,0,0,-1,201900019641,4,"rue d'Antiochat",0,NULL,2,2,0,1,(1),(1),1,NULL,NULL,1,0,1,50
201900019701,2,8,2019,08:45:00,1,17,17449,2,6,1,3,"EGLISE RUE DE L'","45,9442150"," -0,8928960",201900019701,138 269 588,B01,2,1,0,2,7,1,5,NULL,201900019701,138 269 587,A01,1,1,1,1,1956,1,1,8,-1,0,0,-1,201900019701,4,"EGLISE RUE DE L'",0,NULL,2,2,0,2,0,0,1,NULL,NULL,1,5,1,50
201900019701,2,8,2019,08:45:00,1,17,17449,2,6,1,3,"EGLISE RUE DE L'","45,9442150"," -0,8928960",201900019701,138 269 588,B01,2,1,0,2,7,1,5,NULL,201900019701,138 269 588,B01,1,1,4,1,1965,5,8,0,-1,0,0,-1,201900019701,4,"EGLISE RUE DE L'",0,NULL,2,2,0,2,0,0,1,NULL,NULL,1,5,1,50
201900019799,2,8,2019,03:25:00,5,92,92040,2,1,1,7,"FRERES VOISIN (BOULEVARD DES)","48,8277400","2,2724000",201900019799,138 269 396,A01,1,1,1,0,1,26,6,NULL,201900019799,138 269 396,A01,1,1,3,1,1989,1,8,0,-1,-1,0,-1,201900019799,3,50,0,NULL,3,4,0,1,0,0,1,NULL,NULL,1,0,3,50
201900024941,26,6,2019,12:40:00,1,75,75116,2,3,1,2,"ROUTE DES TRIBUNES","48,8619740","2,2303910",201900024941,138 259 394,B01,3,1,0,2,1,1,5,NULL,201900024941,138 259 394,B01,1,1,4,1,1992,5,2,8,-1,0,0,-1,201900024941,4,"ROUTE DES TRIBUNES",0,NULL,1,1,1,1,0,0,1,NULL,NULL,1,0,5,50
201900024941,26,6,2019,12:40:00,1,75,75116,2,3,1,2,"ROUTE DES TRIBUNES","48,8619740","2,2303910",201900024941,138 259 394,B01,3,1,0,2,1,1,5,NULL,201900024941,138 259 395,A01,1,1,1,1,1987,9,1,8,-1,0,0,-1,201900024941,4,"ROUTE DES TRIBUNES",0,NULL,1,1,1,1,0,0,1,NULL,NULL,1,0,5,50
201900025706,13,11,2019,16:00:00,1,75,75116,2,1,1,3,"ROUTE DE SEVRES A NEUILLY","48,8541540","2,2373660",201900025706,138 257 947,B01,2,1,12,2,7,1,5,NULL,201900025706,138 257 947,B01,1,1,3,1,1942,5,2,0,-1,0,0,-1,201900025706,4,"ROUTE DE SEVRES A NEUILLY",0,NULL,2,2,-1,1,0,0,1,NULL,NULL,1,0,1,50
201900025706,13,11,2019,16:00:00,1,75,75116,2,1,1,3,"ROUTE DE SEVRES A NEUILLY","48,8541540","2,2373660",201900025706,138 257 947,B01,2,1,12,2,7,1,5,NULL,201900025706,138 257 948,A01,1,1,1,1,1999,5,1,0,-1,0,0,-1,201900025706,4,"ROUTE DE SEVRES A NEUILLY",0,NULL,2,2,-1,1,0,0,1,NULL,NULL,1,0,1,50
201900028775,9,3,2019,15:50:00,1,45,45234,2,1,1,6,"BD DE CHATEAUDUN","47,9144130","1,8972620",201900028775,138 252 193,B01,1,1,0,1,1,1,5,NULL,201900028775,138 252 193,B01,1,1,4,1,2004,5,8,0,-1,0,0,-1,201900028775,4,"BD DE CHATEAUDUN",0,NULL,2,2,-1,1,(1),(1),1,NULL,NULL,1,0,5,20
201900028775,9,3,2019,15:50:00,1,45,45234,2,1,1,6,"BD DE CHATEAUDUN","47,9144130","1,8972620",201900028775,138 252 193,B01,1,1,0,1,1,1,5,NULL,201900028775,138 252 193,B01,10,3,4,2,1962,5,8,0,-1,5,3,1,201900028775,4,"BD DE CHATEAUDUN",0,NULL,2,2,-1,1,(1),(1),1,NULL,NULL,1,0,5,20
201900029165,22,4,2019,03:15:00,5,37,37261,2,1,1,7,"FRANCE (PLACE ANATOLE)","47,3970500","0,6860600",201900029165,138 251 501,A01,3,1,0,0,1,0,5,NULL,201900029165,138 251 501,A01,1,1,4,1,1979,0,2,8,-1,-1,0,-1,201900029165,4,"FRANCE (PLACE ANATOLE)",0,NULL,2,2,3,1,0,0,1,NULL,NULL,1,0,1,50
201900031419,28,8,2019,16:00:00,1,74,74010,2,1,1,1,"Route de Quintal","45,8565060","6,0890800",201900031419,138 247 287,B01,0,1,0,2,1,1,1,NULL,201900031419,138 247 286,A01,1,1,1,2,1984,5,8,-1,-1,0,0,-1,201900031419,3,5,0,NULL,2,2,1,2,(1),(1),2,NULL,NULL,1,0,1,50
201900031419,28,8,2019,16:00:00,1,74,74010,2,1,1,1,"Route de Quintal","45,8565060","6,0890800",201900031419,138 247 287,B01,0,1,0,2,1,1,1,NULL,201900031419,138 247 287,B01,1,1,3,1,1962,5,2,-1,-1,0,0,-1,201900031419,3,5,0,NULL,2,2,1,2,(1),(1),2,NULL,NULL,1,0,1,50
201900031669,21,1,2019,16:40:00,1,31,31555,2,4,1,3,"BD MATABIAU","43,6159500","1,4386900",201900031669,138 246 816,A01,2,1,0,2,1,5,5,NULL,201900031669,138 246 816,A01,1,1,4,1,1984,1,2,0,-1,-1,0,-1,201900031669,4,"BD MATABIAU",0,NULL,1,2,0,1,0,0,3,NULL,NULL,1,0,1,50
201900031669,21,1,2019,16:40:00,1,31,31555,2,4,1,3,"BD MATABIAU","43,6159500","1,4386900",201900031669,138 246 816,A01,2,1,0,2,1,5,5,NULL,201900031669,138 246 817,B01,1,1,1,1,1987,9,1,8,-1,-1,0,-1,201900031669,4,"BD MATABIAU",0,NULL,1,2,0,1,0,0,3,NULL,NULL,1,0,1,50
201900032209,13,4,2019,16:50:00,1,67,67130,1,1,2,5,"Rue du Canal","48,4227840","7,6978310",201900032209,138 245 789,A01,3,1,0,2,1,1,5,NULL,201900032209,138 245 787,C01,1,1,4,1,1988,5,2,-1,-1,0,0,-1,201900032209,9,CANAL,NULL,NULL,2,1,1,1,(1),(1),4,NULL,NULL,2,9,5,-1
201900032209,13,4,2019,16:50:00,1,67,67130,1,1,2,5,"Rue du Canal","48,4227840","7,6978310",201900032209,138 245 788,B01,3,1,0,2,1,1,5,NULL,201900032209,138 245 787,C01,1,1,4,1,1988,5,2,-1,-1,0,0,-1,201900032209,9,CANAL,NULL,NULL,2,1,1,1,(1),(1),4,NULL,NULL,2,9,5,-1
201900032209,13,4,2019,16:50:00,1,67,67130,1,1,2,5,"Rue du Canal","48,4227840","7,6978310",201900032209,138 245 787,C01,3,1,0,2,1,1,5,NULL,201900032209,138 245 787,C01,1,1,4,1,1988,5,2,-1,-1,0,0,-1,201900032209,9,CANAL,NULL,NULL,2,1,1,1,(1),(1),4,NULL,NULL,2,9,5,-1
201900032209,13,4,2019,16:50:00,1,67,67130,1,1,2,5,"Rue du Canal","48,4227840","7,6978310",201900032209,138 245 789,A01,3,1,0,2,1,1,5,NULL,201900032209,138 245 788,B01,1,1,4,1,1977,5,2,-1,-1,0,0,-1,201900032209,9,CANAL,NULL,NULL,2,1,1,1,(1),(1),4,NULL,NULL,2,9,5,-1
201900032209,13,4,2019,16:50:00,1,67,67130,1,1,2,5,"Rue du Canal","48,4227840","7,6978310",201900032209,138 245 788,B01,3,1,0,2,1,1,5,NULL,201900032209,138 245 788,B01,1,1,4,1,1977,5,2,-1,-1,0,0,-1,201900032209,9,CANAL,NULL,NULL,2,1,1,1,(1),(1),4,NULL,NULL,2,9,5,-1
201900032209,13,4,2019,16:50:00,1,67,67130,1,1,2,5,"Rue du Canal","48,4227840","7,6978310",201900032209,138 245 787,C01,3,1,0,2,1,1,5,NULL,201900032209,138 245 788,B01,1,1,4,1,1977,5,2,-1,-1,0,0,-1,201900032209,9,CANAL,NULL,NULL,2,1,1,1,(1),(1),4,NULL,NULL,2,9,5,-1
201900032209,13,4,2019,16:50:00,1,67,67130,1,1,2,5,"Rue du Canal","48,4227840","7,6978310",201900032209,138 245 789,A01,3,1,0,2,1,1,5,NULL,201900032209,138 245 789,A01,1,1,4,1,1978,5,2,-1,-1,0,0,-1,201900032209,9,CANAL,NULL,NULL,2,1,1,1,(1),(1),4,NULL,NULL,2,9,5,-1
201900032209,13,4,2019,16:50:00,1,67,67130,1,1,2,5,"Rue du Canal","48,4227840","7,6978310",201900032209,138 245 788,B01,3,1,0,2,1,1,5,NULL,201900032209,138 245 789,A01,1,1,4,1,1978,5,2,-1,-1,0,0,-1,201900032209,9,CANAL,NULL,NULL,2,1,1,1,(1),(1),4,NULL,NULL,2,9,5,-1
201900032209,13,4,2019,16:50:00,1,67,67130,1,1,2,5,"Rue du Canal","48,4227840","7,6978310",201900032209,138 245 787,C01,3,1,0,2,1,1,5,NULL,201900032209,138 245 789,A01,1,1,4,1,1978,5,2,-1,-1,0,0,-1,201900032209,9,CANAL,NULL,NULL,2,1,1,1,(1),(1),4,NULL,NULL,2,9,5,-1
201900033522,25,6,2019,10:00:00,1,63,63417,1,1,1,5,"RD 943","45,8468282","3,0231500",201900033522,138 243 210,B01,2,1,0,2,8,13,5,NULL,201900033522,138 243 209,C01,1,1,4,1,1955,5,2,-1,-1,0,0,-1,201900033522,3,943,0,NULL,2,2,0,2,13,858,3,NULL,NULL,1,0,1,80
201900033522,25,6,2019,10:00:00,1,63,63417,1,1,1,5,"RD 943","45,8468282","3,0231500",201900033522,138 243 209,C01,2,1,0,2,0,1,5,NULL,201900033522,138 243 209,C01,1,1,4,1,1955,5,2,-1,-1,0,0,-1,201900033522,3,943,0,NULL,2,2,0,2,13,858,3,NULL,NULL,1,0,1,80
201900033522,25,6,2019,10:00:00,1,63,63417,1,1,1,5,"RD 943","45,8468282","3,0231500",201900033522,138 243 210,B01,2,1,0,2,8,13,5,NULL,201900033522,138 243 210,B01,1,1,2,1,1957,5,2,-1,-1,0,0,-1,201900033522,3,943,0,NULL,2,2,0,2,13,858,3,NULL,NULL,1,0,1,80
201900033522,25,6,2019,10:00:00,1,63,63417,1,1,1,5,"RD 943","45,8468282","3,0231500",201900033522,138 243 209,C01,2,1,0,2,0,1,5,NULL,201900033522,138 243 210,B01,1,1,2,1,1957,5,2,-1,-1,0,0,-1,201900033522,3,943,0,NULL,2,2,0,2,13,858,3,NULL,NULL,1,0,1,80
201900033522,25,6,2019,10:00:00,1,63,63417,1,1,1,5,"RD 943","45,8468282","3,0231500",201900033522,138 243 210,B01,2,1,0,2,8,13,5,NULL,201900033522,138 243 211,A01,2,2,1,2,2000,4,1,-1,-1,0,0,-1,201900033522,3,943,0,NULL,2,2,0,2,13,858,3,NULL,NULL,1,0,1,80
201900033522,25,6,2019,10:00:00,1,63,63417,1,1,1,5,"RD 943","45,8468282","3,0231500",201900033522,138 243 209,C01,2,1,0,2,0,1,5,NULL,201900033522,138 243 211,A01,2,2,1,2,2000,4,1,-1,-1,0,0,-1,201900033522,3,943,0,NULL,2,2,0,2,13,858,3,NULL,NULL,1,0,1,80
201900033522,25,6,2019,10:00:00,1,63,63417,1,1,1,5,"RD 943","45,8468282","3,0231500",201900033522,138 243 210,B01,2,1,0,2,8,13,5,NULL,201900033522,138 243 211,A01,1,1,1,1,1999,4,1,-1,-1,0,0,-1,201900033522,3,943,0,NULL,2,2,0,2,13,858,3,NULL,NULL,1,0,1,80
201900033522,25,6,2019,10:00:00,1,63,63417,1,1,1,5,"RD 943","45,8468282","3,0231500",201900033522,138 243 209,C01,2,1,0,2,0,1,5,NULL,201900033522,138 243 211,A01,1,1,1,1,1999,4,1,-1,-1,0,0,-1,201900033522,3,943,0,NULL,2,2,0,2,13,858,3,NULL,NULL,1,0,1,80
201900034229,9,4,2019,18:00:00,1,38,38185,2,2,1,3,"BOULEVARD CLEMENCEAU","45,1857300","5,7428000",201900034229,138 241 843,B01,3,1,0,2,8,19,5,NULL,201900034229,138 241 843,B01,1,1,3,2,1986,0,8,0,-1,-1," -1",-1,201900034229,4,"BOULEVARD CLEMENCEAU",0,NULL,2,4,2,1,0,0,1,NULL,NULL,1,0,1,50
201900034229,9,4,2019,18:00:00,1,38,38185,2,2,1,3,"BOULEVARD CLEMENCEAU","45,1857300","5,7428000",201900034229,138 241 843,B01,3,1,0,2,8,19,5,NULL,201900034229,138 241 844,A01,1,1,1,1,1966,0,2,0,-1,-1," -1",-1,201900034229,4,"BOULEVARD CLEMENCEAU",0,NULL,2,4,2,1,0,0,1,NULL,NULL,1,0,1,50
201900035926,8,4,2019,16:00:00,1,83,83073,2,1,1,2,"Rue Victor Hugo","43,3949030","6,3142540",201900035926,138 238 547,B01,1,1,0,2,4,2,5,NULL,201900035926,138 238 547,B01,1,1,3,1,1966,5,2,-1,-1,0,0,-1,201900035926,3,33,NULL,NULL,2,2,0,1,10,900,1,NULL,NULL,1,0,1,50
201900035926,8,4,2019,16:00:00,1,83,83073,2,1,1,2,"Rue Victor Hugo","43,3949030","6,3142540",201900035926,138 238 547,B01,1,1,0,2,4,2,5,NULL,201900035926,138 238 548,A01,1,1,1,2,1998,5,1,-1,-1,0,0,-1,201900035926,3,33,NULL,NULL,2,2,0,1,10,900,1,NULL,NULL,1,0,1,50
201900039760,20,7,2019,17:17:00,1,74,74008,2,1,1,3,"NEGOCIANTS (RUE DES)","46,1948000","6,2277100",201900039760,138 231 338,B01,3,1,0,2,8,15,0,NULL,201900039760,138 231 337,A01,1,1,1,1,1993,3,1,0,-1,-1,0,-1,201900039760,4,"NEGOCIANTS (RUE DES)",0,NULL,2,2,1,1,0,1,1,NULL,NULL,1,5,1,50
201900039760,20,7,2019,17:17:00,1,74,74008,2,1,1,3,"NEGOCIANTS (RUE DES)","46,1948000","6,2277100",201900039760,138 231 338,B01,3,1,0,2,8,15,0,NULL,201900039760,138 231 338,B01,1,1,4,1,1960,1,2,4,-1,-1,0,-1,201900039760,4,"NEGOCIANTS (RUE DES)",0,NULL,2,2,1,1,0,1,1,NULL,NULL,1,5,1,50
201900040022,17,5,2019,12:35:00,1,75,75105,2,4,1,3,"BOULEVARD DE L HOPITAL","48,8399900","2,3617400",201900040022,138 230 858,B01,2,1,0,2,1,17,5,NULL,201900040022,138 230 858,B01,1,1,4,1,2002,2,8,0,-1,0,0,-1,201900040022,4,"BOULEVARD DE L HOPITAL",0,NULL,2,3,3,1,0,0,1,NULL,NULL,1,0,1,50
201900040022,17,5,2019,12:35:00,1,75,75105,2,4,1,3,"BOULEVARD DE L HOPITAL","48,8399900","2,3617400",201900040022,138 230 858,B01,2,1,0,2,1,17,5,NULL,201900040022,138 230 859,A01,1,1,1,1,1980,1,8,0,-1,0,0,-1,201900040022,4,"BOULEVARD DE L HOPITAL",0,NULL,2,3,3,1,0,0,1,NULL,NULL,1,0,1,50
201900043062,27,8,2019,18:45:00,1,1,01231,1,3,1,3,"RD 933","46,3489590","4,9001610",201900043062,138 225 165,A01,2,1,0,2,5,1,5,NULL,201900043062,138 225 165,A01,1,1,3,1,1952,5,2,-1,-1,0,0,-1,201900043062,3,933,NULL,NULL,2,2,0,1,20,0,1,NULL,NULL,1,2,1,80
201900043062,27,8,2019,18:45:00,1,1,01231,1,3,1,3,"RD 933","46,3489590","4,9001610",201900043062,138 225 165,A01,2,1,0,2,5,1,5,NULL,201900043062,138 225 166,B01,1,1,1,1,1970,1,1,-1,-1,0,0,-1,201900043062,3,933,NULL,NULL,2,2,0,1,20,0,1,NULL,NULL,1,2,1,80
201900045081,2,4,2019,16:15:00,1,91,91174,2,1,1,3,"JEAN COCTEAU (RUE)","48,6088700","2,4471600",201900045081,138 221 328,A01,3,1,0,2,1,11,0,NULL,201900045081,138 221 327,B01,1,1,1,2,1954,5,1,0,-1,0,0,-1,201900045081,4,"JEAN COCTEAU (RUE)",0,NULL,2,2,0,1,0,0,1,NULL,NULL,1,0,1,50
201900045081,2,4,2019,16:15:00,1,91,91174,2,1,1,3,"JEAN COCTEAU (RUE)","48,6088700","2,4471600",201900045081,138 221 328,A01,3,1,0,2,1,11,0,NULL,201900045081,138 221 328,A01,1,1,4,1,1996,5,2,0,-1,0,0,-1,201900045081,4,"JEAN COCTEAU (RUE)",0,NULL,2,2,0,1,0,0,1,NULL,NULL,1,0,1,50
201900050705,23,3,2019,14:42:00,1,67,67458,1,6,1,3,"WINTERSHOUSE (ROUTE DE)","48,8043214","7,7466196",201900050705,138 210 804,B01,3,1,0,2,1,1,5,NULL,201900050705,138 210 803,A01,1,1,1,2,1971,1,8,8,-1,-1,0,-1,201900050705,3,160,0,NULL,1,1,0,1,0,1,3,NULL,NULL,1,3,1,80
201900050705,23,3,2019,14:42:00,1,67,67458,1,6,1,3,"WINTERSHOUSE (ROUTE DE)","48,8043214","7,7466196",201900050705,138 210 804,B01,3,1,0,2,1,1,5,NULL,201900050705,138 210 804,B01,1,1,4,1,1968,5,2,8,-1,-1,0,-1,201900050705,3,160,0,NULL,1,1,0,1,0,1,3,NULL,NULL,1,3,1,80
201900051475,18,2,2019,11:20:00,1,91,91471,2,6,1,3,"PARIS (RUE DE)","48,6963990","2,1965700",201900051475,138 209 353,B01,3,1,0,0,0,0,0,NULL,201900051475,138 209 353,B01,1,1,4,2,1948,0,8,0,-1,0,0,-1,201900051475,4,"PARIS (RUE DE)",0,NULL,1,2,0,1,1,0,2,NULL,NULL,1,0,1,50
201900051475,18,2,2019,11:20:00,1,91,91471,2,6,1,3,"PARIS (RUE DE)","48,6963990","2,1965700",201900051475,138 209 353,B01,3,1,0,0,0,0,0,NULL,201900051475,138 209 354,A01,1,1,1,2,1958,1,5,-1,-1,0,0,-1,201900051475,4,"PARIS (RUE DE)",0,NULL,1,2,0,1,1,0,2,NULL,NULL,1,0,1,50
201900054483,29,5,2019,15:40:00,1,17,17385,1,2,1,3,"RD 734","45,9274150"," -1,2842960",201900054483,138 203 628,A01,3,1,0,2,3,19,5,NULL,201900054483,138 203 627,B01,1,1,1,1,1971,4,1,-1,-1,0,0,-1,201900054483,3,734,NULL,NULL,2,2,0,1,11,537,1,NULL,NULL,1,5,1,80
201900054483,29,5,2019,15:40:00,1,17,17385,1,2,1,3,"RD 734","45,9274150"," -1,2842960",201900054483,138 203 628,A01,3,1,0,2,3,19,5,NULL,201900054483,138 203 628,A01,1,1,3,2,1952,5,2,-1,-1,0,0,-1,201900054483,3,734,NULL,NULL,2,2,0,1,11,537,1,NULL,NULL,1,5,1,80
201900055438,24,10,2019,08:10:00,1,69,69256,2,2,1,3,"MARIUS GROSSO                       (R )","45,7636400","4,9333800",201900055438,138 201 846,B01,3,1,0,2,7,26,5,NULL,201900055438,138 201 846,B01,1,1,4,2,1983,1,2,8,-1,-1," -1",-1,201900055438,7,"MARIUS GROSSO                       (R )",0,NULL,3,4,2,1,0,0,1,NULL,NULL,1,0,1,50
201900057938,16,2,2019,10:20:00,1,59,59319,2,2,7,3,"route d'Hondschoote","50,9827416","2,4673681",201900057938,138 197 254,B01,2,1,0,2,0,0,5,NULL,201900057938,138 197 249,A01,1,1,1,1,1951,2,1,-1,-1,0,0,-1,201900057938,3,4,0,D,2,2,0,1,(1),(1),1,NULL,NULL,1,9,1,50
201900057938,16,2,2019,10:20:00,1,59,59319,2,2,7,3,"route d'Hondschoote","50,9827416","2,4673681",201900057938,138 197 254,B01,2,1,0,2,0,0,5,NULL,201900057938,138 197 254,B01,1,1,3,1,1972,5,2,-1,-1,0,0,-1,201900057938,3,4,0,D,2,2,0,1,(1),(1),1,NULL,NULL,1,9,1,50
201900057943,3,8,2019,10:45:00,1,38,38382,2,4,7,3,"Rue de la Biolle","45,2373970","5,6691300",201900057943,138 197 244,B01,2,1,0,0,3,1,5,NULL,201900057943,138 197 244,B01,1,1,3,1,1948,3,0,-1,-1,0,0,-1,201900057943,4,01,0,NULL,2,2,1,1,(1),(1),1,NULL,NULL,1,0,5,50
201900057943,3,8,2019,10:45:00,1,38,38382,2,4,7,3,"Rue de la Biolle","45,2373970","5,6691300",201900057943,138 197 244,B01,2,1,0,0,3,1,5,NULL,201900057943,138 197 245,A01,1,1,1,1,1981,1,1,-1,-1,0,0,-1,201900057943,4,01,0,NULL,2,2,1,1,(1),(1),1,NULL,NULL,1,0,5,50
201900011274,17,12,2019,18:00:00,5,31,31555,2,2,1,3,"QU DE TOUNIS","43,5996410","1,4405510",201900011274,138 285 554,A01,2,1,0,2,0,1,5,NULL,201900011274,138 285 553,B01,1,1,1,1,2000,4,1,8,-1,0,0,-1,201900011274,4,NULL,0,NULL,1,2,0,1,0,0,1,NULL,NULL,1,0,1,30
201900011274,17,12,2019,18:00:00,5,31,31555,2,2,1,3,"QU DE TOUNIS","43,5996410","1,4405510",201900011274,138 285 554,A01,2,1,0,2,0,1,5,NULL,201900011274,138 285 554,A01,1,1,3,1,2000,9,2,8,-1,0,0,-1,201900011274,4,NULL,0,NULL,1,2,0,1,0,0,1,NULL,NULL,1,0,1,30
201900011487,15,9,2019,09:10:00,1,16,16086,2,2,1,3,"20 Route de Pressignac","45,8505020","0,7604840",201900011487,138 285 143,A01,2,1,0,2,1,1,5,NULL,201900011487,138 285 143,A01,1,1,3,1,1966,5,2,-1,-1,0,0,-1,201900011487,3,160,NULL,NULL,2,2,0,2,4,495,1,0,6,1,0,1,50
201900011487,15,9,2019,09:10:00,1,16,16086,2,2,1,3,"20 Route de Pressignac","45,8505020","0,7604840",201900011487,138 285 143,A01,2,1,0,2,1,1,5,NULL,201900011487,138 285 144,B01,1,1,1,2,1959,5,1,-1,-1,0,0,-1,201900011487,3,160,NULL,NULL,2,2,0,2,4,495,1,0,6,1,0,1,50
201900014847,29,12,2019,16:49:00,1,87,87085,2,1,1,2,"VIGENAL (BOULEVARD DU)","45,8498300","1,2476600",201900014847,138 278 691,B01,1,1,0,2,4,2,5,NULL,201900014847,138 278 691,B01,1,1,3,1,1924,5,8,0,-1,-1," -1",-1,201900014847,4,"VIGENAL (BOULEVARD DU)",0,NULL,3,4,0,1,0,0,1,NULL,NULL,2,0,1,50
201900014847,29,12,2019,16:49:00,1,87,87085,2,1,1,2,"VIGENAL (BOULEVARD DU)","45,8498300","1,2476600",201900014847,138 278 691,B01,1,1,0,2,4,2,5,NULL,201900014847,138 278 692,A01,1,1,1,1,1995,5,1,8,-1,-1," -1",-1,201900014847,4,"VIGENAL (BOULEVARD DU)",0,NULL,3,4,0,1,0,0,1,NULL,NULL,2,0,1,50
201900018130,13,5,2019,23:55:00,5,69,69387,2,2,1,3,"VIENNE (DE)                         (RO)","45,7423613","4,8506751",201900018130,138 272 501,B01,3,1,9,0,7,5,5,NULL,201900018130,138 272 501,B01,1,1,4,1,1991,0,8,0,-1,0,0,-1,201900018130,7,"VIENNE (DE)                         (RO)",0,NULL,1,2,0,1,1,0,1,NULL,NULL,1,0,1,50
201900018130,13,5,2019,23:55:00,5,69,69387,2,2,1,3,"VIENNE (DE)                         (RO)","45,7423613","4,8506751",201900018130,138 272 501,B01,3,1,9,0,7,5,5,NULL,201900018130,138 272 502,A01,1,1,4,1,2000,0,1,0,-1,0,0,-1,201900018130,7,"VIENNE (DE)                         (RO)",0,NULL,1,2,0,1,1,0,1,NULL,NULL,1,0,1,50
201900021608,1,8,2019,11:10:00,1,13,13007,1,1,1,1,"Route de la Sainte-Baume","43,3529670","5,6594050",201900021608,138 265 987,A01,1,1,0,2,1,13,5,NULL,201900021608,138 265 986,B01,1,1,1,1,1979,1,1,-1,-1,0,0,-1,201900021608,3,45,0,A,2,2,0,2,4,750,2,NULL,NULL,1,0,1,80
201900021608,1,8,2019,11:10:00,1,13,13007,1,1,1,1,"Route de la Sainte-Baume","43,3529670","5,6594050",201900021608,138 265 987,A01,1,1,0,2,1,13,5,NULL,201900021608,138 265 987,A01,1,1,3,1,1947,5,2,-1,-1,0,0,-1,201900021608,3,45,0,A,2,2,0,2,4,750,2,NULL,NULL,1,0,1,80
201900023371,30,7,2019,17:10:00,1,67,67309,1,1,1,2,"route de Brumath","48,6471370","7,7249100",201900023371,138 262 551,B01,3,1,0,0,4,3,5,NULL,201900023371,138 262 550,A01,1,1,1,1,1973,1,1,-1,-1,0,0,-1,201900023371,7,263,NULL,NULL,3,4,0,1,(1),(1),1,NULL,NULL,1,3,1,80
201900023371,30,7,2019,17:10:00,1,67,67309,1,1,1,2,"route de Brumath","48,6471370","7,7249100",201900023371,138 262 551,B01,3,1,0,0,4,3,5,NULL,201900023371,138 262 551,B01,1,1,3,1,1942,5,0,-1,-1,0,0,-1,201900023371,7,263,NULL,NULL,3,4,0,1,(1),(1),1,NULL,NULL,1,3,1,80
201900024609,6,9,2019,09:13:00,1,71,71306,2,1,1,3,"DE LATTRE DE TASSIGNY (BLD DU MARECHAL)","46,6760400","4,3760800",201900024609,138 260 053,B01,1,1,0,2,4,1,5,NULL,201900024609,138 260 053,B01,1,1,3,1,1942,5,2,0,-1,0,0,-1,201900024609,4,"DE LATTRE DE TASSIGNY (BLD DU MARECHAL)",0,NULL,1,2,0,1,0,0,2,NULL,NULL,1,9,1,50
201900024609,6,9,2019,09:13:00,1,71,71306,2,1,1,3,"DE LATTRE DE TASSIGNY (BLD DU MARECHAL)","46,6760400","4,3760800",201900024609,138 260 053,B01,1,1,0,2,4,1,5,NULL,201900024609,138 260 054,A01,1,1,1,2,1943,5,1,0,-1,0,0,-1,201900024609,4,"DE LATTRE DE TASSIGNY (BLD DU MARECHAL)",0,NULL,1,2,0,1,0,0,2,NULL,NULL,1,9,1,50
201900025641,8,11,2019,16:25:00,2,67,67482,2,1,2,3,"COLMAR (AVENUE DE)","48,5490170","7,7415530",201900025641,138 258 061,B01,1,1,0,2,8,19,5,NULL,201900025641,138 258 061,B01,1,1,3,1,1987,0,2,0,-1,-1,0,-1,201900025641,4,"COLMAR (AVENUE DE)",0,NULL,3,2,1,1,0,0,1,NULL,NULL,2,5,1,50
201900025641,8,11,2019,16:25:00,2,67,67482,2,1,2,3,"COLMAR (AVENUE DE)","48,5490170","7,7415530",201900025641,138 258 061,B01,1,1,0,2,8,19,5,NULL,201900025641,138 258 062,A01,1,1,1,1,1948,9,1,0,-1,-1,0,-1,201900025641,4,"COLMAR (AVENUE DE)",0,NULL,3,2,1,1,0,0,1,NULL,NULL,2,5,1,50
201900026677,6,4,2019,16:45:00,1,36,36026,1,1,1,2,"ROUTE D'ISSOUDUN","46,9523367","1,7518821",201900026677,138 256 109,B01,1,1,0,2,4,1,5,NULL,201900026677,138 256 109,B01,1,1,4,1,1997,5,2,0,0,0,0,-1,201900026677,3,8,0,NULL,2,2,0,2,36,400,1,NULL,NULL,1,0,1,80
201900026677,6,4,2019,16:45:00,1,36,36026,1,1,1,2,"ROUTE D'ISSOUDUN","46,9523367","1,7518821",201900026677,138 256 109,B01,1,1,0,2,4,1,5,NULL,201900026677,138 256 110,A01,1,1,1,1,1955,9,1,-1,-1,0,0,-1,201900026677,3,8,0,NULL,2,2,0,2,36,400,1,NULL,NULL,1,0,1,80