Num_Acc,jour,mois,an,hrmn,lum,dep,com,agg,int,atm,col,adr,lat,long,Num_Acc,id_vehicule,num_veh,senc,catv,obs,obsm,choc,manv,motor,occutc,Num_Acc,id_vehicule,num_veh,place,catu,grav,sexe,an_nais,trajet,secu1,secu2,secu3,locp,actp,etatp,Num_Acc,catr,voie,v1,v2,circ,nbv,vosp,prof,pr,pr1,plan,lartpc,larrout,surf,infra,situ,vma
201900028416,29,5,2019,21:30:00,1,69,69382,2,1,1,5,"PRESIDENT EDOUARD HERRIOT (DU)      (R )","45,7600209","4,8340058",201900028416,138 252 905,C01,0,1,0,2,1,26,0,NULL,201900028416,138 252 903,A01,1,1,1,1,2003,0,8,0,-1,-1,0,-1,201900028416,7,"PRESIDENT EDOUARD HERRIOT (DU)      (R )",0,NULL,1,2,1,1,0,0,1,NULL,NULL,1,0,1,50
201900028416,29,5,2019,21:30:00,1,69,69382,2,1,1,5,"PRESIDENT EDOUARD HERRIOT (DU)      (R )","45,7600209","4,8340058",201900028416,138 252 904,B01,0,1,0,2,7,26,0,NULL,201900028416,138 252 903,A01,1,1,1,1,2003,0,8,0,-1,-1,0,-1,201900028416,7,"PRESIDENT EDOUARD HERRIOT (DU)      (R )",0,NULL,1,2,1,1,0,0,1,NULL,NULL,1,0,1,50
201900028416,29,5,2019,21:30:00,1,69,69382,2,1,1,5,"PRESIDENT EDOUARD HERRIOT (DU)      (R )","45,7600209","4,8340058",201900028416,138 252 905,C01,0,1,0,2,1,26,0,NULL,201900028416,138 252 904,B01,1,1,1,1,1985,0,8,0,-1,-1,0,-1,201900028416,7,"PRESIDENT EDOUARD HERRIOT (DU)      (R )",0,NULL,1,2,1,1,0,0,1,NULL,NULL,1,0,1,50
201900028416,29,5,2019,21:30:00,1,69,69382,2,1,1,5,"PRESIDENT EDOUARD HERRIOT (DU)      (R )","45,7600209","4,8340058",201900028416,138 252 904,B01,0,1,0,2,7,26,0,NULL,201900028416,138 252 904,B01,1,1,1,1,1985,0,8,0,-1,-1,0,-1,201900028416,7,"PRESIDENT EDOUARD HERRIOT (DU)      (R )",0,NULL,1,2,1,1,0,0,1,NULL,NULL,1,0,1,50
201900028416,29,5,2019,21:30:00,1,69,69382,2,1,1,5,"PRESIDENT EDOUARD HERRIOT (DU)      (R )","45,7600209","4,8340058",201900028416,138 252 905,C01,0,1,0,2,1,26,0,NULL,201900028416,138 252 905,C01,1,1,4,2,1987,0,8,0,-1,-1,0,-1,201900028416,7,"PRESIDENT EDOUARD HERRIOT (DU)      (R )",0,NULL,1,2,1,1,0,0,1,NULL,NULL,1,0,1,50
201900028416,29,5,2019,21:30:00,1,69,69382,2,1,1,5,"PRESIDENT EDOUARD HERRIOT (DU)      (R )","45,7600209","4,8340058",201900028416,138 252 904,B01,0,1,0,2,7,26,0,NULL,201900028416,138 252 905,C01,1,1,4,2,1987,0,8,0,-1,-1,0,-1,201900028416,7,"PRESIDENT EDOUARD HERRIOT (DU)      (R )",0,NULL,1,2,1,1,0,0,1,NULL,NULL,1,0,1,50
201900028885,5,3,2019,13:35:00,1,19,19031,2,3,1,3,"BRUNE (RUE DU MARECHAL)","45,1620000","1,5310800",201900028885,138 251 994,B01,1,1,0,2,1,1,5,NULL,201900028885,138 251 994,B01,1,1,4,2,2001,5,2,0,-1,-1," -1",-1,201900028885,4,"BRUNE (RUE DU MARECHAL)",0,NULL,1,1,0,1,0,0,1,NULL,NULL,1,0,1,50
201900028885,5,3,2019,13:35:00,1,19,19031,2,3,1,3,"BRUNE (RUE DU MARECHAL)","45,1620000","1,5310800",201900028885,138 251 994,B01,1,1,0,2,1,1,5,NULL,201900028885,138 251 995,A01,1,1,1,1,1934,5,1,0,-1,-1," -1",-1,201900028885,4,"BRUNE (RUE DU MARECHAL)",0,NULL,1,1,0,1,0,0,1,NULL,NULL,1,0,1,50
201900029056,29,4,2019,09:00:00,1,45,45147,2,4,1,2,"BD LAMARTINE - R LOUIS LABONNE","47,9212510","1,9082900",201900029056,138 251 706,A01,1,1,0,2,1,18,5,NULL,201900029056,138 251 706,A01,1,1,4,2,1996,2,2,8,-1,-1," -1",-1,201900029056,4,"BD LAMARTINE",0,NULL,3,4,1,1,(1),(1),1,NULL,NULL,1,5,1,50
201900029056,29,4,2019,09:00:00,1,45,45147,2,4,1,2,"BD LAMARTINE - R LOUIS LABONNE","47,9212510","1,9082900",201900029056,138 251 706,A01,1,1,0,2,1,18,5,NULL,201900029056,138 251 707,B01,1,1,1,2,1993,1,1,8,-1,0,0,-1,201900029056,4,"BD LAMARTINE",0,NULL,3,4,1,1,(1),(1),1,NULL,NULL,1,5,1,50
201900030008,29,8,2019,09:15:00,1,84,84007,2,6,1,3,"REALPANIER (Rond point de)-MONTFAVET","43,9495095","4,8597014",201900030008,138 249 893,B01,3,1,0,2,2,15,5,NULL,201900030008,138 249 893,B01,1,1,3,1,1963,5,8,8,-1,-1," -1",-1,201900030008,4,"REALPANIER (Rond point de)-MONTFAVET",0,NULL,1,2,0,1,0,1,1,NULL,NULL,1,0,1,50
201900030008,29,8,2019,09:15:00,1,84,84007,2,6,1,3,"REALPANIER (Rond point de)-MONTFAVET","43,9495095","4,8597014",201900030008,138 249 893,B01,3,1,0,2,2,15,5,NULL,201900030008,138 249 894,A01,1,1,1,2,1997,0,1,0,-1,-1," -1",-1,201900030008,4,"REALPANIER (Rond point de)-MONTFAVET",0,NULL,1,2,0,1,0,1,1,NULL,NULL,1,0,1,50
201900030177,27,6,2019,16:40:00,1,13,13051,1,2,1,2,D15,"43,6134850","5,1386960",201900030177,138 249 561,B01,1,1,0,2,4,15,5,NULL,201900030177,138 249 561,B01,1,1,3,1,2003,2,0,-1,-1,0,0,-1,201900030177,3,15,0,NULL,2,2,0,1,12,300,1,NULL,NULL,1,0,1,80
201900030177,27,6,2019,16:40:00,1,13,13051,1,2,1,2,D15,"43,6134850","5,1386960",201900030177,138 249 561,B01,1,1,0,2,4,15,5,NULL,201900030177,138 249 562,A01,1,1,1,1,1948,1,1,-1,-1,0,0,-1,201900030177,3,15,0,NULL,2,2,0,1,12,300,1,NULL,NULL,1,0,1,80
201900030326,12,4,2019,16:20:00,1,93,93010,2,1,1,2,"BLANQUI (R. LOUIS-AUGUSTE) DE 2 A 30 COT","48,8990000","2,4810000",201900030326,138 249 263,B01,2,1,0,2,1,2,5,NULL,201900030326,138 249 263,B01,1,1,4,2,1980,1,8,0,-1,-1," -1",-1,201900030326,4,"BLANQUI (R. LOUIS-AUGUSTE) DE 2 A 30 COT",0,NULL,2,2,0,1,0,0,1,NULL,NULL,1,0,1,50
201900030326,12,4,2019,16:20:00,1,93,93010,2,1,1,2,"BLANQUI (R. LOUIS-AUGUSTE) DE 2 A 30 COT","48,8990000","2,4810000",201900030326,138 249 263,B01,2,1,0,2,1,2,5,NULL,201900030326,138 249 264,A01,1,1,1,1,1988,5,1,0,-1,-1," -1",-1,201900030326,4,"BLANQUI (R. LOUIS-AUGUSTE) DE 2 A 30 COT",0,NULL,2,2,0,1,0,0,1,NULL,NULL,1,0,1,50
201900030326,12,4,2019,16:20:00,1,93,93010,2,1,1,2,"BLANQUI (R. LOUIS-AUGUSTE) DE 2 A 30 COT","48,8990000","2,4810000",201900030326,138 249 263,B01,2,1,0,2,1,2,5,NULL,201900030326,138 249 264,A01,2,2,1,1,1993,0,1,0,-1,-1," -1",-1,201900030326,4,"BLANQUI (R. LOUIS-AUGUSTE) DE 2 A 30 COT",0,NULL,2,2,0,1,0,0,1,NULL,NULL,1,0,1,50
201900035082,19,6,2019,11:30:00,1,84,84078,1,1,1,6,"La ViaRhona","44,2383800","4,7116490",201900035082,138 240 204,A01,3,1,8,0,1,26,5,NULL,201900035082,138 240 204,A01,1,1,2,1,1950,5,2,-1,-1,0,0,-1,201900035082,9,17,0,O,2,1,1,1,0,0,2,NULL,NULL,1,9,5,5
201900037161,17,1,2019,11:58:00,1,11,11262,2,6,1,3,"MAYOLLE (BOULEVARD DE LA)","43,1750000","3,0090000",201900037161,138 236 183,B01,2,1,0,2,7,15,5,NULL,201900037161,138 236 183,B01,1,1,4,2,1948,5,8,0,-1,-1," -1",-1,201900037161,4,"MAYOLLE (BOULEVARD DE LA)",0,NULL,2,2,0,1,0,0,2,NULL,NULL,1,0,1,50
201900037161,17,1,2019,11:58:00,1,11,11262,2,6,1,3,"MAYOLLE (BOULEVARD DE LA)","43,1750000","3,0090000",201900037161,138 236 183,B01,2,1,0,2,7,15,5,NULL,201900037161,138 236 184,A01,1,1,1,2,1935,0,8,8,-1,0,0,-1,201900037161,4,"MAYOLLE (BOULEVARD DE LA)",0,NULL,2,2,0,1,0,0,2,NULL,NULL,1,0,1,50
201900038224,12,12,2019,05:50:00,5,93,93010,2,3,1,1,"GALLIENI (AV.) DE 2 A 96","48,9054700","2,4785400",201900038224,138 234 203,B01,2,1,0,2,1,1,5,NULL,201900038224,138 234 202,A01,1,1,1,1,1962,1,1,0,-1,-1," -1",-1,201900038224,3,933,0,NULL,1,2,0,1,0,0,1,NULL,NULL,1,0,1,50
201900038224,12,12,2019,05:50:00,5,93,93010,2,3,1,1,"GALLIENI (AV.) DE 2 A 96","48,9054700","2,4785400",201900038224,138 234 203,B01,2,1,0,2,1,1,5,NULL,201900038224,138 234 203,B01,1,1,4,1,1993,0,8,0,-1,-1," -1",-1,201900038224,3,933,0,NULL,1,2,0,1,0,0,1,NULL,NULL,1,0,1,50
201900044494,14,1,2019,07:30:00,1,973,97304,2,3,7,2,"félix éboué","5,1663751"," -52,6398857",201900044494,138 222 473,B01,3,1,0,2,5,1,5,NULL,201900044494,138 222 472,A01,1,1,1,1,1978,1,1,-1,-1,0,0,-1,201900044494,4,"avenue felix eboue",0,NULL,2,2,0,1,(1),(1),1,NULL,NULL,1,0,1,50
201900044494,14,1,2019,07:30:00,1,973,97304,2,3,7,2,"félix éboué","5,1663751"," -52,6398857",201900044494,138 222 473,B01,3,1,0,2,5,1,5,NULL,201900044494,138 222 473,B01,1,1,4,1,2004,2,2,-1,-1,0,0,-1,201900044494,4,"avenue felix eboue",0,NULL,2,2,0,1,(1),(1),1,NULL,NULL,1,0,1,50
201900046944,18,7,2019,13:10:00,1,14,14488,2,1,1,3,"Place du Général de Gaulle","49,2787260"," -0,2502450",201900046944,138 217 751,B01,3,1,0,2,8,19,5,NULL,201900046944,138 217 750,A01,1,1,1,1,1986,5,1,-1,-1,0,0,-1,201900046944,4,NULL,NULL,NULL,1,1,0,1,(1),(1),1,NULL,NULL,1,0,1,50
201900046944,18,7,2019,13:10:00,1,14,14488,2,1,1,3,"Place du Général de Gaulle","49,2787260"," -0,2502450",201900046944,138 217 751,B01,3,1,0,2,8,19,5,NULL,201900046944,138 217 751,B01,1,1,4,1,2000,1,0,-1,-1,0,0,-1,201900046944,4,NULL,NULL,NULL,1,1,0,1,(1),(1),1,NULL,NULL,1,0,1,50
201900050794,3,5,2019,17:40:00,1,49,49176,2,9,1,6,"5 rue du chemin de fer","47,6280020"," -0,7235060",201900050794,138 210 635,A01,3,1,0,2,1,1,5,NULL,201900050794,138 210 634,B01,1,1,1,1,1986,0,1,-1,-1,0,0,-1,201900050794,4,NULL,NULL,NULL,2,2,0,1,(1),(1),1,NULL,NULL,1,0,1,30
201900050794,3,5,2019,17:40:00,1,49,49176,2,9,1,6,"5 rue du chemin de fer","47,6280020"," -0,7235060",201900050794,138 210 635,A01,3,1,0,2,1,1,5,NULL,201900050794,138 210 635,A01,1,1,3,1,2006,9,2,-1,-1,0,0,-1,201900050794,4,NULL,NULL,NULL,2,2,0,1,(1),(1),1,NULL,NULL,1,0,1,30
201900050893,29,5,2019,07:45:00,1,44,44003,2,6,1,3,"Avenue Francis Robert","47,3732555"," -1,1790481",201900050893,138 210 463,B01,3,1,0,2,1,1,5,NULL,201900050893,138 210 463,B01,1,1,3,2,1968,1,0,-1,-1,0,0,-1,201900050893,3,723,0,NULL,1,1,0,1,68,970,2,NULL,NULL,1,5,1,50
201900050893,29,5,2019,07:45:00,1,44,44003,2,6,1,3,"Avenue Francis Robert","47,3732555"," -1,1790481",201900050893,138 210 463,B01,3,1,0,2,1,1,5,NULL,201900050893,138 210 464,A01,1,1,1,1,1973,1,1,-1,-1,0,0,-1,201900050893,3,723,0,NULL,1,1,0,1,68,970,2,NULL,NULL,1,5,1,50
201900052221,22,8,2019,15:00:00,1,95,95483,1,2,1,3,"Route départemenale 51","49,1072020","1,9269680",201900052221,138 207 912,B01,1,1,0,2,8,2,5,NULL,201900052221,138 207 912,B01,1,1,3,1,1952,5,2,-1,-1,0,0,-1,201900052221,3,51,0," -",2,2,0,1,6,45,1,NULL,NULL,1,0,1,80
201900052221,22,8,2019,15:00:00,1,95,95483,1,2,1,3,"Route départemenale 51","49,1072020","1,9269680",201900052221,138 207 912,B01,1,1,0,2,8,2,5,NULL,201900052221,138 207 913,A01,1,1,1,1,1991,4,1,-1,-1,0,0,-1,201900052221,3,51,0," -",2,2,0,1,6,45,1,NULL,NULL,1,0,1,80
201900052221,22,8,2019,15:00:00,1,95,95483,1,2,1,3,"Route départemenale 51","49,1072020","1,9269680",201900052221,138 207 912,B01,1,1,0,2,8,2,5,NULL,201900052221,138 207 913,A01,6,2,1,1,1994,4,1,-1,-1,0,0,-1,201900052221,3,51,0," -",2,2,0,1,6,45,1,NULL,NULL,1,0,1,80
201900052221,22,8,2019,15:00:00,1,95,95483,1,2,1,3,"Route départemenale 51","49,1072020","1,9269680",201900052221,138 207 912,B01,1,1,0,2,8,2,5,NULL,201900052221,138 207 913,A01,2,2,1,1,1975,4,1,-1,-1,0,0,-1,201900052221,3,51,0," -",2,2,0,1,6,45,1,NULL,NULL,1,0,1,80
201900053755,23,9,2019,17:00:00,1,24,24037,2,3,1,3,"AVENUE ARISTIDE BRIAND","44,8518000","0,4649000",201900053755,138 204 943,B01,2,1,0,2,8,15,5,NULL,201900053755,138 204 943,B01,1,1,3,1,2006,2,8,0,-1,-1,0,-1,201900053755,3,32,0,NULL,2,2,0,1,54,172,1,NULL,NULL,1,0,1,30
201900053755,23,9,2019,17:00:00,1,24,24037,2,3,1,3,"AVENUE ARISTIDE BRIAND","44,8518000","0,4649000",201900053755,138 204 943,B01,2,1,0,2,8,15,5,NULL,201900053755,138 204 944,A01,1,1,3,1,1969,1,2,6,-1,-1,0,-1,201900053755,3,32,0,NULL,2,2,0,1,54,172,1,NULL,NULL,1,0,1,30
201900054141,14,8,2019,18:10:00,1,67,67482,2,1,1,1,"LA FONTAINE (BOULEVARD)","48,5890700","7,7054200",201900054141,138 204 224,B01,1,1,0,2,7,1,5,NULL,201900054141,138 204 223,A01,2,2,1,2,1963,0,1,0,-1,0,0,-1,201900054141,6,"LA FONTAINE (BOULEVARD)",0,NULL,-1,-1,0,1,0,0,1,NULL,NULL,1,0,1,30
201900054141,14,8,2019,18:10:00,1,67,67482,2,1,1,1,"LA FONTAINE (BOULEVARD)","48,5890700","7,7054200",201900054141,138 204 224,B01,1,1,0,2,7,1,5,NULL,201900054141,138 204 223,A01,1,1,1,2,1963,1,1,8,-1,-1,0,-1,201900054141,6,"LA FONTAINE (BOULEVARD)",0,NULL,-1,-1,0,1,0,0,1,NULL,NULL,1,0,1,30
201900054141,14,8,2019,18:10:00,1,67,67482,2,1,1,1,"LA FONTAINE (BOULEVARD)","48,5890700","7,7054200",201900054141,138 204 224,B01,1,1,0,2,7,1,5,NULL,201900054141,138 204 224,B01,1,1,3,1,2003,5,8,0,-1,-1,0,-1,201900054141,6,"LA FONTAINE (BOULEVARD)",0,NULL,-1,-1,0,1,0,0,1,NULL,NULL,1,0,1,30
201900054467,14,5,2019,11:30:00,1,85,85146,2,6,1,3,"Boulevard Auguste Durand","46,9704100"," -1,3075100",201900054467,138 203 654,B01,0,1,0,2,1,19,5,NULL,201900054467,138 203 654,B01,1,1,4,1,2006,0,0,-1,-1,0,0,-1,201900054467,4,NULL,NULL,NULL,-1,2,0,1,(1),(1),2,NULL,NULL,1,5,1,50
201900054467,14,5,2019,11:30:00,1,85,85146,2,6,1,3,"Boulevard Auguste Durand","46,9704100"," -1,3075100",201900054467,138 203 654,B01,0,1,0,2,1,19,5,NULL,201900054467,138 203 655,A01,1,1,1,2,1977,0,1,-1,-1,0,0,-1,201900054467,4,NULL,NULL,NULL,-1,2,0,1,(1),(1),2,NULL,NULL,1,5,1,50
201900054809,19,2,2019,17:35:00,1,55,55120,1,1,1,2,NULL,"48,7530390","5,1267830",201900054809,138 203 068,B01,2,1,0,0,4,2,5,NULL,201900054809,138 203 068,B01,1,1,3,2,1965,1,2,4,6,0,0,-1,201900054809,3,635,0,NULL,2,2,0,1,14,200,1,NULL,NULL,1,0,1,80
201900054809,19,2,2019,17:35:00,1,55,55120,1,1,1,2,NULL,"48,7530390","5,1267830",201900054809,138 203 068,B01,2,1,0,0,4,2,5,NULL,201900054809,138 203 069,A01,1,1,1,2,1937,0,1,-1,-1,0,0,-1,201900054809,3,635,0,NULL,2,2,0,1,14,200,1,NULL,NULL,1,0,1,80
201900056439,13,2,2019,17:40:00,1,50,50173,2,1,1,1,"BLUM (AVENUE LEON)","49,6465100"," -1,6582600",201900056439,138 200 024,B01,0,1,0,2,1,1,5,NULL,201900056439,138 200 023,A01,1,1,1,2,1984,1,1,0,-1,-1,0,-1,201900056439,4,"BLUM (AVENUE LEON)",0,NULL,2,2,0,2,0,0,1,NULL,NULL,1,9,2,30
201900056439,13,2,2019,17:40:00,1,50,50173,2,1,1,1,"BLUM (AVENUE LEON)","49,6465100"," -1,6582600",201900056439,138 200 024,B01,0,1,0,2,1,1,5,NULL,201900056439,138 200 024,B01,1,1,4,2,1976,5,8,0,-1,-1,0,-1,201900056439,4,"BLUM (AVENUE LEON)",0,NULL,2,2,0,2,0,0,1,NULL,NULL,1,9,2,30
201900010867,5,7,2019,20:00:00,1,75,75113,2,2,1,3,"BOULEVARD ARAGO","48,8350110","2,3450400",201900010867,138 286 288,B01,2,1,0,2,1,1,5,NULL,201900010867,138 286 288,B01,1,1,4,1,1960,5,2,0,-1,0,0,-1,201900010867,4,"BOULEVARD ARAGO",0,NULL,2,4,1,1,0,0,1,NULL,NULL,1,0,1,50
201900010867,5,7,2019,20:00:00,1,75,75113,2,2,1,3,"BOULEVARD ARAGO","48,8350110","2,3450400",201900010867,138 286 288,B01,2,1,0,2,1,1,5,NULL,201900010867,138 286 289,A01,1,1,1,1,1964,1,1,0,-1,0,0,-1,201900010867,4,"BOULEVARD ARAGO",0,NULL,2,4,1,1,0,0,1,NULL,NULL,1,0,1,50
201900011320,17,12,2019,09:03:00,1,75,75113,2,3,1,3,"BOULEVARD KELLERMANN","48,8209896","2,3506273",201900011320,138 285 465,B01,1,1,0,2,1,16,5,NULL,201900011320,138 285 465,B01,1,1,4,1,1991,1,2,8,-1,0,0,-1,201900011320,4,"BOULEVARD KELLERMANN",0,NULL,3,2,-1,2,0,0,1,NULL,NULL,1,0,1,50
201900011320,17,12,2019,09:03:00,1,75,75113,2,3,1,3,"BOULEVARD KELLERMANN","48,8209896","2,3506273",201900011320,138 285 465,B01,1,1,0,2,1,16,5,NULL,201900011320,138 285 466,A01,1,1,4,1,1985,1,2,6,-1,0,0,-1,201900011320,4,"BOULEVARD KELLERMANN",0,NULL,3,2,-1,2,0,0,1,NULL,NULL,1,0,1,50
201900013273,12,9,2019,21:50:00,5,49,49007,2,1,1,5,FREMUR,"47,4622000"," -0,5591000",201900013273,138 281 760,B01,1,1,0,2,9,0,5,NULL,201900013273,138 281 759,A01,1,1,1,2,1945,5,1,8,-1,-1," -1",-1,201900013273,4,FREMUR,0,NULL,2,2,0,1,0,0,1,NULL,NULL,1,0,1,60
201900013273,12,9,2019,21:50:00,5,49,49007,2,1,1,5,FREMUR,"47,4622000"," -0,5591000",201900013273,138 281 760,B01,1,1,0,2,9,0,5,NULL,201900013273,138 281 760,B01,1,1,4,1,1999,5,8,0,-1,-1," -1",-1,201900013273,4,FREMUR,0,NULL,2,2,0,1,0,0,1,NULL,NULL,1,0,1,60
201900013273,12,9,2019,21:50:00,5,49,49007,2,1,1,5,FREMUR,"47,4622000"," -0,5591000",201900013273,138 281 760,B01,1,1,0,2,9,0,5,NULL,201900013273,138 281 761,C01,1,1,1,2,1998,0,1,8,-1,-1," -1",-1,201900013273,4,FREMUR,0,NULL,2,2,0,1,0,0,1,NULL,NULL,1,0,1,60
201900013532,18,3,2019,18:08:00,2,32,32013,2,7,1,7,"BARON (CHEMIN DE)","43,6536100","0,5771200",201900013532,138 281 239,A01,2,1,11,0,1,21,5,NULL,201900013532,138 281 239,A01,1,1,4,2,1964,1,8,0,-1,-1,0,-1,201900013532,4,"BARON (CHEMIN DE)",0,NULL,2,2,0,1,59,0,1,NULL,NULL,1,5,2,30
201900014226,4,8,2019,13:15:00,1,5,05023,2,1,1,3,"PROVENCE (AVENUE DE)","44,8985000","6,6287000",201900014226,138 279 953,B01,1,1,0,2,1,2,5,NULL,201900014226,138 279 952,A01,1,1,1,1,1995,5,2,8,-1,0,0,-1,201900014226,2,94,0,NULL,2,2,0,1,159,509,3,NULL,NULL,1,2,1,50
201900014226,4,8,2019,13:15:00,1,5,05023,2,1,1,3,"PROVENCE (AVENUE DE)","44,8985000","6,6287000",201900014226,138 279 953,B01,1,1,0,2,1,2,5,NULL,201900014226,138 279 953,B01,1,1,4,1,2002,5,2,8,-1,0,0,-1,201900014226,2,94,0,NULL,2,2,0,1,159,509,3,NULL,NULL,1,2,1,50
201900014528,2,7,2019,09:35:00,1,77,77468,2,2,1,1,"LACS (COURS DES)","48,8387606","2,6490664",201900014528,138 279 297,B01,2,1,0,2,8,1,5,NULL,201900014528,138 279 297,B01,1,1,4,1,1989,5,2,0,-1,-1," -1",-1,201900014528,4,"GERARD PHILIPE (RUE)",0,NULL,2,2,0,1,0,0,1,NULL,NULL,1,5,1,50
201900015576,11,10,2019,17:40:00,1,67,67482,2,1,1,1,"RHIN (AVENUE DU)","48,5726900","7,7939600",201900015576,138 277 354,B01,2,1,0,2,5,26,5,NULL,201900015576,138 277 353,A01,1,1,1,1,2003,0,8,0,-1,-1,0,-1,201900015576,4,"RHIN (AVENUE DU)",0,NULL,3,4,0,1,0,0,1,NULL,NULL,1,0,1,50
201900015576,11,10,2019,17:40:00,1,67,67482,2,1,1,1,"RHIN (AVENUE DU)","48,5726900","7,7939600",201900015576,138 277 353,A01,1,1,0,2,1,26,5,NULL,201900015576,138 277 353,A01,1,1,1,1,2003,0,8,0,-1,-1,0,-1,201900015576,4,"RHIN (AVENUE DU)",0,NULL,3,4,0,1,0,0,1,NULL,NULL,1,0,1,50
201900015576,11,10,2019,17:40:00,1,67,67482,2,1,1,1,"RHIN (AVENUE DU)","48,5726900","7,7939600",201900015576,138 277 354,B01,2,1,0,2,5,26,5,NULL,201900015576,138 277 354,B01,1,1,4,1,1952,0,2,8,-1,-1,0,-1,201900015576,4,"RHIN (AVENUE DU)",0,NULL,3,4,0,1,0,0,1,NULL,NULL,1,0,1,50
201900015576,11,10,2019,17:40:00,1,67,67482,2,1,1,1,"RHIN (AVENUE DU)","48,5726900","7,7939600",201900015576,138 277 353,A01,1,1,0,2,1,26,5,NULL,201900015576,138 277 354,B01,1,1,4,1,1952,0,2,8,-1,-1,0,-1,201900015576,4,"RHIN (AVENUE DU)",0,NULL,3,4,0,1,0,0,1,NULL,NULL,1,0,1,50
201900016133,3,7,2019,10:00:00,1,68,68150,1,1,1,7,"Route des Cinq Châteaux","48,0404670","7,2690410",201900016133,138 276 384,A01,3,1,0,0,2,1,5,NULL,201900016133,138 276 384,A01,1,1,4,1,2001,5,2,6,-1,0,0,-1,201900016133,4,NULL,NULL,NULL,2,2,0,2,(1),(1),3,NULL,NULL,1,0,1,70
201900017163,27,7,2019,11:50:00,1,29,29235,2,6,1,3,"Boulevard Léopold Maissin","48,3950874"," -4,4084914",201900017163,138 274 332,B01,2,1,0,0,5,1,0,NULL,201900017163,138 274 332,B01,1,1,3,1,1961,5,2,-1,-1,0,0,-1,201900017163,3,67,NULL,NULL,2,2,0,1,0,500,1,NULL,NULL,1,5,1,50
201900017163,27,7,2019,11:50:00,1,29,29235,2,6,1,3,"Boulevard Léopold Maissin","48,3950874"," -4,4084914",201900017163,138 274 332,B01,2,1,0,0,5,1,0,NULL,201900017163,138 274 333,A01,1,1,1,2,1949,5,1,-1,-1,0,0,-1,201900017163,3,67,NULL,NULL,2,2,0,1,0,500,1,NULL,NULL,1,5,1,50
201900020777,12,10,2019,15:00:00,1,33,33063,2,4,1,2,"75  BD ALBERT 1ER","44,8139900"," -0,5682700",201900020777,138 267 550,A01,1,1,0,2,1,13,1,NULL,201900020777,138 267 550,A01,1,1,2,1,1926,5,8,0,-1,-1," -1",-1,201900020777,4,"BD ALBERT 1ER",0,NULL,2,4,0,1,0,0,1,NULL,NULL,1,0,1,50
201900020777,12,10,2019,15:00:00,1,33,33063,2,4,1,2,"75  BD ALBERT 1ER","44,8139900"," -0,5682700",201900020777,138 267 550,A01,1,1,0,2,1,13,1,NULL,201900020777,138 267 551,B01,1,1,1,1,1997,5,1,0,-1,-1," -1",-1,201900020777,4,"BD ALBERT 1ER",0,NULL,2,4,0,1,0,0,1,NULL,NULL,1,0,1,50
201900021144,6,9,2019,17:35:00,1,56,56083,2,1,1,3,"MITTERAND (AV. DU Pt )","47,8090800"," -3,2625000",201900021144,138 266 883,B01,1,1,0,2,1,1,5,NULL,201900021144,138 266 882,A01,1,1,1,1,1965,1,1,8,-1,0,0,-1,201900021144,3,23,0,C,3,2,0,2,2,940,1,NULL,NULL,1,0,1,30
201900021144,6,9,2019,17:35:00,1,56,56083,2,1,1,3,"MITTERAND (AV. DU Pt )","47,8090800"," -3,2625000",201900021144,138 266 883,B01,1,1,0,2,1,1,5,NULL,201900021144,138 266 883,B01,1,1,4,1,2003,2,2,0,-1,0,0,-1,201900021144,3,23,0,C,3,2,0,2,2,940,1,NULL,NULL,1,0,1,30
201900021615,4,8,2019,12:00:00,1,74,74003,2,4,1,7,"Lieu dit "le pont"","45,8932810","6,2256130",201900021615,138 265 975,A01,3,1,0,0,0,1,5,NULL,201900021615,138 265 975,A01,1,1,2,2,1956,5,2,-1,-1,0,0,-1,201900021615,4,NULL,0,NULL,2,-1,-1,1,(1),(1),1,NULL,NULL,1,0,1,-1
201900023162,28,6,2019,22:15:00,5,973,97302,2,2,1,5,"PREVOT (ERNEST)","4,9330104"," -52,3328161",201900023162,138 263 006,C01,0,1,0,2,8,1,5,NULL,201900023162,138 263 005,A01,1,1,1,1,1995,9,1,0,-1,-1," -1",-1,201900023162,4,"PREVOT (ERNEST)",0,NULL,1,1,0,1,(1),(1),1,NULL,NULL,1,0,1,50
201900023162,28,6,2019,22:15:00,5,973,97302,2,2,1,5,"PREVOT (ERNEST)","4,9330104"," -52,3328161",201900023162,138 263 006,C01,0,1,0,2,8,1,5,NULL,201900023162,138 263 006,C01,1,1,4,1,2002,9,8,0,-1,-1," -1",-1,201900023162,4,"PREVOT (ERNEST)",0,NULL,1,1,0,1,(1),(1),1,NULL,NULL,1,0,1,50
201900023162,28,6,2019,22:15:00,5,973,97302,2,2,1,5,"PREVOT (ERNEST)","4,9330104"," -52,3328161",201900023162,138 263 006,C01,0,1,0,2,8,1,5,NULL,201900023162,138 263 007,B01,1,1,4,1,1987,9,2,0,-1,-1," -1",-1,201900023162,4,"PREVOT (ERNEST)",0,NULL,1,1,0,1,(1),(1),1,NULL,NULL,1,0,1,50