Num_Acc,jour,mois,an,hrmn,lum,dep,com,agg,int,atm,col,adr,lat,long,Num_Acc,id_vehicule,num_veh,senc,catv,obs,obsm,choc,manv,motor,occutc,Num_Acc,id_vehicule,num_veh,place,catu,grav,sexe,an_nais,trajet,secu1,secu2,secu3,locp,actp,etatp,Num_Acc,catr,voie,v1,v2,circ,nbv,vosp,prof,pr,pr1,plan,lartpc,larrout,surf,infra,situ,vma
201900008812,9,8,2019,08:14:00,1,57,57672,2,1,1,6,"COURONNE (RUE DE LA)","49,3536500","6,1762830",201900008812,138 290 026,B01,3,1,0,2,8,19,5,NULL,201900008812,138 290 025,A01,1,1,1,1,1967,1,1,4,-1,-1," -1",-1,201900008812,4,"COURONNE (RUE DE LA)",0,NULL,2,2,0,1,0,0,3,NULL,NULL,1,0,1,50
201900008812,9,8,2019,08:14:00,1,57,57672,2,1,1,6,"COURONNE (RUE DE LA)","49,3536500","6,1762830",201900008812,138 290 026,B01,3,1,0,2,8,19,5,NULL,201900008812,138 290 026,B01,1,1,3,1,1967,1,8,0,-1,0,0,-1,201900008812,4,"COURONNE (RUE DE LA)",0,NULL,2,2,0,1,0,0,3,NULL,NULL,1,0,1,50
201900008821,7,8,2019,17:50:00,1,51,51454,2,1,1,3,"AVENUE DU GENERAL DE GAULLE","49,2457600","4,0179400",201900008821,138 290 011,A01,0,1,0,2,1,19,5,NULL,201900008821,138 290 010,B01,1,1,1,2,1996,5,1,0,-1,-1,0,-1,201900008821,4,"AVENUE DU GENERAL DE GAULLE",0,NULL,2,3,3,1,(1),(1),1,NULL,NULL,1,0,1,50
201900008821,7,8,2019,17:50:00,1,51,51454,2,1,1,3,"AVENUE DU GENERAL DE GAULLE","49,2457600","4,0179400",201900008821,138 290 011,A01,0,1,0,2,1,19,5,NULL,201900008821,138 290 011,A01,1,1,4,1,1995,5,8,0,-1,-1,0,-1,201900008821,4,"AVENUE DU GENERAL DE GAULLE",0,NULL,2,3,3,1,(1),(1),1,NULL,NULL,1,0,1,50
201900011350,18,12,2019,09:00:00,1,94,94033,2,2,1,3,"PEPINIERE (AV DE LA)","48,8444700","2,4507800",201900011350,138 285 418,A01,1,1,0,2,7,21,5,NULL,201900011350,138 285 417,B01,1,1,1,1,1989,4,1,0,-1,-1," -1",-1,201900011350,4,"PEPINIERE (AV DE LA)",0,NULL,2,2,1,1,1,0,1,NULL,NULL,1,0,1,50
201900011350,18,12,2019,09:00:00,1,94,94033,2,2,1,3,"PEPINIERE (AV DE LA)","48,8444700","2,4507800",201900011350,138 285 418,A01,1,1,0,2,7,21,5,NULL,201900011350,138 285 418,A01,1,1,4,2,1980,1,8,0,-1,-1," -1",-1,201900011350,4,"PEPINIERE (AV DE LA)",0,NULL,2,2,1,1,1,0,1,NULL,NULL,1,0,1,50
201900013452,19,3,2019,13:00:00,1,42,42302,2,3,1,3,"avenue anthony barralon","45,4856350","4,4495170",201900013452,138 281 420,B01,2,1,0,2,1,1,5,NULL,201900013452,138 281 419,A01,1,1,1,2,1965,1,1,-1,-1,0,0,-1,201900013452,3,106,NULL,NULL,2,2,0,2,0,600,1,NULL,NULL,1,0,1,50
201900013452,19,3,2019,13:00:00,1,42,42302,2,3,1,3,"avenue anthony barralon","45,4856350","4,4495170",201900013452,138 281 420,B01,2,1,0,2,1,1,5,NULL,201900013452,138 281 420,B01,1,1,3,1,1965,5,2,-1,-1,0,0,-1,201900013452,3,106,NULL,NULL,2,2,0,2,0,600,1,NULL,NULL,1,0,1,50
201900014526,17,6,2019,16:25:00,1,78,78092,2,1,1,3,"CLEMENCEAU GEORGES (QUAI)","48,8676890","2,1415730",201900014526,138 279 301,U01,1,1,0,2,6,3,5,NULL,201900014526,138 279 300,B01,1,1,1,1,1965,4,1,-1,-1,-1," -1",-1,201900014526,3,113,0,NULL,3,4,0,1,1,417,1,NULL,NULL,1,0,1,10
201900014526,17,6,2019,16:25:00,1,78,78092,2,1,1,3,"CLEMENCEAU GEORGES (QUAI)","48,8676890","2,1415730",201900014526,138 279 301,U01,1,1,0,2,6,3,5,NULL,201900014526,138 279 301,U01,1,1,3,1,1982,1,8,-1,-1,0,0,-1,201900014526,3,113,0,NULL,3,4,0,1,1,417,1,NULL,NULL,1,0,1,10
201900016195,3,7,2019,00:20:00,5,69,69387,2,1,1,7,"LECLERC                             (AV)","45,7478100","4,8330800",201900016195,138 276 267,A01,1,1,0,0,1,0,5,NULL,201900016195,138 276 267,A01,1,1,4,1,1983,5,0,0,-1,0,0,-1,201900016195,7,"QUAI LECLERC                             (AV)",0,NULL,-1,0,0,1,0,0,1,NULL,NULL,1,6,1,10
201900016921,13,3,2019,17:45:00,1,67,67482,2,1,2,6,"22 NOVEMBRE (RUE DU)","48,5828880","7,7407980",201900016921,138 274 814,A01,1,1,0,1,1,1,5,NULL,201900016921,138 274 814,A01,10,3,3,2,1952,0,8,0,-1,2,3,1,201900016921,4,"22 NOVEMBRE (RUE DU)",0,NULL,2,3,1,1,0,0,1,NULL,NULL,2,8,1,30
201900016921,13,3,2019,17:45:00,1,67,67482,2,1,2,6,"22 NOVEMBRE (RUE DU)","48,5828880","7,7407980",201900016921,138 274 814,A01,1,1,0,1,1,1,5,NULL,201900016921,138 274 814,A01,1,1,4,1,1993,5,2,0,-1,0,0,-1,201900016921,4,"22 NOVEMBRE (RUE DU)",0,NULL,2,3,1,1,0,0,1,NULL,NULL,2,8,1,30
201900017138,11,9,2019,15:40:00,1,86,86187,2,9,1,3,"Rue la Grand-Rue","46,5765650","0,7769200",201900017138,138 274 374,B01,0,1,0,2,1,26,6,NULL,201900017138,138 274 373,A01,1,1,1,2,1995,0,1,-1,-1,0,0,-1,201900017138,3,951,NULL,NULL,1,1,0,1,33,800,3,NULL,NULL,1,0,1,50
201900017138,11,9,2019,15:40:00,1,86,86187,2,9,1,3,"Rue la Grand-Rue","46,5765650","0,7769200",201900017138,138 274 374,B01,0,1,0,2,1,26,6,NULL,201900017138,138 274 374,B01,1,1,4,2,1993,5,2,-1,-1,0,0,-1,201900017138,3,951,NULL,NULL,1,1,0,1,33,800,3,NULL,NULL,1,0,1,50
201900017831,1,8,2019,19:00:00,1,35,35281,2,1,1,3,"NANTES (DE)","48,0923080"," -1,6916060",201900017831,138 273 076,B01,1,1,1,0,1,1,5,NULL,201900017831,138 273 075,A01,1,1,1,1,1981,0,1,0,-1,-1,0,-1,201900017831,3,837,0,NULL,2,2,2,1,12,0,1,NULL,NULL,1,0,1,50
201900017831,1,8,2019,19:00:00,1,35,35281,2,1,1,3,"NANTES (DE)","48,0923080"," -1,6916060",201900017831,138 273 076,B01,1,1,1,0,1,1,5,NULL,201900017831,138 273 076,B01,1,1,4,1,1994,0,8,0,-1,-1," -1",-1,201900017831,3,837,0,NULL,2,2,2,1,12,0,1,NULL,NULL,1,0,1,50
201900019901,21,4,2019,07:54:00,1,971,97101,1,6,1,3,RN05,"16,2614981"," -61,5000177",201900019901,138 269 210,B01,3,1,0,2,1,1,5,NULL,201900019901,138 269 209,A01,1,1,1,2,1961,9,1,8,-1,-1," -1",-1,201900019901,3,102,0,NULL,-1,1,0,1,0,0,2,NULL,NULL,1,0,1,50
201900019901,21,4,2019,07:54:00,1,971,97101,1,6,1,3,RN05,"16,2614981"," -61,5000177",201900019901,138 269 210,B01,3,1,0,2,1,1,5,NULL,201900019901,138 269 210,B01,1,1,3,1,1949,5,2,4,-1,-1," -1",-1,201900019901,3,102,0,NULL,-1,1,0,1,0,0,2,NULL,NULL,1,0,1,50
201900019953,23,5,2019,16:45:00,1,91,91589,2,3,1,3,"ALLEMANE (RUE JEAN)","48,6853300","2,3420500",201900019953,138 269 086,B01,1,1,0,2,8,1,5,NULL,201900019953,138 269 085,A01,1,1,1,2,1975,5,1,8,-1,0,0,-1,201900019953,4,"ALLEMANE (RUE JEAN)",0,NULL,2,2,0,1,0,0,1,NULL,NULL,1,0,1,50
201900019953,23,5,2019,16:45:00,1,91,91589,2,3,1,3,"ALLEMANE (RUE JEAN)","48,6853300","2,3420500",201900019953,138 269 086,B01,1,1,0,2,8,1,5,NULL,201900019953,138 269 086,B01,1,1,4,1,2009,2,2,8,-1,0,0,-1,201900019953,4,"ALLEMANE (RUE JEAN)",0,NULL,2,2,0,1,0,0,1,NULL,NULL,1,0,1,50
201900022270,24,12,2019,09:30:00,1,68,68224,2,1,1,6,"COLMAR (AVENUE DE)","47,7507610","7,3384910",201900022270,138 264 696,A01,2,1,0,1,1,1,-1,NULL,201900022270,138 264 696,A01,1,1,1,1,1971,0,0,-1,-1,-1,0,-1,201900022270,4,NULL,NULL,NULL,2,-1,-1,1,(1),(1),1,NULL,NULL,1,0,1,-1
201900022270,24,12,2019,09:30:00,1,68,68224,2,1,1,6,"COLMAR (AVENUE DE)","47,7507610","7,3384910",201900022270,138 264 696,A01,2,1,0,1,1,1,-1,NULL,201900022270,138 264 696,A01,10,3,4,1,1957,0,0,-1,-1,1,3,1,201900022270,4,NULL,NULL,NULL,2,-1,-1,1,(1),(1),1,NULL,NULL,1,0,1,-1
201900024619,5,9,2019,21:00:00,5,67,67482,2,1,1,3,"ELMERFORST (RUE D )","48,5631800","7,7114700",201900024619,138 260 033,A01,1,1,0,4,1,19,5,NULL,201900024619,138 260 032,B01,1,1,1,1,1976,4,1,8,-1,-1,0,-1,201900024619,4,"ELMERFORST (RUE D )",0,NULL,2,2,3,1,0,0,1,NULL,NULL,1,4,1,50
201900024619,5,9,2019,21:00:00,5,67,67482,2,1,1,3,"ELMERFORST (RUE D )","48,5631800","7,7114700",201900024619,138 260 033,A01,1,1,0,4,1,19,5,NULL,201900024619,138 260 033,A01,1,1,3,1,1999,5,8,0,-1,-1,0,-1,201900024619,4,"ELMERFORST (RUE D )",0,NULL,2,2,3,1,0,0,1,NULL,NULL,1,4,1,50
201900025825,21,12,2019,11:45:00,1,92,92050,2,3,1,3,"SOUFFLOT J-GERMAIN BOULEVARD","48,8964540","2,2147300",201900025825,138 257 711,B01,3,1,0,2,1,9,5,NULL,201900025825,138 257 711,B01,1,1,4,1,1997,9,8,0,-1,-1,0,-1,201900025825,4,"SOUFFLOT J-GERMAIN BOULEVARD",0,NULL,1,2,0,1,0,0,1,NULL,NULL,1,9,1,50
201900025825,21,12,2019,11:45:00,1,92,92050,2,3,1,3,"SOUFFLOT J-GERMAIN BOULEVARD","48,8964540","2,2147300",201900025825,138 257 711,B01,3,1,0,2,1,9,5,NULL,201900025825,138 257 712,A01,1,1,1,2,1987,3,1,0,-1,-1,0,-1,201900025825,4,"SOUFFLOT J-GERMAIN BOULEVARD",0,NULL,1,2,0,1,0,0,1,NULL,NULL,1,9,1,50
201900025936,9,10,2019,10:15:00,1,92,92012,2,3,1,3,"PAUL BERT (RUE)","48,8357000","2,2392000",201900025936,138 257 502,B01,2,1,0,2,1,1,5,NULL,201900025936,138 257 501,A01,1,1,1,1,1951,0,1,0,-1,-1,0,-1,201900025936,3,50,0,NULL,2,2,0,1,0,0,1,NULL,NULL,2,0,1,50
201900025936,9,10,2019,10:15:00,1,92,92012,2,3,1,3,"PAUL BERT (RUE)","48,8357000","2,2392000",201900025936,138 257 502,B01,2,1,0,2,1,1,5,NULL,201900025936,138 257 502,B01,1,1,4,1,1998,0,8,0,-1,-1,0,-1,201900025936,3,50,0,NULL,2,2,0,1,0,0,1,NULL,NULL,2,0,1,50
201900027113,7,3,2019,07:50:00,1,83,83137,2,3,1,3,"BRIAND (AVE ARISTIDE)","43,1203400","5,8887100",201900027113,138 255 332,B01,1,1,0,2,1,1,5,NULL,201900027113,138 255 331,A01,1,1,1,1,1983,1,1,0,-1,-1,0,-1,201900027113,4,"BRIAND (AVE ARISTIDE)",0,NULL,1,2,0,2,(1),(1),1,NULL,NULL,1,0,1,50
201900027113,7,3,2019,07:50:00,1,83,83137,2,3,1,3,"BRIAND (AVE ARISTIDE)","43,1203400","5,8887100",201900027113,138 255 332,B01,1,1,0,2,1,1,5,NULL,201900027113,138 255 332,B01,1,1,4,1,1970,0,2,0,-1,-1," -1",-1,201900027113,4,"BRIAND (AVE ARISTIDE)",0,NULL,1,2,0,2,(1),(1),1,NULL,NULL,1,0,1,50
201900027246,7,5,2019,16:05:00,1,57,57463,2,1,1,1,"HARELLE (RUE )","49,1128400","6,1715000",201900027246,138 255 057,A01,3,1,0,2,1,5,5,NULL,201900027246,138 255 057,A01,1,1,3,2,1978,5,8,0,-1,-1," -1",-1,201900027246,4,"HARELLE (RUE )",0,NULL,1,1,1,1,0,0,3,NULL,NULL,1,0,1,50
201900027246,7,5,2019,16:05:00,1,57,57463,2,1,1,1,"HARELLE (RUE )","49,1128400","6,1715000",201900027246,138 255 057,A01,3,1,0,2,1,5,5,NULL,201900027246,138 255 058,B01,1,1,1,1,1977,0,2,0,-1,-1," -1",-1,201900027246,4,"HARELLE (RUE )",0,NULL,1,1,1,1,0,0,3,NULL,NULL,1,0,1,50
201900027804,8,10,2019,17:45:00,1,973,97309,2,6,1,3,"rond point des ames claires","4,9196080"," -52,2790670",201900027804,138 254 040,B01,1,1,0,2,8,1,5,NULL,201900027804,138 254 040,B01,1,1,4,2,1974,1,0,-1,-1,0,0,-1,201900027804,3,1,0,NULL,2,1,0,1,6,50,2,NULL,NULL,1,0,1,50
201900028195,6,9,2019,13:45:00,1,14,14726,1,1,1,1,"lieu dit la vallerie, bernières","48,8089340"," -0,7184050",201900028195,138 253 319,A01,3,1,0,2,1,13,5,NULL,201900028195,138 253 318,B01,1,1,1,1,1969,3,1,-1,-1,0,0,-1,201900028195,4,301,NULL,NULL,2,2,0,2,(1),(1),3,NULL,NULL,1,0,1,80
201900028195,6,9,2019,13:45:00,1,14,14726,1,1,1,1,"lieu dit la vallerie, bernières","48,8089340"," -0,7184050",201900028195,138 253 319,A01,3,1,0,2,1,13,5,NULL,201900028195,138 253 319,A01,1,1,3,1,1969,5,2,9,-1,0,0,-1,201900028195,4,301,NULL,NULL,2,2,0,2,(1),(1),3,NULL,NULL,1,0,1,80
201900028464,12,4,2019,08:55:00,1,86,86041,1,1,1,6,"CHARLETTERIE (RUE DE LA)","46,3519000","0,2212000",201900028464,138 252 806,B01,3,1,0,2,1,1,5,NULL,201900028464,138 252 805,A01,1,1,1,1,1962,4,1,8,-1,-1,0,-1,201900028464,4,"CHARLETTERIE (RUE DE LA)",0,NULL,2,2,0,1,0,0,1,NULL,NULL,1,0,1,50
201900028464,12,4,2019,08:55:00,1,86,86041,1,1,1,6,"CHARLETTERIE (RUE DE LA)","46,3519000","0,2212000",201900028464,138 252 806,B01,3,1,0,2,1,1,5,NULL,201900028464,138 252 806,B01,1,1,4,2,1962,1,8,0,-1,-1,0,-1,201900028464,4,"CHARLETTERIE (RUE DE LA)",0,NULL,2,2,0,1,0,0,1,NULL,NULL,1,0,1,50
201900028522,10,4,2019,08:45:00,1,49,49007,2,1,1,3,BEAUVAL,"47,4521500"," -0,5519900",201900028522,138 252 685,B01,2,1,0,2,2,1,5,NULL,201900028522,138 252 684,A01,1,1,1,1,1960,1,1,8,-1,-1,0,-1,201900028522,4,BEAUVAL,0,NULL,2,2,0,1,0,0,1,NULL,NULL,1,0,1,50
201900028522,10,4,2019,08:45:00,1,49,49007,2,1,1,3,BEAUVAL,"47,4521500"," -0,5519900",201900028522,138 252 685,B01,2,1,0,2,2,1,5,NULL,201900028522,138 252 685,B01,1,1,4,2,1985,0,8,0,-1,-1,0,-1,201900028522,4,BEAUVAL,0,NULL,2,2,0,1,0,0,1,NULL,NULL,1,0,1,50
201900029137,17,5,2019,10:50:00,1,38,38185,2,7,1,1,"PLACE DOCTEUR LEON MARTIN","45,1878100","5,7276600",201900029137,138 251 547,B01,2,1,0,2,1,1,5,NULL,201900029137,138 251 547,B01,1,1,4,1,1985,4,2,0,-1,-1," -1",-1,201900029137,4,"PLACE DOCTEUR LEON MARTIN",0,NULL,2,1,0,1,0,0,1,NULL,NULL,1,8,1,50
201900029137,17,5,2019,10:50:00,1,38,38185,2,7,1,1,"PLACE DOCTEUR LEON MARTIN","45,1878100","5,7276600",201900029137,138 251 547,B01,2,1,0,2,1,1,5,NULL,201900029137,138 251 548,A01,1,1,1,1,1998,5,1,8,-1,-1," -1",-1,201900029137,4,"PLACE DOCTEUR LEON MARTIN",0,NULL,2,1,0,1,0,0,1,NULL,NULL,1,8,1,50
201900029163,11,5,2019,12:05:00,1,37,37214,2,1,1,7,"CHANTERIE (RUE DE LA)","47,4182700","0,6744000",201900029163,138 251 505,A01,2,1,0,0,2,1,5,NULL,201900029163,138 251 505,A01,1,1,4,2,1958,5,2,8,-1,-1,0,-1,201900029163,4,"CHANTERIE (RUE DE LA)",0,NULL,-1,1,1,1,0,0,1,NULL,NULL,1,0,1,30
201900029175,1,5,2019,14:20:00,1,37,37122,2,1,1,3,"CHINON (BOULEVARD DE)","47,3519400","0,6862500",201900029175,138 251 484,B01,3,1,0,2,5,21,5,NULL,201900029175,138 251 484,B01,1,1,4,1,1980,5,8,0,-1,-1,0,-1,201900029175,4,"CHINON (BOULEVARD DE)",0,NULL,2,4,1,2,0,0,1,NULL,NULL,1,9,1,50
201900029175,1,5,2019,14:20:00,1,37,37122,2,1,1,3,"CHINON (BOULEVARD DE)","47,3519400","0,6862500",201900029175,138 251 484,B01,3,1,0,2,5,21,5,NULL,201900029175,138 251 485,A01,1,1,1,1,1947,5,1,8,-1,-1,0,-1,201900029175,4,"CHINON (BOULEVARD DE)",0,NULL,2,4,1,2,0,0,1,NULL,NULL,1,9,1,50
201900029481,18,12,2019,16:20:00,5,67,67482,2,1,1,3,"ANGLE (RUE DE L )","48,6120500","7,7866700",201900029481,138 250 845,A01,1,1,0,2,0,1,5,NULL,201900029481,138 250 845,A01,1,1,4,1,2004,5,8,0,-1,-1,0,-1,201900029481,4,"ANGLE (RUE DE L )",0,NULL,2,2,0,1,0,0,2,NULL,NULL,1,0,1,50
201900029521,19,12,2019,09:20:00,1,75,75112,2,3,8,3,"BOULEVARD PONIATOWSKI","48,8342670","2,4047240",201900029521,138 250 761,B01,2,1,0,2,1,19,5,NULL,201900029521,138 250 761,B01,1,1,4,1,1993,1,2,8,-1,0,0,-1,201900029521,4,"AVENUE DU GENERAL DODDS",0,NULL,2,2,1,2,0,0,1,NULL,NULL,1,0,5,30
201900029521,19,12,2019,09:20:00,1,75,75112,2,3,8,3,"BOULEVARD PONIATOWSKI","48,8342670","2,4047240",201900029521,138 250 761,B01,2,1,0,2,1,19,5,NULL,201900029521,138 250 762,A01,1,1,1,2,1982,1,1,0,-1,0,0,-1,201900029521,4,"AVENUE DU GENERAL DODDS",0,NULL,2,2,1,2,0,0,1,NULL,NULL,1,0,5,30
201900029887,24,1,2019,15:30:00,1,78,78616,2,1,1,2,D45,"48,8713550","1,8035980",201900029887,138 250 134,B01,2,1,0,2,0,2,5,NULL,201900029887,138 250 134,B01,1,1,3,1,1950,5,2,-1,-1,0,0,-1,201900029887,3,45,0,NULL,2,2,0,1,13,500,1,NULL,NULL,2,0,1,50
201900030679,24,7,2019,09:15:00,1,75,75108,2,2,1,6,"PONT ALEXANDRE III","48,8646860","2,3136570",201900030679,138 248 655,A01,3,1,8,0,1,21,5,NULL,201900030679,138 248 655,A01,1,1,4,1,1985,9,2,0,-1,0,0,-1,201900030679,4,"PONT ALEXANDRE III",0,NULL,2,2,0,1,0,0,1,NULL,NULL,1,2,1,50
201900034079,2,4,2019,14:50:00,1,2A,2A212,1,1,1,6,"Fer à Cheval","42,2556376","8,6697597",201900034079,138 242 147,A01,1,1,6,0,0,13,5,NULL,201900034079,138 242 147,A01,1,1,3,1,1965,5,8,-1,-1,0,0,-1,201900034079,3,81,NULL,NULL,2,2,0,2,68,100,3,NULL,NULL,1,0,1,80
201900040169,28,5,2019,08:20:00,1,75,75101,2,3,2,7,"RUE SAINT HONORE","48,8622180","2,3391840",201900040169,138 230 596,A01,1,1,0,0,3,21,5,NULL,201900040169,138 230 596,A01,1,1,4,1,1989,1,2,0,-1,0,0,-1,201900040169,4,"RUE SAINT HONORE",0,NULL,1,2,0,1,0,0,1,NULL,NULL,2,0,1,30
201900040848,30,9,2019,16:45:00,1,22,22070,2,1,2,7,"rue notre dame","48,5608390"," -3,1492810",201900040848,138 229 367,A01,3,1,0,0,1,1,5,NULL,201900040848,138 229 367,A01,1,1,3,1,2005,2,0,-1,-1,0,0,-1,201900040848,4,NULL,NULL,NULL,1,1,0,2,(1),(1),1,NULL,NULL,2,6,1,-1
201900042217,12,6,2019,14:00:00,1,973,97302,2,2,1,3,"MANDELA  (BOULEVARD)","4,9400474"," -52,3266507",201900042217,138 226 778,A01,1,1,0,2,1,5,6,NULL,201900042217,138 226 777,B01,1,1,1,1,1952,0,1,8,-1,-1,0,-1,201900042217,4,"MANDELA  (BOULEVARD)",0,NULL,1,1,0,1,(1),(1),1,NULL,NULL,1,9,1,30
201900042217,12,6,2019,14:00:00,1,973,97302,2,2,1,3,"MANDELA  (BOULEVARD)","4,9400474"," -52,3266507",201900042217,138 226 778,A01,1,1,0,2,1,5,6,NULL,201900042217,138 226 778,A01,2,1,4,1,1992,0,2,0,-1,-1,0,-1,201900042217,4,"MANDELA  (BOULEVARD)",0,NULL,1,1,0,1,(1),(1),1,NULL,NULL,1,9,1,30
201900042869,28,9,2019,16:55:00,1,62,62826,2,1,3,6,"THIERRY SABINE (BOULEVARD)","50,5314200","1,5864950",201900042869,138 225 522,A01,3,1,0,6,7,2,0,NULL,201900042869,138 225 521,B01,1,1,4,2,1973,5,8,0,-1,-1," -1",-1,201900042869,4,"THIERRY SABINE (BOULEVARD)",0,NULL,-1,1,1,1,0,0,1,NULL,NULL,2,0,1,25
201900042869,28,9,2019,16:55:00,1,62,62826,2,1,3,6,"THIERRY SABINE (BOULEVARD)","50,5314200","1,5864950",201900042869,138 225 521,B01,3,1,0,6,8,2,0,NULL,201900042869,138 225 521,B01,1,1,4,2,1973,5,8,0,-1,-1," -1",-1,201900042869,4,"THIERRY SABINE (BOULEVARD)",0,NULL,-1,1,1,1,0,0,1,NULL,NULL,2,0,1,25
201900042869,28,9,2019,16:55:00,1,62,62826,2,1,3,6,"THIERRY SABINE (BOULEVARD)","50,5314200","1,5864950",201900042869,138 225 522,A01,3,1,0,6,7,2,0,NULL,201900042869,138 225 522,A01,2,1,4,1,1958,5,8,0,-1,-1," -1",-1,201900042869,4,"THIERRY SABINE (BOULEVARD)",0,NULL,-1,1,1,1,0,0,1,NULL,NULL,2,0,1,25
201900042869,28,9,2019,16:55:00,1,62,62826,2,1,3,6,"THIERRY SABINE (BOULEVARD)","50,5314200","1,5864950",201900042869,138 225 521,B01,3,1,0,6,8,2,0,NULL,201900042869,138 225 522,A01,2,1,4,1,1958,5,8,0,-1,-1," -1",-1,201900042869,4,"THIERRY SABINE (BOULEVARD)",0,NULL,-1,1,1,1,0,0,1,NULL,NULL,2,0,1,25
201900043763,20,5,2019,20:50:00,1,93,93006,2,9,1,6,"MOULIN RUE DU","48,8721710","2,4239470",201900043763,138 223 895,A01,1,1,1,0,4,26,5,NULL,201900043763,138 223 895,A01,1,1,4,1,2009,5,8,0,-1,-1,0,-1,201900043763,4,"MOULIN RUE DU",0,NULL,2,1,0,2,0,0,1,NULL,NULL,1,0,1,30
201900044698,28,9,2019,10:08:00,1,32,32013,2,6,1,3,"rond point des justes","43,6628100","0,5994000",201900044698,138 222 065,B01,2,1,0,2,7,1,5,NULL,201900044698,138 222 065,B01,1,1,4,1,1957,5,8,0,-1,0,0,-1,201900044698,2,21,0,NULL,2,2,0,1,0,0,1,NULL,NULL,1,0,1,50
201900044698,28,9,2019,10:08:00,1,32,32013,2,6,1,3,"rond point des justes","43,6628100","0,5994000",201900044698,138 222 065,B01,2,1,0,2,7,1,5,NULL,201900044698,138 222 066,A01,1,1,1,1,1962,9,1,0,-1,0,0,-1,201900044698,2,21,0,NULL,2,2,0,1,0,0,1,NULL,NULL,1,0,1,50
201900049763,28,10,2019,18:10:00,5,10,10081,2,1,1,3,"DOUANE (RUE)","48,3218000","4,0374100",201900049763,138 212 534,B01,1,1,0,2,8,1,5,NULL,201900049763,138 212 534,B01,1,1,4,1,1997,0,8,0,-1,-1," -1",-1,201900049763,4,"DOUANE (RUE)",0,NULL,-1,1,0,1,0,0,1,NULL,NULL,1,0,1,50
201900049763,28,10,2019,18:10:00,5,10,10081,2,1,1,3,"DOUANE (RUE)","48,3218000","4,0374100",201900049763,138 212 534,B01,1,1,0,2,8,1,5,NULL,201900049763,138 212 535,A01,1,1,1,2,1963,0,1,8,-1,-1," -1",-1,201900049763,4,"DOUANE (RUE)",0,NULL,-1,1,0,1,0,0,1,NULL,NULL,1,0,1,50
201900050336,24,8,2019,18:42:00,1,25,25111,1,6,7,3,"Rond point D683","47,2715200","6,0847840",201900050336,138 211 484,B01,2,1,0,0,4,2,5,NULL,201900050336,138 211 484,B01,1,1,3,2,1969,5,4,-1,-1,0,0,-1,201900050336,3,683,0,NULL,1,1,0,1,42,36,2,NULL,NULL,1,5,1,-1
201900050336,24,8,2019,18:42:00,1,25,25111,1,6,7,3,"Rond point D683","47,2715200","6,0847840",201900050336,138 211 484,B01,2,1,0,0,4,2,5,NULL,201900050336,138 211 485,A01,1,1,1,2,1997,5,1,-1,-1,0,0,-1,201900050336,3,683,0,NULL,1,1,0,1,42,36,2,NULL,NULL,1,5,1,-1
201900053741,26,10,2019,00:55:00,5,77,77305,2,1,1,1,"SURVILLE (AVENUE DE)","48,3944800","2,9562900",201900053741,138 204 977,A01,3,1,0,2,7,19,5,NULL,201900053741,138 204 976,B01,1,1,1,1,1986,9,1,8,-1,-1,0,-1,201900053741,4,"SURVILLE (AVENUE DE)",0,NULL,2,2,0,1,0,0,1,NULL,NULL,1,0,1,30
201900053741,26,10,2019,00:55:00,5,77,77305,2,1,1,1,"SURVILLE (AVENUE DE)","48,3944800","2,9562900",201900053741,138 204 977,A01,3,1,0,2,7,19,5,NULL,201900053741,138 204 977,A01,1,1,3,1,1978,0,8,0,-1,-1,0,-1,201900053741,4,"SURVILLE (AVENUE DE)",0,NULL,2,2,0,1,0,0,1,NULL,NULL,1,0,1,30
201900053757,20,9,2019,12:15:00,1,19,19031,2,1,1,2,"SALAN (BOULEVARD DU)","45,1598000","1,5353900",201900053757,138 204 938,A01,2,1,0,2,1,2,5,NULL,201900053757,138 204 937,B01,1,1,1,1,1991,1,1,0,-1,-1," -1",-1,201900053757,4,"SALAN (BOULEVARD DU)",0,NULL,1,2,0,2,0,0,1,NULL,NULL,1,0,2,50
201900053757,20,9,2019,12:15:00,1,19,19031,2,1,1,2,"SALAN (BOULEVARD DU)","45,1598000","1,5353900",201900053757,138 204 938,A01,2,1,0,2,1,2,5,NULL,201900053757,138 204 938,A01,1,1,4,1,2005,2,2,8,-1,-1," -1",-1,201900053757,4,"SALAN (BOULEVARD DU)",0,NULL,1,2,0,2,0,0,1,NULL,NULL,1,0,2,50
201900056888,30,11,2019,15:20:00,1,75,75109,2,1,1,6,"RUE DE PROVENCE","48,8742940","2,3332561",201900056888,138 199 178,A01,1,1,0,1,1,1,5,NULL,201900056888,138 199 178,A01,10,3,4,2,1975,9,0,-1,-1,1,3,2,201900056888,4,"RUE DE PROVENCE",0,NULL,1,1,1,1,0,0,1,NULL,NULL,1,0,5,50
201900056888,30,11,2019,15:20:00,1,75,75109,2,1,1,6,"RUE DE PROVENCE","48,8742940","2,3332561",201900056888,138 199 178,A01,1,1,0,1,1,1,5,NULL,201900056888,138 199 178,A01,1,1,4,1,1999,4,8,2,-1,0,0,-1,201900056888,4,"RUE DE PROVENCE",0,NULL,1,1,1,1,0,0,1,NULL,NULL,1,0,5,50
201900010076,18,10,2019,08:25:00,1,75,75119,2,2,2,3,"AVENUE DE FLANDRE","48,8923245","2,3791355",201900010076,138 287 701,B01,1,1,0,2,3,1,5,NULL,201900010076,138 287 700,A01,1,1,4,1,1998,1,2,6,-1,0,0,-1,201900010076,4,"AVENUE DE FLANDRE",0,NULL,1,2,3,1,0,0,1,NULL,NULL,2,5,1,50