Num_Acc,jour,mois,an,hrmn,lum,dep,com,agg,int,atm,col,adr,lat,long,Num_Acc,id_vehicule,num_veh,senc,catv,obs,obsm,choc,manv,motor,occutc,Num_Acc,id_vehicule,num_veh,place,catu,grav,sexe,an_nais,trajet,secu1,secu2,secu3,locp,actp,etatp,Num_Acc,catr,voie,v1,v2,circ,nbv,vosp,prof,pr,pr1,plan,lartpc,larrout,surf,infra,situ,vma
201900010076,18,10,2019,08:25:00,1,75,75119,2,2,2,3,"AVENUE DE FLANDRE","48,8923245","2,3791355",201900010076,138 287 701,B01,1,1,0,2,3,1,5,NULL,201900010076,138 287 701,B01,1,1,4,1,1982,1,8,0,-1,0,0,-1,201900010076,4,"AVENUE DE FLANDRE",0,NULL,1,2,3,1,0,0,1,NULL,NULL,2,5,1,50
201900011110,22,11,2019,19:00:00,3,60,60348,1,1,8,2,"Route de Montdidier","49,5743043","2,9661612",201900011110,138 285 859,B01,0,1,0,2,4,2,5,NULL,201900011110,138 285 858,A01,1,1,1,1,1966,1,8,-1,-1,0,0,-1,201900011110,3,938,NULL,NULL,2,2,0,2,75,674,1,NULL,NULL,1,0,1,80
201900011110,22,11,2019,19:00:00,3,60,60348,1,1,8,2,"Route de Montdidier","49,5743043","2,9661612",201900011110,138 285 859,B01,0,1,0,2,4,2,5,NULL,201900011110,138 285 859,B01,1,1,2,1,1942,5,4,9,-1,0,0,-1,201900011110,3,938,NULL,NULL,2,2,0,2,75,674,1,NULL,NULL,1,0,1,80
201900013051,17,12,2019,16:40:00,1,35,35206,1,6,1,3,"rue lavoisier","48,0398760"," -1,6837130",201900013051,138 282 182,B01,1,1,0,2,7,1,5,NULL,201900013051,138 282 181,A01,1,1,1,1,1955,3,1,-1,-1,0,0,-1,201900013051,3,34,NULL,NULL,2,2,0,2,18,950,3,NULL,NULL,2,5,1,80
201900013051,17,12,2019,16:40:00,1,35,35206,1,6,1,3,"rue lavoisier","48,0398760"," -1,6837130",201900013051,138 282 182,B01,1,1,0,2,7,1,5,NULL,201900013051,138 282 182,B01,1,1,3,1,1944,5,2,4,-1,0,0,-1,201900013051,3,34,NULL,NULL,2,2,0,2,18,950,3,NULL,NULL,2,5,1,80
201900013341,13,9,2019,16:00:00,1,75,75115,2,1,1,6,"BOULEVARD VICTOR","48,8357470","2,2798870",201900013341,138 281 628,A01,1,1,12,0,8,14,5,NULL,201900013341,138 281 628,A01,1,1,4,2,1991,5,8,2,-1,0,0,-1,201900013341,4,"BOULEVARD VICTOR",0,NULL,1,3,1,1,3,0,1,NULL,NULL,1,8,5,50
201900017380,16,10,2019,14:10:00,1,69,69244,2,1,1,3,"122 Rue Joliot Curie","45,7546000","4,7811000",201900017380,138 273 915,A01,3,1,0,2,8,1,5,NULL,201900017380,138 273 914,B01,1,1,1,1,1962,4,8,-1,-1,0,0,-1,201900017380,9,NULL,NULL,NULL,4,3,3,2,(1),(1),1,NULL,NULL,1,9,6,50
201900017380,16,10,2019,14:10:00,1,69,69244,2,1,1,3,"122 Rue Joliot Curie","45,7546000","4,7811000",201900017380,138 273 915,A01,3,1,0,2,8,1,5,NULL,201900017380,138 273 915,A01,1,1,3,1,1946,5,2,-1,-1,0,0,-1,201900017380,9,NULL,NULL,NULL,4,3,3,2,(1),(1),1,NULL,NULL,1,9,6,50
201900018284,18,11,2019,13:30:00,1,1,01053,2,2,1,2,"MONTHOLON (RUE) IMPAIR","46,1967802","5,2104407",201900018284,138 272 226,B01,0,1,0,2,8,2,6,NULL,201900018284,138 272 225,A01,1,1,1,2,2001,0,1,0,-1,-1," -1",-1,201900018284,4,"MONTHOLON (RUE) IMPAIR",0,NULL,1,2,0,1,0,0,1,NULL,NULL,1,0,1,50
201900018284,18,11,2019,13:30:00,1,1,01053,2,2,1,2,"MONTHOLON (RUE) IMPAIR","46,1967802","5,2104407",201900018284,138 272 226,B01,0,1,0,2,8,2,6,NULL,201900018284,138 272 226,B01,1,1,4,1,2007,2,8,0,-1,-1," -1",-1,201900018284,4,"MONTHOLON (RUE) IMPAIR",0,NULL,1,2,0,1,0,0,1,NULL,NULL,1,0,1,50
201900018988,11,9,2019,19:50:00,5,75,75117,2,2,1,3,"AVENUE DE LA GRANDE ARMEE","48,8746070","2,2931130",201900018988,138 270 957,B01,1,1,0,2,1,5,5,NULL,201900018988,138 270 957,B01,1,1,4,2,1986,5,2,0,-1,0,0,-1,201900018988,4,"AVENUE DE LA GRANDE ARMEE",0,NULL,2,8,0,2,0,0,1,NULL,NULL,1,5,1,50
201900018988,11,9,2019,19:50:00,5,75,75117,2,2,1,3,"AVENUE DE LA GRANDE ARMEE","48,8746070","2,2931130",201900018988,138 270 957,B01,1,1,0,2,1,5,5,NULL,201900018988,138 270 958,A01,2,1,4,1,1984,0,2,6,-1,0,0,-1,201900018988,4,"AVENUE DE LA GRANDE ARMEE",0,NULL,2,8,0,2,0,0,1,NULL,NULL,1,5,1,50
201900019659,1,7,2019,17:10:00,1,22,22277,1,1,7,2,"Le Quartier d'en Bas","48,4013210"," -2,8923080",201900019659,138 269 681,B01,2,1,0,2,4,2,5,NULL,201900019659,138 269 680,A01,1,1,1,1,1983,1,1,-1,-1,0,0,-1,201900019659,3,790,0,NULL,2,2,0,2,18,350,1,NULL,NULL,1,0,1,80
201900019659,1,7,2019,17:10:00,1,22,22277,1,1,7,2,"Le Quartier d'en Bas","48,4013210"," -2,8923080",201900019659,138 269 681,B01,2,1,0,2,4,2,5,NULL,201900019659,138 269 681,B01,1,1,4,1,2002,1,0,-1,-1,0,0,-1,201900019659,3,790,0,NULL,2,2,0,2,18,350,1,NULL,NULL,1,0,1,80
201900019948,29,5,2019,16:35:00,1,95,95063,2,1,1,3,"RUE ROUGET DE LISLE","48,9343505","2,2096778",201900019948,138 269 125,B01,3,1,0,2,1,1,0,NULL,201900019948,138 269 125,B01,1,1,4,1,2004,2,8,0,-1,-1,0,-1,201900019948,4,"RUE ROUGET DE LISLE",0,NULL,2,2,0,1,0,0,1,NULL,NULL,1,0,1,50
201900019948,29,5,2019,16:35:00,1,95,95063,2,1,1,3,"RUE ROUGET DE LISLE","48,9343505","2,2096778",201900019948,138 269 125,B01,3,1,0,2,1,1,0,NULL,201900019948,138 269 126,A01,1,1,1,1,1971,1,1,0,-1,-1,0,-1,201900019948,4,"RUE ROUGET DE LISLE",0,NULL,2,2,0,1,0,0,1,NULL,NULL,1,0,1,50
201900021266,16,4,2019,17:55:00,1,17,17300,2,2,7,3,"LECLERC   AVENUE DU GENERAL","46,1626800"," -1,1607600",201900021266,138 266 622,B01,2,1,0,2,1,1,5,NULL,201900021266,138 266 622,B01,1,1,4,2,1959,0,8,0,-1,-1," -1",-1,201900021266,4,"LECLERC   AVENUE DU GENERAL",0,NULL,2,4,2,1,0,0,1,NULL,NULL,1,0,1,50
201900021266,16,4,2019,17:55:00,1,17,17300,2,2,7,3,"LECLERC   AVENUE DU GENERAL","46,1626800"," -1,1607600",201900021266,138 266 622,B01,2,1,0,2,1,1,5,NULL,201900021266,138 266 623,A01,1,1,1,1,1932,5,8,0,-1,-1," -1",-1,201900021266,4,"LECLERC   AVENUE DU GENERAL",0,NULL,2,4,2,1,0,0,1,NULL,NULL,1,0,1,50
201900024752,13,4,2019,23:00:00,5,74,74093,2,3,1,6,"REPUBLIQUE (AVENUE DE LA)","45,9088000","6,0977000",201900024752,138 259 770,A01,0,1,0,2,1,15,5,NULL,201900024752,138 259 770,A01,2,2,3,1,2004,5,8,0,-1,0,0,-1,201900024752,4,"REPUBLIQUE (AVENUE DE LA)",0,NULL,2,2,0,4,0,0,1,NULL,NULL,1,0,1,50
201900024752,13,4,2019,23:00:00,5,74,74093,2,3,1,6,"REPUBLIQUE (AVENUE DE LA)","45,9088000","6,0977000",201900024752,138 259 770,A01,0,1,0,2,1,15,5,NULL,201900024752,138 259 770,A01,1,1,4,1,2002,5,8,0,-1,0,0,-1,201900024752,4,"REPUBLIQUE (AVENUE DE LA)",0,NULL,2,2,0,4,0,0,1,NULL,NULL,1,0,1,50
201900024752,13,4,2019,23:00:00,5,74,74093,2,3,1,6,"REPUBLIQUE (AVENUE DE LA)","45,9088000","6,0977000",201900024752,138 259 770,A01,0,1,0,2,1,15,5,NULL,201900024752,138 259 771,C01,1,1,1,1,1993,5,1,0,-1,0,0,-1,201900024752,4,"REPUBLIQUE (AVENUE DE LA)",0,NULL,2,2,0,4,0,0,1,NULL,NULL,1,0,1,50
201900024752,13,4,2019,23:00:00,5,74,74093,2,3,1,6,"REPUBLIQUE (AVENUE DE LA)","45,9088000","6,0977000",201900024752,138 259 770,A01,0,1,0,2,1,15,5,NULL,201900024752,138 259 772,B01,1,1,1,1,1996,5,1,8,-1,0,0,-1,201900024752,4,"REPUBLIQUE (AVENUE DE LA)",0,NULL,2,2,0,4,0,0,1,NULL,NULL,1,0,1,50
201900026328,5,9,2019,19:30:00,1,26,26198,2,1,1,1,"TEIL (Route du)","44,5570800","4,7276500",201900026328,138 256 745,B01,2,1,0,2,1,1,5,NULL,201900026328,138 256 745,B01,1,1,3,1,1965,5,2,8,-1,-1,0,-1,201900026328,2,102,0,NULL,2,2,1,1,0,724,1,NULL,NULL,1,0,1,50
201900026328,5,9,2019,19:30:00,1,26,26198,2,1,1,1,"TEIL (Route du)","44,5570800","4,7276500",201900026328,138 256 745,B01,2,1,0,2,1,1,5,NULL,201900026328,138 256 746,A01,1,1,1,1,1993,5,1,8,-1,-1,0,-1,201900026328,2,102,0,NULL,2,2,1,1,0,724,1,NULL,NULL,1,0,1,50
201900029470,19,12,2019,17:25:00,5,91,91377,2,9,1,3,"DIX-NEUF MARS 1962 (ROND POINT DU)","48,7375770","2,2725860",201900029470,138 250 873,B01,1,1,0,2,8,9,0,NULL,201900029470,138 250 873,B01,1,1,4,1,1975,0,8,8,-1,-1," -1",-1,201900029470,7,"DIX-NEUF MARS 1962 (ROND POINT DU)",0,NULL,-1,1,0,1,1,0,1,NULL,NULL,1,9,1,30
201900029470,19,12,2019,17:25:00,5,91,91377,2,9,1,3,"DIX-NEUF MARS 1962 (ROND POINT DU)","48,7375770","2,2725860",201900029470,138 250 873,B01,1,1,0,2,8,9,0,NULL,201900029470,138 250 874,A01,1,1,1,1,2000,0,1,0,-1,-1," -1",-1,201900029470,7,"DIX-NEUF MARS 1962 (ROND POINT DU)",0,NULL,-1,1,0,1,1,0,1,NULL,NULL,1,9,1,30
201900031850,24,6,2019,18:00:00,1,83,83072,2,6,1,3,"Rond-Point de la Liberation","43,4931970","6,3611460",201900031850,138 246 494,A01,1,1,0,0,6,1,5,NULL,201900031850,138 246 493,B01,1,1,1,1,1972,4,1,-1,-1,0,0,-1,201900031850,3,562,NULL,NULL,-1,2,0,1,(1),(1),1,NULL,NULL,1,5,1,50
201900031850,24,6,2019,18:00:00,1,83,83072,2,6,1,3,"Rond-Point de la Liberation","43,4931970","6,3611460",201900031850,138 246 494,A01,1,1,0,0,6,1,5,NULL,201900031850,138 246 494,A01,1,1,4,1,1963,5,0,-1,-1,0,0,-1,201900031850,3,562,NULL,NULL,-1,2,0,1,(1),(1),1,NULL,NULL,1,5,1,50
201900031976,25,6,2019,10:50:00,1,42,42041,1,1,1,2,"D 107","45,6966850","4,1754930",201900031976,138 246 249,B01,3,1,1,0,1,2,5,NULL,201900031976,138 246 247,A01,1,1,1,2,1954,0,0,-1,-1,0,0,-1,201900031976,3,107,NULL,D,2,2,0,1,(1),(1),1,NULL,NULL,1,0,1,80
201900031976,25,6,2019,10:50:00,1,42,42041,1,1,1,2,"D 107","45,6966850","4,1754930",201900031976,138 246 249,B01,3,1,1,0,1,2,5,NULL,201900031976,138 246 249,B01,1,1,4,1,1954,5,2,6,-1,0,0,-1,201900031976,3,107,NULL,D,2,2,0,1,(1),(1),1,NULL,NULL,1,0,1,80
201900032169,9,3,2019,12:25:00,1,973,97309,2,3,1,3,"route d'Attila Cabassou","4,8856356"," -52,2965774",201900032169,138 245 867,A01,1,1,0,2,8,19,5,NULL,201900032169,138 245 865,B01,1,1,1,2,1989,5,1,-1,-1,0,0,-1,201900032169,3,2,NULL,NULL,2,2,0,1,6,0,1,NULL,NULL,1,0,1,50
201900032169,9,3,2019,12:25:00,1,973,97309,2,3,1,3,"route d'Attila Cabassou","4,8856356"," -52,2965774",201900032169,138 245 867,A01,1,1,0,2,8,19,5,NULL,201900032169,138 245 867,A01,1,1,3,1,2003,5,0,-1,-1,0,0,-1,201900032169,3,2,NULL,NULL,2,2,0,1,6,0,1,NULL,NULL,1,0,1,50
201900032221,7,3,2019,08:00:00,1,13,13015,2,3,1,1,"ROUTE DE CALAS","43,4543150","5,3953950",201900032221,138 245 768,B01,1,1,0,2,1,1,5,NULL,201900032221,138 245 766,A01,1,1,1,2,1965,1,1,-1,-1,0,0,-1,201900032221,3,60,NULL,NULL,2,2,0,2,5,0,1,NULL,NULL,1,0,1,50
201900032221,7,3,2019,08:00:00,1,13,13015,2,3,1,1,"ROUTE DE CALAS","43,4543150","5,3953950",201900032221,138 245 768,B01,1,1,0,2,1,1,5,NULL,201900032221,138 245 768,B01,1,1,4,1,1959,1,0,-1,-1,0,0,-1,201900032221,3,60,NULL,NULL,2,2,0,2,5,0,1,NULL,NULL,1,0,1,50
201900032786,29,4,2019,09:30:00,1,17,17300,2,2,1,3,"YSER   RUE DE L'","46,1694310"," -1,1480540",201900032786,138 244 625,B01,2,1,0,2,1,1,5,NULL,201900032786,138 244 624,A01,1,1,1,1,1979,5,1,0,-1,-1," -1",-1,201900032786,4,"YSER   RUE DE L'",0,NULL,2,2,0,2,0,0,1,NULL,NULL,1,0,1,50
201900032786,29,4,2019,09:30:00,1,17,17300,2,2,1,3,"YSER   RUE DE L'","46,1694310"," -1,1480540",201900032786,138 244 625,B01,2,1,0,2,1,1,5,NULL,201900032786,138 244 625,B01,2,1,4,2,1980,5,8,0,-1,-1," -1",-1,201900032786,4,"YSER   RUE DE L'",0,NULL,2,2,0,2,0,0,1,NULL,NULL,1,0,1,50
201900033590,21,1,2019,21:30:00,5,68,68149,2,3,1,3,"ABBATUCCI ( RUE ET PLACE )","47,5936800","7,5811100",201900033590,138 243 079,B01,2,1,0,2,1,1,0,NULL,201900033590,138 243 078,A01,1,1,1,1,1981,5,1,0,-1,-1," -1",-1,201900033590,3,419,0,NULL,2,2,0,1,0,1356,1,NULL,NULL,1,5,1,50
201900033590,21,1,2019,21:30:00,5,68,68149,2,3,1,3,"ABBATUCCI ( RUE ET PLACE )","47,5936800","7,5811100",201900033590,138 243 079,B01,2,1,0,2,1,1,0,NULL,201900033590,138 243 079,B01,1,1,3,1,1977,5,8,0,-1,-1," -1",-1,201900033590,3,419,0,NULL,2,2,0,1,0,1356,1,NULL,NULL,1,5,1,50
201900033925,4,3,2019,13:36:00,1,34,34172,2,2,1,3,"MAURIN (AVENUE DE","43,5997000","3,8757100",201900033925,138 242 449,B01,2,1,0,2,1,1,5,NULL,201900033925,138 242 448,A01,1,1,1,1,1991,5,1,8,-1,-1,0,-1,201900033925,4,"MAURIN (AVENUE DE",0,NULL,-1,2,0,1,0,0,1,NULL,NULL,1,0,1,50
201900033925,4,3,2019,13:36:00,1,34,34172,2,2,1,3,"MAURIN (AVENUE DE","43,5997000","3,8757100",201900033925,138 242 449,B01,2,1,0,2,1,1,5,NULL,201900033925,138 242 449,B01,1,1,4,1,1981,1,2,0,-1,-1,0,-1,201900033925,4,"MAURIN (AVENUE DE",0,NULL,-1,2,0,1,0,0,1,NULL,NULL,1,0,1,50
201900035318,2,10,2019,12:35:00,1,75,75114,2,2,1,3,"RUE D ALESIA","48,8293008","2,3226650",201900035318,138 239 731,B01,1,1,0,2,1,1,5,NULL,201900035318,138 239 731,B01,1,1,4,2,1989,5,2,8,-1,0,0,-1,201900035318,4,"RUE D ALESIA",0,NULL,1,3,3,1,0,0,1,NULL,NULL,1,-1,6,50
201900035318,2,10,2019,12:35:00,1,75,75114,2,2,1,3,"RUE D ALESIA","48,8293008","2,3226650",201900035318,138 239 731,B01,1,1,0,2,1,1,5,NULL,201900035318,138 239 732,A01,1,1,1,1,1981,1,1,0,-1,0,0,-1,201900035318,4,"RUE D ALESIA",0,NULL,1,3,3,1,0,0,1,NULL,NULL,1,-1,6,50
201900035791,23,2,2019,23:50:00,5,67,67482,2,1,1,6,"ROUGET DE L ISLE (QUAI)","48,5895380","7,7642620",201900035791,138 238 805,B01,1,1,0,0,0,0,5,NULL,201900035791,138 238 805,B01,1,1,4,2,1971,5,8,8,-1,-1,0,-1,201900035791,4,"ROUGET DE L ISLE (QUAI)",0,NULL,1,1,0,1,0,0,1,NULL,NULL,1,0,2,50
201900035791,23,2,2019,23:50:00,5,67,67482,2,1,1,6,"ROUGET DE L ISLE (QUAI)","48,5895380","7,7642620",201900035791,138 238 805,B01,1,1,0,0,0,0,5,NULL,201900035791,138 238 806,A01,1,1,1,1,1960,4,1,8,-1,-1,0,-1,201900035791,4,"ROUGET DE L ISLE (QUAI)",0,NULL,1,1,0,1,0,0,1,NULL,NULL,1,0,2,50
201900038896,1,10,2019,16:40:00,1,37,37261,2,1,1,6,"MONNET (BOULEVARD)","47,3757300","0,6713900",201900038896,138 232 968,B01,3,1,0,2,1,21,5,NULL,201900038896,138 232 967,A01,1,1,4,2,2000,0,2,0,-1,-1," -1",-1,201900038896,4,"MONNET (BOULEVARD)",0,NULL,2,2,1,2,0,1,3,NULL,NULL,1,0,1,50
201900038896,1,10,2019,16:40:00,1,37,37261,2,1,1,6,"MONNET (BOULEVARD)","47,3757300","0,6713900",201900038896,138 232 967,A01,3,1,0,2,1,21,5,NULL,201900038896,138 232 967,A01,1,1,4,2,2000,0,2,0,-1,-1," -1",-1,201900038896,4,"MONNET (BOULEVARD)",0,NULL,2,2,1,2,0,1,3,NULL,NULL,1,0,1,50
201900038896,1,10,2019,16:40:00,1,37,37261,2,1,1,6,"MONNET (BOULEVARD)","47,3757300","0,6713900",201900038896,138 232 968,B01,3,1,0,2,1,21,5,NULL,201900038896,138 232 968,B01,1,1,1,1,1999,0,8,0,-1,-1," -1",-1,201900038896,4,"MONNET (BOULEVARD)",0,NULL,2,2,1,2,0,1,3,NULL,NULL,1,0,1,50
201900038896,1,10,2019,16:40:00,1,37,37261,2,1,1,6,"MONNET (BOULEVARD)","47,3757300","0,6713900",201900038896,138 232 967,A01,3,1,0,2,1,21,5,NULL,201900038896,138 232 968,B01,1,1,1,1,1999,0,8,0,-1,-1," -1",-1,201900038896,4,"MONNET (BOULEVARD)",0,NULL,2,2,1,2,0,1,3,NULL,NULL,1,0,1,50
201900040187,3,5,2019,10:30:00,1,75,75101,2,3,1,3,"RUE DE RIVOLI","48,8594950","2,3451880",201900040187,138 230 563,B01,1,1,0,2,1,1,5,NULL,201900040187,138 230 563,B01,1,1,4,1,1987,0,2,0,-1,0,0,-1,201900040187,4,"RUE DE RIVOLI",0,NULL,1,0,1,1,0,0,1,NULL,NULL,1,0,5,50
201900040187,3,5,2019,10:30:00,1,75,75101,2,3,1,3,"RUE DE RIVOLI","48,8594950","2,3451880",201900040187,138 230 563,B01,1,1,0,2,1,1,5,NULL,201900040187,138 230 564,A01,2,2,1,2,1999,0,1,0,-1,0,0,-1,201900040187,4,"RUE DE RIVOLI",0,NULL,1,0,1,1,0,0,1,NULL,NULL,1,0,5,50
201900040187,3,5,2019,10:30:00,1,75,75101,2,3,1,3,"RUE DE RIVOLI","48,8594950","2,3451880",201900040187,138 230 563,B01,1,1,0,2,1,1,5,NULL,201900040187,138 230 564,A01,1,1,1,1,1990,0,1,0,-1,0,0,-1,201900040187,4,"RUE DE RIVOLI",0,NULL,1,0,1,1,0,0,1,NULL,NULL,1,0,5,50
201900042137,30,5,2019,19:00:00,1,13,13206,2,1,1,6,"BAILLE (BOULEVARD)","43,2864300","5,3858900",201900042137,138 226 930,A01,1,1,0,1,1,26,5,NULL,201900042137,138 226 930,A01,10,3,3,1,1951,0,8,0,-1,4,3,1,201900042137,4,"BAILLE (BOULEVARD)",0,NULL,1,1,0,4,0,0,1,NULL,NULL,1,0,1,50
201900042137,30,5,2019,19:00:00,1,13,13206,2,1,1,6,"BAILLE (BOULEVARD)","43,2864300","5,3858900",201900042137,138 226 930,A01,1,1,0,1,1,26,5,NULL,201900042137,138 226 930,A01,1,1,1,1,1958,0,8,8,-1,0,0,-1,201900042137,4,"BAILLE (BOULEVARD)",0,NULL,1,1,0,4,0,0,1,NULL,NULL,1,0,1,50
201900042413,2,3,2019,12:20:00,1,68,68222,1,1,1,3,"Départementale 473","47,5278970","7,4135820",201900042413,138 226 383,A01,1,1,0,2,8,13,5,NULL,201900042413,138 226 382,B01,1,1,4,1,1976,5,2,-1,-1,0,0,-1,201900042413,3,473,NULL,NULL,2,2,0,2,23,100,2,NULL,NULL,1,0,1,80
201900042413,2,3,2019,12:20:00,1,68,68222,1,1,1,3,"Départementale 473","47,5278970","7,4135820",201900042413,138 226 382,B01,1,1,0,0,7,1,5,NULL,201900042413,138 226 382,B01,1,1,4,1,1976,5,2,-1,-1,0,0,-1,201900042413,3,473,NULL,NULL,2,2,0,2,23,100,2,NULL,NULL,1,0,1,80
201900042413,2,3,2019,12:20:00,1,68,68222,1,1,1,3,"Départementale 473","47,5278970","7,4135820",201900042413,138 226 383,A01,1,1,0,2,8,13,5,NULL,201900042413,138 226 383,A01,1,1,3,1,1968,5,2,-1,-1,0,0,-1,201900042413,3,473,NULL,NULL,2,2,0,2,23,100,2,NULL,NULL,1,0,1,80
201900042413,2,3,2019,12:20:00,1,68,68222,1,1,1,3,"Départementale 473","47,5278970","7,4135820",201900042413,138 226 382,B01,1,1,0,0,7,1,5,NULL,201900042413,138 226 383,A01,1,1,3,1,1968,5,2,-1,-1,0,0,-1,201900042413,3,473,NULL,NULL,2,2,0,2,23,100,2,NULL,NULL,1,0,1,80
201900044865,31,8,2019,10:40:00,1,68,68344,1,1,1,1,"route nationale 66","47,8819770","6,9216720",201900044865,138 221 755,B01,1,1,0,0,3,1,5,NULL,201900044865,138 221 755,B01,1,1,4,1,1961,5,2,-1,-1,0,0,-1,201900044865,2,66,NULL,NULL,2,2,0,2,3,500,3,NULL,NULL,1,0,1,70
201900044865,31,8,2019,10:40:00,1,68,68344,1,1,1,1,"route nationale 66","47,8819770","6,9216720",201900044865,138 221 755,B01,1,1,0,0,3,1,5,NULL,201900044865,138 221 756,A01,1,1,1,1,1967,5,2,6,9,0,0,-1,201900044865,2,66,NULL,NULL,2,2,0,2,3,500,3,NULL,NULL,1,0,1,70
201900047159,9,12,2019,15:30:00,1,34,34145,2,9,1,3,"Avenue Gaston Baissette","43,6729690","4,1247810",201900047159,138 217 360,B01,0,1,0,2,8,19,5,NULL,201900047159,138 217 360,B01,1,1,4,1,2008,2,0,-1,-1,0,0,-1,201900047159,9,NULL,NULL,NULL,3,1,0,1,(1),(1),2,NULL,NULL,1,6,1,-1
201900047159,9,12,2019,15:30:00,1,34,34145,2,9,1,3,"Avenue Gaston Baissette","43,6729690","4,1247810",201900047159,138 217 360,B01,0,1,0,2,8,19,5,NULL,201900047159,138 217 361,A01,1,1,1,2,1965,5,1,-1,-1,0,0,-1,201900047159,9,NULL,NULL,NULL,3,1,0,1,(1),(1),2,NULL,NULL,1,6,1,-1
201900048278,25,9,2019,15:20:00,1,13,13047,1,1,1,2,D.5,"43,5680500","4,9574300",201900048278,138 215 295,B01,3,1,1,0,1,2,5,NULL,201900048278,138 215 295,B01,1,1,3,1,1951,0,2,0,-1,-1," -1",-1,201900048278,3,5,0,NULL,3,0,0,1,0,0,1,NULL,NULL,1,9,1,80
201900048278,25,9,2019,15:20:00,1,13,13047,1,1,1,2,D.5,"43,5680500","4,9574300",201900048278,138 215 295,B01,3,1,1,0,1,2,5,NULL,201900048278,138 215 296,A01,1,1,1,1,1957,9,5,0,-1,-1,0,-1,201900048278,3,5,0,NULL,3,0,0,1,0,0,1,NULL,NULL,1,9,1,80
201900048947,26,5,2019,10:00:00,1,57,57260,1,1,1,6,"rue de l'écluse","49,1828620","7,0334780",201900048947,138 214 054,A01,0,1,0,1,1,2,5,NULL,201900048947,138 214 054,A01,1,1,4,1,1959,5,2,6,-1,0,0,-1,201900048947,9,NULL,NULL,NULL,2,2,1,1,(1),(1),1,NULL,NULL,1,0,5,-1
201900048947,26,5,2019,10:00:00,1,57,57260,1,1,1,6,"rue de l'écluse","49,1828620","7,0334780",201900048947,138 214 054,A01,0,1,0,1,1,2,5,NULL,201900048947,138 214 054,A01,10,3,1,1,1968,5,0,-1,-1,0,0,1,201900048947,9,NULL,NULL,NULL,2,2,1,1,(1),(1),1,NULL,NULL,1,0,5,-1
201900051080,2,12,2019,08:30:00,1,76,76165,2,3,1,6,"MAZAGRAN. RUE","49,2839027","1,0123730",201900051080,138 210 132,B01,3,1,0,2,2,1,5,NULL,201900051080,138 210 131,A01,1,1,1,1,1997,1,1,8,-1,0,0,-1,201900051080,4,"MAZAGRAN. RUE",0,NULL,2,1,0,1,1,0,1,NULL,NULL,1,0,1,50
201900051080,2,12,2019,08:30:00,1,76,76165,2,3,1,6,"MAZAGRAN. RUE","49,2839027","1,0123730",201900051080,138 210 132,B01,3,1,0,2,2,1,5,NULL,201900051080,138 210 132,B01,1,1,4,1,1991,1,8,0,-1,0,0,-1,201900051080,4,"MAZAGRAN. RUE",0,NULL,2,1,0,1,1,0,1,NULL,NULL,1,0,1,50
201900051605,28,10,2019,13:40:00,1,94,94073,2,1,1,2,"RENE PANHARD (AV)","48,7638000","2,3939300",201900051605,138 209 093,A01,2,1,0,2,1,2,5,NULL,201900051605,138 209 093,A01,1,1,4,1,1974,0,2,0,-1,-1," -1",-1,201900051605,3,160,0,NULL,2,2,0,2,0,0,2,NULL,NULL,1,0,1,50
201900051605,28,10,2019,13:40:00,1,94,94073,2,1,1,2,"RENE PANHARD (AV)","48,7638000","2,3939300",201900051605,138 209 093,A01,2,1,0,2,1,2,5,NULL,201900051605,138 209 094,B01,1,1,1,1,1962,0,1,0,-1,-1," -1",-1,201900051605,3,160,0,NULL,2,2,0,2,0,0,2,NULL,NULL,1,0,1,50
201900053572,25,9,2019,10:00:00,1,79,79049,1,1,2,2,"D748 - Lieu-dit Villiers","46,8860990"," -0,4769620",201900053572,138 205 314,B01,1,1,13,2,4,2,5,NULL,201900053572,138 205 313,A01,1,1,1,1,1996,4,1,-1,-1,0,0,-1,201900053572,3,748,NULL,NULL,2,2,0,1,24,758,1,NULL,54,2,0,1,80
201900053572,25,9,2019,10:00:00,1,79,79049,1,1,2,2,"D748 - Lieu-dit Villiers","46,8860990"," -0,4769620",201900053572,138 205 314,B01,1,1,13,2,4,2,5,NULL,201900053572,138 205 314,B01,1,1,3,1,1943,5,9,-1,-1,0,0,-1,201900053572,3,748,NULL,NULL,2,2,0,1,24,758,1,NULL,54,2,0,1,80
201900054080,14,7,2019,09:20:00,3,9,09181,1,1,1,1,"route de la grotte D119","43,0680490","1,3543330",201900054080,138 204 328,B01,2,1,0,2,1,1,5,NULL,201900054080,138 204 327,A01,1,1,1,1,1965,0,8,-1,-1,0,0,-1,201900054080,3,119,0,NULL,2,2,0,2,100,(1),3,NULL,NULL,2,1,1,80
201900054080,14,7,2019,09:20:00,3,9,09181,1,1,1,1,"route de la grotte D119","43,0680490","1,3543330",201900054080,138 204 328,B01,2,1,0,2,1,1,5,NULL,201900054080,138 204 328,B01,1,1,3,1,1991,5,2,6,-1,0,0,-1,201900054080,3,119,0,NULL,2,2,0,2,100,(1),3,NULL,NULL,2,1,1,80