Num_Acc,jour,mois,an,hrmn,lum,dep,com,agg,int,atm,col,adr,lat,long,Num_Acc,id_vehicule,num_veh,senc,catv,obs,obsm,choc,manv,motor,occutc,Num_Acc,id_vehicule,num_veh,place,catu,grav,sexe,an_nais,trajet,secu1,secu2,secu3,locp,actp,etatp,Num_Acc,catr,voie,v1,v2,circ,nbv,vosp,prof,pr,pr1,plan,lartpc,larrout,surf,infra,situ,vma
201900057268,25,10,2019,21:10:00,5,75,75112,2,2,1,3,"RUE DE REUILLY","48,8444986","2,3899318",201900057268,138 198 486,B01,1,1,0,2,4,15,5,NULL,201900057268,138 198 486,B01,1,1,1,1,1994,4,8,2,-1,0,0,-1,201900057268,4,"RUE DE REUILLY",0,NULL,2,2,0,1,0,0,1,NULL,NULL,1,0,1,50
201900057268,25,10,2019,21:10:00,5,75,75112,2,2,1,3,"RUE DE REUILLY","48,8444986","2,3899318",201900057268,138 198 486,B01,1,1,0,2,4,15,5,NULL,201900057268,138 198 490,A01,1,1,4,1,1959,1,2,6,-1,0,0,-1,201900057268,4,"RUE DE REUILLY",0,NULL,2,2,0,1,0,0,1,NULL,NULL,1,0,1,50
201900058547,18,6,2019,07:20:00,1,94,94041,2,4,1,3,"JEAN COMPAGNON (QU)","48,8200400","2,3962300",201900058547,138 196 158,B01,2,1,0,2,2,19,5,NULL,201900058547,138 196 157,A01,1,1,1,1,1973,1,1,8,-1,-1," -1",-1,201900058547,4,"JEAN COMPAGNON (QU)",0,NULL,2,4,0,3,0,0,1,NULL,NULL,1,0,1,50
201900058547,18,6,2019,07:20:00,1,94,94041,2,4,1,3,"JEAN COMPAGNON (QU)","48,8200400","2,3962300",201900058547,138 196 158,B01,2,1,0,2,2,19,5,NULL,201900058547,138 196 158,B01,1,1,4,1,1975,0,2,0,-1,-1," -1",-1,201900058547,4,"JEAN COMPAGNON (QU)",0,NULL,2,4,0,3,0,0,1,NULL,NULL,1,0,1,50
201900058603,19,6,2019,07:40:00,1,94,94004,2,1,1,3,"PARIS (R DE)","48,7532300","2,5075800",201900058603,138 196 054,B01,2,1,0,2,1,1,0,NULL,201900058603,138 196 053,A01,1,1,1,1,1975,1,1,8,-1,-1," -1",-1,201900058603,4,"PARIS (R DE)",0,NULL,2,2,0,2,0,0,1,NULL,NULL,1,0,1,50
201900058603,19,6,2019,07:40:00,1,94,94004,2,1,1,3,"PARIS (R DE)","48,7532300","2,5075800",201900058603,138 196 054,B01,2,1,0,2,1,1,0,NULL,201900058603,138 196 054,B01,1,1,4,1,1997,0,2,0,-1,-1," -1",-1,201900058603,4,"PARIS (R DE)",0,NULL,2,2,0,2,0,0,1,NULL,NULL,1,0,1,50
201900010900,5,7,2019,10:35:00,1,94,94034,2,3,1,3,"PAUL VAILLANT COUTURIER (AV)","48,7610200","2,3169700",201900010900,138 286 230,A01,3,1,0,2,1,1,5,NULL,201900010900,138 286 230,A01,1,1,4,1,2004,5,8,0,-1,-1," -1",-1,201900010900,4,"PAUL VAILLANT COUTURIER (AV)",0,NULL,3,6,1,1,0,0,1,NULL,NULL,1,0,1,50
201900010900,5,7,2019,10:35:00,1,94,94034,2,3,1,3,"PAUL VAILLANT COUTURIER (AV)","48,7610200","2,3169700",201900010900,138 286 230,A01,3,1,0,2,1,1,5,NULL,201900010900,138 286 231,B01,1,1,1,1,1963,5,1,8,-1,-1," -1",-1,201900010900,4,"PAUL VAILLANT COUTURIER (AV)",0,NULL,3,6,1,1,0,0,1,NULL,NULL,1,0,1,50
201900012288,11,8,2019,11:00:00,1,6,06150,2,1,1,3,"9 Route de Menton","43,7469790","7,4014240",201900012288,138 283 615,B01,1,1,0,2,1,17,5,NULL,201900012288,138 283 615,B01,1,1,4,1,1952,5,2,-1,-1,0,0,-1,201900012288,3,2564,0,NULL,2,2,0,2,17,0,1,NULL,NULL,1,0,1,30
201900012288,11,8,2019,11:00:00,1,6,06150,2,1,1,3,"9 Route de Menton","43,7469790","7,4014240",201900012288,138 283 615,B01,1,1,0,2,1,17,5,NULL,201900012288,138 283 616,A01,1,1,1,2,1984,5,1,-1,-1,0,0,-1,201900012288,3,2564,0,NULL,2,2,0,2,17,0,1,NULL,NULL,1,0,1,30
201900013333,13,9,2019,08:30:00,1,75,75120,2,4,1,3,"RUE DES FOUGERES","48,8712234","2,4106896",201900013333,138 281 642,B01,1,1,0,2,6,19,5,NULL,201900013333,138 281 641,A01,1,1,1,1,1997,0,1,0,-1,0,0,-1,201900013333,4,"RUE DES FOUGERES",0,NULL,2,4,0,1,0,0,1,NULL,NULL,1,9,1,50
201900013333,13,9,2019,08:30:00,1,75,75120,2,4,1,3,"RUE DES FOUGERES","48,8712234","2,4106896",201900013333,138 281 642,B01,1,1,0,2,6,19,5,NULL,201900013333,138 281 642,B01,1,1,4,2,1972,0,8,2,-1,0,0,-1,201900013333,4,"RUE DES FOUGERES",0,NULL,2,4,0,1,0,0,1,NULL,NULL,1,9,1,50
201900013517,17,3,2019,10:00:00,1,71,71153,2,1,1,6,"MARECHAL LECLERC (RUE)","46,8066400","4,4279600",201900013517,138 281 271,A01,2,1,0,2,1,1,6,NULL,201900013517,138 281 271,A01,1,1,4,1,1999,5,8,0,-1,-1," -1",-1,201900013517,4,"MARECHAL LECLERC (RUE)",0,NULL,2,2,0,4,0,0,1,NULL,NULL,1,0,1,50
201900018198,28,5,2019,14:15:00,1,69,69381,2,1,1,3,"ANDRE LASSAGNE                      (QU)","45,7715000","4,8383700",201900018198,138 272 384,B01,2,1,0,2,8,19,5,NULL,201900018198,138 272 384,B01,1,1,4,1,1965,0,2,8,-1,-1,0,-1,201900018198,4,"ANDRE LASSAGNE                      (QU)",0,NULL,1,4,1,1,0,0,1,NULL,NULL,1,0,1,50
201900018198,28,5,2019,14:15:00,1,69,69381,2,1,1,3,"ANDRE LASSAGNE                      (QU)","45,7715000","4,8383700",201900018198,138 272 384,B01,2,1,0,2,8,19,5,NULL,201900018198,138 272 385,A01,1,1,1,1,1995,0,2,8,-1,-1," -1",-1,201900018198,4,"ANDRE LASSAGNE                      (QU)",0,NULL,1,4,1,1,0,0,1,NULL,NULL,1,0,1,50
201900023527,30,4,2019,17:00:00,1,73,73011,2,2,1,3,"Parking ccial","45,6610341","6,3812006",201900023527,138 262 167,A01,3,1,0,2,1,1,5,NULL,201900023527,138 262 166,B01,1,1,1,1,2000,3,1,8,-1,-1," -1",-1,201900023527,6,NULL,0,NULL,-1,-1,-1,1,(1),(1),1,NULL,NULL,1,9,1,50
201900023527,30,4,2019,17:00:00,1,73,73011,2,2,1,3,"Parking ccial","45,6610341","6,3812006",201900023527,138 262 167,A01,3,1,0,2,1,1,5,NULL,201900023527,138 262 167,A01,1,1,3,2,1952,3,2,8,-1,-1," -1",-1,201900023527,6,NULL,0,NULL,-1,-1,-1,1,(1),(1),1,NULL,NULL,1,9,1,50
201900026943,30,7,2019,10:05:00,1,78,78601,1,1,1,5,D936,"48,5691040","1,8954250",201900026943,138 255 643,E01,2,1,0,0,4,2,5,NULL,201900026943,138 255 639,A01,1,1,1,1,1936,5,1,-1,-1,0,0,-1,201900026943,3,936,0,D,2,2,0,1,23,435,1,NULL,NULL,1,0,1,80
201900026943,30,7,2019,10:05:00,1,78,78601,1,1,1,5,D936,"48,5691040","1,8954250",201900026943,138 255 642,D01,2,1,0,0,4,2,5,NULL,201900026943,138 255 639,A01,1,1,1,1,1936,5,1,-1,-1,0,0,-1,201900026943,3,936,0,D,2,2,0,1,23,435,1,NULL,NULL,1,0,1,80
201900026943,30,7,2019,10:05:00,1,78,78601,1,1,1,5,D936,"48,5691040","1,8954250",201900026943,138 255 641,C01,2,1,0,0,4,2,5,NULL,201900026943,138 255 639,A01,1,1,1,1,1936,5,1,-1,-1,0,0,-1,201900026943,3,936,0,D,2,2,0,1,23,435,1,NULL,NULL,1,0,1,80
201900026943,30,7,2019,10:05:00,1,78,78601,1,1,1,5,D936,"48,5691040","1,8954250",201900026943,138 255 640,B01,2,1,0,0,4,2,5,NULL,201900026943,138 255 639,A01,1,1,1,1,1936,5,1,-1,-1,0,0,-1,201900026943,3,936,0,D,2,2,0,1,23,435,1,NULL,NULL,1,0,1,80
201900026943,30,7,2019,10:05:00,1,78,78601,1,1,1,5,D936,"48,5691040","1,8954250",201900026943,138 255 643,E01,2,1,0,0,4,2,5,NULL,201900026943,138 255 640,B01,1,1,1,1,1947,5,2,-1,-1,0,0,-1,201900026943,3,936,0,D,2,2,0,1,23,435,1,NULL,NULL,1,0,1,80
201900026943,30,7,2019,10:05:00,1,78,78601,1,1,1,5,D936,"48,5691040","1,8954250",201900026943,138 255 642,D01,2,1,0,0,4,2,5,NULL,201900026943,138 255 640,B01,1,1,1,1,1947,5,2,-1,-1,0,0,-1,201900026943,3,936,0,D,2,2,0,1,23,435,1,NULL,NULL,1,0,1,80
201900026943,30,7,2019,10:05:00,1,78,78601,1,1,1,5,D936,"48,5691040","1,8954250",201900026943,138 255 641,C01,2,1,0,0,4,2,5,NULL,201900026943,138 255 640,B01,1,1,1,1,1947,5,2,-1,-1,0,0,-1,201900026943,3,936,0,D,2,2,0,1,23,435,1,NULL,NULL,1,0,1,80
201900026943,30,7,2019,10:05:00,1,78,78601,1,1,1,5,D936,"48,5691040","1,8954250",201900026943,138 255 640,B01,2,1,0,0,4,2,5,NULL,201900026943,138 255 640,B01,1,1,1,1,1947,5,2,-1,-1,0,0,-1,201900026943,3,936,0,D,2,2,0,1,23,435,1,NULL,NULL,1,0,1,80
201900026943,30,7,2019,10:05:00,1,78,78601,1,1,1,5,D936,"48,5691040","1,8954250",201900026943,138 255 643,E01,2,1,0,0,4,2,5,NULL,201900026943,138 255 641,C01,1,1,1,1,1955,5,2,-1,-1,0,0,-1,201900026943,3,936,0,D,2,2,0,1,23,435,1,NULL,NULL,1,0,1,80
201900026943,30,7,2019,10:05:00,1,78,78601,1,1,1,5,D936,"48,5691040","1,8954250",201900026943,138 255 642,D01,2,1,0,0,4,2,5,NULL,201900026943,138 255 641,C01,1,1,1,1,1955,5,2,-1,-1,0,0,-1,201900026943,3,936,0,D,2,2,0,1,23,435,1,NULL,NULL,1,0,1,80
201900026943,30,7,2019,10:05:00,1,78,78601,1,1,1,5,D936,"48,5691040","1,8954250",201900026943,138 255 641,C01,2,1,0,0,4,2,5,NULL,201900026943,138 255 641,C01,1,1,1,1,1955,5,2,-1,-1,0,0,-1,201900026943,3,936,0,D,2,2,0,1,23,435,1,NULL,NULL,1,0,1,80
201900026943,30,7,2019,10:05:00,1,78,78601,1,1,1,5,D936,"48,5691040","1,8954250",201900026943,138 255 640,B01,2,1,0,0,4,2,5,NULL,201900026943,138 255 641,C01,1,1,1,1,1955,5,2,-1,-1,0,0,-1,201900026943,3,936,0,D,2,2,0,1,23,435,1,NULL,NULL,1,0,1,80
201900026943,30,7,2019,10:05:00,1,78,78601,1,1,1,5,D936,"48,5691040","1,8954250",201900026943,138 255 643,E01,2,1,0,0,4,2,5,NULL,201900026943,138 255 642,D01,1,1,3,1,1947,5,2,-1,-1,0,0,-1,201900026943,3,936,0,D,2,2,0,1,23,435,1,NULL,NULL,1,0,1,80
201900026943,30,7,2019,10:05:00,1,78,78601,1,1,1,5,D936,"48,5691040","1,8954250",201900026943,138 255 642,D01,2,1,0,0,4,2,5,NULL,201900026943,138 255 642,D01,1,1,3,1,1947,5,2,-1,-1,0,0,-1,201900026943,3,936,0,D,2,2,0,1,23,435,1,NULL,NULL,1,0,1,80
201900026943,30,7,2019,10:05:00,1,78,78601,1,1,1,5,D936,"48,5691040","1,8954250",201900026943,138 255 641,C01,2,1,0,0,4,2,5,NULL,201900026943,138 255 642,D01,1,1,3,1,1947,5,2,-1,-1,0,0,-1,201900026943,3,936,0,D,2,2,0,1,23,435,1,NULL,NULL,1,0,1,80
201900026943,30,7,2019,10:05:00,1,78,78601,1,1,1,5,D936,"48,5691040","1,8954250",201900026943,138 255 640,B01,2,1,0,0,4,2,5,NULL,201900026943,138 255 642,D01,1,1,3,1,1947,5,2,-1,-1,0,0,-1,201900026943,3,936,0,D,2,2,0,1,23,435,1,NULL,NULL,1,0,1,80
201900026943,30,7,2019,10:05:00,1,78,78601,1,1,1,5,D936,"48,5691040","1,8954250",201900026943,138 255 643,E01,2,1,0,0,4,2,5,NULL,201900026943,138 255 643,E01,1,1,3,1,1954,5,2,-1,-1,0,0,-1,201900026943,3,936,0,D,2,2,0,1,23,435,1,NULL,NULL,1,0,1,80
201900026943,30,7,2019,10:05:00,1,78,78601,1,1,1,5,D936,"48,5691040","1,8954250",201900026943,138 255 642,D01,2,1,0,0,4,2,5,NULL,201900026943,138 255 643,E01,1,1,3,1,1954,5,2,-1,-1,0,0,-1,201900026943,3,936,0,D,2,2,0,1,23,435,1,NULL,NULL,1,0,1,80
201900026943,30,7,2019,10:05:00,1,78,78601,1,1,1,5,D936,"48,5691040","1,8954250",201900026943,138 255 641,C01,2,1,0,0,4,2,5,NULL,201900026943,138 255 643,E01,1,1,3,1,1954,5,2,-1,-1,0,0,-1,201900026943,3,936,0,D,2,2,0,1,23,435,1,NULL,NULL,1,0,1,80
201900026943,30,7,2019,10:05:00,1,78,78601,1,1,1,5,D936,"48,5691040","1,8954250",201900026943,138 255 640,B01,2,1,0,0,4,2,5,NULL,201900026943,138 255 643,E01,1,1,3,1,1954,5,2,-1,-1,0,0,-1,201900026943,3,936,0,D,2,2,0,1,23,435,1,NULL,NULL,1,0,1,80
201900027188,2,3,2019,01:27:00,5,54,54395,2,1,2,6,"BATAILLE (QUAI DE LA)","48,6774860","6,1913840",201900027188,138 255 173,B01,1,1,0,2,0,0,5,NULL,201900027188,138 255 173,B01,1,1,3,2,1999,0,2,0,-1,-1," -1",-1,201900027188,4,"BATAILLE (QUAI DE LA)",0,NULL,-1,1,0,1,0,0,1,NULL,NULL,1,0,1,50
201900031650,21,1,2019,17:41:00,2,49,49007,2,2,1,3,LARREY,"47,4792360"," -0,5556800",201900031650,138 246 846,B01,1,1,0,2,7,1,0,NULL,201900031650,138 246 845,A01,1,1,1,2,2000,0,1,8,-1,-1,0,-1,201900031650,4,LARREY,0,NULL,2,4,0,1,0,0,1,NULL,NULL,1,0,1,50
201900031650,21,1,2019,17:41:00,2,49,49007,2,2,1,3,LARREY,"47,4792360"," -0,5556800",201900031650,138 246 846,B01,1,1,0,2,7,1,0,NULL,201900031650,138 246 846,B01,1,1,4,2,1985,0,2,0,-1,-1,0,-1,201900031650,4,LARREY,0,NULL,2,4,0,1,0,0,1,NULL,NULL,1,0,1,50
201900032234,13,4,2019,11:30:00,1,29,29022,2,6,1,3,"rue de la gare","48,2723490"," -4,5956590",201900032234,138 245 749,B01,1,1,0,2,7,1,5,NULL,201900032234,138 245 745,A01,1,1,1,1,1944,5,1,-1,-1,0,0,-1,201900032234,3,8,0,NULL,2,2,0,1,8,600,2,NULL,NULL,1,0,1,50
201900032234,13,4,2019,11:30:00,1,29,29022,2,6,1,3,"rue de la gare","48,2723490"," -4,5956590",201900032234,138 245 749,B01,1,1,0,2,7,1,5,NULL,201900032234,138 245 749,B01,1,1,4,1,1967,5,2,-1,-1,0,0,-1,201900032234,3,8,0,NULL,2,2,0,1,8,600,2,NULL,NULL,1,0,1,50
201900039093,18,1,2019,16:30:00,1,2B,2B205,2,3,1,3,"lieudit Campo d'Elge","42,6991670","9,3538890",201900039093,138 232 611,B01,3,1,0,2,1,9,5,NULL,201900039093,138 232 611,B01,1,1,4,1,2004,0,0,-1,-1,0,0,-1,201900039093,4,NULL,0,NULL,2,2,0,1,(1),(1),1,NULL,NULL,1,0,1,50
201900039093,18,1,2019,16:30:00,1,2B,2B205,2,3,1,3,"lieudit Campo d'Elge","42,6991670","9,3538890",201900039093,138 232 611,B01,3,1,0,2,1,9,5,NULL,201900039093,138 232 612,A01,1,1,1,2,1980,0,1,-1,-1,0,0,-1,201900039093,4,NULL,0,NULL,2,2,0,1,(1),(1),1,NULL,NULL,1,0,1,50
201900040587,22,10,2019,17:00:00,1,80,80625,2,1,1,2,D935,"49,7270970","2,5323120",201900040587,138 229 859,A01,0,1,0,2,2,2,6,NULL,201900040587,138 229 859,A01,1,1,4,1,1991,5,2,6,-1,0,0,-1,201900040587,3,935,0,NULL,2,2,0,1,20,(1),1,NULL,NULL,2,0,1,80
201900041238,26,8,2019,16:05:00,1,92,92048,2,1,1,2,"TRIVAUX (AVENUE DE) N° 9","48,8022400","2,2340357",201900041238,138 228 650,B01,1,1,0,2,1,1,5,NULL,201900041238,138 228 650,B01,1,1,3,1,1991,5,8,0,-1,-1,0,-1,201900041238,3,406,0,NULL,-1,2,0,1,0,0,1,NULL,NULL,1,0,1,50
201900041238,26,8,2019,16:05:00,1,92,92048,2,1,1,2,"TRIVAUX (AVENUE DE) N° 9","48,8022400","2,2340357",201900041238,138 228 650,B01,1,1,0,2,1,1,5,NULL,201900041238,138 228 651,A01,1,1,1,1,1978,5,1,0,-1,-1,0,-1,201900041238,3,406,0,NULL,-1,2,0,1,0,0,1,NULL,NULL,1,0,1,50
201900042055,24,5,2019,09:30:00,1,93,93066,2,2,1,3,""LANDY RD 20, NR IMPAIRS 146 A 254"","48,9142105","2,3442078",201900042055,138 227 134,B01,1,1,0,2,0,0,0,NULL,201900042055,138 227 133,A01,2,1,4,1,1963,1,2,6,-1,-1," -1",-1,201900042055,3,20,0,NULL,4,2,0,1,0,0,1,NULL,NULL,1,0,1,50
201900042295,6,11,2019,12:30:00,1,83,83137,2,3,1,3,"BORIES (RUE PIERRE)","43,1237400","5,9595100",201900042295,138 226 616,B01,1,1,0,2,1,1,5,NULL,201900042295,138 226 615,A01,1,1,1,2,1962,1,1,0,-1,-1," -1",-1,201900042295,4,"BORIES (RUE PIERRE)",0,NULL,2,2,0,1,1,0,1,NULL,NULL,9,0,1,50
201900042295,6,11,2019,12:30:00,1,83,83137,2,3,1,3,"BORIES (RUE PIERRE)","43,1237400","5,9595100",201900042295,138 226 616,B01,1,1,0,2,1,1,5,NULL,201900042295,138 226 616,B01,1,1,3,1,2007,5,8,0,-1,-1," -1",-1,201900042295,4,"BORIES (RUE PIERRE)",0,NULL,2,2,0,1,1,0,1,NULL,NULL,9,0,1,50
201900043185,5,4,2019,11:12:00,1,91,91386,2,6,1,6,"Avenue Darblay","48,5671870","2,4262040",201900043185,138 224 959,B01,0,1,0,0,0,17,5,NULL,201900043185,138 224 959,B01,1,1,2,1,1942,5,0,-1,-1,0,0,-1,201900043185,3,153,NULL,NULL,-1,2,0,1,(1),(1),3,NULL,NULL,1,9,1,50
201900043185,5,4,2019,11:12:00,1,91,91386,2,6,1,6,"Avenue Darblay","48,5671870","2,4262040",201900043185,138 224 959,B01,0,1,0,0,0,17,5,NULL,201900043185,138 224 960,A01,1,1,1,1,1975,4,1,-1,-1,0,0,-1,201900043185,3,153,NULL,NULL,-1,2,0,1,(1),(1),3,NULL,NULL,1,9,1,50
201900044090,26,2,2019,18:00:00,1,62,62014,2,1,7,2,"80 boulevard Foch","50,6360530","2,3936170",201900044090,138 223 275,B01,1,1,0,2,4,1,5,NULL,201900044090,138 223 274,A01,1,1,1,2,1987,0,1,-1,-1,0,0,-1,201900044090,4,NULL,NULL,NULL,2,2,0,1,(1),(1),1,NULL,NULL,1,0,1,50
201900044090,26,2,2019,18:00:00,1,62,62014,2,1,7,2,"80 boulevard Foch","50,6360530","2,3936170",201900044090,138 223 275,B01,1,1,0,2,4,1,5,NULL,201900044090,138 223 275,B01,1,1,2,1,1945,5,0,-1,-1,0,0,-1,201900044090,4,NULL,NULL,NULL,2,2,0,1,(1),(1),1,NULL,NULL,1,0,1,50
201900049535,23,2,2019,10:05:00,1,7,07260,1,1,1,2,D2,"44,6930400","4,7109170",201900049535,138 212 977,B01,2,1,0,0,6,2,5,NULL,201900049535,138 212 976,A01,1,1,1,1,1933,0,8,-1,-1,0,0,-1,201900049535,3,2,0,NULL,2,2,0,1,66,650,3,NULL,NULL,1,0,1,80
201900049535,23,2,2019,10:05:00,1,7,07260,1,1,1,2,D2,"44,6930400","4,7109170",201900049535,138 212 977,B01,2,1,0,0,6,2,5,NULL,201900049535,138 212 977,B01,1,1,3,2,1982,5,0,-1,-1,0,0,-1,201900049535,3,2,0,NULL,2,2,0,1,66,650,3,NULL,NULL,1,0,1,80
201900050282,22,8,2019,17:00:00,1,83,83048,2,1,1,3,"Rue du Train des Pignes","43,2062180","6,5664660",201900050282,138 211 577,B01,0,1,0,2,1,1,5,NULL,201900050282,138 211 576,A01,1,1,1,2,1943,5,1,-1,-1,0,0,-1,201900050282,4,NULL,NULL,NULL,2,2,0,1,(1),(1),1,NULL,NULL,1,0,1,50
201900050282,22,8,2019,17:00:00,1,83,83048,2,1,1,3,"Rue du Train des Pignes","43,2062180","6,5664660",201900050282,138 211 577,B01,0,1,0,2,1,1,5,NULL,201900050282,138 211 577,B01,1,1,3,1,1969,1,0,-1,-1,0,0,-1,201900050282,4,NULL,NULL,NULL,2,2,0,1,(1),(1),1,NULL,NULL,1,0,1,50
201900051126,5,12,2019,20:15:00,5,75,75105,2,3,1,6,"PLACE SAINT MICHEL","48,8534210","2,3441820",201900051126,138 210 025,A01,2,1,0,2,1,2,5,NULL,201900051126,138 210 025,A01,1,1,4,1,1990,1,8,2,-1,0,0,-1,201900051126,4,"PLACE SAINT MICHEL",0,NULL,2,3,0,2,0,0,1,NULL,NULL,1,0,1,50
201900056890,1,12,2019,01:55:00,5,94,94067,2,1,1,2,"PARIS (av. de)","48,8459300","2,4236800",201900056890,138 199 175,B01,2,1,0,2,4,0,5,NULL,201900056890,138 199 175,B01,1,1,4,1,1992,9,2,8,-1,0,0,-1,201900056890,3,120,0,NULL,2,4,0,1,0,0,1,NULL,NULL,1,0,1,50
201900057061,5,7,2019,16:15:00,1,59,59183,2,2,1,3,"DUMEZ LOUIS","51,0225600","2,3489800",201900057061,138 198 854,B01,2,1,0,2,1,1,5,NULL,201900057061,138 198 854,B01,1,1,3,1,1952,5,8,0,-1,-1," -1",-1,201900057061,4,"DUMEZ LOUIS",0,NULL,1,1,0,1,0,0,1,NULL,NULL,1,0,1,50
201900057061,5,7,2019,16:15:00,1,59,59183,2,2,1,3,"DUMEZ LOUIS","51,0225600","2,3489800",201900057061,138 198 854,B01,2,1,0,2,1,1,5,NULL,201900057061,138 198 856,A01,1,1,1,1,1935,0,1,0,-1,-1," -1",-1,201900057061,4,"DUMEZ LOUIS",0,NULL,1,1,0,1,0,0,1,NULL,NULL,1,0,1,50
201900008914,7,8,2019,09:00:00,1,5,05023,2,1,1,1,"SOIE (RUE DE LA)","44,8941400","6,6353800",201900008914,138 289 836,B01,1,1,0,2,1,1,5,NULL,201900008914,138 289 836,B01,1,1,4,1,1973,5,2,-1,-1,0,0,-1,201900008914,4,"SOIE (RUE DE LA)",0,NULL,2,2,0,1,0,0,2,NULL,NULL,1,0,1,50
201900008914,7,8,2019,09:00:00,1,5,05023,2,1,1,1,"SOIE (RUE DE LA)","44,8941400","6,6353800",201900008914,138 289 836,B01,1,1,0,2,1,1,5,NULL,201900008914,138 289 837,A01,3,2,1,1,1953,5,1,0,-1,0,0,-1,201900008914,4,"SOIE (RUE DE LA)",0,NULL,2,2,0,1,0,0,2,NULL,NULL,1,0,1,50
201900008914,7,8,2019,09:00:00,1,5,05023,2,1,1,1,"SOIE (RUE DE LA)","44,8941400","6,6353800",201900008914,138 289 836,B01,1,1,0,2,1,1,5,NULL,201900008914,138 289 837,A01,2,2,1,2,2005,5,1,0,-1,0,0,-1,201900008914,4,"SOIE (RUE DE LA)",0,NULL,2,2,0,1,0,0,2,NULL,NULL,1,0,1,50
201900008914,7,8,2019,09:00:00,1,5,05023,2,1,1,1,"SOIE (RUE DE LA)","44,8941400","6,6353800",201900008914,138 289 836,B01,1,1,0,2,1,1,5,NULL,201900008914,138 289 837,A01,1,1,1,2,1960,5,1,0,-1,0,0,-1,201900008914,4,"SOIE (RUE DE LA)",0,NULL,2,2,0,1,0,0,2,NULL,NULL,1,0,1,50
201900010857,5,7,2019,02:00:00,4,75,75116,2,1,1,1,"VOIE GEORGES POMPIDOU","48,8514770","2,2798320",201900010857,138 286 305,B01,1,1,0,2,1,1,5,NULL,201900010857,138 286 305,B01,1,1,4,1,1995,4,2,0,-1,0,0,-1,201900010857,4,"VOIE GEORGES POMPIDOU",0,NULL,2,2,1,1,0,0,1,NULL,NULL,1,0,5,20
201900010857,5,7,2019,02:00:00,4,75,75116,2,1,1,1,"VOIE GEORGES POMPIDOU","48,8514770","2,2798320",201900010857,138 286 305,B01,1,1,0,2,1,1,5,NULL,201900010857,138 286 306,A01,1,1,4,1,1977,5,2,0,-1,0,0,-1,201900010857,4,"VOIE GEORGES POMPIDOU",0,NULL,2,2,1,1,0,0,1,NULL,NULL,1,0,5,20
201900014117,1,8,2019,17:43:00,1,87,87085,1,1,1,3,"42 GROSSEREIX (ROUTE DES)","45,8943900","1,2888200",201900014117,138 280 179,A01,1,1,0,2,8,25,5,NULL,201900014117,138 280 179,A01,1,1,3,1,1947,5,8,0,-1,0,0,-1,201900014117,4,"GROSSEREIX (ROUTE DES)",0,NULL,2,2,0,2,0,0,1,NULL,NULL,1,0,1,50
201900014117,1,8,2019,17:43:00,1,87,87085,1,1,1,3,"42 GROSSEREIX (ROUTE DES)","45,8943900","1,2888200",201900014117,138 280 179,A01,1,1,0,2,8,25,5,NULL,201900014117,138 280 180,B01,1,1,1,1,1980,1,1,0,-1,0,0,-1,201900014117,4,"GROSSEREIX (ROUTE DES)",0,NULL,2,2,0,2,0,0,1,NULL,NULL,1,0,1,50
201900015167,13,9,2019,13:35:00,1,93,93048,2,3,1,3,"DOCTEUR SCHAFFNER (AVENUE DU)","48,8532430","2,4235500",201900015167,138 278 116,B01,3,1,1,0,2,17,5,NULL,201900015167,138 278 115,G01,1,1,1,1,1948,5,8,-1,-1,0,0,-1,201900015167,3,39,NULL,NULL,2,-1,-1,1,(1),(1),1,NULL,NULL,1,5,1,-1
201900015167,13,9,2019,13:35:00,1,93,93048,2,3,1,3,"DOCTEUR SCHAFFNER (AVENUE DU)","48,8532430","2,4235500",201900015167,138 278 116,B01,3,1,1,0,2,17,5,NULL,201900015167,138 278 116,B01,1,1,4,1,1971,0,2,0,-1,-1," -1",-1,201900015167,3,39,NULL,NULL,2,-1,-1,1,(1),(1),1,NULL,NULL,1,5,1,-1
201900015636,9,10,2019,13:05:00,1,50,50173,2,1,2,6,"TOURVILLE (AVENUE DE)","49,6504500"," -1,6494000",201900015636,138 277 253,A01,0,1,1,0,0,0,5,NULL,201900015636,138 277 253,A01,1,1,4,1,2002,5,8,0,-1,0,0,-1,201900015636,4,"TOURVILLE (AVENUE DE)",0,NULL,2,2,0,1,0,0,1,NULL,NULL,2,0,1,50
201900015693,12,10,2019,17:45:00,1,29,29019,2,6,2,3,"VILLENEUVE (RUE)","48,4114000"," -4,4571200",201900015693,138 277 156,B01,0,1,0,2,7,1,5,NULL,201900015693,138 277 155,A01,1,1,1,1,1975,5,1,0,-1,-1,0,-1,201900015693,4,"VILLENEUVE (RUE)",0,NULL,2,2,0,2,0,0,2,NULL,NULL,2,0,1,30
201900015693,12,10,2019,17:45:00,1,29,29019,2,6,2,3,"VILLENEUVE (RUE)","48,4114000"," -4,4571200",201900015693,138 277 156,B01,0,1,0,2,7,1,5,NULL,201900015693,138 277 156,B01,1,1,4,1,1996,1,8,0,-1,-1,0,-1,201900015693,4,"VILLENEUVE (RUE)",0,NULL,2,2,0,2,0,0,2,NULL,NULL,2,0,1,30
201900017535,16,4,2019,13:00:00,1,37,37113,1,1,1,1,"la groitière","46,9136700","0,8060920",201900017535,138 273 633,B01,3,1,6,2,1,1,5,NULL,201900017535,138 273 633,B01,1,1,3,1,1954,5,0,-1,-1,0,0,-1,201900017535,3,42,NULL,NULL,2,2,0,3,9,430,3,NULL,NULL,2,0,1,80