Num_Acc,jour,mois,an,hrmn,lum,dep,com,agg,int,atm,col,adr,lat,long,Num_Acc,id_vehicule,num_veh,senc,catv,obs,obsm,choc,manv,motor,occutc,Num_Acc,id_vehicule,num_veh,place,catu,grav,sexe,an_nais,trajet,secu1,secu2,secu3,locp,actp,etatp,Num_Acc,catr,voie,v1,v2,circ,nbv,vosp,prof,pr,pr1,plan,lartpc,larrout,surf,infra,situ,vma
201900017535,16,4,2019,13:00:00,1,37,37113,1,1,1,1,"la groitière","46,9136700","0,8060920",201900017535,138 273 633,B01,3,1,6,2,1,1,5,NULL,201900017535,138 273 634,A01,1,1,1,1,1947,5,1,-1,-1,0,0,-1,201900017535,3,42,NULL,NULL,2,2,0,3,9,430,3,NULL,NULL,2,0,1,80
201900018302,17,11,2019,12:25:00,1,94,94037,2,9,1,3,"PAUL VAILLANT COUTURIER (AV)","48,8166848","2,3348938",201900018302,138 272 197,B01,1,1,0,2,1,1,0,NULL,201900018302,138 272 196,A01,1,1,1,1,1954,0,1,0,-1,-1," -1",-1,201900018302,3,150,0,NULL,2,2,0,1,0,0,1,NULL,NULL,1,0,1,50
201900018302,17,11,2019,12:25:00,1,94,94037,2,9,1,3,"PAUL VAILLANT COUTURIER (AV)","48,8166848","2,3348938",201900018302,138 272 197,B01,1,1,0,2,1,1,0,NULL,201900018302,138 272 197,B01,1,1,4,1,2003,0,8,0,-1,-1," -1",-1,201900018302,3,150,0,NULL,2,2,0,1,0,0,1,NULL,NULL,1,0,1,50
201900018633,22,11,2019,16:25:00,1,86,86194,2,1,1,6,"RENE CASSIN (BOULEVARD)","46,5759000","0,3764400",201900018633,138 271 593,A01,0,1,0,1,8,25,5,NULL,201900018633,138 271 593,A01,10,3,3,2,1952,0,0,-1,-1,5,1,1,201900018633,4,"RENE CASSIN (BOULEVARD)",0,NULL,-1,2,3,1,0,0,1,NULL,NULL,1,0,4,50
201900018633,22,11,2019,16:25:00,1,86,86194,2,1,1,6,"RENE CASSIN (BOULEVARD)","46,5759000","0,3764400",201900018633,138 271 593,A01,0,1,0,1,8,25,5,NULL,201900018633,138 271 593,A01,1,1,1,1,2006,5,8,0,-1,-1," -1",-1,201900018633,4,"RENE CASSIN (BOULEVARD)",0,NULL,-1,2,3,1,0,0,1,NULL,NULL,1,0,4,50
201900019790,2,8,2019,08:05:00,1,93,93079,2,3,1,3,"DIVISION LECLERC (AV)","48,9499500","2,3424800",201900019790,138 269 411,B01,1,1,0,2,7,19,5,NULL,201900019790,138 269 410,A01,1,1,1,1,1926,5,1,0,-1,-1," -1",-1,201900019790,3,24,0,NULL,2,2,0,1,0,0,1,NULL,NULL,1,0,6,50
201900019790,2,8,2019,08:05:00,1,93,93079,2,3,1,3,"DIVISION LECLERC (AV)","48,9499500","2,3424800",201900019790,138 269 411,B01,1,1,0,2,7,19,5,NULL,201900019790,138 269 411,B01,1,1,4,1,1993,0,2,0,-1,-1," -1",-1,201900019790,3,24,0,NULL,2,2,0,1,0,0,1,NULL,NULL,1,0,6,50
201900023949,1,11,2019,13:45:00,2,38,38224,2,1,8,3,"Route du lac","44,8735620","5,7160060",201900023949,138 261 335,B01,1,1,0,2,1,0,5,NULL,201900023949,138 261 335,B01,1,1,3,1,1962,5,2,-1,-1,0,0,-1,201900023949,3,116,NULL,D,2,2,0,2,10,782,3,NULL,NULL,2,0,1,50
201900023949,1,11,2019,13:45:00,2,38,38224,2,1,8,3,"Route du lac","44,8735620","5,7160060",201900023949,138 261 335,B01,1,1,0,2,1,0,5,NULL,201900023949,138 261 336,A01,2,2,1,1,1991,4,1,-1,-1,0,0,-1,201900023949,3,116,NULL,D,2,2,0,2,10,782,3,NULL,NULL,2,0,1,50
201900023949,1,11,2019,13:45:00,2,38,38224,2,1,8,3,"Route du lac","44,8735620","5,7160060",201900023949,138 261 335,B01,1,1,0,2,1,0,5,NULL,201900023949,138 261 336,A01,1,1,1,1,1980,4,1,-1,-1,0,0,-1,201900023949,3,116,NULL,D,2,2,0,2,10,782,3,NULL,NULL,2,0,1,50
201900028846,26,7,2019,13:55:00,1,10,10325,2,6,7,6,"ROCADE OUEST (RD 610)","48,2674266","4,0615294",201900028846,138 252 065,B01,3,1,0,0,0,15,5,NULL,201900028846,138 252 063,A01,1,1,1,2,1956,0,1,0,-1,-1," -1",-1,201900028846,3,610,0,NULL,2,1,0,1,0,0,2,NULL,NULL,1,5,1,80
201900028846,26,7,2019,13:55:00,1,10,10325,2,6,7,6,"ROCADE OUEST (RD 610)","48,2674266","4,0615294",201900028846,138 252 065,B01,3,1,0,0,0,15,5,NULL,201900028846,138 252 065,B01,2,1,4,2,1986,0,8,0,-1,-1," -1",-1,201900028846,3,610,0,NULL,2,1,0,1,0,0,2,NULL,NULL,1,5,1,80
201900029491,19,12,2019,18:45:00,5,44,44109,2,1,3,1,"RUE AUGUSTIN FRESNEL","47,2420700"," -1,5235200",201900029491,138 250 823,B01,1,1,0,2,1,1,5,NULL,201900029491,138 250 823,B01,1,1,3,1,1964,0,8,0,-1,0,0,-1,201900029491,4,NULL,0,NULL,-1,0,0,1,1,0,1,NULL,NULL,2,0,1,50
201900029491,19,12,2019,18:45:00,5,44,44109,2,1,3,1,"RUE AUGUSTIN FRESNEL","47,2420700"," -1,5235200",201900029491,138 250 823,B01,1,1,0,2,1,1,5,NULL,201900029491,138 250 824,A01,1,1,1,1,1976,0,1,0,-1,0,0,-1,201900029491,4,NULL,0,NULL,-1,0,0,1,1,0,1,NULL,NULL,2,0,1,50
201900030012,4,9,2019,08:08:00,1,72,72181,2,3,1,3,"ESTOURNELLES DE CONSTANT PAUL (BD D')","48,0166200","0,1581200",201900030012,138 249 876,B01,1,1,0,2,4,1,5,NULL,201900030012,138 249 875,A01,1,1,1,2,2000,1,1,0,-1,0,0,-1,201900030012,4,"ARISTOTE (RUE)",0,NULL,2,2,0,1,0,0,1,NULL,NULL,1,0,2,50
201900030012,4,9,2019,08:08:00,1,72,72181,2,3,1,3,"ESTOURNELLES DE CONSTANT PAUL (BD D')","48,0166200","0,1581200",201900030012,138 249 876,B01,1,1,0,2,4,1,5,NULL,201900030012,138 249 876,B01,1,1,4,2,1964,1,8,0,-1,0,0,-1,201900030012,4,"ARISTOTE (RUE)",0,NULL,2,2,0,1,0,0,1,NULL,NULL,1,0,2,50
201900030726,27,7,2019,21:25:00,2,92,92012,2,2,1,3,"GALLIENI (RUE) 159/FIN","48,8356292","2,2324133",201900030726,138 248 555,A01,2,1,0,2,7,1,5,NULL,201900030726,138 248 554,B01,1,1,1,1,1956,3,1,8,-1,-1,0,-1,201900030726,4,"GALLIENI (RUE) 159/FIN",0,NULL,2,1,1,1,0,0,1,NULL,NULL,1,0,1,50
201900030726,27,7,2019,21:25:00,2,92,92012,2,2,1,3,"GALLIENI (RUE) 159/FIN","48,8356292","2,2324133",201900030726,138 248 555,A01,2,1,0,2,7,1,5,NULL,201900030726,138 248 555,A01,1,1,4,1,1964,5,8,0,-1,-1,0,-1,201900030726,4,"GALLIENI (RUE) 159/FIN",0,NULL,2,1,1,1,0,0,1,NULL,NULL,1,0,1,50
201900030995,12,5,2019,14:00:00,1,31,31555,2,4,1,3,"AV CRAMPEL","43,5874400","1,4597900",201900030995,138 248 060,B01,0,1,0,2,7,1,5,NULL,201900030995,138 248 060,B01,1,1,3,2,1968,9,8,0,-1,-1,0,-1,201900030995,4,"IMP CRAMPEL",0,NULL,1,1,0,1,0,0,1,NULL,NULL,1,0,1,50
201900031077,11,11,2019,14:50:00,1,22,22198,2,6,8,3,D21,"48,7733877"," -3,5203692",201900031077,138 247 912,B01,1,1,0,2,4,1,5,NULL,201900031077,138 247 912,B01,1,1,2,1,2003,5,2,-1,-1,0,0,-1,201900031077,3,21,NULL,NULL,2,2,0,1,23,0,1,NULL,NULL,1,0,1,50
201900031077,11,11,2019,14:50:00,1,22,22198,2,6,8,3,D21,"48,7733877"," -3,5203692",201900031077,138 247 912,B01,1,1,0,2,4,1,5,NULL,201900031077,138 247 913,A01,1,1,1,1,1932,0,1,-1,-1,0,0,-1,201900031077,3,21,NULL,NULL,2,2,0,1,23,0,1,NULL,NULL,1,0,1,50
201900032787,18,5,2019,07:50:00,1,17,17299,1,6,2,3,"PREE DES CANONS ROND-POINT","45,9234140"," -0,9692010",201900032787,138 244 623,B01,1,1,0,2,4,1,5,NULL,201900032787,138 244 622,A01,1,1,1,1,1961,4,1,8,-1,-1," -1",-1,201900032787,3,733,2,NULL,3,2,1,1,0,0,1,NULL,NULL,2,5,1,80
201900032787,18,5,2019,07:50:00,1,17,17299,1,6,2,3,"PREE DES CANONS ROND-POINT","45,9234140"," -0,9692010",201900032787,138 244 623,B01,1,1,0,2,4,1,5,NULL,201900032787,138 244 623,B01,1,1,3,1,1961,5,2,8,-1,-1," -1",-1,201900032787,3,733,2,NULL,3,2,1,1,0,0,1,NULL,NULL,2,5,1,80
201900034884,7,11,2019,14:00:00,1,92,92049,2,1,1,6,"VERDIER AVENUE N°1 A 23","48,8149800","2,3188300",201900034884,138 240 570,A01,1,1,0,1,1,1,5,NULL,201900034884,138 240 570,A01,1,1,4,1,1973,4,2,8,-1,-1,0,-1,201900034884,4,"VERDIER AVENUE N°1 A 23",0,NULL,2,2,0,1,0,0,1,NULL,NULL,1,0,1,50
201900034884,7,11,2019,14:00:00,1,92,92049,2,1,1,6,"VERDIER AVENUE N°1 A 23","48,8149800","2,3188300",201900034884,138 240 570,A01,1,1,0,1,1,1,5,NULL,201900034884,138 240 570,A01,10,3,4,2,1955,0,8,0,-1,2,3,1,201900034884,4,"VERDIER AVENUE N°1 A 23",0,NULL,2,2,0,1,0,0,1,NULL,NULL,1,0,1,50
201900035440,16,1,2019,13:21:00,1,56,56083,2,6,8,3,"LIBERATION ( AV. DE LA )","47,8038000"," -3,2679300",201900035440,138 239 481,B01,1,1,0,0,0,0,5,NULL,201900035440,138 239 481,B01,1,1,4,1,1963,4,2,8,-1,-1,0,-1,201900035440,3,724,0,NULL,-1,2,0,1,94,162,1,NULL,NULL,1,5,1,50
201900035440,16,1,2019,13:21:00,1,56,56083,2,6,8,3,"LIBERATION ( AV. DE LA )","47,8038000"," -3,2679300",201900035440,138 239 481,B01,1,1,0,0,0,0,5,NULL,201900035440,138 239 482,A01,1,1,1,1,1985,5,1,8,-1,-1,0,-1,201900035440,3,724,0,NULL,-1,2,0,1,94,162,1,NULL,NULL,1,5,1,50
201900037375,29,8,2019,10:04:00,1,66,66136,2,1,1,1,"JULIEN PANCHOT (AVENUE)","42,6871200","2,8704000",201900037375,138 235 748,B01,2,1,0,2,1,1,5,NULL,201900037375,138 235 748,B01,1,1,4,1,1938,5,2,8,-1,0,0,-1,201900037375,4,"JULIEN PANCHOT (AVENUE)",0,NULL,3,2,1,1,0,0,1,NULL,NULL,1,0,1,50
201900037375,29,8,2019,10:04:00,1,66,66136,2,1,1,1,"JULIEN PANCHOT (AVENUE)","42,6871200","2,8704000",201900037375,138 235 748,B01,2,1,0,2,1,1,5,NULL,201900037375,138 235 749,A01,1,1,1,1,1987,4,1,8,-1,0,0,-1,201900037375,4,"JULIEN PANCHOT (AVENUE)",0,NULL,3,2,1,1,0,0,1,NULL,NULL,1,0,1,50
201900038428,21,6,2019,17:40:00,1,75,75105,2,2,1,3,"BOULEVARD DE PORT ROYAL","48,8371110","2,3490080",201900038428,138 233 862,B01,2,1,0,2,3,7,5,NULL,201900038428,138 233 862,B01,1,1,4,2,2001,9,2,0,-1,0,0,-1,201900038428,4,"BOULEVARD DE PORT ROYAL",0,NULL,2,0,3,2,0,0,1,NULL,NULL,1,9,6,50
201900038428,21,6,2019,17:40:00,1,75,75105,2,2,1,3,"BOULEVARD DE PORT ROYAL","48,8371110","2,3490080",201900038428,138 233 862,B01,2,1,0,2,3,7,5,NULL,201900038428,138 233 863,A01,1,1,1,1,1962,9,1,0,-1,0,0,-1,201900038428,4,"BOULEVARD DE PORT ROYAL",0,NULL,2,0,3,2,0,0,1,NULL,NULL,1,9,6,50
201900039406,25,2,2019,21:10:00,5,75,75113,2,7,1,6,"PLACE D ITALIE","48,8309770","2,3555580",201900039406,138 232 028,A01,3,1,0,2,4,2,5,NULL,201900039406,138 232 028,A01,1,1,4,1,1967,1,2,0,-1,0,0,-1,201900039406,4,"PLACE D ITALIE",0,NULL,1,4,0,1,0,0,2,NULL,NULL,1,0,1,50
201900046023,21,2,2019,17:47:00,1,49,49007,2,1,1,7,MAIL,"47,4734300"," -0,5506900",201900046023,138 219 519,A01,1,1,0,0,0,1,5,NULL,201900046023,138 219 519,A01,1,1,4,1,1995,5,8,0,-1,-1,0,-1,201900046023,4,MAIL,0,NULL,1,1,0,2,0,0,1,NULL,NULL,1,0,1,30
201900046312,9,1,2019,20:23:00,5,44,44162,2,9,1,3,"RUE FRANCOISE DOLTO","47,2161000"," -1,6369000",201900046312,138 218 955,B01,1,1,0,2,8,15,5,NULL,201900046312,138 218 955,B01,1,1,4,1,1964,0,8,0,-1,0,0,-1,201900046312,4,NULL,0,NULL,2,0,0,1,1,0,1,NULL,NULL,1,0,1,50
201900046312,9,1,2019,20:23:00,5,44,44162,2,9,1,3,"RUE FRANCOISE DOLTO","47,2161000"," -1,6369000",201900046312,138 218 955,B01,1,1,0,2,8,15,5,NULL,201900046312,138 218 956,A01,1,1,1,1,1991,0,1,0,-1,0,0,-1,201900046312,4,NULL,0,NULL,2,0,0,1,1,0,1,NULL,NULL,1,0,1,50
201900047328,10,5,2019,19:00:00,2,6,06044,2,4,1,3,"747 Route du Pont de Pierre","43,6829280","7,0911240",201900047328,138 217 054,B01,1,1,0,2,8,1,5,NULL,201900047328,138 217 053,A01,1,1,1,1,1980,5,1,-1,-1,0,0,-1,201900047328,3,6,NULL,D,2,2,0,1,(1),(1),3,NULL,NULL,1,0,1,50
201900047328,10,5,2019,19:00:00,2,6,06044,2,4,1,3,"747 Route du Pont de Pierre","43,6829280","7,0911240",201900047328,138 217 054,B01,1,1,0,2,8,1,5,NULL,201900047328,138 217 054,B01,1,1,4,1,1960,5,2,-1,-1,0,0,-1,201900047328,3,6,NULL,D,2,2,0,1,(1),(1),3,NULL,NULL,1,0,1,50
201900048344,26,9,2019,15:50:00,1,75,75119,2,2,8,3,"AVENUE DE LAUMIERE","48,8846720","2,3798370",201900048344,138 215 163,A01,2,1,0,2,3,16,5,NULL,201900048344,138 215 162,B01,1,1,1,1,1957,9,1,0,-1,0,0,-1,201900048344,4,"AVENUE DE LAUMIERE",0,NULL,1,4,0,2,0,100,1,NULL,NULL,1,0,1,50
201900048344,26,9,2019,15:50:00,1,75,75119,2,2,8,3,"AVENUE DE LAUMIERE","48,8846720","2,3798370",201900048344,138 215 163,A01,2,1,0,2,3,16,5,NULL,201900048344,138 215 163,A01,1,1,4,1,2004,0,8,2,-1,0,0,-1,201900048344,4,"AVENUE DE LAUMIERE",0,NULL,1,4,0,2,0,100,1,NULL,NULL,1,0,1,50
201900049471,14,6,2019,18:50:00,1,38,38185,2,2,9,1,"RUE JEAN MACÉ","45,1921800","5,7159800",201900049471,138 213 092,A01,3,1,0,2,1,13,5,NULL,201900049471,138 213 092,A01,1,1,4,1,1985,0,8,0,-1,-1," -1",-1,201900049471,4,"RUE JEAN MACÉ",0,NULL,2,2,1,1,0,0,1,NULL,NULL,1,0,1,50
201900049471,14,6,2019,18:50:00,1,38,38185,2,2,9,1,"RUE JEAN MACÉ","45,1921800","5,7159800",201900049471,138 213 092,A01,3,1,0,2,1,13,5,NULL,201900049471,138 213 093,B01,1,1,1,1,1995,0,1,0,-1,-1," -1",-1,201900049471,4,"RUE JEAN MACÉ",0,NULL,2,2,1,1,0,0,1,NULL,NULL,1,0,1,50
201900049757,28,10,2019,21:10:00,5,33,33039,2,2,1,3,"AVE MAL DE LATTRE DE TASSIGNY","44,8088100"," -0,5422500",201900049757,138 212 550,A01,0,1,0,2,8,19,5,NULL,201900049757,138 212 550,A01,1,1,4,1,2000,-1,0,-1,-1,-1," -1",-1,201900049757,4,"AVE MAL DE LATTRE DE TASSIGNY",0,NULL,2,2,0,1,(1),(1),1,NULL,NULL,1,0,8,30
201900049757,28,10,2019,21:10:00,5,33,33039,2,2,1,3,"AVE MAL DE LATTRE DE TASSIGNY","44,8088100"," -0,5422500",201900049757,138 212 550,A01,0,1,0,2,8,19,5,NULL,201900049757,138 212 551,B01,1,1,4,2,1980,0,8,0,-1,-1," -1",-1,201900049757,4,"AVE MAL DE LATTRE DE TASSIGNY",0,NULL,2,2,0,1,(1),(1),1,NULL,NULL,1,0,8,30
201900055775,5,7,2019,17:00:00,1,77,77183,2,1,1,3,"Rue des Carreaux","48,9450520","3,1294350",201900055775,138 201 252,B01,0,1,0,9,1,1,5,NULL,201900055775,138 201 251,A01,1,1,4,1,1978,3,0,-1,-1,0,0,-1,201900055775,4,"RUE DES CARREAUX",NULL,NULL,2,2,0,1,(1),(1),1,NULL,NULL,1,0,1,50
201900055775,5,7,2019,17:00:00,1,77,77183,2,1,1,3,"Rue des Carreaux","48,9450520","3,1294350",201900055775,138 201 251,A01,3,1,0,9,5,15,5,NULL,201900055775,138 201 251,A01,1,1,4,1,1978,3,0,-1,-1,0,0,-1,201900055775,4,"RUE DES CARREAUX",NULL,NULL,2,2,0,1,(1),(1),1,NULL,NULL,1,0,1,50
201900056103,18,8,2019,16:10:00,1,75,75117,2,3,1,3,"BOULEVARD PERSHING","48,8818519","2,2855592",201900056103,138 200 618,A01,1,1,0,2,1,5,5,NULL,201900056103,138 200 618,A01,1,1,4,1,1952,5,2,0,-1,0,0,-1,201900056103,4,"BOULEVARD PERSHING",0,NULL,2,5,0,1,0,0,1,NULL,NULL,1,0,1,50
201900056103,18,8,2019,16:10:00,1,75,75117,2,3,1,3,"BOULEVARD PERSHING","48,8818519","2,2855592",201900056103,138 200 618,A01,1,1,0,2,1,5,5,NULL,201900056103,138 200 619,B01,2,2,1,2,1980,5,1,0,-1,0,0,-1,201900056103,4,"BOULEVARD PERSHING",0,NULL,2,5,0,1,0,0,1,NULL,NULL,1,0,1,50
201900056103,18,8,2019,16:10:00,1,75,75117,2,3,1,3,"BOULEVARD PERSHING","48,8818519","2,2855592",201900056103,138 200 618,A01,1,1,0,2,1,5,5,NULL,201900056103,138 200 619,B01,1,1,1,1,1977,5,1,0,-1,0,0,-1,201900056103,4,"BOULEVARD PERSHING",0,NULL,2,5,0,1,0,0,1,NULL,NULL,1,0,1,50
201900056137,20,8,2019,17:55:00,1,80,80410,1,1,1,3,D930,"49,7622470","3,0798920",201900056137,138 200 561,B01,1,1,0,2,9,15,5,NULL,201900056137,138 200 561,B01,1,1,3,1,2001,0,0,-1,-1,0,0,-1,201900056137,3,930,NULL,NULL,2,2,0,1,48,100,1,NULL,NULL,1,0,5,-1
201900056137,20,8,2019,17:55:00,1,80,80410,1,1,1,3,D930,"49,7622470","3,0798920",201900056137,138 200 561,B01,1,1,0,2,9,15,5,NULL,201900056137,138 200 562,A01,1,1,1,1,1964,4,1,-1,-1,0,0,-1,201900056137,3,930,NULL,NULL,2,2,0,1,48,100,1,NULL,NULL,1,0,5,-1
201900056806,12,6,2019,20:35:00,1,75,75114,2,1,8,6,"BOULEVARD EDGAR QUINET","48,8405670","2,3269640",201900056806,138 199 329,B01,2,1,0,2,1,2,5,NULL,201900056806,138 199 327,A01,10,3,3,1,1984,5,8,0,-1,2,3,1,201900056806,4,"BOULEVARD EDGAR QUINET",0,NULL,1,1,0,1,0,0,1,NULL,NULL,2,0,1,50
201900056806,12,6,2019,20:35:00,1,75,75114,2,1,8,6,"BOULEVARD EDGAR QUINET","48,8405670","2,3269640",201900056806,138 199 327,A01,2,1,1,2,1,2,5,NULL,201900056806,138 199 327,A01,10,3,3,1,1984,5,8,0,-1,2,3,1,201900056806,4,"BOULEVARD EDGAR QUINET",0,NULL,1,1,0,1,0,0,1,NULL,NULL,2,0,1,50
201900056806,12,6,2019,20:35:00,1,75,75114,2,1,8,6,"BOULEVARD EDGAR QUINET","48,8405670","2,3269640",201900056806,138 199 329,B01,2,1,0,2,1,2,5,NULL,201900056806,138 199 327,A01,1,1,4,1,1990,9,2,8,-1,0,0,-1,201900056806,4,"BOULEVARD EDGAR QUINET",0,NULL,1,1,0,1,0,0,1,NULL,NULL,2,0,1,50
201900056806,12,6,2019,20:35:00,1,75,75114,2,1,8,6,"BOULEVARD EDGAR QUINET","48,8405670","2,3269640",201900056806,138 199 327,A01,2,1,1,2,1,2,5,NULL,201900056806,138 199 327,A01,1,1,4,1,1990,9,2,8,-1,0,0,-1,201900056806,4,"BOULEVARD EDGAR QUINET",0,NULL,1,1,0,1,0,0,1,NULL,NULL,2,0,1,50
201900056806,12,6,2019,20:35:00,1,75,75114,2,1,8,6,"BOULEVARD EDGAR QUINET","48,8405670","2,3269640",201900056806,138 199 329,B01,2,1,0,2,1,2,5,NULL,201900056806,138 199 329,B01,1,1,4,1,1991,9,2,8,-1,0,0,-1,201900056806,4,"BOULEVARD EDGAR QUINET",0,NULL,1,1,0,1,0,0,1,NULL,NULL,2,0,1,50
201900056806,12,6,2019,20:35:00,1,75,75114,2,1,8,6,"BOULEVARD EDGAR QUINET","48,8405670","2,3269640",201900056806,138 199 327,A01,2,1,1,2,1,2,5,NULL,201900056806,138 199 329,B01,1,1,4,1,1991,9,2,8,-1,0,0,-1,201900056806,4,"BOULEVARD EDGAR QUINET",0,NULL,1,1,0,1,0,0,1,NULL,NULL,2,0,1,50
201900057153,2,1,2019,17:50:00,1,973,97307,2,2,1,3,"angle rue réséda / rue du fromager","4,8862846"," -52,3409822",201900057153,138 198 695,A01,3,1,0,2,1,0,5,NULL,201900057153,138 198 695,A01,1,1,4,2,2004,5,0,-1,-1,0,0,-1,201900057153,4,NULL,NULL,NULL,1,1,0,1,(1),(1),1,NULL,NULL,1,0,1,-1
201900057270,25,10,2019,18:05:00,3,75,75112,2,7,1,7,"CARREFOUR DE LA PYRAMIDE","48,8337901","2,4451656",201900057270,138 198 483,A01,3,1,0,0,1,1,5,NULL,201900057270,138 198 483,A01,1,1,4,1,1978,1,2,0,-1,0,0,-1,201900057270,4,"CARREFOUR DE LA PYRAMIDE",0,NULL,1,2,0,1,0,0,1,NULL,NULL,1,0,1,50
201900011339,18,12,2019,20:20:00,5,75,75104,2,3,1,7,"QUAI DES CELESTINS","48,8523600","2,3604890",201900011339,138 285 434,A01,1,1,0,0,0,21,5,NULL,201900011339,138 285 434,A01,1,1,4,1,1991,5,2,8,-1,0,0,-1,201900011339,4,"QUAI DES CELESTINS",0,NULL,2,4,-1,1,0,0,1,NULL,NULL,1,0,1,50
201900013374,18,3,2019,19:55:00,3,35,35055,2,1,2,2,"BREILLOU (RUE DU)","48,0969400"," -1,6198100",201900013374,138 281 564,B01,3,1,0,2,4,2,5,NULL,201900013374,138 281 563,A01,1,1,1,2,1964,9,1,0,-1,-1,0,-1,201900013374,4,"BREILLOU (RUE DU)",0,NULL,2,2,0,2,0,0,1,NULL,NULL,2,0,1,50
201900013374,18,3,2019,19:55:00,3,35,35055,2,1,2,2,"BREILLOU (RUE DU)","48,0969400"," -1,6198100",201900013374,138 281 564,B01,3,1,0,2,4,2,5,NULL,201900013374,138 281 564,B01,1,1,4,1,1999,0,8,0,-1,-1,0,-1,201900013374,4,"BREILLOU (RUE DU)",0,NULL,2,2,0,2,0,0,1,NULL,NULL,2,0,1,50
201900013802,15,10,2019,18:08:00,2,38,38188,1,4,2,3,"51 Chemin de l'Abreuvoir","45,1438650","5,8032310",201900013802,138 280 734,B01,3,1,0,2,1,16,5,NULL,201900013802,138 280 734,B01,1,1,4,1,2008,5,2,-1,-1,0,0,-1,201900013802,4,NULL,NULL,NULL,2,2,0,2,(1),(1),3,NULL,NULL,2,0,1,50
201900013802,15,10,2019,18:08:00,2,38,38188,1,4,2,3,"51 Chemin de l'Abreuvoir","45,1438650","5,8032310",201900013802,138 280 734,B01,3,1,0,2,1,16,5,NULL,201900013802,138 280 735,A01,1,1,1,1,1986,1,1,-1,-1,0,0,-1,201900013802,4,NULL,NULL,NULL,2,2,0,2,(1),(1),3,NULL,NULL,2,0,1,50
201900014991,18,3,2019,10:30:00,1,75,75111,2,3,1,6,"RUE JEAN PIERRE TIMBAUD","48,8669330","2,3745420",201900014991,138 278 435,A01,2,1,0,1,1,1,5,NULL,201900014991,138 278 435,A01,10,3,1,1,1981,4,8,0,-1,2,4,1,201900014991,4,"RUE JEAN PIERRE TIMBAUD",0,NULL,1,2,0,1,0,0,1,NULL,NULL,1,0,1,30
201900014991,18,3,2019,10:30:00,1,75,75111,2,3,1,6,"RUE JEAN PIERRE TIMBAUD","48,8669330","2,3745420",201900014991,138 278 435,A01,2,1,0,1,1,1,5,NULL,201900014991,138 278 435,A01,1,1,4,2,1991,4,2,0,-1,0,0,-1,201900014991,4,"RUE JEAN PIERRE TIMBAUD",0,NULL,1,2,0,1,0,0,1,NULL,NULL,1,0,1,30
201900016659,30,12,2019,09:45:00,1,59,59074,2,1,7,2,"rue Jules Guesde","50,0927550","3,4395340",201900016659,138 275 304,B01,2,1,0,2,4,2,5,NULL,201900016659,138 275 303,A01,1,1,1,1,1975,4,1,-1,-1,0,0,-1,201900016659,3,115,NULL,NULL,2,2,0,1,(1),(1),1,NULL,NULL,1,0,1,50
201900016659,30,12,2019,09:45:00,1,59,59074,2,1,7,2,"rue Jules Guesde","50,0927550","3,4395340",201900016659,138 275 304,B01,2,1,0,2,4,2,5,NULL,201900016659,138 275 304,B01,1,1,3,1,1969,5,0,-1,-1,0,0,-1,201900016659,3,115,NULL,NULL,2,2,0,1,(1),(1),1,NULL,NULL,1,0,1,50
201900017954,2,7,2019,14:00:00,1,67,67212,2,6,1,7,"Rue de l'Église","48,5590210","7,6366970",201900017954,138 272 851,A01,0,1,0,0,0,1,5,NULL,201900017954,138 272 851,A01,1,1,4,1,1953,5,2,-1,-1,0,0,-1,201900017954,7,222,0,D,-1,2,0,1,(1),(1),2,NULL,NULL,8,9,1,30
201900017997,4,6,2019,20:40:00,1,75,75115,2,2,1,3,"RUE VICTOR DURUY","48,8367500","2,2995270",201900017997,138 272 763,B01,2,1,0,2,1,1,5,NULL,201900017997,138 272 762,A01,1,1,1,1,1957,5,2,6,-1,0,0,-1,201900017997,4,"RUE VICTOR DURUY",0,NULL,1,1,0,1,0,0,1,NULL,NULL,1,0,1,50
201900017997,4,6,2019,20:40:00,1,75,75115,2,2,1,3,"RUE VICTOR DURUY","48,8367500","2,2995270",201900017997,138 272 763,B01,2,1,0,2,1,1,5,NULL,201900017997,138 272 763,B01,1,1,4,2,1967,5,2,0,-1,0,0,-1,201900017997,4,"RUE VICTOR DURUY",0,NULL,1,1,0,1,0,0,1,NULL,NULL,1,0,1,50
201900020309,16,3,2019,05:30:00,3,973,97309,2,1,1,2,"la matourienne","4,8788038"," -52,2956085",201900020309,138 268 434,B01,2,1,0,2,6,0,5,NULL,201900020309,138 268 434,B01,1,1,3,1,1961,0,0,-1,-1,0,0,-1,201900020309,3,25,0,NULL,2,2,0,1,11,560,1,NULL,NULL,1,0,3,80
201900020309,16,3,2019,05:30:00,3,973,97309,2,1,1,2,"la matourienne","4,8788038"," -52,2956085",201900020309,138 268 434,B01,2,1,0,2,6,0,5,NULL,201900020309,138 268 435,A01,1,1,1,1,2000,5,1,-1,-1,0,0,-1,201900020309,3,25,0,NULL,2,2,0,1,11,560,1,NULL,NULL,1,0,3,80
201900021211,15,4,2019,19:30:00,2,68,68066,2,1,1,6,"LADHOF (RUE DU)","48,0822330","7,3648890",201900021211,138 266 730,B01,1,1,1,0,2,1,0,NULL,201900021211,138 266 730,B01,1,1,3,2,2002,9,2,0,-1,-1," -1",-1,201900021211,4,"LADHOF (RUE DU)",0,NULL,1,1,1,1,0,0,2,NULL,NULL,1,0,1,50