Num_Acc,jour,mois,an,hrmn,lum,dep,com,agg,int,atm,col,adr,lat,long,Num_Acc,id_vehicule,num_veh,senc,catv,obs,obsm,choc,manv,motor,occutc,Num_Acc,id_vehicule,num_veh,place,catu,grav,sexe,an_nais,trajet,secu1,secu2,secu3,locp,actp,etatp,Num_Acc,catr,voie,v1,v2,circ,nbv,vosp,prof,pr,pr1,plan,lartpc,larrout,surf,infra,situ,vma
201900021672,24,6,2019,10:20:00,1,76,76575,2,1,1,1,"CANADIENS. AVENUE DES","49,4051100","1,0676300",201900021672,138 265 864,A01,3,1,0,2,3,0,5,NULL,201900021672,138 265 864,A01,1,1,4,1,1995,0,8,0,-1,0,0,-1,201900021672,3,938,0,NULL,2,2,0,1,18,0,1,NULL,NULL,1,0,1,50
201900021672,24,6,2019,10:20:00,1,76,76575,2,1,1,1,"CANADIENS. AVENUE DES","49,4051100","1,0676300",201900021672,138 265 864,A01,3,1,0,2,3,0,5,NULL,201900021672,138 265 865,B01,1,1,1,1,1969,0,1,0,-1,0,0,-1,201900021672,3,938,0,NULL,2,2,0,1,18,0,1,NULL,NULL,1,0,1,50
201900023298,18,7,2019,14:53:00,1,44,44135,1,6,1,3,"BD ATLANTIQUE / RUE DE L'ARC EN CIEL","47,2779000"," -2,4383500",201900023298,138 262 679,B01,0,1,0,2,0,1,0,NULL,201900023298,138 262 679,B01,1,1,3,1,1996,0,8,0,-1,0,0,-1,201900023298,4,NULL,0,NULL,2,2,0,1,0,0,1,NULL,NULL,1,9,1,70
201900023298,18,7,2019,14:53:00,1,44,44135,1,6,1,3,"BD ATLANTIQUE / RUE DE L'ARC EN CIEL","47,2779000"," -2,4383500",201900023298,138 262 679,B01,0,1,0,2,0,1,0,NULL,201900023298,138 262 680,A01,1,1,1,2,1979,0,1,0,-1,0,0,-1,201900023298,4,NULL,0,NULL,2,2,0,1,0,0,1,NULL,NULL,1,9,1,70
201900023999,28,1,2019,11:00:00,1,69,69383,2,2,2,3,"MAZENOD                             (R )","45,7592100","4,8523300",201900023999,138 261 227,B01,2,1,0,2,1,19,5,NULL,201900023999,138 261 227,B01,1,1,4,1,1980,0,8,0,-1,0,0,-1,201900023999,4,"MAZENOD                             (R )",0,NULL,1,1,2,1,1,0,1,NULL,NULL,2,0,1,50
201900023999,28,1,2019,11:00:00,1,69,69383,2,2,2,3,"MAZENOD                             (R )","45,7592100","4,8523300",201900023999,138 261 227,B01,2,1,0,2,1,19,5,NULL,201900023999,138 261 228,A01,1,1,1,1,1996,4,1,0,-1,0,0,-1,201900023999,4,"MAZENOD                             (R )",0,NULL,1,1,2,1,1,0,1,NULL,NULL,2,0,1,50
201900025429,29,4,2019,15:05:00,1,67,67365,2,1,1,6,"HOHWARTH (RUE DE LA)","48,5495560","7,7100570",201900025429,138 258 492,A01,1,1,0,1,3,1,5,NULL,201900025429,138 258 492,A01,1,1,4,1,1990,0,2,8,-1,-1,0,-1,201900025429,4,"HOHWARTH (RUE DE LA)",0,NULL,2,2,1,1,0,0,1,NULL,NULL,1,0,1,50
201900025429,29,4,2019,15:05:00,1,67,67365,2,1,1,6,"HOHWARTH (RUE DE LA)","48,5495560","7,7100570",201900025429,138 258 492,A01,1,1,0,1,3,1,5,NULL,201900025429,138 258 492,A01,10,3,4,2,2008,9,8,0,-1,8,5,3,201900025429,4,"HOHWARTH (RUE DE LA)",0,NULL,2,2,1,1,0,0,1,NULL,NULL,1,0,1,50
201900026280,17,9,2019,13:20:00,1,44,44184,2,1,1,6,"MITTERRAND (AVENUE FRANÇOIS)","47,2703000"," -2,2254000",201900026280,138 256 837,B01,3,1,0,2,1,1,5,NULL,201900026280,138 256 836,A01,1,1,1,2,1964,0,1,8,-1,0,0,-1,201900026280,4,NULL,0,NULL,3,2,1,1,0,1,1,NULL,NULL,1,0,1,50
201900026280,17,9,2019,13:20:00,1,44,44184,2,1,1,6,"MITTERRAND (AVENUE FRANÇOIS)","47,2703000"," -2,2254000",201900026280,138 256 837,B01,3,1,0,2,1,1,5,NULL,201900026280,138 256 837,B01,1,1,4,1,1962,5,8,8,-1,0,0,-1,201900026280,4,NULL,0,NULL,3,2,1,1,0,1,1,NULL,NULL,1,0,1,50
201900028540,12,4,2019,08:10:00,1,34,34003,2,6,1,3,"CONTREBANDIERS (AVENUE DES)","43,2904200","3,5140600",201900028540,138 252 644,B01,3,1,0,2,8,19,5,NULL,201900028540,138 252 643,A01,1,1,1,1,1988,4,8,0,-1,0,0,-1,201900028540,4,"CONTREBANDIERS (AVENUE DES)",0,NULL,3,4,0,1,(1),(1),1,NULL,NULL,1,0,1,50
201900028540,12,4,2019,08:10:00,1,34,34003,2,6,1,3,"CONTREBANDIERS (AVENUE DES)","43,2904200","3,5140600",201900028540,138 252 644,B01,3,1,0,2,8,19,5,NULL,201900028540,138 252 644,B01,1,1,2,1,1948,5,8,0,-1,0,0,-1,201900028540,4,"CONTREBANDIERS (AVENUE DES)",0,NULL,3,4,0,1,(1),(1),1,NULL,NULL,1,0,1,50
201900028698,19,7,2019,21:00:00,2,69,69092,2,6,1,3,"SALENGRO (Boulevard Roger)","46,0007500","4,7175800",201900028698,138 252 349,B01,3,1,0,2,1,0,5,NULL,201900028698,138 252 348,A01,1,1,1,2,1967,0,1,0,-1,-1,0,-1,201900028698,4,"SALENGRO (Boulevard Roger)",0,NULL,2,1,0,1,0,0,1,NULL,NULL,1,0,1,50
201900028698,19,7,2019,21:00:00,2,69,69092,2,6,1,3,"SALENGRO (Boulevard Roger)","46,0007500","4,7175800",201900028698,138 252 349,B01,3,1,0,2,1,0,5,NULL,201900028698,138 252 348,A01,2,2,1,1,1961,0,1,0,-1,-1,0,-1,201900028698,4,"SALENGRO (Boulevard Roger)",0,NULL,2,1,0,1,0,0,1,NULL,NULL,1,0,1,50
201900028698,19,7,2019,21:00:00,2,69,69092,2,6,1,3,"SALENGRO (Boulevard Roger)","46,0007500","4,7175800",201900028698,138 252 349,B01,3,1,0,2,1,0,5,NULL,201900028698,138 252 349,B01,1,1,4,1,1984,0,8,0,-1,-1,0,-1,201900028698,4,"SALENGRO (Boulevard Roger)",0,NULL,2,1,0,1,0,0,1,NULL,NULL,1,0,1,50
201900029309,12,11,2019,07:40:00,1,34,34299,2,1,1,1,"Rue Georges Ricard","43,2859200","3,2738370",201900029309,138 251 222,B01,3,1,0,2,1,17,5,NULL,201900029309,138 251 222,B01,1,1,4,1,2007,2,2,-1,-1,0,0,-1,201900029309,4,NULL,NULL,NULL,2,2,0,1,(1),(1),1,NULL,NULL,1,0,1,50
201900029309,12,11,2019,07:40:00,1,34,34299,2,1,1,1,"Rue Georges Ricard","43,2859200","3,2738370",201900029309,138 251 222,B01,3,1,0,2,1,17,5,NULL,201900029309,138 251 223,A01,1,1,1,2,1986,1,1,-1,-1,0,0,-1,201900029309,4,NULL,NULL,NULL,2,2,0,1,(1),(1),1,NULL,NULL,1,0,1,50
201900030600,4,3,2019,20:00:00,5,67,67448,2,1,1,2,"19 route du Donon","48,4823130","7,2049250",201900030600,138 248 796,B01,2,1,0,0,4,1,2,NULL,201900030600,138 248 796,B01,1,1,3,1,1987,5,9,-1,-1,0,0,-1,201900030600,3,392,NULL,NULL,2,2,0,1,(1),(1),1,NULL,NULL,1,0,1,50
201900030600,4,3,2019,20:00:00,5,67,67448,2,1,1,2,"19 route du Donon","48,4823130","7,2049250",201900030600,138 248 796,B01,2,1,0,0,4,1,2,NULL,201900030600,138 248 797,A01,1,1,1,1,1967,1,1,-1,-1,0,0,-1,201900030600,3,392,NULL,NULL,2,2,0,1,(1),(1),1,NULL,NULL,1,0,1,50
201900031149,9,11,2019,11:20:00,1,93,93029,2,2,1,3,"JACQUELINE QUATREMAIRE","48,9191900","2,4605300",201900031149,138 247 768,B01,0,1,0,2,2,19,5,NULL,201900031149,138 247 767,A01,1,1,1,2,1971,5,1,0,-1,-1," -1",-1,201900031149,4,"JACQUELINE QUATREMAIRE",0,NULL,2,2,0,1,0,0,1,NULL,NULL,1,0,2,50
201900031149,9,11,2019,11:20:00,1,93,93029,2,2,1,3,"JACQUELINE QUATREMAIRE","48,9191900","2,4605300",201900031149,138 247 768,B01,0,1,0,2,2,19,5,NULL,201900031149,138 247 768,B01,1,1,4,1,2007,5,8,0,-1,-1," -1",-1,201900031149,4,"JACQUELINE QUATREMAIRE",0,NULL,2,2,0,1,0,0,1,NULL,NULL,1,0,2,50
201900031912,5,9,2019,11:10:00,1,67,67544,2,9,1,1,"33 Rue de la Pépinière","49,0267760","7,9461820",201900031912,138 246 381,B01,3,1,0,0,1,19,5,NULL,201900031912,138 246 381,B01,1,1,3,2,1970,3,0,-1,-1,0,0,-1,201900031912,6,NULL,NULL,NULL,1,1,0,1,(1),(1),1,NULL,NULL,1,0,1,20
201900031912,5,9,2019,11:10:00,1,67,67544,2,9,1,1,"33 Rue de la Pépinière","49,0267760","7,9461820",201900031912,138 246 381,B01,3,1,0,0,1,19,5,NULL,201900031912,138 246 382,A01,1,1,1,1,1988,3,8,-1,-1,0,0,-1,201900031912,6,NULL,NULL,NULL,1,1,0,1,(1),(1),1,NULL,NULL,1,0,1,20
201900033116,11,12,2019,16:40:00,5,67,67291,2,6,3,2,"Rue de la Liberte","48,8649590","7,6814930",201900033116,138 243 989,B01,0,1,0,0,4,2,5,NULL,201900033116,138 243 989,B01,1,1,3,1,1962,0,2,-1,-1,0,0,-1,201900033116,4,56,NULL,NULL,-1,2,0,1,0,0,2,NULL,NULL,2,9,1,50
201900033116,11,12,2019,16:40:00,5,67,67291,2,6,3,2,"Rue de la Liberte","48,8649590","7,6814930",201900033116,138 243 989,B01,0,1,0,0,4,2,5,NULL,201900033116,138 243 990,A01,1,1,1,2,1953,0,1,-1,-1,0,0,-1,201900033116,4,56,NULL,NULL,-1,2,0,1,0,0,2,NULL,NULL,2,9,1,50
201900034500,16,5,2019,21:00:00,1,13,13215,2,1,1,2,"LYON (RUE DE)","43,3312000","5,3649400",201900034500,138 241 340,B01,3,1,0,2,4,19,5,NULL,201900034500,138 241 340,B01,1,1,4,1,2009,0,8,0,-1,0,0,-1,201900034500,4,"LYON (RUE DE)",0,NULL,2,2,0,1,0,0,1,NULL,NULL,1,0,1,50
201900035481,18,1,2019,12:30:00,1,35,35278,2,3,1,3,"BOUTIERE (BOULEVARD DE LA)","48,1433630"," -1,6874110",201900035481,138 239 400,B01,0,1,0,2,1,1,5,NULL,201900035481,138 239 400,B01,2,1,4,1,1993,1,8,0,-1,-1,0,-1,201900035481,4,"BOUTIERE (BOULEVARD DE LA)",0,NULL,3,2,0,1,0,0,1,NULL,NULL,1,0,4,50
201900035481,18,1,2019,12:30:00,1,35,35278,2,3,1,3,"BOUTIERE (BOULEVARD DE LA)","48,1433630"," -1,6874110",201900035481,138 239 400,B01,0,1,0,2,1,1,5,NULL,201900035481,138 239 401,A01,1,1,1,2,1984,9,1,0,-1,-1,0,-1,201900035481,4,"BOUTIERE (BOULEVARD DE LA)",0,NULL,3,2,0,1,0,0,1,NULL,NULL,1,0,4,50
201900041342,4,4,2019,17:10:00,1,75,75110,2,1,1,2,"RUE DE LA GRANGE AUX BELLES","48,8763750","2,3687410",201900041342,138 228 460,B01,1,1,0,2,0,18,5,NULL,201900041342,138 228 459,A01,2,2,4,2,1956,0,0,0,-1,0,0,-1,201900041342,4,"RUE DE LA GRANGE AUX BELLES",0,NULL,1,1,0,1,0,0,1,NULL,NULL,1,8,1,30
201900041342,4,4,2019,17:10:00,1,75,75110,2,1,1,2,"RUE DE LA GRANGE AUX BELLES","48,8763750","2,3687410",201900041342,138 228 460,B01,1,1,0,2,0,18,5,NULL,201900041342,138 228 459,A01,1,1,1,1,1977,4,1,0,-1,0,0,-1,201900041342,4,"RUE DE LA GRANGE AUX BELLES",0,NULL,1,1,0,1,0,0,1,NULL,NULL,1,8,1,30
201900041342,4,4,2019,17:10:00,1,75,75110,2,1,1,2,"RUE DE LA GRANGE AUX BELLES","48,8763750","2,3687410",201900041342,138 228 460,B01,1,1,0,2,0,18,5,NULL,201900041342,138 228 460,B01,1,1,4,1,2001,5,2,0,-1,0,0,-1,201900041342,4,"RUE DE LA GRANGE AUX BELLES",0,NULL,1,1,0,1,0,0,1,NULL,NULL,1,8,1,30
201900043054,28,8,2019,13:15:00,1,38,38229,2,3,1,3,"Rue Dubois Aymé","45,2117700","5,7898800",201900043054,138 225 180,B01,3,1,0,2,1,1,6,NULL,201900043054,138 225 179,A01,1,1,1,2,1953,3,1,-1,-1,0,0,-1,201900043054,4,"Rue Dubois Aymé",NULL,NULL,2,2,1,1,(1),(1),1,NULL,NULL,1,6,5,50
201900043054,28,8,2019,13:15:00,1,38,38229,2,3,1,3,"Rue Dubois Aymé","45,2117700","5,7898800",201900043054,138 225 180,B01,3,1,0,2,1,1,6,NULL,201900043054,138 225 180,B01,1,1,3,2,1957,1,2,-1,-1,0,0,-1,201900043054,4,"Rue Dubois Aymé",NULL,NULL,2,2,1,1,(1),(1),1,NULL,NULL,1,6,5,50
201900044292,23,2,2019,09:00:00,1,64,64545,1,1,1,3,RD810,"43,3460849"," -1,7522329",201900044292,138 222 860,B01,2,1,0,2,8,2,6,NULL,201900044292,138 222 860,B01,1,1,4,1,1956,0,2,0,-1,0,0,-1,201900044292,3,810,0,NULL,2,2,0,1,36,89,1,NULL,NULL,1,0,1,50
201900044292,23,2,2019,09:00:00,1,64,64545,1,1,1,3,RD810,"43,3460849"," -1,7522329",201900044292,138 222 860,B01,2,1,0,2,8,2,6,NULL,201900044292,138 222 861,A01,1,1,1,1,1989,0,1,0,-1,0,0,-1,201900044292,3,810,0,NULL,2,2,0,1,36,89,1,NULL,NULL,1,0,1,50
201900045305,17,7,2019,08:45:00,1,29,29061,2,6,1,3,"Route de Saint-Renan","48,4492120"," -4,4763849",201900045305,138 220 897,B01,2,1,0,0,7,1,5,NULL,201900045305,138 220 897,B01,1,1,3,2,1986,1,2,-1,-1,0,0,-1,201900045305,3,67,NULL,NULL,2,2,0,1,12,550,1,NULL,NULL,1,0,1,50
201900045305,17,7,2019,08:45:00,1,29,29061,2,6,1,3,"Route de Saint-Renan","48,4492120"," -4,4763849",201900045305,138 220 897,B01,2,1,0,0,7,1,5,NULL,201900045305,138 220 898,A01,1,1,1,1,1999,0,1,-1,-1,0,0,-1,201900045305,3,67,NULL,NULL,2,2,0,1,12,550,1,NULL,NULL,1,0,1,50
201900046246,12,1,2019,11:40:00,1,72,72181,2,6,1,3,"CHURCHILL WINSTON (BD) IMP DE 13 A 39","47,9908100","0,2246000",201900046246,138 219 080,B01,2,1,0,2,4,1,5,NULL,201900046246,138 219 080,B01,1,1,4,1,1963,5,2,0,-1,-1," -1",-1,201900046246,4,"CHURCHILL WINSTON (BD) IMP DE 13 A 39",0,NULL,1,2,0,1,0,0,2,NULL,NULL,1,0,1,50
201900046246,12,1,2019,11:40:00,1,72,72181,2,6,1,3,"CHURCHILL WINSTON (BD) IMP DE 13 A 39","47,9908100","0,2246000",201900046246,138 219 080,B01,2,1,0,2,4,1,5,NULL,201900046246,138 219 081,A01,1,1,1,1,1971,3,1,0,-1,-1,0,-1,201900046246,4,"CHURCHILL WINSTON (BD) IMP DE 13 A 39",0,NULL,1,2,0,1,0,0,2,NULL,NULL,1,0,1,50
201900046325,10,1,2019,07:45:00,2,37,37261,2,3,1,3,"FUYE( RUE DE LE )","47,3877600","0,7030400",201900046325,138 218 931,B01,1,1,0,2,8,1,5,NULL,201900046325,138 218 930,A01,1,1,1,2,1982,1,1,8,-1,-1,0,-1,201900046325,4,"FUYE( RUE DE LE )",0,NULL,1,1,2,1,0,0,1,NULL,NULL,1,5,1,50
201900046325,10,1,2019,07:45:00,2,37,37261,2,3,1,3,"FUYE( RUE DE LE )","47,3877600","0,7030400",201900046325,138 218 931,B01,1,1,0,2,8,1,5,NULL,201900046325,138 218 931,B01,1,1,4,2,1967,1,2,0,-1,-1,0,-1,201900046325,4,"FUYE( RUE DE LE )",0,NULL,1,1,2,1,0,0,1,NULL,NULL,1,5,1,50
201900046444,20,9,2019,12:30:00,1,78,78640,2,1,1,6,"GENERAL VALERIE ANDRE (RUE DU)","48,7776100","2,1915100",201900046444,138 218 695,B01,3,1,0,2,0,1,5,NULL,201900046444,138 218 695,B01,1,1,3,2,1962,5,2,0,-1,-1," -1",-1,201900046444,4,"GENERAL VALERIE ANDRE (RUE DU)",0,NULL,2,2,0,1,0,0,1,NULL,NULL,1,0,1,50
201900046444,20,9,2019,12:30:00,1,78,78640,2,1,1,6,"GENERAL VALERIE ANDRE (RUE DU)","48,7776100","2,1915100",201900046444,138 218 695,B01,3,1,0,2,0,1,5,NULL,201900046444,138 218 696,A01,1,1,1,2,1977,4,1,0,-1,-1," -1",-1,201900046444,4,"GENERAL VALERIE ANDRE (RUE DU)",0,NULL,2,2,0,1,0,0,1,NULL,NULL,1,0,1,50
201900049009,20,5,2019,12:00:00,1,67,67281,2,3,1,3,"Rue de l'Industrie","48,1579480","7,5491750",201900049009,138 213 959,B01,3,1,0,2,1,19,5,NULL,201900049009,138 213 958,A01,1,1,1,2,1967,1,1,-1,-1,0,0,-1,201900049009,4,NULL,NULL,NULL,2,2,0,1,(1),(1),1,NULL,NULL,1,0,1,50
201900049009,20,5,2019,12:00:00,1,67,67281,2,3,1,3,"Rue de l'Industrie","48,1579480","7,5491750",201900049009,138 213 959,B01,3,1,0,2,1,19,5,NULL,201900049009,138 213 959,B01,1,1,4,1,2009,2,0,-1,-1,0,0,-1,201900049009,4,NULL,NULL,NULL,2,2,0,1,(1),(1),1,NULL,NULL,1,0,1,50
201900049241,6,12,2019,12:23:00,1,31,31555,2,2,1,3,"BD LAZARE CARNOT","43,6044500","1,4502700",201900049241,138 213 513,B01,2,1,0,2,1,19,5,NULL,201900049241,138 213 513,B01,1,1,4,2,1968,9,2,8,-1,-1,0,-1,201900049241,4,NULL,0,NULL,2,4,0,1,0,0,1,NULL,NULL,1,0,1,50
201900049241,6,12,2019,12:23:00,1,31,31555,2,2,1,3,"BD LAZARE CARNOT","43,6044500","1,4502700",201900049241,138 213 513,B01,2,1,0,2,1,19,5,NULL,201900049241,138 213 514,A01,1,1,1,1,1991,4,1,8,-1,-1,0,-1,201900049241,4,NULL,0,NULL,2,4,0,1,0,0,1,NULL,NULL,1,0,1,50
201900049561,20,2,2019,16:50:00,1,971,97103,1,3,1,3,CASTELBON,"16,2419030"," -61,6218470",201900049561,138 212 935,A01,3,1,0,2,3,15,6,NULL,201900049561,138 212 935,A01,1,1,3,1,2004,5,0,-1,-1,0,0,-1,201900049561,4,NULL,NULL,NULL,2,2,0,4,(1),(1),3,NULL,NULL,1,0,1,70
201900049561,20,2,2019,16:50:00,1,971,97103,1,3,1,3,CASTELBON,"16,2419030"," -61,6218470",201900049561,138 212 935,A01,3,1,0,2,3,15,6,NULL,201900049561,138 212 936,B01,1,1,1,1,1974,1,1,-1,-1,0,0,-1,201900049561,4,NULL,NULL,NULL,2,2,0,4,(1),(1),3,NULL,NULL,1,0,1,70
201900051100,4,12,2019,18:38:00,5,49,49007,2,1,1,3,"VILLESICARD RUE ET SQUARE","47,4520000"," -0,5380600",201900051100,138 210 088,B01,1,1,0,2,1,0,5,NULL,201900051100,138 210 087,A01,1,1,1,1,2000,0,1,8,-1,-1,0,-1,201900051100,4,"VILLESICARD RUE ET SQUARE",0,NULL,2,2,0,1,0,0,1,NULL,NULL,1,0,1,60
201900051100,4,12,2019,18:38:00,5,49,49007,2,1,1,3,"VILLESICARD RUE ET SQUARE","47,4520000"," -0,5380600",201900051100,138 210 088,B01,1,1,0,2,1,0,5,NULL,201900051100,138 210 088,B01,1,1,4,1,1992,0,8,8,-1,-1,0,-1,201900051100,4,"VILLESICARD RUE ET SQUARE",0,NULL,2,2,0,1,0,0,1,NULL,NULL,1,0,1,60
201900051279,8,6,2019,19:00:00,1,31,31555,2,1,1,1,"CHE DU CHAPITRE","43,5594000","1,4109400",201900051279,138 209 742,B01,0,1,0,2,0,10,5,NULL,201900051279,138 209 741,A01,1,1,1,1,1989,0,2,0,-1,-1,0,-1,201900051279,4,NULL,0,NULL,2,2,1,1,0,0,1,NULL,NULL,1,0,1,50
201900051279,8,6,2019,19:00:00,1,31,31555,2,1,1,1,"CHE DU CHAPITRE","43,5594000","1,4109400",201900051279,138 209 742,B01,0,1,0,2,0,10,5,NULL,201900051279,138 209 742,B01,1,1,3,1,1966,9,8,0,-1,-1,0,-1,201900051279,4,NULL,0,NULL,2,2,1,1,0,0,1,NULL,NULL,1,0,1,50
201900054111,12,7,2019,08:40:00,1,35,35085,2,1,2,6,"Avenue de la Libération","48,4149890"," -1,7340390",201900054111,138 204 275,A01,3,1,0,1,0,1,5,NULL,201900054111,138 204 275,A01,10,3,4,2,1942,5,0,-1,-1,5,3,1,201900054111,4,NULL,NULL,NULL,2,2,1,1,(1),(1),1,NULL,NULL,1,0,5,50
201900054111,12,7,2019,08:40:00,1,35,35085,2,1,2,6,"Avenue de la Libération","48,4149890"," -1,7340390",201900054111,138 204 275,A01,3,1,0,1,0,1,5,NULL,201900054111,138 204 275,A01,1,1,1,1,2002,5,0,-1,-1,0,0,-1,201900054111,4,NULL,NULL,NULL,2,2,1,1,(1),(1),1,NULL,NULL,1,0,5,50
201900056929,6,6,2019,10:30:00,1,75,75111,2,3,1,3,"RUE DU CHEMIN VERT","48,8581350","2,3719830",201900056929,138 199 111,B01,2,1,0,2,2,17,5,NULL,201900056929,138 199 111,B01,1,1,4,1,1989,0,8,0,-1,0,0,-1,201900056929,4,"RUE DU CHEMIN VERT",0,NULL,1,1,0,1,0,0,1,NULL,NULL,1,0,1,30
201900056929,6,6,2019,10:30:00,1,75,75111,2,3,1,3,"RUE DU CHEMIN VERT","48,8581350","2,3719830",201900056929,138 199 111,B01,2,1,0,2,2,17,5,NULL,201900056929,138 199 112,A01,1,1,1,1,1983,5,8,0,-1,0,0,-1,201900056929,4,"RUE DU CHEMIN VERT",0,NULL,1,1,0,1,0,0,1,NULL,NULL,1,0,1,30
201900009140,5,7,2019,11:25:00,1,72,72181,2,1,1,3,"BREGUET LOUIS (RUE)","47,9763500","0,1672600",201900009140,138 289 406,A01,3,1,0,2,1,15,5,NULL,201900009140,138 289 406,A01,1,1,3,1,1943,5,8,0,-1,0,0,-1,201900009140,4,"BREGUET LOUIS (RUE)",0,NULL,2,2,2,1,0,0,1,NULL,NULL,1,0,1,50
201900009140,5,7,2019,11:25:00,1,72,72181,2,1,1,3,"BREGUET LOUIS (RUE)","47,9763500","0,1672600",201900009140,138 289 406,A01,3,1,0,2,1,15,5,NULL,201900009140,138 289 407,B01,1,1,1,1,1971,4,1,0,-1,0,0,-1,201900009140,4,"BREGUET LOUIS (RUE)",0,NULL,2,2,2,1,0,0,1,NULL,NULL,1,0,1,50
201900009140,5,7,2019,11:25:00,1,72,72181,2,1,1,3,"BREGUET LOUIS (RUE)","47,9763500","0,1672600",201900009140,138 289 406,A01,3,1,0,2,1,15,5,NULL,201900009140,138 289 407,B01,2,2,1,1,1984,4,1,0,-1,0,0,-1,201900009140,4,"BREGUET LOUIS (RUE)",0,NULL,2,2,2,1,0,0,1,NULL,NULL,1,0,1,50
201900012797,4,7,2019,09:00:00,1,77,77508,1,1,1,3,"RD 21","48,8177800","2,8612200",201900012797,138 282 643,B01,2,1,0,2,4,0,0,NULL,201900012797,138 282 643,B01,1,1,3,1,1956,5,2,-1,-1,0,0,-1,201900012797,3,21,0,NULL,2,2,0,1,19,550,1,NULL,NULL,1,0,1,80
201900013294,11,9,2019,14:10:00,1,33,33063,2,3,1,3,"Crs de Verdun / Crs de Gourgues","44,8471280"," -0,5766510",201900013294,138 281 721,B01,1,1,0,2,1,1,0,NULL,201900013294,138 281 720,A01,1,1,1,1,1994,4,1,0,-1,-1," -1",-1,201900013294,4,"CRS DE VERDUN",0,NULL,2,5,1,1,0,0,1,NULL,NULL,1,0,1,50
201900013294,11,9,2019,14:10:00,1,33,33063,2,3,1,3,"Crs de Verdun / Crs de Gourgues","44,8471280"," -0,5766510",201900013294,138 281 721,B01,1,1,0,2,1,1,0,NULL,201900013294,138 281 721,B01,1,1,3,2,1994,0,2,0,-1,-1," -1",-1,201900013294,4,"CRS DE VERDUN",0,NULL,2,5,1,1,0,0,1,NULL,NULL,1,0,1,50
201900016182,1,7,2019,19:39:00,1,63,63113,2,1,1,6,"JAUDE PLACE DE)","45,7771233","3,0815499",201900016182,138 276 289,A01,0,1,8,0,0,1,5,NULL,201900016182,138 276 289,A01,1,1,4,1,1982,0,8,0,-1,0,0,-1,201900016182,4,"JAUDE PLACE DE)",0,NULL,-1,2,3,1,(1),(1),1,NULL,NULL,1,9,1,30
201900019132,10,9,2019,17:55:00,1,51,51454,2,6,1,3,"BOULEVARD DIEU LUMIERE","49,2409300","4,0440400",201900019132,138 270 678,B01,0,1,0,2,8,19,0,NULL,201900019132,138 270 677,A01,1,1,1,1,2000,9,8,8,-1,-1,0,-1,201900019132,4,"BOULEVARD DIEU LUMIERE",0,NULL,2,2,0,2,(1),(1),1,NULL,NULL,1,5,1,50
201900019132,10,9,2019,17:55:00,1,51,51454,2,6,1,3,"BOULEVARD DIEU LUMIERE","49,2409300","4,0440400",201900019132,138 270 678,B01,0,1,0,2,8,19,0,NULL,201900019132,138 270 678,B01,1,1,4,2,1976,1,8,0,-1,-1,0,-1,201900019132,4,"BOULEVARD DIEU LUMIERE",0,NULL,2,2,0,2,(1),(1),1,NULL,NULL,1,5,1,50
201900022686,10,10,2019,09:17:00,1,29,29019,2,1,1,3,"AV PROVENCE","48,4073447"," -4,5176544",201900022686,138 263 906,B01,3,1,0,2,2,1,5,NULL,201900022686,138 263 905,A01,1,1,1,2,1960,9,1,0,-1,-1," -1",-1,201900022686,4,"PROVENCE (AVENUE ET ROND POINT)",0,NULL,2,0,0,1,0,0,2,NULL,NULL,1,0,1,50
201900022686,10,10,2019,09:17:00,1,29,29019,2,1,1,3,"AV PROVENCE","48,4073447"," -4,5176544",201900022686,138 263 906,B01,3,1,0,2,2,1,5,NULL,201900022686,138 263 906,B01,1,1,4,2,1984,1,2,8,-1,-1," -1",-1,201900022686,4,"PROVENCE (AVENUE ET ROND POINT)",0,NULL,2,0,0,1,0,0,2,NULL,NULL,1,0,1,50
201900024971,26,6,2019,19:50:00,1,75,75104,2,1,1,3,"BOULEVARD BOURDON","48,8521830","2,3678880",201900024971,138 259 349,B01,0,1,0,2,1,1,5,NULL,201900024971,138 259 349,B01,1,1,4,2,1996,5,8,0,-1,0,0,-1,201900024971,4,"BOULEVARD BOURDON",0,NULL,1,0,0,1,0,0,1,NULL,NULL,1,9,1,50
201900024971,26,6,2019,19:50:00,1,75,75104,2,1,1,3,"BOULEVARD BOURDON","48,8521830","2,3678880",201900024971,138 259 349,B01,0,1,0,2,1,1,5,NULL,201900024971,138 259 350,A01,1,1,1,2,1972,9,8,0,-1,0,0,-1,201900024971,4,"BOULEVARD BOURDON",0,NULL,1,0,0,1,0,0,1,NULL,NULL,1,9,1,50
201900027014,18,7,2019,11:45:00,1,26,26362,2,1,1,3,"ROMANS AVENUE DE (301)","44,9355200","4,9095500",201900027014,138 255 515,B01,3,1,0,2,1,1,5,NULL,201900027014,138 255 515,B01,1,1,3,1,1974,1,2,0,-1,-1," -1",-1,201900027014,4,"ROMANS AVENUE DE (301)",0,NULL,2,2,1,2,0,0,1,NULL,NULL,1,0,1,50