Num_Acc,jour,mois,an,hrmn,lum,dep,com,agg,int,atm,col,adr,lat,long,Num_Acc,id_vehicule,num_veh,senc,catv,obs,obsm,choc,manv,motor,occutc,Num_Acc,id_vehicule,num_veh,place,catu,grav,sexe,an_nais,trajet,secu1,secu2,secu3,locp,actp,etatp,Num_Acc,catr,voie,v1,v2,circ,nbv,vosp,prof,pr,pr1,plan,lartpc,larrout,surf,infra,situ,vma
201900027014,18,7,2019,11:45:00,1,26,26362,2,1,1,3,"ROMANS AVENUE DE (301)","44,9355200","4,9095500",201900027014,138 255 515,B01,3,1,0,2,1,1,5,NULL,201900027014,138 255 516,A01,1,1,1,1,1966,9,1,0,-1,-1," -1",-1,201900027014,4,"ROMANS AVENUE DE (301)",0,NULL,2,2,1,2,0,0,1,NULL,NULL,1,0,1,50
201900027439,12,11,2019,11:45:00,1,69,69389,2,3,1,1,"CHAPEAU ROUGE (DU)                  (R )","45,7726300","4,8078500",201900027439,138 254 699,A01,3,1,0,2,1,5,5,NULL,201900027439,138 254 698,B01,1,1,1,2,1953,1,1,0,-1,-1," -1",-1,201900027439,7,"CHAPEAU ROUGE (DU)                  (R )",0,NULL,1,2,2,2,0,0,1,NULL,NULL,1,0,1,50
201900027439,12,11,2019,11:45:00,1,69,69389,2,3,1,1,"CHAPEAU ROUGE (DU)                  (R )","45,7726300","4,8078500",201900027439,138 254 699,A01,3,1,0,2,1,5,5,NULL,201900027439,138 254 699,A01,1,1,3,1,1978,1,8,0,-1,-1," -1",-1,201900027439,7,"CHAPEAU ROUGE (DU)                  (R )",0,NULL,1,2,2,2,0,0,1,NULL,NULL,1,0,1,50
201900028347,24,6,2019,08:30:00,2,49,49278,1,6,1,2,"départementale 112","47,4202710"," -0,5822600",201900028347,138 253 054,B01,1,1,0,2,2,1,5,NULL,201900028347,138 253 054,B01,1,1,3,1,1951,5,2,-1,-1,0,0,-1,201900028347,3,112,0,NULL,2,2,0,1,2,200,2,NULL,NULL,1,0,1,80
201900028347,24,6,2019,08:30:00,2,49,49278,1,6,1,2,"départementale 112","47,4202710"," -0,5822600",201900028347,138 253 054,B01,1,1,0,2,2,1,5,NULL,201900028347,138 253 055,A01,1,1,1,2,1981,1,1,-1,-1,0,0,-1,201900028347,3,112,0,NULL,2,2,0,1,2,200,2,NULL,NULL,1,0,1,80
201900030073,4,9,2019,07:47:00,1,75,75113,2,3,1,3,"AVENUE D ITALIE","48,8267561","2,3570893",201900030073,138 249 757,A01,2,1,0,2,7,1,5,NULL,201900030073,138 249 757,A01,1,1,4,1,1994,0,2,8,-1,0,0,-1,201900030073,4,"AVENUE D ITALIE",0,NULL,2,4,1,1,0,0,1,NULL,NULL,1,0,5,50
201900030073,4,9,2019,07:47:00,1,75,75113,2,3,1,3,"AVENUE D ITALIE","48,8267561","2,3570893",201900030073,138 249 757,A01,2,1,0,2,7,1,5,NULL,201900030073,138 249 758,B01,1,1,1,1,1950,0,1,0,-1,0,0,-1,201900030073,4,"AVENUE D ITALIE",0,NULL,2,4,1,1,0,0,1,NULL,NULL,1,0,5,50
201900030823,3,5,2019,12:14:00,1,36,36202,1,1,1,3,"ROUTE DEPARTEMENTALE 67","46,8136816","1,6106451",201900030823,138 248 379,B01,2,1,0,0,8,1,5,NULL,201900030823,138 248 379,B01,1,1,4,2,1947,5,2,8,-1,0,0,-1,201900030823,3,67,0,NULL,-1,2,0,1,13,480,1,NULL,NULL,1,0,1,80
201900030823,3,5,2019,12:14:00,1,36,36202,1,1,1,3,"ROUTE DEPARTEMENTALE 67","46,8136816","1,6106451",201900030823,138 248 379,B01,2,1,0,0,8,1,5,NULL,201900030823,138 248 380,A01,1,1,1,1,1959,9,1,8,-1,0,0,-1,201900030823,3,67,0,NULL,-1,2,0,1,13,480,1,NULL,NULL,1,0,1,80
201900031934,18,6,2019,10:40:00,1,28,28051,2,2,1,7,"Rue des Écoles","48,1827190","1,3898390",201900031934,138 246 335,A01,0,1,0,0,0,1,5,NULL,201900031934,138 246 335,A01,1,1,2,1,1948,5,0,-1,-1,0,0,-1,201900031934,3,14.2,NULL,NULL,2,-1,-1,1,(1),(1),1,NULL,NULL,1,0,1,-1
201900032034,31,5,2019,12:45:00,1,49,49007,2,1,1,3,GEOFFRAY,"47,4583187"," -0,5451834",201900032034,138 246 108,A01,1,1,0,2,1,0,5,NULL,201900032034,138 246 107,B01,1,1,1,1,1983,0,1,8,-1,-1,0,-1,201900032034,4,GEOFFRAY,0,NULL,2,2,0,1,0,0,1,NULL,NULL,1,0,1,60
201900032034,31,5,2019,12:45:00,1,49,49007,2,1,1,3,GEOFFRAY,"47,4583187"," -0,5451834",201900032034,138 246 108,A01,1,1,0,2,1,0,5,NULL,201900032034,138 246 108,A01,1,1,4,1,1990,0,8,0,-1,-1,0,-1,201900032034,4,GEOFFRAY,0,NULL,2,2,0,1,0,0,1,NULL,NULL,1,0,1,60
201900032646,24,7,2019,07:05:00,1,35,35278,2,6,1,3,"CHESNAIS BEAUREGARD (RUE DU)","48,1374620"," -1,6864830",201900032646,138 244 924,B01,3,1,0,2,3,1,5,NULL,201900032646,138 244 923,A01,1,1,1,1,1965,1,1,8,-1,-1,0,-1,201900032646,4,"CHESNAIS BEAUREGARD (RUE DU)",0,NULL,-1,1,0,1,0,0,1,NULL,NULL,1,0,1,50
201900032646,24,7,2019,07:05:00,1,35,35278,2,6,1,3,"CHESNAIS BEAUREGARD (RUE DU)","48,1374620"," -1,6864830",201900032646,138 244 924,B01,3,1,0,2,3,1,5,NULL,201900032646,138 244 924,B01,1,1,4,1,1992,1,2,0,-1,-1," -1",-1,201900032646,4,"CHESNAIS BEAUREGARD (RUE DU)",0,NULL,-1,1,0,1,0,0,1,NULL,NULL,1,0,1,50
201900033184,5,10,2019,17:20:00,1,34,34192,2,3,1,5,"Avenue de l'Eveche de Maguelone","43,5229610","3,9190620",201900033184,138 243 855,A01,2,1,0,2,1,1,5,NULL,201900033184,138 243 853,C01,1,1,1,2,1985,5,1,-1,-1,0,0,-1,201900033184,4,NULL,NULL,NULL,2,2,2,1,(1),(1),1,NULL,NULL,1,9,1,50
201900033184,5,10,2019,17:20:00,1,34,34192,2,3,1,5,"Avenue de l'Eveche de Maguelone","43,5229610","3,9190620",201900033184,138 243 855,A01,2,1,0,2,1,1,5,NULL,201900033184,138 243 854,B01,1,1,1,1,1962,5,1,-1,-1,0,0,-1,201900033184,4,NULL,NULL,NULL,2,2,2,1,(1),(1),1,NULL,NULL,1,9,1,50
201900033184,5,10,2019,17:20:00,1,34,34192,2,3,1,5,"Avenue de l'Eveche de Maguelone","43,5229610","3,9190620",201900033184,138 243 855,A01,2,1,0,2,1,1,5,NULL,201900033184,138 243 855,A01,1,1,3,1,1961,5,8,-1,-1,0,0,-1,201900033184,4,NULL,NULL,NULL,2,2,2,1,(1),(1),1,NULL,NULL,1,9,1,50
201900034414,23,7,2019,09:45:00,1,35,35278,2,3,1,3,"MILON (RUE A)","48,1530400"," -1,6845800",201900034414,138 241 496,B01,3,1,0,2,7,1,5,NULL,201900034414,138 241 496,B01,1,1,4,1,1943,5,2,0,-1,-1,0,-1,201900034414,4,"MILON (RUE A)",0,NULL,2,2,2,1,0,0,1,NULL,NULL,1,0,1,30
201900034414,23,7,2019,09:45:00,1,35,35278,2,3,1,3,"MILON (RUE A)","48,1530400"," -1,6845800",201900034414,138 241 496,B01,3,1,0,2,7,1,5,NULL,201900034414,138 241 497,A01,1,1,1,2,1961,5,1,0,-1,-1," -1",-1,201900034414,4,"MILON (RUE A)",0,NULL,2,2,2,1,0,0,1,NULL,NULL,1,0,1,30
201900035169,26,9,2019,08:15:00,1,35,35120,1,6,8,3,"La Pécochère","48,2086230"," -1,7555480",201900035169,138 240 035,A01,1,1,0,0,7,26,5,NULL,201900035169,138 240 035,A01,1,1,4,1,1975,1,2,-1,-1,0,0,-1,201900035169,3,27,NULL,NULL,1,2,0,1,17,950,2,NULL,NULL,1,5,1,80
201900035169,26,9,2019,08:15:00,1,35,35120,1,6,8,3,"La Pécochère","48,2086230"," -1,7555480",201900035169,138 240 035,A01,1,1,0,0,7,26,5,NULL,201900035169,138 240 036,B01,1,1,1,2,1968,1,8,-1,-1,0,0,-1,201900035169,3,27,NULL,NULL,1,2,0,1,17,950,2,NULL,NULL,1,5,1,80
201900037147,18,1,2019,07:15:00,5,13,13212,2,7,1,7,"BOURRELY (BOULEVARD)","43,3150200","5,4376700",201900037147,138 236 207,A01,1,1,0,0,1,0,5,NULL,201900037147,138 236 207,A01,1,1,4,1,1957,1,8,0,-1,-1," -1",-1,201900037147,4,"BOURRELY (BOULEVARD)",0,NULL,1,1,0,1,0,0,1,NULL,NULL,1,0,1,30
201900037326,24,8,2019,19:01:00,1,87,87050,1,1,1,6,"BELLEGARDE(RUE DU PETIT)","45,8758500","1,1914800",201900037326,138 235 879,A01,1,1,0,2,4,0,5,NULL,201900037326,138 235 879,A01,1,1,4,2,2010,5,2,0,-1,0,0,-1,201900037326,3,218,0,NULL,2,2,0,1,1,303,1,NULL,NULL,1,0,1,50
201900038445,21,6,2019,18:39:00,1,75,75108,2,3,1,3,"AVENUE DE FRIEDLAND","48,8741980","2,2997260",201900038445,138 233 829,A01,2,1,0,2,1,1,5,NULL,201900038445,138 233 828,B01,1,1,1,2,1967,0,1,0,-1,0,0,-1,201900038445,4,"AVENUE DE FRIEDLAND",0,NULL,2,3,0,1,0,0,1,NULL,NULL,1,0,1,50
201900038445,21,6,2019,18:39:00,1,75,75108,2,3,1,3,"AVENUE DE FRIEDLAND","48,8741980","2,2997260",201900038445,138 233 829,A01,2,1,0,2,1,1,5,NULL,201900038445,138 233 829,A01,2,1,4,1,1990,4,2,0,-1,0,0,-1,201900038445,4,"AVENUE DE FRIEDLAND",0,NULL,2,3,0,1,0,0,1,NULL,NULL,1,0,1,50
201900039272,29,8,2019,19:33:00,1,75,75119,2,2,1,6,"AVENUE DE FLANDRE","48,8905500","2,3768760",201900039272,138 232 255,Z01,3,1,0,1,1,5,5,NULL,201900039272,138 232 255,Z01,10,3,4,2,1979,5,0,0,0,4,3,2,201900039272,4,"AVENUE DE FLANDRE",0,NULL,3,3,1,1,0,0,1,NULL,NULL,1,0,5,50
201900040253,21,6,2019,21:00:00,2,35,35106,1,3,7,3,D57,"47,8255355"," -1,5140460",201900040253,138 230 453,A01,3,1,0,2,2,16,5,NULL,201900040253,138 230 453,A01,1,1,4,1,2005,5,0,-1,-1,0,0,-1,201900040253,3,57,0,NULL,2,2,0,1,27,900,1,NULL,NULL,1,0,1,80
201900040253,21,6,2019,21:00:00,2,35,35106,1,3,7,3,D57,"47,8255355"," -1,5140460",201900040253,138 230 453,A01,3,1,0,2,2,16,5,NULL,201900040253,138 230 454,B01,1,1,1,2,1981,0,1,-1,-1,0,0,-1,201900040253,3,57,0,NULL,2,2,0,1,27,900,1,NULL,NULL,1,0,1,80
201900040770,1,10,2019,12:45:00,1,75,75116,2,2,1,2,"RUE RAYNOUARD","48,8537189","2,2774148",201900040770,138 229 485,B01,1,1,0,2,4,2,5,NULL,201900040770,138 229 484,A01,1,1,1,1,1963,5,1,0,-1,0,0,-1,201900040770,4,"RUE RAYNOUARD",0,NULL,2,2,0,2,0,0,1,NULL,NULL,2,0,1,30
201900040770,1,10,2019,12:45:00,1,75,75116,2,2,1,2,"RUE RAYNOUARD","48,8537189","2,2774148",201900040770,138 229 485,B01,1,1,0,2,4,2,5,NULL,201900040770,138 229 485,B01,1,1,3,1,1993,0,8,2,-1,0,0,-1,201900040770,4,"RUE RAYNOUARD",0,NULL,2,2,0,2,0,0,1,NULL,NULL,2,0,1,30
201900041118,3,3,2019,16:00:00,1,65,65371,2,9,1,3,"122 CAMI DE BEAUCENS","42,9933910"," -0,0702550",201900041118,138 228 867,B01,1,1,0,2,1,1,5,NULL,201900041118,138 228 866,A01,1,1,1,1,1969,4,0,-1,-1,0,0,-1,201900041118,3,13,0,NULL,2,2,0,1,20,200,1,NULL,NULL,1,9,1,50
201900041118,3,3,2019,16:00:00,1,65,65371,2,9,1,3,"122 CAMI DE BEAUCENS","42,9933910"," -0,0702550",201900041118,138 228 867,B01,1,1,0,2,1,1,5,NULL,201900041118,138 228 867,B01,1,1,3,1,1951,5,2,-1,-1,0,0,-1,201900041118,3,13,0,NULL,2,2,0,1,20,200,1,NULL,NULL,1,9,1,50
201900043577,2,12,2019,17:55:00,5,38,38229,2,1,1,3,"Allee de la Faculte","45,2089400","5,7754170",201900043577,138 224 239,B01,2,1,0,2,1,1,5,NULL,201900043577,138 224 239,B01,1,1,3,1,1958,1,2,4,9,0,0,-1,201900043577,4,NULL,NULL,NULL,2,2,1,1,(1),(1),1,NULL,NULL,1,0,5,50
201900043577,2,12,2019,17:55:00,5,38,38229,2,1,1,3,"Allee de la Faculte","45,2089400","5,7754170",201900043577,138 224 239,B01,2,1,0,2,1,1,5,NULL,201900043577,138 224 240,A01,1,1,1,1,1966,0,1,-1,-1,0,0,-1,201900043577,4,NULL,NULL,NULL,2,2,1,1,(1),(1),1,NULL,NULL,1,0,5,50
201900044429,13,1,2019,08:20:00,1,83,83137,2,6,1,3,"BON RENCONTRE (ROND POINT)","43,1279700","5,9071900",201900044429,138 222 588,B01,3,1,0,2,1,26,0,NULL,201900044429,138 222 587,A01,1,1,1,2,1974,4,1,8,-1,-1,0,-1,201900044429,4,"BON RENCONTRE (ROND POINT)",0,NULL,4,2,0,1,0,0,2,NULL,NULL,1,5,1,50
201900044429,13,1,2019,08:20:00,1,83,83137,2,6,1,3,"BON RENCONTRE (ROND POINT)","43,1279700","5,9071900",201900044429,138 222 588,B01,3,1,0,2,1,26,0,NULL,201900044429,138 222 588,B01,1,1,3,1,1944,5,2,8,-1,-1,0,-1,201900044429,4,"BON RENCONTRE (ROND POINT)",0,NULL,4,2,0,1,0,0,2,NULL,NULL,1,5,1,50
201900050214,26,9,2019,16:00:00,1,54,54090,1,2,8,4,"RD 40","48,7471630","6,1663280",201900050214,138 211 706,C01,1,1,0,2,8,18,5,NULL,201900050214,138 211 706,C01,1,1,4,1,1975,5,2,-1,-1,0,0,-1,201900050214,3,40,NULL,NULL,2,2,0,1,0,300,1,NULL,NULL,2,5,1,50
201900050214,26,9,2019,16:00:00,1,54,54090,1,2,8,4,"RD 40","48,7471630","6,1663280",201900050214,138 211 706,C01,1,1,0,2,8,18,5,NULL,201900050214,138 211 707,B01,1,1,1,1,1965,-1,1,-1,-1,-1," -1",-1,201900050214,3,40,NULL,NULL,2,2,0,1,0,300,1,NULL,NULL,2,5,1,50
201900050214,26,9,2019,16:00:00,1,54,54090,1,2,8,4,"RD 40","48,7471630","6,1663280",201900050214,138 211 706,C01,1,1,0,2,8,18,5,NULL,201900050214,138 211 708,A01,1,1,1,1,1965,4,1,-1,-1,0,0,-1,201900050214,3,40,NULL,NULL,2,2,0,1,0,300,1,NULL,NULL,2,5,1,50
201900050819,6,5,2019,15:00:00,1,46,46203,2,1,1,6,"La vitarelle","44,7397750","2,0170500",201900050819,138 210 591,A01,1,1,0,0,7,1,5,NULL,201900050819,138 210 591,A01,1,1,3,1,1940,5,0,-1,-1,0,0,-1,201900050819,3,653,NULL,NULL,2,2,0,1,32,400,1,NULL,NULL,1,0,1,50
201900053109,18,2,2019,09:03:00,1,49,49007,2,2,1,6,"FOCH BOULEVARD","47,4684000"," -0,5502700",201900053109,138 206 168,A01,1,1,0,2,0,1,5,NULL,201900053109,138 206 168,A01,1,1,4,2,1972,1,2,0,-1,-1,0,-1,201900053109,4,"FOCH BOULEVARD",0,NULL,1,4,1,1,0,0,1,NULL,NULL,1,0,1,50
201900056443,2,12,2019,20:40:00,5,92,92073,2,1,1,7,"TUILERIE (RUE DE LA)","48,8625000","2,2151700",201900056443,138 200 010,A01,0,1,0,0,0,1,5,NULL,201900056443,138 200 010,A01,2,1,4,1,1997,1,2,0,-1,-1," -1",-1,201900056443,4,"TUILERIE (RUE DE LA)",0,NULL,1,1,0,2,0,0,1,NULL,NULL,1,0,1,30
201900011912,17,10,2019,08:47:00,1,64,64024,2,6,2,3,"CESTAC (ROND POINT ELISE)","43,4946759"," -1,5279807",201900011912,138 284 295,B01,3,1,0,2,1,1,5,NULL,201900011912,138 284 294,A01,1,1,1,2,1960,0,1,0,-1,-1,0,-1,201900011912,4,"CESTAC (ROND POINT ELISE)",0,NULL,1,2,0,2,0,0,2,NULL,NULL,2,0,1,50
201900011912,17,10,2019,08:47:00,1,64,64024,2,6,2,3,"CESTAC (ROND POINT ELISE)","43,4946759"," -1,5279807",201900011912,138 284 295,B01,3,1,0,2,1,1,5,NULL,201900011912,138 284 295,B01,1,1,4,1,1996,0,8,0,-1,-1,0,-1,201900011912,4,"CESTAC (ROND POINT ELISE)",0,NULL,1,2,0,2,0,0,2,NULL,NULL,2,0,1,50
201900012009,13,10,2019,16:50:00,1,92,92073,2,3,1,7,"BAS ROGERS (RUE DES)","48,8797800","2,2338800",201900012009,138 284 116,B01,1,1,1,0,0,21,0,NULL,201900012009,138 284 116,B01,1,1,3,1,1960,5,2,8,-1,-1,0,-1,201900012009,3,104,0,NULL,2,2,0,2,0,0,1,NULL,NULL,1,0,1,50
201900016158,3,7,2019,09:30:00,1,19,19098,1,1,1,7,"Le Trieux","45,1832000","1,8142720",201900016158,138 276 336,A01,3,1,0,0,1,0,5,NULL,201900016158,138 276 336,A01,1,1,3,1,1939,5,0,-1,-1,0,0,-1,201900016158,4,NULL,NULL,NULL,2,2,0,4,(1),(1),4,NULL,NULL,1,0,3,80
201900018881,3,2,2019,12:30:00,1,80,80740,1,2,1,3,"Intersection D14 PK 7+900 - route communale sans numéro","49,7156340","2,3992660",201900018881,138 271 144,A01,2,1,0,2,1,1,5,NULL,201900018881,138 271 144,A01,1,1,3,1,1969,5,2,-1,-1,0,0,-1,201900018881,3,14,NULL,NULL,2,2,0,1,7,900,1,NULL,NULL,1,0,1,80
201900018881,3,2,2019,12:30:00,1,80,80740,1,2,1,3,"Intersection D14 PK 7+900 - route communale sans numéro","49,7156340","2,3992660",201900018881,138 271 144,A01,2,1,0,2,1,1,5,NULL,201900018881,138 271 145,B01,1,1,1,2,1944,5,1,-1,-1,0,0,-1,201900018881,3,14,NULL,NULL,2,2,0,1,7,900,1,NULL,NULL,1,0,1,80
201900021094,5,9,2019,13:10:00,1,45,45284,1,3,1,3,"BD DE VERDUN - R DU PETIT BOIS","47,9193587","1,9837126",201900021094,138 266 982,B01,2,1,0,2,1,15,5,NULL,201900021094,138 266 982,B01,1,1,4,1,1999,5,8,8,-1,0,0,-1,201900021094,4,"RUE DU PETIT BOIS",0,NULL,2,2,0,1,(1),(1),1,NULL,NULL,1,0,1,50
201900021094,5,9,2019,13:10:00,1,45,45284,1,3,1,3,"BD DE VERDUN - R DU PETIT BOIS","47,9193587","1,9837126",201900021094,138 266 982,B01,2,1,0,2,1,15,5,NULL,201900021094,138 266 983,A01,1,1,1,1,1990,4,1,8,-1,0,0,-1,201900021094,4,"RUE DU PETIT BOIS",0,NULL,2,2,0,1,(1),(1),1,NULL,NULL,1,0,1,50
201900022056,12,11,2019,19:20:00,5,82,82121,2,1,1,3,"MOULIN (avenue jean )","44,0244000","1,3641000",201900022056,138 265 089,B01,0,1,0,2,1,1,5,NULL,201900022056,138 265 089,B01,1,1,4,1,1998,1,8,0,-1,0,0,-1,201900022056,4,"MOULIN (avenue jean )",0,NULL,2,4,2,2,0,0,1,NULL,NULL,1,0,1,50
201900022056,12,11,2019,19:20:00,5,82,82121,2,1,1,3,"MOULIN (avenue jean )","44,0244000","1,3641000",201900022056,138 265 089,B01,0,1,0,2,1,1,5,NULL,201900022056,138 265 090,A01,1,1,1,1,1932,5,1,8,-1,0,0,-1,201900022056,4,"MOULIN (avenue jean )",0,NULL,2,4,2,2,0,0,1,NULL,NULL,1,0,1,50
201900024529,9,9,2019,15:20:00,1,34,34276,2,6,1,2,RD1,"43,7743510","3,8702910",201900024529,138 260 223,B01,1,1,0,2,4,1,5,NULL,201900024529,138 260 223,B01,1,1,4,1,1998,5,2,-1,-1,0,0,-1,201900024529,3,17,NULL,NULL,1,2,0,1,19,950,2,NULL,NULL,1,0,1,50
201900024529,9,9,2019,15:20:00,1,34,34276,2,6,1,2,RD1,"43,7743510","3,8702910",201900024529,138 260 223,B01,1,1,0,2,4,1,5,NULL,201900024529,138 260 224,A01,1,1,1,2,1953,5,1,-1,-1,0,0,-1,201900024529,3,17,NULL,NULL,1,2,0,1,19,950,2,NULL,NULL,1,0,1,50
201900027584,19,12,2019,17:45:00,1,54,54547,2,1,1,3,"GEMBLOUX (RUE DE)","48,6629170","6,1761420",201900027584,138 254 431,B01,1,1,0,2,1,1,5,NULL,201900027584,138 254 430,A01,1,1,1,2,1947,0,1,0,-1,-1," -1",-1,201900027584,4,"GEMBLOUX (RUE DE)",0,NULL,1,2,0,1,0,0,3,NULL,NULL,1,0,1,50
201900027584,19,12,2019,17:45:00,1,54,54547,2,1,1,3,"GEMBLOUX (RUE DE)","48,6629170","6,1761420",201900027584,138 254 431,B01,1,1,0,2,1,1,5,NULL,201900027584,138 254 431,B01,1,1,4,1,1959,0,8,0,-1,-1," -1",-1,201900027584,4,"GEMBLOUX (RUE DE)",0,NULL,1,2,0,1,0,0,3,NULL,NULL,1,0,1,50
201900028314,25,6,2019,21:30:00,2,67,67309,2,9,1,1,"Rue du Général Leclerc","48,6420270","7,7168120",201900028314,138 253 110,A01,2,1,0,2,1,1,5,NULL,201900028314,138 253 110,A01,1,1,4,1,1980,5,2,-1,-1,0,0,-1,201900028314,3,863,0,D,4,2,1,1,(1),(1),1,NULL,NULL,1,1,5,50
201900030982,19,5,2019,13:40:00,1,31,31555,2,1,1,3,"LYON (AV DE) DU 1AU 37","43,6160400","1,4532000",201900030982,138 248 086,B01,1,1,0,2,1,1,5,NULL,201900030982,138 248 086,B01,1,1,4,1,1968,5,8,0,-1,-1,0,-1,201900030982,3,188,0,NULL,2,2,0,1,0,0,1,NULL,NULL,1,0,1,30
201900030982,19,5,2019,13:40:00,1,31,31555,2,1,1,3,"LYON (AV DE) DU 1AU 37","43,6160400","1,4532000",201900030982,138 248 086,B01,1,1,0,2,1,1,5,NULL,201900030982,138 248 087,A01,1,1,1,1,1994,9,1,8,-1,-1,0,-1,201900030982,3,188,0,NULL,2,2,0,1,0,0,1,NULL,NULL,1,0,1,30
201900031965,2,9,2019,20:55:00,5,974,97407,2,6,1,2,"ROND POINT DES DANSEUSES"," -20,9498200","55,3016400",201900031965,138 246 273,B01,3,1,0,2,5,16,5,NULL,201900031965,138 246 272,A01,1,1,1,2,1989,1,1,0,-1,-1,0,-1,201900031965,2,4,0,NULL,4,1,1,1,0,0,2,NULL,NULL,1,0,1,50
201900031965,2,9,2019,20:55:00,5,974,97407,2,6,1,2,"ROND POINT DES DANSEUSES"," -20,9498200","55,3016400",201900031965,138 246 273,B01,3,1,0,2,5,16,5,NULL,201900031965,138 246 273,B01,2,1,4,1,1984,0,0,0,-1,-1," -1",-1,201900031965,2,4,0,NULL,4,1,1,1,0,0,2,NULL,NULL,1,0,1,50
201900034022,23,2,2019,12:31:00,1,49,49267,2,2,1,3,PELLERINIERE,"47,4611300"," -0,4899100",201900034022,138 242 256,B01,1,1,0,2,7,1,0,NULL,201900034022,138 242 255,A01,1,1,1,1,1998,0,1,8,-1,-1,0,-1,201900034022,4,PELLERINIERE,0,NULL,-1,5,2,1,0,0,1,NULL,NULL,1,0,1,50
201900034022,23,2,2019,12:31:00,1,49,49267,2,2,1,3,PELLERINIERE,"47,4611300"," -0,4899100",201900034022,138 242 256,B01,1,1,0,2,7,1,0,NULL,201900034022,138 242 256,B01,1,1,4,1,1944,0,2,0,-1,-1,0,-1,201900034022,4,PELLERINIERE,0,NULL,-1,5,2,1,0,0,1,NULL,NULL,1,0,1,50
201900034972,21,6,2019,11:15:00,1,21,21231,2,1,1,3,"LANGRES (DE) (AVENUE)","47,3449800","5,0450100",201900034972,138 240 400,B01,3,1,0,2,1,19,5,NULL,201900034972,138 240 399,A01,1,1,1,1,1974,5,1,0,-1,-1," -1",-1,201900034972,4,"LANGRES (DE) (AVENUE)",0,NULL,1,2,0,1,0,0,1,NULL,NULL,1,0,1,50
201900034972,21,6,2019,11:15:00,1,21,21231,2,1,1,3,"LANGRES (DE) (AVENUE)","47,3449800","5,0450100",201900034972,138 240 400,B01,3,1,0,2,1,19,5,NULL,201900034972,138 240 400,B01,1,1,4,1,1990,5,8,0,-1,-1," -1",-1,201900034972,4,"LANGRES (DE) (AVENUE)",0,NULL,1,2,0,1,0,0,1,NULL,NULL,1,0,1,50
201900035905,9,4,2019,15:45:00,1,92,92044,2,2,1,5,"ARISTIDE BRIAND(RUE)1A49 ET 2A52","48,8898430","2,2823660",201900035905,138 238 584,B01,2,1,0,2,3,1,5,NULL,201900035905,138 238 582,A01,1,1,4,1,1989,5,9,8,-1,-1," -1",-1,201900035905,4,"ARISTIDE BRIAND(RUE)1A49 ET 2A52",0,NULL,1,2,0,1,0,0,1,NULL,NULL,1,0,1,50
201900035905,9,4,2019,15:45:00,1,92,92044,2,2,1,5,"ARISTIDE BRIAND(RUE)1A49 ET 2A52","48,8898430","2,2823660",201900035905,138 238 584,B01,2,1,0,2,3,1,5,NULL,201900035905,138 238 583,C01,1,1,1,2,1962,0,1,0,-1,-1,0,-1,201900035905,4,"ARISTIDE BRIAND(RUE)1A49 ET 2A52",0,NULL,1,2,0,1,0,0,1,NULL,NULL,1,0,1,50
201900035905,9,4,2019,15:45:00,1,92,92044,2,2,1,5,"ARISTIDE BRIAND(RUE)1A49 ET 2A52","48,8898430","2,2823660",201900035905,138 238 584,B01,2,1,0,2,3,1,5,NULL,201900035905,138 238 584,B01,1,1,4,1,2005,5,8,0,-1,-1,0,-1,201900035905,4,"ARISTIDE BRIAND(RUE)1A49 ET 2A52",0,NULL,1,2,0,1,0,0,1,NULL,NULL,1,0,1,50
201900038362,25,5,2019,15:00:00,1,75,75105,2,2,2,3,"RUE CLAUDE BERNARD","48,8402820","2,3460390",201900038362,138 233 973,A01,1,1,0,2,7,15,5,NULL,201900038362,138 233 973,A01,2,1,4,2,1975,5,8,0,-1,0,0,-1,201900038362,4,"RUE CLAUDE BERNARD",0,NULL,2,4,0,1,0,0,1,NULL,NULL,2,0,1,50
201900038362,25,5,2019,15:00:00,1,75,75105,2,2,2,3,"RUE CLAUDE BERNARD","48,8402820","2,3460390",201900038362,138 233 973,A01,1,1,0,2,7,15,5,NULL,201900038362,138 233 974,B01,1,1,1,1,1996,5,2,6,-1,0,0,-1,201900038362,4,"RUE CLAUDE BERNARD",0,NULL,2,4,0,1,0,0,1,NULL,NULL,2,0,1,50
201900039369,25,2,2019,14:00:00,1,75,75119,2,1,1,3,"BOULEVARD MACDONALD","48,8988740","2,3795620",201900039369,138 232 091,A01,2,1,0,2,1,19,5,NULL,201900039369,138 232 090,B01,1,1,1,1,1974,4,1,0,-1,0,0,-1,201900039369,4,"BOULEVARD MACDONALD",0,NULL,-1,1,0,1,0,0,1,NULL,NULL,1,0,1,50
201900039369,25,2,2019,14:00:00,1,75,75119,2,1,1,3,"BOULEVARD MACDONALD","48,8988740","2,3795620",201900039369,138 232 091,A01,2,1,0,2,1,19,5,NULL,201900039369,138 232 090,B01,2,2,1,1,1972,4,1,0,-1,0,0,-1,201900039369,4,"BOULEVARD MACDONALD",0,NULL,-1,1,0,1,0,0,1,NULL,NULL,1,0,1,50
201900039369,25,2,2019,14:00:00,1,75,75119,2,1,1,3,"BOULEVARD MACDONALD","48,8988740","2,3795620",201900039369,138 232 091,A01,2,1,0,2,1,19,5,NULL,201900039369,138 232 091,A01,1,1,4,1,1999,5,2,0,-1,0,0,-1,201900039369,4,"BOULEVARD MACDONALD",0,NULL,-1,1,0,1,0,0,1,NULL,NULL,1,0,1,50