Num_Acc,jour,mois,an,hrmn,lum,dep,com,agg,int,atm,col,adr,lat,long,Num_Acc,id_vehicule,num_veh,senc,catv,obs,obsm,choc,manv,motor,occutc,Num_Acc,id_vehicule,num_veh,place,catu,grav,sexe,an_nais,trajet,secu1,secu2,secu3,locp,actp,etatp,Num_Acc,catr,voie,v1,v2,circ,nbv,vosp,prof,pr,pr1,plan,lartpc,larrout,surf,infra,situ,vma
201900039683,16,7,2019,13:20:00,1,69,69264,2,6,1,3,"BURDEAU BD","45,9952621","4,7207288",201900039683,138 231 502,B01,3,1,0,2,5,9,5,NULL,201900039683,138 231 501,A01,1,1,1,2,1989,0,1,0,-1,0," -1",-1,201900039683,4,"BURDEAU BD",0,NULL,1,1,0,1,0,0,1,NULL,NULL,1,0,1,50
201900039683,16,7,2019,13:20:00,1,69,69264,2,6,1,3,"BURDEAU BD","45,9952621","4,7207288",201900039683,138 231 502,B01,3,1,0,2,5,9,5,NULL,201900039683,138 231 502,B01,1,1,4,1,1948,5,2,8,-1,0," -1",-1,201900039683,4,"BURDEAU BD",0,NULL,1,1,0,1,0,0,1,NULL,NULL,1,0,1,50
201900039752,18,7,2019,21:30:00,2,77,77445,2,3,8,3,"MENDES-FRANCE (AVENUE PIERRE)","48,5961360","2,5739260",201900039752,138 231 360,B01,3,1,0,2,7,15,5,NULL,201900039752,138 231 359,A01,1,1,1,1,1985,0,1,8,-1,-1,0,-1,201900039752,4,"MENDES-FRANCE (AVENUE PIERRE)",0,NULL,2,2,0,1,0,0,1,NULL,NULL,1,0,1,50
201900039752,18,7,2019,21:30:00,2,77,77445,2,3,8,3,"MENDES-FRANCE (AVENUE PIERRE)","48,5961360","2,5739260",201900039752,138 231 360,B01,3,1,0,2,7,15,5,NULL,201900039752,138 231 360,B01,1,1,3,1,1969,0,8,0,-1,-1,0,-1,201900039752,4,"MENDES-FRANCE (AVENUE PIERRE)",0,NULL,2,2,0,1,0,0,1,NULL,NULL,1,0,1,50
201900041811,9,12,2019,11:36:00,1,65,65440,2,1,1,2,"DESPOURRINS (RUE)","43,2333800","0,0731400",201900041811,138 227 580,B01,3,1,0,2,4,1,5,NULL,201900041811,138 227 580,B01,1,1,3,1,1926,3,8,0,-1,-1," -1",-1,201900041811,4,"DESPOURRINS (RUE)",0,NULL,1,2,0,1,(1),(1),2,NULL,NULL,1,0,1,50
201900041811,9,12,2019,11:36:00,1,65,65440,2,1,1,2,"DESPOURRINS (RUE)","43,2333800","0,0731400",201900041811,138 227 580,B01,3,1,0,2,4,1,5,NULL,201900041811,138 227 581,A01,1,1,1,2,1990,4,1,0,-1,0,0,-1,201900041811,4,"DESPOURRINS (RUE)",0,NULL,1,2,0,1,(1),(1),2,NULL,NULL,1,0,1,50
201900043686,9,12,2019,18:55:00,5,35,35238,2,2,1,3,SAINT-HELIER,"48,1069680"," -1,6706130",201900043686,138 224 027,A01,3,1,0,2,1,1,5,NULL,201900043686,138 224 027,A01,1,1,4,1,1983,0,8,8,-1,-1," -1",-1,201900043686,4,SAINT-HELIER,0,NULL,3,4,1,1,0,0,1,NULL,NULL,1,0,1,50
201900043686,9,12,2019,18:55:00,5,35,35238,2,2,1,3,SAINT-HELIER,"48,1069680"," -1,6706130",201900043686,138 224 027,A01,3,1,0,2,1,1,5,NULL,201900043686,138 224 028,B01,1,1,1,1,1991,0,1,0,-1,-1,0,-1,201900043686,4,SAINT-HELIER,0,NULL,3,4,1,1,0,0,1,NULL,NULL,1,0,1,50
201900046324,11,1,2019,12:00:00,1,37,37261,2,1,2,6,"FRANCE (PLACE ANATOLE)","47,3967068","0,6863511",201900046324,138 218 932,A01,1,1,8,0,1,1,5,NULL,201900046324,138 218 932,A01,1,1,4,1,2006,2,8,0,-1,-1," -1",-1,201900046324,4,"FRANCE (PLACE ANATOLE)",0,NULL,-1,1,0,1,0,0,1,NULL,NULL,2,6,1,30
201900053163,18,2,2019,13:50:00,1,77,77227,1,1,1,3,D18,"48,4817900","3,3183300",201900053163,138 206 064,B01,1,1,0,2,7,2,5,NULL,201900053163,138 206 064,B01,1,1,4,1,1961,5,2,6,4,0,0,-1,201900053163,3,18,0,NULL,2,2,0,1,24,860,1,NULL,NULL,1,0,1,80
201900053163,18,2,2019,13:50:00,1,77,77227,1,1,1,3,D18,"48,4817900","3,3183300",201900053163,138 206 064,B01,1,1,0,2,7,2,5,NULL,201900053163,138 206 065,A01,1,1,1,1,1948,5,1,-1,-1,0,0,-1,201900053163,3,18,0,NULL,2,2,0,1,24,860,1,NULL,NULL,1,0,1,80
201900054116,17,8,2019,00:58:00,5,86,86066,2,3,1,3,"WILSON (AVENUE DU PRESIDENT)","46,8144900","0,5436500",201900054116,138 204 268,B01,3,1,0,2,3,25,5,NULL,201900054116,138 204 267,A01,1,1,1,2,1997,0,8,0,-1,-1,0,-1,201900054116,3,725,0,NULL,1,1,0,1,0,0,1,NULL,NULL,1,5,1,50
201900054116,17,8,2019,00:58:00,5,86,86066,2,3,1,3,"WILSON (AVENUE DU PRESIDENT)","46,8144900","0,5436500",201900054116,138 204 268,B01,3,1,0,2,3,25,5,NULL,201900054116,138 204 268,B01,1,1,4,2,1966,5,8,0,-1,-1,0,-1,201900054116,3,725,0,NULL,1,1,0,1,0,0,1,NULL,NULL,1,5,1,50
201900057134,2,1,2019,18:10:00,2,85,85294,2,1,1,6,"Intersection avec le Chemin des Sablons","46,3548900"," -1,4538500",201900057134,138 198 728,A01,3,1,0,1,1,1,5,NULL,201900057134,138 198 728,A01,10,3,3,2,1940,5,0,-1,-1,8,1,2,201900057134,9,"Piste cyclable-Chemin des Sablons",NULL,NULL,2,2,1,2,(1),(1),1,NULL,NULL,1,0,5,20
201900057134,2,1,2019,18:10:00,2,85,85294,2,1,1,6,"Intersection avec le Chemin des Sablons","46,3548900"," -1,4538500",201900057134,138 198 728,A01,3,1,0,1,1,1,5,NULL,201900057134,138 198 728,A01,1,1,1,1,2005,5,2,-1,-1,0,0,-1,201900057134,9,"Piste cyclable-Chemin des Sablons",NULL,NULL,2,2,1,2,(1),(1),1,NULL,NULL,1,0,5,20
201900057764,15,8,2019,16:01:00,1,1,01239,1,3,1,3,"Route départementale 37","45,7655970","5,7612620",201900057764,138 197 578,A01,3,1,0,0,1,19,5,NULL,201900057764,138 197 578,A01,1,1,3,1,1937,5,2,-1,-1,0,0,-1,201900057764,3,37,NULL,NULL,2,2,1,1,7,336,1,NULL,NULL,1,0,1,-1
201900057764,15,8,2019,16:01:00,1,1,01239,1,3,1,3,"Route départementale 37","45,7655970","5,7612620",201900057764,138 197 578,A01,3,1,0,0,1,19,5,NULL,201900057764,138 197 581,B01,1,1,1,1,2005,5,2,-1,-1,0,0,-1,201900057764,3,37,NULL,NULL,2,2,1,1,7,336,1,NULL,NULL,1,0,1,-1
201900058721,30,11,2019,18:15:00,5,69,69387,2,1,1,3,"PAUL DUVIVIER (R)                      (R )","45,7397900","4,8493000",201900058721,138 195 840,B01,0,1,0,2,0,0,0,NULL,201900058721,138 195 840,B01,1,1,4,1,1991,1,8,0,-1,-1," -1",-1,201900058721,9,"VIVIER (DU)                         (R )",0,NULL,2,3,1,1,0,0,1,NULL,NULL,1,0,5,50
201900012381,9,8,2019,19:25:00,2,68,68351,1,6,1,7,"Rond point D415 - D52","48,0169470","7,5718520",201900012381,138 283 455,A01,2,1,0,0,0,1,5,NULL,201900012381,138 283 455,A01,1,1,2,1,1962,1,0,-1,-1,0,0,-1,201900012381,3,415,0,D,4,1,0,2,45,70,2,NULL,NULL,1,9,1,80
201900014821,31,12,2019,09:30:00,1,34,34164,2,2,1,1,D21,"43,7491170","3,9587360",201900014821,138 278 740,B01,3,1,0,2,1,1,5,NULL,201900014821,138 278 740,B01,1,1,3,1,1939,5,2,4,-1,0,0,-1,201900014821,3,21,0,NULL,2,2,0,1,8,536,1,NULL,NULL,1,0,1,50
201900014821,31,12,2019,09:30:00,1,34,34164,2,2,1,1,D21,"43,7491170","3,9587360",201900014821,138 278 740,B01,3,1,0,2,1,1,5,NULL,201900014821,138 278 741,A01,1,1,1,2,1953,5,1,-1,-1,0,0,-1,201900014821,3,21,0,NULL,2,2,0,1,8,536,1,NULL,NULL,1,0,1,50
201900019690,1,8,2019,09:35:00,1,29,29039,2,6,7,3,"TREGUNC ( RUE DE )","47,8698300"," -3,9061500",201900019690,138 269 612,B01,2,1,0,2,1,2,5,NULL,201900019690,138 269 612,B01,1,1,4,2,1955,5,2,0,-1,0,0,-1,201900019690,3,322,0,NULL,1,1,0,1,1,200,2,NULL,NULL,1,5,1,50
201900019690,1,8,2019,09:35:00,1,29,29039,2,6,7,3,"TREGUNC ( RUE DE )","47,8698300"," -3,9061500",201900019690,138 269 612,B01,2,1,0,2,1,2,5,NULL,201900019690,138 269 613,A01,1,1,1,2,1998,1,1,0,-1,-1,0,-1,201900019690,3,322,0,NULL,1,1,0,1,1,200,2,NULL,NULL,1,5,1,50
201900022751,9,9,2019,09:05:00,1,45,45234,2,6,1,3,"RUE DE L'ABREUVOIR - FG DE BOURGOGNE","47,9008770","1,9204680",201900022751,138 263 786,A01,3,1,0,2,1,19,5,NULL,201900022751,138 263 786,A01,1,1,4,1,1979,1,8,0,-1,0,0,-1,201900022751,4,"FG DE BOURGOGNE",0,NULL,2,6,1,1,(1),(1),1,NULL,NULL,1,5,1,50
201900023268,29,6,2019,12:50:00,1,38,38421,2,1,1,6,"SADOUL (RUE G.)","45,1855700","5,7690500",201900023268,138 262 751,B01,3,1,0,2,8,1,5,NULL,201900023268,138 262 751,B01,1,1,3,1,1956,0,8,0,-1,0,0,-1,201900023268,4,"SADOUL (RUE G.)",0,NULL,2,2,0,1,0,0,1,NULL,NULL,1,0,1,50
201900025739,13,11,2019,18:30:00,5,56,56005,2,9,3,1,"Boulevard de la Résistance","47,5465580"," -2,9014790",201900025739,138 257 887,B01,3,1,0,9,1,0,5,NULL,201900025739,138 257 887,B01,1,1,4,1,1979,5,0,-1,-1,0,0,-1,201900025739,9,NULL,NULL,NULL,-1,2,1,2,(1),(1),1,NULL,NULL,2,9,5,50
201900025739,13,11,2019,18:30:00,5,56,56005,2,9,3,1,"Boulevard de la Résistance","47,5465580"," -2,9014790",201900025739,138 257 887,B01,3,1,0,9,1,0,5,NULL,201900025739,138 257 888,A01,1,1,3,1,1998,1,0,-1,-1,0,0,-1,201900025739,9,NULL,NULL,NULL,-1,2,1,2,(1),(1),1,NULL,NULL,2,9,5,50
201900025788,21,12,2019,01:00:00,5,17,17300,2,1,3,6,"JERICHO   RUE DE","46,1672800"," -1,1660600",201900025788,138 257 771,A01,2,1,1,0,1,1,5,NULL,201900025788,138 257 771,A01,1,1,4,1,2001,5,8,0,-1,-1," -1",-1,201900025788,4,"JERICHO   RUE DE",0,NULL,1,1,0,2,0,0,1,NULL,NULL,4,0,1,50
201900027621,20,12,2019,01:50:00,5,33,33063,2,1,3,5,"PONT DE PIERRE","44,8384000"," -0,5630100",201900027621,138 254 370,B01,0,1,0,2,4,1,5,NULL,201900027621,138 254 369,C01,1,1,4,1,1988,0,8,0,-1,-1," -1",-1,201900027621,4,"PONT DE PIERRE",0,NULL,2,4,2,1,(1),(1),1,NULL,NULL,2,2,5,50
201900027621,20,12,2019,01:50:00,5,33,33063,2,1,3,5,"PONT DE PIERRE","44,8384000"," -0,5630100",201900027621,138 254 369,C01,0,1,0,2,4,1,5,NULL,201900027621,138 254 369,C01,1,1,4,1,1988,0,8,0,-1,-1," -1",-1,201900027621,4,"PONT DE PIERRE",0,NULL,2,4,2,1,(1),(1),1,NULL,NULL,2,2,5,50
201900027621,20,12,2019,01:50:00,5,33,33063,2,1,3,5,"PONT DE PIERRE","44,8384000"," -0,5630100",201900027621,138 254 370,B01,0,1,0,2,4,1,5,NULL,201900027621,138 254 370,B01,1,1,4,2,1991,0,8,0,-1,-1," -1",-1,201900027621,4,"PONT DE PIERRE",0,NULL,2,4,2,1,(1),(1),1,NULL,NULL,2,2,5,50
201900027621,20,12,2019,01:50:00,5,33,33063,2,1,3,5,"PONT DE PIERRE","44,8384000"," -0,5630100",201900027621,138 254 369,C01,0,1,0,2,4,1,5,NULL,201900027621,138 254 370,B01,1,1,4,2,1991,0,8,0,-1,-1," -1",-1,201900027621,4,"PONT DE PIERRE",0,NULL,2,4,2,1,(1),(1),1,NULL,NULL,2,2,5,50
201900027621,20,12,2019,01:50:00,5,33,33063,2,1,3,5,"PONT DE PIERRE","44,8384000"," -0,5630100",201900027621,138 254 370,B01,0,1,0,2,4,1,5,NULL,201900027621,138 254 371,A01,2,2,1,1,1996,0,8,0,-1,-1," -1",-1,201900027621,4,"PONT DE PIERRE",0,NULL,2,4,2,1,(1),(1),1,NULL,NULL,2,2,5,50
201900027621,20,12,2019,01:50:00,5,33,33063,2,1,3,5,"PONT DE PIERRE","44,8384000"," -0,5630100",201900027621,138 254 369,C01,0,1,0,2,4,1,5,NULL,201900027621,138 254 371,A01,2,2,1,1,1996,0,8,0,-1,-1," -1",-1,201900027621,4,"PONT DE PIERRE",0,NULL,2,4,2,1,(1),(1),1,NULL,NULL,2,2,5,50
201900027621,20,12,2019,01:50:00,5,33,33063,2,1,3,5,"PONT DE PIERRE","44,8384000"," -0,5630100",201900027621,138 254 370,B01,0,1,0,2,4,1,5,NULL,201900027621,138 254 371,A01,1,1,1,1,1980,0,8,0,-1,-1," -1",-1,201900027621,4,"PONT DE PIERRE",0,NULL,2,4,2,1,(1),(1),1,NULL,NULL,2,2,5,50
201900027621,20,12,2019,01:50:00,5,33,33063,2,1,3,5,"PONT DE PIERRE","44,8384000"," -0,5630100",201900027621,138 254 369,C01,0,1,0,2,4,1,5,NULL,201900027621,138 254 371,A01,1,1,1,1,1980,0,8,0,-1,-1," -1",-1,201900027621,4,"PONT DE PIERRE",0,NULL,2,4,2,1,(1),(1),1,NULL,NULL,2,2,5,50
201900028332,29,6,2019,07:30:00,1,26,26196,1,2,1,3,Planèze,"44,8554690","4,9213790",201900028332,138 253 076,A01,1,1,0,2,4,1,5,NULL,201900028332,138 253 076,A01,1,1,4,2,1957,5,2,-1,-1,0,0,-1,201900028332,3,211,0,NULL,2,-1,-1,1,4,235,1,NULL,NULL,1,0,1,80
201900028332,29,6,2019,07:30:00,1,26,26196,1,2,1,3,Planèze,"44,8554690","4,9213790",201900028332,138 253 076,A01,1,1,0,2,4,1,5,NULL,201900028332,138 253 077,B01,1,1,1,1,1936,0,1,-1,-1,0,0,-1,201900028332,3,211,0,NULL,2,-1,-1,1,4,235,1,NULL,NULL,1,0,1,80
201900030065,4,9,2019,16:15:00,1,75,75118,2,2,1,6,"BOULEVARD BARBES","48,8838520","2,3494760",201900030065,138 249 771,A01,2,1,0,1,1,7,5,NULL,201900030065,138 249 771,A01,10,3,4,2,1971,1,0,0,0,4,3,3,201900030065,4,"BOULEVARD BARBES",0,NULL,2,4,3,1,0,0,1,NULL,NULL,1,0,6,50
201900030065,4,9,2019,16:15:00,1,75,75118,2,2,1,6,"BOULEVARD BARBES","48,8838520","2,3494760",201900030065,138 249 771,A01,2,1,0,1,1,7,5,NULL,201900030065,138 249 771,A01,1,1,1,1,1971,5,2,8,-1,0,0,-1,201900030065,4,"BOULEVARD BARBES",0,NULL,2,4,3,1,0,0,1,NULL,NULL,1,0,6,50
201900033497,19,6,2019,10:15:00,1,66,66106,2,6,1,3,RD618,"42,4902658","2,8026526",201900033497,138 243 252,B01,1,1,0,2,7,1,5,NULL,201900033497,138 243 251,A01,1,1,1,1,1954,5,1,-1,-1,0,0,-1,201900033497,3,618,NULL,NULL,-1,2,0,1,74,609,1,NULL,NULL,1,5,1,50
201900033497,19,6,2019,10:15:00,1,66,66106,2,6,1,3,RD618,"42,4902658","2,8026526",201900033497,138 243 252,B01,1,1,0,2,7,1,5,NULL,201900033497,138 243 252,B01,1,1,3,1,1976,5,0,-1,-1,0,0,-1,201900033497,3,618,NULL,NULL,-1,2,0,1,74,609,1,NULL,NULL,1,5,1,50
201900033831,1,9,2019,20:20:00,1,31,31555,2,1,1,6,"AV HONORE SERRES","43,6142000","1,4378900",201900033831,138 242 625,B01,2,1,0,2,1,1,5,NULL,201900033831,138 242 624,A01,1,1,1,1,1988,9,1,8,-1,-1,0,-1,201900033831,4,NULL,0,NULL,2,2,0,1,0,0,1,NULL,NULL,1,0,1,50
201900033831,1,9,2019,20:20:00,1,31,31555,2,1,1,6,"AV HONORE SERRES","43,6142000","1,4378900",201900033831,138 242 625,B01,2,1,0,2,1,1,5,NULL,201900033831,138 242 625,B01,1,1,4,1,1995,0,2,0,-1,-1,0,-1,201900033831,4,NULL,0,NULL,2,2,0,1,0,0,1,NULL,NULL,1,0,1,50
201900034206,6,4,2019,01:25:00,3,56,56107,2,1,1,6,"LE PORT (ROGER BOULEVARD)","47,7194000"," -3,3745000",201900034206,138 241 885,A01,2,1,0,1,1,1,5,NULL,201900034206,138 241 885,A01,10,3,4,2,1962,5,8,0,-1,8,1,1,201900034206,4,"LE PORT (ROGER BOULEVARD)",0,NULL,2,2,1,1,0,0,1,NULL,NULL,1,0,1,30
201900034206,6,4,2019,01:25:00,3,56,56107,2,1,1,6,"LE PORT (ROGER BOULEVARD)","47,7194000"," -3,3745000",201900034206,138 241 885,A01,2,1,0,1,1,1,5,NULL,201900034206,138 241 885,A01,1,1,1,1,1993,5,2,8,-1,0,0,-1,201900034206,4,"LE PORT (ROGER BOULEVARD)",0,NULL,2,2,1,1,0,0,1,NULL,NULL,1,0,1,30
201900036590,6,11,2019,16:00:00,1,91,91573,2,1,2,2,"Avenue Louis Lachenal","48,6106690","2,5107650",201900036590,138 237 319,B01,3,1,14,0,1,2,5,NULL,201900036590,138 237 318,A01,1,1,1,1,1961,4,1,-1,-1,0,0,-1,201900036590,4,NULL,NULL,NULL,2,2,0,1,(1),(1),1,NULL,NULL,2,0,1,30
201900036590,6,11,2019,16:00:00,1,91,91573,2,1,2,2,"Avenue Louis Lachenal","48,6106690","2,5107650",201900036590,138 237 319,B01,3,1,14,0,1,2,5,NULL,201900036590,138 237 319,B01,1,1,3,1,1954,9,2,-1,-1,0,0,-1,201900036590,4,NULL,NULL,NULL,2,2,0,1,(1),(1),1,NULL,NULL,2,0,1,30
201900039912,9,12,2019,11:20:00,1,68,68066,2,2,2,3,"RAPP (RUE)","48,0817300","7,3604300",201900039912,138 231 038,B01,2,1,0,2,8,1,5,NULL,201900039912,138 231 038,B01,1,1,3,1,1939,5,8,0,-1,-1,0,-1,201900039912,4,NULL,0,NULL,1,1,0,1,(1),(1),1,NULL,NULL,2,5,5,50
201900039912,9,12,2019,11:20:00,1,68,68066,2,2,2,3,"RAPP (RUE)","48,0817300","7,3604300",201900039912,138 231 038,B01,2,1,0,2,8,1,5,NULL,201900039912,138 231 039,A01,1,1,1,1,1958,4,8,0,-1,-1,0,-1,201900039912,4,NULL,0,NULL,1,1,0,1,(1),(1),1,NULL,NULL,2,5,5,50
201900042380,5,11,2019,17:40:00,5,75,75118,2,1,1,3,"BOULEVARD BARBES","48,8854128","2,3495246",201900042380,138 226 441,B01,2,1,0,2,0,1,5,NULL,201900042380,138 226 440,A01,6,2,1,1,1998,0,1,0,-1,0,0,-1,201900042380,4,"BOULEVARD BARBES",0,NULL,2,4,1,2,15,0,1,NULL,NULL,1,0,5,50
201900042380,5,11,2019,17:40:00,5,75,75118,2,1,1,3,"BOULEVARD BARBES","48,8854128","2,3495246",201900042380,138 226 441,B01,2,1,0,2,0,1,5,NULL,201900042380,138 226 440,A01,2,2,1,1,1996,0,1,0,-1,0,0,-1,201900042380,4,"BOULEVARD BARBES",0,NULL,2,4,1,2,15,0,1,NULL,NULL,1,0,5,50
201900042380,5,11,2019,17:40:00,5,75,75118,2,1,1,3,"BOULEVARD BARBES","48,8854128","2,3495246",201900042380,138 226 441,B01,2,1,0,2,0,1,5,NULL,201900042380,138 226 440,A01,1,1,1,1,1982,0,1,0,-1,0,0,-1,201900042380,4,"BOULEVARD BARBES",0,NULL,2,4,1,2,15,0,1,NULL,NULL,1,0,5,50
201900042380,5,11,2019,17:40:00,5,75,75118,2,1,1,3,"BOULEVARD BARBES","48,8854128","2,3495246",201900042380,138 226 441,B01,2,1,0,2,0,1,5,NULL,201900042380,138 226 441,B01,1,1,3,1,1963,4,8,2,-1,0,0,-1,201900042380,4,"BOULEVARD BARBES",0,NULL,2,4,1,2,15,0,1,NULL,NULL,1,0,5,50
201900043047,27,8,2019,17:15:00,1,29,29249,2,1,1,6,"vieille route de chateauneuf du faou","48,1629140"," -3,7885760",201900043047,138 225 193,A01,3,1,13,0,1,26,5,NULL,201900043047,138 225 193,A01,1,1,3,1,2012,5,0,-1,-1,0,0,-1,201900043047,4,NULL,NULL,NULL,2,2,0,2,(1),(1),1,NULL,NULL,1,0,3,50
201900048112,12,1,2019,11:15:00,1,75,75117,2,1,1,2,"RUE LEGENDRE","48,8854480","2,3164400",201900048112,138 215 604,A01,2,1,0,2,1,1,5,NULL,201900048112,138 215 604,A01,1,1,4,1,1955,0,8,0,-1,0,0,-1,201900048112,4,"RUE LEGENDRE",0,NULL,1,2,1,1,0,0,1,NULL,NULL,1,0,1,30
201900048112,12,1,2019,11:15:00,1,75,75117,2,1,1,2,"RUE LEGENDRE","48,8854480","2,3164400",201900048112,138 215 604,A01,2,1,0,2,1,1,5,NULL,201900048112,138 215 605,B01,1,1,1,1,1988,0,1,0,-1,0,0,-1,201900048112,4,"RUE LEGENDRE",0,NULL,1,2,1,1,0,0,1,NULL,NULL,1,0,1,30
201900050122,24,9,2019,19:55:00,5,74,74010,2,6,8,3,"ROCADE (BOULEVARD DE LA)","45,9063600","6,1147800",201900050122,138 211 885,A01,3,1,0,2,1,19,5,NULL,201900050122,138 211 884,B01,1,1,1,1,1978,0,8,0,-1,-1,0,-1,201900050122,4,"ROCADE (BOULEVARD DE LA)",0,NULL,1,1,0,1,0,0,1,NULL,NULL,1,5,1,50
201900050122,24,9,2019,19:55:00,5,74,74010,2,6,8,3,"ROCADE (BOULEVARD DE LA)","45,9063600","6,1147800",201900050122,138 211 885,A01,3,1,0,2,1,19,5,NULL,201900050122,138 211 885,A01,1,1,4,1,1996,0,8,0,-1,-1,0,-1,201900050122,4,"ROCADE (BOULEVARD DE LA)",0,NULL,1,1,0,1,0,0,1,NULL,NULL,1,5,1,50
201900057486,27,3,2019,16:55:00,1,14,14431,2,6,1,3,"Place Charles de Gaulle (Mézidon-Canon)","49,0735840"," -0,0696930",201900057486,138 198 102,B01,2,1,0,2,1,1,5,NULL,201900057486,138 198 102,B01,1,1,3,2,2005,5,0,-1,-1,0,0,-1,201900057486,3,47,NULL,NULL,1,1,0,1,11,500,3,NULL,NULL,1,0,1,50
201900057486,27,3,2019,16:55:00,1,14,14431,2,6,1,3,"Place Charles de Gaulle (Mézidon-Canon)","49,0735840"," -0,0696930",201900057486,138 198 102,B01,2,1,0,2,1,1,5,NULL,201900057486,138 198 118,A01,1,1,1,1,1969,5,1,-1,-1,0,0,-1,201900057486,3,47,NULL,NULL,1,1,0,1,11,500,3,NULL,NULL,1,0,1,50
201900057596,23,5,2019,19:30:00,1,13,13041,2,1,1,3,"Avenue Pierre Brossolette","43,4567790","5,4826190",201900057596,138 197 885,B01,0,1,0,2,7,2,5,NULL,201900057596,138 197 885,B01,1,1,3,1,1977,0,2,-1,-1,0,0,-1,201900057596,4,NULL,NULL,NULL,2,2,0,1,(1),(1),1,NULL,NULL,1,0,1,50
201900057596,23,5,2019,19:30:00,1,13,13041,2,1,1,3,"Avenue Pierre Brossolette","43,4567790","5,4826190",201900057596,138 197 885,B01,0,1,0,2,7,2,5,NULL,201900057596,138 197 887,A01,1,1,1,1,1967,0,1,-1,-1,0,0,-1,201900057596,4,NULL,NULL,NULL,2,2,0,1,(1),(1),1,NULL,NULL,1,0,1,50
201900057700,26,10,2019,13:00:00,1,971,97110,1,1,1,1,"Le Desert","16,3055160"," -61,0593750",201900057700,138 197 697,A01,3,1,0,2,1,1,5,NULL,201900057700,138 197 694,B01,1,1,1,2,1965,5,1,-1,-1,0,0,-1,201900057700,3,207,NULL,NULL,2,2,0,2,4,200,2,NULL,NULL,1,0,1,50
201900057700,26,10,2019,13:00:00,1,971,97110,1,1,1,1,"Le Desert","16,3055160"," -61,0593750",201900057700,138 197 697,A01,3,1,0,2,1,1,5,NULL,201900057700,138 197 697,A01,1,1,3,1,1985,5,0,-1,-1,0,0,-1,201900057700,3,207,NULL,NULL,2,2,0,2,4,200,2,NULL,NULL,1,0,1,50
201900009008,23,11,2019,16:00:00,1,973,97309,2,3,1,3,"Rue Cannelier","4,8931990"," -52,2873170",201900009008,138 289 670,B01,3,1,0,2,3,5,5,NULL,201900009008,138 289 670,B01,1,1,3,1,2008,5,0,-1,-1,0,0,-1,201900009008,4,NULL,NULL,NULL,2,2,0,1,(1),(1),1,NULL,NULL,1,0,1,50
201900009008,23,11,2019,16:00:00,1,973,97309,2,3,1,3,"Rue Cannelier","4,8931990"," -52,2873170",201900009008,138 289 670,B01,3,1,0,2,3,5,5,NULL,201900009008,138 289 671,A01,1,1,1,1,1950,5,1,-1,-1,0,0,-1,201900009008,4,NULL,NULL,NULL,2,2,0,1,(1),(1),1,NULL,NULL,1,0,1,50
201900012958,22,11,2019,14:25:00,1,90,90041,1,4,1,3,"Rue de Rougemont","47,7190280","6,9315050",201900012958,138 282 357,B01,1,1,0,2,3,1,5,NULL,201900012958,138 282 357,B01,1,1,3,1,1977,5,2,-1,-1,0,0,-1,201900012958,3,2,NULL,NULL,2,2,0,1,1,0,1,NULL,NULL,1,0,1,80
201900012958,22,11,2019,14:25:00,1,90,90041,1,4,1,3,"Rue de Rougemont","47,7190280","6,9315050",201900012958,138 282 357,B01,1,1,0,2,3,1,5,NULL,201900012958,138 282 358,A01,1,1,1,2,1989,9,1,-1,-1,0,0,-1,201900012958,3,2,NULL,NULL,2,2,0,1,1,0,1,NULL,NULL,1,0,1,80
201900013608,5,2,2019,13:20:00,1,17,17300,2,2,2,6,"JOURDAN   RUE","46,1642200"," -1,1604500",201900013608,138 281 081,A01,1,1,0,2,7,2,5,NULL,201900013608,138 281 081,A01,1,1,4,1,2001,5,8,0,-1,-1," -1",-1,201900013608,4,"MASSE   RUE CLAUDE",0,NULL,1,1,0,1,1,0,1,NULL,NULL,2,0,1,50
201900013608,5,2,2019,13:20:00,1,17,17300,2,2,2,6,"JOURDAN   RUE","46,1642200"," -1,1604500",201900013608,138 281 081,A01,1,1,0,2,7,2,5,NULL,201900013608,138 281 082,B01,1,1,1,1,1971,1,1,8,-1,-1," -1",-1,201900013608,4,"MASSE   RUE CLAUDE",0,NULL,1,1,0,1,1,0,1,NULL,NULL,2,0,1,50
201900014556,3,7,2019,12:00:00,1,44,44162,2,1,1,6,"BOULEVARD CHARLES DE GAULLE","47,2233000"," -1,6126700",201900014556,138 279 245,B01,0,1,0,0,0,0,0,NULL,201900014556,138 279 244,A01,2,2,4,2,2001,0,8,0,-1,0,0,-1,201900014556,7,NULL,0,NULL,2,0,3,1,1,0,1,NULL,NULL,1,0,1,50
201900014556,3,7,2019,12:00:00,1,44,44162,2,1,1,6,"BOULEVARD CHARLES DE GAULLE","47,2233000"," -1,6126700",201900014556,138 279 245,B01,0,1,0,0,0,0,0,NULL,201900014556,138 279 244,A01,1,1,1,1,1969,4,8,0,-1,0,0,-1,201900014556,7,NULL,0,NULL,2,0,3,1,1,0,1,NULL,NULL,1,0,1,50