Num_Acc,jour,mois,an,hrmn,lum,dep,com,agg,int,atm,col,adr,lat,long,Num_Acc,id_vehicule,num_veh,senc,catv,obs,obsm,choc,manv,motor,occutc,Num_Acc,id_vehicule,num_veh,place,catu,grav,sexe,an_nais,trajet,secu1,secu2,secu3,locp,actp,etatp,Num_Acc,catr,voie,v1,v2,circ,nbv,vosp,prof,pr,pr1,plan,lartpc,larrout,surf,infra,situ,vma
201900014556,3,7,2019,12:00:00,1,44,44162,2,1,1,6,"BOULEVARD CHARLES DE GAULLE","47,2233000"," -1,6126700",201900014556,138 279 245,B01,0,1,0,0,0,0,0,NULL,201900014556,138 279 245,B01,1,1,1,1,1977,0,8,0,-1,0,0,-1,201900014556,7,NULL,0,NULL,2,0,3,1,1,0,1,NULL,NULL,1,0,1,50
201900015719,23,4,2019,10:00:00,1,76,76177,1,1,1,2,"route de cailly","49,5961460","1,1982420",201900015719,138 277 102,B01,2,1,0,2,5,0,5,NULL,201900015719,138 277 101,A01,7,2,1,1,2018,0,3,-1,-1,0,0,-1,201900015719,3,6,NULL,NULL,2,2,0,1,19,500,1,NULL,NULL,1,0,1,80
201900015719,23,4,2019,10:00:00,1,76,76177,1,1,1,2,"route de cailly","49,5961460","1,1982420",201900015719,138 277 102,B01,2,1,0,2,5,0,5,NULL,201900015719,138 277 101,A01,1,1,1,1,1992,0,1,-1,-1,0,0,-1,201900015719,3,6,NULL,NULL,2,2,0,1,19,500,1,NULL,NULL,1,0,1,80
201900015719,23,4,2019,10:00:00,1,76,76177,1,1,1,2,"route de cailly","49,5961460","1,1982420",201900015719,138 277 102,B01,2,1,0,2,5,0,5,NULL,201900015719,138 277 102,B01,1,1,2,1,1952,5,0,-1,-1,0,0,-1,201900015719,3,6,NULL,NULL,2,2,0,1,19,500,1,NULL,NULL,1,0,1,80
201900016850,15,1,2019,08:30:00,2,94,94002,2,9,8,3,"TOULON (R DE)","48,7876300","2,4289200",201900016850,138 274 956,B01,2,1,0,2,1,1,5,NULL,201900016850,138 274 955,A01,1,1,1,1,1987,5,1,0,-1,-1,0,-1,201900016850,4,"TOULON (R DE)",0,NULL,1,1,1,1,0,0,1,NULL,NULL,1,0,2,50
201900016850,15,1,2019,08:30:00,2,94,94002,2,9,8,3,"TOULON (R DE)","48,7876300","2,4289200",201900016850,138 274 956,B01,2,1,0,2,1,1,5,NULL,201900016850,138 274 956,B01,1,1,4,2,1961,5,8,4,-1,-1," -1",-1,201900016850,4,"TOULON (R DE)",0,NULL,1,1,1,1,0,0,1,NULL,NULL,1,0,2,50
201900018441,10,3,2019,18:30:00,2,28,28085,2,3,1,3,"QUINTINE Jean-Baptiste (rue)","48,4615079","1,4926834",201900018441,138 271 950,Y01,1,1,0,2,3,15,5,NULL,201900018441,138 271 950,Y01,1,1,3,1,2009,5,2,0,-1,-1," -1",-1,201900018441,4,NULL,0,NULL,1,1,0,1,(1),(1),1,NULL,NULL,1,0,1,30
201900018441,10,3,2019,18:30:00,2,28,28085,2,3,1,3,"QUINTINE Jean-Baptiste (rue)","48,4615079","1,4926834",201900018441,138 271 950,Y01,1,1,0,2,3,15,5,NULL,201900018441,138 271 951,A01,1,1,1,2,1986,5,1,8,-1,-1," -1",-1,201900018441,4,NULL,0,NULL,1,1,0,1,(1),(1),1,NULL,NULL,1,0,1,30
201900018511,14,3,2019,16:20:00,1,75,75118,2,3,2,3,"RUE DES POISSONNIERS","48,8926520","2,3523540",201900018511,138 271 819,B01,2,1,0,2,1,1,5,NULL,201900018511,138 271 819,B01,2,1,4,2,1975,1,2,0,-1,0,0,-1,201900018511,4,"RUE DES POISSONNIERS",0,NULL,-1,2,0,1,0,0,1,NULL,NULL,2,0,1,50
201900018511,14,3,2019,16:20:00,1,75,75118,2,3,2,3,"RUE DES POISSONNIERS","48,8926520","2,3523540",201900018511,138 271 819,B01,2,1,0,2,1,1,5,NULL,201900018511,138 271 820,A01,1,1,1,2,1987,9,1,0,-1,0,0,-1,201900018511,4,"RUE DES POISSONNIERS",0,NULL,-1,2,0,1,0,0,1,NULL,NULL,2,0,1,50
201900020536,25,12,2019,06:42:00,1,971,97101,2,1,1,2,RN5-BOISRIPEAUX,"16,2633800"," -61,5132200",201900020536,138 268 008,B01,3,1,0,2,4,18,5,NULL,201900020536,138 268 008,B01,1,1,3,1,1962,9,8,0,-1,-1," -1",-1,201900020536,2,5,0,NULL,3,2,0,1,0,0,1,NULL,NULL,1,5,1,50
201900020536,25,12,2019,06:42:00,1,971,97101,2,1,1,2,RN5-BOISRIPEAUX,"16,2633800"," -61,5132200",201900020536,138 268 008,B01,3,1,0,2,4,18,5,NULL,201900020536,138 268 009,A01,1,1,1,1,1994,5,1,8,-1,-1," -1",-1,201900020536,2,5,0,NULL,3,2,0,1,0,0,1,NULL,NULL,1,5,1,50
201900021005,6,6,2019,12:10:00,1,3,03013,2,6,1,3,"route de Paris","46,5871671","3,3156939",201900021005,138 267 149,B01,1,1,0,2,3,1,5,NULL,201900021005,138 267 149,B01,10,3,3,1,1959,1,8,0,-1,0,0,1,201900021005,3,707,0,NULL,2,1,0,1,13,246,3,NULL,NULL,1,0,1,50
201900021005,6,6,2019,12:10:00,1,3,03013,2,6,1,3,"route de Paris","46,5871671","3,3156939",201900021005,138 267 149,B01,1,1,0,2,3,1,5,NULL,201900021005,138 267 150,A01,1,1,1,1,1998,5,1,0,-1,0,0,-1,201900021005,3,707,0,NULL,2,1,0,1,13,246,3,NULL,NULL,1,0,1,50
201900024413,23,12,2019,15:50:00,1,75,75112,2,7,1,3,"PLACE DE LA PORTE DE VINCENNES","48,8465920","2,4138948",201900024413,138 260 438,B01,1,1,0,2,8,19,5,NULL,201900024413,138 260 438,B01,1,1,4,1,1990,0,8,2,-1,0,0,-1,201900024413,4,"PLACE DE LA PORTE DE VINCENNES",0,NULL,1,4,1,1,0,0,2,NULL,NULL,1,0,5,50
201900024413,23,12,2019,15:50:00,1,75,75112,2,7,1,3,"PLACE DE LA PORTE DE VINCENNES","48,8465920","2,4138948",201900024413,138 260 438,B01,1,1,0,2,8,19,5,NULL,201900024413,138 260 439,A01,1,1,1,1,1979,1,1,0,-1,0,0,-1,201900024413,4,"PLACE DE LA PORTE DE VINCENNES",0,NULL,1,4,1,1,0,0,2,NULL,NULL,1,0,5,50
201900025485,7,5,2019,10:40:00,1,64,64122,2,9,8,7,"VICTOR HUGO (AVENUE)","43,4812300"," -1,5624300",201900025485,138 258 392,A01,1,1,0,0,0,26,5,NULL,201900025485,138 258 392,A01,1,1,3,1,1944,5,2,0,-1,0,0,-1,201900025485,4,"VICTOR HUGO (AVENUE)",0,NULL,1,1,0,1,0,0,1,NULL,NULL,1,0,1,30
201900027251,13,5,2019,08:30:00,2,56,56260,2,6,1,3,"POMPIDOU (GIRATOIRE)","47,6660660"," -2,7700650",201900027251,138 255 042,B01,1,1,0,2,6,1,5,NULL,201900027251,138 255 041,A01,1,1,1,1,1995,1,1,0,-1,0,0,-1,201900027251,4,"POMPIDOU (GIRATOIRE)",0,NULL,1,2,-1,1,0,0,3,NULL,NULL,1,5,5,50
201900027251,13,5,2019,08:30:00,2,56,56260,2,6,1,3,"POMPIDOU (GIRATOIRE)","47,6660660"," -2,7700650",201900027251,138 255 042,B01,1,1,0,2,6,1,5,NULL,201900027251,138 255 042,B01,1,1,4,1,1985,1,2,8,-1,0,0,-1,201900027251,4,"POMPIDOU (GIRATOIRE)",0,NULL,1,2,-1,1,0,0,3,NULL,NULL,1,5,5,50
201900030676,27,7,2019,13:59:00,1,75,75108,2,2,1,3,"RUE PIERRE CHARRON","48,8705200","2,3052860",201900030676,138 248 659,B01,1,1,0,2,7,1,5,NULL,201900030676,138 248 659,B01,1,1,4,2,1978,5,2,0,-1,0,0,-1,201900030676,4,"RUE PIERRE CHARRON",0,NULL,2,2,0,1,0,0,1,NULL,NULL,1,6,1,50
201900030676,27,7,2019,13:59:00,1,75,75108,2,2,1,3,"RUE PIERRE CHARRON","48,8705200","2,3052860",201900030676,138 248 659,B01,1,1,0,2,7,1,5,NULL,201900030676,138 248 660,A01,1,1,4,1,1955,5,2,6,-1,0,0,-1,201900030676,4,"RUE PIERRE CHARRON",0,NULL,2,2,0,1,0,0,1,NULL,NULL,1,6,1,50
201900030832,23,5,2019,19:00:00,1,35,35238,2,1,1,3,"ROGER HENRI GUERRAND (RUE)","48,0988500"," -1,6985900",201900030832,138 248 366,B01,3,1,0,2,0,0,0,NULL,201900030832,138 248 365,A01,1,1,1,2,1987,1,1,0,-1,-1," -1",-1,201900030832,4,"ROGER HENRI GUERRAND (RUE)",0,NULL,2,2,0,1,0,0,1,NULL,NULL,1,8,1,50
201900030832,23,5,2019,19:00:00,1,35,35238,2,1,1,3,"ROGER HENRI GUERRAND (RUE)","48,0988500"," -1,6985900",201900030832,138 248 366,B01,3,1,0,2,0,0,0,NULL,201900030832,138 248 366,B01,1,1,4,1,2008,5,2,0,-1,-1," -1",-1,201900030832,4,"ROGER HENRI GUERRAND (RUE)",0,NULL,2,2,0,1,0,0,1,NULL,NULL,1,8,1,50
201900031498,5,10,2019,03:30:00,5,75,75118,2,3,1,3,"RUE DU DEPARTEMENT","48,8857448","2,3649831",201900031498,138 247 130,A01,1,1,0,2,1,5,5,NULL,201900031498,138 247 130,A01,1,1,4,1,1987,0,8,2,-1,0,0,-1,201900031498,4,"RUE DU DEPARTEMENT",0,NULL,1,1,0,1,0,0,1,NULL,NULL,1,0,1,30
201900031498,5,10,2019,03:30:00,5,75,75118,2,3,1,3,"RUE DU DEPARTEMENT","48,8857448","2,3649831",201900031498,138 247 130,A01,1,1,0,2,1,5,5,NULL,201900031498,138 247 131,B01,1,1,1,1,1977,0,1,0,-1,0,0,-1,201900031498,4,"RUE DU DEPARTEMENT",0,NULL,1,1,0,1,0,0,1,NULL,NULL,1,0,1,30
201900034294,21,7,2019,12:35:00,1,92,92072,2,1,1,7,"ALBERT DAMOUSE (RUE)","48,8183500","2,2161100",201900034294,138 241 730,A01,1,1,12,0,1,1,5,NULL,201900034294,138 241 730,A01,1,1,4,1,1979,5,2,8,-1,-1,0,-1,201900034294,4,"12 DAMMOUSE (RUE ALBERT)",0,NULL,1,1,0,2,0,0,1,NULL,NULL,1,0,1,50
201900035661,25,8,2019,16:00:00,1,974,97411,2,1,1,3,"LECONTE DE LISLE (AVENUE)"," -20,8935300","55,4852900",201900035661,138 239 055,B01,3,1,0,2,7,19,5,NULL,201900035661,138 239 054,A01,1,1,1,1,2001,5,2,8,-1,-1,0,-1,201900035661,4,"LECONTE DE LISLE (AVENUE)",0,NULL,2,3,3,1,0,0,1,NULL,NULL,1,0,6,50
201900035661,25,8,2019,16:00:00,1,974,97411,2,1,1,3,"LECONTE DE LISLE (AVENUE)"," -20,8935300","55,4852900",201900035661,138 239 055,B01,3,1,0,2,7,19,5,NULL,201900035661,138 239 055,B01,1,1,3,1,2010,5,8,0,-1,-1," -1",-1,201900035661,4,"LECONTE DE LISLE (AVENUE)",0,NULL,2,3,3,1,0,0,1,NULL,NULL,1,0,6,50
201900035821,24,2,2019,22:40:00,5,59,59350,2,2,1,3,"CARREL ARMAND RUE","50,6181400","3,0736800",201900035821,138 238 744,A01,3,1,0,0,0,0,5,NULL,201900035821,138 238 744,A01,1,1,3,1,1989,5,8,0,-1,-1,0,-1,201900035821,7,917,0,NULL,2,4,0,1,0,0,1,NULL,NULL,1,0,1,50
201900035821,24,2,2019,22:40:00,5,59,59350,2,2,1,3,"CARREL ARMAND RUE","50,6181400","3,0736800",201900035821,138 238 744,A01,3,1,0,0,0,0,5,NULL,201900035821,138 238 745,B01,1,1,1,1,1998,5,1,0,-1,-1,0,-1,201900035821,7,917,0,NULL,2,4,0,1,0,0,1,NULL,NULL,1,0,1,50
201900036131,20,7,2019,13:30:00,1,91,91103,2,1,1,3,"PRES D'AULNAY (RUE DES)","48,6134100","2,2780000",201900036131,138 238 190,B01,2,1,0,2,8,1,5,NULL,201900036131,138 238 190,B01,1,1,4,2,1981,1,2,0,-1,0,0,-1,201900036131,4,"PRES D'AULNAY (RUE DES)",0,NULL,2,2,0,1,0,0,1,NULL,NULL,1,0,3,50
201900036131,20,7,2019,13:30:00,1,91,91103,2,1,1,3,"PRES D'AULNAY (RUE DES)","48,6134100","2,2780000",201900036131,138 238 190,B01,2,1,0,2,8,1,5,NULL,201900036131,138 238 191,A01,1,1,1,1,1973,5,1,0,-1,0,0,-1,201900036131,4,"PRES D'AULNAY (RUE DES)",0,NULL,2,2,0,1,0,0,1,NULL,NULL,1,0,3,50
201900036556,15,5,2019,08:45:00,1,75,75106,2,3,1,3,"BOULEVARD DU MONTPARNASSE","48,8461750","2,3178730",201900036556,138 237 377,B01,2,1,0,2,8,13,5,NULL,201900036556,138 237 376,A01,1,1,4,1,1966,1,2,0,-1,0,0,-1,201900036556,4,"BOULEVARD DU MONTPARNASSE",0,NULL,1,2,1,1,0,0,1,NULL,NULL,1,9,1,50
201900036556,15,5,2019,08:45:00,1,75,75106,2,3,1,3,"BOULEVARD DU MONTPARNASSE","48,8461750","2,3178730",201900036556,138 237 376,A01,2,1,0,2,7,13,5,NULL,201900036556,138 237 376,A01,1,1,4,1,1966,1,2,0,-1,0,0,-1,201900036556,4,"BOULEVARD DU MONTPARNASSE",0,NULL,1,2,1,1,0,0,1,NULL,NULL,1,9,1,50
201900036556,15,5,2019,08:45:00,1,75,75106,2,3,1,3,"BOULEVARD DU MONTPARNASSE","48,8461750","2,3178730",201900036556,138 237 377,B01,2,1,0,2,8,13,5,NULL,201900036556,138 237 377,B01,1,1,4,2,1958,0,2,0,-1,0,0,-1,201900036556,4,"BOULEVARD DU MONTPARNASSE",0,NULL,1,2,1,1,0,0,1,NULL,NULL,1,9,1,50
201900036556,15,5,2019,08:45:00,1,75,75106,2,3,1,3,"BOULEVARD DU MONTPARNASSE","48,8461750","2,3178730",201900036556,138 237 376,A01,2,1,0,2,7,13,5,NULL,201900036556,138 237 377,B01,1,1,4,2,1958,0,2,0,-1,0,0,-1,201900036556,4,"BOULEVARD DU MONTPARNASSE",0,NULL,1,2,1,1,0,0,1,NULL,NULL,1,9,1,50
201900037193,17,1,2019,14:15:00,1,75,75118,2,1,1,7,"BOULEVARD NEY","48,8985950","2,3633050",201900037193,138 236 125,A01,1,1,0,0,0,21,5,NULL,201900037193,138 236 125,A01,1,1,4,2,1997,1,8,0,-1,0,0,-1,201900037193,4,"BOULEVARD NEY",0,NULL,1,1,1,1,0,0,1,NULL,NULL,1,0,1,50
201900037418,24,8,2019,11:26:00,1,52,52121,2,3,1,3,"R.D. 161","48,1262000","5,1360000",201900037418,138 235 660,B01,0,1,0,2,1,1,5,NULL,201900037418,138 235 660,B01,1,1,3,1,1950,5,8,0,-1,0,0,-1,201900037418,3,161,0,NULL,2,2,0,1,0,0,2,NULL,NULL,1,0,1,50
201900037418,24,8,2019,11:26:00,1,52,52121,2,3,1,3,"R.D. 161","48,1262000","5,1360000",201900037418,138 235 660,B01,0,1,0,2,1,1,5,NULL,201900037418,138 235 661,A01,1,1,1,1,1987,5,1,0,-1,0,0,-1,201900037418,3,161,0,NULL,2,2,0,1,0,0,2,NULL,NULL,1,0,1,50
201900038413,20,6,2019,08:10:00,1,75,75117,2,4,2,6,"AVENUE MAC MAHON","48,8783410","2,2942930",201900038413,138 233 888,A01,1,1,0,2,1,7,5,NULL,201900038413,138 233 888,A01,1,1,4,2,1988,1,2,0,-1,0,0,-1,201900038413,4,"AVENUE MAC MAHON",0,NULL,2,2,3,2,0,0,1,NULL,NULL,2,0,6,30
201900038413,20,6,2019,08:10:00,1,75,75117,2,4,2,6,"AVENUE MAC MAHON","48,8783410","2,2942930",201900038413,138 233 888,A01,1,1,0,2,1,7,5,NULL,201900038413,138 233 889,B01,1,1,1,1,1967,0,1,0,-1,0,0,-1,201900038413,4,"AVENUE MAC MAHON",0,NULL,2,2,3,2,0,0,1,NULL,NULL,2,0,6,30
201900039710,18,7,2019,09:25:00,1,69,69386,2,1,1,7,"CREQUI (DE)                         (R )","45,7738500","4,8451100",201900039710,138 231 447,A01,0,1,0,0,0,1,5,NULL,201900039710,138 231 447,A01,1,1,4,2,1987,0,2,0,-1,-1," -1",-1,201900039710,4,"CREQUI (DE)                         (R )",0,NULL,1,2,1,1,1,0,1,NULL,NULL,1,0,1,50
201900039980,11,12,2019,19:00:00,5,75,75107,2,1,1,6,"BOULEVARD DES INVALIDES","48,8546780","2,3148470",201900039980,138 230 923,A01,1,1,0,1,8,1,5,NULL,201900039980,138 230 923,A01,10,3,4,2,1952,0,0,-1,-1,0,0,-1,201900039980,4,"BOULEVARD DES INVALIDES",0,NULL,2,2,0,1,6,0,1,NULL,NULL,1,0,1,50
201900039980,11,12,2019,19:00:00,5,75,75107,2,1,1,6,"BOULEVARD DES INVALIDES","48,8546780","2,3148470",201900039980,138 230 923,A01,1,1,0,1,8,1,5,NULL,201900039980,138 230 923,A01,1,1,1,1,1993,1,2,8,-1,0,0,-1,201900039980,4,"BOULEVARD DES INVALIDES",0,NULL,2,2,0,1,6,0,1,NULL,NULL,1,0,1,50
201900043735,12,5,2019,21:25:00,5,93,93051,2,1,1,5,"NEUILLY (ROUTE)","48,8499600","2,5362900",201900043735,138 223 941,C01,0,1,0,2,0,19,0,NULL,201900043735,138 223 939,A01,2,2,1,1,2002,0,1,0,-1,-1," -1",-1,201900043735,3,970,0,NULL,2,3,0,2,1,1,1,NULL,NULL,1,0,1,50
201900043735,12,5,2019,21:25:00,5,93,93051,2,1,1,5,"NEUILLY (ROUTE)","48,8499600","2,5362900",201900043735,138 223 941,C01,0,1,0,2,0,19,0,NULL,201900043735,138 223 939,A01,1,1,1,2,1997,5,1,0,-1,-1," -1",-1,201900043735,3,970,0,NULL,2,3,0,2,1,1,1,NULL,NULL,1,0,1,50
201900043735,12,5,2019,21:25:00,5,93,93051,2,1,1,5,"NEUILLY (ROUTE)","48,8499600","2,5362900",201900043735,138 223 941,C01,0,1,0,2,0,19,0,NULL,201900043735,138 223 940,B01,2,2,1,1,1994,5,1,0,-1,-1," -1",-1,201900043735,3,970,0,NULL,2,3,0,2,1,1,1,NULL,NULL,1,0,1,50
201900043735,12,5,2019,21:25:00,5,93,93051,2,1,1,5,"NEUILLY (ROUTE)","48,8499600","2,5362900",201900043735,138 223 941,C01,0,1,0,2,0,19,0,NULL,201900043735,138 223 940,B01,1,1,1,1,1996,5,1,0,-1,-1," -1",-1,201900043735,3,970,0,NULL,2,3,0,2,1,1,1,NULL,NULL,1,0,1,50
201900043735,12,5,2019,21:25:00,5,93,93051,2,1,1,5,"NEUILLY (ROUTE)","48,8499600","2,5362900",201900043735,138 223 941,C01,0,1,0,2,0,19,0,NULL,201900043735,138 223 941,C01,1,1,3,1,1992,4,8,0,-1,-1," -1",-1,201900043735,3,970,0,NULL,2,3,0,2,1,1,1,NULL,NULL,1,0,1,50
201900044621,28,9,2019,12:25:00,1,70,70489,1,1,1,2,"route des vosges, D.486","47,8366858","6,7139078",201900044621,138 222 219,B01,3,1,0,0,4,2,5,NULL,201900044621,138 222 219,B01,1,1,3,2,1975,5,2,-1,-1,0,0,-1,201900044621,3,486,0,D,2,2,0,2,(1),(1),1,NULL,NULL,1,0,1,70
201900044621,28,9,2019,12:25:00,1,70,70489,1,1,1,2,"route des vosges, D.486","47,8366858","6,7139078",201900044621,138 222 219,B01,3,1,0,0,4,2,5,NULL,201900044621,138 222 220,A01,1,1,1,1,2000,1,1,-1,-1,0,0,-1,201900044621,3,486,0,D,2,2,0,2,(1),(1),1,NULL,NULL,1,0,1,70
201900047755,18,2,2019,11:15:00,1,94,94041,2,1,1,3,"LOUIS BERTRAND (R)","48,8171900","2,3804000",201900047755,138 216 250,B01,2,1,1,0,7,17,5,NULL,201900047755,138 216 249,A01,1,1,1,1,1984,4,8,0,-1,-1,0,-1,201900047755,3,150,0,NULL,2,2,0,1,0,0,1,NULL,NULL,1,0,1,50
201900047755,18,2,2019,11:15:00,1,94,94041,2,1,1,3,"LOUIS BERTRAND (R)","48,8171900","2,3804000",201900047755,138 216 250,B01,2,1,1,0,7,17,5,NULL,201900047755,138 216 250,B01,1,1,4,2,1957,5,2,0,-1,-1,0,-1,201900047755,3,150,0,NULL,2,2,0,1,0,0,1,NULL,NULL,1,0,1,50
201900048664,14,7,2019,00:50:00,5,49,49007,2,1,1,1,"place François Mitterand","47,4772300"," -0,5517600",201900048664,138 214 560,B01,2,1,0,2,1,1,5,NULL,201900048664,138 214 559,A01,1,1,1,1,1985,9,1,0,-1,-1,0,-1,201900048664,4,"place François Mitterand",0,NULL,2,2,0,1,0,0,1,NULL,NULL,1,0,1,30
201900048664,14,7,2019,00:50:00,5,49,49007,2,1,1,1,"place François Mitterand","47,4772300"," -0,5517600",201900048664,138 214 560,B01,2,1,0,2,1,1,5,NULL,201900048664,138 214 560,B01,1,1,4,1,1987,9,8,8,-1,-1,0,-1,201900048664,4,"place François Mitterand",0,NULL,2,2,0,1,0,0,1,NULL,NULL,1,0,1,30
201900049278,6,12,2019,07:35:00,2,75,75114,2,1,8,7,"BOULEVARD JOURDAN","48,8204050","2,3388110",201900049278,138 213 451,A01,1,1,0,0,0,1,5,NULL,201900049278,138 213 451,A01,1,1,3,1,1980,1,8,2,-1,0,0,-1,201900049278,4,"BOULEVARD JOURDAN",0,NULL,3,2,1,2,24,0,1,NULL,NULL,2,0,5,50
201900050104,25,9,2019,15:30:00,1,69,69259,2,1,1,6,"PIERRE COT                          (AV)","45,7070000","4,8980000",201900050104,138 211 921,A01,1,1,7,0,1,25,5,NULL,201900050104,138 211 921,A01,1,1,4,1,2001,0,2,0,-1,-1," -1",-1,201900050104,4,"PIERRE COT                          (AV)",0,NULL,2,2,0,1,0,0,1,NULL,NULL,1,0,4,50
201900051102,4,12,2019,07:40:00,5,44,44143,2,1,1,2,"RUE MAURICE JOUAUD","47,1858300"," -1,5560800",201900051102,138 210 083,B01,1,1,0,2,4,1,5,NULL,201900051102,138 210 083,B01,1,1,4,1,1966,0,8,0,-1,0,0,-1,201900051102,4,NULL,0,NULL,1,0,0,1,1,0,1,NULL,NULL,7,0,1,50
201900052022,24,9,2019,18:33:00,1,10,10357,2,1,3,3,"GENERAL DE GAULLE (RUE DU)","48,2982400","4,1193600",201900052022,138 208 309,B01,3,1,0,2,8,26,5,NULL,201900052022,138 208 309,B01,1,1,4,1,1964,3,8,0,-1,-1," -1",-1,201900052022,4,"GENERAL DE GAULLE (RUE DU)",0,NULL,2,2,1,1,0,0,1,NULL,NULL,2,0,3,50
201900052022,24,9,2019,18:33:00,1,10,10357,2,1,3,3,"GENERAL DE GAULLE (RUE DU)","48,2982400","4,1193600",201900052022,138 208 309,B01,3,1,0,2,8,26,5,NULL,201900052022,138 208 310,A01,1,1,1,1,1976,0,1,0,-1,-1," -1",-1,201900052022,4,"GENERAL DE GAULLE (RUE DU)",0,NULL,2,2,1,1,0,0,1,NULL,NULL,2,0,3,50
201900056067,16,8,2019,16:10:00,1,56,56107,2,1,2,6,"KERNEVEL (PORT DU)","47,7178600"," -3,3700100",201900056067,138 200 686,A01,3,1,12,0,7,14,5,NULL,201900056067,138 200 686,A01,1,1,4,2,1960,5,2,8,-1,0,0,-1,201900056067,6,"KERNEVEL (PORT DU)",0,NULL,-1,-1,0,1,0,0,1,NULL,NULL,2,0,1,30
201900009331,2,12,2019,17:53:00,3,1,01289,1,1,1,2,"LENT ( ROUTE DE )","46,1748530","5,2321838",201900009331,138 289 046,B01,2,1,0,2,6,1,5,NULL,201900009331,138 289 046,B01,1,1,4,1,1946,0,8,8,-1,-1," -1",-1,201900009331,3,23,0,NULL,2,2,0,1,10,95,1,NULL,NULL,1,0,1,80
201900010681,10,8,2019,20:40:00,2,92,92020,2,2,1,3,"VERDUN AVENUE DE N°1 A 45","48,8024400","2,2862600",201900010681,138 286 611,A01,3,1,0,2,1,26,5,NULL,201900010681,138 286 610,B01,1,1,1,1,1975,1,1,0,-1,-1,0,-1,201900010681,3,906,0,NULL,2,4,2,2,0,1,1,NULL,NULL,1,9,1,50
201900010681,10,8,2019,20:40:00,2,92,92020,2,2,1,3,"VERDUN AVENUE DE N°1 A 45","48,8024400","2,2862600",201900010681,138 286 611,A01,3,1,0,2,1,26,5,NULL,201900010681,138 286 611,A01,1,1,4,1,2002,5,8,0,-1,-1,0,-1,201900010681,3,906,0,NULL,2,4,2,2,0,1,1,NULL,NULL,1,9,1,50
201900012124,22,4,2019,20:45:00,2,75,75111,2,3,1,3,"RUE DE LA ROQUETTE","48,8598370","2,3887550",201900012124,138 283 903,B01,1,1,0,2,8,1,5,NULL,201900012124,138 283 902,A01,1,1,1,1,1991,5,1,0,-1,0,0,-1,201900012124,4,"RUE DE LA ROQUETTE",0,NULL,2,3,0,2,0,0,1,NULL,NULL,1,0,5,50
201900012124,22,4,2019,20:45:00,2,75,75111,2,3,1,3,"RUE DE LA ROQUETTE","48,8598370","2,3887550",201900012124,138 283 903,B01,1,1,0,2,8,1,5,NULL,201900012124,138 283 903,B01,1,1,4,2,1997,5,2,0,-1,0,0,-1,201900012124,4,"RUE DE LA ROQUETTE",0,NULL,2,3,0,2,0,0,1,NULL,NULL,1,0,5,50
201900016141,2,7,2019,16:25:00,1,50,50219,1,1,1,2,"Route du Gros Frêne","49,0653210"," -1,4673860",201900016141,138 276 372,B01,3,1,0,0,4,2,5,NULL,201900016141,138 276 372,B01,1,1,3,1,1974,5,2,-1,-1,0,0,-1,201900016141,3,57,NULL,NULL,1,2,0,1,(1),(1),1,NULL,NULL,1,0,1,80
201900016141,2,7,2019,16:25:00,1,50,50219,1,1,1,2,"Route du Gros Frêne","49,0653210"," -1,4673860",201900016141,138 276 372,B01,3,1,0,0,4,2,5,NULL,201900016141,138 276 373,A01,1,1,1,1,1948,5,1,-1,-1,0,0,-1,201900016141,3,57,NULL,NULL,1,2,0,1,(1),(1),1,NULL,NULL,1,0,1,80
201900016671,30,12,2019,16:24:00,1,1,01034,1,6,1,3,"Montee du Pigeonnier","45,7580360","5,7059120",201900016671,138 275 285,B01,1,1,0,2,0,18,5,NULL,201900016671,138 275 284,A01,1,1,1,1,1971,4,1,-1,-1,0,0,-1,201900016671,3,992,NULL,NULL,2,2,0,2,22,620,3,NULL,NULL,1,5,1,80
201900016671,30,12,2019,16:24:00,1,1,01034,1,6,1,3,"Montee du Pigeonnier","45,7580360","5,7059120",201900016671,138 275 285,B01,1,1,0,2,0,18,5,NULL,201900016671,138 275 285,B01,1,1,3,2,1965,5,0,-1,-1,0,0,-1,201900016671,3,992,NULL,NULL,2,2,0,2,22,620,3,NULL,NULL,1,5,1,80
201900017854,1,7,2019,18:40:00,1,7,07102,2,2,1,3,"MONTGOLFIER (RUE)","44,9357800","4,8739000",201900017854,138 273 030,B01,3,1,0,2,2,1,5,NULL,201900017854,138 273 030,B01,1,1,4,1,1948,0,8,0,-1,-1," -1",-1,201900017854,4,"MONTGOLFIER (RUE)",0,NULL,3,2,0,1,0,0,1,NULL,NULL,1,8,1,50
201900017854,1,7,2019,18:40:00,1,7,07102,2,2,1,3,"MONTGOLFIER (RUE)","44,9357800","4,8739000",201900017854,138 273 030,B01,3,1,0,2,2,1,5,NULL,201900017854,138 273 031,A01,1,1,1,2,1982,0,1,0,-1,-1," -1",-1,201900017854,4,"MONTGOLFIER (RUE)",0,NULL,3,2,0,1,0,0,1,NULL,NULL,1,8,1,50
201900018603,5,11,2019,18:05:00,3,7,07107,2,9,1,1,"rue de molle","44,6361440","4,2547180",201900018603,138 271 666,B01,0,1,0,2,1,9,5,NULL,201900018603,138 271 666,B01,1,1,3,1,2001,5,9,-1,-1,0,0,-1,201900018603,3,5,NULL,NULL,2,2,0,2,23,50,1,NULL,NULL,1,0,1,50