Num_Acc,jour,mois,an,hrmn,lum,dep,com,agg,int,atm,col,adr,lat,long,Num_Acc,id_vehicule,num_veh,senc,catv,obs,obsm,choc,manv,motor,occutc,Num_Acc,id_vehicule,num_veh,place,catu,grav,sexe,an_nais,trajet,secu1,secu2,secu3,locp,actp,etatp,Num_Acc,catr,voie,v1,v2,circ,nbv,vosp,prof,pr,pr1,plan,lartpc,larrout,surf,infra,situ,vma
201900018603,5,11,2019,18:05:00,3,7,07107,2,9,1,1,"rue de molle","44,6361440","4,2547180",201900018603,138 271 666,B01,0,1,0,2,1,9,5,NULL,201900018603,138 271 667,A01,1,1,1,1,1941,5,1,-1,-1,0,0,-1,201900018603,3,5,NULL,NULL,2,2,0,2,23,50,1,NULL,NULL,1,0,1,50
201900020774,12,10,2019,19:30:00,5,34,34172,2,2,1,3,"ASSAS (AVENUE D')","43,6127800","3,8675100",201900020774,138 267 555,A01,3,1,0,2,3,2,5,NULL,201900020774,138 267 555,A01,1,1,4,2,1992,5,8,0,-1,0,0,-1,201900020774,4,"ASSAS (AVENUE D')",0,NULL,1,2,2,2,(1),(1),1,NULL,NULL,1,0,1,50
201900020774,12,10,2019,19:30:00,5,34,34172,2,2,1,3,"ASSAS (AVENUE D')","43,6127800","3,8675100",201900020774,138 267 555,A01,3,1,0,2,3,2,5,NULL,201900020774,138 267 556,B01,1,1,1,2,1997,5,1,8,-1,0,0,-1,201900020774,4,"ASSAS (AVENUE D')",0,NULL,1,2,2,2,(1),(1),1,NULL,NULL,1,0,1,50
201900020774,12,10,2019,19:30:00,5,34,34172,2,2,1,3,"ASSAS (AVENUE D')","43,6127800","3,8675100",201900020774,138 267 555,A01,3,1,0,2,3,2,5,NULL,201900020774,138 267 556,B01,4,2,1,1,1996,5,1,8,-1,0,0,-1,201900020774,4,"ASSAS (AVENUE D')",0,NULL,1,2,2,2,(1),(1),1,NULL,NULL,1,0,1,50
201900020774,12,10,2019,19:30:00,5,34,34172,2,2,1,3,"ASSAS (AVENUE D')","43,6127800","3,8675100",201900020774,138 267 555,A01,3,1,0,2,3,2,5,NULL,201900020774,138 267 556,B01,2,2,1,2,1994,5,1,8,-1,0,0,-1,201900020774,4,"ASSAS (AVENUE D')",0,NULL,1,2,2,2,(1),(1),1,NULL,NULL,1,0,1,50
201900022721,10,10,2019,18:20:00,1,75,75107,2,4,1,3,"RUE DU BAC","48,8567220","2,3270456",201900022721,138 263 840,B01,1,1,0,2,3,1,5,NULL,201900022721,138 263 839,A01,1,1,1,1,1995,4,2,6,-1,0,0,-1,201900022721,4,"RUE DU BAC",0,NULL,2,2,1,1,0,0,1,NULL,NULL,1,0,5,50
201900022721,10,10,2019,18:20:00,1,75,75107,2,4,1,3,"RUE DU BAC","48,8567220","2,3270456",201900022721,138 263 840,B01,1,1,0,2,3,1,5,NULL,201900022721,138 263 840,B01,1,1,4,1,1995,0,8,2,-1,0,0,-1,201900022721,4,"RUE DU BAC",0,NULL,2,2,1,1,0,0,1,NULL,NULL,1,0,5,50
201900022792,9,9,2019,20:00:00,5,75,75116,2,2,1,3,"ALLEE DE LONGCHAMP","48,8749200","2,2711040",201900022792,138 263 711,A01,1,1,0,2,7,1,5,NULL,201900022792,138 263 710,B01,1,1,4,1,1961,1,2,6,-1,0,0,-1,201900022792,4,"ALLEE DE LONGCHAMP",0,NULL,2,2,0,1,0,0,1,NULL,NULL,1,5,1,50
201900022792,9,9,2019,20:00:00,5,75,75116,2,2,1,3,"ALLEE DE LONGCHAMP","48,8749200","2,2711040",201900022792,138 263 711,A01,1,1,0,2,7,1,5,NULL,201900022792,138 263 711,A01,2,2,1,1,2005,5,2,8,-1,0,0,-1,201900022792,4,"ALLEE DE LONGCHAMP",0,NULL,2,2,0,1,0,0,1,NULL,NULL,1,5,1,50
201900022792,9,9,2019,20:00:00,5,75,75116,2,2,1,3,"ALLEE DE LONGCHAMP","48,8749200","2,2711040",201900022792,138 263 711,A01,1,1,0,2,7,1,5,NULL,201900022792,138 263 711,A01,1,1,1,1,2006,5,2,8,-1,0,0,-1,201900022792,4,"ALLEE DE LONGCHAMP",0,NULL,2,2,0,1,0,0,1,NULL,NULL,1,5,1,50
201900024110,28,1,2019,19:15:00,3,49,49021,1,1,1,2,"Route départementale 7, route de la MENITRE","47,4337140"," -0,2258870",201900024110,138 261 010,B01,2,1,0,2,4,2,5,NULL,201900024110,138 261 009,A01,1,1,1,1,1966,5,1,-1,-1,0,0,-1,201900024110,3,7,0,NULL,2,2,0,1,10,800,1,NULL,NULL,1,0,1,80
201900024110,28,1,2019,19:15:00,3,49,49021,1,1,1,2,"Route départementale 7, route de la MENITRE","47,4337140"," -0,2258870",201900024110,138 261 010,B01,2,1,0,2,4,2,5,NULL,201900024110,138 261 010,B01,1,1,3,2,1957,5,4,-1,-1,0,0,-1,201900024110,3,7,0,NULL,2,2,0,1,10,800,1,NULL,NULL,1,0,1,80
201900024332,18,12,2019,14:45:00,1,92,92012,1,1,1,5,"JEAN BAPTISTE CLEMENT (AVENUE) 49/FIN -","48,8474400","2,2407400",201900024332,138 260 602,B01,2,1,0,2,8,9,5,NULL,201900024332,138 260 601,A01,1,1,1,1,1945,5,1,0,-1,-1,0,-1,201900024332,4,"JEAN BAPTISTE CLEMENT (AVENUE) 49/FIN -",0,NULL,2,2,0,1,0,0,1,NULL,NULL,1,0,1,50
201900024332,18,12,2019,14:45:00,1,92,92012,1,1,1,5,"JEAN BAPTISTE CLEMENT (AVENUE) 49/FIN -","48,8474400","2,2407400",201900024332,138 260 602,B01,2,1,0,2,8,9,5,NULL,201900024332,138 260 602,B01,2,1,4,2,1963,0,8,0,-1,-1,0,-1,201900024332,4,"JEAN BAPTISTE CLEMENT (AVENUE) 49/FIN -",0,NULL,2,2,0,1,0,0,1,NULL,NULL,1,0,1,50
201900024506,6,9,2019,14:40:00,1,15,15258,2,1,1,6,"départementale 8, rue des alouettes","44,9657600","2,6187120",201900024506,138 260 264,A01,1,1,12,0,9,1,5,NULL,201900024506,138 260 264,A01,1,1,3,1,1957,5,2,-1,-1,0,0,-1,201900024506,3,8,NULL,NULL,2,2,0,4,1,250,3,NULL,NULL,9,0,1,50
201900024984,26,6,2019,19:00:00,1,94,94003,2,1,1,2,"CONVENTION (AV DE LA)","48,8012100","2,3334200",201900024984,138 259 324,A01,1,1,0,2,1,2,6,NULL,201900024984,138 259 324,A01,1,1,4,1,1982,0,2,0,-1,-1," -1",-1,201900024984,4,"CONVENTION (AV DE LA)",0,NULL,3,2,0,1,0,0,1,NULL,NULL,1,0,1,50
201900024984,26,6,2019,19:00:00,1,94,94003,2,1,1,2,"CONVENTION (AV DE LA)","48,8012100","2,3334200",201900024984,138 259 324,A01,1,1,0,2,1,2,6,NULL,201900024984,138 259 325,B01,1,1,1,2,1977,0,1,0,-1,-1," -1",-1,201900024984,4,"CONVENTION (AV DE LA)",0,NULL,3,2,0,1,0,0,1,NULL,NULL,1,0,1,50
201900025158,16,7,2019,08:30:00,1,94,94021,2,3,1,3,"ECOLES (R DES)","48,7531800","2,3126500",201900025158,138 259 015,A01,2,1,0,2,7,19,5,NULL,201900025158,138 259 014,B01,1,1,1,1,1954,5,1,0,-1,-1,0,-1,201900025158,4,"ECOLES (R DES)",0,NULL,2,2,0,1,0,0,1,NULL,NULL,1,0,1,50
201900025158,16,7,2019,08:30:00,1,94,94021,2,3,1,3,"ECOLES (R DES)","48,7531800","2,3126500",201900025158,138 259 015,A01,2,1,0,2,7,19,5,NULL,201900025158,138 259 015,A01,1,1,4,1,1952,5,2,4,-1,-1,0,-1,201900025158,4,"ECOLES (R DES)",0,NULL,2,2,0,1,0,0,1,NULL,NULL,1,0,1,50
201900027612,19,12,2019,15:50:00,1,37,37195,2,1,1,3,"MAIRIE (RUE DE LA)","47,3877100","0,6568600",201900027612,138 254 386,B01,1,1,0,2,1,1,0,NULL,201900027612,138 254 385,A01,1,1,1,1,1967,4,1,8,-1,-1,0,-1,201900027612,4,"MAIRIE (RUE DE LA)",0,NULL,2,2,0,1,0,0,1,NULL,NULL,1,0,1,50
201900027612,19,12,2019,15:50:00,1,37,37195,2,1,1,3,"MAIRIE (RUE DE LA)","47,3877100","0,6568600",201900027612,138 254 386,B01,1,1,0,2,1,1,0,NULL,201900027612,138 254 386,B01,1,1,4,2,1961,5,8,0,-1,-1,0,-1,201900027612,4,"MAIRIE (RUE DE LA)",0,NULL,2,2,0,1,0,0,1,NULL,NULL,1,0,1,50
201900027676,19,12,2019,10:25:00,1,75,75112,2,3,2,3,"AVENUE DAUMESNIL","48,8384490","2,3986830",201900027676,138 254 264,B01,1,1,0,2,1,13,5,NULL,201900027676,138 254 264,B01,1,1,4,2,1971,1,8,2,-1,0,0,-1,201900027676,4,"AVENUE DAUMESNIL",0,NULL,2,2,1,2,0,0,1,NULL,NULL,2,0,1,50
201900027676,19,12,2019,10:25:00,1,75,75112,2,3,2,3,"AVENUE DAUMESNIL","48,8384490","2,3986830",201900027676,138 254 264,B01,1,1,0,2,1,13,5,NULL,201900027676,138 254 265,A01,1,1,1,1,1960,1,1,0,-1,0,0,-1,201900027676,4,"AVENUE DAUMESNIL",0,NULL,2,2,1,2,0,0,1,NULL,NULL,2,0,1,50
201900029000,12,5,2019,15:36:00,1,49,49007,2,1,1,7,LETANDUERE,"47,4546300"," -0,5536300",201900029000,138 251 795,A01,1,1,14,0,3,0,5,NULL,201900029000,138 251 795,A01,1,1,4,2,1992,5,2,8,-1,-1,0,-1,201900029000,4,LETANDUERE,0,NULL,2,2,0,1,0,0,1,NULL,NULL,1,9,1,30
201900030521,8,3,2019,07:00:00,1,94,94021,2,1,1,3,"D'AGEN (RUE)","48,7622000","2,3496300",201900030521,138 248 929,B01,0,1,0,2,4,19,5,NULL,201900030521,138 248 929,B01,1,1,4,1,1974,4,2,0,-1,-1,0,-1,201900030521,9,"D'AGEN (RUE)",0,NULL,1,1,0,1,1,0,1,NULL,NULL,1,0,1,50
201900030521,8,3,2019,07:00:00,1,94,94021,2,1,1,3,"D'AGEN (RUE)","48,7622000","2,3496300",201900030521,138 248 929,B01,0,1,0,2,4,19,5,NULL,201900030521,138 248 930,A01,1,1,1,1,1983,0,8,0,-1,-1,0,-1,201900030521,9,"D'AGEN (RUE)",0,NULL,1,1,0,1,1,0,1,NULL,NULL,1,0,1,50
201900031271,19,12,2019,08:40:00,2,29,29046,1,6,2,3,"Route de Quimper","48,0757690"," -4,3117580",201900031271,138 247 541,B01,2,1,0,0,7,2,6,NULL,201900031271,138 247 540,A01,1,1,1,2,1950,0,1,-1,-1,0,0,-1,201900031271,3,765,NULL,D,1,1,0,1,74,300,2,NULL,NULL,2,0,1,70
201900031271,19,12,2019,08:40:00,2,29,29046,1,6,2,3,"Route de Quimper","48,0757690"," -4,3117580",201900031271,138 247 541,B01,2,1,0,0,7,2,6,NULL,201900031271,138 247 541,B01,1,1,4,2,1995,0,0,-1,-1,0,0,-1,201900031271,3,765,NULL,D,1,1,0,1,74,300,2,NULL,NULL,2,0,1,70
201900033087,7,11,2019,08:55:00,1,92,92036,2,4,1,6,"PRINCIPALE DU PORT (ROUTE) (2>S/SA15)","48,9397543","2,3023635",201900033087,138 244 036,B01,1,1,0,2,1,0,5,NULL,201900033087,138 244 036,B01,1,1,2,1,1963,1,2,8,-1,-1,0,-1,201900033087,4,"PRINCIPALE DU PORT (ROUTE) (2>S/SA15)",0,NULL,2,4,0,1,0,0,1,NULL,NULL,1,0,1,50
201900033087,7,11,2019,08:55:00,1,92,92036,2,4,1,6,"PRINCIPALE DU PORT (ROUTE) (2>S/SA15)","48,9397543","2,3023635",201900033087,138 244 036,B01,1,1,0,2,1,0,5,NULL,201900033087,138 244 037,A01,1,1,1,1,1961,4,1,8,-1,-1,0,-1,201900033087,4,"PRINCIPALE DU PORT (ROUTE) (2>S/SA15)",0,NULL,2,4,0,1,0,0,1,NULL,NULL,1,0,1,50
201900034145,8,4,2019,19:30:00,4,974,97416,2,3,1,1,"STADE(RUE DU)"," -21,3286300","55,4813000",201900034145,138 242 020,A01,2,1,0,2,1,13,5,NULL,201900034145,138 242 020,A01,1,1,4,1,1997,0,8,0,-1,-1," -1",-1,201900034145,2,3,0,B,2,2,0,1,0,0,1,NULL,NULL,1,0,1,50
201900034145,8,4,2019,19:30:00,4,974,97416,2,3,1,1,"STADE(RUE DU)"," -21,3286300","55,4813000",201900034145,138 242 020,A01,2,1,0,2,1,13,5,NULL,201900034145,138 242 021,B01,1,1,1,1,1972,5,1,0,-1,-1," -1",-1,201900034145,2,3,0,B,2,2,0,1,0,0,1,NULL,NULL,1,0,1,50
201900035442,16,1,2019,12:15:00,1,52,52121,2,1,1,2,"NEUILLY (ROUTE DE) R.D.143","48,0846600","5,1458800",201900035442,138 239 475,C01,-1,1,1,0,-1,-1,5,NULL,201900035442,138 239 475,C01,1,1,4,1,1998,2,0,-1,-1,0,0,-1,201900035442,3,143,NULL,NULL,2,2,-1,1,(1),(1),1,NULL,NULL,1,0,4,50
201900035442,16,1,2019,12:15:00,1,52,52121,2,1,1,2,"NEUILLY (ROUTE DE) R.D.143","48,0846600","5,1458800",201900035442,138 239 475,C01,-1,1,1,0,-1,-1,5,NULL,201900035442,138 239 476,B01,1,1,1,1,1977,5,8,-1,-1,0,0,-1,201900035442,3,143,NULL,NULL,2,2,-1,1,(1),(1),1,NULL,NULL,1,0,4,50
201900036163,21,7,2019,12:00:00,1,51,51454,2,1,1,1,"AVENUE DU GENERAL EISENHOWER","49,2389700","4,0065700",201900036163,138 238 123,B01,3,1,0,2,1,1,5,NULL,201900036163,138 238 122,A01,1,1,1,2,1991,5,1,0,-1,-1,0,-1,201900036163,4,"AVENUE DU GENERAL EISENHOWER",0,NULL,2,3,0,1,1,0,1,NULL,NULL,1,0,1,50
201900036163,21,7,2019,12:00:00,1,51,51454,2,1,1,1,"AVENUE DU GENERAL EISENHOWER","49,2389700","4,0065700",201900036163,138 238 123,B01,3,1,0,2,1,1,5,NULL,201900036163,138 238 123,B01,1,1,4,1,1972,5,2,8,-1,-1,0,-1,201900036163,4,"AVENUE DU GENERAL EISENHOWER",0,NULL,2,3,0,1,1,0,1,NULL,NULL,1,0,1,50
201900037131,18,1,2019,07:40:00,5,17,17299,2,6,1,3,"BEGON ROND POINT ET RUE","45,9431000"," -0,9601100",201900037131,138 236 233,B01,3,1,0,2,5,0,5,NULL,201900037131,138 236 233,B01,1,1,3,1,1967,1,8,4,-1,-1," -1",-1,201900037131,4,"BEGON ROND POINT ET RUE",0,NULL,1,1,0,1,0,0,2,NULL,NULL,1,0,1,50
201900037131,18,1,2019,07:40:00,5,17,17299,2,6,1,3,"BEGON ROND POINT ET RUE","45,9431000"," -0,9601100",201900037131,138 236 233,B01,3,1,0,2,5,0,5,NULL,201900037131,138 236 234,A01,1,1,1,1,1984,1,1,8,-1,-1," -1",-1,201900037131,4,"BEGON ROND POINT ET RUE",0,NULL,1,1,0,1,0,0,2,NULL,NULL,1,0,1,50
201900039880,10,12,2019,15:10:00,1,71,71306,2,1,1,1,"GENERAL DE GAULLE (QUAI DU)","46,6742900","4,3620000",201900039880,138 231 099,A01,1,1,0,2,1,5,5,NULL,201900039880,138 231 098,B01,1,1,1,1,1986,5,1,0,-1,0,0,-1,201900039880,4,"GENERAL DE GAULLE (QUAI DU)",0,NULL,1,2,0,1,0,0,1,NULL,NULL,1,0,1,50
201900039880,10,12,2019,15:10:00,1,71,71306,2,1,1,1,"GENERAL DE GAULLE (QUAI DU)","46,6742900","4,3620000",201900039880,138 231 099,A01,1,1,0,2,1,5,5,NULL,201900039880,138 231 099,A01,1,1,3,1,1980,5,8,0,-1,0,0,-1,201900039880,4,"GENERAL DE GAULLE (QUAI DU)",0,NULL,1,2,0,1,0,0,1,NULL,NULL,1,0,1,50
201900041152,31,8,2019,05:35:00,5,75,75109,2,5,1,3,"RUE PIERRE FONTAINE","48,8804522","2,3350702",201900041152,138 228 808,B01,2,1,0,2,8,5,5,NULL,201900041152,138 228 807,A01,1,1,1,1,2000,5,1,0,-1,0,0,-1,201900041152,4,"RUE PIERRE FONTAINE",0,NULL,1,1,0,2,0,0,1,NULL,NULL,1,0,1,50
201900041152,31,8,2019,05:35:00,5,75,75109,2,5,1,3,"RUE PIERRE FONTAINE","48,8804522","2,3350702",201900041152,138 228 808,B01,2,1,0,2,8,5,5,NULL,201900041152,138 228 808,B01,1,1,4,2,1988,5,2,0,-1,0,0,-1,201900041152,4,"RUE PIERRE FONTAINE",0,NULL,1,1,0,2,0,0,1,NULL,NULL,1,0,1,50
201900042205,2,6,2019,20:10:00,1,974,97409,2,1,1,3,"Rue Alphonse Daudet"," -20,8945700","55,4597600",201900042205,138 226 799,B01,1,1,0,2,1,0,5,NULL,201900042205,138 226 798,A01,1,1,1,1,1989,0,1,8,-1,0,0,-1,201900042205,4,"Chemin Lagougue",0,NULL,-1,2,0,2,0,0,1,NULL,NULL,1,0,1,50
201900042205,2,6,2019,20:10:00,1,974,97409,2,1,1,3,"Rue Alphonse Daudet"," -20,8945700","55,4597600",201900042205,138 226 799,B01,1,1,0,2,1,0,5,NULL,201900042205,138 226 799,B01,1,1,4,1,1989,0,8,0,-1,0,0,-1,201900042205,4,"Chemin Lagougue",0,NULL,-1,2,0,2,0,0,1,NULL,NULL,1,0,1,50
201900044646,30,9,2019,13:30:00,1,4,04106,1,3,1,6,"RD 116 / RD 12","43,9574330","5,8669230",201900044646,138 222 176,A01,1,1,16,0,0,16,5,NULL,201900044646,138 222 176,A01,1,1,3,1,1968,5,2,-1,-1,0,0,-1,201900044646,3,12,0,NULL,2,2,0,2,41,0,1,NULL,NULL,1,0,8,80
201900048067,11,1,2019,10:20:00,1,11,11262,2,1,1,7,"GRUISSAN (ROUTE DE)","43,1788700","3,0207000",201900048067,138 215 694,A01,2,1,0,0,0,21,5,NULL,201900048067,138 215 694,A01,1,1,3,2,1962,4,8,0,-1,-1," -1",-1,201900048067,4,"GRUISSAN (ROUTE DE)",0,NULL,2,2,1,1,(1),(1),1,NULL,NULL,1,0,1,50
201900050963,6,12,2019,08:50:00,1,93,93066,2,1,8,6,""PERI GABRIEL, NR 2  A 114 ET 1 A 133"","48,9335100","2,3555600",201900050963,138 210 345,A01,2,1,15,2,1,26,5,NULL,201900050963,138 210 345,A01,1,1,1,1,1980,9,8,0,-1,-1," -1",-1,201900050963,4,""PERI GABRIEL, NR 2  A 114 ET 1 A 133"",0,NULL,1,2,1,1,0,0,1,NULL,NULL,2,8,1,30
201900050963,6,12,2019,08:50:00,1,93,93066,2,1,8,6,""PERI GABRIEL, NR 2  A 114 ET 1 A 133"","48,9335100","2,3555600",201900050963,138 210 345,A01,2,1,15,2,1,26,5,NULL,201900050963,138 210 345,A01,10,3,4,2,1964,0,8,0,-1,3,3,1,201900050963,4,""PERI GABRIEL, NR 2  A 114 ET 1 A 133"",0,NULL,1,2,1,1,0,0,1,NULL,NULL,2,8,1,30
201900052740,4,12,2019,16:45:00,1,37,37122,2,1,1,1,"SAINT LEGER (RUE DE)","47,3430396","0,6509429",201900052740,138 206 871,A01,3,1,0,2,1,0,5,NULL,201900052740,138 206 871,A01,1,1,3,1,1951,5,8,8,-1,-1,0,-1,201900052740,4,"SAINT LEGER (RUE DE)",0,NULL,2,2,2,1,0,0,1,NULL,NULL,1,0,1,50
201900052740,4,12,2019,16:45:00,1,37,37122,2,1,1,1,"SAINT LEGER (RUE DE)","47,3430396","0,6509429",201900052740,138 206 871,A01,3,1,0,2,1,0,5,NULL,201900052740,138 206 872,B01,1,1,1,2,1960,5,1,8,-1,-1,0,-1,201900052740,4,"SAINT LEGER (RUE DE)",0,NULL,2,2,2,1,0,0,1,NULL,NULL,1,0,1,50
201900053477,24,9,2019,17:40:00,1,83,83036,2,7,1,3,"Boulevard Pasteur","43,1697570","6,5332930",201900053477,138 205 492,B01,0,1,0,2,7,1,5,NULL,201900053477,138 205 492,B01,1,1,3,1,1947,5,0,-1,-1,0,0,-1,201900053477,4,NULL,NULL,NULL,2,2,0,1,(1),(1),1,NULL,NULL,1,9,1,50
201900053477,24,9,2019,17:40:00,1,83,83036,2,7,1,3,"Boulevard Pasteur","43,1697570","6,5332930",201900053477,138 205 492,B01,0,1,0,2,7,1,5,NULL,201900053477,138 205 493,A01,1,1,1,1,1992,4,1,-1,-1,0,0,-1,201900053477,4,NULL,NULL,NULL,2,2,0,1,(1),(1),1,NULL,NULL,1,9,1,50
201900055684,10,7,2019,18:25:00,2,86,86209,1,2,7,3,"Croisement D95 (pk 29+200) et D95A (PK 0)","46,4707660","0,3967100",201900055684,138 201 418,B01,1,1,0,2,1,1,5,NULL,201900055684,138 201 417,A01,1,1,1,2,1978,1,1,-1,-1,0,0,-1,201900055684,3,95,NULL,NULL,2,2,0,2,(1),(1),1,NULL,NULL,1,0,1,80
201900055684,10,7,2019,18:25:00,2,86,86209,1,2,7,3,"Croisement D95 (pk 29+200) et D95A (PK 0)","46,4707660","0,3967100",201900055684,138 201 418,B01,1,1,0,2,1,1,5,NULL,201900055684,138 201 418,B01,1,1,4,2,1960,5,6,2,-1,0,0,-1,201900055684,3,95,NULL,NULL,2,2,0,2,(1),(1),1,NULL,NULL,1,0,1,80
201900056585,17,6,2019,15:55:00,1,75,75117,2,7,1,6,"BOULEVARD GOUVION SAINT CYR","48,8853910","2,2913030",201900056585,138 199 746,A01,1,1,12,0,1,15,5,NULL,201900056585,138 199 746,A01,1,1,4,1,1972,5,8,0,-1,0,0,-1,201900056585,4,"BOULEVARD GOUVION SAINT CYR",0,NULL,3,2,0,1,0,0,1,NULL,NULL,1,0,1,30
201900056635,2,6,2019,23:47:00,5,75,75117,2,3,1,3,"RUE CARDINET","48,8911090","2,3180520",201900056635,138 199 665,A01,1,1,0,2,3,13,5,NULL,201900056635,138 199 659,B01,2,2,1,2,1991,0,1,8,-1,0,0,-1,201900056635,4,"RUE CARDINET",0,NULL,2,2,0,1,1,0,1,NULL,NULL,1,0,1,30
201900056635,2,6,2019,23:47:00,5,75,75117,2,3,1,3,"RUE CARDINET","48,8911090","2,3180520",201900056635,138 199 665,A01,1,1,0,2,3,13,5,NULL,201900056635,138 199 659,B01,1,1,1,1,1987,0,1,8,-1,0,0,-1,201900056635,4,"RUE CARDINET",0,NULL,2,2,0,1,1,0,1,NULL,NULL,1,0,1,30
201900056635,2,6,2019,23:47:00,5,75,75117,2,3,1,3,"RUE CARDINET","48,8911090","2,3180520",201900056635,138 199 665,A01,1,1,0,2,3,13,5,NULL,201900056635,138 199 665,A01,1,1,4,1,1991,5,8,0,-1,0,0,-1,201900056635,4,"RUE CARDINET",0,NULL,2,2,0,1,1,0,1,NULL,NULL,1,0,1,30
201900057014,9,7,2019,20:30:00,2,88,88160,2,1,7,2,"ENTRE-LES-DEUX-PORTES (RUE D')","48,1759200","6,4519800",201900057014,138 198 943,B01,2,1,0,6,4,2,0,NULL,201900057014,138 198 943,B01,1,1,3,1,1970,5,8,0,-1,-1," -1",-1,201900057014,3,420,0,NULL,2,2,0,1,0,0,1,NULL,NULL,1,0,1,50
201900057014,9,7,2019,20:30:00,2,88,88160,2,1,7,2,"ENTRE-LES-DEUX-PORTES (RUE D')","48,1759200","6,4519800",201900057014,138 198 943,B01,2,1,0,6,4,2,0,NULL,201900057014,138 198 944,A01,1,1,1,1,1998,4,1,0,-1,-1," -1",-1,201900057014,3,420,0,NULL,2,2,0,1,0,0,1,NULL,NULL,1,0,1,50
201900057886,16,2,2019,16:30:00,1,12,12157,2,3,1,3,"Intersection N88 et D56","44,3943410","2,7087810",201900057886,138 197 348,B01,2,1,0,2,8,1,5,NULL,201900057886,138 197 348,B01,1,1,4,1,1959,5,2,-1,-1,0,0,-1,201900057886,2,88,NULL,NULL,2,2,0,1,34,815,3,NULL,NULL,1,2,1,50
201900057886,16,2,2019,16:30:00,1,12,12157,2,3,1,3,"Intersection N88 et D56","44,3943410","2,7087810",201900057886,138 197 348,B01,2,1,0,2,8,1,5,NULL,201900057886,138 197 353,C01,1,1,1,2,1986,1,1,-1,-1,-1," -1",-1,201900057886,2,88,NULL,NULL,2,2,0,1,34,815,3,NULL,NULL,1,2,1,50
201900058104,12,8,2019,08:10:00,1,45,45234,2,1,1,3,"RUE PIERRE MAC ORLAN","47,8819100","1,9055400",201900058104,138 196 958,B01,0,1,0,2,1,21,5,NULL,201900058104,138 196 956,A01,1,1,1,1,1997,1,8,0,-1,0,0,-1,201900058104,4,"RUE PIERRE MAC ORLAN",0,NULL,2,2,0,1,(1),(1),2,NULL,NULL,1,0,1,30
201900058104,12,8,2019,08:10:00,1,45,45234,2,1,1,3,"RUE PIERRE MAC ORLAN","47,8819100","1,9055400",201900058104,138 196 958,B01,0,1,0,2,1,21,5,NULL,201900058104,138 196 958,B01,1,1,4,2,1968,5,8,0,-1,0,0,-1,201900058104,4,"RUE PIERRE MAC ORLAN",0,NULL,2,2,0,1,(1),(1),2,NULL,NULL,1,0,1,30
201900009593,16,9,2019,16:00:00,1,76,76536,1,1,1,6,"229 Route de Darnétal","49,4585800","1,1656270",201900009593,138 288 554,A01,1,1,2,0,0,1,5,NULL,201900009593,138 288 554,A01,1,1,2,1,1947,5,2,-1,-1,0,0,-1,201900009593,3,15,NULL,NULL,2,2,0,2,39,650,1,NULL,NULL,1,0,3,70
201900010398,22,5,2019,15:40:00,1,13,13014,2,9,1,3,"Port Albert Samson","43,4721480","5,1674710",201900010398,138 287 118,B01,0,1,0,2,2,1,5,NULL,201900010398,138 287 118,B01,1,1,4,1,1955,5,0,-1,-1,0,0,-1,201900010398,5,NULL,0,NULL,-1,1,0,1,(1),(1),1,NULL,NULL,1,0,8,20
201900010398,22,5,2019,15:40:00,1,13,13014,2,9,1,3,"Port Albert Samson","43,4721480","5,1674710",201900010398,138 287 118,B01,0,1,0,2,2,1,5,NULL,201900010398,138 287 119,A01,1,1,1,1,1936,5,1,-1,-1,0,0,-1,201900010398,5,NULL,0,NULL,-1,1,0,1,(1),(1),1,NULL,NULL,1,0,8,20
201900013245,12,9,2019,15:33:00,1,71,71076,2,1,1,2,"Rond Point de Bourgogne","46,7880800","4,8649800",201900013245,138 281 811,B01,3,1,0,2,1,1,5,NULL,201900013245,138 281 810,A01,1,1,1,2,1965,5,1,8,-1,0,0,-1,201900013245,4,"Rond Point de Bourgogne",0,NULL,1,2,1,1,0,0,2,NULL,NULL,1,0,1,50
201900013245,12,9,2019,15:33:00,1,71,71076,2,1,1,2,"Rond Point de Bourgogne","46,7880800","4,8649800",201900013245,138 281 811,B01,3,1,0,2,1,1,5,NULL,201900013245,138 281 811,B01,1,1,3,1,1950,5,8,0,-1,0,0,-1,201900013245,4,"Rond Point de Bourgogne",0,NULL,1,2,1,1,0,0,2,NULL,NULL,1,0,1,50
201900013342,13,9,2019,09:35:00,1,75,75115,2,1,1,6,"BOULEVARD VICTOR","48,8352060","2,2816935",201900013342,138 281 627,A01,2,1,12,0,1,14,5,NULL,201900013342,138 281 627,A01,1,1,4,2,1955,1,2,8,-1,0,0,-1,201900013342,4,"BOULEVARD VICTOR",0,NULL,3,2,1,1,0,0,1,NULL,NULL,1,0,5,50
201900013796,15,10,2019,10:15:00,1,22,22091,1,3,3,1,Kerbellec,"48,6238810"," -3,1913530",201900013796,138 280 743,B01,2,1,0,2,1,1,5,NULL,201900013796,138 280 743,B01,1,1,4,1,1952,5,2,-1,-1,0,0,-1,201900013796,3,32,NULL,NULL,2,2,0,2,16,1715,1,NULL,NULL,2,9,1,80