Num_Acc,jour,mois,an,hrmn,lum,dep,com,agg,int,atm,col,adr,lat,long,Num_Acc,id_vehicule,num_veh,senc,catv,obs,obsm,choc,manv,motor,occutc,Num_Acc,id_vehicule,num_veh,place,catu,grav,sexe,an_nais,trajet,secu1,secu2,secu3,locp,actp,etatp,Num_Acc,catr,voie,v1,v2,circ,nbv,vosp,prof,pr,pr1,plan,lartpc,larrout,surf,infra,situ,vma
201900013796,15,10,2019,10:15:00,1,22,22091,1,3,3,1,Kerbellec,"48,6238810"," -3,1913530",201900013796,138 280 743,B01,2,1,0,2,1,1,5,NULL,201900013796,138 280 744,A01,1,1,1,1,1938,5,1,-1,-1,0,0,-1,201900013796,3,32,NULL,NULL,2,2,0,2,16,1715,1,NULL,NULL,2,9,1,80
201900015563,11,10,2019,07:45:00,2,69,69266,2,6,1,3,"ALBERT THOMAS    (Place)","45,7639300","4,8740500",201900015563,138 277 378,B01,3,1,0,2,0,0,0,NULL,201900015563,138 277 377,A01,1,1,1,1,1963,4,1,0,-1,-1," -1",-1,201900015563,4,"ALBERT THOMAS    (Place)",0,NULL,-1,0,0,1,0,0,3,NULL,NULL,1,0,1,50
201900015563,11,10,2019,07:45:00,2,69,69266,2,6,1,3,"ALBERT THOMAS    (Place)","45,7639300","4,8740500",201900015563,138 277 378,B01,3,1,0,2,0,0,0,NULL,201900015563,138 277 378,B01,1,1,3,2,1988,0,8,0,-1,-1," -1",-1,201900015563,4,"ALBERT THOMAS    (Place)",0,NULL,-1,0,0,1,0,0,3,NULL,NULL,1,0,1,50
201900016289,1,5,2019,08:40:00,1,50,50218,1,1,1,7,"VILLEDIEU LES POELES (ROUTE)","48,8375670"," -1,5433140",201900016289,138 276 033,A01,1,1,0,0,1,1,5,NULL,201900016289,138 276 033,A01,1,1,4,1,1954,5,2,8,-1,0,0,-1,201900016289,3,924,0,NULL,2,2,0,1,0,1,1,NULL,NULL,1,0,1,70
201900016503,19,11,2019,17:46:00,5,92,92050,2,1,1,1,"ARRAS RUE D'","48,9000140","2,2262120",201900016503,138 275 603,B01,3,1,0,2,1,1,5,NULL,201900016503,138 275 602,Z01,1,1,1,1,1981,9,8,0,-1,-1,0,-1,201900016503,7,"ARRAS RUE D'",0,NULL,1,1,0,1,1,256,1,NULL,NULL,1,0,1,50
201900016503,19,11,2019,17:46:00,5,92,92050,2,1,1,1,"ARRAS RUE D'","48,9000140","2,2262120",201900016503,138 275 603,B01,3,1,0,2,1,1,5,NULL,201900016503,138 275 603,B01,2,1,4,2,1977,1,8,4,-1,-1,0,-1,201900016503,7,"ARRAS RUE D'",0,NULL,1,1,0,1,1,256,1,NULL,NULL,1,0,1,50
201900018537,13,3,2019,10:20:00,1,75,75107,2,2,1,2,"BOULEVARD RASPAIL","48,8534000","2,3263820",201900018537,138 271 780,A01,2,1,0,2,4,11,5,NULL,201900018537,138 271 780,A01,1,1,4,1,1996,4,2,0,-1,0,0,-1,201900018537,4,"BOULEVARD RASPAIL",0,NULL,2,4,0,1,0,0,1,NULL,NULL,1,0,1,50
201900018537,13,3,2019,10:20:00,1,75,75107,2,2,1,2,"BOULEVARD RASPAIL","48,8534000","2,3263820",201900018537,138 271 780,A01,2,1,0,2,4,11,5,NULL,201900018537,138 271 781,B01,1,1,1,1,1971,4,1,0,-1,0,0,-1,201900018537,4,"BOULEVARD RASPAIL",0,NULL,2,4,0,1,0,0,1,NULL,NULL,1,0,1,50
201900020917,10,10,2019,12:32:00,1,94,94041,2,2,1,1,"MICHELET (R)","48,8095300","2,3803400",201900020917,138 267 308,B01,3,1,0,2,1,19,5,NULL,201900020917,138 267 308,B01,1,1,4,1,2004,2,8,0,-1,-1," -1",-1,201900020917,3,223,0,B,2,2,0,1,0,0,1,NULL,NULL,1,0,1,50
201900020917,10,10,2019,12:32:00,1,94,94041,2,2,1,1,"MICHELET (R)","48,8095300","2,3803400",201900020917,138 267 308,B01,3,1,0,2,1,19,5,NULL,201900020917,138 267 309,A01,1,1,1,1,1950,5,1,0,-1,-1," -1",-1,201900020917,3,223,0,B,2,2,0,1,0,0,1,NULL,NULL,1,0,1,50
201900021893,13,3,2019,20:15:00,5,75,75111,2,2,1,3,"BOULEVARD VOLTAIRE","48,8597500","2,3768410",201900021893,138 265 400,A01,2,1,0,2,2,1,5,NULL,201900021893,138 265 400,A01,1,1,4,2,1988,5,2,0,-1,-1,0,-1,201900021893,4,"BOULEVARD VOLTAIRE",0,NULL,2,4,0,1,0,0,1,NULL,NULL,1,0,1,50
201900021893,13,3,2019,20:15:00,5,75,75111,2,2,1,3,"BOULEVARD VOLTAIRE","48,8597500","2,3768410",201900021893,138 265 400,A01,2,1,0,2,2,1,5,NULL,201900021893,138 265 401,B01,1,1,1,1,1988,4,2,6,-1,0,0,-1,201900021893,4,"BOULEVARD VOLTAIRE",0,NULL,2,4,0,1,0,0,1,NULL,NULL,1,0,1,50
201900022736,10,10,2019,18:40:00,1,93,93001,2,3,1,6,"ECLUSE DES VERTUS (RUE DE L')","48,9191300","2,3699800",201900022736,138 263 815,A01,1,1,0,1,2,1,5,NULL,201900022736,138 263 815,A01,10,3,4,2,1997,1,0,-1,-1,9,3,1,201900022736,4,"ECLUSE DES VERTUS (RUE DE L')",0,NULL,1,1,0,1,0,0,1,NULL,NULL,1,0,4,50
201900022736,10,10,2019,18:40:00,1,93,93001,2,3,1,6,"ECLUSE DES VERTUS (RUE DE L')","48,9191300","2,3699800",201900022736,138 263 815,A01,1,1,0,1,2,1,5,NULL,201900022736,138 263 815,A01,1,1,1,1,1984,1,8,0,-1,-1," -1",-1,201900022736,4,"ECLUSE DES VERTUS (RUE DE L')",0,NULL,1,1,0,1,0,0,1,NULL,NULL,1,0,4,50
201900024060,28,1,2019,17:00:00,1,75,75115,2,1,1,3,"RUE DE LOURMEL","48,8438930","2,2864470",201900024060,138 261 106,B01,2,1,0,2,5,5,5,NULL,201900024060,138 261 105,A01,1,1,1,1,1947,3,1,0,-1,0,0,-1,201900024060,4,"RUE DE LOURMEL",0,NULL,1,1,1,1,0,0,1,NULL,NULL,1,0,5,50
201900024060,28,1,2019,17:00:00,1,75,75115,2,1,1,3,"RUE DE LOURMEL","48,8438930","2,2864470",201900024060,138 261 106,B01,2,1,0,2,5,5,5,NULL,201900024060,138 261 106,B01,1,1,4,2,1970,1,8,0,-1,0,0,-1,201900024060,4,"RUE DE LOURMEL",0,NULL,1,1,1,1,0,0,1,NULL,NULL,1,0,5,50
201900024379,16,12,2019,09:50:00,1,45,45234,2,2,2,3,"R L DE VINCI - R DU CRISTAL","47,8456900","1,9405800",201900024379,138 260 502,B01,0,1,0,2,1,1,5,NULL,201900024379,138 260 501,A01,1,1,1,1,2000,1,1,0,-1,0,0,-1,201900024379,4,"RUE LEONARD DE VINCI",0,NULL,2,2,1,1,(1),(1),1,NULL,NULL,2,0,5,50
201900024379,16,12,2019,09:50:00,1,45,45234,2,2,2,3,"R L DE VINCI - R DU CRISTAL","47,8456900","1,9405800",201900024379,138 260 502,B01,0,1,0,2,1,1,5,NULL,201900024379,138 260 502,B01,1,1,4,2,1998,2,0,-1,-1,0,0,-1,201900024379,4,"RUE LEONARD DE VINCI",0,NULL,2,2,1,1,(1),(1),1,NULL,NULL,2,0,5,50
201900027196,28,3,2019,11:10:00,1,59,59350,2,9,1,6,"POSTES RUE N°1 - 63","50,6265300","3,0568100",201900027196,138 255 160,A01,3,1,0,1,1,25,5,NULL,201900027196,138 255 160,A01,10,3,4,2,1970,3,8,0,-1,5,9,1,201900027196,4,"POSTES RUE N°1 - 63",0,NULL,2,2,0,1,0,0,1,NULL,NULL,1,6,1,50
201900027196,28,3,2019,11:10:00,1,59,59350,2,9,1,6,"POSTES RUE N°1 - 63","50,6265300","3,0568100",201900027196,138 255 160,A01,3,1,0,1,1,25,5,NULL,201900027196,138 255 160,A01,1,1,1,1,1999,0,8,0,-1,-1,0,-1,201900027196,4,"POSTES RUE N°1 - 63",0,NULL,2,2,0,1,0,0,1,NULL,NULL,1,6,1,50
201900028997,13,5,2019,18:38:00,1,49,49007,2,1,1,3,"MOULIN BOULEVARD","47,4923700"," -0,5527600",201900028997,138 251 799,B01,1,1,0,2,9,1,5,NULL,201900028997,138 251 799,B01,1,1,4,2,1962,0,8,0,-1,-1,0,-1,201900028997,4,"MOULIN BOULEVARD",0,NULL,2,2,0,1,0,0,1,NULL,NULL,1,0,1,50
201900028997,13,5,2019,18:38:00,1,49,49007,2,1,1,3,"MOULIN BOULEVARD","47,4923700"," -0,5527600",201900028997,138 251 799,B01,1,1,0,2,9,1,5,NULL,201900028997,138 251 800,A01,1,1,1,2,1962,1,8,8,-1,-1,0,-1,201900028997,4,"MOULIN BOULEVARD",0,NULL,2,2,0,1,0,0,1,NULL,NULL,1,0,1,50
201900029559,7,10,2019,20:10:00,5,75,75106,2,1,1,1,"QUAI DE CONTI","48,8568023","2,3392779",201900029559,138 250 697,B01,2,1,0,2,1,8,5,NULL,201900029559,138 250 696,A01,1,1,1,1,1982,0,2,6,-1,0,0,-1,201900029559,4,"QUAI DE CONTI",0,NULL,1,4,3,1,0,0,1,NULL,NULL,1,0,6,30
201900029559,7,10,2019,20:10:00,5,75,75106,2,1,1,1,"QUAI DE CONTI","48,8568023","2,3392779",201900029559,138 250 697,B01,2,1,0,2,1,8,5,NULL,201900029559,138 250 697,B01,1,1,4,1,1976,0,8,2,-1,0,0,-1,201900029559,4,"QUAI DE CONTI",0,NULL,1,4,3,1,0,0,1,NULL,NULL,1,0,6,30
201900031368,24,11,2019,11:15:00,1,18,18041,1,1,1,3,D64,"46,6418080","2,4933880",201900031368,138 247 373,A01,1,1,0,2,7,14,5,NULL,201900031368,138 247 372,B01,1,1,3,2,1973,5,2,-1,-1,0,0,-1,201900031368,3,64,NULL,NULL,2,2,0,2,7,250,1,NULL,NULL,1,2,1,80
201900031368,24,11,2019,11:15:00,1,18,18041,1,1,1,3,D64,"46,6418080","2,4933880",201900031368,138 247 372,B01,1,1,0,2,8,1,5,NULL,201900031368,138 247 372,B01,1,1,3,2,1973,5,2,-1,-1,0,0,-1,201900031368,3,64,NULL,NULL,2,2,0,2,7,250,1,NULL,NULL,1,2,1,80
201900031368,24,11,2019,11:15:00,1,18,18041,1,1,1,3,D64,"46,6418080","2,4933880",201900031368,138 247 373,A01,1,1,0,2,7,14,5,NULL,201900031368,138 247 373,A01,1,1,4,1,1956,5,2,-1,-1,0,0,-1,201900031368,3,64,NULL,NULL,2,2,0,2,7,250,1,NULL,NULL,1,2,1,80
201900031368,24,11,2019,11:15:00,1,18,18041,1,1,1,3,D64,"46,6418080","2,4933880",201900031368,138 247 372,B01,1,1,0,2,8,1,5,NULL,201900031368,138 247 373,A01,1,1,4,1,1956,5,2,-1,-1,0,0,-1,201900031368,3,64,NULL,NULL,2,2,0,2,7,250,1,NULL,NULL,1,2,1,80
201900033823,28,8,2019,03:05:00,5,44,44055,2,2,1,3,"AVENUES SAINT GEORGES / VERNE","47,2723100"," -2,3480320",201900033823,138 242 640,B01,0,1,0,2,0,1,0,NULL,201900033823,138 242 639,A01,1,1,1,1,1976,5,1,0,-1,0,0,-1,201900033823,4,NULL,0,NULL,-1,0,0,1,0,0,1,NULL,NULL,1,0,1,50
201900033823,28,8,2019,03:05:00,5,44,44055,2,2,1,3,"AVENUES SAINT GEORGES / VERNE","47,2723100"," -2,3480320",201900033823,138 242 640,B01,0,1,0,2,0,1,0,NULL,201900033823,138 242 640,B01,1,1,3,1,1998,5,8,0,-1,0,0,-1,201900033823,4,NULL,0,NULL,-1,0,0,1,0,0,1,NULL,NULL,1,0,1,50
201900034070,24,2,2019,11:00:00,1,974,97411,2,2,1,3,"NICE (RUE DE)"," -20,8728400","55,4512000",201900034070,138 242 165,B01,1,1,0,2,7,26,5,NULL,201900034070,138 242 164,A01,1,1,1,1,1979,0,1,8,-1,-1," -1",-1,201900034070,4,"NICE (RUE DE)",0,NULL,1,1,1,1,0,0,1,NULL,NULL,1,9,1,50
201900034070,24,2,2019,11:00:00,1,974,97411,2,2,1,3,"NICE (RUE DE)"," -20,8728400","55,4512000",201900034070,138 242 165,B01,1,1,0,2,7,26,5,NULL,201900034070,138 242 165,B01,1,1,4,1,1964,5,2,8,-1,-1," -1",-1,201900034070,4,"NICE (RUE DE)",0,NULL,1,1,1,1,0,0,1,NULL,NULL,1,9,1,50
201900035351,17,1,2019,09:50:00,1,973,97302,2,1,1,3,"BADUEL (ROND POINT DE)","4,9331066"," -52,3094702",201900035351,138 239 669,B01,1,1,0,2,7,19,5,NULL,201900035351,138 239 668,A01,1,1,1,1,1936,9,1,0,-1,-1,0,-1,201900035351,3,3,0,NULL,1,1,0,1,2,480,3,NULL,NULL,1,5,1,50
201900035351,17,1,2019,09:50:00,1,973,97302,2,1,1,3,"BADUEL (ROND POINT DE)","4,9331066"," -52,3094702",201900035351,138 239 669,B01,1,1,0,2,7,19,5,NULL,201900035351,138 239 669,B01,1,1,3,1,1980,9,8,0,-1,-1,0,-1,201900035351,3,3,0,NULL,1,1,0,1,2,480,3,NULL,NULL,1,5,1,50
201900035778,27,2,2019,09:00:00,1,69,69266,2,6,1,3,"ETIENNE GAGNAIRE   (Rue)","45,7722500","4,8660400",201900035778,138 238 835,B01,2,1,0,2,1,0,5,NULL,201900035778,138 238 834,A01,1,1,1,2,1973,0,1,0,-1,0,0,-1,201900035778,4,"ETIENNE GAGNAIRE   (Rue)",0,NULL,2,2,0,1,0,0,1,NULL,NULL,1,0,1,50
201900035778,27,2,2019,09:00:00,1,69,69266,2,6,1,3,"ETIENNE GAGNAIRE   (Rue)","45,7722500","4,8660400",201900035778,138 238 835,B01,2,1,0,2,1,0,5,NULL,201900035778,138 238 835,B01,1,1,4,2,1986,0,8,0,-1,0,0,-1,201900035778,4,"ETIENNE GAGNAIRE   (Rue)",0,NULL,2,2,0,1,0,0,1,NULL,NULL,1,0,1,50
201900038335,27,5,2019,16:25:00,1,75,75114,2,2,1,3,"RUE JULIA BARTET","48,8254570","2,3023100",201900038335,138 234 017,A01,1,1,0,2,1,1,5,NULL,201900038335,138 234 017,A01,1,1,4,2,1954,0,2,0,-1,0,0,-1,201900038335,4,"RUE JULIA BARTET",0,NULL,2,4,1,1,0,0,1,NULL,NULL,1,0,5,50
201900038335,27,5,2019,16:25:00,1,75,75114,2,2,1,3,"RUE JULIA BARTET","48,8254570","2,3023100",201900038335,138 234 017,A01,1,1,0,2,1,1,5,NULL,201900038335,138 234 018,B01,1,1,4,1,1988,0,2,6,-1,0,0,-1,201900038335,4,"RUE JULIA BARTET",0,NULL,2,4,1,1,0,0,1,NULL,NULL,1,0,5,50
201900038353,6,5,2019,08:50:00,1,75,75114,2,1,1,3,"RUE FROIDEVAUX","48,8364800","2,3262630",201900038353,138 233 989,A01,2,1,0,2,7,12,5,NULL,201900038353,138 233 988,B01,1,1,4,1,1956,1,2,0,-1,0,0,-1,201900038353,4,"RUE FROIDEVAUX",0,NULL,2,4,1,1,0,0,1,NULL,NULL,1,9,5,50
201900038353,6,5,2019,08:50:00,1,75,75114,2,1,1,3,"RUE FROIDEVAUX","48,8364800","2,3262630",201900038353,138 233 988,B01,2,1,0,2,8,1,5,NULL,201900038353,138 233 988,B01,1,1,4,1,1956,1,2,0,-1,0,0,-1,201900038353,4,"RUE FROIDEVAUX",0,NULL,2,4,1,1,0,0,1,NULL,NULL,1,9,5,50
201900038353,6,5,2019,08:50:00,1,75,75114,2,1,1,3,"RUE FROIDEVAUX","48,8364800","2,3262630",201900038353,138 233 989,A01,2,1,0,2,7,12,5,NULL,201900038353,138 233 989,A01,1,1,1,1,1995,1,2,0,-1,0,0,-1,201900038353,4,"RUE FROIDEVAUX",0,NULL,2,4,1,1,0,0,1,NULL,NULL,1,9,5,50
201900038353,6,5,2019,08:50:00,1,75,75114,2,1,1,3,"RUE FROIDEVAUX","48,8364800","2,3262630",201900038353,138 233 988,B01,2,1,0,2,8,1,5,NULL,201900038353,138 233 989,A01,1,1,1,1,1995,1,2,0,-1,0,0,-1,201900038353,4,"RUE FROIDEVAUX",0,NULL,2,4,1,1,0,0,1,NULL,NULL,1,9,5,50
201900039536,30,3,2019,17:05:00,1,42,42207,2,1,1,3,"GILLET FRANCOIS RUE","45,4565600","4,5046200",201900039536,138 231 781,B01,2,1,0,2,0,13,5,NULL,201900039536,138 231 781,B01,1,1,3,1,2006,5,8,0,-1,0,0,-1,201900039536,4,"GILLET FRANCOIS RUE",0,NULL,2,2,0,2,0,0,1,NULL,NULL,1,0,1,50
201900039536,30,3,2019,17:05:00,1,42,42207,2,1,1,3,"GILLET FRANCOIS RUE","45,4565600","4,5046200",201900039536,138 231 781,B01,2,1,0,2,0,13,5,NULL,201900039536,138 231 782,A01,1,1,1,1,1968,0,2,6,-1,0,0,-1,201900039536,4,"GILLET FRANCOIS RUE",0,NULL,2,2,0,2,0,0,1,NULL,NULL,1,0,1,50
201900040267,23,6,2019,10:00:00,1,72,72386,1,1,1,7,D91,"48,0169470","0,2587590",201900040267,138 230 432,A01,2,1,0,0,0,0,5,NULL,201900040267,138 230 432,A01,1,1,3,1,1967,5,2,-1,-1,0,0,-1,201900040267,3,91,NULL,NULL,2,2,0,2,4,300,1,NULL,NULL,1,0,1,80
201900040534,17,9,2019,16:20:00,1,987,98734,2,3,1,3,"PK 34 - route territoriale n°01"," -17,7233790"," -149,5057300",201900040534,138 229 954,B01,1,1,0,2,8,1,5,NULL,201900040534,138 229 953,A01,1,1,1,2,1947,5,1,-1,-1,0,0,-1,201900040534,2,1,NULL,NULL,2,2,0,1,34,(1),1,NULL,NULL,1,0,3,60
201900040534,17,9,2019,16:20:00,1,987,98734,2,3,1,3,"PK 34 - route territoriale n°01"," -17,7233790"," -149,5057300",201900040534,138 229 954,B01,1,1,0,2,8,1,5,NULL,201900040534,138 229 954,B01,1,1,3,1,1976,1,0,-1,-1,0,0,-1,201900040534,2,1,NULL,NULL,2,2,0,1,34,(1),1,NULL,NULL,1,0,3,60
201900040598,17,1,2019,14:30:00,1,33,33376,1,6,7,3,"EX RD 1215, Rond point de Picot","44,9070300"," -0,7448900",201900040598,138 229 837,B01,1,1,0,2,7,1,5,NULL,201900040598,138 229 837,B01,1,1,4,1,1944,5,2,-1,-1,0,0,-1,201900040598,4,"EX RD1215",NULL,NULL,2,2,1,1,(1),(1),1,NULL,NULL,2,5,1,80
201900040598,17,1,2019,14:30:00,1,33,33376,1,6,7,3,"EX RD 1215, Rond point de Picot","44,9070300"," -0,7448900",201900040598,138 229 837,B01,1,1,0,2,7,1,5,NULL,201900040598,138 229 838,A01,1,1,1,1,1973,4,1,-1,-1,0,0,-1,201900040598,4,"EX RD1215",NULL,NULL,2,2,1,1,(1),(1),1,NULL,NULL,2,5,1,80
201900041576,18,7,2019,02:40:00,5,75,75118,2,7,1,3,"PLACE ALBERT KAHN","48,8960090","2,3460000",201900041576,138 228 019,A01,1,1,0,2,1,15,5,NULL,201900041576,138 228 019,A01,1,1,3,1,1979,9,2,0,-1,0,0,-1,201900041576,4,"PLACE ALBERT KAHN",0,NULL,4,6,0,1,0,0,1,NULL,NULL,1,0,1,50
201900041576,18,7,2019,02:40:00,5,75,75118,2,7,1,3,"PLACE ALBERT KAHN","48,8960090","2,3460000",201900041576,138 228 019,A01,1,1,0,2,1,15,5,NULL,201900041576,138 228 020,B01,1,1,1,1,1990,5,1,0,-1,0,0,-1,201900041576,4,"PLACE ALBERT KAHN",0,NULL,4,6,0,1,0,0,1,NULL,NULL,1,0,1,50
201900044020,17,6,2019,07:00:00,1,91,91161,2,9,1,3,"LONGJUMEAU (route de)","48,7094400","2,2974600",201900044020,138 223 410,B01,3,1,0,2,0,0,0,NULL,201900044020,138 223 410,B01,2,1,4,1,1959,1,8,8,-1,0,0,-1,201900044020,3,217,0,NULL,-1,2,1,1,0,0,1,NULL,NULL,1,0,1,50
201900044020,17,6,2019,07:00:00,1,91,91161,2,9,1,3,"LONGJUMEAU (route de)","48,7094400","2,2974600",201900044020,138 223 410,B01,3,1,0,2,0,0,0,NULL,201900044020,138 223 411,A01,1,1,1,1,1991,1,1,0,-1,0,0,-1,201900044020,3,217,0,NULL,-1,2,1,1,0,0,1,NULL,NULL,1,0,1,50
201900047553,3,6,2019,18:20:00,1,67,67482,2,1,1,3,"DANUBE (PONT DU)","48,5740060","7,7712030",201900047553,138 216 646,B01,2,1,0,2,8,19,5,NULL,201900047553,138 216 646,B01,1,1,4,2,1987,1,8,0,-1,-1," -1",-1,201900047553,4,"DANUBE (PONT DU)",0,NULL,2,4,1,3,0,0,1,NULL,NULL,1,2,1,50
201900047553,3,6,2019,18:20:00,1,67,67482,2,1,1,3,"DANUBE (PONT DU)","48,5740060","7,7712030",201900047553,138 216 646,B01,2,1,0,2,8,19,5,NULL,201900047553,138 216 647,A01,1,1,1,1,1998,1,1,8,-1,-1," -1",-1,201900047553,4,"DANUBE (PONT DU)",0,NULL,2,4,1,3,0,0,1,NULL,NULL,1,2,1,50
201900051625,28,10,2019,18:20:00,5,92,92044,2,3,1,5,"CHARLES PASQUA (QUAI) 32 A 58","48,9008363","2,2844171",201900051625,138 209 055,B01,3,1,0,2,8,19,6,NULL,201900051625,138 209 055,B01,1,1,4,2,1989,1,8,0,-1,-1,0,-1,201900051625,3,1,0,NULL,1,2,0,1,0,0,1,NULL,NULL,1,0,5,50
201900051625,28,10,2019,18:20:00,5,92,92044,2,3,1,5,"CHARLES PASQUA (QUAI) 32 A 58","48,9008363","2,2844171",201900051625,138 209 055,B01,3,1,0,2,8,19,6,NULL,201900051625,138 209 056,A01,1,1,1,1,1998,5,1,0,-1,-1,0,-1,201900051625,3,1,0,NULL,1,2,0,1,0,0,1,NULL,NULL,1,0,5,50
201900051625,28,10,2019,18:20:00,5,92,92044,2,3,1,5,"CHARLES PASQUA (QUAI) 32 A 58","48,9008363","2,2844171",201900051625,138 209 055,B01,3,1,0,2,8,19,6,NULL,201900051625,138 209 057,C01,1,1,1,1,1965,9,1,0,-1,-1,0,-1,201900051625,3,1,0,NULL,1,2,0,1,0,0,1,NULL,NULL,1,0,5,50
201900056071,16,8,2019,09:31:00,1,49,49015,2,1,1,6,"PERRIERE ROUTE DE LA","47,5076800"," -0,5821500",201900056071,138 200 679,A01,1,1,0,2,3,2,5,NULL,201900056071,138 200 678,B01,1,1,4,1,1997,0,8,0,-1,-1,0,-1,201900056071,4,"PERRIERE ROUTE DE LA",0,NULL,2,2,0,1,0,0,2,NULL,NULL,1,0,1,60
201900056071,16,8,2019,09:31:00,1,49,49015,2,1,1,6,"PERRIERE ROUTE DE LA","47,5076800"," -0,5821500",201900056071,138 200 678,B01,1,1,0,2,1,15,5,NULL,201900056071,138 200 678,B01,1,1,4,1,1997,0,8,0,-1,-1,0,-1,201900056071,4,"PERRIERE ROUTE DE LA",0,NULL,2,2,0,1,0,0,2,NULL,NULL,1,0,1,60
201900056071,16,8,2019,09:31:00,1,49,49015,2,1,1,6,"PERRIERE ROUTE DE LA","47,5076800"," -0,5821500",201900056071,138 200 679,A01,1,1,0,2,3,2,5,NULL,201900056071,138 200 679,A01,1,1,4,1,1997,0,8,0,-1,-1," -1",-1,201900056071,4,"PERRIERE ROUTE DE LA",0,NULL,2,2,0,1,0,0,2,NULL,NULL,1,0,1,60
201900056071,16,8,2019,09:31:00,1,49,49015,2,1,1,6,"PERRIERE ROUTE DE LA","47,5076800"," -0,5821500",201900056071,138 200 678,B01,1,1,0,2,1,15,5,NULL,201900056071,138 200 679,A01,1,1,4,1,1997,0,8,0,-1,-1," -1",-1,201900056071,4,"PERRIERE ROUTE DE LA",0,NULL,2,2,0,1,0,0,2,NULL,NULL,1,0,1,60
201900057879,21,9,2019,12:30:00,1,75,75117,2,2,1,3,"RUE POUCHET","48,8942220","2,3205936",201900057879,138 197 370,A01,2,1,0,2,1,1,5,NULL,201900057879,138 197 370,A01,1,1,4,1,1977,5,2,8,-1,0,0,-1,201900057879,4,"RUE POUCHET",0,NULL,2,2,0,1,51,0,1,NULL,NULL,1,0,1,50
201900057879,21,9,2019,12:30:00,1,75,75117,2,2,1,3,"RUE POUCHET","48,8942220","2,3205936",201900057879,138 197 370,A01,2,1,0,2,1,1,5,NULL,201900057879,138 197 371,B01,1,1,1,1,1984,4,1,0,-1,0,0,-1,201900057879,4,"RUE POUCHET",0,NULL,2,2,0,1,51,0,1,NULL,NULL,1,0,1,50
201900008862,9,8,2019,17:50:00,1,29,29039,2,9,1,3,"LEGENDRE ( RUE DU PROFESSEUR)","47,8767000"," -3,9150300",201900008862,138 289 932,B01,2,1,0,2,0,5,5,NULL,201900008862,138 289 931,A01,1,1,1,1,1977,0,8,0,-1,-1,0,-1,201900008862,6,"LEGENDRE ( RUE DU PROFESSEUR)",0,NULL,-1,-1,0,1,0,0,1,NULL,NULL,1,9,1,50
201900008862,9,8,2019,17:50:00,1,29,29039,2,9,1,3,"LEGENDRE ( RUE DU PROFESSEUR)","47,8767000"," -3,9150300",201900008862,138 289 932,B01,2,1,0,2,0,5,5,NULL,201900008862,138 289 932,B01,1,1,4,2,1972,0,8,0,-1,0,0,-1,201900008862,6,"LEGENDRE ( RUE DU PROFESSEUR)",0,NULL,-1,-1,0,1,0,0,1,NULL,NULL,1,9,1,50
201900010084,18,10,2019,21:00:00,5,75,75107,2,2,1,3,"QUAI D ORSAY","48,8625492","2,3104058",201900010084,138 287 682,A01,2,1,0,2,2,1,5,NULL,201900010084,138 287 682,A01,1,1,4,1,1992,0,2,8,-1,0,0,-1,201900010084,4,"QUAI D ORSAY",0,NULL,2,4,1,1,1,0,1,NULL,NULL,1,0,5,50
201900010084,18,10,2019,21:00:00,5,75,75107,2,2,1,3,"QUAI D ORSAY","48,8625492","2,3104058",201900010084,138 287 682,A01,2,1,0,2,2,1,5,NULL,201900010084,138 287 683,B01,1,1,1,1,1981,0,1,0,-1,0,0,-1,201900010084,4,"QUAI D ORSAY",0,NULL,2,4,1,1,1,0,1,NULL,NULL,1,0,5,50
201900011413,13,9,2019,20:15:00,2,28,28404,2,9,1,3,"FONTAINE (AVENUE JEAN DE LA)","48,7273900","1,3399800",201900011413,138 285 279,B01,3,1,0,2,1,1,5,NULL,201900011413,138 285 278,A01,1,1,1,1,1989,5,1,0,-1,-1," -1",-1,201900011413,4,"FONTAINE (AVENUE JEAN DE LA)",0,NULL,2,1,0,1,0,0,1,NULL,NULL,1,0,1,30
201900011413,13,9,2019,20:15:00,2,28,28404,2,9,1,3,"FONTAINE (AVENUE JEAN DE LA)","48,7273900","1,3399800",201900011413,138 285 279,B01,3,1,0,2,1,1,5,NULL,201900011413,138 285 279,B01,1,1,3,1,2007,5,8,0,-1,0,0,-1,201900011413,4,"FONTAINE (AVENUE JEAN DE LA)",0,NULL,2,1,0,1,0,0,1,NULL,NULL,1,0,1,30
201900012039,16,10,2019,14:00:00,1,67,67080,1,2,1,3,"2 Rue Principale","48,5619500","7,5300630",201900012039,138 284 058,B01,1,1,0,2,1,1,5,NULL,201900012039,138 284 058,B01,1,1,3,1,1967,5,2,-1,-1,0,0,-1,201900012039,3,30,NULL,NULL,2,2,1,1,6,100,1,NULL,NULL,1,5,1,80
201900012039,16,10,2019,14:00:00,1,67,67080,1,2,1,3,"2 Rue Principale","48,5619500","7,5300630",201900012039,138 284 058,B01,1,1,0,2,1,1,5,NULL,201900012039,138 284 059,A01,1,1,1,2,1964,5,1,-1,-1,0,0,-1,201900012039,3,30,NULL,NULL,2,2,1,1,6,100,1,NULL,NULL,1,5,1,80
201900016882,14,3,2019,08:30:00,1,69,69385,2,1,1,7,"FARGES (DES)                        (R )","45,7570300","4,8210900",201900016882,138 274 896,A01,2,1,0,0,1,1,5,NULL,201900016882,138 274 896,A01,1,1,4,1,1965,1,2,6,-1,0,0,-1,201900016882,7,"FARGES (DES)                        (R )",0,NULL,2,2,0,2,0,0,1,NULL,NULL,1,0,2,50