Num_Acc,jour,mois,an,hrmn,lum,dep,com,agg,int,atm,col,adr,lat,long,Num_Acc,id_vehicule,num_veh,senc,catv,obs,obsm,choc,manv,motor,occutc,Num_Acc,id_vehicule,num_veh,place,catu,grav,sexe,an_nais,trajet,secu1,secu2,secu3,locp,actp,etatp,Num_Acc,catr,voie,v1,v2,circ,nbv,vosp,prof,pr,pr1,plan,lartpc,larrout,surf,infra,situ,vma
201900019021,7,9,2019,16:50:00,1,32,32160,2,1,1,2,"5 TER Rue Charles Bacque","43,6122660","1,0786850",201900019021,138 270 905,B01,3,1,0,2,4,2,5,NULL,201900019021,138 270 905,B01,1,1,3,1,1965,5,2,-1,-1,0,0,-1,201900019021,4,NULL,NULL,NULL,2,2,0,2,(1),(1),1,NULL,NULL,1,0,1,50
201900019021,7,9,2019,16:50:00,1,32,32160,2,1,1,2,"5 TER Rue Charles Bacque","43,6122660","1,0786850",201900019021,138 270 905,B01,3,1,0,2,4,2,5,NULL,201900019021,138 270 906,A01,1,1,1,1,1935,5,1,-1,-1,0,0,-1,201900019021,4,NULL,NULL,NULL,2,2,0,2,(1),(1),1,NULL,NULL,1,0,1,50
201900019539,30,6,2019,17:15:00,1,33,33119,2,3,1,3,"AVE JEAN JAURES","44,8557700"," -0,5347800",201900019539,138 269 898,B01,0,1,0,2,0,5,5,NULL,201900019539,138 269 898,B01,1,1,4,1,1977,0,8,0,-1,0," -1",-1,201900019539,4,"AVE JEAN JAURES",0,NULL,3,8,0,1,0,0,1,NULL,NULL,1,0,1,50
201900019539,30,6,2019,17:15:00,1,33,33119,2,3,1,3,"AVE JEAN JAURES","44,8557700"," -0,5347800",201900019539,138 269 898,B01,0,1,0,2,0,5,5,NULL,201900019539,138 269 899,A01,1,1,1,2,1985,0,8,0,-1,0," -1",-1,201900019539,4,"AVE JEAN JAURES",0,NULL,3,8,0,1,0,0,1,NULL,NULL,1,0,1,50
201900022597,11,10,2019,16:45:00,1,38,38382,1,9,1,3,"Piste cyclable pont barrage EDF","45,2367800","5,6598300",201900022597,138 264 100,A01,2,1,0,2,8,21,5,NULL,201900022597,138 264 099,B01,1,1,1,1,1975,1,2,-1,-1,0,0,-1,201900022597,3,105,NULL,F,3,2,1,2,2,875,3,NULL,NULL,1,9,5,30
201900022597,11,10,2019,16:45:00,1,38,38382,1,9,1,3,"Piste cyclable pont barrage EDF","45,2367800","5,6598300",201900022597,138 264 100,A01,2,1,0,2,8,21,5,NULL,201900022597,138 264 100,A01,1,1,3,1,1967,5,2,-1,-1,0,0,-1,201900022597,3,105,NULL,F,3,2,1,2,2,875,3,NULL,NULL,1,9,5,30
201900023891,13,11,2019,16:12:00,1,2,02408,2,2,1,3,"WINSTON CHURCHILL (RUE)","49,5660829","3,6361367",201900023891,138 261 460,A01,1,1,0,2,3,19,5,NULL,201900023891,138 261 460,A01,1,1,3,1,2007,0,8,0,-1,-1," -1",-1,201900023891,4,"WINSTON CHURCHILL (RUE)",0,NULL,2,2,0,2,0,0,1,NULL,NULL,1,0,1,50
201900023891,13,11,2019,16:12:00,1,2,02408,2,2,1,3,"WINSTON CHURCHILL (RUE)","49,5660829","3,6361367",201900023891,138 261 460,A01,1,1,0,2,3,19,5,NULL,201900023891,138 261 461,B01,1,1,1,2,1977,1,1,0,-1,-1," -1",-1,201900023891,4,"WINSTON CHURCHILL (RUE)",0,NULL,2,2,0,2,0,0,1,NULL,NULL,1,0,1,50
201900024385,22,12,2019,13:30:00,1,33,33075,2,3,2,3,"RUE HENRI DELATTRE","44,8898700"," -0,6053500",201900024385,138 260 488,A01,1,1,0,2,1,26,5,NULL,201900024385,138 260 488,A01,1,1,4,1,1991,1,8,0,-1,-1," -1",-1,201900024385,4,"RUE HENRI DELATTRE",0,NULL,2,4,2,1,0,0,1,NULL,NULL,2,0,1,50
201900024385,22,12,2019,13:30:00,1,33,33075,2,3,2,3,"RUE HENRI DELATTRE","44,8898700"," -0,6053500",201900024385,138 260 488,A01,1,1,0,2,1,26,5,NULL,201900024385,138 260 489,B01,1,1,1,1,1980,1,1,0,-1,-1," -1",-1,201900024385,4,"RUE HENRI DELATTRE",0,NULL,2,4,2,1,0,0,1,NULL,NULL,2,0,1,50
201900025659,9,11,2019,09:00:00,2,47,47032,2,1,1,3,"ALBERT CAMUS (avenue)","44,1885700","0,6602700",201900025659,138 258 030,B01,2,1,0,2,8,1,5,NULL,201900025659,138 258 030,B01,1,1,4,2,1955,5,2,0,-1,0,0,-1,201900025659,4,"ALBERT CAMUS (avenue)",0,NULL,2,2,0,1,0,0,1,NULL,NULL,1,0,1,50
201900025659,9,11,2019,09:00:00,2,47,47032,2,1,1,3,"ALBERT CAMUS (avenue)","44,1885700","0,6602700",201900025659,138 258 030,B01,2,1,0,2,8,1,5,NULL,201900025659,138 258 031,A01,1,1,1,1,1961,1,1,0,-1,0,0,-1,201900025659,4,"ALBERT CAMUS (avenue)",0,NULL,2,2,0,1,0,0,1,NULL,NULL,1,0,1,50
201900025848,21,12,2019,15:30:00,1,1,01151,1,1,2,6,D17,"46,0808076","5,2614802",201900025848,138 257 678,B01,1,1,0,5,1,2,0,NULL,201900025848,138 257 677,A01,1,1,4,1,1964,5,2,-1,-1,0,0,-1,201900025848,3,17,0,NULL,2,2,0,1,(1),(1),4,NULL,NULL,2,0,1,90
201900025848,21,12,2019,15:30:00,1,1,01151,1,1,2,6,D17,"46,0808076","5,2614802",201900025848,138 257 677,A01,1,1,0,2,1,2,0,NULL,201900025848,138 257 677,A01,1,1,4,1,1964,5,2,-1,-1,0,0,-1,201900025848,3,17,0,NULL,2,2,0,1,(1),(1),4,NULL,NULL,2,0,1,90
201900025848,21,12,2019,15:30:00,1,1,01151,1,1,2,6,D17,"46,0808076","5,2614802",201900025848,138 257 678,B01,1,1,0,5,1,2,0,NULL,201900025848,138 257 678,B01,1,1,4,1,1981,5,2,-1,-1,0,0,-1,201900025848,3,17,0,NULL,2,2,0,1,(1),(1),4,NULL,NULL,2,0,1,90
201900025848,21,12,2019,15:30:00,1,1,01151,1,1,2,6,D17,"46,0808076","5,2614802",201900025848,138 257 677,A01,1,1,0,2,1,2,0,NULL,201900025848,138 257 678,B01,1,1,4,1,1981,5,2,-1,-1,0,0,-1,201900025848,3,17,0,NULL,2,2,0,1,(1),(1),4,NULL,NULL,2,0,1,90
201900026676,10,4,2019,18:30:00,1,33,33478,1,1,1,3,"Route de Périgueux","45,0111800","0,0146400",201900026676,138 256 112,B01,1,1,0,2,8,2,5,NULL,201900026676,138 256 111,A01,1,1,1,2,1991,5,1,-1,-1,0,0,-1,201900026676,3,1089,NULL,NULL,2,2,0,1,1,650,1,NULL,NULL,1,0,1,80
201900026676,10,4,2019,18:30:00,1,33,33478,1,1,1,3,"Route de Périgueux","45,0111800","0,0146400",201900026676,138 256 112,B01,1,1,0,2,8,2,5,NULL,201900026676,138 256 112,B01,1,1,3,1,1995,5,2,-1,-1,0,0,-1,201900026676,3,1089,NULL,NULL,2,2,0,1,1,650,1,NULL,NULL,1,0,1,80
201900029538,5,10,2019,04:40:00,5,33,33281,2,1,1,2,"AVE DE L'ARGONNE","44,8133200"," -0,7181400",201900029538,138 250 735,A01,0,1,0,2,1,1,5,NULL,201900029538,138 250 735,A01,1,1,3,2,1972,1,8,0,-1,-1," -1",-1,201900029538,4,"AVE DE L'ARGONNE",0,NULL,2,2,0,1,0,0,1,NULL,NULL,2,0,1,50
201900030122,26,6,2019,19:40:00,1,75,75108,2,1,1,3,"BOULEVARD DE COURCELLES","48,8782790","2,2990690",201900030122,138 249 665,B01,2,1,0,2,4,17,5,NULL,201900030122,138 249 664,A01,1,1,1,1,1990,4,1,0,-1,0,0,-1,201900030122,4,"BOULEVARD DE COURCELLES",0,NULL,2,4,0,1,0,0,1,NULL,NULL,1,0,1,50
201900030122,26,6,2019,19:40:00,1,75,75108,2,1,1,3,"BOULEVARD DE COURCELLES","48,8782790","2,2990690",201900030122,138 249 665,B01,2,1,0,2,4,17,5,NULL,201900030122,138 249 665,B01,1,1,4,2,1959,1,8,0,-1,0,0,-1,201900030122,4,"BOULEVARD DE COURCELLES",0,NULL,2,4,0,1,0,0,1,NULL,NULL,1,0,1,50
201900030222,24,6,2019,08:40:00,1,69,69081,2,1,1,2,"VERNIQUE (DE LA )              CH","45,7711000","4,7837000",201900030222,138 249 466,B01,1,1,0,2,4,13,5,NULL,201900030222,138 249 466,B01,1,1,4,1,1982,1,8,8,-1,-1,0,-1,201900030222,4,"VERNIQUE (DE LA )              CH",0,NULL,2,2,0,2,0,0,1,NULL,NULL,1,0,1,50
201900030222,24,6,2019,08:40:00,1,69,69081,2,1,1,2,"VERNIQUE (DE LA )              CH","45,7711000","4,7837000",201900030222,138 249 466,B01,1,1,0,2,4,13,5,NULL,201900030222,138 249 467,A01,4,2,1,2,2012,5,1,8,-1,-1,0,-1,201900030222,4,"VERNIQUE (DE LA )              CH",0,NULL,2,2,0,2,0,0,1,NULL,NULL,1,0,1,50
201900030222,24,6,2019,08:40:00,1,69,69081,2,1,1,2,"VERNIQUE (DE LA )              CH","45,7711000","4,7837000",201900030222,138 249 466,B01,1,1,0,2,4,13,5,NULL,201900030222,138 249 467,A01,1,1,1,1,1979,9,8,8,-1,-1,0,-1,201900030222,4,"VERNIQUE (DE LA )              CH",0,NULL,2,2,0,2,0,0,1,NULL,NULL,1,0,1,50
201900030222,24,6,2019,08:40:00,1,69,69081,2,1,1,2,"VERNIQUE (DE LA )              CH","45,7711000","4,7837000",201900030222,138 249 466,B01,1,1,0,2,4,13,5,NULL,201900030222,138 249 467,A01,3,2,1,1,2011,0,1,8,-1,-1,0,-1,201900030222,4,"VERNIQUE (DE LA )              CH",0,NULL,2,2,0,2,0,0,1,NULL,NULL,1,0,1,50
201900030369,4,4,2019,09:45:00,1,62,62706,2,2,1,3,"Rue Hennelle","50,5926594","2,7426445",201900030369,138 249 184,B01,1,1,0,2,1,1,5,NULL,201900030369,138 249 184,B01,1,1,4,2,1952,5,0,-1,-1,0,0,-1,201900030369,3,166,NULL,NULL,2,2,0,1,(1),(1),1,NULL,NULL,1,0,1,50
201900030369,4,4,2019,09:45:00,1,62,62706,2,2,1,3,"Rue Hennelle","50,5926594","2,7426445",201900030369,138 249 184,B01,1,1,0,2,1,1,5,NULL,201900030369,138 249 185,A01,1,1,1,1,1990,4,1,-1,-1,0,0,-1,201900030369,3,166,NULL,NULL,2,2,0,1,(1),(1),1,NULL,NULL,1,0,1,50
201900032675,19,5,2019,11:55:00,1,29,29232,1,1,1,5,"BENODET ROUTE DE","47,9397068"," -4,0711050",201900032675,138 244 857,D01,1,1,0,2,1,1,5,NULL,201900032675,138 244 854,A01,1,1,1,1,1943,5,1,0,-1,-1,0,-1,201900032675,3,34,0,NULL,2,3,0,1,8,500,1,NULL,NULL,1,0,1,80
201900032675,19,5,2019,11:55:00,1,29,29232,1,1,1,5,"BENODET ROUTE DE","47,9397068"," -4,0711050",201900032675,138 244 856,B01,1,1,0,2,1,1,5,NULL,201900032675,138 244 854,A01,1,1,1,1,1943,5,1,0,-1,-1,0,-1,201900032675,3,34,0,NULL,2,3,0,1,8,500,1,NULL,NULL,1,0,1,80
201900032675,19,5,2019,11:55:00,1,29,29232,1,1,1,5,"BENODET ROUTE DE","47,9397068"," -4,0711050",201900032675,138 244 855,C01,1,1,0,2,3,1,5,NULL,201900032675,138 244 854,A01,1,1,1,1,1943,5,1,0,-1,-1,0,-1,201900032675,3,34,0,NULL,2,3,0,1,8,500,1,NULL,NULL,1,0,1,80
201900032675,19,5,2019,11:55:00,1,29,29232,1,1,1,5,"BENODET ROUTE DE","47,9397068"," -4,0711050",201900032675,138 244 857,D01,1,1,0,2,1,1,5,NULL,201900032675,138 244 855,C01,1,1,4,1,1947,5,2,4,-1,-1,0,-1,201900032675,3,34,0,NULL,2,3,0,1,8,500,1,NULL,NULL,1,0,1,80
201900032675,19,5,2019,11:55:00,1,29,29232,1,1,1,5,"BENODET ROUTE DE","47,9397068"," -4,0711050",201900032675,138 244 856,B01,1,1,0,2,1,1,5,NULL,201900032675,138 244 855,C01,1,1,4,1,1947,5,2,4,-1,-1,0,-1,201900032675,3,34,0,NULL,2,3,0,1,8,500,1,NULL,NULL,1,0,1,80
201900032675,19,5,2019,11:55:00,1,29,29232,1,1,1,5,"BENODET ROUTE DE","47,9397068"," -4,0711050",201900032675,138 244 855,C01,1,1,0,2,3,1,5,NULL,201900032675,138 244 855,C01,1,1,4,1,1947,5,2,4,-1,-1,0,-1,201900032675,3,34,0,NULL,2,3,0,1,8,500,1,NULL,NULL,1,0,1,80
201900032675,19,5,2019,11:55:00,1,29,29232,1,1,1,5,"BENODET ROUTE DE","47,9397068"," -4,0711050",201900032675,138 244 857,D01,1,1,0,2,1,1,5,NULL,201900032675,138 244 856,B01,1,1,4,1,1943,5,2,8,-1,-1,0,-1,201900032675,3,34,0,NULL,2,3,0,1,8,500,1,NULL,NULL,1,0,1,80
201900032675,19,5,2019,11:55:00,1,29,29232,1,1,1,5,"BENODET ROUTE DE","47,9397068"," -4,0711050",201900032675,138 244 856,B01,1,1,0,2,1,1,5,NULL,201900032675,138 244 856,B01,1,1,4,1,1943,5,2,8,-1,-1,0,-1,201900032675,3,34,0,NULL,2,3,0,1,8,500,1,NULL,NULL,1,0,1,80
201900032675,19,5,2019,11:55:00,1,29,29232,1,1,1,5,"BENODET ROUTE DE","47,9397068"," -4,0711050",201900032675,138 244 855,C01,1,1,0,2,3,1,5,NULL,201900032675,138 244 856,B01,1,1,4,1,1943,5,2,8,-1,-1,0,-1,201900032675,3,34,0,NULL,2,3,0,1,8,500,1,NULL,NULL,1,0,1,80
201900032675,19,5,2019,11:55:00,1,29,29232,1,1,1,5,"BENODET ROUTE DE","47,9397068"," -4,0711050",201900032675,138 244 857,D01,1,1,0,2,1,1,5,NULL,201900032675,138 244 857,D01,1,1,4,1,1961,5,2,4,-1,-1,0,-1,201900032675,3,34,0,NULL,2,3,0,1,8,500,1,NULL,NULL,1,0,1,80
201900032675,19,5,2019,11:55:00,1,29,29232,1,1,1,5,"BENODET ROUTE DE","47,9397068"," -4,0711050",201900032675,138 244 856,B01,1,1,0,2,1,1,5,NULL,201900032675,138 244 857,D01,1,1,4,1,1961,5,2,4,-1,-1,0,-1,201900032675,3,34,0,NULL,2,3,0,1,8,500,1,NULL,NULL,1,0,1,80
201900032675,19,5,2019,11:55:00,1,29,29232,1,1,1,5,"BENODET ROUTE DE","47,9397068"," -4,0711050",201900032675,138 244 855,C01,1,1,0,2,3,1,5,NULL,201900032675,138 244 857,D01,1,1,4,1,1961,5,2,4,-1,-1,0,-1,201900032675,3,34,0,NULL,2,3,0,1,8,500,1,NULL,NULL,1,0,1,80
201900037302,26,8,2019,10:35:00,1,2B,2B033,2,9,1,3,"CAP - ROUTE DU CAP","42,7094500","9,4544200",201900037302,138 235 935,B01,1,1,0,2,0,0,0,NULL,201900037302,138 235 934,A01,2,2,1,2,1994,5,1,0,-1,-1," -1",-1,201900037302,4,"CAP - ROUTE DU CAP",0,NULL,-1,2,0,1,1,0,2,NULL,NULL,1,0,1,50
201900037302,26,8,2019,10:35:00,1,2B,2B033,2,9,1,3,"CAP - ROUTE DU CAP","42,7094500","9,4544200",201900037302,138 235 935,B01,1,1,0,2,0,0,0,NULL,201900037302,138 235 934,A01,1,1,1,1,1992,5,8,0,-1,-1," -1",-1,201900037302,4,"CAP - ROUTE DU CAP",0,NULL,-1,2,0,1,1,0,2,NULL,NULL,1,0,1,50
201900037302,26,8,2019,10:35:00,1,2B,2B033,2,9,1,3,"CAP - ROUTE DU CAP","42,7094500","9,4544200",201900037302,138 235 935,B01,1,1,0,2,0,0,0,NULL,201900037302,138 235 935,B01,1,1,4,1,1971,5,2,0,-1,-1," -1",-1,201900037302,4,"CAP - ROUTE DU CAP",0,NULL,-1,2,0,1,1,0,2,NULL,NULL,1,0,1,50
201900038711,31,10,2019,09:30:00,1,75,75117,2,1,1,6,"RUE LEGENDRE","48,8903790","2,3243691",201900038711,138 233 330,A01,1,1,0,2,1,1,5,NULL,201900038711,138 233 330,A01,1,1,4,2,1979,1,2,8,-1,0,0,-1,201900038711,4,"RUE LEGENDRE",0,NULL,1,1,1,1,0,0,1,NULL,NULL,1,0,5,30
201900038711,31,10,2019,09:30:00,1,75,75117,2,1,1,6,"RUE LEGENDRE","48,8903790","2,3243691",201900038711,138 233 329,Z01,1,1,0,2,1,9,5,NULL,201900038711,138 233 330,A01,1,1,4,2,1979,1,2,8,-1,0,0,-1,201900038711,4,"RUE LEGENDRE",0,NULL,1,1,1,1,0,0,1,NULL,NULL,1,0,5,30
201900039510,6,4,2019,01:15:00,5,64,64445,2,1,2,1,"PLACE GRAMONT","43,2964500"," -0,3742700",201900039510,138 231 832,B01,2,1,0,2,1,1,5,NULL,201900039510,138 231 831,A01,1,1,1,2,1982,5,1,0,-1,0,0,-1,201900039510,4,"PLACE GRAMONT",0,NULL,2,2,1,2,0,0,1,NULL,NULL,2,0,1,50
201900039510,6,4,2019,01:15:00,5,64,64445,2,1,2,1,"PLACE GRAMONT","43,2964500"," -0,3742700",201900039510,138 231 832,B01,2,1,0,2,1,1,5,NULL,201900039510,138 231 831,A01,2,2,1,2,1980,5,8,0,-1,-1,0,-1,201900039510,4,"PLACE GRAMONT",0,NULL,2,2,1,2,0,0,1,NULL,NULL,2,0,1,50
201900039510,6,4,2019,01:15:00,5,64,64445,2,1,2,1,"PLACE GRAMONT","43,2964500"," -0,3742700",201900039510,138 231 832,B01,2,1,0,2,1,1,5,NULL,201900039510,138 231 832,B01,2,2,4,2,1991,5,8,0,-1,0,0,-1,201900039510,4,"PLACE GRAMONT",0,NULL,2,2,1,2,0,0,1,NULL,NULL,2,0,1,50
201900039510,6,4,2019,01:15:00,5,64,64445,2,1,2,1,"PLACE GRAMONT","43,2964500"," -0,3742700",201900039510,138 231 832,B01,2,1,0,2,1,1,5,NULL,201900039510,138 231 832,B01,1,1,4,2,1990,5,8,0,-1,0,0,-1,201900039510,4,"PLACE GRAMONT",0,NULL,2,2,1,2,0,0,1,NULL,NULL,2,0,1,50
201900042777,14,1,2019,07:28:00,4,37,37208,2,6,8,3,"LAC (AVENUE DU)","47,3670936","0,7205597",201900042777,138 225 695,B01,1,1,0,2,7,1,5,NULL,201900042777,138 225 692,A01,1,1,1,2,1964,1,1,0,-1,-1,0,-1,201900042777,3,976,0,NULL,3,4,0,1,(1),(1),1,NULL,NULL,2,5,1,50
201900042777,14,1,2019,07:28:00,4,37,37208,2,6,8,3,"LAC (AVENUE DU)","47,3670936","0,7205597",201900042777,138 225 695,B01,1,1,0,2,7,1,5,NULL,201900042777,138 225 695,B01,1,1,4,1,1972,1,2,8,-1,-1,0,-1,201900042777,3,976,0,NULL,3,4,0,1,(1),(1),1,NULL,NULL,2,5,1,50
201900043393,18,7,2019,12:15:00,1,40,40128,1,1,1,3,"route des pyrénées","43,6828380"," -0,5981560",201900043393,138 224 562,A01,2,1,0,9,0,1,5,NULL,201900043393,138 224 561,B01,1,1,1,1,1960,5,0,-1,-1,0,0,-1,201900043393,3,78,0,D,2,2,0,1,6,0,1,NULL,NULL,1,0,1,80
201900043393,18,7,2019,12:15:00,1,40,40128,1,1,1,3,"route des pyrénées","43,6828380"," -0,5981560",201900043393,138 224 562,A01,2,1,0,9,0,1,5,NULL,201900043393,138 224 562,A01,1,1,3,2,1947,0,0,-1,-1,0,0,-1,201900043393,3,78,0,D,2,2,0,1,6,0,1,NULL,NULL,1,0,1,80
201900043626,6,6,2019,15:57:00,1,49,49007,2,1,1,3,"FOCH BOULEVARD","47,4675800"," -0,5513700",201900043626,138 224 147,B01,1,1,0,2,1,0,5,NULL,201900043626,138 224 147,B01,1,1,4,1,1958,0,2,8,-1,-1,0,-1,201900043626,4,"FOCH BOULEVARD",0,NULL,2,2,0,1,0,0,1,NULL,NULL,1,0,1,30
201900043626,6,6,2019,15:57:00,1,49,49007,2,1,1,3,"FOCH BOULEVARD","47,4675800"," -0,5513700",201900043626,138 224 147,B01,1,1,0,2,1,0,5,NULL,201900043626,138 224 148,A01,1,1,1,2,1987,4,1,8,-1,-1,0,-1,201900043626,4,"FOCH BOULEVARD",0,NULL,2,2,0,1,0,0,1,NULL,NULL,1,0,1,30
201900043687,9,12,2019,15:40:00,1,35,35238,2,2,1,3,"PATTON (AVENUE DU GENERAL SIR GEORGES)","48,1326900"," -1,6613700",201900043687,138 224 026,B01,3,1,0,2,1,16,5,NULL,201900043687,138 224 025,A01,1,1,1,1,1971,5,1,0,-1,-1,0,-1,201900043687,4,"PATTON (AVENUE DU GENERAL SIR GEORGES)",0,NULL,2,4,1,2,0,0,1,NULL,NULL,1,0,1,50
201900043687,9,12,2019,15:40:00,1,35,35238,2,2,1,3,"PATTON (AVENUE DU GENERAL SIR GEORGES)","48,1326900"," -1,6613700",201900043687,138 224 026,B01,3,1,0,2,1,16,5,NULL,201900043687,138 224 026,B01,1,1,4,1,2000,5,2,0,-1,-1," -1",-1,201900043687,4,"PATTON (AVENUE DU GENERAL SIR GEORGES)",0,NULL,2,4,1,2,0,0,1,NULL,NULL,1,0,1,50
201900046050,5,11,2019,10:00:00,1,94,94067,2,1,2,2,"PARIS (av. de)","48,8463200","2,4188900",201900046050,138 219 469,Y01,2,1,0,2,4,11,0,NULL,201900046050,138 219 469,Y01,1,1,4,1,1984,1,8,0,-1,-1," -1",-1,201900046050,3,120,0,NULL,1,3,0,1,0,0,1,NULL,NULL,2,0,1,50
201900046050,5,11,2019,10:00:00,1,94,94067,2,1,2,2,"PARIS (av. de)","48,8463200","2,4188900",201900046050,138 219 469,Y01,2,1,0,2,4,11,0,NULL,201900046050,138 219 470,A01,1,1,1,1,1970,4,1,0,-1,-1," -1",-1,201900046050,3,120,0,NULL,1,3,0,1,0,0,1,NULL,NULL,2,0,1,50
201900048241,28,9,2019,17:10:00,1,1,01281,2,1,1,3,"1564 Rue de Geneve","46,2636851","6,1025363",201900048241,138 215 380,B01,1,1,0,2,1,2,5,NULL,201900048241,138 215 379,A01,1,1,1,1,1936,0,1,-1,-1,0,0,-1,201900048241,3,1005,0,NULL,2,2,0,2,(1),(1),1,NULL,NULL,1,0,1,50
201900048241,28,9,2019,17:10:00,1,1,01281,2,1,1,3,"1564 Rue de Geneve","46,2636851","6,1025363",201900048241,138 215 380,B01,1,1,0,2,1,2,5,NULL,201900048241,138 215 380,B01,1,1,3,1,1991,0,2,-1,-1,0,0,-1,201900048241,3,1005,0,NULL,2,2,0,2,(1),(1),1,NULL,NULL,1,0,1,50
201900048328,25,9,2019,18:35:00,1,31,31555,2,1,1,6,"PONT PIERRE DE COUBERTIN","43,5843300","1,4342000",201900048328,138 215 195,B01,1,1,0,2,0,26,5,NULL,201900048328,138 215 194,A01,1,1,1,2,1970,1,1,8,-1,-1,0,-1,201900048328,4,NULL,0,NULL,2,2,0,1,0,0,1,NULL,NULL,1,0,1,50
201900048328,25,9,2019,18:35:00,1,31,31555,2,1,1,6,"PONT PIERRE DE COUBERTIN","43,5843300","1,4342000",201900048328,138 215 195,B01,1,1,0,2,0,26,5,NULL,201900048328,138 215 195,B01,1,1,2,1,1960,5,2,0,-1,-1,0,-1,201900048328,4,NULL,0,NULL,2,2,0,1,0,0,1,NULL,NULL,1,0,1,50
201900048939,31,5,2019,09:30:00,1,83,83120,2,1,1,2,"place du 4 septembre","43,3827140","5,7065750",201900048939,138 214 068,B01,2,1,0,2,8,15,5,NULL,201900048939,138 214 067,A01,1,1,1,1,1973,5,8,-1,-1,0,0,-1,201900048939,3,560,0,NULL,2,2,0,1,1,435,2,NULL,NULL,1,5,1,30
201900048939,31,5,2019,09:30:00,1,83,83120,2,1,1,2,"place du 4 septembre","43,3827140","5,7065750",201900048939,138 214 068,B01,2,1,0,2,8,15,5,NULL,201900048939,138 214 068,B01,1,1,3,2,1964,5,8,-1,-1,0,0,-1,201900048939,3,560,0,NULL,2,2,0,1,1,435,2,NULL,NULL,1,5,1,30
201900049366,5,6,2019,15:15:00,1,50,50602,2,2,1,3,"GAMBETTA (RUE)","49,6414900"," -1,5800700",201900049366,138 213 289,A01,0,1,0,2,8,19,5,NULL,201900049366,138 213 288,B01,1,1,1,1,1948,5,1,0,-1,-1,0,-1,201900049366,4,"GAMBETTA (RUE)",0,NULL,2,2,0,1,0,0,1,NULL,NULL,1,5,3,50
201900049366,5,6,2019,15:15:00,1,50,50602,2,2,1,3,"GAMBETTA (RUE)","49,6414900"," -1,5800700",201900049366,138 213 289,A01,0,1,0,2,8,19,5,NULL,201900049366,138 213 289,A01,1,1,4,1,2006,5,8,0,-1,-1,0,-1,201900049366,4,"GAMBETTA (RUE)",0,NULL,2,2,0,1,0,0,1,NULL,NULL,1,5,3,50
201900051230,13,7,2019,02:30:00,5,33,33063,2,1,1,3,"RUE DE BEGLES","44,8178400"," -0,5662000",201900051230,138 209 832,A01,1,1,0,2,0,1,5,NULL,201900051230,138 209 832,A01,1,1,4,1,1995,0,8,0,-1,-1," -1",-1,201900051230,4,"RUE DE BEGLES",0,NULL,2,2,0,1,0,0,1,NULL,NULL,1,0,1,50
201900051230,13,7,2019,02:30:00,5,33,33063,2,1,1,3,"RUE DE BEGLES","44,8178400"," -0,5662000",201900051230,138 209 832,A01,1,1,0,2,0,1,5,NULL,201900051230,138 209 833,B01,1,1,4,1,1987,0,8,0,-1,-1," -1",-1,201900051230,4,"RUE DE BEGLES",0,NULL,2,2,0,1,0,0,1,NULL,NULL,1,0,1,50
201900053023,12,6,2019,20:30:00,1,13,13208,2,1,1,3,"MENDES FRANCE (AVENUE)","43,2524100","5,3759000",201900053023,138 206 328,B01,3,1,0,2,7,19,5,NULL,201900053023,138 206 328,B01,1,1,3,2,1995,0,2,0,-1,-1," -1",-1,201900053023,4,"MENDES FRANCE (AVENUE)",0,NULL,3,4,0,1,0,0,1,NULL,NULL,1,0,1,50
201900053023,12,6,2019,20:30:00,1,13,13208,2,1,1,3,"MENDES FRANCE (AVENUE)","43,2524100","5,3759000",201900053023,138 206 328,B01,3,1,0,2,7,19,5,NULL,201900053023,138 206 329,A01,1,1,1,1,1998,0,1,0,-1,-1,0,-1,201900053023,4,"MENDES FRANCE (AVENUE)",0,NULL,3,4,0,1,0,0,1,NULL,NULL,1,0,1,50
201900055801,10,7,2019,19:30:00,1,68,68223,2,3,1,1,"Rue Gaessle","48,0267340","7,0867590",201900055801,138 201 204,B01,2,1,0,2,7,1,5,NULL,201900055801,138 201 204,B01,1,1,4,1,2010,5,2,-1,-1,0,0,-1,201900055801,4,NULL,NULL,NULL,2,2,0,4,(1),(1),1,NULL,NULL,1,0,1,50
201900055801,10,7,2019,19:30:00,1,68,68223,2,3,1,1,"Rue Gaessle","48,0267340","7,0867590",201900055801,138 201 204,B01,2,1,0,2,7,1,5,NULL,201900055801,138 201 205,A01,1,1,1,1,1995,5,1,-1,-1,0,0,-1,201900055801,4,NULL,NULL,NULL,2,2,0,4,(1),(1),1,NULL,NULL,1,0,1,50
201900056231,17,8,2019,13:45:00,1,3,03185,2,1,1,6,"22-28 avenue Pierre Villon","46,3527198","2,5878609",201900056231,138 200 397,B01,1,1,1,0,1,21,5,NULL,201900056231,138 200 397,B01,1,1,3,2,1955,5,8,0,-1,0,0,-1,201900056231,4,NULL,0,NULL,2,4,2,1,0,0,1,NULL,NULL,1,0,1,50
201900056231,17,8,2019,13:45:00,1,3,03185,2,1,1,6,"22-28 avenue Pierre Villon","46,3527198","2,5878609",201900056231,138 200 397,B01,1,1,1,0,1,21,5,NULL,201900056231,138 200 398,A01,1,1,1,2,1961,1,1,0,-1,0,0,-1,201900056231,4,NULL,0,NULL,2,4,2,1,0,0,1,NULL,NULL,1,0,1,50