Num_Acc,jour,mois,an,hrmn,lum,dep,com,agg,int,atm,col,adr,lat,long,Num_Acc,id_vehicule,num_veh,senc,catv,obs,obsm,choc,manv,motor,occutc,Num_Acc,id_vehicule,num_veh,place,catu,grav,sexe,an_nais,trajet,secu1,secu2,secu3,locp,actp,etatp,Num_Acc,catr,voie,v1,v2,circ,nbv,vosp,prof,pr,pr1,plan,lartpc,larrout,surf,infra,situ,vma
201900056452,25,5,2019,12:50:00,1,973,97305,1,1,1,3,Tonate,"5,0011941"," -52,4583119",201900056452,138 199 988,B01,2,1,0,2,8,1,5,NULL,201900056452,138 199 988,B01,1,1,3,1,2002,5,0,-1,-1,0,0,-1,201900056452,2,1,0,NULL,2,2,0,1,24,600,1,NULL,NULL,1,0,1,80
201900056452,25,5,2019,12:50:00,1,973,97305,1,1,1,3,Tonate,"5,0011941"," -52,4583119",201900056452,138 199 988,B01,2,1,0,2,8,1,5,NULL,201900056452,138 199 989,A01,1,1,1,2,1968,5,1,-1,-1,0,0,-1,201900056452,2,1,0,NULL,2,2,0,1,24,600,1,NULL,NULL,1,0,1,80
201900010782,7,8,2019,17:15:00,1,38,38249,2,6,1,3,"Route de la Doux","45,2234200","5,8146200",201900010782,138 286 437,B01,1,1,0,2,3,2,5,NULL,201900010782,138 286 436,A01,1,1,1,1,1991,1,1,-1,-1,0,0,-1,201900010782,3,11,NULL,NULL,3,4,0,1,1,200,2,NULL,NULL,1,9,1,50
201900010782,7,8,2019,17:15:00,1,38,38249,2,6,1,3,"Route de la Doux","45,2234200","5,8146200",201900010782,138 286 437,B01,1,1,0,2,3,2,5,NULL,201900010782,138 286 437,B01,1,1,4,1,1983,0,0,-1,-1,0,0,-1,201900010782,3,11,NULL,NULL,3,4,0,1,1,200,2,NULL,NULL,1,9,1,50
201900016047,24,6,2019,12:15:00,1,40,40150,2,6,1,2,"Avenue Loys Labeque","43,8717600"," -1,2998320",201900016047,138 276 543,B01,0,1,0,2,5,12,5,NULL,201900016047,138 276 543,B01,1,1,3,2,1966,5,0,-1,-1,0,0,-1,201900016047,3,16,NULL,NULL,1,1,0,1,(1),(1),2,NULL,NULL,1,9,1,50
201900016047,24,6,2019,12:15:00,1,40,40150,2,6,1,2,"Avenue Loys Labeque","43,8717600"," -1,2998320",201900016047,138 276 543,B01,0,1,0,2,5,12,5,NULL,201900016047,138 276 544,A01,1,1,1,1,2001,2,1,-1,-1,0,0,-1,201900016047,3,16,NULL,NULL,1,1,0,1,(1),(1),2,NULL,NULL,1,9,1,50
201900018102,24,5,2019,19:05:00,1,69,69199,2,3,1,3,"PAUL VAILLANT COUTURIER             (R )","45,7095300","4,8619400",201900018102,138 272 547,B01,1,1,0,2,8,0,0,NULL,201900018102,138 272 547,B01,1,1,4,1,1997,0,8,0,-1,-1," -1",-1,201900018102,4,"PAUL VAILLANT COUTURIER             (R )",0,NULL,-1,0,0,1,1,0,1,NULL,NULL,1,0,1,50
201900019534,1,7,2019,17:10:00,1,37,37261,2,1,1,3,"BORDIERS (RUE DES)","47,4239000","0,6727100",201900019534,138 269 909,B01,3,1,0,2,1,19,5,NULL,201900019534,138 269 908,A01,1,1,1,2,1934,5,1,8,-1,-1,0,-1,201900019534,4,"BORDIERS (RUE DES)",0,NULL,2,2,0,1,0,0,1,NULL,NULL,1,6,1,50
201900019534,1,7,2019,17:10:00,1,37,37261,2,1,1,3,"BORDIERS (RUE DES)","47,4239000","0,6727100",201900019534,138 269 909,B01,3,1,0,2,1,19,5,NULL,201900019534,138 269 909,B01,1,1,4,2,2002,5,8,0,-1,-1,0,-1,201900019534,4,"BORDIERS (RUE DES)",0,NULL,2,2,0,1,0,0,1,NULL,NULL,1,6,1,50
201900021038,10,9,2019,18:02:00,1,92,92007,2,3,1,2,"RAVERA (AVENUE HENRI) N° 1 A 109 ET 2 A","48,8060000","2,3130000",201900021038,138 267 089,B01,2,1,1,0,6,0,5,NULL,201900021038,138 267 089,B01,1,1,4,1,1971,-1,0,-1,-1,-1,0,-1,201900021038,3,128,0,NULL,2,2,1,1,0,0,1,NULL,NULL,1,0,1,50
201900021258,17,4,2019,23:00:00,5,32,32013,2,1,1,7,CAUMONT,"43,6448000","0,5843700",201900021258,138 266 638,A01,1,1,6,0,0,26,5,NULL,201900021258,138 266 638,A01,1,1,3,1,1991,5,8,0,-1,-1,0,-1,201900021258,4,CAUMONT,0,NULL,1,1,0,2,0,0,2,NULL,NULL,1,0,1,50
201900026621,30,6,2019,08:45:00,1,24,24325,2,1,1,4,"Le bourg D 703","44,8861900","1,4075410",201900026621,138 256 211,C01,1,1,16,0,4,1,5,NULL,201900026621,138 256 209,A01,1,1,1,1,1947,3,1,-1,-1,0,0,-1,201900026621,3,703,NULL,NULL,2,2,0,1,88,700,1,NULL,NULL,1,0,1,50
201900026621,30,6,2019,08:45:00,1,24,24325,2,1,1,4,"Le bourg D 703","44,8861900","1,4075410",201900026621,138 256 210,B01,1,1,16,0,4,1,5,NULL,201900026621,138 256 209,A01,1,1,1,1,1947,3,1,-1,-1,0,0,-1,201900026621,3,703,NULL,NULL,2,2,0,1,88,700,1,NULL,NULL,1,0,1,50
201900026621,30,6,2019,08:45:00,1,24,24325,2,1,1,4,"Le bourg D 703","44,8861900","1,4075410",201900026621,138 256 211,C01,1,1,16,0,4,1,5,NULL,201900026621,138 256 210,B01,1,1,3,1,1956,5,2,-1,-1,0,0,-1,201900026621,3,703,NULL,NULL,2,2,0,1,88,700,1,NULL,NULL,1,0,1,50
201900026621,30,6,2019,08:45:00,1,24,24325,2,1,1,4,"Le bourg D 703","44,8861900","1,4075410",201900026621,138 256 210,B01,1,1,16,0,4,1,5,NULL,201900026621,138 256 210,B01,1,1,3,1,1956,5,2,-1,-1,0,0,-1,201900026621,3,703,NULL,NULL,2,2,0,1,88,700,1,NULL,NULL,1,0,1,50
201900026621,30,6,2019,08:45:00,1,24,24325,2,1,1,4,"Le bourg D 703","44,8861900","1,4075410",201900026621,138 256 211,C01,1,1,16,0,4,1,5,NULL,201900026621,138 256 211,C01,1,1,4,1,2003,5,2,-1,-1,0,0,-1,201900026621,3,703,NULL,NULL,2,2,0,1,88,700,1,NULL,NULL,1,0,1,50
201900026621,30,6,2019,08:45:00,1,24,24325,2,1,1,4,"Le bourg D 703","44,8861900","1,4075410",201900026621,138 256 210,B01,1,1,16,0,4,1,5,NULL,201900026621,138 256 211,C01,1,1,4,1,2003,5,2,-1,-1,0,0,-1,201900026621,3,703,NULL,NULL,2,2,0,1,88,700,1,NULL,NULL,1,0,1,50
201900026878,30,7,2019,07:45:00,1,2,02243,2,1,1,3,"Route de bucy le long","49,3955110","3,3619540",201900026878,138 255 754,B01,1,1,0,2,8,2,5,NULL,201900026878,138 255 754,B01,1,1,2,1,1949,5,0,-1,-1,0,0,-1,201900026878,3,925,0,D,2,2,0,1,0,450,1,NULL,NULL,1,0,1,30
201900026878,30,7,2019,07:45:00,1,2,02243,2,1,1,3,"Route de bucy le long","49,3955110","3,3619540",201900026878,138 255 754,B01,1,1,0,2,8,2,5,NULL,201900026878,138 255 755,A01,1,1,1,1,1954,4,1,-1,-1,0,0,-1,201900026878,3,925,0,D,2,2,0,1,0,450,1,NULL,NULL,1,0,1,30
201900028439,25,6,2019,08:40:00,1,64,64445,2,3,1,3,BERLIOZ,"43,3170507"," -0,3442029",201900028439,138 252 857,A01,1,1,0,2,1,15,5,NULL,201900028439,138 252 857,A01,1,1,4,1,1979,0,8,0,-1,0,0,-1,201900028439,4,BERLIOZ,0,NULL,2,3,0,1,0,0,1,NULL,NULL,1,0,1,50
201900028439,25,6,2019,08:40:00,1,64,64445,2,3,1,3,BERLIOZ,"43,3170507"," -0,3442029",201900028439,138 252 857,A01,1,1,0,2,1,15,5,NULL,201900028439,138 252 858,B01,1,1,1,1,1960,0,1,0,-1,0,0,-1,201900028439,4,BERLIOZ,0,NULL,2,3,0,1,0,0,1,NULL,NULL,1,0,1,50
201900029264,11,11,2019,01:10:00,5,75,75117,2,5,1,6,"AVENUE DE SAINT OUEN","48,8930040","2,3274290",201900029264,138 251 305,A01,1,1,0,2,8,15,5,NULL,201900029264,138 251 305,A01,1,1,4,1,1981,0,8,2,-1,0,0,-1,201900029264,4,"AVENUE DE SAINT OUEN",0,NULL,2,4,-1,2,0,0,1,NULL,NULL,1,0,1,30
201900030482,5,3,2019,09:30:00,1,75,75111,2,2,1,6,"RUE MORAND","48,8688410","2,3763080",201900030482,138 249 002,B01,2,1,0,2,6,1,5,NULL,201900030482,138 249 002,B01,1,1,4,1,1969,4,8,4,-1,0,0,-1,201900030482,4,"RUE MORAND",0,NULL,1,2,2,1,0,0,1,NULL,NULL,2,0,1,50
201900032934,8,11,2019,20:20:00,5,64,64445,2,1,2,6,RESISTANCE,"43,3025000"," -0,3752800",201900032934,138 244 310,A01,2,1,0,2,1,15,5,NULL,201900032934,138 244 309,B01,1,1,1,1,1950,9,1,8,-1,-1,0,-1,201900032934,4,RESISTANCE,0,NULL,2,2,0,1,0,0,1,NULL,NULL,2,0,1,50
201900032934,8,11,2019,20:20:00,5,64,64445,2,1,2,6,RESISTANCE,"43,3025000"," -0,3752800",201900032934,138 244 310,A01,2,1,0,2,1,15,5,NULL,201900032934,138 244 310,A01,1,1,4,2,1992,9,8,8,-1,-1,0,-1,201900032934,4,RESISTANCE,0,NULL,2,2,0,1,0,0,1,NULL,NULL,2,0,1,50
201900033441,24,6,2019,19:30:00,1,75,75111,2,1,1,6,"BOULEVARD VOLTAIRE","48,8642280","2,3693370",201900033441,138 243 357,A01,1,1,0,1,1,1,5,NULL,201900033441,138 243 357,A01,10,3,4,1,1952,9,0,0,0,2,3,1,201900033441,4,"BOULEVARD VOLTAIRE",0,NULL,2,4,1,1,0,0,1,NULL,NULL,1,0,5,30
201900033441,24,6,2019,19:30:00,1,75,75111,2,1,1,6,"BOULEVARD VOLTAIRE","48,8642280","2,3693370",201900033441,138 243 357,A01,1,1,0,1,1,1,5,NULL,201900033441,138 243 357,A01,1,1,1,1,1960,5,8,0,-1,0,0,-1,201900033441,4,"BOULEVARD VOLTAIRE",0,NULL,2,4,1,1,0,0,1,NULL,NULL,1,0,5,30
201900034663,14,12,2019,20:00:00,5,75,75114,2,7,1,6,"BOULEVARD ARAGO","48,8344500","2,3334430",201900034663,138 241 032,Z01,1,1,0,1,1,1,5,NULL,201900034663,138 241 032,Z01,10,3,4,2,1998,1,0,-1,-1,3,3,1,201900034663,4,"BOULEVARD ARAGO",0,NULL,2,2,0,2,0,0,3,NULL,NULL,1,0,1,50
201900036244,13,12,2019,08:15:00,1,75,75107,2,3,2,6,"RUE LAS CASES","48,8586350","2,3198240",201900036244,138 237 976,A01,1,1,15,0,1,1,5,NULL,201900036244,138 237 976,A01,1,1,4,1,1973,1,8,2,-1,0,0,-1,201900036244,4,"RUE LAS CASES",0,NULL,1,1,0,1,0,0,1,NULL,NULL,2,0,1,30
201900038192,12,12,2019,08:30:00,2,94,94081,2,9,1,4,"JULES GUESDE (QU)","48,7824400","2,4170800",201900038192,138 234 260,C01,1,1,0,2,0,0,5,NULL,201900038192,138 234 257,A01,1,1,1,1,1963,1,1,0,-1,-1," -1",-1,201900038192,3,152,0,NULL,2,2,1,1,0,0,1,NULL,NULL,1,0,-1,50
201900038192,12,12,2019,08:30:00,2,94,94081,2,9,1,4,"JULES GUESDE (QU)","48,7824400","2,4170800",201900038192,138 234 260,C01,1,1,0,2,0,0,5,NULL,201900038192,138 234 259,B01,1,1,1,1,1963,1,1,0,-1,-1," -1",-1,201900038192,3,152,0,NULL,2,2,1,1,0,0,1,NULL,NULL,1,0,-1,50
201900038192,12,12,2019,08:30:00,2,94,94081,2,9,1,4,"JULES GUESDE (QU)","48,7824400","2,4170800",201900038192,138 234 260,C01,1,1,0,2,0,0,5,NULL,201900038192,138 234 260,C01,1,1,4,1,1962,0,2,0,-1,-1," -1",-1,201900038192,3,152,0,NULL,2,2,1,1,0,0,1,NULL,NULL,1,0,-1,50
201900038278,23,5,2019,11:25:00,1,75,75116,2,2,1,3,"AVENUE DE MALAKOFF","48,8750930","2,2839670",201900038278,138 234 109,B01,1,1,0,2,7,1,5,NULL,201900038278,138 234 109,B01,1,1,4,2,1983,5,8,0,-1,0,0,-1,201900038278,4,"AVENUE DE MALAKOFF",0,NULL,2,1,0,1,0,0,1,NULL,NULL,1,0,1,50
201900038278,23,5,2019,11:25:00,1,75,75116,2,2,1,3,"AVENUE DE MALAKOFF","48,8750930","2,2839670",201900038278,138 234 109,B01,1,1,0,2,7,1,5,NULL,201900038278,138 234 110,A01,3,2,1,2,1972,4,1,0,-1,0,0,-1,201900038278,4,"AVENUE DE MALAKOFF",0,NULL,2,1,0,1,0,0,1,NULL,NULL,1,0,1,50
201900038278,23,5,2019,11:25:00,1,75,75116,2,2,1,3,"AVENUE DE MALAKOFF","48,8750930","2,2839670",201900038278,138 234 109,B01,1,1,0,2,7,1,5,NULL,201900038278,138 234 110,A01,1,1,1,1,1975,4,1,0,-1,0,0,-1,201900038278,4,"AVENUE DE MALAKOFF",0,NULL,2,1,0,1,0,0,1,NULL,NULL,1,0,1,50
201900038738,2,11,2019,16:55:00,1,75,75101,2,2,1,6,"RUE DE RIVOLI","48,8590890","2,3464450",201900038738,138 233 284,A01,1,1,0,1,1,1,5,NULL,201900038738,138 233 284,A01,1,1,1,1,1990,4,8,2,-1,0,0,-1,201900038738,4,"RUE DE RIVOLI",0,NULL,1,3,1,1,0,0,1,NULL,NULL,1,0,5,50
201900038738,2,11,2019,16:55:00,1,75,75101,2,2,1,6,"RUE DE RIVOLI","48,8590890","2,3464450",201900038738,138 233 284,A01,1,1,0,1,1,1,5,NULL,201900038738,138 233 284,A01,10,3,4,2,1970,5,0,-1,-1,4,3,1,201900038738,4,"RUE DE RIVOLI",0,NULL,1,3,1,1,0,0,1,NULL,NULL,1,0,5,50
201900039943,10,12,2019,16:10:00,1,31,31483,2,3,1,3,"FOCH (AVENUE DU MARECHAL)","43,1048300","0,7142600",201900039943,138 230 986,A01,3,1,0,2,1,19,5,NULL,201900039943,138 230 986,A01,1,1,4,1,2000,5,8,0,-1,-1,0,-1,201900039943,3,8,0,NULL,2,2,0,1,0,0,1,NULL,NULL,1,0,1,50
201900039943,10,12,2019,16:10:00,1,31,31483,2,3,1,3,"FOCH (AVENUE DU MARECHAL)","43,1048300","0,7142600",201900039943,138 230 986,A01,3,1,0,2,1,19,5,NULL,201900039943,138 230 987,B01,1,1,1,2,2001,0,1,8,-1,-1,0,-1,201900039943,3,8,0,NULL,2,2,0,1,0,0,1,NULL,NULL,1,0,1,50
201900047561,30,5,2019,10:50:00,1,67,67180,2,2,1,1,"JUNCKER (CHEMIN)","48,8219000","7,7833000",201900047561,138 216 632,A01,3,1,0,2,1,1,5,NULL,201900047561,138 216 631,B01,1,1,1,1,1981,5,8,8,-1,-1,0,-1,201900047561,4,"JUNCKER (CHEMIN)",0,NULL,2,2,0,1,0,0,1,NULL,NULL,1,0,1,50
201900047561,30,5,2019,10:50:00,1,67,67180,2,2,1,1,"JUNCKER (CHEMIN)","48,8219000","7,7833000",201900047561,138 216 632,A01,3,1,0,2,1,1,5,NULL,201900047561,138 216 632,A01,1,1,3,2,1978,5,8,0,-1,-1,0,-1,201900047561,4,"JUNCKER (CHEMIN)",0,NULL,2,2,0,1,0,0,1,NULL,NULL,1,0,1,50
201900048981,29,5,2019,16:10:00,1,56,56169,2,1,1,3,"14 rue du général de Gaulle","47,6979460"," -3,2528740",201900048981,138 214 004,B01,1,1,0,2,7,1,5,NULL,201900048981,138 214 003,A01,1,1,1,2,1971,3,8,-1,-1,0,0,-1,201900048981,3,781,0,NULL,2,2,0,1,20,923,1,NULL,NULL,1,0,1,50
201900048981,29,5,2019,16:10:00,1,56,56169,2,1,1,3,"14 rue du général de Gaulle","47,6979460"," -3,2528740",201900048981,138 214 004,B01,1,1,0,2,7,1,5,NULL,201900048981,138 214 004,B01,1,1,4,1,2003,5,2,9,-1,0,0,-1,201900048981,3,781,0,NULL,2,2,0,1,20,923,1,NULL,NULL,1,0,1,50
201900048982,26,5,2019,10:45:00,1,56,56169,2,6,1,3,"4 Rue du Pont-Lorois","47,6817000"," -3,2102000",201900048982,138 214 002,B01,1,1,0,2,7,13,5,NULL,201900048982,138 214 001,A01,1,1,1,1,1952,0,1,-1,-1,0,0,-1,201900048982,3,781,NULL,NULL,1,1,0,1,24,530,2,NULL,NULL,1,5,1,50
201900048982,26,5,2019,10:45:00,1,56,56169,2,6,1,3,"4 Rue du Pont-Lorois","47,6817000"," -3,2102000",201900048982,138 214 002,B01,1,1,0,2,7,13,5,NULL,201900048982,138 214 001,A01,2,2,1,1,1943,0,1,-1,-1,0,0,-1,201900048982,3,781,NULL,NULL,1,1,0,1,24,530,2,NULL,NULL,1,5,1,50
201900048982,26,5,2019,10:45:00,1,56,56169,2,6,1,3,"4 Rue du Pont-Lorois","47,6817000"," -3,2102000",201900048982,138 214 002,B01,1,1,0,2,7,13,5,NULL,201900048982,138 214 002,B01,1,1,4,1,1960,5,2,-1,-1,0,0,-1,201900048982,3,781,NULL,NULL,1,1,0,1,24,530,2,NULL,NULL,1,5,1,50
201900049849,28,10,2019,11:15:00,1,35,35352,2,3,3,2,"8 Rue de Châteaubriant","48,0453090"," -1,6016740",201900049849,138 212 381,A01,3,1,0,2,4,15,5,NULL,201900049849,138 212 381,A01,1,1,4,2,1965,3,0,-1,-1,0,0,-1,201900049849,4,NULL,NULL,NULL,2,2,0,2,(1),(1),1,NULL,NULL,2,0,1,30
201900049849,28,10,2019,11:15:00,1,35,35352,2,3,3,2,"8 Rue de Châteaubriant","48,0453090"," -1,6016740",201900049849,138 212 381,A01,3,1,0,2,4,15,5,NULL,201900049849,138 212 382,B01,1,1,1,1,2002,1,2,6,-1,0,0,-1,201900049849,4,NULL,NULL,NULL,2,2,0,2,(1),(1),1,NULL,NULL,2,0,1,30
201900054605,3,12,2019,17:45:00,2,12,12145,2,8,1,3,"VOIE FERREE","44,1045900","3,0756800",201900054605,138 203 415,A01,3,1,0,4,7,26,5,NULL,201900054605,138 203 414,B01,1,1,1,1,1979,4,8,0,-1,-1," -1",-1,201900054605,4,"République (Avenue de La)",NULL,NULL,2,2,-1,1,(1),(1),1,NULL,NULL,1,5,1,50
201900054605,3,12,2019,17:45:00,2,12,12145,2,8,1,3,"VOIE FERREE","44,1045900","3,0756800",201900054605,138 203 415,A01,3,1,0,4,7,26,5,NULL,201900054605,138 203 415,A01,1,1,3,1,1990,3,8,-1,-1,-1," -1",-1,201900054605,4,"République (Avenue de La)",NULL,NULL,2,2,-1,1,(1),(1),1,NULL,NULL,1,5,1,50
201900056240,13,5,2019,12:30:00,1,6,06152,1,6,1,3,"route de Biot","43,6444471","7,0492435",201900056240,138 200 387,B01,1,1,0,2,7,1,5,NULL,201900056240,138 200 386,A01,1,1,1,2,1966,9,1,-1,-1,0,0,-1,201900056240,3,4,NULL,NULL,-1,2,0,1,9,710,2,NULL,NULL,1,0,1,50
201900056240,13,5,2019,12:30:00,1,6,06152,1,6,1,3,"route de Biot","43,6444471","7,0492435",201900056240,138 200 387,B01,1,1,0,2,7,1,5,NULL,201900056240,138 200 387,B01,1,1,3,1,1967,5,2,-1,-1,0,0,-1,201900056240,3,4,NULL,NULL,-1,2,0,1,9,710,2,NULL,NULL,1,0,1,50
201900057977,21,3,2019,15:55:00,1,54,54274,2,1,1,6,"REPUBLIQUE (RUE DE LA)","48,6713570","6,2057260",201900057977,138 197 177,A01,1,1,0,1,0,1,5,NULL,201900057977,138 197 177,A01,1,1,1,1,1977,0,2,0,-1,-1,0,-1,201900057977,4,"REPUBLIQUE (RUE DE LA)",0,NULL,-1,2,0,1,0,0,1,NULL,NULL,1,0,1,50
201900057977,21,3,2019,15:55:00,1,54,54274,2,1,1,6,"REPUBLIQUE (RUE DE LA)","48,6713570","6,2057260",201900057977,138 197 177,A01,1,1,0,1,0,1,5,NULL,201900057977,138 197 177,A01,10,3,3,2,1948,0,8,0,-1,3,3,1,201900057977,4,"REPUBLIQUE (RUE DE LA)",0,NULL,-1,2,0,1,0,0,1,NULL,NULL,1,0,1,50
201900010601,15,6,2019,08:50:00,1,79,79049,2,6,1,3,"Avenue d'Angers","46,8460040"," -0,4822410",201900010601,138 286 754,B01,0,1,0,2,1,1,5,NULL,201900010601,138 286 754,B01,1,1,4,1,1963,1,0,-1,-1,0,0,-1,201900010601,3,748,0,NULL,2,2,0,1,29,105,1,NULL,NULL,1,0,1,50
201900010601,15,6,2019,08:50:00,1,79,79049,2,6,1,3,"Avenue d'Angers","46,8460040"," -0,4822410",201900010601,138 286 754,B01,0,1,0,2,1,1,5,NULL,201900010601,138 286 755,A01,1,1,1,2,1977,0,1,-1,-1,0,0,-1,201900010601,3,748,0,NULL,2,2,0,1,29,105,1,NULL,NULL,1,0,1,50
201900012407,8,8,2019,19:20:00,1,40,40283,2,1,1,1,"Route du Preau","43,7513100"," -0,9948710",201900012407,138 283 414,B01,3,1,0,2,1,1,5,NULL,201900012407,138 283 414,B01,1,1,3,2,1966,5,0,-1,-1,0,0,-1,201900012407,4,NULL,NULL,NULL,2,2,0,2,(1),(1),3,NULL,NULL,1,0,1,50
201900012407,8,8,2019,19:20:00,1,40,40283,2,1,1,1,"Route du Preau","43,7513100"," -0,9948710",201900012407,138 283 414,B01,3,1,0,2,1,1,5,NULL,201900012407,138 283 415,A01,1,1,1,1,1979,3,1,-1,-1,0,0,-1,201900012407,4,NULL,NULL,NULL,2,2,0,2,(1),(1),3,NULL,NULL,1,0,1,50
201900012521,2,6,2019,16:00:00,1,62,62899,1,1,1,3,D244,"50,8891590","1,6939590",201900012521,138 283 204,B01,1,1,0,2,8,2,2,NULL,201900012521,138 283 203,A01,1,1,1,1,1944,5,1,-1,-1,0,0,-1,201900012521,3,244,NULL,NULL,2,2,0,2,1,300,1,NULL,NULL,1,0,1,90
201900012521,2,6,2019,16:00:00,1,62,62899,1,1,1,3,D244,"50,8891590","1,6939590",201900012521,138 283 204,B01,1,1,0,2,8,2,2,NULL,201900012521,138 283 204,B01,1,1,3,2,1965,5,0,-1,-1,0,0,-1,201900012521,3,244,NULL,NULL,2,2,0,2,1,300,1,NULL,NULL,1,0,1,90
201900012848,21,11,2019,09:10:00,1,66,66136,2,2,1,3,"COQUELICOTS (DES)","42,7049900","2,9019500",201900012848,138 282 542,B01,1,1,0,2,4,1,5,NULL,201900012848,138 282 541,A01,1,1,1,2,1979,1,1,8,-1,-1," -1",-1,201900012848,4,"COQUELICOTS (DES)",0,NULL,2,2,1,1,0,0,1,NULL,NULL,1,0,1,50
201900012848,21,11,2019,09:10:00,1,66,66136,2,2,1,3,"COQUELICOTS (DES)","42,7049900","2,9019500",201900012848,138 282 542,B01,1,1,0,2,4,1,5,NULL,201900012848,138 282 542,B01,1,1,4,1,1947,5,8,8,-1,-1," -1",-1,201900012848,4,"COQUELICOTS (DES)",0,NULL,2,2,1,1,0,0,1,NULL,NULL,1,0,1,50
201900012910,21,11,2019,19:55:00,5,93,93051,2,3,8,2,"DOCTEUR SUREAU","48,8457300","2,5494000",201900012910,138 282 433,B01,1,1,0,2,4,15,5,NULL,201900012910,138 282 433,B01,1,1,4,1,1977,5,2,8,-1,-1," -1",-1,201900012910,4,"DOCTEUR SUREAU",0,NULL,2,2,0,1,0,0,1,NULL,NULL,2,5,1,50
201900012910,21,11,2019,19:55:00,5,93,93051,2,3,8,2,"DOCTEUR SUREAU","48,8457300","2,5494000",201900012910,138 282 433,B01,1,1,0,2,4,15,5,NULL,201900012910,138 282 434,A01,1,1,1,1,1985,1,1,0,-1,-1," -1",-1,201900012910,4,"DOCTEUR SUREAU",0,NULL,2,2,0,1,0,0,1,NULL,NULL,2,5,1,50
201900013236,12,9,2019,18:00:00,1,80,80021,2,1,1,6,"JULES BARNI (RUE)","49,8865700","2,3173300",201900013236,138 281 837,B01,0,1,1,0,1,1,5,NULL,201900013236,138 281 837,B01,1,1,4,2,2008,0,2,0,-1,-1," -1",-1,201900013236,4,"JULES BARNI (RUE)",0,NULL,2,2,0,1,0,0,1,NULL,NULL,1,0,1,50
201900013236,12,9,2019,18:00:00,1,80,80021,2,1,1,6,"JULES BARNI (RUE)","49,8865700","2,3173300",201900013236,138 281 837,B01,0,1,1,0,1,1,5,NULL,201900013236,138 281 838,A01,1,1,1,2,1989,0,1,0,-1,-1," -1",-1,201900013236,4,"JULES BARNI (RUE)",0,NULL,2,2,0,1,0,0,1,NULL,NULL,1,0,1,50
201900016438,10,11,2019,17:40:00,5,59,59350,2,1,1,6,"HOOVER AVENUE DU PRESIDENT","50,6308200","3,0774600",201900016438,138 275 732,Y01,3,1,0,2,1,18,5,NULL,201900016438,138 275 731,A01,1,1,1,2,1900,5,1,0,-1,-1," -1",-1,201900016438,4,"HOOVER AVENUE DU PRESIDENT",0,NULL,1,3,1,1,0,0,1,NULL,NULL,1,0,5,50
201900016438,10,11,2019,17:40:00,5,59,59350,2,1,1,6,"HOOVER AVENUE DU PRESIDENT","50,6308200","3,0774600",201900016438,138 275 732,Y01,3,1,0,2,1,18,5,NULL,201900016438,138 275 732,Y01,1,1,4,1,1900,1,8,0,-1,-1," -1",-1,201900016438,4,"HOOVER AVENUE DU PRESIDENT",0,NULL,1,3,1,1,0,0,1,NULL,NULL,1,0,5,50
201900017873,2,7,2019,12:30:00,1,75,75115,2,1,1,3,"RUE DU DOCTEUR FINLAY","48,8510700","2,2916640",201900017873,138 272 995,B01,2,1,0,2,0,1,5,NULL,201900017873,138 272 995,B01,1,1,4,1,1969,5,8,0,-1,0,0,-1,201900017873,4,"RUE DU DOCTEUR FINLAY",0,NULL,1,2,0,1,0,0,1,NULL,NULL,1,0,1,50
201900017873,2,7,2019,12:30:00,1,75,75115,2,1,1,3,"RUE DU DOCTEUR FINLAY","48,8510700","2,2916640",201900017873,138 272 995,B01,2,1,0,2,0,1,5,NULL,201900017873,138 272 996,A01,1,1,1,1,1962,4,8,0,-1,0,0,-1,201900017873,4,"RUE DU DOCTEUR FINLAY",0,NULL,1,2,0,1,0,0,1,NULL,NULL,1,0,1,50
201900020962,2,10,2019,09:45:00,1,29,29221,2,4,1,3,"Route de Melon","48,4996257"," -4,7641466",201900020962,138 267 230,B01,2,1,0,2,1,1,5,NULL,201900020962,138 267 229,A01,1,1,1,1,1931,5,1,-1,-1,0,0,-1,201900020962,3,27,NULL,NULL,2,2,0,2,15,900,3,NULL,NULL,1,0,1,50
201900020962,2,10,2019,09:45:00,1,29,29221,2,4,1,3,"Route de Melon","48,4996257"," -4,7641466",201900020962,138 267 230,B01,2,1,0,2,1,1,5,NULL,201900020962,138 267 229,A01,2,2,1,2,1942,5,1,-1,-1,0,0,-1,201900020962,3,27,NULL,NULL,2,2,0,2,15,900,3,NULL,NULL,1,0,1,50
201900020962,2,10,2019,09:45:00,1,29,29221,2,4,1,3,"Route de Melon","48,4996257"," -4,7641466",201900020962,138 267 230,B01,2,1,0,2,1,1,5,NULL,201900020962,138 267 230,B01,1,1,4,1,1967,5,2,-1,-1,0,0,-1,201900020962,3,27,NULL,NULL,2,2,0,2,15,900,3,NULL,NULL,1,0,1,50
201900021345,29,6,2019,09:15:00,1,74,74133,2,9,1,2,"CASSIN (RUE RENE)","46,1799200","6,2153300",201900021345,138 266 474,B01,1,1,0,2,0,0,5,NULL,201900021345,138 266 474,B01,1,1,4,2,1980,1,8,0,-1,0,0,-1,201900021345,4,"CASSIN (RUE RENE)",0,NULL,1,2,0,1,0,1,2,NULL,NULL,1,5,1,50