Num_Acc,jour,mois,an,hrmn,lum,dep,com,agg,int,atm,col,adr,lat,long,Num_Acc,id_vehicule,num_veh,senc,catv,obs,obsm,choc,manv,motor,occutc,Num_Acc,id_vehicule,num_veh,place,catu,grav,sexe,an_nais,trajet,secu1,secu2,secu3,locp,actp,etatp,Num_Acc,catr,voie,v1,v2,circ,nbv,vosp,prof,pr,pr1,plan,lartpc,larrout,surf,infra,situ,vma
201900021345,29,6,2019,09:15:00,1,74,74133,2,9,1,2,"CASSIN (RUE RENE)","46,1799200","6,2153300",201900021345,138 266 474,B01,1,1,0,2,0,0,5,NULL,201900021345,138 266 475,A01,1,1,1,1,1991,4,1,0,-1,0,0,-1,201900021345,4,"CASSIN (RUE RENE)",0,NULL,1,2,0,1,0,1,2,NULL,NULL,1,5,1,50
201900023738,8,3,2019,09:05:00,1,49,49007,2,2,1,3,LAREVELLIERE,"47,4711100"," -0,5312100",201900023738,138 261 769,B01,2,1,0,2,1,1,5,NULL,201900023738,138 261 768,A01,1,1,1,2,1964,4,1,8,-1,-1,0,-1,201900023738,4,LAREVELLIERE,0,NULL,2,2,0,1,0,0,1,NULL,NULL,1,5,1,50
201900023738,8,3,2019,09:05:00,1,49,49007,2,2,1,3,LAREVELLIERE,"47,4711100"," -0,5312100",201900023738,138 261 769,B01,2,1,0,2,1,1,5,NULL,201900023738,138 261 769,B01,1,1,4,1,1961,1,8,0,-1,-1,0,-1,201900023738,4,LAREVELLIERE,0,NULL,2,2,0,1,0,0,1,NULL,NULL,1,5,1,50
201900027849,7,10,2019,18:20:00,1,69,69383,2,1,1,2,"LACASSAGNE                          (AV)","45,7559800","4,8641100",201900027849,138 253 951,B01,1,1,0,2,4,13,6,NULL,201900027849,138 253 950,A01,1,1,1,1,1982,1,8,0,-1,-1," -1",-1,201900027849,7,"LACASSAGNE                          (AV)",0,NULL,2,3,3,1,0,0,1,NULL,NULL,1,0,1,50
201900027849,7,10,2019,18:20:00,1,69,69383,2,1,1,2,"LACASSAGNE                          (AV)","45,7559800","4,8641100",201900027849,138 253 951,B01,1,1,0,2,4,13,6,NULL,201900027849,138 253 951,B01,1,1,4,1,1988,1,8,0,-1,-1," -1",-1,201900027849,7,"LACASSAGNE                          (AV)",0,NULL,2,3,3,1,0,0,1,NULL,NULL,1,0,1,50
201900028452,25,6,2019,14:00:00,1,35,35238,2,3,1,3,"MONSIEUR VINCENT","48,0927500"," -1,6486000",201900028452,138 252 832,A01,2,1,0,2,0,26,5,NULL,201900028452,138 252 831,B01,1,1,4,1,1937,5,8,0,-1,-1," -1",-1,201900028452,4,"MONSIEUR VINCENT",0,NULL,-1,2,0,4,0,0,3,NULL,NULL,1,0,1,50
201900028452,25,6,2019,14:00:00,1,35,35238,2,3,1,3,"MONSIEUR VINCENT","48,0927500"," -1,6486000",201900028452,138 252 831,B01,2,1,0,2,0,0,0,NULL,201900028452,138 252 831,B01,1,1,4,1,1937,5,8,0,-1,-1," -1",-1,201900028452,4,"MONSIEUR VINCENT",0,NULL,-1,2,0,4,0,0,3,NULL,NULL,1,0,1,50
201900028452,25,6,2019,14:00:00,1,35,35238,2,3,1,3,"MONSIEUR VINCENT","48,0927500"," -1,6486000",201900028452,138 252 832,A01,2,1,0,2,0,26,5,NULL,201900028452,138 252 832,A01,1,1,1,1,2006,2,8,0,-1,-1," -1",-1,201900028452,4,"MONSIEUR VINCENT",0,NULL,-1,2,0,4,0,0,3,NULL,NULL,1,0,1,50
201900028452,25,6,2019,14:00:00,1,35,35238,2,3,1,3,"MONSIEUR VINCENT","48,0927500"," -1,6486000",201900028452,138 252 831,B01,2,1,0,2,0,0,0,NULL,201900028452,138 252 832,A01,1,1,1,1,2006,2,8,0,-1,-1," -1",-1,201900028452,4,"MONSIEUR VINCENT",0,NULL,-1,2,0,4,0,0,3,NULL,NULL,1,0,1,50
201900030123,25,6,2019,23:30:00,5,75,75107,2,2,1,3,"QUAI D ORSAY","48,8625900","2,3104280",201900030123,138 249 663,A01,2,1,0,2,1,19,5,NULL,201900030123,138 249 662,B01,2,2,1,1,1999,5,8,0,-1,0,0,-1,201900030123,4,"QUAI D ORSAY",0,NULL,3,2,0,1,0,0,1,NULL,NULL,1,0,1,50
201900030123,25,6,2019,23:30:00,5,75,75107,2,2,1,3,"QUAI D ORSAY","48,8625900","2,3104280",201900030123,138 249 663,A01,2,1,0,2,1,19,5,NULL,201900030123,138 249 662,B01,1,1,1,1,2000,5,8,0,-1,0,0,-1,201900030123,4,"QUAI D ORSAY",0,NULL,3,2,0,1,0,0,1,NULL,NULL,1,0,1,50
201900030123,25,6,2019,23:30:00,5,75,75107,2,2,1,3,"QUAI D ORSAY","48,8625900","2,3104280",201900030123,138 249 663,A01,2,1,0,2,1,19,5,NULL,201900030123,138 249 663,A01,1,1,4,1,1997,5,8,0,-1,0,0,-1,201900030123,4,"QUAI D ORSAY",0,NULL,3,2,0,1,0,0,1,NULL,NULL,1,0,1,50
201900030614,6,3,2019,13:20:00,1,89,89419,2,1,8,3,"15 rue du Corbeau Blanc","47,7320380","3,3030050",201900030614,138 248 775,B01,1,1,0,2,1,1,0,NULL,201900030614,138 248 775,B01,1,1,3,1,1996,5,2,-1,-1,0,0,-1,201900030614,3,965,NULL,NULL,3,2,0,2,76,275,1,NULL,NULL,2,0,1,50
201900030614,6,3,2019,13:20:00,1,89,89419,2,1,8,3,"15 rue du Corbeau Blanc","47,7320380","3,3030050",201900030614,138 248 775,B01,1,1,0,2,1,1,0,NULL,201900030614,138 248 776,A01,1,1,1,2,1943,5,1,-1,-1,0,0,-1,201900030614,3,965,NULL,NULL,3,2,0,2,76,275,1,NULL,NULL,2,0,1,50
201900030959,22,5,2019,14:00:00,1,33,33529,2,6,1,2,"BD DE CAZAUX","44,6101200"," -1,1331200",201900030959,138 248 130,B01,1,1,0,2,4,1,5,NULL,201900030959,138 248 129,A01,1,1,1,2,1947,5,1,0,-1,0,0,-1,201900030959,3,112,0,NULL,2,2,0,1,2,812,2,NULL,NULL,1,0,1,50
201900030959,22,5,2019,14:00:00,1,33,33529,2,6,1,2,"BD DE CAZAUX","44,6101200"," -1,1331200",201900030959,138 248 130,B01,1,1,0,2,4,1,5,NULL,201900030959,138 248 130,B01,1,1,4,1,1951,5,8,0,-1,-1," -1",-1,201900030959,3,112,0,NULL,2,2,0,1,2,812,2,NULL,NULL,1,0,1,50
201900032118,6,3,2019,17:55:00,2,3,03072,2,1,8,3,NULL,"46,4831668","2,5258305",201900032118,138 245 958,B01,1,1,0,0,0,19,5,NULL,201900032118,138 245 958,B01,1,1,4,1,2014,5,0,-1,-1,0,0,-1,201900032118,3,40,0,NULL,2,2,0,1,21,459,1,NULL,NULL,2,0,1,50
201900032118,6,3,2019,17:55:00,2,3,03072,2,1,8,3,NULL,"46,4831668","2,5258305",201900032118,138 245 958,B01,1,1,0,0,0,19,5,NULL,201900032118,138 245 959,A01,1,1,1,1,1976,0,1,-1,-1,0,0,-1,201900032118,3,40,0,NULL,2,2,0,1,21,459,1,NULL,NULL,2,0,1,50
201900033825,27,8,2019,16:00:00,1,35,35238,2,6,1,3,"GRAFF (AVENUE GEORGES)","48,0900400"," -1,6909300",201900033825,138 242 635,A01,2,1,0,2,8,0,0,NULL,201900033825,138 242 635,A01,1,1,4,1,1942,5,8,0,-1,-1," -1",-1,201900033825,7,"GRAFF (AVENUE GEORGES)",0,NULL,2,0,0,1,0,0,1,NULL,NULL,1,0,1,50
201900033825,27,8,2019,16:00:00,1,35,35238,2,6,1,3,"GRAFF (AVENUE GEORGES)","48,0900400"," -1,6909300",201900033825,138 242 635,A01,2,1,0,2,8,0,0,NULL,201900033825,138 242 635,A01,10,3,1,2,1995,0,8,0,-1,5,B,1,201900033825,7,"GRAFF (AVENUE GEORGES)",0,NULL,2,0,0,1,0,0,1,NULL,NULL,1,0,1,50
201900033825,27,8,2019,16:00:00,1,35,35238,2,6,1,3,"GRAFF (AVENUE GEORGES)","48,0900400"," -1,6909300",201900033825,138 242 635,A01,2,1,0,2,8,0,0,NULL,201900033825,138 242 635,A01,10,3,1,2,1965,0,8,0,-1,5,B,2,201900033825,7,"GRAFF (AVENUE GEORGES)",0,NULL,2,0,0,1,0,0,1,NULL,NULL,1,0,1,50
201900038089,20,5,2019,19:15:00,1,75,75120,2,1,1,2,"RUE DES PYRENEES","48,8653870","2,3981040",201900038089,138 234 435,B01,2,1,0,2,4,23,5,NULL,201900038089,138 234 435,B01,1,1,4,1,1954,1,8,0,-1,0,0,-1,201900038089,4,"RUE DES PYRENEES",0,NULL,2,2,0,2,0,0,1,NULL,NULL,1,0,1,50
201900038089,20,5,2019,19:15:00,1,75,75120,2,1,1,2,"RUE DES PYRENEES","48,8653870","2,3981040",201900038089,138 234 435,B01,2,1,0,2,4,23,5,NULL,201900038089,138 234 437,A01,1,1,1,2,1952,1,1,0,-1,0,0,-1,201900038089,4,"RUE DES PYRENEES",0,NULL,2,2,0,2,0,0,1,NULL,NULL,1,0,1,50
201900038373,21,6,2019,18:30:00,1,7,07102,2,6,1,3,"Chemin des MULETS","44,9330200","4,8594500",201900038373,138 233 957,B01,3,1,0,2,1,1,5,NULL,201900038373,138 233 956,A01,1,1,1,2,2000,0,1,0,-1,-1," -1",-1,201900038373,4,"Avenue Georges CLEMENCEAU",0,NULL,2,2,2,1,0,0,1,NULL,NULL,1,0,1,50
201900038373,21,6,2019,18:30:00,1,7,07102,2,6,1,3,"Chemin des MULETS","44,9330200","4,8594500",201900038373,138 233 957,B01,3,1,0,2,1,1,5,NULL,201900038373,138 233 957,B01,1,1,4,2,1947,0,8,0,-1,0,0,-1,201900038373,4,"Avenue Georges CLEMENCEAU",0,NULL,2,2,2,1,0,0,1,NULL,NULL,1,0,1,50
201900040736,15,1,2019,21:00:00,5,75,75118,2,2,1,6,"BOULEVARD BARBES","48,8915610","2,3496000",201900040736,138 229 548,A01,1,1,0,1,1,1,5,NULL,201900040736,138 229 548,A01,1,1,1,1,1975,3,2,0,-1,0,0,-1,201900040736,4,"BOULEVARD BARBES",0,NULL,2,4,0,1,0,0,1,NULL,NULL,1,0,1,50
201900040736,15,1,2019,21:00:00,5,75,75118,2,2,1,6,"BOULEVARD BARBES","48,8915610","2,3496000",201900040736,138 229 548,A01,1,1,0,1,1,1,5,NULL,201900040736,138 229 548,A01,10,3,4,1,1954,5,8,0,-1,4,3,1,201900040736,4,"BOULEVARD BARBES",0,NULL,2,4,0,1,0,0,1,NULL,NULL,1,0,1,50
201900041352,4,4,2019,19:40:00,1,75,75102,2,2,1,3,"RUE ETIENNE MARCEL","48,8636500","2,3500030",201900041352,138 228 441,B01,1,1,0,2,1,1,5,NULL,201900041352,138 228 440,A01,1,1,1,1,1972,1,1,0,-1,0,0,-1,201900041352,4,"RUE ETIENNE MARCEL",0,NULL,2,4,1,1,0,0,1,NULL,NULL,1,0,5,50
201900041352,4,4,2019,19:40:00,1,75,75102,2,2,1,3,"RUE ETIENNE MARCEL","48,8636500","2,3500030",201900041352,138 228 441,B01,1,1,0,2,1,1,5,NULL,201900041352,138 228 441,B01,2,1,4,1,1986,5,8,0,-1,0,0,-1,201900041352,4,"RUE ETIENNE MARCEL",0,NULL,2,4,1,1,0,0,1,NULL,NULL,1,0,5,50
201900046225,9,1,2019,11:15:00,1,80,80021,2,2,1,3,"R DU COMTE RAOUL ","49,8853800","2,3136900",201900046225,138 219 136,A01,0,1,0,2,1,1,5,NULL,201900046225,138 219 136,A01,1,1,4,2,1963,0,2,0,-1,-1,0,-1,201900046225,4,"COMTE RAOUL (RUE DU)",0,NULL,1,2,0,1,0,0,1,NULL,NULL,2,0,1,50
201900046225,9,1,2019,11:15:00,1,80,80021,2,2,1,3,"R DU COMTE RAOUL ","49,8853800","2,3136900",201900046225,138 219 136,A01,0,1,0,2,1,1,5,NULL,201900046225,138 219 137,B01,1,1,1,1,1959,0,1,0,-1,-1,0,-1,201900046225,4,"COMTE RAOUL (RUE DU)",0,NULL,1,2,0,1,0,0,1,NULL,NULL,2,0,1,50
201900046662,26,8,2019,19:15:00,1,76,76317,1,2,1,3,"Route du Fond de Grainville","49,6511080","0,4017740",201900046662,138 218 256,B01,2,1,0,2,1,19,5,NULL,201900046662,138 218 256,B01,1,1,4,1,2003,5,0,-1,-1,0,0,-1,201900046662,3,75,NULL,NULL,2,2,0,1,0,500,2,NULL,NULL,1,0,1,80
201900046662,26,8,2019,19:15:00,1,76,76317,1,2,1,3,"Route du Fond de Grainville","49,6511080","0,4017740",201900046662,138 218 256,B01,2,1,0,2,1,19,5,NULL,201900046662,138 218 257,A01,1,1,1,1,1970,1,1,-1,-1,0,0,-1,201900046662,3,75,NULL,NULL,2,2,0,1,0,500,2,NULL,NULL,1,0,1,80
201900047236,7,12,2019,16:15:00,1,75,75116,2,1,1,6,"AVENUE DE NEW YORK","48,8625540","2,2938990",201900047236,138 217 215,A01,2,1,0,1,2,1,5,NULL,201900047236,138 217 215,A01,10,3,4,2,1966,5,0,-1,-1,3,3,1,201900047236,4,"AVENUE DE NEW YORK",0,NULL,2,2,1,1,46,0,1,NULL,NULL,1,0,5,30
201900047236,7,12,2019,16:15:00,1,75,75116,2,1,1,6,"AVENUE DE NEW YORK","48,8625540","2,2938990",201900047236,138 217 215,A01,2,1,0,1,2,1,5,NULL,201900047236,138 217 215,A01,1,1,4,1,1990,0,8,2,-1,0,0,-1,201900047236,4,"AVENUE DE NEW YORK",0,NULL,2,2,1,1,46,0,1,NULL,NULL,1,0,5,30
201900050101,19,9,2019,07:00:00,1,974,97407,2,1,1,3,"LISZT FRANTZ(RUELLE)"," -20,9599000","55,3204000",201900050101,138 211 925,A01,1,1,0,2,2,9,0,NULL,201900050101,138 211 925,A01,1,1,4,1,2008,2,8,0,-1,-1," -1",-1,201900050101,4,"LISZT FRANTZ(RUELLE)",0,NULL,-1,1,0,1,0,0,1,NULL,NULL,1,0,-1,50
201900050101,19,9,2019,07:00:00,1,974,97407,2,1,1,3,"LISZT FRANTZ(RUELLE)"," -20,9599000","55,3204000",201900050101,138 211 925,A01,1,1,0,2,2,9,0,NULL,201900050101,138 211 926,B01,1,1,1,1,1958,9,1,8,-1,-1," -1",-1,201900050101,4,"LISZT FRANTZ(RUELLE)",0,NULL,-1,1,0,1,0,0,1,NULL,NULL,1,0,-1,50
201900050442,30,3,2019,23:25:00,5,75,75114,2,3,1,6,"RUE DE L OUEST","48,8322320","2,3128700",201900050442,138 211 299,Z01,1,1,0,1,1,1,5,NULL,201900050442,138 211 299,Z01,10,3,4,2,1959,5,8,0,-1,4,3,1,201900050442,4,"RUE DE L OUEST",0,NULL,1,1,0,1,0,0,1,NULL,NULL,1,0,1,30
201900053092,31,5,2019,12:10:00,1,13,13004,2,1,7,5,"AV VICTOR HUGO","43,6748800","4,6333800",201900053092,138 206 206,B01,2,1,0,2,7,19,0,NULL,201900053092,138 206 205,C01,1,1,1,1,1978,4,1,0,-1,0,0,-1,201900053092,4,"AV VICTOR HUGO",0,NULL,2,1,0,1,0,0,1,NULL,NULL,1,0,1,50
201900053092,31,5,2019,12:10:00,1,13,13004,2,1,7,5,"AV VICTOR HUGO","43,6748800","4,6333800",201900053092,138 206 206,B01,2,1,0,2,7,19,0,NULL,201900053092,138 206 206,B01,1,1,4,1,1971,0,8,0,-1,0,0,-1,201900053092,4,"AV VICTOR HUGO",0,NULL,2,1,0,1,0,0,1,NULL,NULL,1,0,1,50
201900053092,31,5,2019,12:10:00,1,13,13004,2,1,7,5,"AV VICTOR HUGO","43,6748800","4,6333800",201900053092,138 206 206,B01,2,1,0,2,7,19,0,NULL,201900053092,138 206 207,A01,1,1,1,1,1939,0,1,0,-1,0,0,-1,201900053092,4,"AV VICTOR HUGO",0,NULL,2,1,0,1,0,0,1,NULL,NULL,1,0,1,50
201900054164,19,8,2019,13:10:00,1,56,56121,2,1,1,2,"Av du Général de Gaulle","47,7397100"," -3,3781200",201900054164,138 204 187,B01,1,1,0,2,6,1,5,NULL,201900054164,138 204 187,B01,1,1,4,2,1966,1,2,0,-1,0,0,-1,201900054164,4,"DE GAULLE (AVDU GAL)",0,NULL,2,2,0,1,(1),(1),1,NULL,NULL,1,0,1,50
201900054286,30,3,2019,14:35:00,1,59,59611,1,1,1,3,"2 Chemin de la Vierge","50,6786020","2,9766600",201900054286,138 203 970,B01,0,1,0,2,8,1,6,NULL,201900054286,138 203 970,B01,1,1,3,1,1965,5,0,-1,-1,0,0,-1,201900054286,4,NULL,0,NULL,2,2,0,1,(1),(1),2,NULL,NULL,1,0,1,50
201900054286,30,3,2019,14:35:00,1,59,59611,1,1,1,3,"2 Chemin de la Vierge","50,6786020","2,9766600",201900054286,138 203 970,B01,0,1,0,2,8,1,6,NULL,201900054286,138 203 971,A01,1,1,1,1,1988,0,1,-1,-1,0,0,-1,201900054286,4,NULL,0,NULL,2,2,0,1,(1),(1),2,NULL,NULL,1,0,1,50
201900054575,6,5,2019,12:40:00,1,35,35210,2,6,1,3,"Boulevard P Dumaine de la Josserie","48,1484710"," -1,7628330",201900054575,138 203 475,B01,3,1,0,2,1,1,5,NULL,201900054575,138 203 475,B01,1,1,4,1,1994,5,2,-1,-1,0,0,-1,201900054575,4,NULL,NULL,NULL,2,2,1,1,(1),(1),1,NULL,NULL,1,0,1,50
201900054575,6,5,2019,12:40:00,1,35,35210,2,6,1,3,"Boulevard P Dumaine de la Josserie","48,1484710"," -1,7628330",201900054575,138 203 475,B01,3,1,0,2,1,1,5,NULL,201900054575,138 203 476,A01,1,1,1,1,1969,5,1,-1,-1,0,0,-1,201900054575,4,NULL,NULL,NULL,2,2,1,1,(1),(1),1,NULL,NULL,1,0,1,50
201900054575,6,5,2019,12:40:00,1,35,35210,2,6,1,3,"Boulevard P Dumaine de la Josserie","48,1484710"," -1,7628330",201900054575,138 203 475,B01,3,1,0,2,1,1,5,NULL,201900054575,138 203 476,A01,2,2,1,2,1998,5,1,-1,-1,0,0,-1,201900054575,4,NULL,NULL,NULL,2,2,1,1,(1),(1),1,NULL,NULL,1,0,1,50
201900057073,7,7,2019,11:00:00,1,49,49099,2,1,1,2,"BOIS LAVAU (BOULEVARD DES)","47,0758200"," -0,8880600",201900057073,138 198 832,B01,1,1,0,2,4,1,5,NULL,201900057073,138 198 832,B01,1,1,3,1,1955,5,2,8,-1,-1,0,-1,201900057073,7,"BOIS LAVAU (BOULEVARD DES)",0,NULL,3,4,0,2,0,0,1,NULL,NULL,1,0,1,70
201900057400,18,4,2019,17:10:00,1,84,84003,2,3,1,3,"Avenue Philippe de Girard","43,8764690","5,3924340",201900057400,138 198 304,A01,2,1,0,2,1,17,5,NULL,201900057400,138 198 278,B01,1,1,1,1,1973,1,1,-1,-1,0,0,-1,201900057400,3,943,NULL,NULL,2,2,0,1,(1),20,1,NULL,NULL,1,0,1,50
201900057400,18,4,2019,17:10:00,1,84,84003,2,3,1,3,"Avenue Philippe de Girard","43,8764690","5,3924340",201900057400,138 198 304,A01,2,1,0,2,1,17,5,NULL,201900057400,138 198 304,A01,1,1,4,1,1979,5,2,-1,-1,0,0,-1,201900057400,3,943,NULL,NULL,2,2,0,1,(1),20,1,NULL,NULL,1,0,1,50
201900057969,20,9,2019,17:35:00,1,75,75115,2,2,1,3,"AVENUE ALBERT BARTHOLOME","48,8289399","2,2941148",201900057969,138 197 234,B01,2,1,0,2,7,1,5,NULL,201900057969,138 197 202,A01,1,1,1,2,1985,0,1,0,-1,0,0,-1,201900057969,4,"AVENUE ALBERT BARTHOLOME",0,NULL,2,2,0,1,0,0,1,NULL,NULL,1,0,1,50
201900057969,20,9,2019,17:35:00,1,75,75115,2,2,1,3,"AVENUE ALBERT BARTHOLOME","48,8289399","2,2941148",201900057969,138 197 234,B01,2,1,0,2,7,1,5,NULL,201900057969,138 197 234,B01,1,1,4,1,1948,0,8,2,-1,0,0,-1,201900057969,4,"AVENUE ALBERT BARTHOLOME",0,NULL,2,2,0,1,0,0,1,NULL,NULL,1,0,1,50
201900008778,8,8,2019,16:35:00,1,67,67482,2,1,1,2,"AUBERGE DE JEUNESSE (RUE DE L )","48,5745400","7,7180400",201900008778,138 290 089,B01,2,1,0,2,1,1,5,NULL,201900008778,138 290 089,B01,1,1,4,2,1974,1,8,0,-1,-1,0,-1,201900008778,4,"AUBERGE DE JEUNESSE (RUE DE L )",0,NULL,1,1,1,1,0,0,1,NULL,NULL,1,2,1,20
201900008778,8,8,2019,16:35:00,1,67,67482,2,1,1,2,"AUBERGE DE JEUNESSE (RUE DE L )","48,5745400","7,7180400",201900008778,138 290 089,B01,2,1,0,2,1,1,5,NULL,201900008778,138 290 090,A01,1,1,1,1,1946,5,1,8,-1,-1,0,-1,201900008778,4,"AUBERGE DE JEUNESSE (RUE DE L )",0,NULL,1,1,1,1,0,0,1,NULL,NULL,1,2,1,20
201900009328,2,12,2019,18:00:00,5,6,06069,2,3,1,3,"CHENES (CHEMIN DES)","43,6408320","6,9171780",201900009328,138 289 051,B01,1,1,0,2,1,1,5,NULL,201900009328,138 289 051,B01,1,1,4,1,2002,0,8,0,-1,0,0,-1,201900009328,4,"CHENES (CHEMIN DES)",0,NULL,2,2,0,2,0,0,1,NULL,NULL,1,0,1,50
201900009328,2,12,2019,18:00:00,5,6,06069,2,3,1,3,"CHENES (CHEMIN DES)","43,6408320","6,9171780",201900009328,138 289 051,B01,1,1,0,2,1,1,5,NULL,201900009328,138 289 052,A01,1,1,1,1,1973,0,1,0,-1,0,0,-1,201900009328,4,"CHENES (CHEMIN DES)",0,NULL,2,2,0,2,0,0,1,NULL,NULL,1,0,1,50
201900010336,19,6,2019,09:15:00,1,83,83035,1,1,1,2,NULL,"43,2028100","5,7757450",201900010336,138 287 228,A01,2,1,0,0,4,2,5,NULL,201900010336,138 287 228,A01,1,1,3,1,1979,5,2,-1,-1,0,0,-1,201900010336,3,66,0,D,2,2,0,1,0,800,1,NULL,NULL,1,0,1,80
201900010336,19,6,2019,09:15:00,1,83,83035,1,1,1,2,NULL,"43,2028100","5,7757450",201900010336,138 287 228,A01,2,1,0,0,4,2,5,NULL,201900010336,138 287 229,B01,1,1,1,1,1941,5,1,-1,-1,0,0,-1,201900010336,3,66,0,D,2,2,0,1,0,800,1,NULL,NULL,1,0,1,80
201900011724,15,3,2019,08:30:00,1,67,67482,2,1,3,3,"ALFRED KASTLER (RUE)","48,5734600","7,7709600",201900011724,138 284 647,B01,2,1,0,0,0,0,5,NULL,201900011724,138 284 647,B01,1,1,4,2,1967,0,8,0,-1,-1,0,-1,201900011724,4,"ALFRED KASTLER (RUE)",0,NULL,3,4,0,3,0,0,1,NULL,NULL,2,2,1,50
201900011724,15,3,2019,08:30:00,1,67,67482,2,1,3,3,"ALFRED KASTLER (RUE)","48,5734600","7,7709600",201900011724,138 284 647,B01,2,1,0,0,0,0,5,NULL,201900011724,138 284 648,A01,1,1,1,2,1997,1,1,8,-1,-1,0,-1,201900011724,4,"ALFRED KASTLER (RUE)",0,NULL,3,4,0,3,0,0,1,NULL,NULL,2,2,1,50
201900015566,14,10,2019,13:45:00,1,67,67365,2,1,1,3,"MULHOUSE (RUE DE)","48,5385400","7,7138600",201900015566,138 277 371,B01,2,1,0,2,1,1,5,NULL,201900015566,138 277 371,B01,1,1,4,2,1966,0,8,0,-1,-1,0,-1,201900015566,4,"MULHOUSE (RUE DE)",0,NULL,2,2,1,1,0,0,2,NULL,NULL,1,0,1,30
201900015566,14,10,2019,13:45:00,1,67,67365,2,1,1,3,"MULHOUSE (RUE DE)","48,5385400","7,7138600",201900015566,138 277 371,B01,2,1,0,2,1,1,5,NULL,201900015566,138 277 372,A01,1,1,1,2,1990,0,1,8,-1,-1,0,-1,201900015566,4,"MULHOUSE (RUE DE)",0,NULL,2,2,1,1,0,0,2,NULL,NULL,1,0,1,30
201900017118,12,9,2019,09:40:00,1,75,75107,2,3,1,3,"AVENUE BOSQUET","48,8598198","2,3028583",201900017118,138 274 410,A01,2,1,0,2,1,5,5,NULL,201900017118,138 274 410,A01,1,1,4,2,1983,0,8,2,-1,0,0,-1,201900017118,4,"AVENUE BOSQUET",0,NULL,1,3,-1,1,0,0,1,NULL,NULL,1,0,1,30
201900017118,12,9,2019,09:40:00,1,75,75107,2,3,1,3,"AVENUE BOSQUET","48,8598198","2,3028583",201900017118,138 274 410,A01,2,1,0,2,1,5,5,NULL,201900017118,138 274 411,B01,1,1,1,1,1929,0,1,0,-1,0,0,-1,201900017118,4,"AVENUE BOSQUET",0,NULL,1,3,-1,1,0,0,1,NULL,NULL,1,0,1,30
201900020566,25,12,2019,18:00:00,2,31,31410,1,1,1,6,"30 Chemin de la Serre","43,7111720","1,4481070",201900020566,138 267 948,A01,3,1,0,1,1,2,5,NULL,201900020566,138 267 948,A01,1,1,1,1,1987,5,2,6,-1,0,0,-1,201900020566,4,NULL,NULL,NULL,2,2,0,1,(1),(1),1,NULL,NULL,1,0,1,50
201900020566,25,12,2019,18:00:00,2,31,31410,1,1,1,6,"30 Chemin de la Serre","43,7111720","1,4481070",201900020566,138 267 948,A01,3,1,0,1,1,2,5,NULL,201900020566,138 267 948,A01,10,3,4,2,1948,5,0,-1,-1,1,1,3,201900020566,4,NULL,NULL,NULL,2,2,0,1,(1),(1),1,NULL,NULL,1,0,1,50
201900021282,17,4,2019,10:55:00,1,75,75105,2,3,1,2,"RUE GEOFFROY SAINT HILAIRE","48,8436620","2,3550050",201900021282,138 266 591,B01,1,1,0,0,1,1,5,NULL,201900021282,138 266 590,A01,1,1,1,1,1974,4,1,0,-1,0,0,-1,201900021282,4,"RUE GEOFFROY SAINT HILAIRE",0,NULL,2,2,0,1,0,0,1,NULL,NULL,1,0,1,50
201900021282,17,4,2019,10:55:00,1,75,75105,2,3,1,2,"RUE GEOFFROY SAINT HILAIRE","48,8436620","2,3550050",201900021282,138 266 591,B01,1,1,0,0,1,1,5,NULL,201900021282,138 266 591,B01,1,1,4,2,1989,1,2,0,-1,0,0,-1,201900021282,4,"RUE GEOFFROY SAINT HILAIRE",0,NULL,2,2,0,1,0,0,1,NULL,NULL,1,0,1,50
201900025390,5,3,2019,13:00:00,1,27,27229,2,1,1,6,"POLITZER (RUE GEORGES)","49,0073368","1,1511789",201900025390,138 258 571,B01,0,1,0,0,5,1,5,NULL,201900025390,138 258 571,B01,1,1,4,1,1963,0,2,5,-1,-1,0,-1,201900025390,4,"POLITZER (RUE GEORGES)",0,NULL,4,2,0,1,0,0,1,NULL,NULL,1,0,1,50
201900025390,5,3,2019,13:00:00,1,27,27229,2,1,1,6,"POLITZER (RUE GEORGES)","49,0073368","1,1511789",201900025390,138 258 571,B01,0,1,0,0,5,1,5,NULL,201900025390,138 258 572,A01,1,1,1,1,1949,0,1,5,-1,-1,0,-1,201900025390,4,"POLITZER (RUE GEORGES)",0,NULL,4,2,0,1,0,0,1,NULL,NULL,1,0,1,50
201900028133,7,9,2019,16:03:00,1,58,58086,2,1,1,3,"Avenue du 85e de Ligne","47,3933420","2,9227570",201900028133,138 253 415,A01,3,1,0,2,1,26,0,NULL,201900028133,138 253 414,B01,1,1,1,1,1979,5,8,-1,-1,0,0,-1,201900028133,3,955,0,NULL,2,2,0,2,(1),(1),1,NULL,NULL,1,0,3,50
201900028133,7,9,2019,16:03:00,1,58,58086,2,1,1,3,"Avenue du 85e de Ligne","47,3933420","2,9227570",201900028133,138 253 415,A01,3,1,0,2,1,26,0,NULL,201900028133,138 253 415,A01,1,1,4,1,2001,5,0,-1,-1,0,0,-1,201900028133,3,955,0,NULL,2,2,0,2,(1),(1),1,NULL,NULL,1,0,3,50