Num_Acc,jour,mois,an,hrmn,lum,dep,com,agg,int,atm,col,adr,lat,long,Num_Acc,id_vehicule,num_veh,senc,catv,obs,obsm,choc,manv,motor,occutc,Num_Acc,id_vehicule,num_veh,place,catu,grav,sexe,an_nais,trajet,secu1,secu2,secu3,locp,actp,etatp,Num_Acc,catr,voie,v1,v2,circ,nbv,vosp,prof,pr,pr1,plan,lartpc,larrout,surf,infra,situ,vma
201900030756,21,7,2019,09:45:00,1,974,97413,1,3,1,3,"RN 1 A"," -21,2322550","55,2973790",201900030756,138 248 502,B01,2,1,0,2,1,2,5,NULL,201900030756,138 248 502,B01,1,1,3,1,1952,5,2,-1,-1,0,0,-1,201900030756,2,1,0,A,2,2,1,1,60,700,1,NULL,NULL,1,0,5,80
201900030756,21,7,2019,09:45:00,1,974,97413,1,3,1,3,"RN 1 A"," -21,2322550","55,2973790",201900030756,138 248 502,B01,2,1,0,2,1,2,5,NULL,201900030756,138 248 503,A01,1,1,1,1,1961,5,1,-1,-1,0,0,-1,201900030756,2,1,0,A,2,2,1,1,60,700,1,NULL,NULL,1,0,5,80
201900031999,30,8,2019,14:05:00,1,67,67365,2,3,7,3,"ETTORE BUGATTI (RUE)","48,5377440","7,6952210",201900031999,138 246 189,B01,2,1,0,2,8,0,0,NULL,201900031999,138 246 188,A01,1,1,1,1,1994,5,1,8,-1,-1,0,-1,201900031999,4,"ETTORE BUGATTI (RUE)",0,NULL,2,2,1,1,0,0,2,NULL,NULL,1,5,1,50
201900031999,30,8,2019,14:05:00,1,67,67365,2,3,7,3,"ETTORE BUGATTI (RUE)","48,5377440","7,6952210",201900031999,138 246 189,B01,2,1,0,2,8,0,0,NULL,201900031999,138 246 189,B01,1,1,4,1,1995,1,8,0,-1,-1,0,-1,201900031999,4,"ETTORE BUGATTI (RUE)",0,NULL,2,2,1,1,0,0,2,NULL,NULL,1,5,1,50
201900032421,2,4,2019,17:30:00,1,33,33522,2,1,1,6,"CRS DE LA LIBERATION","44,8120400"," -0,5908000",201900032421,138 245 353,B01,2,1,1,0,1,1,5,NULL,201900032421,138 245 353,B01,1,1,4,1,1984,0,8,0,-1,-1," -1",-1,201900032421,4,"CRS DE LA LIBERATION",0,NULL,3,4,2,1,0,0,1,NULL,NULL,1,0,1,30
201900032421,2,4,2019,17:30:00,1,33,33522,2,1,1,6,"CRS DE LA LIBERATION","44,8120400"," -0,5908000",201900032421,138 245 353,B01,2,1,1,0,1,1,5,NULL,201900032421,138 245 354,A01,1,1,1,2,1978,0,8,0,-1,-1," -1",-1,201900032421,4,"CRS DE LA LIBERATION",0,NULL,3,4,2,1,0,0,1,NULL,NULL,1,0,1,30
201900032699,25,5,2019,19:05:00,1,27,27229,2,1,1,3,"ROUSSEAU (RUE JEAN JACQUES)","49,0066600","1,1576600",201900032699,138 244 802,B01,0,1,0,2,1,1,5,NULL,201900032699,138 244 801,A01,1,1,1,2,1999,0,1,5,-1,0,0,-1,201900032699,4,"ROUSSEAU (RUE JEAN JACQUES)",0,NULL,1,2,0,1,0,0,1,NULL,NULL,1,0,1,50
201900032699,25,5,2019,19:05:00,1,27,27229,2,1,1,3,"ROUSSEAU (RUE JEAN JACQUES)","49,0066600","1,1576600",201900032699,138 244 802,B01,0,1,0,2,1,1,5,NULL,201900032699,138 244 802,B01,1,1,4,1,2012,0,8,0,-1,0,0,-1,201900032699,4,"ROUSSEAU (RUE JEAN JACQUES)",0,NULL,1,2,0,1,0,0,1,NULL,NULL,1,0,1,50
201900034623,11,5,2019,15:27:00,1,10,10387,2,2,2,6,"MARECHAL FOCH (RUE DU)","48,2968000","4,0755000",201900034623,138 241 105,B01,1,1,0,2,4,15,5,NULL,201900034623,138 241 105,B01,1,1,4,1,1994,9,2,4,-1,-1,0,-1,201900034623,4,"MARECHAL FOCH (RUE DU)",0,NULL,2,3,0,1,0,0,1,NULL,NULL,2,0,1,50
201900036727,31,10,2019,10:10:00,1,77,77186,2,3,8,3,"RUES SAINT MERRY / LA CLOCHE","48,4083830","2,6984595",201900036727,138 237 039,B01,1,1,0,2,7,26,5,NULL,201900036727,138 237 039,B01,1,1,1,1,1939,5,8,0,-1,-1,0,-1,201900036727,4,"SAINT MERRY (RUE)",0,NULL,2,1,1,1,0,0,1,NULL,NULL,2,5,1,50
201900036727,31,10,2019,10:10:00,1,77,77186,2,3,8,3,"RUES SAINT MERRY / LA CLOCHE","48,4083830","2,6984595",201900036727,138 237 039,B01,1,1,0,2,7,26,5,NULL,201900036727,138 237 040,A01,1,1,4,2,1951,5,1,0,-1,-1,0,-1,201900036727,4,"SAINT MERRY (RUE)",0,NULL,2,1,1,1,0,0,1,NULL,NULL,2,5,1,50
201900037880,20,7,2019,20:40:00,2,69,69382,2,2,2,3,"DELANDINE                           (R )","45,7478500","4,8281700",201900037880,138 234 798,B01,3,1,0,2,7,1,5,NULL,201900037880,138 234 798,B01,1,1,4,2,1991,0,8,0,-1,-1," -1",-1,201900037880,4,"DELANDINE                           (R )",0,NULL,1,3,1,1,0,1,1,NULL,NULL,2,1,1,50
201900037880,20,7,2019,20:40:00,2,69,69382,2,2,2,3,"DELANDINE                           (R )","45,7478500","4,8281700",201900037880,138 234 798,B01,3,1,0,2,7,1,5,NULL,201900037880,138 234 799,A01,1,1,1,1,1987,0,1,0,-1,-1,0,-1,201900037880,4,"DELANDINE                           (R )",0,NULL,1,3,1,1,0,1,1,NULL,NULL,2,1,1,50
201900040160,4,5,2019,11:25:00,1,75,75104,2,1,2,1,"QUAI AUX FLEURS","48,8535010","2,3520410",201900040160,138 230 612,A01,2,1,0,2,1,5,5,NULL,201900040160,138 230 611,B01,1,1,1,2,1967,5,1,0,-1,0,0,-1,201900040160,4,"QUAI AUX FLEURS",0,NULL,1,2,0,1,0,0,2,NULL,NULL,2,0,1,50
201900040160,4,5,2019,11:25:00,1,75,75104,2,1,2,1,"QUAI AUX FLEURS","48,8535010","2,3520410",201900040160,138 230 612,A01,2,1,0,2,1,5,5,NULL,201900040160,138 230 612,A01,1,1,4,1,1988,4,2,0,-1,0,0,-1,201900040160,4,"QUAI AUX FLEURS",0,NULL,1,2,0,1,0,0,2,NULL,NULL,2,0,1,50
201900042330,5,11,2019,08:24:00,1,49,49007,2,1,2,3,LIZE,"47,4905500"," -0,5647400",201900042330,138 226 543,B01,1,1,0,2,1,1,5,NULL,201900042330,138 226 543,B01,1,1,4,2,1987,0,2,0,-1,-1,0,-1,201900042330,4,LIZE,0,NULL,-1,2,0,1,0,0,1,NULL,NULL,2,0,1,50
201900042330,5,11,2019,08:24:00,1,49,49007,2,1,2,3,LIZE,"47,4905500"," -0,5647400",201900042330,138 226 543,B01,1,1,0,2,1,1,5,NULL,201900042330,138 226 544,A01,1,1,1,2,1993,0,1,8,-1,-1,0,-1,201900042330,4,LIZE,0,NULL,-1,2,0,1,0,0,1,NULL,NULL,2,0,1,50
201900043471,17,7,2019,11:00:00,1,17,17161,1,6,1,3,"RD 735","46,1796120"," -1,3334400",201900043471,138 224 432,B01,2,1,0,0,1,1,5,NULL,201900043471,138 224 432,B01,1,1,4,1,2009,5,2,-1,-1,0,0,-1,201900043471,3,735,NULL,NULL,2,2,0,1,11,10,1,NULL,NULL,1,0,1,80
201900043471,17,7,2019,11:00:00,1,17,17161,1,6,1,3,"RD 735","46,1796120"," -1,3334400",201900043471,138 224 432,B01,2,1,0,0,1,1,5,NULL,201900043471,138 224 433,A01,1,1,1,2,1939,5,1,-1,-1,0,0,-1,201900043471,3,735,NULL,NULL,2,2,0,1,11,10,1,NULL,NULL,1,0,1,80
201900044899,31,8,2019,18:55:00,1,33,33268,2,3,7,3,D2,"45,0408240"," -0,6742550",201900044899,138 221 697,A01,1,1,0,2,1,15,5,NULL,201900044899,138 221 696,B01,1,1,1,1,1977,5,8,-1,-1,0,0,-1,201900044899,3,2,NULL,NULL,2,2,0,2,65,435,3,NULL,NULL,1,0,1,50
201900044899,31,8,2019,18:55:00,1,33,33268,2,3,7,3,D2,"45,0408240"," -0,6742550",201900044899,138 221 697,A01,1,1,0,2,1,15,5,NULL,201900044899,138 221 697,A01,1,1,4,2,1950,3,8,-1,-1,0,0,-1,201900044899,3,2,NULL,NULL,2,2,0,2,65,435,3,NULL,NULL,1,0,1,50
201900052323,11,7,2019,16:58:00,1,87,87085,2,1,1,6,"PERRIN (RUE FRANCOIS)","45,8247700","1,2288200",201900052323,138 207 714,B01,2,1,1,0,1,1,5,NULL,201900052323,138 207 714,B01,1,1,4,1,1999,5,2,0,-1,0,0,-1,201900052323,4,"PERRIN (RUE FRANCOIS)",0,NULL,2,2,0,1,0,0,1,NULL,NULL,1,0,1,50
201900052323,11,7,2019,16:58:00,1,87,87085,2,1,1,6,"PERRIN (RUE FRANCOIS)","45,8247700","1,2288200",201900052323,138 207 714,B01,2,1,1,0,1,1,5,NULL,201900052323,138 207 715,A01,1,1,1,1,1945,5,1,0,-1,0,0,-1,201900052323,4,"PERRIN (RUE FRANCOIS)",0,NULL,2,2,0,1,0,0,1,NULL,NULL,1,0,1,50
201900052586,5,12,2019,15:40:00,1,92,92012,2,1,1,6,"REPUBLIQUE (BOULEVARD DE LA) 79/FIN - 76","48,8331700","2,2456430",201900052586,138 207 168,B01,3,1,1,0,1,2,5,NULL,201900052586,138 207 168,B01,1,1,4,2,1972,0,8,0,-1,-1,0,-1,201900052586,3,50,0,NULL,2,2,0,1,0,0,1,NULL,NULL,1,0,1,50
201900052586,5,12,2019,15:40:00,1,92,92012,2,1,1,6,"REPUBLIQUE (BOULEVARD DE LA) 79/FIN - 76","48,8331700","2,2456430",201900052586,138 207 168,B01,3,1,1,0,1,2,5,NULL,201900052586,138 207 169,A01,1,1,1,1,1964,4,8,0,-1,-1,0,-1,201900052586,3,50,0,NULL,2,2,0,1,0,0,1,NULL,NULL,1,0,1,50
201900052588,15,10,2019,19:00:00,2,84,84037,2,3,1,3,"27 Avenue General de Gaulle","44,0584980","4,8345110",201900052588,138 207 164,B01,3,1,0,2,1,1,5,NULL,201900052588,138 207 164,B01,1,1,4,1,1961,5,2,-1,-1,0,0,-1,201900052588,3,92,NULL,NULL,2,2,0,2,(1),(1),1,NULL,NULL,1,0,1,30
201900052588,15,10,2019,19:00:00,2,84,84037,2,3,1,3,"27 Avenue General de Gaulle","44,0584980","4,8345110",201900052588,138 207 164,B01,3,1,0,2,1,1,5,NULL,201900052588,138 207 165,A01,1,1,1,1,1965,1,1,-1,-1,0,0,-1,201900052588,3,92,NULL,NULL,2,2,0,2,(1),(1),1,NULL,NULL,1,0,1,30
201900055397,3,1,2019,17:50:00,5,92,92063,2,1,1,6,"ESTIENNE D'ORVES (RUE D')","48,8868500","2,1795900",201900055397,138 201 916,B01,2,1,1,0,1,1,5,NULL,201900055397,138 201 915,A01,1,1,1,2,1990,1,1,8,-1,-1,0,-1,201900055397,4,"ESTIENNE D'ORVES (RUE D')",0,NULL,2,2,0,1,0,0,1,NULL,NULL,1,6,2,50
201900055397,3,1,2019,17:50:00,5,92,92063,2,1,1,6,"ESTIENNE D'ORVES (RUE D')","48,8868500","2,1795900",201900055397,138 201 916,B01,2,1,1,0,1,1,5,NULL,201900055397,138 201 916,B01,1,1,4,1,1980,1,8,0,-1,-1,0,-1,201900055397,4,"ESTIENNE D'ORVES (RUE D')",0,NULL,2,2,0,1,0,0,1,NULL,NULL,1,6,2,50
201900056407,14,2,2019,14:20:00,1,57,57463,2,1,1,2,"TREVES (BOULEVARD DE )","49,1229600","6,1877700",201900056407,138 200 078,B01,3,1,0,2,1,1,0,NULL,201900056407,138 200 078,B01,1,1,4,1,1954,5,2,8,-1,-1,0,-1,201900056407,4,"TREVES (BOULEVARD DE )",0,NULL,2,3,1,1,0,0,3,NULL,NULL,1,0,1,50
201900056407,14,2,2019,14:20:00,1,57,57463,2,1,1,2,"TREVES (BOULEVARD DE )","49,1229600","6,1877700",201900056407,138 200 078,B01,3,1,0,2,1,1,0,NULL,201900056407,138 200 079,A01,1,1,1,1,1960,4,1,0,-1,-1,0,-1,201900056407,4,"TREVES (BOULEVARD DE )",0,NULL,2,3,1,1,0,0,3,NULL,NULL,1,0,1,50
201900009662,23,3,2019,15:50:00,1,92,92050,2,1,1,6,"PICASSO PABLO AVENUE","48,8902860","2,2182450",201900009662,138 288 440,B01,1,1,1,0,1,1,5,NULL,201900009662,138 288 440,B01,1,1,4,1,1988,5,2,8,-1,-1,0,-1,201900009662,4,"PICASSO PABLO AVENUE",0,NULL,2,2,1,2,0,0,1,NULL,NULL,1,0,1,50
201900009662,23,3,2019,15:50:00,1,92,92050,2,1,1,6,"PICASSO PABLO AVENUE","48,8902860","2,2182450",201900009662,138 288 440,B01,1,1,1,0,1,1,5,NULL,201900009662,138 288 441,A01,1,1,1,2,1970,3,1,0,-1,-1,0,-1,201900009662,4,"PICASSO PABLO AVENUE",0,NULL,2,2,1,2,0,0,1,NULL,NULL,1,0,1,50
201900009785,24,3,2019,15:30:00,1,54,54049,1,1,1,2,"Route de Baslieux","49,4431620","5,7355890",201900009785,138 288 221,A01,3,1,0,0,4,1,5,NULL,201900009785,138 288 221,A01,1,1,4,1,2004,5,2,-1,-1,0,0,-1,201900009785,4,5,0,C,2,2,0,1,(1),(1),2,NULL,NULL,1,0,1,80
201900011941,17,10,2019,07:50:00,5,34,34172,2,1,1,1,"FONT CARRADE (RUE DE)","43,6080300","3,8542700",201900011941,138 284 240,B01,2,1,0,2,0,26,5,NULL,201900011941,138 284 240,B01,1,1,4,1,2006,2,8,0,-1,0,0,-1,201900011941,4,"FONT CARRADE (RUE DE)",0,NULL,2,2,0,1,(1),(1),1,NULL,NULL,1,0,2,50
201900012360,6,8,2019,11:10:00,1,66,66037,2,1,1,3,"avenue jean moulin","42,7052000","3,0060950",201900012360,138 283 493,B01,0,1,0,2,0,2,6,NULL,201900012360,138 283 493,B01,1,1,3,1,1934,5,0,-1,-1,0,0,-1,201900012360,4,NULL,NULL,NULL,1,1,1,1,(1),(1),1,NULL,NULL,1,5,5,50
201900012360,6,8,2019,11:10:00,1,66,66037,2,1,1,3,"avenue jean moulin","42,7052000","3,0060950",201900012360,138 283 493,B01,0,1,0,2,0,2,6,NULL,201900012360,138 283 494,A01,1,1,1,1,1958,0,1,-1,-1,0,0,-1,201900012360,4,NULL,NULL,NULL,1,1,1,1,(1),(1),1,NULL,NULL,1,5,5,50
201900017835,2,8,2019,09:39:00,1,35,35238,2,6,1,2,"SAINT-BRIEUC (DE)","48,1177400"," -1,7140600",201900017835,138 273 067,B01,1,1,0,2,5,9,5,NULL,201900017835,138 273 066,A01,1,1,1,2,1982,1,1,8,-1,-1,0,-1,201900017835,2,1012,0,NULL,-1,2,1,1,63,0,1,NULL,NULL,1,5,1,50
201900017835,2,8,2019,09:39:00,1,35,35238,2,6,1,2,"SAINT-BRIEUC (DE)","48,1177400"," -1,7140600",201900017835,138 273 067,B01,1,1,0,2,5,9,5,NULL,201900017835,138 273 067,B01,2,1,4,2,1996,5,8,0,-1,-1,0,-1,201900017835,2,1012,0,NULL,-1,2,1,1,63,0,1,NULL,NULL,1,5,1,50
201900018155,2,5,2019,07:45:00,1,69,69386,2,1,1,3,"JULIETTE RECAMIER                   (R )","45,7658739","4,8557049",201900018155,138 272 455,B01,1,1,1,0,7,3,5,NULL,201900018155,138 272 455,B01,1,1,4,1,1977,1,2,0,-1,0,0,-1,201900018155,4,"JULIETTE RECAMIER                   (R )",0,NULL,1,3,0,1,0,0,1,NULL,NULL,1,0,1,50
201900018155,2,5,2019,07:45:00,1,69,69386,2,1,1,3,"JULIETTE RECAMIER                   (R )","45,7658739","4,8557049",201900018155,138 272 455,B01,1,1,1,0,7,3,5,NULL,201900018155,138 272 456,A01,1,1,1,1,1996,4,8,0,-1,-1," -1",-1,201900018155,4,"JULIETTE RECAMIER                   (R )",0,NULL,1,3,0,1,0,0,1,NULL,NULL,1,0,1,50
201900019174,9,10,2019,18:06:00,1,69,69290,2,3,1,4,"JULES VERNE                         (R )","45,7012200","4,9794500",201900019174,138 270 586,A01,1,1,0,2,1,15,5,NULL,201900019174,138 270 585,B01,1,1,1,2,1982,5,1,0,-1,-1," -1",-1,201900019174,4,"JULES VERNE                         (R )",0,NULL,1,1,0,1,0,0,1,NULL,NULL,1,0,1,50
201900019174,9,10,2019,18:06:00,1,69,69290,2,3,1,4,"JULES VERNE                         (R )","45,7012200","4,9794500",201900019174,138 270 586,A01,1,1,0,2,1,15,5,NULL,201900019174,138 270 586,A01,1,1,3,1,2007,5,2,0,-1,-1," -1",-1,201900019174,4,"JULES VERNE                         (R )",0,NULL,1,1,0,1,0,0,1,NULL,NULL,1,0,1,50
201900019174,9,10,2019,18:06:00,1,69,69290,2,3,1,4,"JULES VERNE                         (R )","45,7012200","4,9794500",201900019174,138 270 586,A01,1,1,0,2,1,15,5,NULL,201900019174,138 270 587,C01,1,1,1,1,1973,5,1,0,-1,-1," -1",-1,201900019174,4,"JULES VERNE                         (R )",0,NULL,1,1,0,1,0,0,1,NULL,NULL,1,0,1,50
201900022938,26,2,2019,18:05:00,1,29,29076,2,6,1,3,"rond point de ty colo","48,4284810"," -4,5991420",201900022938,138 263 442,B01,1,1,0,2,6,18,0,NULL,201900022938,138 263 442,B01,1,1,4,1,1983,1,2,6,-1,0,0,-1,201900022938,3,67,0,NULL,2,2,0,1,22,600,3,NULL,NULL,1,5,1,50
201900022938,26,2,2019,18:05:00,1,29,29076,2,6,1,3,"rond point de ty colo","48,4284810"," -4,5991420",201900022938,138 263 442,B01,1,1,0,2,6,18,0,NULL,201900022938,138 263 443,A01,1,1,1,2,1967,0,1,-1,-1,0,0,-1,201900022938,3,67,0,NULL,2,2,0,1,22,600,3,NULL,NULL,1,5,1,50
201900023282,30,7,2019,21:20:00,1,80,80021,2,1,1,3,"68, BD D'ALSACE LORRAINE ","49,8938200","2,3089000",201900023282,138 262 718,B01,0,1,0,2,0,1,5,NULL,201900023282,138 262 717,A01,1,1,1,1,1999,0,2,0,-1,0,0,-1,201900023282,4,"ALSACE LORRAINE (BOULEVARD D')",0,NULL,1,1,0,1,0,0,1,NULL,NULL,1,0,1,50
201900023282,30,7,2019,21:20:00,1,80,80021,2,1,1,3,"68, BD D'ALSACE LORRAINE ","49,8938200","2,3089000",201900023282,138 262 718,B01,0,1,0,2,0,1,5,NULL,201900023282,138 262 718,B01,1,1,4,2,2003,0,2,0,-1,0,0,-1,201900023282,4,"ALSACE LORRAINE (BOULEVARD D')",0,NULL,1,1,0,1,0,0,1,NULL,NULL,1,0,1,50
201900023683,12,3,2019,06:00:00,3,59,59357,1,1,6,2,N49,"50,2858950","3,8746640",201900023683,138 261 892,A01,2,1,0,2,4,2,5,NULL,201900023683,138 261 892,A01,1,1,3,1,1998,0,0,-1,-1,0,0,-1,201900023683,2,49,NULL,NULL,2,2,0,4,(1),(1),3,NULL,NULL,1,0,1,80
201900023683,12,3,2019,06:00:00,3,59,59357,1,1,6,2,N49,"50,2858950","3,8746640",201900023683,138 261 892,A01,2,1,0,2,4,2,5,NULL,201900023683,138 261 893,B01,1,1,1,1,1980,1,1,-1,-1,0,0,-1,201900023683,2,49,NULL,NULL,2,2,0,4,(1),(1),3,NULL,NULL,1,0,1,80
201900025784,21,12,2019,11:55:00,1,29,29019,2,6,1,3,"ROUSSE EMILE","48,3830800"," -4,5275700",201900025784,138 257 777,B01,0,1,0,2,7,0,5,NULL,201900025784,138 257 776,A01,1,1,1,2,1990,5,1,0,-1,-1," -1",-1,201900025784,4,"ROUSSE EMILE",0,NULL,-1,2,0,1,0,0,1,NULL,NULL,1,0,1,50
201900025784,21,12,2019,11:55:00,1,29,29019,2,6,1,3,"ROUSSE EMILE","48,3830800"," -4,5275700",201900025784,138 257 777,B01,0,1,0,2,7,0,5,NULL,201900025784,138 257 777,B01,1,1,4,1,1970,5,2,0,-1,-1," -1",-1,201900025784,4,"ROUSSE EMILE",0,NULL,-1,2,0,1,0,0,1,NULL,NULL,1,0,1,50
201900026657,14,4,2019,12:20:00,1,94,94018,2,1,1,3,"PARIS (R DE)","48,8241400","2,4093400",201900026657,138 256 148,B01,2,1,1,0,7,17,5,NULL,201900026657,138 256 148,B01,1,1,4,1,1974,9,8,0,-1,-1," -1",-1,201900026657,3,6,0,NULL,2,4,0,1,0,0,1,NULL,NULL,1,0,1,30
201900026657,14,4,2019,12:20:00,1,94,94018,2,1,1,3,"PARIS (R DE)","48,8241400","2,4093400",201900026657,138 256 148,B01,2,1,1,0,7,17,5,NULL,201900026657,138 256 149,A01,1,1,1,1,1985,5,8,0,-1,-1," -1",-1,201900026657,3,6,0,NULL,2,4,0,1,0,0,1,NULL,NULL,1,0,1,30
201900026657,14,4,2019,12:20:00,1,94,94018,2,1,1,3,"PARIS (R DE)","48,8241400","2,4093400",201900026657,138 256 148,B01,2,1,1,0,7,17,5,NULL,201900026657,138 256 149,A01,2,2,1,1,1985,5,1,0,-1,-1," -1",-1,201900026657,3,6,0,NULL,2,4,0,1,0,0,1,NULL,NULL,1,0,1,30
201900027331,2,5,2019,09:40:00,1,50,50218,1,1,1,7,"AVRANCHES (ROUTE D')","48,8375670"," -1,5433140",201900027331,138 254 883,A01,2,1,0,0,0,1,5,NULL,201900027331,138 254 883,A01,1,1,4,2,1958,1,2,0,-1,0,0,-1,201900027331,3,924,0,NULL,2,2,0,2,29,580,1,NULL,NULL,1,0,1,80
201900027456,5,11,2019,20:21:00,3,68,68066,1,1,1,2,CD4,"48,1082200","7,3947800",201900027456,138 254 664,B01,1,1,0,2,4,1,0,NULL,201900027456,138 254 663,A01,1,1,1,1,1959,1,8,0,-1,-1,0,-1,201900027456,3,4,0,NULL,2,2,0,1,1,0,1,NULL,NULL,1,0,1,70
201900027456,5,11,2019,20:21:00,3,68,68066,1,1,1,2,CD4,"48,1082200","7,3947800",201900027456,138 254 664,B01,1,1,0,2,4,1,0,NULL,201900027456,138 254 664,B01,1,1,4,1,1996,1,8,4,-1,-1,0,-1,201900027456,3,4,0,NULL,2,2,0,1,1,0,1,NULL,NULL,1,0,1,70
201900028811,5,3,2019,16:43:00,1,38,38053,2,1,1,3,"CHAMPFLEURI (ROND POINT DE)","45,6020800","5,2665500",201900028811,138 252 140,B01,2,1,0,2,9,18,5,NULL,201900028811,138 252 139,A01,1,1,1,1,1977,4,1,0,-1,-1," -1",-1,201900028811,3,208,0,NULL,1,1,0,1,4,100,1,NULL,NULL,1,5,1,50
201900028811,5,3,2019,16:43:00,1,38,38053,2,1,1,3,"CHAMPFLEURI (ROND POINT DE)","45,6020800","5,2665500",201900028811,138 252 140,B01,2,1,0,2,9,18,5,NULL,201900028811,138 252 140,B01,1,1,2,1,1981,1,8,0,-1,-1," -1",-1,201900028811,3,208,0,NULL,1,1,0,1,4,100,1,NULL,NULL,1,5,1,50
201900030074,4,9,2019,14:30:00,1,75,75111,2,3,1,3,"RUE DE MONTREUIL","48,8504600","2,3929370",201900030074,138 249 755,B01,2,1,0,2,1,18,5,NULL,201900030074,138 249 755,B01,1,1,4,1,1981,9,2,8,-1,0,0,-1,201900030074,4,"RUE DE MONTREUIL",0,NULL,2,2,0,2,0,0,1,NULL,NULL,1,1,1,30
201900030074,4,9,2019,14:30:00,1,75,75111,2,3,1,3,"RUE DE MONTREUIL","48,8504600","2,3929370",201900030074,138 249 755,B01,2,1,0,2,1,18,5,NULL,201900030074,138 249 756,A01,1,1,1,1,1984,0,1,0,-1,0,0,-1,201900030074,4,"RUE DE MONTREUIL",0,NULL,2,2,0,2,0,0,1,NULL,NULL,1,1,1,30
201900031155,9,11,2019,17:00:00,2,68,68162,1,2,1,3,CD1bis/CD11I/CD28,"48,1347431","7,2903820",201900031155,138 247 754,A01,2,1,0,2,2,1,5,NULL,201900031155,138 247 754,A01,1,1,4,2,1963,1,0,-1,-1,0,0,-1,201900031155,3,1,2,NULL,2,2,0,1,3,324,1,NULL,NULL,1,0,1,80
201900031155,9,11,2019,17:00:00,2,68,68162,1,2,1,3,CD1bis/CD11I/CD28,"48,1347431","7,2903820",201900031155,138 247 754,A01,2,1,0,2,2,1,5,NULL,201900031155,138 247 755,B01,1,1,1,1,1978,5,1,-1,-1,0,0,-1,201900031155,3,1,2,NULL,2,2,0,1,3,324,1,NULL,NULL,1,0,1,80
201900031789,25,6,2019,19:00:00,1,75,75118,2,1,1,4,"AVENUE DE SAINT OUEN","48,8899830","2,3264570",201900031789,138 246 604,C01,1,1,0,2,1,1,5,NULL,201900031789,138 246 604,C01,1,1,4,2,1981,1,8,0,-1,0,0,-1,201900031789,4,"AVENUE DE SAINT OUEN",0,NULL,2,4,1,2,0,0,1,NULL,NULL,1,0,5,30
201900031789,25,6,2019,19:00:00,1,75,75118,2,1,1,4,"AVENUE DE SAINT OUEN","48,8899830","2,3264570",201900031789,138 246 604,C01,1,1,0,2,1,1,5,NULL,201900031789,138 246 605,B01,1,1,1,1,1986,4,1,0,-1,0,0,-1,201900031789,4,"AVENUE DE SAINT OUEN",0,NULL,2,4,1,2,0,0,1,NULL,NULL,1,0,5,30
201900031789,25,6,2019,19:00:00,1,75,75118,2,1,1,4,"AVENUE DE SAINT OUEN","48,8899830","2,3264570",201900031789,138 246 604,C01,1,1,0,2,1,1,5,NULL,201900031789,138 246 606,A01,1,1,1,2,1975,5,1,0,-1,0,0,-1,201900031789,4,"AVENUE DE SAINT OUEN",0,NULL,2,4,1,2,0,0,1,NULL,NULL,1,0,5,30
201900032460,8,4,2019,21:36:00,5,75,75101,2,3,1,3,"AVENUE DE L OPERA","48,8665490","2,3340750",201900032460,138 245 286,B01,2,1,0,2,2,7,5,NULL,201900032460,138 245 285,A01,1,1,1,1,1977,4,1,0,-1,0,0,-1,201900032460,4,"AVENUE DE L OPERA",0,NULL,-1,6,3,1,0,0,1,NULL,NULL,1,0,6,50
201900032460,8,4,2019,21:36:00,5,75,75101,2,3,1,3,"AVENUE DE L OPERA","48,8665490","2,3340750",201900032460,138 245 286,B01,2,1,0,2,2,7,5,NULL,201900032460,138 245 286,B01,2,1,4,1,1989,0,2,0,-1,0,0,-1,201900032460,4,"AVENUE DE L OPERA",0,NULL,-1,6,3,1,0,0,1,NULL,NULL,1,0,6,50
201900033023,6,11,2019,16:02:00,1,5,05061,2,9,3,3,"SAGNIERES ( RUE DES )","44,5498300","6,0651900",201900033023,138 244 153,B01,2,1,0,2,7,19,5,NULL,201900033023,138 244 153,B01,1,1,3,1,2006,5,8,0,-1,-1,0,-1,201900033023,4,"SAGNIERES ( RUE DES )",0,NULL,2,2,0,1,0,1,1,NULL,NULL,1,9,1,50
201900033023,6,11,2019,16:02:00,1,5,05061,2,9,3,3,"SAGNIERES ( RUE DES )","44,5498300","6,0651900",201900033023,138 244 153,B01,2,1,0,2,7,19,5,NULL,201900033023,138 244 154,A01,1,1,1,1,1949,5,1,0,-1,-1,0,-1,201900033023,4,"SAGNIERES ( RUE DES )",0,NULL,2,2,0,1,0,1,1,NULL,NULL,1,9,1,50
201900038110,11,12,2019,07:45:00,5,8,08105,2,3,3,3,PINSONS,"49,7444940","4,7153980",201900038110,138 234 391,B01,0,1,0,2,1,1,5,NULL,201900038110,138 234 391,B01,1,1,3,1,1978,1,8,4,-1,0,0,-1,201900038110,4,PINSONS,0,NULL,1,2,0,1,0,0,1,NULL,NULL,2,0,1,50
201900038110,11,12,2019,07:45:00,5,8,08105,2,3,3,3,PINSONS,"49,7444940","4,7153980",201900038110,138 234 391,B01,0,1,0,2,1,1,5,NULL,201900038110,138 234 392,A01,1,1,1,1,1967,1,1,0,-1,0,0,-1,201900038110,4,PINSONS,0,NULL,1,2,0,1,0,0,1,NULL,NULL,2,0,1,50