Num_Acc,jour,mois,an,hrmn,lum,dep,com,agg,int,atm,col,adr,lat,long,Num_Acc,id_vehicule,num_veh,senc,catv,obs,obsm,choc,manv,motor,occutc,Num_Acc,id_vehicule,num_veh,place,catu,grav,sexe,an_nais,trajet,secu1,secu2,secu3,locp,actp,etatp,Num_Acc,catr,voie,v1,v2,circ,nbv,vosp,prof,pr,pr1,plan,lartpc,larrout,surf,infra,situ,vma
201900038357,2,5,2019,09:20:00,1,75,75115,2,1,2,2,"BOULEVARD DE VAUGIRARD","48,8412820","2,3173240",201900038357,138 233 982,B01,1,1,0,2,4,1,5,NULL,201900038357,138 233 982,B01,1,1,4,1,1959,1,2,0,-1,0,0,-1,201900038357,4,"BOULEVARD DE VAUGIRARD",0,NULL,1,2,0,1,0,0,1,NULL,NULL,2,8,1,50
201900038357,2,5,2019,09:20:00,1,75,75115,2,1,2,2,"BOULEVARD DE VAUGIRARD","48,8412820","2,3173240",201900038357,138 233 982,B01,1,1,0,2,4,1,5,NULL,201900038357,138 233 983,A01,1,1,1,2,1964,4,1,0,-1,0,0,-1,201900038357,4,"BOULEVARD DE VAUGIRARD",0,NULL,1,2,0,1,0,0,1,NULL,NULL,2,8,1,50
201900044240,31,10,2019,16:15:00,1,81,81105,2,1,1,3,"2 Rue Beausejour","43,7642010","1,9832570",201900044240,138 222 973,B01,3,1,0,2,1,13,5,NULL,201900044240,138 222 971,A01,1,1,1,1,1966,4,1,-1,-1,0,0,-1,201900044240,4,NULL,NULL,NULL,2,2,0,1,(1),(1),1,NULL,NULL,1,0,1,50
201900044240,31,10,2019,16:15:00,1,81,81105,2,1,1,3,"2 Rue Beausejour","43,7642010","1,9832570",201900044240,138 222 973,B01,3,1,0,2,1,13,5,NULL,201900044240,138 222 973,B01,1,1,4,2,2008,5,0,-1,-1,0,0,-1,201900044240,4,NULL,NULL,NULL,2,2,0,1,(1),(1),1,NULL,NULL,1,0,1,50
201900048191,9,1,2019,19:30:00,5,94,94042,2,1,1,3,"GENERAL GALLIENI (AV DU)","48,8200800","2,4738000",201900048191,138 215 472,B01,1,1,0,2,8,13,0,NULL,201900048191,138 215 471,A01,1,1,1,2,1959,1,1,8,-1,-1,0,-1,201900048191,3,4,0,NULL,2,2,3,1,1,0,1,NULL,NULL,1,0,1,50
201900048191,9,1,2019,19:30:00,5,94,94042,2,1,1,3,"GENERAL GALLIENI (AV DU)","48,8200800","2,4738000",201900048191,138 215 472,B01,1,1,0,2,8,13,0,NULL,201900048191,138 215 472,B01,1,1,4,1,1961,5,2,8,-1,-1,0,-1,201900048191,3,4,0,NULL,2,2,3,1,1,0,1,NULL,NULL,1,0,1,50
201900050670,24,3,2019,20:59:00,5,76,76217,2,1,1,1,"CANADIENS (AVENUE DES)  RN27","49,9083800","1,0760500",201900050670,138 210 858,B01,2,1,0,2,4,0,6,NULL,201900050670,138 210 858,B01,1,1,3,1,1942,5,2,8,-1,-1,0,-1,201900050670,2,27,0,NULL,3,4,0,2,48,880,1,NULL,NULL,1,0,1,50
201900050670,24,3,2019,20:59:00,5,76,76217,2,1,1,1,"CANADIENS (AVENUE DES)  RN27","49,9083800","1,0760500",201900050670,138 210 858,B01,2,1,0,2,4,0,6,NULL,201900050670,138 210 859,A01,1,1,1,1,1968,5,8,8,-1,-1,0,-1,201900050670,2,27,0,NULL,3,4,0,2,48,880,1,NULL,NULL,1,0,1,50
201900050678,29,3,2019,11:10:00,1,69,69282,2,6,1,3,"REPUBLIQUE (DE)                     (R )","45,7684300","4,9911600",201900050678,138 210 847,B01,3,1,0,2,4,6,0,NULL,201900050678,138 210 843,A01,1,1,1,2,1946,5,1,0,-1,0,0,-1,201900050678,4,"REPUBLIQUE (DE)                     (R )",0,NULL,3,4,2,1,0,0,1,NULL,NULL,1,0,1,50
201900050678,29,3,2019,11:10:00,1,69,69282,2,6,1,3,"REPUBLIQUE (DE)                     (R )","45,7684300","4,9911600",201900050678,138 210 847,B01,3,1,0,2,4,6,0,NULL,201900050678,138 210 847,B01,1,1,4,2,1941,5,8,0,-1,0,0,-1,201900050678,4,"REPUBLIQUE (DE)                     (R )",0,NULL,3,4,2,1,0,0,1,NULL,NULL,1,0,1,50
201900052297,26,3,2019,17:00:00,1,33,33063,2,2,1,3,"CRS DE L'YSER","44,8242300"," -0,5703600",201900052297,138 207 762,B01,0,1,0,2,1,1,5,NULL,201900052297,138 207 762,B01,1,1,4,1,2003,0,8,0,-1,-1," -1",-1,201900052297,4,"CRS DE L'YSER",0,NULL,2,4,2,1,0,0,1,NULL,NULL,1,0,1,50
201900052297,26,3,2019,17:00:00,1,33,33063,2,2,1,3,"CRS DE L'YSER","44,8242300"," -0,5703600",201900052297,138 207 762,B01,0,1,0,2,1,1,5,NULL,201900052297,138 207 763,A01,1,1,1,1,1974,0,1,0,-1,-1," -1",-1,201900052297,4,"CRS DE L'YSER",0,NULL,2,4,2,1,0,0,1,NULL,NULL,1,0,1,50
201900053931,30,3,2019,15:54:00,1,62,62233,1,1,1,7,"Rue de Nempont","50,3693060","1,6804830",201900053931,138 204 607,A01,1,1,16,0,0,1,5,NULL,201900053931,138 204 607,A01,1,1,3,1,1951,5,2,-1,-1,0,0,-1,201900053931,3,940,0,E,2,2,0,1,100,600,1,NULL,NULL,1,0,3,80
201900054252,20,8,2019,20:00:00,1,75,75112,2,2,1,3,"RUE THEOPHILE ROUSSEL","48,8497800","2,3770110",201900054252,138 204 037,B01,1,1,0,2,6,1,5,NULL,201900054252,138 204 035,A01,1,1,3,1,1999,1,2,6,-1,0,0,-1,201900054252,4,"RUE CHARLES BAUDELAIRE",0,NULL,1,2,1,1,0,0,1,NULL,NULL,1,5,5,30
201900054252,20,8,2019,20:00:00,1,75,75112,2,2,1,3,"RUE THEOPHILE ROUSSEL","48,8497800","2,3770110",201900054252,138 204 037,B01,1,1,0,2,6,1,5,NULL,201900054252,138 204 037,B01,1,1,3,1,1990,1,2,0,-1,0,0,-1,201900054252,4,"RUE CHARLES BAUDELAIRE",0,NULL,1,2,1,1,0,0,1,NULL,NULL,1,5,5,30
201900054420,18,5,2019,11:55:00,1,53,53161,1,1,1,2,"D 32","48,1292260"," -0,5760100",201900054420,138 203 738,A01,2,1,0,2,1,2,5,NULL,201900054420,138 203 737,B01,1,1,1,1,1964,5,1,-1,-1,0,0,-1,201900054420,3,32,NULL,NULL,2,2,0,1,26,500,1,NULL,NULL,1,0,1,80
201900054420,18,5,2019,11:55:00,1,53,53161,1,1,1,2,"D 32","48,1292260"," -0,5760100",201900054420,138 203 738,A01,2,1,0,2,1,2,5,NULL,201900054420,138 203 738,A01,1,1,3,1,2002,5,2,-1,-1,0,0,-1,201900054420,3,32,NULL,NULL,2,2,0,1,26,500,1,NULL,NULL,1,0,1,80
201900057022,26,6,2019,13:10:00,1,85,85191,2,1,7,3,"AVENUE PABLO PICASSO ","46,6573800"," -1,4238800",201900057022,138 198 931,B01,3,1,0,2,7,1,5,NULL,201900057022,138 198 930,A01,1,1,1,2,1985,5,1,8,-1,0,0,-1,201900057022,4,"AVENUE PABLO PICASSO ",0,NULL,-1,2,0,1,0,0,1,NULL,NULL,1,0,1,50
201900057022,26,6,2019,13:10:00,1,85,85191,2,1,7,3,"AVENUE PABLO PICASSO ","46,6573800"," -1,4238800",201900057022,138 198 931,B01,3,1,0,2,7,1,5,NULL,201900057022,138 198 931,B01,1,1,4,2,1998,5,2,0,-1,0,0,-1,201900057022,4,"AVENUE PABLO PICASSO ",0,NULL,-1,2,0,1,0,0,1,NULL,NULL,1,0,1,50
201900057752,17,2,2019,14:10:00,1,92,92040,2,1,1,3,"GALLIENI (BOULEVARD)","48,8315000","2,2672100",201900057752,138 197 601,A01,2,1,0,2,3,1,5,NULL,201900057752,138 197 598,B01,1,1,1,1,1980,1,1,0,-1,-1,0,-1,201900057752,3,69,0,NULL,2,2,0,1,0,0,1,NULL,NULL,1,0,3,50
201900057752,17,2,2019,14:10:00,1,92,92040,2,1,1,3,"GALLIENI (BOULEVARD)","48,8315000","2,2672100",201900057752,138 197 601,A01,2,1,0,2,3,1,5,NULL,201900057752,138 197 601,A01,1,1,4,1,1968,5,2,0,-1,-1,0,-1,201900057752,3,69,0,NULL,2,2,0,1,0,0,1,NULL,NULL,1,0,3,50
201900011323,18,12,2019,22:45:00,5,75,75110,2,5,1,6,"BOULEVARD DE DENAIN","48,8785220","2,3540680",201900011323,138 285 460,A01,1,1,0,2,8,7,5,NULL,201900011323,138 285 460,A01,1,1,4,1,1952,5,8,2,-1,0,0,-1,201900011323,4,"BOULEVARD DE DENAIN",0,NULL,1,2,3,1,0,0,1,NULL,NULL,1,0,6,30
201900012401,9,8,2019,21:15:00,5,9,09194,2,2,1,3,"rue victor hugo","43,0895540","1,8761350",201900012401,138 283 423,B01,2,1,0,2,1,5,5,NULL,201900012401,138 283 422,A01,1,1,2,1,1943,5,0,-1,-1,0,0,-1,201900012401,4,NULL,0,NULL,2,2,0,1,(1),(1),1,NULL,NULL,1,0,1,50
201900012401,9,8,2019,21:15:00,5,9,09194,2,2,1,3,"rue victor hugo","43,0895540","1,8761350",201900012401,138 283 422,A01,0,1,0,2,7,1,5,NULL,201900012401,138 283 422,A01,1,1,2,1,1943,5,0,-1,-1,0,0,-1,201900012401,4,NULL,0,NULL,2,2,0,1,(1),(1),1,NULL,NULL,1,0,1,50
201900012401,9,8,2019,21:15:00,5,9,09194,2,2,1,3,"rue victor hugo","43,0895540","1,8761350",201900012401,138 283 423,B01,2,1,0,2,1,5,5,NULL,201900012401,138 283 423,B01,1,1,1,1,1979,5,0,-1,-1,0,0,-1,201900012401,4,NULL,0,NULL,2,2,0,1,(1),(1),1,NULL,NULL,1,0,1,50
201900012401,9,8,2019,21:15:00,5,9,09194,2,2,1,3,"rue victor hugo","43,0895540","1,8761350",201900012401,138 283 422,A01,0,1,0,2,7,1,5,NULL,201900012401,138 283 423,B01,1,1,1,1,1979,5,0,-1,-1,0,0,-1,201900012401,4,NULL,0,NULL,2,2,0,1,(1),(1),1,NULL,NULL,1,0,1,50
201900014185,5,8,2019,12:45:00,1,33,33009,2,2,1,3,"RAPP (AVE)","44,6583500"," -1,1803600",201900014185,138 280 036,B01,1,1,0,2,1,1,5,NULL,201900014185,138 280 035,A01,1,1,1,1,1951,5,1,0,-1,-1," -1",-1,201900014185,4,"14 avenue RAPP",0,NULL,2,2,0,2,0,0,1,NULL,NULL,1,0,1,50
201900014185,5,8,2019,12:45:00,1,33,33009,2,2,1,3,"RAPP (AVE)","44,6583500"," -1,1803600",201900014185,138 280 036,B01,1,1,0,2,1,1,5,NULL,201900014185,138 280 036,B01,1,1,3,2,2003,5,8,0,-1,-1," -1",-1,201900014185,4,"14 avenue RAPP",0,NULL,2,2,0,2,0,0,1,NULL,NULL,1,0,1,50
201900015773,28,4,2019,15:15:00,1,46,46268,1,1,1,2,"Bouziès Bas (Saint-Géry)","44,4885430","1,6318820",201900015773,138 277 013,B01,1,1,0,0,4,1,5,NULL,201900015773,138 277 013,B01,1,1,2,1,1961,5,0,-1,-1,0,0,-1,201900015773,3,662,NULL,NULL,2,2,0,1,11,700,1,NULL,NULL,1,0,1,80
201900015773,28,4,2019,15:15:00,1,46,46268,1,1,1,2,"Bouziès Bas (Saint-Géry)","44,4885430","1,6318820",201900015773,138 277 013,B01,1,1,0,0,4,1,5,NULL,201900015773,138 277 014,A01,1,1,1,1,1944,5,8,-1,-1,0,0,-1,201900015773,3,662,NULL,NULL,2,2,0,1,11,700,1,NULL,NULL,1,0,1,80
201900015864,23,4,2019,16:08:00,1,6,06038,2,1,3,2,"383 - 303 RD2085","43,6742650","6,9736800",201900015864,138 276 867,A01,3,1,0,2,4,1,0,NULL,201900015864,138 276 867,A01,1,1,4,1,1980,5,2,-1,-1,0,0,-1,201900015864,3,2085,0,D,3,2,0,1,(1),(1),1,NULL,NULL,2,0,1,-1
201900021223,17,4,2019,18:45:00,1,69,69386,2,2,1,3,"VIABERT (DE LA)                     (R )","45,7663600","4,8671500",201900021223,138 266 706,B01,1,1,0,2,7,9,0,NULL,201900021223,138 266 705,A01,1,1,1,1,1966,0,1,0,-1,0,0,-1,201900021223,4,"VIABERT (DE LA)                     (R )",0,NULL,1,1,1,1,1,0,1,NULL,NULL,1,0,1,50
201900021223,17,4,2019,18:45:00,1,69,69386,2,2,1,3,"VIABERT (DE LA)                     (R )","45,7663600","4,8671500",201900021223,138 266 706,B01,1,1,0,2,7,9,0,NULL,201900021223,138 266 706,B01,1,1,4,1,2010,5,8,0,-1,0,0,-1,201900021223,4,"VIABERT (DE LA)                     (R )",0,NULL,1,1,1,1,1,0,1,NULL,NULL,1,0,1,50
201900021353,30,6,2019,21:10:00,1,50,50218,2,1,1,7,"PLAT GOUSSET (PROMENADE)","48,8409760"," -1,5961387",201900021353,138 266 456,A01,3,1,0,0,4,25,5,NULL,201900021353,138 266 456,A01,1,1,1,1,2003,5,2,8,-1,0,0,-1,201900021353,9,"PLAT GOUSSET (PROMENADE)",0,NULL,-1,0,3,1,0,1,1,NULL,NULL,1,6,1,30
201900021353,30,6,2019,21:10:00,1,50,50218,2,1,1,7,"PLAT GOUSSET (PROMENADE)","48,8409760"," -1,5961387",201900021353,138 266 456,A01,3,1,0,0,4,25,5,NULL,201900021353,138 266 456,A01,2,2,4,2,2003,5,2,8,-1,0,0,-1,201900021353,9,"PLAT GOUSSET (PROMENADE)",0,NULL,-1,0,3,1,0,1,1,NULL,NULL,1,6,1,30
201900023952,26,1,2019,12:00:00,1,67,67055,2,3,2,4,"D5, intersection avec la rue du camping","48,3282240","7,6910690",201900023952,138 261 329,C01,2,1,0,2,3,1,5,NULL,201900023952,138 261 329,C01,1,1,4,1,1955,5,0,-1,-1,0,0,-1,201900023952,3,5,0,NULL,2,2,1,1,21,0,1,NULL,NULL,2,0,1,70
201900023952,26,1,2019,12:00:00,1,67,67055,2,3,2,4,"D5, intersection avec la rue du camping","48,3282240","7,6910690",201900023952,138 261 329,C01,2,1,0,2,3,1,5,NULL,201900023952,138 261 330,B01,1,1,4,1,2003,5,2,6,-1,0,0,-1,201900023952,3,5,0,NULL,2,2,1,1,21,0,1,NULL,NULL,2,0,1,70
201900023952,26,1,2019,12:00:00,1,67,67055,2,3,2,4,"D5, intersection avec la rue du camping","48,3282240","7,6910690",201900023952,138 261 329,C01,2,1,0,2,3,1,5,NULL,201900023952,138 261 331,A01,1,1,1,2,1945,5,1,-1,-1,0,0,-1,201900023952,3,5,0,NULL,2,2,1,1,21,0,1,NULL,NULL,2,0,1,70
201900029044,10,5,2019,13:15:00,1,45,45234,2,1,1,6,"RUE DE LA POTERNE","47,8992700","1,9093800",201900029044,138 251 727,A01,0,1,0,1,1,2,5,NULL,201900029044,138 251 727,A01,10,3,3,2,1990,0,8,0,-1,5,1,2,201900029044,4,"RUE DE LA POTERNE",0,NULL,1,1,-1,2,(1),(1),1,NULL,NULL,1,6,1,30
201900029044,10,5,2019,13:15:00,1,45,45234,2,1,1,6,"RUE DE LA POTERNE","47,8992700","1,9093800",201900029044,138 251 727,A01,0,1,0,1,1,2,5,NULL,201900029044,138 251 727,A01,1,1,4,1,1996,0,8,0,-1,0,0,-1,201900029044,4,"RUE DE LA POTERNE",0,NULL,1,1,-1,2,(1),(1),1,NULL,NULL,1,6,1,30
201900029677,6,10,2019,19:45:00,5,54,54482,2,1,2,3,"CARNOT (AVENUE)","48,7010330","6,2093480",201900029677,138 250 477,B01,1,1,0,2,1,1,1,NULL,201900029677,138 250 476,A01,1,1,1,1,1942,0,1,0,-1,-1,0,-1,201900029677,4,"CARNOT (AVENUE)",0,NULL,2,2,0,1,0,0,1,NULL,NULL,1,0,1,50
201900029677,6,10,2019,19:45:00,5,54,54482,2,1,2,3,"CARNOT (AVENUE)","48,7010330","6,2093480",201900029677,138 250 477,B01,1,1,0,2,1,1,1,NULL,201900029677,138 250 477,B01,1,1,4,2,1996,0,8,0,-1,-1,0,-1,201900029677,4,"CARNOT (AVENUE)",0,NULL,2,2,0,1,0,0,1,NULL,NULL,1,0,1,50
201900031357,16,12,2019,11:45:00,1,3,03138,2,1,1,7,"21 rue de Verdun","46,2536056","3,6261443",201900031357,138 247 390,A01,1,1,0,0,1,14,5,NULL,201900031357,138 247 390,A01,1,1,3,1,1944,3,0,-1,-1,0,0,-1,201900031357,4,"rue de Verdun",0,NULL,2,2,0,1,(1),(1),1,NULL,NULL,1,0,4,50
201900032399,10,4,2019,14:15:00,1,65,65440,2,6,1,3,"HOPITAL (ROND POINT DE L')","43,2213000","0,0582500",201900032399,138 245 401,B01,2,1,0,2,1,1,5,NULL,201900032399,138 245 401,B01,1,1,3,2,1950,3,8,0,-1,0,0,-1,201900032399,2,21,0,NULL,1,1,0,1,23,570,3,NULL,NULL,1,9,1,50
201900032399,10,4,2019,14:15:00,1,65,65440,2,6,1,3,"HOPITAL (ROND POINT DE L')","43,2213000","0,0582500",201900032399,138 245 401,B01,2,1,0,2,1,1,5,NULL,201900032399,138 245 402,A01,1,1,1,2,1979,1,1,0,-1,0,0,-1,201900032399,2,21,0,NULL,1,1,0,1,23,570,3,NULL,NULL,1,9,1,50
201900034772,13,12,2019,17:40:00,5,64,64445,2,3,3,3,"LOUIS SALLENAVE","43,3174200"," -0,3601800",201900034772,138 240 816,A01,2,1,0,2,1,1,5,NULL,201900034772,138 240 815,B01,1,1,1,1,1997,5,1,0,-1,-1,0,-1,201900034772,5,"LOUIS SALLENAVE",0,NULL,1,1,0,1,0,0,1,NULL,NULL,2,9,1,30
201900034772,13,12,2019,17:40:00,5,64,64445,2,3,3,3,"LOUIS SALLENAVE","43,3174200"," -0,3601800",201900034772,138 240 816,A01,2,1,0,2,1,1,5,NULL,201900034772,138 240 816,A01,1,1,4,1,1998,5,8,0,-1,-1,0,-1,201900034772,5,"LOUIS SALLENAVE",0,NULL,1,1,0,1,0,0,1,NULL,NULL,2,9,1,30
201900036281,13,12,2019,09:25:00,1,92,92026,2,9,2,3,"VERDUN (DE 01 A 61)","48,8985547","2,2626159",201900036281,138 237 910,B01,3,1,0,2,7,1,5,NULL,201900036281,138 237 909,A01,1,1,1,1,1984,1,2,6,-1,-1,0,-1,201900036281,3,908,0,NULL,3,2,0,1,0,0,1,NULL,NULL,2,0,1,50
201900036281,13,12,2019,09:25:00,1,92,92026,2,9,2,3,"VERDUN (DE 01 A 61)","48,8985547","2,2626159",201900036281,138 237 910,B01,3,1,0,2,7,1,5,NULL,201900036281,138 237 910,B01,1,1,4,2,1982,1,8,0,-1,-1,0,-1,201900036281,3,908,0,NULL,3,2,0,1,0,0,1,NULL,NULL,2,0,1,50
201900039766,18,7,2019,19:08:00,1,67,67447,2,3,1,1,"DE LATTRE DE TASSIGNY (RUE)","48,6069800","7,7453200",201900039766,138 231 316,B01,2,1,0,2,5,1,5,NULL,201900039766,138 231 316,B01,1,1,4,2,1964,0,8,0,-1,0,0,-1,201900039766,4,"DE LATTRE DE TASSIGNY (RUE)",0,NULL,2,2,0,1,0,0,1,NULL,NULL,1,0,1,50
201900039766,18,7,2019,19:08:00,1,67,67447,2,3,1,1,"DE LATTRE DE TASSIGNY (RUE)","48,6069800","7,7453200",201900039766,138 231 316,B01,2,1,0,2,5,1,5,NULL,201900039766,138 231 317,A01,1,1,1,2,1987,0,1,8,-1,0,0,-1,201900039766,4,"DE LATTRE DE TASSIGNY (RUE)",0,NULL,2,2,0,1,0,0,1,NULL,NULL,1,0,1,50
201900039914,8,12,2019,08:00:00,2,67,67482,1,1,1,3,"OHMACHT (RUE)","48,5925920","7,7601200",201900039914,138 231 034,A01,1,1,0,2,0,1,5,NULL,201900039914,138 231 033,B01,1,1,1,1,1997,0,8,0,-1,-1,0,-1,201900039914,4,"OHMACHT (RUE)",0,NULL,2,3,1,1,0,0,1,NULL,NULL,1,0,5,50
201900039914,8,12,2019,08:00:00,2,67,67482,1,1,1,3,"OHMACHT (RUE)","48,5925920","7,7601200",201900039914,138 231 033,B01,2,1,0,2,3,1,5,NULL,201900039914,138 231 033,B01,1,1,1,1,1997,0,8,0,-1,-1,0,-1,201900039914,4,"OHMACHT (RUE)",0,NULL,2,3,1,1,0,0,1,NULL,NULL,1,0,5,50
201900039914,8,12,2019,08:00:00,2,67,67482,1,1,1,3,"OHMACHT (RUE)","48,5925920","7,7601200",201900039914,138 231 034,A01,1,1,0,2,0,1,5,NULL,201900039914,138 231 034,A01,1,1,4,2,1973,0,8,0,-1,-1,0,-1,201900039914,4,"OHMACHT (RUE)",0,NULL,2,3,1,1,0,0,1,NULL,NULL,1,0,5,50
201900039914,8,12,2019,08:00:00,2,67,67482,1,1,1,3,"OHMACHT (RUE)","48,5925920","7,7601200",201900039914,138 231 033,B01,2,1,0,2,3,1,5,NULL,201900039914,138 231 034,A01,1,1,4,2,1973,0,8,0,-1,-1,0,-1,201900039914,4,"OHMACHT (RUE)",0,NULL,2,3,1,1,0,0,1,NULL,NULL,1,0,5,50
201900041471,7,4,2019,15:55:00,1,42,42267,2,1,1,6,"Chemin des Cours","46,1541000","4,1230700",201900041471,138 228 213,A01,3,1,1,0,7,1,5,NULL,201900041471,138 228 213,A01,1,1,3,1,2006,5,0,-1,-1,0,0,-1,201900041471,4,NULL,NULL,NULL,2,2,0,2,(1),(1),1,NULL,NULL,1,0,1,-1
201900045467,7,12,2019,11:18:00,1,67,67180,2,6,2,3,"LANDAU (ROND-POINT DE)","48,8210000","7,7910000",201900045467,138 220 592,A01,3,1,0,2,3,9,5,NULL,201900045467,138 220 592,A01,1,1,4,1,1976,3,8,0,-1,-1," -1",-1,201900045467,4,"LANDAU (ROND-POINT DE)",0,NULL,4,2,0,1,0,1,2,NULL,NULL,2,0,1,50
201900045467,7,12,2019,11:18:00,1,67,67180,2,6,2,3,"LANDAU (ROND-POINT DE)","48,8210000","7,7910000",201900045467,138 220 592,A01,3,1,0,2,3,9,5,NULL,201900045467,138 220 593,B01,1,1,1,2,1958,3,8,8,-1,-1," -1",-1,201900045467,4,"LANDAU (ROND-POINT DE)",0,NULL,4,2,0,1,0,1,2,NULL,NULL,2,0,1,50
201900046113,3,11,2019,15:25:00,1,2B,2B134,2,6,6,7,"Rue Louis Philippe","42,6347130","8,9386720",201900046113,138 219 358,A01,1,1,10,0,0,5,5,NULL,201900046113,138 219 358,A01,1,1,2,1,1949,0,0,-1,-1,0,0,-1,201900046113,4,NULL,0,NULL,2,2,0,4,(1),(1),1,NULL,NULL,2,0,3,50
201900046734,22,8,2019,22:20:00,5,34,34172,2,1,1,3,"BLAYAC (RUE DU PROFESSEUR)","43,6230800","3,8327300",201900046734,138 218 144,B01,3,1,0,2,8,19,5,NULL,201900046734,138 218 143,A01,1,1,4,1,1992,5,2,8,-1,0,0,-1,201900046734,3,65,0,NULL,2,4,0,1,(1),(1),1,NULL,NULL,1,0,1,50
201900046734,22,8,2019,22:20:00,5,34,34172,2,1,1,3,"BLAYAC (RUE DU PROFESSEUR)","43,6230800","3,8327300",201900046734,138 218 144,B01,3,1,0,2,8,19,5,NULL,201900046734,138 218 144,B01,1,1,4,1,1992,0,8,0,-1,0,0,-1,201900046734,3,65,0,NULL,2,4,0,1,(1),(1),1,NULL,NULL,1,0,1,50
201900046798,3,4,2019,16:05:00,1,58,58303,2,1,2,3,"33 Boulevard Camille Dagonneau","47,0093360","3,1504070",201900046798,138 218 034,B01,2,1,0,0,1,1,5,NULL,201900046798,138 218 034,B01,1,1,3,1,1968,5,0,-1,-1,0,0,-1,201900046798,3,907,0,D,3,2,1,1,(1),(1),1,NULL,NULL,2,0,5,50
201900046798,3,4,2019,16:05:00,1,58,58303,2,1,2,3,"33 Boulevard Camille Dagonneau","47,0093360","3,1504070",201900046798,138 218 034,B01,2,1,0,0,1,1,5,NULL,201900046798,138 218 035,A01,1,1,1,2,1968,3,1,-1,-1,0,0,-1,201900046798,3,907,0,D,3,2,1,1,(1),(1),1,NULL,NULL,2,0,5,50
201900048993,20,5,2019,09:20:00,1,56,56184,1,2,1,2,"LE HERLO","47,6220500"," -2,4063120",201900048993,138 213 984,B01,1,1,0,2,4,15,5,NULL,201900048993,138 213 983,A01,1,1,1,1,1934,3,8,-1,-1,0,0,-1,201900048993,3,1,0,NULL,4,2,0,1,6,310,1,NULL,NULL,1,5,1,80
201900048993,20,5,2019,09:20:00,1,56,56184,1,2,1,2,"LE HERLO","47,6220500"," -2,4063120",201900048993,138 213 984,B01,1,1,0,2,4,15,5,NULL,201900048993,138 213 984,B01,1,1,3,1,1943,5,2,-1,-1,0,0,-1,201900048993,3,1,0,NULL,4,2,0,1,6,310,1,NULL,NULL,1,5,1,80
201900052447,30,3,2019,16:50:00,1,75,75101,2,3,1,3,"AVENUE GENERAL LEMONNIER","48,8608460","2,3301320",201900052447,138 207 447,A01,1,1,0,2,4,19,5,NULL,201900052447,138 207 446,B01,1,1,4,2,1960,5,2,0,-1,0,0,-1,201900052447,4,"AVENUE GENERAL LEMONNIER",0,NULL,2,4,0,1,0,0,1,NULL,NULL,1,1,1,50
201900052447,30,3,2019,16:50:00,1,75,75101,2,3,1,3,"AVENUE GENERAL LEMONNIER","48,8608460","2,3301320",201900052447,138 207 446,B01,2,1,0,2,1,1,5,NULL,201900052447,138 207 446,B01,1,1,4,2,1960,5,2,0,-1,0,0,-1,201900052447,4,"AVENUE GENERAL LEMONNIER",0,NULL,2,4,0,1,0,0,1,NULL,NULL,1,1,1,50
201900052447,30,3,2019,16:50:00,1,75,75101,2,3,1,3,"AVENUE GENERAL LEMONNIER","48,8608460","2,3301320",201900052447,138 207 447,A01,1,1,0,2,4,19,5,NULL,201900052447,138 207 447,A01,1,1,1,1,2002,5,2,0,-1,0,0,-1,201900052447,4,"AVENUE GENERAL LEMONNIER",0,NULL,2,4,0,1,0,0,1,NULL,NULL,1,1,1,50
201900052447,30,3,2019,16:50:00,1,75,75101,2,3,1,3,"AVENUE GENERAL LEMONNIER","48,8608460","2,3301320",201900052447,138 207 446,B01,2,1,0,2,1,1,5,NULL,201900052447,138 207 447,A01,1,1,1,1,2002,5,2,0,-1,0,0,-1,201900052447,4,"AVENUE GENERAL LEMONNIER",0,NULL,2,4,0,1,0,0,1,NULL,NULL,1,1,1,50
201900054298,19,8,2019,15:25:00,1,94,94054,2,1,1,6,"NOUVELET (R DU)","48,7414210","2,4050060",201900054298,138 203 950,A01,1,1,0,1,0,0,0,NULL,201900054298,138 203 950,A01,1,1,4,1,1976,0,8,0,-1,0,0,-1,201900054298,4,"NOUVELET (R DU)",0,NULL,1,0,0,2,0,0,1,NULL,NULL,1,0,1,50
201900054298,19,8,2019,15:25:00,1,94,94054,2,1,1,6,"NOUVELET (R DU)","48,7414210","2,4050060",201900054298,138 203 950,A01,1,1,0,1,0,0,0,NULL,201900054298,138 203 950,A01,10,3,4,2,1951,0,8,0,-1,2,3,1,201900054298,4,"NOUVELET (R DU)",0,NULL,1,0,0,2,0,0,1,NULL,NULL,1,0,1,50
201900055074,16,2,2019,12:20:00,1,77,77058,1,6,1,3,"D406 X D35-MARIE CURIE (AV)","48,8331000","2,7057000",201900055074,138 202 498,A01,3,1,0,2,1,16,5,NULL,201900055074,138 202 497,B01,1,1,4,1,1940,0,8,0,-1,0,0,-1,201900055074,3,406,0,NULL,2,2,0,1,10,189,1,NULL,NULL,1,5,1,50
201900055074,16,2,2019,12:20:00,1,77,77058,1,6,1,3,"D406 X D35-MARIE CURIE (AV)","48,8331000","2,7057000",201900055074,138 202 498,A01,3,1,0,2,1,16,5,NULL,201900055074,138 202 498,A01,1,1,1,1,1960,0,2,0,-1,-1,0,-1,201900055074,3,406,0,NULL,2,2,0,1,10,189,1,NULL,NULL,1,5,1,50