Num_Acc,jour,mois,an,hrmn,lum,dep,com,agg,int,atm,col,adr,lat,long,Num_Acc,id_vehicule,num_veh,senc,catv,obs,obsm,choc,manv,motor,occutc,Num_Acc,id_vehicule,num_veh,place,catu,grav,sexe,an_nais,trajet,secu1,secu2,secu3,locp,actp,etatp,Num_Acc,catr,voie,v1,v2,circ,nbv,vosp,prof,pr,pr1,plan,lartpc,larrout,surf,infra,situ,vma
201900056987,4,6,2019,19:30:00,1,75,75103,2,2,1,3,"RUE PERREE","48,8643840","2,3618140",201900056987,138 199 005,B01,1,1,0,2,0,1,5,NULL,201900056987,138 199 004,A01,1,1,3,1,1969,0,0,0,-1,0,0,-1,201900056987,4,"RUE PERREE",0,NULL,-1,1,0,1,0,0,1,NULL,NULL,1,0,1,50
201900056987,4,6,2019,19:30:00,1,75,75103,2,2,1,3,"RUE PERREE","48,8643840","2,3618140",201900056987,138 199 005,B01,1,1,0,2,0,1,5,NULL,201900056987,138 199 005,B01,1,1,1,1,1998,0,2,0,-1,0,0,-1,201900056987,4,"RUE PERREE",0,NULL,-1,1,0,1,0,0,1,NULL,NULL,1,0,1,50
201900057133,10,7,2019,19:45:00,1,75,75118,2,2,1,6,"BOULEVARD ORNANO","48,8946400","2,3471300",201900057133,138 198 730,A01,1,1,0,2,1,1,5,NULL,201900057133,138 198 730,A01,1,1,4,1,1982,9,8,0,-1,0,0,-1,201900057133,4,"BOULEVARD ORNANO",0,NULL,1,2,1,1,0,0,1,NULL,NULL,1,0,5,50
201900057952,17,8,2019,11:45:00,1,33,33238,2,4,1,2,"RD651/RD651E3 2 avenue de cadaujac","44,7270800"," -0,5974000",201900057952,138 197 225,B01,1,1,0,0,4,13,5,NULL,201900057952,138 197 225,B01,1,1,4,2,1981,3,0,-1,-1,0,0,-1,201900057952,3,651,0,NULL,2,2,0,1,7,270,1,NULL,NULL,1,0,1,50
201900057952,17,8,2019,11:45:00,1,33,33238,2,4,1,2,"RD651/RD651E3 2 avenue de cadaujac","44,7270800"," -0,5974000",201900057952,138 197 225,B01,1,1,0,0,4,13,5,NULL,201900057952,138 197 225,B01,2,2,4,2,2012,5,2,-1,-1,0,0,-1,201900057952,3,651,0,NULL,2,2,0,1,7,270,1,NULL,NULL,1,0,1,50
201900057952,17,8,2019,11:45:00,1,33,33238,2,4,1,2,"RD651/RD651E3 2 avenue de cadaujac","44,7270800"," -0,5974000",201900057952,138 197 225,B01,1,1,0,0,4,13,5,NULL,201900057952,138 197 227,A01,2,2,4,2,2002,5,2,6,-1,0,0,-1,201900057952,3,651,0,NULL,2,2,0,1,7,270,1,NULL,NULL,1,0,1,50
201900057952,17,8,2019,11:45:00,1,33,33238,2,4,1,2,"RD651/RD651E3 2 avenue de cadaujac","44,7270800"," -0,5974000",201900057952,138 197 225,B01,1,1,0,0,4,13,5,NULL,201900057952,138 197 227,A01,1,1,4,1,2000,5,2,6,-1,0,0,-1,201900057952,3,651,0,NULL,2,2,0,1,7,270,1,NULL,NULL,1,0,1,50
201900011947,16,10,2019,07:40:00,2,33,33039,2,3,1,3,"AVE ALEXIS CAPELLE","44,8141100"," -0,5489300",201900011947,138 284 228,B01,1,1,0,2,1,1,5,NULL,201900011947,138 284 227,A01,1,1,1,1,1967,0,1,0,-1,-1," -1",-1,201900011947,4,"AVE ALEXIS CAPELLE",0,NULL,2,2,0,1,0,0,1,NULL,NULL,1,0,1,50
201900011947,16,10,2019,07:40:00,2,33,33039,2,3,1,3,"AVE ALEXIS CAPELLE","44,8141100"," -0,5489300",201900011947,138 284 228,B01,1,1,0,2,1,1,5,NULL,201900011947,138 284 228,B01,1,1,4,2,1985,0,8,0,-1,-1," -1",-1,201900011947,4,"AVE ALEXIS CAPELLE",0,NULL,2,2,0,1,0,0,1,NULL,NULL,1,0,1,50
201900012132,23,4,2019,12:10:00,1,75,75110,2,2,1,3,"RUE LA FAYETTE","48,8813340","2,3647550",201900012132,138 283 891,B01,2,1,0,2,5,13,5,NULL,201900012132,138 283 891,B01,1,1,4,2,1961,5,2,0,-1,0,0,-1,201900012132,4,"RUE LA FAYETTE",0,NULL,2,3,0,1,0,0,1,NULL,NULL,1,0,1,50
201900012132,23,4,2019,12:10:00,1,75,75110,2,2,1,3,"RUE LA FAYETTE","48,8813340","2,3647550",201900012132,138 283 891,B01,2,1,0,2,5,13,5,NULL,201900012132,138 283 892,A01,1,1,1,1,1978,4,1,0,-1,0,0,-1,201900012132,4,"RUE LA FAYETTE",0,NULL,2,3,0,1,0,0,1,NULL,NULL,1,0,1,50
201900014544,2,7,2019,20:00:00,1,57,57463,2,1,1,3,"AMPHITHEATRE (AVENUE DE L')","49,1114100","6,1849700",201900014544,138 279 265,A01,3,1,0,2,1,19,5,NULL,201900014544,138 279 265,A01,1,1,3,1,1991,5,8,0,-1,-1," -1",-1,201900014544,4,"AMPHITHEATRE (AVENUE DE L')",0,NULL,2,2,3,1,0,0,1,NULL,NULL,1,0,1,50
201900014544,2,7,2019,20:00:00,1,57,57463,2,1,1,3,"AMPHITHEATRE (AVENUE DE L')","49,1114100","6,1849700",201900014544,138 279 265,A01,3,1,0,2,1,19,5,NULL,201900014544,138 279 266,B01,1,1,1,1,1987,4,1,8,-1,-1," -1",-1,201900014544,4,"AMPHITHEATRE (AVENUE DE L')",0,NULL,2,2,3,1,0,0,1,NULL,NULL,1,0,1,50
201900015760,29,4,2019,07:50:00,1,89,89034,1,1,1,2,D965,"47,8233688","3,7550503",201900015760,138 277 033,B01,2,1,0,0,4,1,5,NULL,201900015760,138 277 033,B01,1,1,2,1,1947,5,2,4,-1,0,0,-1,201900015760,3,965,NULL,NULL,4,3,0,1,45,275,3,NULL,NULL,1,0,1,80
201900015760,29,4,2019,07:50:00,1,89,89034,1,1,1,2,D965,"47,8233688","3,7550503",201900015760,138 277 033,B01,2,1,0,0,4,1,5,NULL,201900015760,138 277 034,A01,1,1,1,1,1977,1,1,-1,-1,0,0,-1,201900015760,3,965,NULL,NULL,4,3,0,1,45,275,3,NULL,NULL,1,0,1,80
201900015760,29,4,2019,07:50:00,1,89,89034,1,1,1,2,D965,"47,8233688","3,7550503",201900015760,138 277 033,B01,2,1,0,0,4,1,5,NULL,201900015760,138 277 034,A01,2,2,1,1,2002,1,1,-1,-1,0,0,-1,201900015760,3,965,NULL,NULL,4,3,0,1,45,275,3,NULL,NULL,1,0,1,80
201900019025,12,9,2019,13:50:00,1,47,47310,2,1,1,3,"Boulevard Max Dormoy","44,3875240","0,3172580",201900019025,138 270 897,A01,2,1,0,2,8,0,5,NULL,201900019025,138 270 897,A01,1,1,4,1,1965,5,2,-1,-1,0,0,-1,201900019025,3,813,NULL,NULL,2,2,0,1,56,800,1,NULL,NULL,1,0,1,50
201900019025,12,9,2019,13:50:00,1,47,47310,2,1,1,3,"Boulevard Max Dormoy","44,3875240","0,3172580",201900019025,138 270 897,A01,2,1,0,2,8,0,5,NULL,201900019025,138 270 898,B01,1,1,1,1,1967,4,1,-1,-1,0,0,-1,201900019025,3,813,NULL,NULL,2,2,0,1,56,800,1,NULL,NULL,1,0,1,50
201900021416,1,7,2019,11:35:00,1,50,50403,1,1,1,6,"Vge les Miellettes","49,1521360"," -1,5856620",201900021416,138 266 343,B01,3,1,0,2,0,2,5,NULL,201900021416,138 266 342,A01,1,1,1,1,1986,4,1,-1,-1,0,0,-1,201900021416,3,432,0,NULL,2,2,0,1,10,402,1,NULL,NULL,1,0,1,80
201900021416,1,7,2019,11:35:00,1,50,50403,1,1,1,6,"Vge les Miellettes","49,1521360"," -1,5856620",201900021416,138 266 343,B01,3,1,0,2,0,2,5,NULL,201900021416,138 266 343,B01,1,1,3,2,1950,5,0,-1,-1,0,0,-1,201900021416,3,432,0,NULL,2,2,0,1,10,402,1,NULL,NULL,1,0,1,80
201900024724,15,4,2019,08:50:00,1,69,69383,2,1,1,3,"FELIX FAURE                         (AV)","45,7543394","4,8648834",201900024724,138 259 833,B01,2,1,1,0,7,17,0,NULL,201900024724,138 259 833,B01,1,1,4,2,1985,1,8,0,-1,-1,0,-1,201900024724,4,"FELIX FAURE                         (AV)",0,NULL,2,3,3,1,0,0,1,NULL,NULL,1,0,1,50
201900024724,15,4,2019,08:50:00,1,69,69383,2,1,1,3,"FELIX FAURE                         (AV)","45,7543394","4,8648834",201900024724,138 259 833,B01,2,1,1,0,7,17,0,NULL,201900024724,138 259 834,A01,1,1,1,1,1979,4,8,0,-1,-1," -1",-1,201900024724,4,"FELIX FAURE                         (AV)",0,NULL,2,3,3,1,0,0,1,NULL,NULL,1,0,1,50
201900026565,28,6,2019,04:30:00,3,34,34154,1,1,1,3,"D 62","43,5523370","3,9952140",201900026565,138 256 313,A01,2,1,0,2,7,1,5,NULL,201900026565,138 256 313,A01,1,1,2,1,1990,5,0,-1,-1,0,0,-1,201900026565,3,62,0,NULL,3,4,0,1,2,500,1,NULL,NULL,1,0,1,110
201900026565,28,6,2019,04:30:00,3,34,34154,1,1,1,3,"D 62","43,5523370","3,9952140",201900026565,138 256 313,A01,2,1,0,2,7,1,5,NULL,201900026565,138 256 314,B01,2,2,1,1,1985,5,1,-1,-1,0,0,-1,201900026565,3,62,0,NULL,3,4,0,1,2,500,1,NULL,NULL,1,0,1,110
201900026565,28,6,2019,04:30:00,3,34,34154,1,1,1,3,"D 62","43,5523370","3,9952140",201900026565,138 256 313,A01,2,1,0,2,7,1,5,NULL,201900026565,138 256 314,B01,1,1,1,1,1983,5,1,-1,-1,0,0,-1,201900026565,3,62,0,NULL,3,4,0,1,2,500,1,NULL,NULL,1,0,1,110
201900030716,26,7,2019,21:15:00,2,92,92075,2,1,1,6,"FABIEN (BOULEVARD DU COLONEL)","48,8122100","2,2802100",201900030716,138 248 573,A01,3,1,0,1,1,2,0,NULL,201900030716,138 248 573,A01,1,1,1,1,1992,1,2,8,-1,0,0,-1,201900030716,4,"FABIEN (BOULEVARD DU COLONEL)",0,NULL,2,2,0,2,0,0,1,NULL,NULL,1,0,1,50
201900030716,26,7,2019,21:15:00,2,92,92075,2,1,1,6,"FABIEN (BOULEVARD DU COLONEL)","48,8122100","2,2802100",201900030716,138 248 573,A01,3,1,0,1,1,2,0,NULL,201900030716,138 248 573,A01,10,3,4,2,1965,0,8,0,-1,2,3,1,201900030716,4,"FABIEN (BOULEVARD DU COLONEL)",0,NULL,2,2,0,2,0,0,1,NULL,NULL,1,0,1,50
201900030973,24,5,2019,15:00:00,1,31,31557,2,1,2,1,"PETIT TRAIN (RUE DU)","43,5833300","1,3355400",201900030973,138 248 104,B01,1,1,0,2,8,19,5,NULL,201900030973,138 248 103,A01,1,1,1,2,1952,9,1,0,-1,-1,0,-1,201900030973,4,"PETIT TRAIN (RUE DU)",0,NULL,2,2,1,1,0,0,1,NULL,NULL,2,0,1,50
201900030973,24,5,2019,15:00:00,1,31,31557,2,1,2,1,"PETIT TRAIN (RUE DU)","43,5833300","1,3355400",201900030973,138 248 104,B01,1,1,0,2,8,19,5,NULL,201900030973,138 248 104,B01,1,1,4,1,1969,9,8,0,-1,-1,0,-1,201900030973,4,"PETIT TRAIN (RUE DU)",0,NULL,2,2,1,1,0,0,1,NULL,NULL,2,0,1,50
201900033463,23,6,2019,22:45:00,5,93,93066,2,9,1,1,""PERI GABRIEL, NR 116 A 144 ET 135 A 149","48,9434500","2,3570100",201900033463,138 243 317,B01,2,1,0,2,1,21,5,NULL,201900033463,138 243 316,A01,1,1,1,1,1998,0,1,0,-1,-1," -1",-1,201900033463,9,""PERI GABRIEL, NR 116 A 144 ET 135 A 149",0,NULL,-1,0,3,1,0,0,1,NULL,NULL,1,4,6,50
201900033463,23,6,2019,22:45:00,5,93,93066,2,9,1,1,""PERI GABRIEL, NR 116 A 144 ET 135 A 149","48,9434500","2,3570100",201900033463,138 243 317,B01,2,1,0,2,1,21,5,NULL,201900033463,138 243 317,B01,1,1,3,1,1985,0,8,0,-1,-1," -1",-1,201900033463,9,""PERI GABRIEL, NR 116 A 144 ET 135 A 149",0,NULL,-1,0,3,1,0,0,1,NULL,NULL,1,4,6,50
201900033493,24,6,2019,08:30:00,1,39,39149,2,1,1,1,NULL,"47,0208570","5,7174310",201900033493,138 243 258,A01,2,1,0,2,1,13,5,NULL,201900033493,138 243 258,A01,1,1,3,1,1958,5,2,-1,-1,0,0,-1,201900033493,3,7,NULL,NULL,2,2,0,1,21,730,3,NULL,NULL,1,0,1,50
201900033493,24,6,2019,08:30:00,1,39,39149,2,1,1,1,NULL,"47,0208570","5,7174310",201900033493,138 243 258,A01,2,1,0,2,1,13,5,NULL,201900033493,138 243 259,B01,1,1,1,1,1993,1,1,-1,-1,0,0,-1,201900033493,3,7,NULL,NULL,2,2,0,1,21,730,3,NULL,NULL,1,0,1,50
201900035521,1,9,2019,18:10:00,1,74,74143,1,1,1,6,"Route de Vaudagne","45,9055347","6,7624150",201900035521,138 239 330,B01,1,1,0,2,3,13,5,NULL,201900035521,138 239 329,A01,1,1,1,2,1966,4,1,-1,-1,0,0,-1,201900035521,3,413,NULL,NULL,2,2,0,2,3,400,3,NULL,NULL,1,0,1,80
201900035521,1,9,2019,18:10:00,1,74,74143,1,1,1,6,"Route de Vaudagne","45,9055347","6,7624150",201900035521,138 239 330,B01,1,1,0,2,3,13,5,NULL,201900035521,138 239 330,B01,1,1,3,1,1949,5,0,-1,-1,0,0,-1,201900035521,3,413,NULL,NULL,2,2,0,2,3,400,3,NULL,NULL,1,0,1,80
201900035788,26,2,2019,18:10:00,1,67,67482,2,1,1,3,"ALSACE (AVENUE D )","48,5869070","7,7609490",201900035788,138 238 811,A01,1,1,0,2,8,19,5,NULL,201900035788,138 238 811,A01,1,1,4,2,1999,0,8,8,-1,-1,0,-1,201900035788,4,"ALSACE (AVENUE D )",0,NULL,2,4,0,1,0,0,1,NULL,NULL,1,0,1,50
201900035872,8,4,2019,15:15:00,1,75,75111,2,1,1,2,"AVENUE LEDRU ROLLIN","48,8529370","2,3771030",201900035872,138 238 638,A01,1,1,0,2,1,1,5,NULL,201900035872,138 238 638,A01,1,1,4,1,1969,1,8,0,-1,0,0,-1,201900035872,4,"AVENUE LEDRU ROLLIN",0,NULL,2,2,0,1,0,0,1,NULL,NULL,1,0,1,50
201900035872,8,4,2019,15:15:00,1,75,75111,2,1,1,2,"AVENUE LEDRU ROLLIN","48,8529370","2,3771030",201900035872,138 238 638,A01,1,1,0,2,1,1,5,NULL,201900035872,138 238 639,B01,1,1,1,1,1967,4,1,0,-1,0,0,-1,201900035872,4,"AVENUE LEDRU ROLLIN",0,NULL,2,2,0,1,0,0,1,NULL,NULL,1,0,1,50
201900037577,26,2,2019,10:25:00,1,19,19031,2,1,1,3,"RIBOT (AVENUE)","45,1645400","1,5075200",201900037577,138 235 371,B01,1,1,0,2,1,1,5,NULL,201900037577,138 235 371,B01,1,1,4,1,1965,5,2,0,-1,-1," -1",-1,201900037577,4,"RIBOT (AVENUE)",0,NULL,2,2,0,1,0,0,1,NULL,NULL,1,0,1,50
201900037577,26,2,2019,10:25:00,1,19,19031,2,1,1,3,"RIBOT (AVENUE)","45,1645400","1,5075200",201900037577,138 235 371,B01,1,1,0,2,1,1,5,NULL,201900037577,138 235 372,A01,1,1,1,1,1934,5,1,0,-1,-1," -1",-1,201900037577,4,"RIBOT (AVENUE)",0,NULL,2,2,0,1,0,0,1,NULL,NULL,1,0,1,50
201900038576,29,10,2019,18:15:00,5,64,64445,2,1,1,6,"UNIVERSITE DE L'","43,3112900"," -0,3639700",201900038576,138 233 591,B01,1,1,0,2,8,19,5,NULL,201900038576,138 233 590,A01,1,1,1,2,2001,9,1,8,-1,-1,0,-1,201900038576,4,"UNIVERSITE DE L'",0,NULL,1,2,0,1,0,0,1,NULL,NULL,1,0,1,50
201900038576,29,10,2019,18:15:00,5,64,64445,2,1,1,6,"UNIVERSITE DE L'","43,3112900"," -0,3639700",201900038576,138 233 591,B01,1,1,0,2,8,19,5,NULL,201900038576,138 233 591,B01,1,1,4,2,2001,9,8,0,-1,-1,0,-1,201900038576,4,"UNIVERSITE DE L'",0,NULL,1,2,0,1,0,0,1,NULL,NULL,1,0,1,50
201900038698,30,10,2019,11:35:00,1,75,75103,2,2,1,3,"RUE ETIENNE MARCEL","48,8634000","2,3509450",201900038698,138 233 352,B01,1,1,0,2,7,1,5,NULL,201900038698,138 233 351,A01,1,1,1,1,1976,4,1,0,-1,0,0,-1,201900038698,4,"RUE ETIENNE MARCEL",0,NULL,2,2,1,1,0,0,1,NULL,NULL,1,0,5,30
201900038698,30,10,2019,11:35:00,1,75,75103,2,2,1,3,"RUE ETIENNE MARCEL","48,8634000","2,3509450",201900038698,138 233 352,B01,1,1,0,2,7,1,5,NULL,201900038698,138 233 351,A01,3,2,1,2,1984,0,1,0,-1,0,0,-1,201900038698,4,"RUE ETIENNE MARCEL",0,NULL,2,2,1,1,0,0,1,NULL,NULL,1,0,5,30
201900038698,30,10,2019,11:35:00,1,75,75103,2,2,1,3,"RUE ETIENNE MARCEL","48,8634000","2,3509450",201900038698,138 233 352,B01,1,1,0,2,7,1,5,NULL,201900038698,138 233 352,B01,1,1,3,2,1988,1,8,2,-1,0,0,-1,201900038698,4,"RUE ETIENNE MARCEL",0,NULL,2,2,1,1,0,0,1,NULL,NULL,1,0,5,30
201900039687,17,7,2019,23:10:00,5,13,13207,2,2,1,3,"SAUVEUR TOBELEM (RUE)","43,2880100","5,3634800",201900039687,138 231 494,A01,1,1,0,2,1,1,5,NULL,201900039687,138 231 494,A01,1,1,4,1,1990,5,8,0,-1,-1," -1",-1,201900039687,4,"SAUVEUR TOBELEM (RUE)",0,NULL,1,1,0,1,0,0,1,NULL,NULL,1,0,1,50
201900039687,17,7,2019,23:10:00,5,13,13207,2,2,1,3,"SAUVEUR TOBELEM (RUE)","43,2880100","5,3634800",201900039687,138 231 494,A01,1,1,0,2,1,1,5,NULL,201900039687,138 231 495,B01,1,1,1,1,1985,0,1,0,-1,-1," -1",-1,201900039687,4,"SAUVEUR TOBELEM (RUE)",0,NULL,1,1,0,1,0,0,1,NULL,NULL,1,0,1,50
201900042393,5,11,2019,15:00:00,1,75,75114,2,1,1,3,"RUE LEBOUIS","48,8364510","2,3219300",201900042393,138 226 418,B01,1,1,0,2,2,1,5,NULL,201900042393,138 226 418,B01,1,1,4,1,1990,5,8,2,-1,0,0,-1,201900042393,4,"RUE LEBOUIS",0,NULL,1,1,1,1,11,0,1,NULL,NULL,1,0,5,50
201900042393,5,11,2019,15:00:00,1,75,75114,2,1,1,3,"RUE LEBOUIS","48,8364510","2,3219300",201900042393,138 226 418,B01,1,1,0,2,2,1,5,NULL,201900042393,138 226 419,A01,3,2,1,1,1976,4,1,0,-1,0,0,-1,201900042393,4,"RUE LEBOUIS",0,NULL,1,1,1,1,11,0,1,NULL,NULL,1,0,5,50
201900042393,5,11,2019,15:00:00,1,75,75114,2,1,1,3,"RUE LEBOUIS","48,8364510","2,3219300",201900042393,138 226 418,B01,1,1,0,2,2,1,5,NULL,201900042393,138 226 419,A01,1,1,1,1,1985,4,1,0,-1,0,0,-1,201900042393,4,"RUE LEBOUIS",0,NULL,1,1,1,1,11,0,1,NULL,NULL,1,0,5,50
201900046391,29,9,2019,19:25:00,5,67,67348,2,2,1,1,"45 boulevard de l'Europe","48,4643910","7,4948260",201900046391,138 218 803,B01,1,1,0,2,7,19,5,NULL,201900046391,138 218 803,B01,1,1,4,1,2007,5,0,-1,-1,0,0,-1,201900046391,4,"Bvd de l'Europe",0,NULL,1,1,0,1,(1),(1),1,NULL,NULL,1,5,1,50
201900046391,29,9,2019,19:25:00,5,67,67348,2,2,1,1,"45 boulevard de l'Europe","48,4643910","7,4948260",201900046391,138 218 803,B01,1,1,0,2,7,19,5,NULL,201900046391,138 218 804,A01,2,2,1,1,1988,5,1,-1,-1,0,0,-1,201900046391,4,"Bvd de l'Europe",0,NULL,1,1,0,1,(1),(1),1,NULL,NULL,1,5,1,50
201900046391,29,9,2019,19:25:00,5,67,67348,2,2,1,1,"45 boulevard de l'Europe","48,4643910","7,4948260",201900046391,138 218 803,B01,1,1,0,2,7,19,5,NULL,201900046391,138 218 804,A01,1,1,1,2,1994,5,1,-1,-1,0,0,-1,201900046391,4,"Bvd de l'Europe",0,NULL,1,1,0,1,(1),(1),1,NULL,NULL,1,5,1,50
201900047678,22,2,2019,11:10:00,1,17,17028,2,1,7,2,"LYSIACK  AVENUE DU COMMANDANT","46,1384070"," -1,1299850",201900047678,138 216 382,A01,2,1,0,2,1,2,5,NULL,201900047678,138 216 382,A01,1,1,4,1,1965,5,2,8,-1,-1," -1",-1,201900047678,4,"LYSIACK   AVENUE DU COMMANDANT",0,NULL,3,4,2,2,0,0,1,NULL,NULL,1,0,1,30
201900047678,22,2,2019,11:10:00,1,17,17028,2,1,7,2,"LYSIACK  AVENUE DU COMMANDANT","46,1384070"," -1,1299850",201900047678,138 216 382,A01,2,1,0,2,1,2,5,NULL,201900047678,138 216 383,B01,1,1,1,1,1980,4,1,8,-1,-1," -1",-1,201900047678,4,"LYSIACK   AVENUE DU COMMANDANT",0,NULL,3,4,2,2,0,0,1,NULL,NULL,1,0,1,30
201900048228,27,9,2019,17:45:00,1,64,64492,1,1,1,7,"chemin napoleon RD 428","43,1242133"," -1,2450004",201900048228,138 215 405,A01,2,1,13,0,1,1,5,NULL,201900048228,138 215 405,A01,1,1,2,1,1957,5,2,-1,-1,0,0,-1,201900048228,3,428,0,NULL,-1,2,0,2,4,800,1,NULL,NULL,1,0,3,80
201900048377,26,9,2019,07:45:00,2,92,92012,2,1,2,6,"CHATEAU (RUE DU) 1/125 - 2/136","48,8428700","2,2432000",201900048377,138 215 098,A01,2,1,0,1,1,0,5,NULL,201900048377,138 215 098,A01,10,3,1,1,1981,1,8,0,-1,2,3,1,201900048377,4,"CHATEAU (RUE DU) 1/125 - 2/136",0,NULL,2,2,0,1,0,0,1,NULL,NULL,1,0,1,50
201900048377,26,9,2019,07:45:00,2,92,92012,2,1,2,6,"CHATEAU (RUE DU) 1/125 - 2/136","48,8428700","2,2432000",201900048377,138 215 098,A01,2,1,0,1,1,0,5,NULL,201900048377,138 215 098,A01,1,1,4,1,1967,1,8,0,-1,-1," -1",-1,201900048377,4,"CHATEAU (RUE DU) 1/125 - 2/136",0,NULL,2,2,0,1,0,0,1,NULL,NULL,1,0,1,50
201900051905,26,9,2019,07:10:00,1,973,97309,2,2,1,7,"Rue des Bougainvilliers","4,9100820"," -52,2838290",201900051905,138 208 536,A01,2,1,16,0,7,21,5,NULL,201900051905,138 208 536,A01,1,1,4,2,2007,2,0,-1,-1,0,0,-1,201900051905,4,"rue des bougainvilliers",NULL,NULL,2,2,0,1,(1),(1),1,NULL,NULL,1,0,1,30
201900052443,11,7,2019,15:58:00,1,56,56121,2,6,1,3,"LE MAUX ( BD JEAN )","47,7572900"," -3,3876500",201900052443,138 207 454,B01,1,1,0,2,0,1,5,NULL,201900052443,138 207 453,A01,1,1,1,2,1929,0,1,8,-1,0,0,-1,201900052443,4,"LE MAUX ( BD JEAN )",0,NULL,1,2,0,1,(1),(1),1,NULL,NULL,1,5,1,50
201900052443,11,7,2019,15:58:00,1,56,56121,2,6,1,3,"LE MAUX ( BD JEAN )","47,7572900"," -3,3876500",201900052443,138 207 454,B01,1,1,0,2,0,1,5,NULL,201900052443,138 207 454,B01,1,1,3,1,1958,0,8,8,-1,0,0,-1,201900052443,4,"LE MAUX ( BD JEAN )",0,NULL,1,2,0,1,(1),(1),1,NULL,NULL,1,5,1,50
201900054052,10,7,2019,17:45:00,1,92,92004,2,1,1,2,"GEORGES GUYNEMER (RUE)","48,9149800","2,2893600",201900054052,138 204 384,B01,3,1,0,2,9,2,0,NULL,201900054052,138 204 384,B01,2,1,4,1,1988,1,8,0,-1,-1,0,-1,201900054052,4,"GEORGES GUYNEMER (RUE)",0,NULL,-1,2,0,1,0,0,1,NULL,NULL,1,0,1,50
201900054052,10,7,2019,17:45:00,1,92,92004,2,1,1,2,"GEORGES GUYNEMER (RUE)","48,9149800","2,2893600",201900054052,138 204 384,B01,3,1,0,2,9,2,0,NULL,201900054052,138 204 386,A01,1,1,1,2,1959,0,1,0,-1,-1,0,-1,201900054052,4,"GEORGES GUYNEMER (RUE)",0,NULL,-1,2,0,1,0,0,1,NULL,NULL,1,0,1,50
201900056213,18,8,2019,11:50:00,1,64,64189,2,1,1,2,"JAURES JEAN  (AVENUE)","43,3833900"," -1,6674900",201900056213,138 200 425,A01,1,1,0,2,1,2,5,NULL,201900056213,138 200 424,B01,1,1,1,2,1964,0,1,0,-1,0,0,-1,201900056213,4,"JAURES JEAN  (AVENUE)",0,NULL,2,2,0,1,0,0,1,NULL,NULL,1,0,1,50
201900056213,18,8,2019,11:50:00,1,64,64189,2,1,1,2,"JAURES JEAN  (AVENUE)","43,3833900"," -1,6674900",201900056213,138 200 425,A01,1,1,0,2,1,2,5,NULL,201900056213,138 200 425,A01,1,1,4,1,1952,0,8,0,-1,0,0,-1,201900056213,4,"JAURES JEAN  (AVENUE)",0,NULL,2,2,0,1,0,0,1,NULL,NULL,1,0,1,50
201900057843,22,5,2019,15:45:00,1,68,68051,2,1,1,3,"1 Rue de Muhlbach","48,0239930","7,0998810",201900057843,138 197 439,B01,0,1,0,2,8,1,5,NULL,201900057843,138 197 439,B01,1,1,4,2,1950,5,2,-1,-1,0,0,-1,201900057843,4,NULL,NULL,NULL,2,2,0,1,(1),(1),1,NULL,NULL,1,0,1,50
201900057843,22,5,2019,15:45:00,1,68,68051,2,1,1,3,"1 Rue de Muhlbach","48,0239930","7,0998810",201900057843,138 197 439,B01,0,1,0,2,8,1,5,NULL,201900057843,138 197 440,A01,1,1,1,2,1985,5,1,-1,-1,0,0,-1,201900057843,4,NULL,NULL,NULL,2,2,0,1,(1),(1),1,NULL,NULL,1,0,1,50
201900058326,16,8,2019,19:45:00,1,69,69381,2,9,1,3,"JEAN MOULIN                         (QU)","45,7667300","4,8379700",201900058326,138 196 569,B01,3,1,0,2,1,15,5,NULL,201900058326,138 196 569,B01,2,1,4,1,1961,5,8,0,-1,-1,0,-1,201900058326,4,"JEAN MOULIN                         (QU)",0,NULL,1,4,0,1,4,576,1,NULL,NULL,1,0,1,5
201900058326,16,8,2019,19:45:00,1,69,69381,2,9,1,3,"JEAN MOULIN                         (QU)","45,7667300","4,8379700",201900058326,138 196 569,B01,3,1,0,2,1,15,5,NULL,201900058326,138 196 572,A01,1,1,1,2,1991,1,1,0,-1,-1,0,-1,201900058326,4,"JEAN MOULIN                         (QU)",0,NULL,1,4,0,1,4,576,1,NULL,NULL,1,0,1,5
201900011207,14,11,2019,19:50:00,5,92,92014,2,2,1,3,"GENERAL LECLERC (AV.) (1 A 55BIS - 2 A 4","48,7824601","2,3165969",201900011207,138 285 688,B01,1,1,0,2,1,19,5,NULL,201900011207,138 285 687,A01,2,2,1,2,2004,2,1,0,-1,-1,0,-1,201900011207,3,920,0,NULL,1,3,1,2,0,0,1,NULL,NULL,1,5,1,50
201900011207,14,11,2019,19:50:00,5,92,92014,2,2,1,3,"GENERAL LECLERC (AV.) (1 A 55BIS - 2 A 4","48,7824601","2,3165969",201900011207,138 285 688,B01,1,1,0,2,1,19,5,NULL,201900011207,138 285 687,A01,1,1,1,2,1976,2,1,0,-1,-1,0,-1,201900011207,3,920,0,NULL,1,3,1,2,0,0,1,NULL,NULL,1,5,1,50