Num_Acc,jour,mois,an,hrmn,lum,dep,com,agg,int,atm,col,adr,lat,long,Num_Acc,id_vehicule,num_veh,senc,catv,obs,obsm,choc,manv,motor,occutc,Num_Acc,id_vehicule,num_veh,place,catu,grav,sexe,an_nais,trajet,secu1,secu2,secu3,locp,actp,etatp,Num_Acc,catr,voie,v1,v2,circ,nbv,vosp,prof,pr,pr1,plan,lartpc,larrout,surf,infra,situ,vma
201900011207,14,11,2019,19:50:00,5,92,92014,2,2,1,3,"GENERAL LECLERC (AV.) (1 A 55BIS - 2 A 4","48,7824601","2,3165969",201900011207,138 285 688,B01,1,1,0,2,1,19,5,NULL,201900011207,138 285 688,B01,1,1,4,1,1987,0,8,0,-1,-1,0,-1,201900011207,3,920,0,NULL,1,3,1,2,0,0,1,NULL,NULL,1,5,1,50
201900012190,17,4,2019,08:10:00,1,94,94046,2,1,1,3,"REPUBLIQUE (AV DE LA)","48,8047800","2,4385100",201900012190,138 283 790,B01,1,1,16,2,1,1,5,NULL,201900012190,138 283 789,A01,1,1,1,1,1979,1,1,0,-1,-1,0,-1,201900012190,3,148,0,NULL,-1,2,0,1,0,0,1,NULL,NULL,1,0,1,50
201900012190,17,4,2019,08:10:00,1,94,94046,2,1,1,3,"REPUBLIQUE (AV DE LA)","48,8047800","2,4385100",201900012190,138 283 790,B01,1,1,16,2,1,1,5,NULL,201900012190,138 283 790,B01,1,1,4,2,1979,1,2,0,-1,-1,0,-1,201900012190,3,148,0,NULL,-1,2,0,1,0,0,1,NULL,NULL,1,0,1,50
201900015234,10,9,2019,18:10:00,1,38,38537,2,1,1,3,"avenue de lesdiguiere","45,6367570","5,1426490",201900015234,138 277 997,B01,1,1,0,9,7,1,5,NULL,201900015234,138 277 997,B01,1,1,3,1,1969,1,0,-1,-1,0,0,-1,201900015234,3,125,NULL,NULL,2,2,0,1,1,0,1,NULL,NULL,1,0,1,50
201900015234,10,9,2019,18:10:00,1,38,38537,2,1,1,3,"avenue de lesdiguiere","45,6367570","5,1426490",201900015234,138 277 997,B01,1,1,0,9,7,1,5,NULL,201900015234,138 277 998,A01,1,1,1,1,1981,9,8,-1,-1,0,0,-1,201900015234,3,125,NULL,NULL,2,2,0,1,1,0,1,NULL,NULL,1,0,1,50
201900015637,14,10,2019,13:13:00,1,49,49007,2,1,1,3,"ROMANERIE BOULEVARD","47,4862500"," -0,5142000",201900015637,138 277 251,B01,1,1,0,2,4,0,5,NULL,201900015637,138 277 251,B01,1,1,4,1,1942,5,8,0,-1,-1," -1",-1,201900015637,4,"ROMANERIE BOULEVARD",0,NULL,2,2,0,1,0,0,1,NULL,NULL,1,0,1,60
201900015637,14,10,2019,13:13:00,1,49,49007,2,1,1,3,"ROMANERIE BOULEVARD","47,4862500"," -0,5142000",201900015637,138 277 251,B01,1,1,0,2,4,0,5,NULL,201900015637,138 277 252,A01,1,1,1,1,1982,0,1,8,-1,-1," -1",-1,201900015637,4,"ROMANERIE BOULEVARD",0,NULL,2,2,0,1,0,0,1,NULL,NULL,1,0,1,60
201900016468,18,11,2019,16:15:00,1,17,17306,2,1,1,2,AMPERE,"45,6306600"," -1,0051800",201900016468,138 275 671,B01,0,1,0,0,0,0,5,NULL,201900016468,138 275 670,A01,1,1,1,2,1978,0,1,0,-1,-1," -1",-1,201900016468,4,"Jean Delay",0,NULL,2,2,0,2,1,1,1,NULL,NULL,1,9,1,50
201900016468,18,11,2019,16:15:00,1,17,17306,2,1,1,2,AMPERE,"45,6306600"," -1,0051800",201900016468,138 275 671,B01,0,1,0,0,0,0,5,NULL,201900016468,138 275 671,B01,1,1,4,1,1946,3,8,0,-1,-1," -1",-1,201900016468,4,"Jean Delay",0,NULL,2,2,0,2,1,1,1,NULL,NULL,1,9,1,50
201900017796,3,8,2019,08:10:00,1,64,64348,1,1,7,6,"ERCKMAN CHATRIAN","43,3259800"," -0,3871400",201900017796,138 273 134,B01,2,1,0,2,7,0,5,NULL,201900017796,138 273 133,C01,1,1,4,1,1986,5,2,8,-1,0,0,-1,201900017796,4,"ERCKMAN CHATRIAN",0,NULL,1,1,0,1,0,0,2,NULL,NULL,1,0,1,50
201900017796,3,8,2019,08:10:00,1,64,64348,1,1,7,6,"ERCKMAN CHATRIAN","43,3259800"," -0,3871400",201900017796,138 273 133,C01,1,1,0,2,7,2,5,NULL,201900017796,138 273 133,C01,1,1,4,1,1986,5,2,8,-1,0,0,-1,201900017796,4,"ERCKMAN CHATRIAN",0,NULL,1,1,0,1,0,0,2,NULL,NULL,1,0,1,50
201900017796,3,8,2019,08:10:00,1,64,64348,1,1,7,6,"ERCKMAN CHATRIAN","43,3259800"," -0,3871400",201900017796,138 273 134,B01,2,1,0,2,7,0,5,NULL,201900017796,138 273 134,B01,1,1,4,1,1984,5,2,0,-1,0,0,-1,201900017796,4,"ERCKMAN CHATRIAN",0,NULL,1,1,0,1,0,0,2,NULL,NULL,1,0,1,50
201900017796,3,8,2019,08:10:00,1,64,64348,1,1,7,6,"ERCKMAN CHATRIAN","43,3259800"," -0,3871400",201900017796,138 273 133,C01,1,1,0,2,7,2,5,NULL,201900017796,138 273 134,B01,1,1,4,1,1984,5,2,0,-1,0,0,-1,201900017796,4,"ERCKMAN CHATRIAN",0,NULL,1,1,0,1,0,0,2,NULL,NULL,1,0,1,50
201900017796,3,8,2019,08:10:00,1,64,64348,1,1,7,6,"ERCKMAN CHATRIAN","43,3259800"," -0,3871400",201900017796,138 273 134,B01,2,1,0,2,7,0,5,NULL,201900017796,138 273 135,A01,1,1,1,1,1965,5,1,8,-1,0,0,-1,201900017796,4,"ERCKMAN CHATRIAN",0,NULL,1,1,0,1,0,0,2,NULL,NULL,1,0,1,50
201900017796,3,8,2019,08:10:00,1,64,64348,1,1,7,6,"ERCKMAN CHATRIAN","43,3259800"," -0,3871400",201900017796,138 273 133,C01,1,1,0,2,7,2,5,NULL,201900017796,138 273 135,A01,1,1,1,1,1965,5,1,8,-1,0,0,-1,201900017796,4,"ERCKMAN CHATRIAN",0,NULL,1,1,0,1,0,0,2,NULL,NULL,1,0,1,50
201900022883,7,9,2019,10:15:00,1,80,80001,2,9,1,3,"JEAN MENNESSON","50,1155200","1,8254800",201900022883,138 263 545,B01,3,1,0,2,7,1,5,NULL,201900022883,138 263 545,B01,1,1,3,1,1931,5,8,0,-1,-1," -1",-1,201900022883,6,"JEAN MENNESSON",0,NULL,2,2,0,1,0,0,1,NULL,NULL,1,0,1,30
201900022883,7,9,2019,10:15:00,1,80,80001,2,9,1,3,"JEAN MENNESSON","50,1155200","1,8254800",201900022883,138 263 545,B01,3,1,0,2,7,1,5,NULL,201900022883,138 263 546,A01,1,1,1,1,1949,3,1,0,-1,-1," -1",-1,201900022883,6,"JEAN MENNESSON",0,NULL,2,2,0,1,0,0,1,NULL,NULL,1,0,1,30
201900024904,29,6,2019,09:05:00,1,7,07281,2,6,1,3,"LIBERATION (CARREFOUR DE LA)","44,9457790","4,8471390",201900024904,138 259 468,B01,3,1,0,2,7,0,0,NULL,201900024904,138 259 468,B01,2,2,4,1,1977,5,2,0,-1,-1," -1",-1,201900024904,3,86,0,NULL,2,2,0,2,51,500,2,NULL,NULL,1,9,1,50
201900024904,29,6,2019,09:05:00,1,7,07281,2,6,1,3,"LIBERATION (CARREFOUR DE LA)","44,9457790","4,8471390",201900024904,138 259 468,B01,3,1,0,2,7,0,0,NULL,201900024904,138 259 469,A01,1,1,1,2,1992,1,1,0,-1,-1," -1",-1,201900024904,3,86,0,NULL,2,2,0,2,51,500,2,NULL,NULL,1,9,1,50
201900026060,6,10,2019,03:05:00,5,49,49007,2,1,1,3,BOREAU,"47,4746000"," -0,5467700",201900026060,138 257 272,B01,1,1,0,2,1,26,5,NULL,201900026060,138 257 271,A01,1,1,1,2,1998,0,1,8,-1,-1," -1",-1,201900026060,4,BOREAU,0,NULL,-1,1,0,1,0,0,1,NULL,NULL,1,0,1,30
201900026060,6,10,2019,03:05:00,5,49,49007,2,1,1,3,BOREAU,"47,4746000"," -0,5467700",201900026060,138 257 272,B01,1,1,0,2,1,26,5,NULL,201900026060,138 257 272,B01,1,1,4,1,1998,0,8,0,-1,-1,0,-1,201900026060,4,BOREAU,0,NULL,-1,1,0,1,0,0,1,NULL,NULL,1,0,1,30
201900026808,12,4,2019,15:15:00,1,69,69387,2,2,1,3,"GUILLOTIERE (DE LA)                 (GR)","45,7509700","4,8482500",201900026808,138 255 883,B01,1,1,0,2,8,1,5,NULL,201900026808,138 255 883,B01,1,1,3,1,1996,0,8,0,-1,0,0,-1,201900026808,4,"GUILLOTIERE (DE LA)                 (GR)",0,NULL,1,1,1,1,1,0,1,NULL,NULL,1,0,1,50
201900026808,12,4,2019,15:15:00,1,69,69387,2,2,1,3,"GUILLOTIERE (DE LA)                 (GR)","45,7509700","4,8482500",201900026808,138 255 883,B01,1,1,0,2,8,1,5,NULL,201900026808,138 255 884,A01,1,1,1,1,1986,4,1,0,-1,0,0,-1,201900026808,4,"GUILLOTIERE (DE LA)                 (GR)",0,NULL,1,1,1,1,1,0,1,NULL,NULL,1,0,1,50
201900030119,26,6,2019,08:55:00,1,75,75111,2,1,1,2,"RUE RICHARD LENOIR","48,8542810","2,3699450",201900030119,138 249 670,B01,2,1,0,2,7,17,5,NULL,201900030119,138 249 669,A01,1,1,1,2,1970,5,1,0,-1,0,0,-1,201900030119,4,"RUE RICHARD LENOIR",0,NULL,1,1,2,1,0,0,1,NULL,NULL,1,0,1,30
201900030119,26,6,2019,08:55:00,1,75,75111,2,1,1,2,"RUE RICHARD LENOIR","48,8542810","2,3699450",201900030119,138 249 670,B01,2,1,0,2,7,17,5,NULL,201900030119,138 249 670,B01,1,1,4,2,1979,5,2,0,-1,0,0,-1,201900030119,4,"RUE RICHARD LENOIR",0,NULL,1,1,2,1,0,0,1,NULL,NULL,1,0,1,30
201900032775,16,5,2019,17:25:00,1,17,17300,2,1,1,3,"MONNET   AVENUE JEAN","46,1473500"," -1,1518300",201900032775,138 244 646,B01,3,1,0,2,8,19,5,NULL,201900032775,138 244 645,A01,1,1,1,1,1947,0,1,0,-1,-1,0,-1,201900032775,4,"MONNET   AVENUE JEAN",0,NULL,2,1,0,1,0,0,1,NULL,NULL,1,6,1,50
201900032775,16,5,2019,17:25:00,1,17,17300,2,1,1,3,"MONNET   AVENUE JEAN","46,1473500"," -1,1518300",201900032775,138 244 646,B01,3,1,0,2,8,19,5,NULL,201900032775,138 244 646,B01,1,1,4,1,1959,1,8,0,-1,-1,0,-1,201900032775,4,"MONNET   AVENUE JEAN",0,NULL,2,1,0,1,0,0,1,NULL,NULL,1,6,1,50
201900032859,4,11,2019,13:00:00,1,63,63113,2,1,1,6,"PREVOST (RUE ABBE)","45,7933884","3,0842028",201900032859,138 244 481,B01,1,1,0,2,1,1,5,NULL,201900032859,138 244 481,B01,1,1,4,1,2000,0,8,0,-1,-1," -1",-1,201900032859,4,"PREVOST (RUE ABBE)",0,NULL,2,2,0,1,0,0,1,NULL,NULL,2,0,1,50
201900032859,4,11,2019,13:00:00,1,63,63113,2,1,1,6,"PREVOST (RUE ABBE)","45,7933884","3,0842028",201900032859,138 244 481,B01,1,1,0,2,1,1,5,NULL,201900032859,138 244 482,A01,1,1,1,2,1963,0,1,0,-1,0,0,-1,201900032859,4,"PREVOST (RUE ABBE)",0,NULL,2,2,0,1,0,0,1,NULL,NULL,2,0,1,50
201900034947,5,11,2019,18:35:00,5,11,11262,2,9,1,6,"DE GAULLE (BOULEVARD DU GENERAL)","43,1841700","3,0085400",201900034947,138 240 448,C01,1,1,0,2,5,25,5,NULL,201900034947,138 240 448,C01,2,1,4,1,2003,2,8,4,-1,-1," -1",-1,201900034947,4,"DE GAULLE (BOULEVARD DU GENERAL)",0,NULL,2,3,0,1,0,0,1,NULL,NULL,1,0,1,50
201900034947,5,11,2019,18:35:00,5,11,11262,2,9,1,6,"DE GAULLE (BOULEVARD DU GENERAL)","43,1841700","3,0085400",201900034947,138 240 448,C01,1,1,0,2,5,25,5,NULL,201900034947,138 240 449,A01,1,1,1,1,1992,5,1,8,-1,-1," -1",-1,201900034947,4,"DE GAULLE (BOULEVARD DU GENERAL)",0,NULL,2,3,0,1,0,0,1,NULL,NULL,1,0,1,50
201900034947,5,11,2019,18:35:00,5,11,11262,2,9,1,6,"DE GAULLE (BOULEVARD DU GENERAL)","43,1841700","3,0085400",201900034947,138 240 448,C01,1,1,0,2,5,25,5,NULL,201900034947,138 240 450,B01,1,1,1,1,1994,9,1,8,-1,0,0,-1,201900034947,4,"DE GAULLE (BOULEVARD DU GENERAL)",0,NULL,2,3,0,1,0,0,1,NULL,NULL,1,0,1,50
201900036837,22,6,2019,10:15:00,1,41,41269,2,9,1,3,"INDUSTRIE (BOULEVARD DE L')","47,8005900","1,0474000",201900036837,138 236 803,B01,3,1,0,2,0,1,5,NULL,201900036837,138 236 803,B01,1,1,4,2,1943,5,8,0,-1,0," -1",-1,201900036837,9,"INDUSTRIE (BOULEVARD DE L')",0,NULL,4,1,0,1,0,0,3,NULL,NULL,1,0,1,50
201900036837,22,6,2019,10:15:00,1,41,41269,2,9,1,3,"INDUSTRIE (BOULEVARD DE L')","47,8005900","1,0474000",201900036837,138 236 803,B01,3,1,0,2,0,1,5,NULL,201900036837,138 236 804,A01,1,1,1,1,1936,1,1,0,-1,0," -1",-1,201900036837,9,"INDUSTRIE (BOULEVARD DE L')",0,NULL,4,1,0,1,0,0,3,NULL,NULL,1,0,1,50
201900038272,12,12,2019,12:15:00,1,34,34310,1,1,1,1,D19,"43,4031400","3,1661300",201900038272,138 234 122,B01,2,1,0,2,4,1,5,NULL,201900038272,138 234 121,A01,1,1,1,1,1948,5,1,-1,-1,0,0,-1,201900038272,3,19,0,NULL,2,2,0,1,20,700,3,NULL,NULL,1,0,3,80
201900038272,12,12,2019,12:15:00,1,34,34310,1,1,1,1,D19,"43,4031400","3,1661300",201900038272,138 234 122,B01,2,1,0,2,4,1,5,NULL,201900038272,138 234 122,B01,1,1,4,1,1966,5,2,-1,-1,0,0,-1,201900038272,3,19,0,NULL,2,2,0,1,20,700,3,NULL,NULL,1,0,3,80
201900038897,1,10,2019,17:10:00,1,35,35238,2,1,1,3,"NANTES (DE)","48,0977800"," -1,6887400",201900038897,138 232 965,B01,1,1,0,2,3,9,5,NULL,201900038897,138 232 965,B01,1,1,4,2,2007,0,8,0,-1,-1,0,-1,201900038897,4,"NANTES (DE)",0,NULL,1,2,1,2,0,0,1,NULL,NULL,1,0,1,50
201900038897,1,10,2019,17:10:00,1,35,35238,2,1,1,3,"NANTES (DE)","48,0977800"," -1,6887400",201900038897,138 232 965,B01,1,1,0,2,3,9,5,NULL,201900038897,138 232 966,A01,1,1,1,1,1979,1,1,0,-1,-1," -1",-1,201900038897,4,"NANTES (DE)",0,NULL,1,2,1,2,0,0,1,NULL,NULL,1,0,1,50
201900038902,27,9,2019,07:45:00,2,33,33529,2,6,1,3,"GRAILLY (RUE JEAN DE) DU 31 ET +","44,6267000"," -1,1415000",201900038902,138 232 955,B01,2,1,0,2,5,1,0,NULL,201900038902,138 232 955,B01,1,1,4,2,1960,1,8,0,-1,0,0,-1,201900038902,3,112,NULL,NULL,1,1,-1,1,0,790,2,NULL,NULL,1,5,1,-1
201900038902,27,9,2019,07:45:00,2,33,33529,2,6,1,3,"GRAILLY (RUE JEAN DE) DU 31 ET +","44,6267000"," -1,1415000",201900038902,138 232 955,B01,2,1,0,2,5,1,0,NULL,201900038902,138 232 956,A01,1,1,1,1,1988,0,1,0,-1,0,0,-1,201900038902,3,112,NULL,NULL,1,1,-1,1,0,790,2,NULL,NULL,1,5,1,-1
201900040171,21,5,2019,13:45:00,1,75,75102,2,1,1,6,"RUE VIVIENNE","48,8707840","2,3411090",201900040171,138 230 593,A01,1,1,1,2,5,18,5,NULL,201900040171,138 230 592,B01,1,1,1,1,1990,4,1,0,-1,0,0,-1,201900040171,4,"RUE VIVIENNE",0,NULL,1,1,0,1,0,0,1,NULL,NULL,2,0,1,30
201900040171,21,5,2019,13:45:00,1,75,75102,2,1,1,6,"RUE VIVIENNE","48,8707840","2,3411090",201900040171,138 230 593,A01,1,1,1,2,5,18,5,NULL,201900040171,138 230 592,B01,3,2,1,1,1956,0,1,0,-1,0,0,-1,201900040171,4,"RUE VIVIENNE",0,NULL,1,1,0,1,0,0,1,NULL,NULL,2,0,1,30
201900040171,21,5,2019,13:45:00,1,75,75102,2,1,1,6,"RUE VIVIENNE","48,8707840","2,3411090",201900040171,138 230 593,A01,1,1,1,2,5,18,5,NULL,201900040171,138 230 593,A01,1,1,4,2,1994,9,2,0,-1,0,0,-1,201900040171,4,"RUE VIVIENNE",0,NULL,1,1,0,1,0,0,1,NULL,NULL,2,0,1,30
201900041421,5,4,2019,08:40:00,1,92,92012,2,1,1,2,"ALPHONSE LE GALLO (QUAI) 1/34","48,8304306","2,2280730",201900041421,138 228 306,B01,1,1,0,2,4,1,5,NULL,201900041421,138 228 305,A01,1,1,1,1,1993,1,1,0,-1,-1,0,-1,201900041421,3,1,0,NULL,3,4,0,1,0,0,1,NULL,NULL,1,0,1,50
201900041421,5,4,2019,08:40:00,1,92,92012,2,1,1,2,"ALPHONSE LE GALLO (QUAI) 1/34","48,8304306","2,2280730",201900041421,138 228 306,B01,1,1,0,2,4,1,5,NULL,201900041421,138 228 306,B01,2,1,4,1,1944,0,8,0,-1,-1,0,-1,201900041421,3,1,0,NULL,3,4,0,1,0,0,1,NULL,NULL,1,0,1,50
201900044648,13,8,2019,08:05:00,1,13,13004,1,1,1,1,"RD.8Chemin de l'Ilon et Pâti","43,6686890","4,7405910",201900044648,138 222 172,B01,0,1,1,2,1,1,5,NULL,201900044648,138 222 172,B01,1,1,3,1,1944,5,2,-1,-1,0,0,-1,201900044648,3,83,NULL,D,2,2,0,1,7,0,1,NULL,NULL,1,0,1,80
201900044648,13,8,2019,08:05:00,1,13,13004,1,1,1,1,"RD.8Chemin de l'Ilon et Pâti","43,6686890","4,7405910",201900044648,138 222 172,B01,0,1,1,2,1,1,5,NULL,201900044648,138 222 173,A01,1,1,4,1,1975,4,0,-1,-1,0,0,-1,201900044648,3,83,NULL,D,2,2,0,1,7,0,1,NULL,NULL,1,0,1,80
201900044976,3,4,2019,18:20:00,1,75,75113,2,1,1,1,"QUAI PANHARD ET LEVASSOR","48,8277820","2,3852720",201900044976,138 221 527,A01,2,1,0,2,1,13,5,NULL,201900044976,138 221 526,B01,1,1,4,1,1979,1,8,0,-1,0,0,-1,201900044976,4,"QUAI PANHARD ET LEVASSOR",0,NULL,2,1,1,1,0,0,2,NULL,NULL,1,1,5,30
201900044976,3,4,2019,18:20:00,1,75,75113,2,1,1,1,"QUAI PANHARD ET LEVASSOR","48,8277820","2,3852720",201900044976,138 221 527,A01,2,1,0,2,1,13,5,NULL,201900044976,138 221 527,A01,1,1,4,1,1989,1,2,0,-1,0,0,-1,201900044976,4,"QUAI PANHARD ET LEVASSOR",0,NULL,2,1,1,1,0,0,2,NULL,NULL,1,1,5,30
201900045511,7,12,2019,10:30:00,1,51,51608,1,1,1,7,"RD 62","48,8421184","4,8529512",201900045511,138 220 511,A01,1,1,0,0,0,0,5,NULL,201900045511,138 220 511,A01,1,1,3,1,1968,5,2,-1,-1,0,0,-1,201900045511,3,62,0,NULL,2,2,0,1,2,900,1,NULL,NULL,2,0,1,80
201900045960,23,2,2019,15:30:00,1,69,69383,2,1,1,1,"GAMBETTA                            (CO)","45,7539500","4,8467400",201900045960,138 219 640,B01,2,1,0,0,1,5,0,NULL,201900045960,138 219 640,B01,1,1,4,1,2002,0,8,0,-1,0,0,-1,201900045960,4,"GAMBETTA                            (CO)",0,NULL,1,4,0,1,1,0,1,NULL,NULL,1,0,1,50
201900045960,23,2,2019,15:30:00,1,69,69383,2,1,1,1,"GAMBETTA                            (CO)","45,7539500","4,8467400",201900045960,138 219 640,B01,2,1,0,0,1,5,0,NULL,201900045960,138 219 641,A01,1,1,1,1,1976,0,1,0,-1,0,0,-1,201900045960,4,"GAMBETTA                            (CO)",0,NULL,1,4,0,1,1,0,1,NULL,NULL,1,0,1,50
201900049368,12,6,2019,08:55:00,1,49,49328,2,1,1,6,"DELESSERT (BOULEVARD BENJAMIN)","47,2598200"," -0,0889800",201900049368,138 213 285,B01,1,1,0,2,1,1,5,NULL,201900049368,138 213 285,B01,1,1,4,1,1971,1,8,0,-1,-1,0,-1,201900049368,4,"DELESSERT (BOULEVARD BENJAMIN)",0,NULL,2,4,1,1,0,0,1,NULL,NULL,1,0,1,50
201900049368,12,6,2019,08:55:00,1,49,49328,2,1,1,6,"DELESSERT (BOULEVARD BENJAMIN)","47,2598200"," -0,0889800",201900049368,138 213 285,B01,1,1,0,2,1,1,5,NULL,201900049368,138 213 286,A01,1,1,1,1,1969,5,1,0,-1,-1,0,-1,201900049368,4,"DELESSERT (BOULEVARD BENJAMIN)",0,NULL,2,4,1,1,0,0,1,NULL,NULL,1,0,1,50
201900049748,27,10,2019,19:30:00,2,49,49007,2,1,2,3,"TALET AVENUE","47,4762800"," -0,5477200",201900049748,138 212 566,B01,1,1,0,2,0,0,5,NULL,201900049748,138 212 566,B01,1,1,4,1,2000,0,8,0,-1,-1,0,-1,201900049748,4,"TALET AVENUE",0,NULL,2,2,0,1,0,0,1,NULL,NULL,1,0,1,60
201900049748,27,10,2019,19:30:00,2,49,49007,2,1,2,3,"TALET AVENUE","47,4762800"," -0,5477200",201900049748,138 212 566,B01,1,1,0,2,0,0,5,NULL,201900049748,138 212 567,A01,1,1,1,1,1956,0,1,8,-1,-1," -1",-1,201900049748,4,"TALET AVENUE",0,NULL,2,2,0,1,0,0,1,NULL,NULL,1,0,1,60
201900050914,27,5,2019,13:25:00,1,29,29212,2,6,1,2,"Rond point François ARZEL","48,3819780"," -4,6094470",201900050914,138 210 429,B01,2,1,0,0,4,15,5,NULL,201900050914,138 210 428,A01,1,1,1,2,1952,2,1,-1,-1,0,0,-1,201900050914,4,"rue de la Trinité",NULL,NULL,2,2,1,1,(1),(1),1,NULL,NULL,1,9,1,50
201900050914,27,5,2019,13:25:00,1,29,29212,2,6,1,2,"Rond point François ARZEL","48,3819780"," -4,6094470",201900050914,138 210 429,B01,2,1,0,0,4,15,5,NULL,201900050914,138 210 429,B01,1,1,3,1,1988,1,2,-1,-1,0,0,-1,201900050914,4,"rue de la Trinité",NULL,NULL,2,2,1,1,(1),(1),1,NULL,NULL,1,9,1,50
201900051390,19,2,2019,23:40:00,5,75,75104,2,1,1,6,"RUE DES NONNAINS D HYERES","48,8540550","2,3584460",201900051390,138 209 513,A01,1,1,0,2,7,23,5,NULL,201900051390,138 209 513,A01,1,1,4,1,1963,5,8,8,-1,0,0,-1,201900051390,4,"RUE DES NONNAINS D HYERES",0,NULL,1,2,0,1,0,0,1,NULL,NULL,1,0,1,50
201900052345,30,3,2019,08:25:00,1,13,13211,2,1,1,2,"SAINT MENET (AVENUE DE)","43,2908900","5,4875100",201900052345,138 207 670,B01,0,1,0,0,0,0,0,NULL,201900052345,138 207 669,A01,1,1,1,2,1969,5,1,8,-1,-1," -1",-1,201900052345,4,"SAINT MENET (AVENUE DE)",0,NULL,2,2,0,4,1,0,1,NULL,NULL,1,0,1,50
201900052345,30,3,2019,08:25:00,1,13,13211,2,1,1,2,"SAINT MENET (AVENUE DE)","43,2908900","5,4875100",201900052345,138 207 670,B01,0,1,0,0,0,0,0,NULL,201900052345,138 207 670,B01,1,1,4,1,1949,5,2,0,-1,-1," -1",-1,201900052345,4,"SAINT MENET (AVENUE DE)",0,NULL,2,2,0,4,1,0,1,NULL,NULL,1,0,1,50
201900052866,15,5,2019,17:40:00,1,60,60513,2,2,1,1,"Sente de Sorel","49,2101106","2,3782787",201900052866,138 206 636,B01,0,1,0,2,7,1,5,NULL,201900052866,138 206 635,A01,1,1,1,2,1972,0,1,-1,-1,0,0,-1,201900052866,4,NULL,0,NULL,2,2,0,1,(1),(1),1,NULL,NULL,1,5,1,50
201900052866,15,5,2019,17:40:00,1,60,60513,2,2,1,1,"Sente de Sorel","49,2101106","2,3782787",201900052866,138 206 636,B01,0,1,0,2,7,1,5,NULL,201900052866,138 206 636,B01,1,1,4,1,2008,5,2,-1,-1,0,0,-1,201900052866,4,NULL,0,NULL,2,2,0,1,(1),(1),1,NULL,NULL,1,5,1,50
201900053692,23,9,2019,07:00:00,2,71,71270,2,1,1,3,"GAMBETTA (RUE)","46,3016967","4,8324924",201900053692,138 205 076,B01,2,1,1,0,1,1,0,NULL,201900053692,138 205 076,B01,1,1,4,1,2003,3,8,0,-1,-1," -1",-1,201900053692,4,"GAMBETTA (RUE)",0,NULL,2,2,0,2,0,0,1,NULL,NULL,2,0,1,50
201900053692,23,9,2019,07:00:00,2,71,71270,2,1,1,3,"GAMBETTA (RUE)","46,3016967","4,8324924",201900053692,138 205 076,B01,2,1,1,0,1,1,0,NULL,201900053692,138 205 077,A01,1,1,1,1,1958,0,8,0,-1,-1,0,-1,201900053692,4,"GAMBETTA (RUE)",0,NULL,2,2,0,2,0,0,1,NULL,NULL,2,0,1,50
201900054813,12,6,2019,17:19:00,1,10,10387,2,1,8,2,"ROBERT SCHUMANN (RUE)","48,3072000","4,0954000",201900054813,138 203 060,B01,2,1,0,2,5,26,5,NULL,201900054813,138 203 060,B01,1,1,3,1,2003,0,8,0,-1,-1," -1",-1,201900054813,4,"ROBERT SCHUMANN (RUE)",0,NULL,2,4,2,1,0,0,1,NULL,NULL,1,0,1,50
201900054813,12,6,2019,17:19:00,1,10,10387,2,1,8,2,"ROBERT SCHUMANN (RUE)","48,3072000","4,0954000",201900054813,138 203 060,B01,2,1,0,2,5,26,5,NULL,201900054813,138 203 061,A01,1,1,1,2,1972,4,1,0,-1,-1," -1",-1,201900054813,4,"ROBERT SCHUMANN (RUE)",0,NULL,2,4,2,1,0,0,1,NULL,NULL,1,0,1,50
201900056748,19,6,2019,07:15:00,1,75,75106,2,3,1,3,"BOULEVARD DU MONTPARNASSE","48,8461780","2,3178660",201900056748,138 199 444,B01,1,1,0,2,8,1,5,NULL,201900056748,138 199 442,A01,1,1,1,1,1964,5,1,0,-1,0,0,-1,201900056748,4,"BOULEVARD DU MONTPARNASSE",0,NULL,2,2,3,1,0,0,1,NULL,NULL,1,0,6,50
201900056748,19,6,2019,07:15:00,1,75,75106,2,3,1,3,"BOULEVARD DU MONTPARNASSE","48,8461780","2,3178660",201900056748,138 199 444,B01,1,1,0,2,8,1,5,NULL,201900056748,138 199 444,B01,1,1,4,1,1962,1,8,0,-1,0,0,-1,201900056748,4,"BOULEVARD DU MONTPARNASSE",0,NULL,2,2,3,1,0,0,1,NULL,NULL,1,0,6,50
201900056934,15,6,2019,01:34:00,5,75,75110,2,1,2,6,"RUE DU FAUBOURG POISSONNIERE","48,8769700","2,3488660",201900056934,138 199 104,A01,2,1,0,1,1,1,5,NULL,201900056934,138 199 104,A01,10,3,4,2,1960,5,8,0,-1,2,3,1,201900056934,4,"RUE DU FAUBOURG POISSONNIERE",0,NULL,2,1,1,2,0,0,1,NULL,NULL,2,9,5,50
201900056934,15,6,2019,01:34:00,5,75,75110,2,1,2,6,"RUE DU FAUBOURG POISSONNIERE","48,8769700","2,3488660",201900056934,138 199 104,A01,2,1,0,1,1,1,5,NULL,201900056934,138 199 104,A01,1,1,1,2,1992,5,2,4,-1,0,0,-1,201900056934,4,"RUE DU FAUBOURG POISSONNIERE",0,NULL,2,1,1,2,0,0,1,NULL,NULL,2,9,5,50
201900057493,25,3,2019,17:15:00,1,45,45067,2,1,1,6,"22 Rue du Cas Rouge","47,8805270","1,7710790",201900057493,138 198 094,A01,3,1,1,0,6,1,5,NULL,201900057493,138 198 094,A01,1,1,3,1,2006,5,0,-1,-1,0,0,-1,201900057493,4," 22 Rue du Cas Rouge",NULL,NULL,2,2,0,1,(1),(1),1,NULL,NULL,1,0,1,50